#timeI (float64)[1],PositionR (float64)[1],PositionZ (float64)[1]
-0.0010000000000000,0.0000000000000000,0.0000000000000000
-0.0008999909974793,0.0000000000000000,0.0000000000000000
-0.0007999819949586,0.0000000000000000,0.0000000000000000
-0.0006999729924379,0.0000000000000000,0.0000000000000000
-0.0005999639899172,0.0000000000000000,0.0000000000000000
-0.0004999549873965,0.0000000000000000,0.0000000000000000
-0.0003999459848758,0.0000000000000000,0.0000000000000000
-0.0002999369823551,0.0000000000000000,0.0000000000000000
-0.0001999279798344,0.0849971696734428,0.0849971696734428
-0.0000999189773136,0.0849971696734428,0.0849971696734428
0.0000000900252071,0.0849971696734428,0.0849971696734428
0.0001000990277278,0.0849971622228622,0.0849971696734428
0.0002001080302485,0.0849971696734428,0.0849971696734428
0.0003001170327692,0.0849971696734428,0.0849971696734428
0.0004001260352899,0.0849971696734428,0.0849971696734428
0.0005001350378106,0.0849971696734428,0.0849971696734428
0.0006001440403313,0.0849971696734428,0.0849971696734428
0.0007001530428520,0.0849971696734428,0.0849971696734428
0.0008001620453727,0.0849971696734428,0.0849971696734428
0.0009001710478934,0.0849971696734428,0.0849971696734428
0.0010001800504141,0.0849971696734428,0.0849971696734428
0.0011001890529348,0.0849971696734428,0.0849971696734428
0.0012001980554555,0.0849971696734428,0.0849971696734428
0.0013002070579762,0.0849971696734428,0.0849971696734428
0.0014002160604969,0.0849971696734428,0.0849971622228622
0.0015002250630176,0.0849971622228622,0.0849971622228622
0.0016002340655384,0.0849971473217010,0.0849971622228622
0.0017002430680591,0.0849971324205399,0.0849971622228622
0.0018002520705798,0.0849971175193787,0.0849971473217010
0.0019002610731005,0.0849970802664757,0.0849971398711205
0.0020002700756212,0.0849970504641533,0.0849971175193787
0.0021002790781419,0.0849969908595085,0.0849971100687981
0.0022002880806626,0.0849969610571861,0.0849970877170563
0.0023002970831833,0.0849968865513802,0.0849970728158951
0.0024003060857040,0.0849968492984772,0.0849970430135727
0.0025003150882247,0.0849967971444130,0.0849969834089279
0.0026003240907454,0.0849967375397682,0.0849969163537025
0.0027003330932661,0.0849965587258339,0.0849968492984772
0.0028003420957868,0.0849964618682861,0.0849967673420906
0.0029003510983075,0.0849963426589966,0.0849966928362846
0.0030003601008282,0.0849962830543518,0.0849965363740921
0.0031003691033489,0.0849961936473846,0.0849964171648026
0.0032003781058696,0.0849961563944817,0.0849963128566742
0.0033003871083903,0.0849960669875145,0.0849962681531906
0.0034003961109111,0.0849961489439011,0.0849960818886757
0.0035004051134318,0.0849961191415787,0.0849961265921593
0.0036004141159525,0.0849962010979652,0.0849960669875145
0.0037004231184732,0.0849961414933205,0.0849960893392563
0.0038004321209939,0.0849961936473846,0.0849962309002876
0.0039004411235146,0.0849961563944817,0.0849961489439011
0.0040004501260353,0.0849961936473846,0.0849960967898369
0.0041004591285560,0.0849962532520294,0.0849960818886757
0.0042004681310767,0.0849962532520294,0.0849961191415787
0.0043004771335974,0.0849962383508682,0.0849961191415787
0.0044004861361181,0.0849961936473846,0.0849961563944817
0.0045004951386388,0.0849961936473846,0.0849963128566742
0.0046005041411595,0.0849962234497070,0.0849957168102264
0.0047005131436802,0.0849961787462234,0.0849957615137100
0.0048005221462009,0.0849966928362846,0.0849970430135727
0.0049005311487216,0.0849961265921593,0.0849962234497070
0.0050005401512423,0.0849968120455742,0.0849971175193787
0.0051005491537631,0.0849986672401428,0.0849973931908607
0.0052005581562838,0.0849991887807846,0.0849973931908607
0.0053005671588045,0.0849993228912354,0.0849972069263458
0.0054005761613252,0.0849992632865906,0.0849971473217010
0.0055005851638459,0.0849993079900742,0.0849971100687981
0.0056005941663666,0.0849994868040085,0.0849970877170563
0.0057006031688873,0.0849994271993637,0.0849970728158951
0.0058006121714080,0.0849995315074921,0.0849970132112503
0.0059006211739287,0.0849994271993637,0.0849969908595085
0.0060006301764494,0.0849994570016861,0.0849968716502190
0.0061006391789701,0.0849993601441383,0.0849968791007996
0.0062006481814908,0.0849993973970413,0.0849967971444130
0.0063006571840115,0.0849993824958801,0.0849679186940193
0.0064006661865322,0.0849992781877518,0.0849673226475716
0.0065006751890529,0.0849990770220757,0.0849666595458984
0.0066006841915736,0.0849987417459488,0.0849659591913223
0.0067006931940943,0.0548156611621380,0.0289647094905376
0.0068007021966151,0.0526136606931686,0.0269294101744890
0.0069007111991358,0.0512123405933380,0.0253481809049845
0.0070007202016565,0.0498429089784622,0.0232036598026752
0.0071007292041772,0.0485766306519508,0.0208884608000517
0.0072007382066979,0.0468377992510796,0.0182593204081059
0.0073007472092186,0.0433539897203445,0.0154123501852155
0.0074007562117393,0.0403961502015591,0.0123884500935674
0.0075007652142600,0.0378362499177456,0.0091681089252234
0.0076007742167807,0.0355800017714500,0.0068028508685529
0.0077007832193014,0.0338260307908058,0.0038893409073353
0.0078007922218221,0.0326743908226490,0.0017173440428451
0.0079008012243428,0.0316726118326187,-0.0009306648862548
0.0080008102268635,0.0319787003099918,-0.0030384759884328
0.0081008192293842,0.0288548897951841,-0.0047419639304280
0.0082008282319049,0.0302239805459976,-0.0065664970315993
0.0083008372344256,0.0305775105953217,-0.0080922842025757
0.0084008462369463,0.0299558192491531,-0.0089628184214234
0.0085008552394671,0.0306117106229067,-0.0099084535613656
0.0086008642419878,0.0306813400238752,-0.0111978100612760
0.0087008732445085,0.0306229796260595,-0.0117347501218319
0.0088008822470292,0.0305864401161671,-0.0117737203836441
0.0089008912495499,0.0335862785577774,-0.0133308703079820
0.0090009002520706,0.0336178094148636,-0.0130268596112728
0.0091009092545913,0.0319334901869297,-0.0117948902770877
0.0092009182571120,0.0320693217217922,-0.0115236798301339
0.0093009272596327,0.0320092402398586,-0.0102975703775883
0.0094009362621534,0.0303625408560038,-0.0087361857295036
0.0095009452646741,0.0314841605722904,-0.0080529097467661
0.0096009542671948,0.0309524498879910,-0.0068252650089562
0.0097009632697155,0.0281828902661800,-0.0053704120218754
0.0098009722722362,0.0261301398277283,-0.0039880988188088
0.0099009812747569,0.0257483292371035,-0.0028622359968722
0.0100009902772776,0.0246850401163101,-0.0017518489621580
0.0101009992797983,0.0238231103867292,-0.0005429948796518
0.0102010082823191,0.0234555806964636,0.0003088362864219
0.0103010172848398,0.0215048007667065,0.0009459460270591
0.0104010262873605,0.0211948491632938,0.0017878219950944
0.0105010352898812,0.0198499504476786,0.0021615289151669
0.0106010442924019,0.0201618093997240,0.0028927859384567
0.0107010532949226,0.0194573700428009,0.0029590181075037
0.0108010622974433,0.0182851403951645,0.0032173020299524
0.0109010712999640,0.0179653391242027,0.0033614709973335
0.0110010803024847,0.0198292806744576,0.0031943360809237
0.0111010893050054,0.0190228503197432,0.0022600910160691
0.0112010983075261,0.0188284292817116,0.0021841549314559
0.0113011073100468,0.0183859802782536,0.0018666019896045
0.0114011163125675,0.0197091493755579,0.0016409989912063
0.0115011253150882,0.0181330591440201,0.0013003579806536
0.0116011343176089,0.0172037500888109,0.0011063669808209
0.0117011433201296,0.0204007495194674,0.0009400090784766
0.0118011523226503,0.0182543192058802,0.0010535760084167
0.0119011613251710,0.0185345895588398,0.0005562445730902
0.0120011703276918,0.0196834690868855,0.0002870832104236
0.0121011793302125,0.0189433991909027,0.0004296867991798
0.0122011883327332,0.0188844799995422,0.0001240490964847
0.0123011973352539,0.0209073107689619,-0.0003359401016496
0.0124012063377746,0.0199438203126192,-0.0004931779112667
0.0125012153402953,0.0198764391243458,-0.0006570012192242
0.0126012243428160,0.0193848703056574,-0.0004765402118210
0.0127012333453367,0.0203870404511690,-0.0010261520510539
0.0128012423478574,0.0199326593428850,-0.0009333348716609
0.0129012513503781,0.0190756004303694,-0.0008599503780715
0.0130012603528988,0.0188910998404026,-0.0007880536722951
0.0131012693554195,0.0196254309266806,-0.0012196030002087
0.0132012783579402,0.0200576093047857,-0.0012943289475515
0.0133012873604609,0.0193992108106613,-0.0007494264864363
0.0134012963629816,0.0202531199902296,-0.0007002042257227
0.0135013053655023,0.0189443398267031,-0.0006472017848864
0.0136013143680230,0.0195363797247410,-0.0004017699102405
0.0137013233705438,0.0218163393437862,-0.0004376209981274
0.0138013323730645,0.0205026194453239,-0.0002141469012713
0.0139013413755852,0.0201318599283695,0.0000432992492279
0.0140013503781059,0.0196873005479574,0.0001735543046379
0.0141013593806266,0.0209138691425323,-0.0001056900000549
0.0142013683831473,0.0206890497356653,-0.0000299707498925
0.0143013773856680,0.0214108806103468,-0.0002806065022014
0.0144013863881887,0.0219121705740690,-0.0002892403863370
0.0145013953907094,0.0208659991621971,-0.0002970063942485
0.0146014043932301,0.0199319999665022,-0.0000874358665897
0.0147014133957508,0.0220477599650621,-0.0003476807032712
0.0148014223982715,0.0214341692626476,-0.0003016229893547
0.0149014314007922,0.0194914005696774,-0.0002256503066747
0.0150014404033129,0.0213787592947483,-0.0000714421184966
0.0151014494058336,0.0216144993901253,0.0002629712107591
0.0152014584083543,0.0206872504204512,0.0002618606959004
0.0153014674108750,0.0228119809180498,0.0000728007798898
0.0154014764133958,0.0226793400943279,0.0001971646997845
0.0155014854159165,0.0213294494897127,0.0001431642012903
0.0156014944184372,0.0224961899220943,0.0000810249330243
0.0157015034209579,0.0217626690864563,0.0001996823993977
0.0158015124234786,0.0227202400565147,-0.0000313216914947
0.0159015214259993,0.0227298308163881,-0.0001788974041119
0.0160015304285200,0.0198576506227255,0.0000008326168199
0.0161015394310407,0.0213930606842041,-0.0002914996002801
0.0162015484335614,0.0227527692914009,-0.0004240148991812
0.0163015574360821,0.0216953400522470,-0.0003722159017343
0.0164015664386028,0.0214696191251278,-0.0006436763796955
0.0165015754411235,0.0217329207807779,-0.0006739625241607
0.0166015844436442,0.0218461304903030,-0.0006412303773686
0.0167015934461649,0.0238147508352995,-0.0005484084249474
0.0168016024486856,0.0221013892441988,-0.0002402670943411
0.0169016114512063,0.0226515103131533,0.0000456356101495
0.0170016204537270,0.0228852499276400,-0.0000902345273062
0.0171016294562478,0.0231092404574156,0.0000072874117905
0.0172016384587685,0.0238455496728420,0.0001883575023385
0.0173016474612892,0.0240889806300402,0.0001298220013268
0.0174016564638099,0.0241985507309437,-0.0000815983512439
0.0175016654663306,0.0254306606948376,0.0002162962045986
0.0176016744688513,0.0246135797351599,0.0000298834493151
0.0177016834713720,0.0229605101048946,0.0000153042692546
0.0178016924738927,0.0258486792445183,-0.0000354617513949
0.0179017014764134,0.0246448498219252,-0.0000919039885048
0.0180017104789341,0.0239783599972725,-0.0002060324040940
0.0181017194814548,0.0262697208672762,-0.0000688834916218
0.0182017284839755,0.0238093007355928,-0.0000524916613358
0.0183017374864962,0.0254841502755880,0.0000305157391267
0.0184017464890169,0.0254362802952528,0.0001090286968974
0.0185017554915376,0.0236284192651510,0.0000519208988408
0.0186017644940583,0.0252551194280386,0.0000601462415943
0.0187017734965790,0.0248268600553274,0.0001329858059762
0.0188017824990998,0.0239770691841841,0.0001557585928822
0.0189017915016205,0.0251463502645493,0.0000924962878344
0.0190018005041412,0.0241396296769381,-0.0001108650976676
0.0191018095066619,0.0248617008328438,0.0000885570989340
0.0192018185091826,0.0252050999552011,0.0000047007929425
0.0193018275117033,0.0255862604826689,-0.0002041060943156
0.0194018365142240,0.0260120797902346,-0.0004570382880047
0.0195018455167447,0.0262030009180307,-0.0004163151897956
0.0196018545192654,0.0256881006062031,-0.0005086709861644
0.0197018635217861,0.0271477308124304,-0.0004157306102570
0.0198018725243068,0.0266224890947342,-0.0004567886062432
0.0199018815268275,0.0279517006129026,-0.0004025234084111
0.0200018905293482,0.0281097106635571,-0.0001934226020239
0.0201018995318689,0.0269492994993925,0.0000476301102026
0.0202019085343896,0.0261762496083975,0.0002278510946780
0.0203019175369103,0.0283915791660547,0.0002261805930175
0.0204019265394310,0.0286965090781450,0.0001816009025788
0.0205019355419517,0.0305012091994286,0.0001142308028648
0.0206019445444725,0.0293912794440985,0.0001300838048337
0.0207019535469932,0.0294942893087864,0.0003174030862283
0.0208019625495139,0.0292826201766729,0.0002481871924829
0.0209019715520346,0.0283185299485922,0.0003321708936710
0.0210019805545553,0.0278218202292919,0.0000892269817996
0.0211019895570760,0.0272614806890488,0.0001592537009856
0.0212019985595967,0.0281699597835541,0.0001050490027410
0.0213020075621174,0.0277280993759632,0.0000367345091945
0.0214020165646381,0.0288784895092249,-0.0001168568996945
0.0215020255671588,0.0267450008541346,-0.0002289520052727
0.0216020345696795,0.0249992609024048,-0.0000584835615882
0.0217020435722002,0.0255404300987720,0.0002559499989729
0.0218020525747209,0.0268251206725836,0.0002657627046574
0.0219020615772416,0.0264077503234148,0.0004942339728586
0.0220020705797623,0.0280735306441784,0.0002193538966822
0.0221020795822830,0.0280615296214819,0.0001071301012416
0.0222020885848037,0.0269931703805923,0.0001341802999377
0.0223020975873245,0.0277631394565105,-0.0000424754616688
0.0224021065898452,0.0271538794040680,-0.0000318645106745
0.0225021155923659,0.0254395399242640,-0.0001222627033712
0.0226021245948866,0.0273286607116461,-0.0003150406118948
0.0227021335974073,0.0269663892686367,-0.0001887377002276
0.0228021425999280,0.0260505694895983,-0.0002232012047898
0.0229021516024487,0.0269316006451845,-0.0004500419017859
0.0230021606049694,0.0262620598077774,-0.0005043873097748
0.0231021696074901,0.0282918401062489,-0.0004855504957959
0.0232021786100108,0.0278882607817650,-0.0002965232997667
0.0233021876125315,0.0254514999687672,-0.0003096610889770
0.0234021966150522,0.0270695704966784,-0.0002008884039242
0.0235022056175729,0.0247466601431370,0.0000397419607907
0.0236022146200936,0.0249214190989733,-0.0000394493290514
0.0237022236226143,0.0274668000638485,0.0002572312077973
0.0238022326251350,0.0268633998930454,0.0003040398005396
0.0239022416276557,0.0246894303709269,0.0003278581134509
0.0240022506301765,0.0259986892342567,0.0002493931096978
0.0241022596326972,0.0263681802898645,0.0004467485996429
0.0242022686352179,0.0251834802329540,0.0005261679179966
0.0243022776377386,0.0256742201745510,0.0000518211381859
0.0244022866402593,0.0254643000662327,0.0001383911003359
0.0245022956427800,0.0261945705860853,-0.0003463675093371
0.0246023046453007,0.0255237407982349,-0.0001611076004338
0.0247023136478214,0.0242505297064781,-0.0001955157931661
0.0248023226503421,0.0247617103159428,-0.0000276117498288
0.0249023316528628,0.0248286407440901,0.0001644909061724
0.0250023406553835,0.0247613005340099,0.0004323082102928
0.0251023496579042,0.0260019693523645,0.0001570976019138
0.0252023586604249,0.0257805697619915,0.0003085446078330
0.0253023676629456,0.0244292505085468,0.0002134896931238
0.0254023766654663,0.0256101191043854,0.0001836316951085
0.0255023856679870,0.0233311206102371,0.0001058104026015
0.0256023946705077,0.0234381090849638,0.0001853146968642
0.0257024036730285,0.0245935209095478,0.0002697365125641
0.0258024126755492,0.0240921508520842,0.0000292883305519
0.0259024216780699,0.0245597697794437,0.0000681875026203
0.0260024306805906,0.0248342007398605,-0.0000679066506564
0.0261024396831113,0.0235158894211054,0.0000036317051126
0.0262024486856320,0.0237297397106886,-0.0003526534128468
0.0263024576881527,0.0238032694905996,-0.0003212777082808
0.0264024666906734,0.0230571907013655,-0.0005339179188013
0.0265024756931941,0.0231149792671204,-0.0003563397913240
0.0266024846957148,0.0240782499313354,-0.0003588492982090
0.0267024936982355,0.0247051697224379,-0.0001262964942725
0.0268025027007562,0.0253856293857098,-0.0003369704063516
0.0269025117032769,0.0246619004756212,0.0000437395901827
0.0270025207057976,0.0257986895740032,0.0000635058167973
0.0271025297083183,0.0257387794554234,0.0001788116060197
0.0272025387108390,0.0241364091634750,0.0001346156059299
0.0273025477133597,0.0258023198693991,0.0002772384032141
0.0274025567158805,0.0259217098355293,0.0002705834922381
0.0275025657184012,0.0248907599598169,0.0001736794947647
0.0276025747209219,0.0254588201642036,-0.0000849386124173
0.0277025837234426,0.0254245698451996,-0.0000541969311598
0.0278025927259633,0.0244013592600822,-0.0001247114996659
0.0279026017284840,0.0256354492157698,-0.0002789187128656
0.0280026107310047,0.0236435607075691,-0.0002537686959840
0.0281026197335254,0.0254567507654428,-0.0002503425930627
0.0282026287360461,0.0237981006503105,-0.0001137818981078
0.0283026377385668,0.0233567394316196,0.0001754391996656
0.0284026467410875,0.0232660192996264,0.0001052044972312
0.0285026557436082,0.0251355692744255,0.0002358774945606
0.0286026647461289,0.0251726396381855,0.0002346003020648
0.0287026737486496,0.0264064203947783,0.0001930957951117
0.0288026827511703,0.0252741891890764,0.0002007871953538
0.0289026917536910,0.0256901793181896,0.0002193499967689
0.0290027007562117,0.0251541901379824,0.0002450663887430
0.0291027097587324,0.0247182101011276,0.0002661047037691
0.0292027187612532,0.0235300306230783,-0.0000526748408447
0.0293027277637739,0.0259143896400928,-0.0000399634081987
0.0294027367662946,0.0251665394753218,-0.0001748375070747
0.0295027457688153,0.0268097594380379,-0.0004846836091019
0.0296027547713360,0.0256501007825136,-0.0003910853120033
0.0297027637738567,0.0272736009210348,-0.0005297138122842
0.0298027727763774,0.0261431001126766,-0.0004666032909881
0.0299027817788981,0.0245334096252918,-0.0003799822879955
0.0300027907814188,0.0242391191422939,-0.0002526690077502
0.0301027997839395,0.0252510104328394,-0.0002014636993408
0.0302028087864602,0.0253558102995157,0.0000767367309891
0.0303028177889809,0.0247707795351744,-0.0000699862575857
0.0304028267915016,0.0242897495627403,0.0002001746033784
0.0305028357940223,0.0233636293560266,0.0003302611876279
0.0306028447965430,0.0243255198001862,0.0002427329018246
0.0307028537990637,0.0236039999872446,0.0001458262995584
0.0308028628015844,0.0229402408003807,0.0003472933894955
0.0309028718041052,0.0237953793257475,0.0001673024962656
0.0310028808066259,0.0233368296176195,0.0003202221123502
0.0311028898091466,0.0257754307240248,0.0000507672702952
0.0312028988116673,0.0257754307240248,0.0001367897057207
0.0313029078141880,0.0239579696208239,-0.0000244769707933
0.0314029168167087,0.0261442195624113,0.0000096105168268
0.0315029258192294,0.0242261309176683,-0.0000582898683206
0.0316029348217501,0.0252930894494057,0.0001636381930439
0.0317029438242708,0.0261098202317953,0.0000353517098119
0.0318029528267915,0.0255346801131964,0.0001046831021085
0.0319029618293122,0.0252805799245834,0.0001533145987196
0.0320029708318329,0.0253518894314766,0.0000513468694407
0.0321029798343536,0.0320886485278606,-0.0006450223736465
0.0322029888368743,0.0333685092628002,-0.0012597739696503
0.0323029978393950,0.0399574898183346,-0.0030685169622302
0.0324030068419157,0.0453184582293034,-0.0050576860085130
0.0325030158444364,0.0475163497030735,-0.0083185723051429
0.0326030248469572,0.0452746301889420,-0.0124700004234910
0.0327030338494779,0.0294975303113461,-0.0133201098069549
0.0328030428519986,0.0849982574582100,0.0849614962935448
0.0329030518545193,0.0849970132112503,0.0849965736269951
0.0330030608570400,0.0849970281124115,0.0849972590804100
0.0331030698595607,0.0849960595369339,0.0849979370832443
0.0332030788620814,0.0849951133131981,0.0849980935454369
0.0333030878646021,0.0849954634904861,0.0849978104233742
0.0334030968671228,0.0411172285676003,-0.0291849002242088
0.0335031058696435,0.0362159907817841,-0.0170062892138958
0.0336031148721642,0.0330252982676029,-0.0119066098704934
0.0337031238746849,0.0296872295439243,-0.0082861045375466
0.0338031328772056,0.0260883793234825,-0.0054952669888735
0.0339031418797263,0.0241421591490507,-0.0035668651107699
0.0340031508822470,0.0230232998728752,-0.0018248970154673
0.0341031598847677,0.0214664600789547,-0.0002070226037176
0.0342031688872885,0.0211735907942057,0.0011857510544360
0.0343031778898091,0.0212121307849884,0.0020655388943851
0.0344031868923299,0.0213907193392515,0.0028110349085182
0.0345031958948506,0.0212162397801876,0.0031783808954060
0.0346032048973713,0.0210614595562220,0.0033539559226483
0.0347032138998920,0.0222099199891090,0.0037388741038740
0.0348032229024127,0.0209170095622540,0.0033821009565145
0.0349032319049334,0.0215672794729471,0.0033388428855687
0.0350032409074541,0.0202680993825197,0.0025919780600816
0.0351032499099748,0.0210327096283436,0.0023743750061840
0.0352032589124955,0.0217810794711113,0.0022330461069942
0.0353032679150162,0.0226713195443153,0.0023287099320441
0.0354032769175369,0.0216010306030512,0.0019244039431214
0.0355032859200576,0.0228771492838860,0.0020582131110132
0.0356032949225783,0.0235799308866262,0.0020999959670007
0.0357033039250990,0.0223615095019341,0.0014860510127619
0.0358033129276197,0.0234000198543072,0.0013979870127514
0.0359033219301404,0.0244264993816614,0.0011187440250069
0.0360033309326611,0.0251280106604099,0.0007820582250133
0.0361033399351819,0.0240201391279697,0.0004884533118457
0.0362033489377026,0.0255980491638184,0.0005246861837804
0.0363033579402233,0.0247551705688238,0.0004011222918052
0.0364033669427440,0.0264632999897003,0.0006314290803857
0.0365033759452647,0.0255427993834019,0.0006369724869728
0.0366033849477854,0.0276842806488276,0.0008081495179795
0.0367033939503061,0.0279759392142296,0.0004105925036129
0.0368034029528268,0.0293331407010555,0.0004366168868728
0.0369034119553475,0.0290961191058159,0.0000022173239813
0.0370034209578682,0.0320571400225163,-0.0000939898527577
0.0371034299603889,0.0313634313642979,-0.0002983890881296
0.0372034389629096,0.0351327508687973,-0.0001785594940884
0.0373034479654303,0.0349679887294769,-0.0001047664991347
0.0374034569679510,0.0395199991762638,0.0005565115134232
0.0375034659704717,0.0394890196621418,0.0006665117107332
0.0376034749729924,0.0439810417592525,0.0012364049907774
0.0377034839755132,0.0439438298344612,0.0011953370412812
0.0378034929780338,0.0494293682277203,0.0018643180374056
0.0379035019805546,0.0488727912306786,0.0014852599706501
0.0380035109830753,0.0540659502148628,0.0014323820360005
0.0381035199855960,0.0537268295884132,0.0011176039697602
0.0382035289881167,0.0530162900686264,0.0007401292095892
0.0383035379906374,0.0564247705042362,0.0005328346160240
0.0384035469931581,0.0585902407765388,0.0006534305866808
0.0385035559956788,0.0588036701083183,0.0004308130010031
0.0386035649981995,0.0552951507270336,0.0003327733138576
0.0387035740007202,0.0552069209516048,0.0003544939972926
0.0388035830032409,0.0480520017445087,-0.0002560121065471
0.0389035920057616,0.0528958886861801,-0.0000879380386323
0.0390036010082823,0.0513425283133984,-0.0004256624961272
0.0391036100108030,0.0466876290738583,-0.0010229879990220
0.0392036190133237,0.0411696694791317,-0.0016061690403149
0.0393036280158444,0.0397286489605904,-0.0015340939862654
0.0394036370183651,0.0342950783669949,-0.0016570610459894
0.0395036460208859,0.0340056382119656,-0.0012449870118871
0.0396036550234066,0.0348469093441963,-0.0009208191186190
0.0397036640259273,0.0346430502831936,-0.0006089382804930
0.0398036730284480,0.0368743203580379,-0.0004062112129759
0.0399036820309687,0.0361501909792423,-0.0004196579102427
0.0400036910334894,0.0388777107000351,-0.0001425280934200
0.0401037000360101,0.0418700389564037,0.0000433096101915
0.0402037090385308,0.0449046008288860,0.0002499523106962
0.0403037180410515,0.0427930913865566,-0.0000706719729351
0.0404037270435722,0.0463661998510361,0.0003979835018981
0.0405037360460929,0.0436501391232014,0.0004260276909918
0.0406037450486136,0.0474510118365288,0.0009238360216841
0.0407037540511343,0.0494654811918736,0.0010410449467599
0.0408037630536550,0.0458660013973713,0.0006856048712507
0.0409037720561757,0.0503834709525108,0.0010530300205573
0.0410037810586964,0.0480601489543915,0.0006200146744959
0.0411037900612171,0.0518088303506374,0.0006876079714857
0.0412037990637379,0.0555399581789970,0.0011683750199154
0.0413038080662586,0.0512234605848789,0.0007434540893883
0.0414038170687793,0.0553121902048588,0.0010474410373718
0.0415038260713000,0.0537431091070175,0.0009014980751090
0.0416038350738207,0.0557578504085541,0.0009222620283253
0.0417038440763414,0.0542207509279251,0.0008026434807107
0.0418038530788621,0.0570743381977081,0.0007644370198250
0.0419038620813828,0.0600680783390999,0.0006039579166099
0.0420038710839035,0.0599526017904282,0.0003536164877005
0.0421038800864242,0.0564162097871304,-0.0002140910946764
0.0422038890889449,0.0471954792737961,-0.0009464489994571
0.0423038980914656,0.0455685704946518,-0.0009728266159073
0.0424039070939863,0.0438012890517712,-0.0012318169465289
0.0425039160965070,0.0207768995314837,-0.0031058010645211
0.0426039250990277,0.0177360996603966,-0.0031580240465701
0.0427039341015484,0.0191921498626471,-0.0025105420500040
0.0428039431040691,0.0196344107389450,-0.0020909179002047
0.0429039521065899,0.0188555102795362,-0.0018788500456139
0.0430039611091106,0.0185210797935724,-0.0014239279553294
0.0431039701116313,0.0188625101000071,-0.0011761629721150
0.0432039791141520,0.0209411308169365,-0.0006581739871763
0.0433039881166727,0.0220670904964209,-0.0004168860032223
0.0434039971191934,0.0201258007436991,-0.0003341757110320
0.0435040061217141,0.0208653900772333,0.0000500806017953
0.0436040151242348,0.0224691908806562,0.0004769804072566
0.0437040241267555,0.0215936601161957,0.0003402224101592
0.0438040331292762,0.0239232294261456,0.0005781719228253
0.0439040421317969,0.0223150607198477,0.0002672917034943
0.0440040511343176,0.0246426798403263,0.0008332125726156
0.0441040601368383,0.0227331593632698,0.0004822449991480
0.0442040691393590,0.0242169108241796,0.0007627796730958
0.0443040781418797,0.0234089791774750,0.0008832162711769
0.0444040871444004,0.0231718793511391,0.0009725809795782
0.0445040961469211,0.0230717994272709,0.0008959397091530
0.0446041051494419,0.0224030707031488,0.0010365999769419
0.0447041141519626,0.0225469805300236,0.0010688239708543
0.0448041231544833,0.0257833804935217,0.0011245140340179
0.0449041321570040,0.0227619707584381,0.0002128750929842
0.0450041411595247,0.0200565792620182,-0.0000795068990556
0.0451041501620454,0.0220010392367840,-0.0001097287968150
0.0452041591645661,0.0056479340419173,-0.0018674930324778
0.0453041681670868,-0.0199129898101091,-0.0046262750402093
0.0454041771696075,-0.0242014508694410,-0.0049321982078254
0.0455041861721282,-0.0235398299992085,-0.0042922860011458
0.0456041951746489,-0.0213491506874561,-0.0035531430039555
0.0457042041771696,-0.0211544893682003,-0.0031862088944763
0.0458042131796903,-0.0227986797690392,-0.0028085110243410
0.0459042221822110,-0.0223322603851557,-0.0024335810448974
0.0460042311847317,-0.0210060607641935,-0.0017884549451992
0.0461042401872524,-0.0198955498635769,-0.0014320859918371
0.0462042491897731,-0.0184923391789198,-0.0013582529500127
0.0463042581922938,-0.0177452806383371,-0.0004323339089751
0.0464042671948146,-0.0172096006572247,0.0003801164857578
0.0465042761973353,-0.0169373005628586,0.0006640909123234
0.0466042851998560,-0.0163600891828537,0.0005761536885984
0.0467042942023767,-0.0155020300298929,0.0007583564147353
0.0468043032048974,-0.0139928199350834,0.0008994158124551
0.0469043122074181,-0.0127930399030447,0.0008284507202916
0.0470043212099388,-0.0114689199253917,0.0009331299806945
0.0471043302124595,-0.0106178196147084,0.0008088328177109
0.0472043392149802,-0.0091567095369101,0.0009277897770517
0.0473043482175009,-0.0080725643783808,0.0010616090148687
0.0474043572200216,-0.0079234009608626,0.0009093853877857
0.0475043662225423,-0.0078410217538476,0.0008533708751202
0.0476043752250630,-0.0070915371179581,0.0006974590942264
0.0477043842275837,-0.0067436699755490,0.0006093701231293
0.0478043932301044,-0.0053935158066452,0.0005681681795977
0.0479044022326251,-0.0040413062088192,0.0006602851790376
0.0480044112351458,-0.0033368419390172,0.0007241268176585
0.0481044202376666,-0.0021333529148251,0.0006817259127274
0.0482044292401873,-0.0019122050143778,0.0002476866065990
0.0483044382427080,0.0002270219993079,0.0003025670011993
0.0484044472452287,0.0018824579892680,0.0002881308028009
0.0485044562477494,0.0032609528861940,0.0002529050107114
0.0486044652502701,0.0029180420096964,0.0000007564249813
0.0487044742527908,0.0042687109671533,-0.0000490372294735
0.0488044832553115,0.0046533350832760,-0.0003030727966689
0.0489044922578322,0.0041793370619416,-0.0004041004867759
0.0490045012603529,0.0043000788427889,-0.0003045042103622
0.0491045102628736,0.0033827610313892,-0.0003680643858388
0.0492045192653943,0.0029136280063540,-0.0004818254092243
0.0493045282679150,0.0036000949330628,-0.0003818566910923
0.0494045372704357,0.0038728949148208,-0.0001955409970833
0.0495045462729564,0.0050752297975123,-0.0000469096594315
0.0496045552754771,0.0073720570653677,0.0002681013138499
0.0497045642779978,0.0067554148845375,0.0001864866062533
0.0498045732805186,0.0075264191254973,-0.0000387036488974
0.0499045822830393,0.0048659490421414,-0.0006704481784254
0.0500045912855600,0.0046326760202646,-0.0006400942802429
0.0501046002880807,0.0036859039682895,-0.0004428651882336
0.0502046092906014,0.0049863387830555,-0.0004881038039457
0.0503046182931221,0.0057108919136226,-0.0006072808173485
0.0504046272956428,0.0062249940820038,-0.0005253694835119
0.0505046362981635,0.0058438079431653,-0.0006009549251758
0.0506046453006842,0.0053460369817913,-0.0004837588930968
0.0507046543032049,0.0051834168843925,-0.0003946461074520
0.0508046633057256,0.0060935858637094,-0.0000744190983824
0.0509046723082463,0.0072222198359668,0.0001063036033884
0.0510046813107670,0.0082514686509967,0.0004756276903208
0.0511046903132877,0.0085054812952876,0.0003187535912730
0.0512046993158084,0.0086206635460258,0.0007575295167044
0.0513047083183291,0.0081787323579192,0.0005342094227672
0.0514047173208498,0.0094345910474658,0.0008634232799523
0.0515047263233705,0.0102169401943684,0.0006834004889242
0.0516047353258913,0.0111626498401165,0.0005689837853424
0.0517047443284120,0.0109210796654224,0.0005471134791151
0.0518047533309327,0.0107735097408295,0.0001779794984031
0.0519047623334534,0.0098826773464680,0.0001006145976135
0.0520047713359741,0.0100475102663040,-0.0000763558709878
0.0521047803384948,0.0107554299756885,-0.0002240934991278
0.0522047893410155,0.0108309099450707,-0.0003715216880664
0.0523047983435362,0.0119794001802802,-0.0001859652984422
0.0524048073460569,0.0114872697740793,-0.0002331360010430
0.0525048163485776,0.0124210901558399,0.0001555141934659
0.0526048253510983,0.0124341100454330,0.0002131189976353
0.0527048343536190,0.0129972603172064,0.0000866248519742
0.0528048433561397,0.0118717001751065,0.0001315292029176
0.0529048523586604,0.0133126601576805,0.0000935579009820
0.0530048613611811,0.0128310397267342,0.0000217364995478
0.0531048703637018,0.0116785299032927,0.0000417213086621
0.0532048793662225,0.0116691803559661,-0.0000835503669805
0.0533048883687433,0.0122402301058173,-0.0000773100327933
0.0534048973712640,0.0132119404152036,0.0000020245249743
0.0535049063737847,0.0139542203396559,-0.0001591920008650
0.0536049153763054,0.0140143102034926,-0.0001475346070947
0.0537049243788261,0.0145046096295118,-0.0004789101949427
0.0538049333813468,0.0134620200842619,-0.0002032915072050
0.0539049423838675,0.0138700101524591,-0.0002050236071227
0.0540049513863882,0.0135288396850228,-0.0002236369036837
0.0541049603889089,0.0143897803500295,-0.0004583103000186
0.0542049693914296,0.0150727098807693,-0.0003412308869883
0.0543049783939503,0.0160527806729078,-0.0000139232997753
0.0544049873964710,0.0157968495041132,-0.0000471322309750
0.0545049963989917,0.0156336501240730,0.0002321214997210
0.0546050054015124,0.0165419802069664,0.0004062604857609
0.0547050144040331,0.0165506191551685,0.0005289264954627
0.0548050234065538,0.0179664604365826,0.0004506894038059
0.0549050324090746,0.0183536391705275,0.0001458574988646
0.0550050414115953,0.0188190396875143,0.0003900958108716
0.0551050504141160,0.0191960893571377,0.0000593697914155
0.0552050594166367,0.0190972406417131,0.0000530034485564
0.0553050684191574,0.0195624008774757,0.0000141176897159
0.0554050774216781,0.0194775592535734,-0.0002119045966538
0.0555050864241988,0.0209455993026495,0.0000406336002925
0.0556050954267195,0.0209209397435188,-0.0000728644081391
0.0557051044292402,0.0228107906877995,-0.0000288685496344
0.0558051134317609,0.0219398401677608,0.0000160036506713
0.0559051224342816,0.0226625800132751,0.0002798324858304
0.0560051314368023,0.0231634508818388,0.0003880159929395
0.0561051404393230,0.0234514996409416,0.0005071451887488
0.0562051494418437,0.0242548398673534,0.0004115212068427
0.0563051584443644,0.0252407807856798,0.0005303514190018
0.0564051674468851,0.0274209808558226,0.0008414058829658
0.0565051764494058,0.0260474793612957,0.0006742440164089
0.0566051854519265,0.0278694797307253,0.0009059258736670
0.0567051944544473,0.0274844393134117,0.0007458180189133
0.0568052034569680,0.0282726008445024,0.0005188821232878
0.0569052124594887,0.0296741798520088,0.0005186066264287
0.0570052214620094,0.0306065008044243,0.0005259503959678
0.0571052304645301,0.0311978291720152,0.0005269664106891
0.0572052394670508,0.0297306906431913,0.0002400572993793
0.0573052484695715,0.0316693298518658,0.0002366432017880
0.0574052574720922,0.0318334996700287,0.0003580895136110
0.0575052664746129,0.0347958505153656,0.0006115441210568
0.0576052754771336,0.0331607498228550,0.0000800124907983
0.0577052844796543,0.0317716300487518,0.0000420285905420
0.0578052934821750,0.0340053811669350,0.0001826962979976
0.0579053024846957,0.0338895916938782,0.0002591107913759
0.0580053114872164,0.0362525992095470,0.0005845985724591
0.0581053204897371,0.0363494306802750,0.0006555456784554
0.0582053294922578,0.0353296287357807,0.0003935571876355
0.0583053384947785,0.0374498516321182,0.0004609950992744
0.0584053474972993,0.0367764085531235,0.0002344898966840
0.0585053564998200,0.0354795381426811,-0.0001756259007379
0.0586053655023407,0.0374947711825371,-0.0001809401001083
0.0587053745048614,0.0378717891871929,-0.0005603380850516
0.0588053835073821,0.0405141189694405,-0.0010390450479463
0.0589053925099028,0.0418562404811382,-0.0011660209856927
0.0590054015124235,0.0409947410225868,-0.0016247259918600
0.0591054105149442,0.0451246909797192,-0.0011580570135266
0.0592054195174649,0.0491235181689262,0.0001158705999842
0.0593054285199856,0.0538002587854862,0.0019694510847330
0.0594054375225063,0.0397682115435600,-0.0004794415144715
0.0595054465250270,0.0314883887767792,0.0030302109662443
0.0596054555275477,0.0849973484873772,0.0849967971444130
0.0597054645300684,0.0849972367286682,0.0849967077374458
0.0598054735325891,0.0849976092576981,0.0849972292780876
0.0599054825351098,0.0849975571036339,0.0849970877170563
0.0600054915376305,0.0849978476762772,0.0849720388650894
0.0601055005401512,0.0397662110626698,0.0281248204410076
0.0602055095426720,0.0359541401267052,0.0235837996006012
0.0603055185451927,0.0332355983555317,0.0200636908411980
0.0604055275477134,0.0300221201032400,0.0171679202467203
0.0605055365502341,0.0265950094908476,0.0144935296848416
0.0606055455527548,0.0241267103701830,0.0120365601032972
0.0607055545552755,0.0215339604765177,0.0095964083448052
0.0608055635577962,0.0209984499961138,0.0067730508744717
0.0609055725603169,0.0200697500258684,0.0042429990135133
0.0610055815628376,0.0202200692147017,0.0019657739903778
0.0611055905653583,0.0203027501702309,-0.0001999035011977
0.0612055995678790,0.0193004291504622,-0.0016342409653589
0.0613056085703997,0.0195853300392628,-0.0033955150283873
0.0614056175729204,0.0193161200731993,-0.0047316001728177
0.0615056265754411,0.0204814206808805,-0.0065646911971271
0.0616056355779618,0.0211631003767252,-0.0079252403229475
0.0617056445804825,0.0215389393270016,-0.0082180937752128
0.0618056535830033,0.0231224391609430,-0.0089488476514816
0.0619056625855240,0.0220721308141947,-0.0086136916652322
0.0620056715880447,0.0234152302145958,-0.0092024486511946
0.0621056805905654,0.0251912493258715,-0.0094503490254283
0.0622056895930861,0.0262795202434063,-0.0089525813236833
0.0623056985956068,0.0257383305579424,-0.0077510629780591
0.0624057075981275,0.0253880992531776,-0.0067461067810655
0.0625057166006482,0.0260534901171923,-0.0057665370404720
0.0626057256031689,0.0274018291383982,-0.0051083029247820
0.0627057346056896,0.0264832992106676,-0.0040492718107998
0.0628057436082103,0.0279308203607798,-0.0035383179783821
0.0629057526107310,0.0276304595172405,-0.0025732009671628
0.0630057616132517,0.0290232002735138,-0.0023348159156740
0.0631057706157724,0.0305287204682827,-0.0017999929841608
0.0632057796182931,0.0301442798227072,-0.0010709470370784
0.0633057886208138,0.0311465002596378,-0.0002026583970292
0.0634057976233345,0.0317129492759705,0.0002462989068590
0.0635058066258552,0.0347687602043152,0.0007542216917500
0.0636058156283759,0.0336843095719814,0.0013339970028028
0.0637058246308967,0.0361982397735119,0.0015187090029940
0.0638058336334174,0.0358172394335270,0.0016168820438907
0.0639058426359381,0.0388138107955456,0.0014765029773116
0.0640058516384588,0.0402331389486790,0.0011854739859700
0.0641058606409795,0.0418677218258381,0.0011030109599233
0.0642058696435002,0.0442749410867691,0.0003636729088612
0.0643058786460209,0.0362082608044147,0.0014603170566261
0.0644058876485416,0.0384911112487316,0.0015235249884427
0.0645058966510623,0.0367901511490345,0.0012950949603692
0.0646059056535830,0.0400381013751030,0.0008136032265611
0.0647059146561037,0.0385644696652889,0.0009261292289011
0.0648059236586244,0.0418454818427563,0.0005396425258368
0.0649059326611451,0.0405746102333069,0.0004584481939673
0.0650059416636658,0.0354405902326107,0.0013081190409139
0.0651059506661865,0.0190653093159199,0.0034403640311211
0.0652059596687073,0.0130844796076417,0.0041378829628229
0.0653059686712280,0.0130778895691037,0.0037958440370858
0.0654059776737487,0.0115452697500587,0.0034700860269368
0.0655059866762694,0.0134714497253299,0.0031758879777044
0.0656059956787901,0.0128085603937507,0.0026375509332865
0.0657060046813108,0.0148668698966503,0.0017647589556873
0.0658060136838315,0.0131046297028661,0.0013482340145856
0.0659060226863522,0.0137481195852160,0.0007409863173962
0.0660060316888729,0.0117313796654344,0.0003259018994868
0.0661060406913936,0.0126318801194429,-0.0004430923145264
0.0662060496939143,0.0114699397236109,-0.0006812232895754
0.0663060586964350,0.0107910903170705,-0.0008319981861860
0.0664060676989557,0.0104730995371938,-0.0009195025195368
0.0665060767014764,0.0122077101841569,-0.0009788174647838
0.0666060857039971,0.0113366199657321,-0.0008798097842373
0.0667060947065178,0.0127902803942561,-0.0009090076200664
0.0668061037090385,0.0122800301760435,-0.0010753340320662
0.0669061127115592,0.0131655903533101,-0.0011473919730633
0.0670061217140799,0.0129693895578384,-0.0010634120553732
0.0671061307166007,0.0123203201219440,-0.0009024764876813
0.0672061397191214,0.0120079396292567,-0.0009718816145323
0.0673061487216421,0.0131294904276729,-0.0011530029587448
0.0674061577241628,0.0118943797424436,-0.0004418827884365
0.0675061667266835,0.0093700122088194,0.0000247048101301
0.0676061757292042,0.0080217951908708,0.0003420920984354
0.0677061847317249,0.0079096527770162,0.0004152579931542
0.0678061937342456,0.0071737240068614,0.0003855103859678
0.0679062027367663,0.0071294452063739,0.0002361274964642
0.0680062117392870,0.0049753230996430,0.0002799684880301
0.0681062207418077,0.0044826990924776,0.0001756560959620
0.0682062297443284,0.0042880182154477,0.0002262415946461
0.0683062387468491,0.0022970039863139,0.0004585444112308
0.0684062477493698,0.0011136600514874,0.0005503146094270
0.0685062567518905,0.0020989319309592,0.0008162547019310
0.0686062657544112,0.0035904978867620,0.0007282702717930
0.0687062747569319,0.0027756069321185,0.0007081176154315
0.0688062837594526,0.0034469768870622,0.0004111590096727
0.0689062927619734,0.0033384710550308,0.0002179011062253
0.0690063017644941,0.0045706550590694,-0.0003037154092453
0.0691063107670148,0.0039954558014870,-0.0003951370890718
0.0692063197695355,0.0041097779758275,-0.0006472668028437
0.0693063287720562,0.0038927560672164,-0.0007079229108058
0.0694063377745769,-0.0006140294135548,-0.0001579997042427
0.0695063467770976,-0.0028940730262548,0.0002035134966718
0.0696063557796183,-0.0031422309111804,0.0001109767035814
0.0697063647821390,-0.0024508410133421,-0.0000592008400417
0.0698063737846597,-0.0015360909746960,-0.0003381391870789
0.0699063827871804,-0.0013119409559295,-0.0003992801066488
0.0700063917897011,-0.0007393998093903,-0.0004909526905976
0.0701064007922218,-0.0000689431108185,-0.0007125972770154
0.0702064097947425,0.0008880192181095,-0.0006891682278365
0.0703064187972633,0.0005042533739470,-0.0005302450153977
0.0704064277997840,0.0005410147714429,-0.0003256215131842
0.0705064368023046,0.0013540210202336,-0.0001975216000574
0.0706064458048253,0.0017577520338818,-0.0003155992017128
0.0707064548073461,0.0029763879720122,-0.0004624197026715
0.0708064638098668,0.0020365531090647,-0.0000864102985361
0.0709064728123875,0.0031544840894639,-0.0006200026837178
0.0710064818149082,0.0026930510066450,-0.0006448419881053
0.0711064908174289,0.0036347128916532,-0.0008184614125639
0.0712064998199496,0.0051565021276474,-0.0012064409675077
0.0713065088224703,0.0066369259729981,-0.0014186489861459
0.0714065178249910,0.0055290181189775,-0.0009143280913122
0.0715065268275117,0.0062953378073871,-0.0008254345739260
0.0716065358300324,0.0051976707763970,-0.0003583270881791
0.0717065448325531,0.0063479938544333,-0.0003074688138440
0.0718065538350738,0.0072073061019182,-0.0003370904887561
0.0719065628375945,0.0089436341077089,-0.0004853754071519
0.0720065718401152,0.0089946463704109,-0.0002179672010243
0.0721065808426360,0.0089504467323422,-0.0004114558105357
0.0722065898451567,0.0095204338431358,-0.0005769997951575
0.0723065988476774,0.0114660300314426,-0.0005566516192630
0.0724066078501981,0.0107785295695066,-0.0006770725012757
0.0725066168527188,0.0113763799890876,-0.0002894350909628
0.0726066258552395,0.0106064500287175,-0.0002009771997109
0.0727066348577602,0.0112849501892924,-0.0002661714097485
0.0728066438602809,0.0126299802213907,-0.0005447766161524
0.0729066528628016,0.0126647399738431,-0.0005820927908644
0.0730066618653223,0.0128702297806740,-0.0006017375853844
0.0731066708678430,0.0132680097594857,-0.0008031760226004
0.0732066798703637,0.0149986799806356,-0.0010438610333949
0.0733066888728844,0.0154763301834464,-0.0008652419201098
0.0734066978754051,0.0164846908301115,-0.0006986990920268
0.0735067068779258,0.0163015294820070,-0.0005091808852740
0.0736067158804465,0.0162794403731823,0.0002611085074022
0.0737067248829672,0.0157334599643946,0.0000953229682636
0.0738067338854879,0.0171070192009211,0.0000318302300002
0.0739067428880087,0.0178878307342529,0.0000053819690038
0.0740067518905294,0.0193192493170500,-0.0000823452792247
0.0741067608930501,0.0184962693601847,-0.0002722860954236
0.0742067698955708,0.0176006499677896,-0.0002003898989642
0.0743067788980915,0.0180620606988668,-0.0001839431060944
0.0744067879006122,0.0185710005462170,-0.0005597270792350
0.0745067969031329,0.0187162291258574,-0.0006168698891997
0.0746068059056536,0.0190438199788332,-0.0005839167279191
0.0747068149081743,0.0198254100978374,-0.0005001301178709
0.0748068239106950,0.0188452899456024,-0.0000001055173016
0.0749068329132157,0.0206972192972898,-0.0002627153880894
0.0750068419157364,0.0208960492163897,-0.0002155848051189
0.0751068509182571,0.0216090697795153,-0.0001449825067539
0.0752068599207778,0.0210815798491240,-0.0002435556962155
0.0753068689232985,0.0209940895438194,-0.0000999719995889
0.0754068779258193,0.0219152309000492,-0.0002408934960840
0.0755068869283400,0.0230916701257229,-0.0002847959112842
0.0756068959308606,0.0238802898675203,-0.0003983970964327
0.0757069049333813,0.0238253492861986,-0.0001218683028128
0.0758069139359021,0.0245932992547750,-0.0001767218927853
0.0759069229384228,0.0241813398897648,-0.0004683501028921
0.0760069319409435,0.0262168906629086,-0.0006980568286963
0.0761069409434642,0.0256808400154114,-0.0007518762722611
0.0762069499459849,0.0259530507028103,-0.0007138772052713
0.0763069589485056,0.0243738498538733,-0.0006846261094324
0.0764069679510263,0.0257982406765223,-0.0009525158093311
0.0765069769535470,0.0266455002129078,-0.0008959894184954
0.0766069859560677,0.0277084894478321,-0.0006492069805972
0.0767069949585884,0.0299986694008112,-0.0006953231059015
0.0768070039611091,0.0286160204559565,-0.0003433775855228
0.0769070129636298,0.0291398596018553,-0.0000941693797358
0.0770070219661505,0.0289922803640366,-0.0001062914016075
0.0771070309686712,0.0307912006974220,-0.0003166513051838
0.0772070399711920,0.0310434103012085,-0.0000633566232864
0.0773070489737127,0.0300725903362036,-0.0000334389114869
0.0774070579762334,0.0313533693552017,-0.0000135530599437
0.0775070669787541,0.0307507794350386,-0.0001346094068140
0.0776070759812748,0.0334425792098045,-0.0002957330143545
0.0777070849837955,0.0328724011778831,0.0001097448985092
0.0778070939863162,0.0335223712027073,0.0000434847897850
0.0779071029888369,0.0336533188819885,-0.0001232682989212
0.0780071119913576,0.0326390303671360,0.0000106052202682
0.0781071209938783,0.0340068489313126,-0.0001806709042285
0.0782071299963990,0.0332464389503002,-0.0002449915918987
0.0783071389989197,0.0321506001055241,-0.0000074778290582
0.0784071480014404,0.0334809310734272,0.0000351536109520
0.0785071570039611,0.0322986207902431,0.0002678576856852
0.0786071660064818,0.0341893099248409,0.0004942081286572
0.0787071750090025,0.0333958491683006,0.0004188592138235
0.0788071840115232,0.0357313193380833,0.0001653332001297
0.0789071930140439,0.0354313701391220,0.0002673930139281
0.0790072020165647,0.0353605002164841,0.0001344915071968
0.0791072110190854,0.0367710813879967,-0.0001755528064677
0.0792072200216061,0.0347548611462116,-0.0000440621806774
0.0793072290241268,0.0360073409974575,-0.0002291221026098
0.0794072380266475,0.0357230603694916,-0.0002749391132966
0.0795072470291682,0.0337093695998192,-0.0000671024608891
0.0796072560316889,0.0342936106026173,0.0001733578974381
0.0797072650342096,0.0345475301146507,0.0001199758989969
0.0798072740367303,0.0352721214294434,0.0002983970043715
0.0799072830392510,0.0353887304663658,0.0003984775976278
0.0800072920417717,0.0343584306538105,0.0005131044890732
0.0801073010442924,0.0316471308469772,0.0005307001993060
0.0802073100468131,0.0327697396278381,0.0004838877939619
0.0803073190493338,0.0327281504869461,0.0005287631065585
0.0804073280518545,0.0316808409988880,0.0005249889218248
0.0805073370543752,0.0317091904580593,0.0004021225031465
0.0806073460568959,0.0313301682472229,0.0005388145218603
0.0807073550594166,0.0334421917796135,0.0003733843914233
0.0808073640619374,0.0323390699923038,0.0004883626825176
0.0809073730644581,0.0296024698764086,0.0005875814240426
0.0810073820669788,0.0312191098928452,0.0002857841900550
0.0811073910694995,0.0301126800477505,0.0001924587995745
0.0812074000720202,0.0309002101421356,-0.0000119688902487
0.0813074090745409,0.0305906105786562,-0.0002639080921654
0.0814074180770616,0.0296029001474380,-0.0000044465859901
0.0815074270795823,0.0293154194951057,-0.0001090255027520
0.0816074360821030,0.0297137293964624,0.0000237609892793
0.0817074450846237,0.0285990107804537,0.0000968342574197
0.0818074540871444,0.0302125699818134,0.0001148141964222
0.0819074630896651,0.0281627401709557,0.0003715335042216
0.0820074720921858,0.0283414293080568,0.0002067944005830
0.0821074810947065,0.0280129108577967,0.0003074092965107
0.0822074900972272,0.0258568506687880,0.0003037952119485
0.0823074990997479,0.0267243292182684,0.0000763452117098
0.0824075081022687,0.0261111892759800,0.0002115457027685
0.0825075171047894,0.0252663604915142,0.0002130992943421
0.0826075261073101,0.0266174506396055,0.0000166181907844
0.0827075351098308,0.0255550108850002,0.0000374033406842
0.0828075441123515,0.0267223007977009,0.0000346862689184
0.0829075531148722,0.0262240506708622,-0.0002752366126515
0.0830075621173929,0.0267089102417231,-0.0001838848984335
0.0831075711199136,0.0254426691681147,-0.0003293025947642
0.0832075801224343,0.0252687502652407,-0.0004803489136975
0.0833075891249550,0.0270567201077938,-0.0005168098723516
0.0834075981274757,0.0254302397370338,-0.0002700205950532
0.0835076071299964,0.0263282693922520,-0.0001288798957830
0.0836076161325171,0.0251478701829910,0.0000294834499073
0.0837076251350378,0.0250303503125906,0.0002737271133810
0.0838076341375585,0.0256088599562645,0.0002294558944413
0.0839076431400792,0.0261094104498625,0.0004556264902931
0.0840076521425999,0.0268117394298315,-0.0000020485811092
0.0841076611451206,0.0260113906115294,0.0001354129053652
0.0842076701476414,0.0277528092265129,-0.0000014606849845
0.0843076791501621,0.0265204105526209,-0.0002002823021030
0.0844076881526828,0.0252190995961428,-0.0001975188060896
0.0845076971552035,0.0261057000607252,-0.0001685417955741
0.0846077061577242,0.0283116791397333,-0.0003778914106078
0.0847077151602449,0.0271260496228933,-0.0001567611034261
0.0848077241627656,0.0267469007521868,-0.0000572519711568
0.0849077331652863,0.0256884600967169,0.0001951845042640
0.0850077421678070,0.0273814499378204,-0.0001087980999728
0.0851077511703277,0.0257940199226141,0.0002502340066712
0.0852077601728484,0.0294484999030828,-0.0001395946019329
0.0853077691753691,0.0297234095633030,-0.0003147961106151
0.0854077781778898,0.0279130395501852,-0.0000988718093140
0.0855077871804105,0.0322997681796551,-0.0008299574838020
0.0856077961829312,0.0368350595235825,-0.0023339539766312
0.0857078051854519,0.0380126982927322,-0.0028265630826354
0.0858078141879726,0.0483130291104317,-0.0070215552113950
0.0859078231904934,0.0452353991568089,-0.0084533831104636
0.0860078321930141,0.0443591400980949,-0.0118030402809381
0.0861078411955348,0.0341806001961231,-0.0142769003286958
0.0862078501980555,0.0849971994757652,0.0849594771862030
0.0863078592005762,0.0849967598915100,0.0849580690264702
0.0864078682030969,0.0849969610571861,0.0849971771240234
0.0865078772056176,0.0849963128566742,0.0849978327751160
0.0866078862081383,0.0849963128566742,0.0849976763129234
0.0867078952106590,0.0342995002865791,-0.0282528009265661
0.0868079042131797,0.0313311703503132,-0.0181681998074055
0.0869079132157004,0.0282037798315287,-0.0132003100588918
0.0870079222182211,0.0239465199410915,-0.0095862634480000
0.0871079312207418,0.0221992805600166,-0.0056509119458497
0.0872079402232625,0.0211147293448448,-0.0031832288950682
0.0873079492257832,0.0199412703514099,-0.0011633579852059
0.0874079582283039,0.0195048600435257,0.0006489413790405
0.0875079672308246,0.0189045500010252,0.0022559540811926
0.0876079762333454,0.0185557007789612,0.0026600959245116
0.0877079852358661,0.0196388904005289,0.0033574330154806
0.0878079942383868,0.0188746005296707,0.0035441219806671
0.0879080032409075,0.0188277401030064,0.0034427130594850
0.0880080122434282,0.0189222302287817,0.0037791971117258
0.0881080212459489,0.0189461205154657,0.0032809250988066
0.0882080302484696,0.0203719604760408,0.0037638109643012
0.0883080392509903,0.0200913995504379,0.0032214669045061
0.0884080482535110,0.0208226107060909,0.0031546219252050
0.0885080572560317,0.0213929098099470,0.0029004600364715
0.0886080662585524,0.0212900601327419,0.0026142681017518
0.0887080752610731,0.0218164008110762,0.0020883569959551
0.0888080842635938,0.0222876407206059,0.0019974550232291
0.0889080932661145,0.0224968008697033,0.0018638679757714
0.0890081022686352,0.0207537803798914,0.0014332459541038
0.0891081112711559,0.0212302394211292,0.0015409520128742
0.0892081202736766,0.0206816699355841,0.0010939179919660
0.0893081292761973,0.0217489600181580,0.0009173625148833
0.0894081382787181,0.0217794906347990,0.0008649704977870
0.0895081472812388,0.0217950306832790,0.0005319598130882
0.0896081562837595,0.0232726391404867,0.0006249053985812
0.0897081652862802,0.0236802194267511,0.0007394882268272
0.0898081742888009,0.0229035504162312,0.0004026119131595
0.0899081832913216,0.0239219404757023,0.0003789369948208
0.0900081922938423,0.0234939400106668,0.0001557236973895
0.0901082012963630,0.0252292305231094,0.0003198412887286
0.0902082102988837,0.0251981802284718,0.0000433987697761
0.0903082193014044,0.0244393404573202,-0.0002686420048121
0.0904082283039251,0.0242359098047018,-0.0004659020050894
0.0905082373064458,0.0250148698687553,-0.0007057029870339
0.0906082463089665,0.0238868892192841,-0.0006866304902360
0.0907082553114872,0.0253322292119265,-0.0006286932039075
0.0908082643140079,0.0239748395979404,-0.0006363067077473
0.0909082733165286,0.0258918590843678,-0.0004150418099016
0.0910082823190493,0.0241887494921684,-0.0002760443894658
0.0911082913215701,0.0252514891326427,-0.0001699622953311
0.0912083003240908,0.0237707998603582,0.0000455570298072
0.0913083093266115,0.0250165890902281,0.0001420592016075
0.0914083183291322,0.0227370392531157,-0.0003844402090181
0.0915083273316529,0.0211563799530268,-0.0003852205118164
0.0916083363341736,0.0195945203304291,-0.0007837624871172
0.0917083453366943,0.0190526694059372,-0.0007550513837487
0.0918083543392150,0.0186907891184092,-0.0010859080357477
0.0919083633417357,0.0173817090690136,-0.0011320109479129
0.0920083723442564,0.0153804803267121,-0.0011422310490161
0.0921083813467771,0.0137670701369643,-0.0009551469120197
0.0922083903492978,0.0129629299044609,-0.0011342449579388
0.0923083993518185,0.0105659998953342,-0.0011770089622587
0.0924084083543392,0.0115642696619034,-0.0009664304088801
0.0925084173568599,0.0117085296660662,-0.0006148688262329
0.0926084263593806,0.0128213800489902,-0.0004271093057469
0.0927084353619013,0.0126750497147441,-0.0001688062038738
0.0928084443644220,0.0126184998080134,0.0002982832957059
0.0929084533669428,0.0103720398619771,0.0001829601969803
0.0930084623694635,0.0099624842405319,0.0004077148914803
0.0931084713719842,0.0093262344598770,0.0001793486007955
0.0932084803745049,0.0096026752144098,0.0004716634866782
0.0933084893770256,0.0088458014652133,0.0002049070026260
0.0934084983795463,0.0086177922785282,-0.0000123938998513
0.0935085073820670,0.0091339591890574,0.0000579768093303
0.0936085163845877,0.0084242811426520,-0.0001306501944782
0.0937085253871084,0.0086541492491961,-0.0002204890042776
0.0938085343896291,0.0084482682868838,-0.0002973536902573
0.0939085433921498,0.0086833583191037,-0.0002175632980652
0.0940085523946705,0.0078822560608387,-0.0001879024057416
0.0941085613971912,0.0085733002051711,0.0001341307943221
0.0942085703997119,0.0087775299325585,0.0001657483953750
0.0943085794022326,0.0095508275553584,0.0003000723081641
0.0944085884047533,0.0090600643306971,0.0000939599995036
0.0945085974072740,0.0101784197613597,0.0001467169058742
0.0946086064097948,0.0099579002708197,0.0000359549194400
0.0947086154123155,0.0105490796267986,0.0003692852915265
0.0948086244148362,0.0099760191515088,0.0000941878097365
0.0949086334173569,0.0108843501657248,0.0002183541946579
0.0950086424198776,0.0107120703905821,0.0001471495052101
0.0951086514223983,0.0112747298553586,0.0002258325985167
0.0952086604249190,0.0118685401976109,0.0000279511295957
0.0953086694274397,0.0116404602304101,-0.0000444092293037
0.0954086784299604,0.0124103799462318,-0.0000442503987870
0.0955086874324811,0.0115793999284506,-0.0001634473010199
0.0956086964350018,0.0123138399794698,-0.0000856557526276
0.0957087054375225,0.0115380696952343,-0.0001354395935778
0.0958087144400432,0.0123979095369577,-0.0000551497505512
0.0959087234425639,0.0116929598152637,0.0000100336601463
0.0960087324450846,0.0128540303558111,-0.0000634205425740
0.0961087414476053,0.0126855997368693,0.0000953806302277
0.0962087504501260,0.0130858998745680,0.0005550498026423
0.0963087594526467,0.0132295796647668,0.0003351556078997
0.0964087684551675,0.0135440202429891,0.0004845967923757
0.0965087774576882,0.0135015696287155,0.0003355506050866
0.0966087864602089,0.0142814796417952,-0.0000948347878875
0.0967087954627296,0.0145709598436952,-0.0003225913096685
0.0968088044652503,0.0144852800294757,-0.0000422252996941
0.0969088134677710,0.0149103403091431,-0.0000446272097179
0.0970088224702917,0.0143649298697710,-0.0001198617974296
0.0971088314728124,0.0146198403090239,-0.0002764427044895
0.0972088404753331,0.0150717999786139,-0.0002855013008229
0.0973088494778538,0.0165102109313011,-0.0003380780108273
0.0974088584803745,0.0160120893269777,-0.0003749029128812
0.0975088674828952,0.0170515496283770,-0.0002589448995423
0.0976088764854159,0.0157196503132582,-0.0000731204781914
0.0977088854879366,0.0179880894720554,0.0000737349400879
0.0978088944904573,0.0181781295686960,-0.0000977650706773
0.0979089034929780,0.0180134493857622,0.0002108628978021
0.0980089124954987,0.0187118202447891,0.0002604479086585
0.0981089214980195,0.0177777800709009,0.0000665685511194
0.0982089305005402,0.0194854605942965,0.0001351045066258
0.0983089395030609,0.0190126299858093,0.0000718784722267
0.0984089485055816,0.0188320092856884,-0.0000908393776626
0.0985089575081023,0.0187857504934072,-0.0002417825016892
0.0986089665106230,0.0191775001585484,-0.0001675349049037
0.0987089755131437,0.0191885791718960,-0.0003432231897023
0.0988089845156644,0.0203774105757475,-0.0000484957199660
0.0989089935181851,0.0201010797172785,0.0000722023323760
0.0990090025207058,0.0209268592298031,-0.0000321121806337
0.0991090115232265,0.0212205704301596,0.0001931976003107
0.0992090205257472,0.0219549909234047,0.0001273366942769
0.0993090295282679,0.0218158308416605,-0.0000829616692499
0.0994090385307886,0.0213889405131340,-0.0000374176088371
0.0995090475333093,0.0225804392248392,0.0000640411235509
0.0996090565358300,0.0223143696784973,0.0002026270958595
0.0997090655383508,0.0224061496555805,0.0000034783590763
0.0998090745408715,0.0223894603550434,0.0000066206162046
0.0999090835433922,0.0233150999993086,0.0001870286941994
0.1000090925459129,0.0235791709274054,-0.0001025236997521
0.1001091015484336,0.0230075996369123,0.0000724805795471
0.1002091105509543,0.0249537099152803,0.0001039494964061
0.1003091195534750,0.0246287006884813,-0.0001143140980275
0.1004091285559957,0.0257363803684711,-0.0000510449208377
0.1005091375585164,0.0256691593676805,-0.0001968424039660
0.1006091465610371,0.0278900191187859,0.0002708715910558
0.1007091555635578,0.0262819398194551,-0.0001870741980383
0.1008091645660785,0.0275948606431484,0.0002282241039211
0.1009091735685992,0.0266804993152618,-0.0000169532395375
0.1010091825711199,0.0262782406061888,0.0000616920515313
0.1011091915736406,0.0279359091073275,0.0003784825967159
0.1012092005761613,0.0264921300113201,0.0000308293092530
0.1013092095786820,0.0283274203538895,0.0004583483969327
0.1014092185812027,0.0272129196673632,0.0002115933020832
0.1015092275837235,0.0289415903389454,0.0003937006113119
0.1016092365862442,0.0282941702753305,0.0001362837065244
0.1017092455887649,0.0293821301311255,0.0003004678874277
0.1018092545912856,0.0293455496430397,0.0002652760886122
0.1019092635938063,0.0277321506291628,-0.0002530676138122
0.1020092725963270,0.0301247593015432,0.0002048113965429
0.1021092815988477,0.0286233108490705,-0.0001293103996431
0.1022092906013684,0.0301483701914549,-0.0000629391870461
0.1023092996038891,0.0295626390725374,-0.0000658945209580
0.1024093086064098,0.0307674501091242,0.0002259196044179
0.1025093176089305,0.0319915600121021,0.0003089095116593
0.1026093266114512,0.0318953506648540,0.0003949299862143
0.1027093356139719,0.0328585691750050,0.0006444629980251
0.1028093446164926,0.0318958610296249,0.0003057355934288
0.1029093536190133,0.0333919711410999,0.0007545130793005
0.1030093626215340,0.0325496383011341,0.0007244925945997
0.1031093716240547,0.0330164097249508,0.0007583220722154
0.1032093806265754,0.0337217785418034,0.0006586750969291
0.1033093896290962,0.0320078507065773,0.0002740162890404
0.1034093986316169,0.0340494103729725,0.0003040744049940
0.1035094076341376,0.0331070497632027,0.0001012217035168
0.1036094166366583,0.0328011512756348,-0.0003689829900395
0.1037094256391790,0.0319565087556839,-0.0004904912784696
0.1038094346416997,0.0340306907892227,-0.0002046072040685
0.1039094436442204,0.0344383604824543,-0.0002256472944282
0.1040094526467411,0.0324583388864994,-0.0004716127878055
0.1041094616492618,0.0349399298429489,-0.0000868457573233
0.1042094706517825,0.0326042808592319,-0.0003006267070305
0.1043094796543032,0.0344798602163792,-0.0000087451680884
0.1044094886568239,0.0334031209349632,-0.0002186748024542
0.1045094976593446,0.0324092693626881,-0.0002596646954771
0.1046095066618653,0.0330772586166859,-0.0002558940905146
0.1047095156643860,0.0314363501966000,-0.0003374193911441
0.1048095246669068,0.0323973707854748,-0.0000747989397496
0.1049095336694275,0.0307830199599266,-0.0003465490881354
0.1050095426719481,0.0313982702791691,-0.0000081502212197
0.1051095516744689,0.0320780389010906,-0.0000051613319556
0.1052095606769896,0.0301042106002569,-0.0004750743100885
0.1053095696795103,0.0304233003407717,-0.0005101573769934
0.1054095786820310,0.0297132208943367,-0.0003436972037889
0.1055095876845517,0.0297544598579407,-0.0004052990116179
0.1056095966870724,0.0293360501527786,-0.0003721278917510
0.1057096056895931,0.0275526102632284,-0.0006595770246349
0.1058096146921138,0.0284011792391539,-0.0003818265104201
0.1059096236946345,0.0278712194412947,-0.0002313573932042
0.1060096326971552,0.0288675203919411,-0.0000525275099790
0.1061096416996759,0.0282722506672144,0.0002064703003271
0.1062096507021966,0.0272167306393385,0.0003951555117965
0.1063096597047173,0.0268067102879286,0.0007305872859433
0.1064096687072380,0.0250005796551704,0.0002378601056989
0.1065096777097587,0.0261747799813747,0.0003910051891580
0.1066096867122795,0.0259009506553411,0.0001413634017808
0.1067096957148002,0.0256655607372522,0.0001675154053373
0.1068097047173209,0.0249007698148489,-0.0000744489734643
0.1069097137198416,0.0250623393803835,-0.0000230581699725
0.1070097227223623,0.0269009191542864,0.0002562740992289
0.1071097317248830,0.0253231208771467,-0.0001469868002459
0.1072097407274037,0.0266521498560905,0.0000675829214742
0.1073097497299244,0.0251102093607187,-0.0001362878974760
0.1074097587324451,0.0249464605003595,-0.0002828195865732
0.1075097677349658,0.0254174303263426,-0.0000900140075828
0.1076097767374865,0.0245541799813509,-0.0001682198053459
0.1077097857400072,0.0245797205716372,-0.0003229719877709
0.1078097947425279,0.0241934396326542,-0.0001058342968463
0.1079098037450486,0.0252680908888578,0.0001363398041576
0.1080098127475693,0.0253317803144455,0.0003751273907255
0.1081098217500900,0.0253977403044701,0.0003866713086609
0.1082098307526107,0.0262928791344166,0.0005041796830483
0.1083098397551314,0.0250766593962908,0.0002501459966879
0.1084098487576522,0.0254907794296741,0.0002020576066570
0.1085098577601729,0.0244866199791431,-0.0001419957989128
0.1086098667626936,0.0258334595710039,-0.0000021314590413
0.1087098757652143,0.0241110604256392,-0.0004002604982816
0.1088098847677350,0.0247797798365355,-0.0001705172035145
0.1089098937702557,0.0246348492801189,-0.0003440770087764
0.1090099027727764,0.0245626997202635,-0.0001130653035943
0.1091099117752971,0.0246851295232773,-0.0000491111895826
0.1092099207778178,0.0245971996337175,0.0002737847098615
0.1093099297803385,0.0264886002987623,0.0006768603925593
0.1094099387828592,0.0257497094571590,0.0005255814758129
0.1095099477853799,0.0258015207946301,0.0007179842796177
0.1096099567879006,0.0248831398785114,0.0003283830883447
0.1097099657904213,0.0255472492426634,0.0003746094880626
0.1098099747929420,0.0247056204825640,0.0000444304096163
0.1099099837954628,0.0240761991590261,-0.0000407878396800
0.1100099927979835,0.0244260504841805,-0.0001438376057195
0.1101100018005041,0.0238234996795654,-0.0002041661064140
0.1102100108030249,0.0259209908545017,0.0001056355977198
0.1103100198055456,0.0238891001790762,-0.0003662940871436
0.1104100288080663,0.0239111501723528,-0.0002781884104479
0.1105100378105870,0.0231139101088047,-0.0004651309864130
0.1106100468131077,0.0234117098152637,-0.0003065885102842
0.1107100558156284,0.0241891890764236,-0.0002773565065581
0.1108100648181491,0.0236250497400761,-0.0001584788988112
0.1109100738206698,0.0240395106375217,-0.0003411028883420
0.1110100828231905,0.0239568594843149,0.0000073892720138
0.1111100918257112,0.0255399309098721,0.0003951691032853
0.1112101008282319,0.0232382193207741,-0.0002384516992606
0.1113101098307526,0.0237360298633575,0.0003917294088751
0.1114101188332733,0.0242584403604269,0.0005222479230724
0.1115101278357940,0.0235521793365479,0.0000608913105680
0.1116101368383147,0.0244650505483150,0.0000666793566779
0.1117101458408355,0.0231620408594608,-0.0000837781990413
0.1118101548433562,0.0246219299733639,0.0001497898047091
0.1119101638458769,0.0241388902068138,-0.0002546712930780
0.1120101728483976,0.0240239799022675,-0.0007013072026893
0.1121101818509183,0.0273442808538675,-0.0008218837901950
0.1122101908534390,0.0338750295341015,-0.0003116735024378
0.1123101998559597,0.0347572602331638,0.0000912105533644
0.1124102088584804,0.0395221114158630,0.0008781108772382
0.1125102178610011,0.0448222681879997,0.0022211850155145
0.1126102268635218,0.0489941388368607,0.0050737741403282
0.1127102358660425,0.0370690487325191,0.0026176599785686
0.1128102448685632,0.0849974676966667,0.0849635079503059
0.1129102538710839,0.0849975124001503,0.0849964618682861
0.1130102628736046,0.0849971994757652,0.0849967822432518
0.1131102718761253,0.0849975422024727,0.0849972963333130
0.1132102808786460,0.0849974527955055,0.0849972367286682
0.1133102898811667,0.0849975794553757,0.0849699899554253
0.1134102988836874,0.0333146490156651,0.0269821900874376
0.1135103078862082,0.0300341304391623,0.0223252903670073
0.1136103168887289,0.0288572702556849,0.0178974401205778
0.1137103258912496,0.0259553007781506,0.0155635299161077
0.1138103348937703,0.0226035602390766,0.0132582802325487
0.1139103438962910,0.0197490602731705,0.0107411695644259
0.1140103528988117,0.0188915096223354,0.0073148109950125
0.1141103619013324,0.0179064907133579,0.0049315909855068
0.1142103709038531,0.0172467306256294,0.0023305569775403
0.1143103799063738,0.0171506702899933,0.0002378244971624
0.1144103889088945,0.0152994403615594,-0.0012626410461962
0.1145103979114152,0.0159903708845377,-0.0030947818886489
0.1146104069139359,0.0157711505889893,-0.0045596710406244
0.1147104159164566,0.0165153890848160,-0.0059205200523138
0.1148104249189773,0.0168817006051540,-0.0066002290695906
0.1149104339214980,0.0177336297929287,-0.0072008110582829
0.1150104429240187,0.0188495106995106,-0.0078635783866048
0.1151104519265394,0.0186542104929686,-0.0076503958553076
0.1152104609290601,0.0192971304059029,-0.0076654087752104
0.1153104699315809,0.0189165305346251,-0.0069842711091042
0.1154104789341016,0.0196372698992491,-0.0068735019303858
0.1155104879366223,0.0206455197185278,-0.0061996490694582
0.1156104969391430,0.0223684906959534,-0.0060688969679177
0.1157105059416637,0.0209682304412127,-0.0048541091382504
0.1158105149441844,0.0216195397078991,-0.0042231120169163
0.1159105239467051,0.0190217494964600,-0.0028829739894718
0.1160105329492258,0.0198335293680429,-0.0024171490222216
0.1161105419517465,0.0191358104348183,-0.0019189489539713
0.1162105509542672,0.0197693891823292,-0.0014938239473850
0.1163105599567879,0.0188800897449255,-0.0007812972762622
0.1164105689593086,0.0198889896273613,-0.0003717925865203
0.1165105779618293,0.0190532095730305,0.0002683837956283
0.1166105869643500,0.0195673704147339,0.0008249101811089
0.1167105959668707,0.0185761004686356,0.0015582799678668
0.1168106049693915,0.0188653692603111,0.0017747080419213
0.1169106139719122,0.0176999494433403,0.0020658290013671
0.1170106229744329,0.0179290603846312,0.0021851179189980
0.1171106319769536,0.0171198192983866,0.0022296840324998
0.1172106409794743,0.0160061791539192,0.0021490519866347
0.1173106499819950,0.0147724300622940,0.0021593798883259
0.1174106589845157,0.0150304399430752,0.0017627950292081
0.1175106679870364,0.0132741499692202,0.0018727129790932
0.1176106769895571,0.0139006096869707,0.0015410589985549
0.1177106859920778,0.0146954599767923,0.0011971050407737
0.1178106949945985,0.0146036697551608,0.0010042180074379
0.1179107039971192,0.0139731401577592,0.0006375947850756
0.1180107129996399,0.0143806198611856,0.0004503018863034
0.1181107220021606,0.0134989703074098,0.0001568237930769
0.1182107310046813,0.0141509296372533,-0.0003775690856855
0.1183107400072020,0.0135388895869255,-0.0001342160976492
0.1184107490097227,0.0136215602979064,-0.0001004216028377
0.1185107580122434,0.0129701597616076,-0.0000455752488051
0.1186107670147642,0.0134125296026468,-0.0001428185059922
0.1187107760172849,0.0138528598472476,-0.0001416708983015
0.1188107850198056,0.0131220798939466,0.0001709532953100
0.1189107940223263,0.0121692502871156,0.0003104867064394
0.1190108030248470,0.0109813697636127,0.0005099457921460
0.1191108120273677,0.0115162497386336,0.0000315494507959
0.1192108210298884,0.0115431500598788,-0.0001567215949763
0.1193108300324091,0.0110738500952721,-0.0002829043078236
0.1194108390349298,0.0124217700213194,-0.0007602230180055
0.1195108480374505,0.0117415897548199,-0.0009047483908944
0.1196108570399712,0.0112786004319787,-0.0006930237286724
0.1197108660424919,0.0119594996795058,-0.0006839687121101
0.1198108750450126,0.0113468402996659,-0.0005551868816838
0.1199108840475333,0.0118391299620271,-0.0004060344945174
0.1200108930500540,0.0113174403086305,-0.0001917766931001
0.1201109020525747,0.0118917897343636,-0.0002730872947723
0.1202109110550954,0.0112862596288323,-0.0000830596400192
0.1203109200576161,0.0123023996129632,-0.0005597642157227
0.1204109290601369,0.0124123701825738,-0.0005614293040708
0.1205109380626576,0.0137584097683430,-0.0005354384193197
0.1206109470651783,0.0129534201696515,-0.0003682702954393
0.1207109560676990,0.0137880295515060,-0.0002694792055991
0.1208109650702197,0.0123921595513821,-0.0000739040769986
0.1209109740727404,0.0119313597679138,-0.0000445478217443
0.1210109830752611,0.0123494202271104,0.0000042990209295
0.1211109920777818,0.0124981803819537,-0.0002271996054333
0.1212110010803025,0.0129230599850416,-0.0004134881892242
0.1213110100828232,0.0138065498322248,-0.0007930616848171
0.1214110190853439,0.0132756298407912,-0.0006152170244604
0.1215110280878646,0.0145444599911571,-0.0006562981870957
0.1216110370903853,0.0148776099085808,-0.0003824147861451
0.1217110460929060,0.0143420696258545,0.0002982878067996
0.1218110550954267,0.0144711602479219,0.0002717747120187
0.1219110640979474,0.0145428599789739,0.0002443408884574
0.1220110731004682,0.0157133191823959,0.0001419116015313
0.1221110821029889,0.0150787597522140,0.0001779760932550
0.1222110911055096,0.0157202798873186,-0.0000465639714093
0.1223111001080303,0.0155826099216938,-0.0003184525121469
0.1224111091105510,0.0162802208214998,-0.0003921842144337
0.1225111181130717,0.0152719998732209,-0.0001817448064685
0.1226111271155924,0.0163554996252060,-0.0004290440992918
0.1227111361181131,0.0159994997084141,-0.0002717736933846
0.1228111451206338,0.0149568896740675,-0.0001027757971315
0.1229111541231545,0.0151976300403476,-0.0001635626977077
0.1230111631256752,0.0161972995847464,-0.0001126882998506
0.1231111721281959,0.0156305991113186,-0.0005251304246485
0.1232111811307166,0.0158459097146988,-0.0004700130084530
0.1233111901332373,0.0165352802723646,-0.0003501074097585
0.1234111991357580,0.0161005593836308,-0.0004457278992049
0.1235112081382787,0.0176138598471880,-0.0003173148143105
0.1236112171407994,0.0178660899400711,0.0001012424036162
0.1237112261433201,0.0182553492486477,-0.0000902185129235
0.1238112351458409,0.0174841098487377,0.0001615473011043
0.1239112441483616,0.0184008106589317,0.0004579407977872
0.1240112531508823,0.0178811401128769,0.0004506116965786
0.1241112621534030,0.0184317305684090,0.0000233994396694
0.1242112711559237,0.0186980199068785,-0.0002134817041224
0.1243112801584444,0.0182739403098822,-0.0001812333066482
0.1244112891609651,0.0185182206332684,-0.0002129039057763
0.1245112981634858,0.0177231393754482,-0.0004426102968864
0.1246113071660065,0.0184861496090889,-0.0006408942863345
0.1247113161685272,0.0189383197575808,-0.0006220989744179
0.1248113251710479,0.0205696299672127,-0.0005728558753617
0.1249113341735686,0.0200175400823355,-0.0000719488671166
0.1250113431760893,0.0209274701774120,-0.0002453181077726
0.1251113521786100,0.0201949998736382,-0.0003094873973168
0.1252113611811307,0.0213944502174854,-0.0001521342928754
0.1253113701836514,0.0201938506215811,-0.0001599667011760
0.1254113791861722,0.0223070308566093,-0.0003274737100583
0.1255113881886928,0.0217803996056318,-0.0004061222134624
0.1256113971912136,0.0235097501426935,-0.0003557699965313
0.1257114061937343,0.0231738500297070,-0.0003882469027303
0.1258114151962550,0.0229109507054090,-0.0001297271955991
0.1259114241987757,0.0230809692293406,-0.0001000561023830
0.1260114332012964,0.0220827292650938,-0.0003217250923626
0.1261114422038171,0.0222962405532598,-0.0002629871014506
0.1262114512063378,0.0228225197643042,-0.0003637282061391
0.1263114602088585,0.0236403495073318,-0.0006908596842550
0.1264114692113792,0.0235326401889324,-0.0009145665098913
0.1265114782138999,0.0261706393212080,-0.0013883879873902
0.1266114872164206,0.0248326808214188,-0.0009260710794479
0.1267114962189413,0.0259375292807817,-0.0007224343135022
0.1268115052214620,0.0259941704571247,-0.0003403431910556
0.1269115142239827,0.0245737507939339,-0.0000467217614641
0.1270115232265034,0.0261935591697693,0.0001057249974110
0.1271115322290241,0.0257327407598495,0.0000296399593935
0.1272115412315449,0.0264459792524576,0.0001523607934359
0.1273115502340655,0.0264289900660515,0.0000449168692285
0.1274115592365863,0.0282177608460188,-0.0002078449033434
0.1275115682391070,0.0273049995303154,-0.0001173415002995
0.1276115772416277,0.0281108506023884,0.0000287812108581
0.1277115862441484,0.0269638691097498,0.0000845441682031
0.1278115952466691,0.0281680691987276,-0.0001342976029264
0.1279116042491898,0.0281749404966831,-0.0000107909600047
0.1280116132517105,0.0262546502053738,0.0001325330958935
0.1281116222542312,0.0269344691187143,0.0001054129024851
0.1282116312567519,0.0267306603491306,-0.0000021113960429
0.1283116402592726,0.0269444007426500,0.0000459423899883
0.1284116492617933,0.0267806891351938,0.0001739108993206
0.1285116582643140,0.0261440090835094,0.0001039525013766
0.1286116672668347,0.0279585607349873,0.0001524755061837
0.1287116762693555,0.0278201494365931,0.0001105486007873
0.1288116852718761,0.0290960893034935,0.0001159582025139
0.1289116942743968,0.0281627997756004,0.0003025954938494
0.1290117032769175,0.0298815201967955,-0.0000263986803475
0.1291117122794382,0.0295427702367306,0.0002575349062681
0.1292117212819590,0.0297156292945147,-0.0000834522070363
0.1293117302844797,0.0291856508702040,-0.0000896787823876
0.1294117392870004,0.0279241707175970,-0.0002474042121321
0.1295117482895211,0.0299587491899729,-0.0008231088286266
0.1296117572920418,0.0282850395888090,-0.0005614064284600
0.1297117662945625,0.0305838398635387,-0.0006506273057312
0.1298117752970832,0.0296970400959253,-0.0003632412117440
0.1299117842996039,0.0296127591282129,-0.0001553346955916
0.1300117933021246,0.0296919103711843,0.0000244569691858
0.1301118023046453,0.0288535207509995,0.0001422859058948
0.1302118113071660,0.0304285995662212,0.0000133766998260
0.1303118203096867,0.0297809708863497,0.0002398310025455
0.1304118293122074,0.0309245493263006,0.0000868777715368
0.1305118383147282,0.0305576398968697,0.0001581335964147
0.1306118473172488,0.0312192607671022,0.0000417304399889
0.1307118563197696,0.0304791703820229,0.0002841537061613
0.1308118653222902,0.0286635607481003,0.0004818247107323
0.1309118743248109,0.0310285296291113,0.0003537572047208
0.1310118833273317,0.0291023794561625,0.0000867779381224
0.1311118923298524,0.0312514305114746,0.0000171207102539
0.1312119013323731,0.0296438094228506,0.0000810163983260
0.1313119103348938,0.0291051492094994,0.0001541412930237
0.1314119193374145,0.0307375602424145,-0.0002185703051509
0.1315119283399352,0.0294014196842909,-0.0001444588997401
0.1316119373424559,0.0311073008924723,-0.0001469748967793
0.1317119463449766,0.0308369304984808,0.0002053500938928
0.1318119553474973,0.0306712090969086,0.0000821804569568
0.1319119643500180,0.0294940508902073,0.0004664550069720
0.1320119733525387,0.0291217602789402,0.0005856116767973
0.1321119823550594,0.0296358000487089,0.0003720801905729
0.1322119913575801,0.0287668891251087,0.0004355880082585
0.1323120003601009,0.0294003803282976,0.0001959734945558
0.1324120093626215,0.0289919693022966,0.0001750168012222
0.1325120183651423,0.0273874402046204,0.0001855026057456
0.1326120273676629,0.0279327798634768,-0.0000320067010762
0.1327120363701837,0.0272520296275616,0.0001399879984092
0.1328120453727044,0.0268364697694778,0.0000001200496058
0.1329120543752251,0.0271527096629143,-0.0001440868945792
0.1330120633777458,0.0291380807757378,-0.0006183214718476
0.1331120723802665,0.0280813202261925,-0.0003968887031078
0.1332120813827872,0.0275584794580936,-0.0003516619908623
0.1333120903853079,0.0275575201958418,-0.0002939320984297
0.1334120993878286,0.0265356805175543,-0.0000847114206408
0.1335121083903493,0.0265536308288574,0.0000416917391703
0.1336121173928700,0.0263714492321014,0.0000563919711567
0.1337121263953907,0.0259861797094345,0.0003046387864742
0.1338121353979115,0.0271517708897591,0.0003206215915270
0.1339121444004321,0.0267059002071619,0.0003679957007989
0.1340121534029528,0.0272670593112707,0.0001955814950634
0.1341121624054736,0.0269398000091314,0.0002646885986906
0.1342121714079942,0.0275522805750370,0.0000914143383852
0.1343121804105150,0.0261850394308567,0.0002008098963415
0.1344121894130356,0.0250465497374535,0.0001660398993408
0.1345121984155564,0.0266416408121586,-0.0000264126701950
0.1346122074180771,0.0256714504212141,-0.0000855264079291
0.1347122164205978,0.0261674392968416,-0.0001488443958806
0.1348122254231185,0.0254251398146152,0.0001141489992733
0.1349122344256392,0.0246070194989443,0.0002277663006680
0.1350122434281599,0.0246625505387783,0.0004390839894768
0.1351122524306806,0.0242450293153524,0.0004188797029201
0.1352122614332013,0.0252774208784103,0.0004916433244944
0.1353122704357220,0.0239845290780067,0.0004806836077478
0.1354122794382427,0.0231594908982515,0.0004703263984993
0.1355122884407634,0.0238957796245813,0.0003208759881090
0.1356122974432842,0.0237986501306295,0.0001102247988456
0.1357123064458048,0.0251040495932102,-0.0001301137963310
0.1358123154483256,0.0251517593860626,-0.0001068826022674
0.1359123244508463,0.0251113791018724,-0.0000670549488859
0.1360123334533669,0.0259704608470201,-0.0002223105984740
0.1361123424558877,0.0271891094744205,-0.0006712257745676
0.1362123514584084,0.0264775399118662,-0.0005723345093429
0.1363123604609291,0.0258322898298502,-0.0006156198214740
0.1364123694634498,0.0273083709180355,-0.0007712104124948
0.1365123784659705,0.0257549807429314,-0.0006559941102751
0.1366123874684912,0.0280110090970993,-0.0007390208775178
0.1367123964710119,0.0261531993746758,-0.0004663543950301
0.1368124054735326,0.0277645103633404,-0.0002988700871356
0.1369124144760533,0.0268407799303532,0.0000526070216438
0.1370124234785740,0.0274535398930311,0.0001001097989501
0.1371124324810947,0.0265751704573631,0.0004080079961568
0.1372124414836154,0.0273588504642248,0.0003189606068190
0.1373124504861361,0.0269520692527294,0.0003847928019240
0.1374124594886569,0.0247466806322336,0.0004693171067629
0.1375124684911775,0.0259107407182455,0.0002916991070379
0.1376124774936983,0.0239686407148838,0.0003454234974924
0.1377124864962189,0.0232123993337154,0.0003155512094963
0.1378124954987397,0.0238952804356813,0.0003088182129432
0.1379125045012604,0.0227476507425308,0.0001592672051629
0.1380125135037811,0.0244407095015049,0.0000419785101258
0.1381125225063018,0.0243434105068445,0.0002000102977036
0.1382125315088225,0.0240738391876221,0.0001521741069155
0.1383125405113432,0.0220069903880358,0.0001487409026595
0.1384125495138639,0.0215674601495266,0.0004019188054372
0.1385125585163846,0.0214531403034925,0.0004120221128687
0.1386125675189053,0.0214850306510925,0.0004254489031155
0.1387125765214260,0.0225647501647472,0.0007510943105444
0.1388125855239467,0.0256886593997478,0.0002697742893361
0.1389125945264675,0.0281324200332165,-0.0005651834071614
0.1390126035289881,0.0347254015505314,-0.0019613651093096
0.1391126125315088,0.0417941994965076,-0.0050288550555706
0.1392126215340296,0.0440643988549709,-0.0083608813583851
0.1393126305365502,0.0444327592849731,-0.0126915602013469
0.1394126395390710,0.0349812284111977,-0.0128348302096128
0.1395126485415916,0.0849969685077667,0.0849595069885254
0.1396126575441124,0.0849969834089279,0.0849965214729309
0.1397126665466331,0.0849969536066055,0.0849971771240234
0.1398126755491538,0.0849962830543518,0.0849978402256966
0.1399126845516745,0.0849965289235115,0.0849975273013115
0.1400126935541952,0.0849964767694473,0.0849975273013115
0.1401127025567159,0.0325745902955532,-0.0170541908591986
0.1402127115592366,0.0302029307931662,-0.0123209701851010
0.1403127205617573,0.0273537896573544,-0.0087374933063984
0.1404127295642780,0.0249542407691479,-0.0059982561506331
0.1405127385667987,0.0225497893989086,-0.0041570458561182
0.1406127475693194,0.0212512202560902,-0.0026281510945410
0.1407127565718402,0.0198793802410364,-0.0007819369202480
0.1408127655743608,0.0183285102248192,-0.0001758987928042
0.1409127745768816,0.0181548707187176,0.0006698243087158
0.1410127835794023,0.0181831102818251,0.0012801700504497
0.1411127925819229,0.0179197601974010,0.0015610130503774
0.1412128015844437,0.0179453808814287,0.0023006428964436
0.1413128105869643,0.0181088596582413,0.0023654440883547
0.1414128195894851,0.0184204000979662,0.0024083650205284
0.1415128285920058,0.0182035695761442,0.0021471600048244
0.1416128375945265,0.0194679703563452,0.0020828170236200
0.1417128465970472,0.0191910993307829,0.0018783350242302
0.1418128555995679,0.0197733305394650,0.0016861059702933
0.1419128646020886,0.0213330890983343,0.0017783209914342
0.1420128736046093,0.0207104906439781,0.0015589810209349
0.1421128826071300,0.0212941896170378,0.0014873810578138
0.1422128916096507,0.0219117607921362,0.0015064510516822
0.1423129006121714,0.0215335693210363,0.0012618480250239
0.1424129096146921,0.0221598204225302,0.0010791940148920
0.1425129186172129,0.0205706600099802,0.0005718966713175
0.1426129276197335,0.0213508792221546,0.0005761518841609
0.1427129366222543,0.0211142990738153,0.0005354302120395
0.1428129456247750,0.0220695603638887,0.0005396272172220
0.1429129546272957,0.0216120593249798,0.0001887133985292
0.1430129636298164,0.0227824505418539,0.0006418438861147
0.1431129726323370,0.0235767196863890,0.0006329350289889
0.1432129816348578,0.0223293900489807,0.0005882005789317
0.1433129906373785,0.0234265308827162,0.0005041884724051
0.1434129996398992,0.0214576199650764,0.0002511444035918
0.1435130086424199,0.0212406795471907,0.0000128812298499
0.1436130176449406,0.0196757093071938,-0.0005205288180150
0.1437130266474613,0.0206932891160250,-0.0006578746833839
0.1438130356499820,0.0196189507842064,-0.0008810927974992
0.1439130446525027,0.0205664392560720,-0.0008408949943259
0.1440130536550234,0.0186029095202684,-0.0007748521747999
0.1441130626575441,0.0191863905638456,-0.0006361036794260
0.1442130716600648,0.0184639208018780,-0.0005289955879562
0.1443130806625856,0.0187370795756578,-0.0002300800988451
0.1444130896651062,0.0167169496417046,-0.0004171339096501
0.1445130986676270,0.0177840106189251,0.0001311672967859
0.1446131076701477,0.0158485006541014,-0.0000455885092379
0.1447131166726684,0.0171719603240490,-0.0001457506004954
0.1448131256751891,0.0165201202034950,-0.0004038008919451
0.1449131346777098,0.0154099203646183,-0.0006355795194395
0.1450131436802305,0.0152232600376010,-0.0004155026108492
0.1451131526827512,0.0154398595914245,-0.0002199576993007
0.1452131616852719,0.0146377598866820,-0.0002861759858206
0.1453131706877926,0.0148613899946213,-0.0003514247946441
0.1454131796903133,0.0134601304307580,-0.0002440317039145
0.1455131886928340,0.0136147104203701,-0.0001354881969746
0.1456131976953547,0.0125840995460749,-0.0004831237019971
0.1457132066978754,0.0119932098314166,-0.0003764906141441
0.1458132157003962,0.0125460596755147,-0.0005633771070279
0.1459132247029168,0.0112636601552367,-0.0004526464035735
0.1460132337054376,0.0123855704441667,-0.0000865662223077
0.1461132427079583,0.0113693298771977,-0.0000093053040473
0.1462132517104789,0.0122455600649118,0.0004338138096500
0.1463132607129997,0.0114595796912909,0.0004983064136468
0.1464132697155203,0.0110780801624060,0.0005221753963269
0.1465132787180411,0.0115763396024704,0.0005287193926051
0.1466132877205618,0.0118941804394126,0.0004468217084650
0.1467132967230825,0.0122109204530716,0.0002490738115739
0.1468133057256032,0.0117888199165463,-0.0001021661009872
0.1469133147281239,0.0130302999168634,-0.0000560400294489
0.1470133237306446,0.0125572597607970,-0.0003406864125282
0.1471133327331653,0.0127064399421215,-0.0000476676796097
0.1472133417356860,0.0129300495609641,-0.0001200991027872
0.1473133507382067,0.0137566402554512,0.0002428495063214
0.1474133597407274,0.0135172801092267,0.0003032190143131
0.1475133687432481,0.0135074397549033,0.0003070704988204
0.1476133777457689,0.0125805297866464,0.0002927434979938
0.1477133867482895,0.0124106099829078,0.0000040093618736
0.1478133957508103,0.0137047497555614,-0.0001049654019880
0.1479134047533310,0.0138373998925090,-0.0001417546009179
0.1480134137558517,0.0151884602382779,-0.0002147800987586
0.1481134227583724,0.0144440103322268,0.0000771396516939
0.1482134317608930,0.0155476499348879,0.0001843182981247
0.1483134407634138,0.0153100900352001,0.0002713031135499
0.1484134497659345,0.0155939599499106,0.0004949044086970
0.1485134587684552,0.0157884396612644,0.0000643711828161
0.1486134677709759,0.0162646900862455,0.0000288941992039
0.1487134767734966,0.0161561109125614,-0.0001545436971355
0.1488134857760173,0.0165951699018478,-0.0005191519157961
0.1489134947785380,0.0164969190955162,-0.0006305719143711
0.1490135037810587,0.0162402298301458,-0.0005771166179329
0.1491135127835794,0.0160474404692650,-0.0005428413860500
0.1492135217861001,0.0153659302741289,-0.0002332159056095
0.1493135307886208,0.0167556907981634,0.0000257173796854
0.1494135397911416,0.0166753903031349,0.0002458195085637
0.1495135487936622,0.0175863597542048,0.0004128353903070
0.1496135577961830,0.0164585206657648,0.0004818474990316
0.1497135667987037,0.0163596291095018,0.0000991462584352
0.1498135758012244,0.0171039607375860,-0.0000176053508767
0.1499135848037451,0.0168049391359091,-0.0001639302936383
0.1500135938062658,0.0172048099339008,-0.0002310109994141
0.1501136028087865,0.0167489591985941,-0.0002873887133319
0.1502136118113072,0.0179854892194271,-0.0001594466011738
0.1503136208138279,0.0169832799583673,-0.0002619453007355
0.1504136298163486,0.0177591908723116,-0.0001535928022349
0.1505136388188693,0.0184797905385494,-0.0001099426008295
0.1506136478213900,0.0183249805122614,-0.0001473490992794
0.1507136568239107,0.0194192603230476,-0.0004724384052679
0.1508136658264314,0.0190859399735928,-0.0004303987952881
0.1509136748289521,0.0196407195180655,-0.0003160010965075
0.1510136838314728,0.0191434007138014,-0.0004354235134088
0.1511136928339935,0.0194874294102192,-0.0002039342944045
0.1512137018365143,0.0189016796648502,-0.0003275699855294
0.1513137108390349,0.0211443491280079,0.0003495868877508
0.1514137198415557,0.0205366499722004,0.0002124910970451
0.1515137288440764,0.0212462805211544,0.0003225640102755
0.1516137378465971,0.0208715498447418,0.0001578428928042
0.1517137468491178,0.0221235193312168,-0.0000513519298693
0.1518137558516385,0.0208186991512775,-0.0008558061090298
0.1519137648541592,0.0197764299809933,-0.0010486460523680
0.1520137738566799,0.0219222996383905,-0.0004719251883216
0.1521137828592006,0.0216939207166433,-0.0002992899098899
0.1522137918617213,0.0230520702898502,-0.0000393818118027
0.1523138008642420,0.0224827900528908,-0.0001061041984940
0.1524138098667627,0.0237401407212019,0.0004588669107761
0.1525138188692834,0.0226613599807024,0.0002402615937172
0.1526138278718041,0.0229641105979681,0.0005740749184042
0.1527138368743249,0.0222500897943974,0.0004240891139489
0.1528138458768455,0.0246867500245571,0.0007216428057291
0.1529138548793663,0.0224243700504303,0.0002982055011671
0.1530138638818870,0.0225921105593443,0.0001829639950301
0.1531138728844077,0.0250062495470047,0.0005521707935259
0.1532138818869284,0.0247911494225264,0.0005218851729296
0.1533138908894491,0.0270098503679037,0.0008710459806025
0.1534138998919698,0.0261257700622082,0.0007501359214075
0.1535139088944905,0.0276800096035004,0.0004602714907378
0.1536139178970112,0.0267745293676853,0.0002778673078865
0.1537139268995319,0.0254422705620527,-0.0001512993039796
0.1538139359020526,0.0263346098363400,-0.0001374402927468
0.1539139449045733,0.0252231899648905,-0.0003844132006634
0.1540139539070940,0.0281838104128838,-0.0000475193701277
0.1541139629096147,0.0274553503841162,-0.0002509914920665
0.1542139719121354,0.0277113802731037,-0.0002416708011879
0.1543139809146561,0.0280850809067488,0.0000378631593776
0.1544139899171768,0.0285143591463566,0.0002935573866125
0.1545139989196976,0.0289014093577862,0.0005370302242227
0.1546140079222182,0.0279637593775988,0.0003931550891139
0.1547140169247390,0.0310883205384016,0.0008710731053725
0.1548140259272597,0.0300662908703089,0.0005689638783224
0.1549140349297804,0.0315270312130451,0.0003770216135308
0.1550140439323011,0.0293166004121304,-0.0002362501982134
0.1551140529348218,0.0307322498410940,-0.0000324933716911
0.1552140619373425,0.0305044502019882,-0.0001415987062501
0.1553140709398632,0.0300115291029215,-0.0000738820526749
0.1554140799423839,0.0304237306118011,-0.0001296310947509
0.1555140889449046,0.0297674108296633,-0.0001218452016474
0.1556140979474253,0.0318745113909245,0.0002515786036383
0.1557141069499460,0.0306141208857298,0.0000024816449695
0.1558141159524667,0.0296479295939207,-0.0003124600916635
0.1559141249549874,0.0305557008832693,-0.0002046919980785
0.1560141339575081,0.0294550191611052,-0.0002933894866146
0.1561141429600288,0.0303050708025694,-0.0001286188053200
0.1562141519625495,0.0295742005109787,-0.0002286113012815
0.1563141609650703,0.0279616098850965,-0.0000014571400015
0.1564141699675909,0.0304584205150604,0.0005891232867725
0.1565141789701117,0.0282723195850849,0.0003441332955845
0.1566141879726324,0.0305841993540525,0.0003816825046670
0.1567141969751531,0.0281797293573618,-0.0002192303945776
0.1568142059776738,0.0290907006710768,-0.0003099227033090
0.1569142149801945,0.0278578400611877,-0.0002799537032843
0.1570142239827152,0.0261416099965572,-0.0009026445914060
0.1571142329852359,0.0286093708127737,-0.0005325708771124
0.1572142419877566,0.0274967495352030,-0.0005254906136543
0.1573142509902773,0.0272896997630596,-0.0007973535102792
0.1574142599927980,0.0273092705756426,-0.0002245514042443
0.1575142689953187,0.0271423701196909,-0.0000406310609833
0.1576142779978394,0.0288559291511774,0.0002813889004756
0.1577142870003601,0.0288227200508118,0.0004325092013460
0.1578142960028808,0.0303771197795868,0.0005827646818943
0.1579143050054015,0.0293611902743578,0.0005532621289603
0.1580143140079223,0.0277674607932568,0.0000631097718724
0.1581143230104430,0.0293585602194071,0.0002279215987073
0.1582143320129636,0.0286167003214359,0.0002059191028820
0.1583143410154844,0.0306094307452440,0.0006624720990658
0.1584143500180051,0.0287342499941587,0.0002351492003072
0.1585143590205258,0.0302683897316456,0.0002938407124020
0.1586143680230465,0.0289201308041811,0.0000206286094908
0.1587143770255672,0.0279125794768333,-0.0001961421949090
0.1588143860280879,0.0285592190921307,-0.0001345689961454
0.1589143950306086,0.0278617106378078,-0.0001740779989632
0.1590144040331293,0.0288214292377234,-0.0000812657672213
0.1591144130356500,0.0281909294426441,-0.0000761980481911
0.1592144220381707,0.0299447793513536,0.0003127815143671
0.1593144310406914,0.0301107298582792,0.0005431683966890
0.1594144400432121,0.0296962894499302,0.0006309699965641
0.1595144490457328,0.0309630706906319,0.0006038032006472
0.1596144580482535,0.0290156099945307,0.0005951239727437
0.1597144670507742,0.0262909401208162,-0.0000660450023133
0.1598144760532950,0.0274118408560753,0.0000955085415626
0.1599144850558157,0.0264814905822277,-0.0001253330992768
0.1600144940583364,0.0280622094869614,-0.0000247547504841
0.1601145030608571,0.0268837902694941,-0.0005091960774735
0.1602145120633778,0.0280438698828220,-0.0005926102749072
0.1603145210658985,0.0279340092092752,-0.0003402663860470
0.1604145300684192,0.0260857306420803,-0.0006736161885783
0.1605145390709399,0.0262964796274900,-0.0004707172920462
0.1606145480734606,0.0244528204202652,-0.0007332779932767
0.1607145570759813,0.0250546205788851,-0.0005685248179361
0.1608145660785020,0.0250667501240969,-0.0001902545045596
0.1609145750810227,0.0254792403429747,-0.0004526441916823
0.1610145840835434,0.0253186300396919,-0.0001537984062452
0.1611145930860641,0.0238230507820845,-0.0003846271138173
0.1612146020885848,0.0247099194675684,-0.0000248954202107
0.1613146110911055,0.0235544200986624,-0.0001250054046977
0.1614146200936262,0.0235657207667828,0.0000441114789282
0.1615146290961469,0.0243164505809546,0.0002843874099199
0.1616146380986677,0.0223960205912590,0.0001495173055446
0.1617146471011884,0.0234797596931458,0.0002280220942339
0.1618146561037091,0.0233069006353617,0.0002240752946818
0.1619146651062298,0.0228549391031265,-0.0000396648792957
0.1620146741087505,0.0230756700038910,-0.0002592034870759
0.1621146831112712,0.0233488902449608,-0.0000596774916630
0.1622146921137919,0.0237234290689230,0.0001121703971876
0.1623147011163126,0.0229426007717848,0.0000303057495330
0.1624147101188333,0.0235158298164606,0.0002051441988442
0.1625147191213540,0.0240173395723104,0.0006273129838519
0.1626147281238747,0.0243019703775644,0.0008306145900860
0.1627147371263954,0.0235114693641663,0.0003975158033427
0.1628147461289161,0.0216774009168148,0.0000188999692909
0.1629147551314368,0.0232230592519045,0.0004021722124889
0.1630147641339575,0.0237333904951811,0.0007346384809352
0.1631147731364782,0.0251123495399952,0.0005810305010527
0.1632147821389990,0.0235238503664732,0.0004018014878966
0.1633147911415196,0.0233421195298433,0.0000570917982259
0.1634148001440404,0.0246736500412226,0.0002489693870302
0.1635148091465611,0.0247865095734596,0.0002932957140729
0.1636148181490818,0.0253748297691345,0.0002136430994142
0.1637148271516025,0.0230014491826296,-0.0005482818232849
0.1638148361541232,0.0252177305519581,-0.0002449522144161
0.1639148451566439,0.0248337704688311,-0.0001790881942725
0.1640148541591646,0.0253465101122856,-0.0002555779065005
0.1641148631616853,0.0253343004733324,-0.0003482509055175
0.1642148721642060,0.0252497605979443,-0.0003168307011947
0.1643148811667267,0.0264179091900587,0.0000099353819678
0.1644148901692474,0.0247996207326651,-0.0001482171937823
0.1645148991717681,0.0268362890928984,0.0005231543909758
0.1646149081742888,0.0251651909202337,0.0004873095022049
0.1647149171768095,0.0264811106026173,0.0005676390137523
0.1648149261793302,0.0259134992957115,0.0003621506039053
0.1649149351818510,0.0257073491811752,0.0001131843964686
0.1650149441843717,0.0268030092120171,0.0000302192092931
0.1651149531868924,0.0251596402376890,-0.0004440709890332
0.1652149621894131,0.0276226792484522,-0.0000987122766674
0.1653149711919338,0.0254971999675035,-0.0004769921069965
0.1654149801944545,0.0262380801141262,-0.0008686968940310
0.1655149891969752,0.0307107307016850,-0.0007532769232057
0.1656149981994959,0.0349911712110043,-0.0003356483066455
0.1657150072020166,0.0404124185442924,0.0008298025932163
0.1658150162045373,0.0398993492126465,0.0007566765998490
0.1659150252070580,0.0425513498485088,0.0007863091886975
0.1660150342095787,0.0457498393952847,0.0019952489528805
0.1661150432120994,0.0418078601360321,0.0027585220523179
0.1662150522146201,0.0849972963333130,0.0849963128566742
0.1663150612171408,0.0849974974989891,0.0849959403276443
0.1664150702196615,0.0849971696734428,0.0849970728158951
0.1665150792221822,0.0849975869059563,0.0849971771240234
0.1666150882247029,0.0849974378943443,0.0849728733301163
0.1667150972272237,0.0849975720047951,0.0849679484963417
0.1668151062297444,0.0314120501279831,0.0320189781486988
0.1669151152322651,0.0288843996822834,0.0257767196744680
0.1670151242347858,0.0275171995162964,0.0213187690824270
0.1671151332373065,0.0270491708070040,0.0161624494940042
0.1672151422398272,0.0243871994316578,0.0131684700027108
0.1673151512423479,0.0216314792633057,0.0107273403555155
0.1674151602448686,0.0197181291878223,0.0074263680726290
0.1675151692473893,0.0182626899331808,0.0046430141665041
0.1676151782499100,0.0176321808248758,0.0024578201118857
0.1677151872524307,0.0164865292608738,0.0004384728963487
0.1678151962549514,0.0167694892734289,-0.0017017750069499
0.1679152052574721,0.0167419798672199,-0.0034416948910803
0.1680152142599928,0.0153505196794868,-0.0044222287833691
0.1681152232625135,0.0160648692399263,-0.0058728242293000
0.1682152322650342,0.0160252302885056,-0.0065777557902038
0.1683152412675549,0.0171269401907921,-0.0071147228591144
0.1684152502700756,0.0180940106511116,-0.0076843178831041
0.1685152592725964,0.0195668190717697,-0.0080926371738315
0.1686152682751171,0.0186874493956566,-0.0078929951414466
0.1687152772776378,0.0197214204818010,-0.0081712193787098
0.1688152862801585,0.0192108899354935,-0.0072025558911264
0.1689152952826792,0.0197499096393585,-0.0065577491186559
0.1690153042851999,0.0202667806297541,-0.0061510480009019
0.1691153132877206,0.0197178795933723,-0.0050186058506370
0.1692153222902413,0.0213027708232403,-0.0045390632003546
0.1693153312927620,0.0203940197825432,-0.0032832520082593
0.1694153402952827,0.0206292998045683,-0.0029019198846072
0.1695153492978034,0.0192723795771599,-0.0020436809863895
0.1696153583003241,0.0187999401241541,-0.0015561940381303
0.1697153673028448,0.0181421991437674,-0.0010607589501888
0.1698153763053655,0.0181522108614445,-0.0004414936120156
0.1699153853078862,0.0177976600825787,0.0004487443075050
0.1700153943104069,0.0175295006483793,0.0009158303146251
0.1701154033129276,0.0174559894949198,0.0014420710504055
0.1702154123154484,0.0176913104951382,0.0018224789528176
0.1703154213179691,0.0167073290795088,0.0021115168929100
0.1704154303204898,0.0162356495857239,0.0022757810074836
0.1705154393230105,0.0170273203402758,0.0020377170294523
0.1706154483255312,0.0156453493982553,0.0019759160932153
0.1707154573280519,0.0139140002429485,0.0016234549693763
0.1708154663305726,0.0148152103647590,0.0015900729922578
0.1709154753330933,0.0152584798634052,0.0014287630328909
0.1710154843356140,0.0158587694168091,0.0011486100265756
0.1711154933381347,0.0152649302035570,0.0012787029845640
0.1712155023406554,0.0158133506774902,0.0008592659141868
0.1713155113431761,0.0145122902467847,0.0008765921811573
0.1714155203456968,0.0152217596769333,0.0006504993070848
0.1715155293482175,0.0144368102774024,0.0002298439067090
0.1716155383507382,0.0147954002022743,0.0003978773020208
0.1717155473532589,0.0137228602543473,0.0002817953063641
0.1718155563557796,0.0141166402027011,0.0001050221035257
0.1719155653583004,0.0135861998423934,0.0001305822952418
0.1720155743608211,0.0145473796874285,0.0001415575970896
0.1721155833633418,0.0133501598611474,0.0003583254001569
0.1722155923658625,0.0126686403527856,0.0004129227891099
0.1723156013683832,0.0121475495398045,0.0001078685963876
0.1724156103709039,0.0123082697391510,-0.0001189764006995
0.1725156193734246,0.0123120499774814,-0.0006423431914300
0.1726156283759453,0.0120210200548172,-0.0006556562148035
0.1727156373784660,0.0111984498798847,-0.0006228358834051
0.1728156463809867,0.0109928296878934,-0.0006543511990458
0.1729156553835074,0.0121540101245046,-0.0012046459596604
0.1730156643860281,0.0110874995589256,-0.0007030019769445
0.1731156733885488,0.0113019300624728,-0.0004344155895524
0.1732156823910695,0.0115352999418974,-0.0006468378123827
0.1733156913935902,0.0121706295758486,-0.0004734469112009
0.1734157003961109,0.0124072702601552,-0.0006409572088160
0.1735157093986316,0.0118442401289940,-0.0005100771086290
0.1736157184011524,0.0122592002153397,-0.0007849981775507
0.1737157274036731,0.0123817399144173,-0.0007295099785551
0.1738157364061938,0.0132793197408319,-0.0004348657093942
0.1739157454087145,0.0134245697408915,-0.0005417229840532
0.1740157544112352,0.0142166297882795,-0.0003880790900439
0.1741157634137559,0.0137765798717737,-0.0001177254016511
0.1742157724162766,0.0138047197833657,-0.0001211092967424
0.1743157814187973,0.0123422602191567,0.0001549715962028
0.1744157904213180,0.0138085400685668,0.0000275141901511
0.1745157994238387,0.0142557201907039,-0.0002443584962748
0.1746158084263594,0.0150943603366613,-0.0005256921867840
0.1747158174288801,0.0154996700584888,-0.0004623236891348
0.1748158264314008,0.0151480501517653,-0.0003636961919256
0.1749158354339215,0.0162210091948509,-0.0004436002054717
0.1750158444364422,0.0149052999913692,-0.0000397440489905
0.1751158534389629,0.0165908392518759,0.0001727825001581
0.1752158624414836,0.0155528401955962,0.0001109342993004
0.1753158714440043,0.0162037294358015,0.0004740158910863
0.1754158804465251,0.0152356904000044,0.0004248165932950
0.1755158894490458,0.0156618505716324,0.0002711201959755
0.1756158984515665,0.0155681697651744,0.0001666845928412
0.1757159074540872,0.0162521302700043,0.0000034861459426
0.1758159164566079,0.0161784403026104,0.0001026450991048
0.1759159254591286,0.0160929895937443,-0.0000010653060372
0.1760159344616493,0.0170972701162100,-0.0000593230506638
0.1761159434641700,0.0163390897214413,-0.0003073118859902
0.1762159524666907,0.0170261804014444,-0.0001581638935022
0.1763159614692114,0.0161110702902079,-0.0002454062050674
0.1764159704717321,0.0164730995893478,-0.0007389679085463
0.1765159794742528,0.0159891694784164,-0.0004855905135628
0.1766159884767735,0.0171680003404617,-0.0004599629901350
0.1767159974792942,0.0164906904101372,-0.0003117859887425
0.1768160064818149,0.0158790498971939,-0.0002542586880736
0.1769160154843356,0.0168510805815458,-0.0004078669007868
0.1770160244868563,0.0170287601649761,-0.0001569682062836
0.1771160334893771,0.0181421097368002,-0.0000112193101813
0.1772160424918978,0.0180497895926237,-0.0001558437943459
0.1773160514944185,0.0191239397972822,-0.0000592263895669
0.1774160604969392,0.0183784402906895,0.0000154975805344
0.1775160694994599,0.0199456904083490,-0.0000448127393611
0.1776160785019806,0.0191760193556547,-0.0005236706929281
0.1777160875045013,0.0192247200757265,-0.0006169679109007
0.1778160965070220,0.0199289899319410,-0.0005176665727049
0.1779161055095427,0.0193123500794172,-0.0005699970060959
0.1780161145120634,0.0207782201468945,-0.0006589837139472
0.1781161235145841,0.0193865504115820,-0.0003651480074041
0.1782161325171048,0.0209454391151667,-0.0003774868091568
0.1783161415196255,0.0214291494339705,-0.0001936844055308
0.1784161505221462,0.0226632896810770,-0.0002443061093800
0.1785161595246669,0.0214837100356817,-0.0000728854065528
0.1786161685271876,0.0201563499867916,0.0002780962095130
0.1787161775297083,0.0212334692478180,-0.0000752123378334
0.1788161865322290,0.0215225908905268,-0.0002062533021672
0.1789161955347498,0.0222398992627859,0.0000633623931208
0.1790162045372705,0.0219259504228830,-0.0000590765084780
0.1791162135397912,0.0240606795996428,-0.0001654039951973
0.1792162225423119,0.0233919899910688,-0.0000232942202274
0.1793162315448326,0.0232576504349709,-0.0002858432126231
0.1794162405473533,0.0239329207688570,-0.0000930518508540
0.1795162495498740,0.0247379094362259,-0.0005049571045674
0.1796162585523947,0.0253840796649456,-0.0007140447851270
0.1797162675549154,0.0248356796801090,-0.0006350831245072
0.1798162765574361,0.0255926102399826,-0.0005552878719755
0.1799162855599568,0.0254363995045424,-0.0004386217042338
0.1800162945624775,0.0254859793931246,-0.0004009818949271
0.1801163035649982,0.0241608303040266,0.0001554993941681
0.1802163125675189,0.0251201000064611,0.0001890548010124
0.1803163215700396,0.0265574995428324,0.0000513638588018
0.1804163305725603,0.0263070594519377,0.0000297579408652
0.1805163395750810,0.0278320200741291,-0.0000441628690169
0.1806163485776018,0.0262073595076799,-0.0000016765339979
0.1807163575801225,0.0256453305482864,-0.0000802179420134
0.1808163665826432,0.0271116308867931,-0.0001234933006344
0.1809163755851639,0.0248112305998802,0.0001528954016976
0.1810163845876846,0.0270478203892708,-0.0003647971025202
0.1811163935902053,0.0273345001041889,-0.0002353284071432
0.1812164025927260,0.0285394601523876,-0.0004703394952230
0.1813164115952467,0.0283335708081722,-0.0003879643918481
0.1814164205977674,0.0292498301714659,-0.0006624066736549
0.1815164296002881,0.0280295703560114,-0.0004901601932943
0.1816164386028088,0.0270638391375542,-0.0003172956057824
0.1817164476053295,0.0281934496015310,-0.0002513731014915
0.1818164566078502,0.0267538391053677,-0.0000359475016012
0.1819164656103709,0.0258613806217909,0.0000785928714322
0.1820164746128916,0.0264241807162762,0.0003314304049127
0.1821164836154123,0.0256939008831978,0.0003379225963727
0.1822164926179330,0.0270944107323885,0.0002811980957631
0.1823165016204537,0.0266188699752092,0.0004035563906655
0.1824165106229745,0.0261309202760458,0.0004129745939281
0.1825165196254952,0.0264705605804920,0.0002308784023626
0.1826165286280159,0.0284484494477510,-0.0000571829696128
0.1827165376305366,0.0278496891260147,0.0000485678610858
0.1828165466330573,0.0274369008839130,-0.0002577599952929
0.1829165556355780,0.0265046004205942,-0.0002160166040994
0.1830165646380987,0.0273433104157448,-0.0003028480859939
0.1831165736406194,0.0272752195596695,-0.0003962052869610
0.1832165826431401,0.0281888600438833,-0.0003871152875945
0.1833165916456608,0.0286283604800701,-0.0000674203183735
0.1834166006481815,0.0280922893434763,0.0000502227703691
0.1835166096507022,0.0287702400237322,0.0000579558800382
0.1836166186532229,0.0284070000052452,0.0001657354005147
0.1837166276557436,0.0300872493535280,0.0001547511928948
0.1838166366582643,0.0292329601943493,0.0001204103973578
0.1839166456607850,0.0291652996093035,0.0000667266504024
0.1840166546633057,0.0288558192551136,0.0001306076010223
0.1841166636658265,0.0280432794243097,0.0000435277688666
0.1842166726683472,0.0285873599350452,0.0001987373980228
0.1843166816708679,0.0294267404824495,0.0000521523288626
0.1844166906733886,0.0284632109105587,0.0000333515090460
0.1845166996759093,0.0295801199972630,-0.0001424196962034
0.1846167086784300,0.0281528197228909,-0.0001744613982737
0.1847167176809507,0.0310441497713327,-0.0004438373143785
0.1848167266834714,0.0313650108873844,-0.0004670711059589
0.1849167356859921,0.0313054211437702,-0.0003321836993564
0.1850167446885128,0.0317326895892620,-0.0001978751970455
0.1851167536910335,0.0303097795695066,0.0000187001496670
0.1852167626935542,0.0327325686812401,0.0000346051201632
0.1853167716960749,0.0314777009189129,0.0003224353131372
0.1854167806985956,0.0321979299187660,0.0001708740019239
0.1855167897011163,0.0319158099591732,0.0001256182003999
0.1856167987036370,0.0308937206864357,0.0003021436859854
0.1857168077061577,0.0307320095598698,0.0001896722969832
0.1858168167086785,0.0299424305558205,0.0002911094052251
0.1859168257111992,0.0293565094470978,0.0003270037123002
0.1860168347137199,0.0297661907970905,0.0001071158985724
0.1861168437162406,0.0287962406873703,0.0002845565904863
0.1862168527187613,0.0282976906746626,0.0001231875066878
0.1863168617212820,0.0286123305559158,-0.0001642681017984
0.1864168707238027,0.0283917002379894,0.0000226581705647
0.1865168797263234,0.0285253208130598,0.0001249759952771
0.1866168887288441,0.0278760902583599,0.0002002450055443
0.1867168977313648,0.0275993701070547,0.0001849553955253
0.1868169067338855,0.0268094707280397,0.0002492300991435
0.1869169157364062,0.0243243891745806,0.0004623442946468
0.1870169247389269,0.0246711503714323,0.0006041656015441
0.1871169337414476,0.0262792706489563,0.0005606429185718
0.1872169427439683,0.0265987999737263,0.0005223341868259
0.1873169517464890,0.0255068298429251,0.0002776756882668
0.1874169607490097,0.0252329707145691,0.0003635809989646
0.1875169697515305,0.0250252801924944,0.0003999047912657
0.1876169787540512,0.0262782499194145,-0.0001286010956392
0.1877169877565719,0.0250902306288481,-0.0000923187399167
0.1878169967590926,0.0256668608635664,-0.0002551935904194
0.1879170057616133,0.0261423308402300,-0.0003013857931364
0.1880170147641340,0.0254600495100021,-0.0002686126099434
0.1881170237666547,0.0246678497642279,-0.0002666267100722
0.1882170327691754,0.0250965207815170,-0.0001840132026700
0.1883170417716961,0.0247261691838503,0.0000794567822595
0.1884170507742168,0.0255603399127722,0.0000005211089729
0.1885170597767375,0.0250802207738161,-0.0003164935915265
0.1886170687792582,0.0264571607112885,-0.0001195926015498
0.1887170777817789,0.0263244006782770,-0.0000354063195118
0.1888170867842996,0.0246604699641466,0.0002826642885339
0.1889170957868203,0.0267516896128654,0.0000837099432829
0.1890171047893410,0.0251456107944250,0.0001764103944879
0.1891171137918617,0.0264372006058693,-0.0000015560119664
0.1892171227943824,0.0249093398451805,-0.0000511739708600
0.1893171317969032,0.0228019207715988,-0.0000127562298076
0.1894171407994239,0.0252237394452095,-0.0001662009017309
0.1895171498019446,0.0258128400892019,-0.0003408419142943
0.1896171588044653,0.0278211608529091,-0.0006465294864029
0.1897171678069860,0.0269428901374340,-0.0005393776809797
0.1898171768095067,0.0255654696375132,-0.0003586703096516
0.1899171858120274,0.0273218192160130,-0.0004374067939352
0.1900171948145481,0.0253589097410440,-0.0000824363887659
0.1901172038170688,0.0271274205297232,-0.0000760405673645
0.1902172128195895,0.0265772007405758,0.0000609889793850
0.1903172218221102,0.0266437996178865,0.0001194755968754
0.1904172308246309,0.0262644905596972,0.0003736721992027
0.1905172398271516,0.0252962298691273,0.0005046084988862
0.1906172488296723,0.0271019507199526,0.0001334411936114
0.1907172578321930,0.0261778794229031,0.0002890185860451
0.1908172668347137,0.0260307006537914,0.0001836273004301
0.1909172758372344,0.0245037898421288,0.0004493583110161
0.1910172848397551,0.0244995690882206,0.0003409456985537
0.1911172938422759,0.0250413697212934,0.0000452130516351
0.1912173028447966,0.0243669692426920,0.0001152115000878
0.1913173118473173,0.0249929595738649,-0.0001642566057853
0.1914173208498380,0.0251265801489353,-0.0003207956033293
0.1915173298523587,0.0236361809074879,-0.0001406146038789
0.1916173388548794,0.0239734891802073,0.0002012006007135
0.1917173478574001,0.0231153909116983,0.0001838486932684
0.1918173568599208,0.0235600601881742,0.0002834787010215
0.1919173658624415,0.0233088806271553,0.0003921230090782
0.1920173748649622,0.0231065191328526,0.0003513348929118
0.1921173838674829,0.0250890199095011,0.0001981980021810
0.1922173928700036,0.0272531304508448,-0.0005050742765889
0.1923174018725243,0.0322634316980839,-0.0012464079773054
0.1924174108750450,0.0375176407396793,-0.0027114909607917
0.1925174198775657,0.0395857915282249,-0.0043901731260121
0.1926174288800865,0.0430407784879208,-0.0072279851883650
0.1927174378826071,0.0446598008275032,-0.0113627398386598
0.1928174468851279,0.0322713814675808,-0.0118539500981569
0.1929174558876486,0.0849968865513802,0.0849595665931702
0.1930174648901693,0.0849969536066055,0.0849605873227119
0.1931174738926900,0.0849970430135727,0.0849971696734428
0.1932174828952107,0.0849964022636414,0.0849979072809219
0.1933174918977314,0.0849966630339622,0.0849976465106010
0.1934175009002521,0.0346246808767319,-0.0247000902891159
0.1935175099027728,0.0304474104195833,-0.0166428294032812
0.1936175189052935,0.0280703809112310,-0.0124572301283479
0.1937175279078142,0.0248106904327869,-0.0085195126011968
0.1938175369103349,0.0224241092801094,-0.0059541589580476
0.1939175459128556,0.0200585406273603,-0.0039710840210319
0.1940175549153763,0.0188012104481459,-0.0019003970082849
0.1941175639178970,0.0184576697647572,-0.0004803070041817
0.1942175729204177,0.0177344307303429,0.0019998329225928
0.1943175819229384,0.0176166296005249,0.0036100719589740
0.1944175909254592,0.0177109800279140,0.0035618951078504
0.1945175999279798,0.0173744205385447,0.0037241110112518
0.1946176089305006,0.0173138603568077,0.0045702010393143
0.1947176179330213,0.0175522901117802,0.0044911429286003
0.1948176269355420,0.0177324395626783,0.0040661660023034
0.1949176359380627,0.0177310798317194,0.0036482641007751
0.1950176449405834,0.0183138791471720,0.0029947389848530
0.1951176539431041,0.0185067597776651,0.0024483460001647
0.1952176629456248,0.0191002599895000,0.0023142991121858
0.1953176719481455,0.0190149191766977,0.0020597220864147
0.1954176809506662,0.0197011902928352,0.0019834379199892
0.1955176899531869,0.0191070307046175,0.0016326040495187
0.1956176989557076,0.0204669591039419,0.0015728280413896
0.1957177079582283,0.0198988001793623,0.0012877749977633
0.1958177169607490,0.0198799297213554,0.0012637489708140
0.1959177259632697,0.0194638799875975,0.0009389406768605
0.1960177349657904,0.0201257504522800,0.0006303521804512
0.1961177439683111,0.0206387601792812,0.0006154312286526
0.1962177529708319,0.0199087504297495,0.0000577832797717
0.1963177619733526,0.0206909794360399,0.0001654357038205
0.1964177709758733,0.0192060992121696,0.0002244161005365
0.1965177799783940,0.0199983492493629,0.0001508128043497
0.1966177889809147,0.0186095200479031,0.0000546449191461
0.1967177979834354,0.0196592807769775,0.0000061057799030
0.1968178069859561,0.0185718908905983,-0.0003842563892249
0.1969178159884768,0.0195388607680798,-0.0005712016136386
0.1970178249909975,0.0181022100150585,-0.0008270405232906
0.1971178339935182,0.0188089497387409,-0.0010614469647408
0.1972178429960389,0.0175532791763544,-0.0012717769714072
0.1973178519985596,0.0177434105426073,-0.0012382629793137
0.1974178610010803,0.0161348301917315,-0.0010481900535524
0.1975178700036010,0.0153284100815654,-0.0009014608222060
0.1976178790061217,0.0165343508124352,-0.0005872091278434
0.1977178880086425,0.0156413298100233,-0.0002400377998129
0.1978178970111631,0.0173365101218224,-0.0000855617327034
0.1979179060136838,0.0163771491497755,0.0002346041001147
0.1980179150162046,0.0174785591661930,0.0002387957938481
0.1981179240187253,0.0164693091064692,0.0001744761975715
0.1982179330212460,0.0171316303312778,-0.0002298955951119
0.1983179420237667,0.0153920901939273,-0.0003214580065105
0.1984179510262874,0.0162827707827091,-0.0001449389965273
0.1985179600288081,0.0144977299496531,-0.0000797375614638
0.1986179690313288,0.0151463197544217,-0.0001085028998205
0.1987179780338495,0.0137085197493434,0.0000127962503029
0.1988179870363702,0.0130076603963971,-0.0000160740091815
0.1989179960388909,0.0135832699015737,-0.0000557711100555
0.1990180050414116,0.0125288097187877,-0.0001436901948182
0.1991180140439323,0.0135350897908211,-0.0003987904929090
0.1992180230464530,0.0127576803788543,-0.0003151030105073
0.1993180320489737,0.0134177198633552,-0.0000755166693125
0.1994180410514944,0.0132379103451967,-0.0001934137981152
0.1995180500540152,0.0125843398272991,0.0002116956020473
0.1996180590565358,0.0139173604547977,0.0006327328737825
0.1997180680590566,0.0126590700820088,0.0005103421863168
0.1998180770615773,0.0124969696626067,0.0006367412279360
0.1999180860640980,0.0126950498670340,0.0004307065100875
0.2000180950666187,0.0128986099734902,-0.0000917042270885
0.2001181040691394,0.0137385297566652,-0.0003453461977188
0.2002181130716601,0.0130788004025817,-0.0004302971938159
0.2003181220741808,0.0145912198349833,-0.0003527548105922
0.2004181310767015,0.0144228497520089,-0.0001929342979565
0.2005181400792222,0.0146884704008698,-0.0000058846271713
0.2006181490817429,0.0145429000258446,0.0002160324947909
0.2007181580842636,0.0149893499910831,0.0003245797124691
0.2008181670867843,0.0149243799969554,-0.0000636009572190
0.2009181760893050,0.0144549300894141,0.0002291207929375
0.2010181850918257,0.0156016498804092,0.0000905883280211
0.2011181940943464,0.0147844702005386,-0.0000434311805293
0.2012182030968671,0.0147450398653746,-0.0000606338398939
0.2013182120993879,0.0147818299010396,-0.0000988528627204
0.2014182211019085,0.0156300701200962,0.0000546608098375
0.2015182301044293,0.0156184798106551,-0.0000656031625113
0.2016182391069500,0.0163039509207010,0.0002442862023599
0.2017182481094707,0.0154689196497202,0.0001403922069585
0.2018182571119914,0.0148069197311997,-0.0003501753089949
0.2019182661145121,0.0160392206162214,-0.0003132818092126
0.2020182751170328,0.0148344999179244,-0.0004088733112440
0.2021182841195535,0.0152877299115062,-0.0005858149961568
0.2022182931220742,0.0147370900958776,-0.0008094654185697
0.2023183021245949,0.0158970803022385,-0.0005891727050766
0.2024183111271156,0.0158697906881571,-0.0006804179865867
0.2025183201296363,0.0150340897962451,-0.0003300707903691
0.2026183291321570,0.0164222996681929,-0.0001936985063367
0.2027183381346777,0.0161986500024796,0.0001659569970798
0.2028183471371984,0.0163221992552280,0.0003181778010912
0.2029183561397191,0.0158846694976091,0.0001906092948047
0.2030183651422398,0.0172984693199396,0.0004082199884579
0.2031183741447606,0.0174531806260347,0.0002236900036223
0.2032183831472812,0.0179284494370222,0.0000960401303018
0.2033183921498020,0.0165091902017593,-0.0000715564165148
0.2034184011523227,0.0166675597429276,-0.0000635988108115
0.2035184101548434,0.0178260803222656,-0.0002625006891321
0.2036184191573641,0.0180052202194929,-0.0000999834228423
0.2037184281598848,0.0189894307404757,0.0000886818525032
0.2038184371624055,0.0183822792023420,-0.0002278828033013
0.2039184461649262,0.0196193195879459,0.0000456308407593
0.2040184551674469,0.0193621907383204,-0.0004028236144222
0.2041184641699676,0.0204098392277956,0.0000967067171587
0.2042184731724883,0.0203701704740524,-0.0001876158930827
0.2043184821750090,0.0190453603863716,-0.0002719456097111
0.2044184911775297,0.0200622808188200,-0.0003285614948254
0.2045185001800504,0.0189420692622662,-0.0001167629015981
0.2046185091825712,0.0212801098823547,0.0004825885116588
0.2047185181850918,0.0214770194143057,0.0003978188906331
0.2048185271876126,0.0229265596717596,0.0008229807717726
0.2049185361901333,0.0230782497674227,0.0004582066903822
0.2050185451926540,0.0229416396468878,0.0003617774927989
0.2051185541951747,0.0238766893744469,-0.0000881492669578
0.2052185631976954,0.0222908090800047,-0.0004218415997457
0.2053185722002161,0.0238748602569103,-0.0001597827067599
0.2054185812027368,0.0223849993199110,-0.0007189948228188
0.2055185902052575,0.0244418606162071,-0.0001385835930705
0.2056185992077782,0.0233905892819166,-0.0001905581011670
0.2057186082102989,0.0246992707252502,0.0002982585865539
0.2058186172128196,0.0248235594481230,0.0000486723183712
0.2059186262153403,0.0240831691771746,0.0002479804970790
0.2060186352178610,0.0247918590903282,0.0000912503164727
0.2061186442203817,0.0231031998991966,-0.0005141671281308
0.2062186532229024,0.0241992902010679,-0.0002472361957189
0.2063186622254231,0.0244520902633667,0.0001486326946178
0.2064186712279439,0.0255106706172228,0.0003822671133094
0.2065186802304645,0.0265482403337955,0.0006268272991292
0.2066186892329853,0.0273090396076441,0.0008396956254728
0.2067186982355060,0.0277287997305393,0.0007175846840255
0.2068187072380267,0.0268590208142996,0.0003307923034299
0.2069187162405474,0.0281405001878738,0.0004643356078304
0.2070187252430681,0.0280279703438282,0.0002365541004110
0.2071187342455888,0.0285894498229027,0.0000643250823487
0.2072187432481095,0.0279481895267963,-0.0002087694010697
0.2073187522506302,0.0262532699853182,-0.0005656491848640
0.2074187612531509,0.0278647691011429,-0.0003564787912183
0.2075187702556716,0.0273204892873764,-0.0003205866087228
0.2076187792581923,0.0291088391095400,0.0001748826034600
0.2077187882607130,0.0278455000370741,0.0000117164800031
0.2078187972632337,0.0283365193754435,0.0005916819209233
0.2079188062657544,0.0283317808061838,0.0003103434864897
0.2080188152682751,0.0277955699712038,0.0004332920070738
0.2081188242707958,0.0296153705567122,0.0005490526091307
0.2082188332733166,0.0283337701112032,-0.0001211519993376
0.2083188422758372,0.0285770408809185,-0.0002114642993547
0.2084188512783580,0.0294080693274736,-0.0000898240905371
0.2085188602808787,0.0282031800597906,-0.0003354480140842
0.2086188692833994,0.0284310001879930,-0.0003856054099742
0.2087188782859201,0.0284679792821407,-0.0001263999001822
0.2088188872884408,0.0279812105000019,-0.0000860672225826
0.2089188962909615,0.0291421692818403,0.0000163684799190
0.2090189052934822,0.0287171602249146,-0.0004669032932725
0.2091189142960029,0.0299890805035830,0.0000175199693331
0.2092189232985236,0.0281277298927307,-0.0004466706886888
0.2093189323010443,0.0279041305184364,-0.0001181834013551
0.2094189413035650,0.0292242206633091,-0.0000564310212212
0.2095189503060857,0.0280314590781927,0.0000142967701322
0.2096189593086064,0.0298263393342495,0.0003810948110186
0.2097189683111272,0.0290336199104786,0.0004650964983739
0.2098189773136478,0.0284257400780916,0.0006838061963208
0.2099189863161685,0.0295243691653013,0.0005130799254403
0.2100189953186893,0.0287654008716345,0.0002740880881902
0.2101190043212099,0.0280922800302505,-0.0000293783105008
0.2102190133237307,0.0279093794524670,-0.0005474587087519
0.2103190223262514,0.0275523699820042,-0.0001421383058187
0.2104190313287721,0.0291257090866566,-0.0002865213900805
0.2105190403312928,0.0282785091549158,-0.0006987383821979
0.2106190493338135,0.0292674601078033,-0.0002406909043202
0.2107190583363342,0.0291673094034195,-0.0000021744299374
0.2108190673388549,0.0282922908663750,0.0000190155697055
0.2109190763413756,0.0293739996850491,0.0002068672038149
0.2110190853438963,0.0283584706485271,0.0000024149360343
0.2111190943464170,0.0269470605999231,-0.0001490366994403
0.2112191033489377,0.0287227407097816,-0.0001246460014954
0.2113191123514584,0.0283653996884823,0.0000791807324276
0.2114191213539791,0.0294406209141016,0.0002854185004253
0.2115191303564999,0.0295782908797264,0.0001285043981625
0.2116191393590205,0.0282431095838547,-0.0000730305328034
0.2117191483615413,0.0304359700530767,0.0003802507126238
0.2118191573640620,0.0298550706356764,0.0002781969087664
0.2119191663665827,0.0313287898898125,0.0003701715904754
0.2120191753691034,0.0302671100944281,0.0003864543105010
0.2121191843716241,0.0291588194668293,0.0002591650991235
0.2122191933741448,0.0297000203281641,-0.0001369317033095
0.2123192023766655,0.0283391792327166,-0.0002988238993566
0.2124192113791862,0.0286733601242304,-0.0000446258491138
0.2125192203817069,0.0280111003667116,-0.0001357473956887
0.2126192293842276,0.0264076106250286,-0.0003225349064451
0.2127192383867483,0.0279359295964241,0.0001299313007621
0.2128192473892691,0.0276925694197416,0.0002976297109853
0.2129192563917897,0.0270043890923262,0.0004918872728013
0.2130192653943104,0.0269880108535290,0.0002174188994104
0.2131192743968311,0.0259401798248291,-0.0000716302820365
0.2132192833993518,0.0257304906845093,0.0000911744427867
0.2133192924018726,0.0252444799989462,-0.0003078583977185
0.2134193014043932,0.0247814096510410,-0.0003726414870471
0.2135193104069140,0.0256283096969128,-0.0001850117987487
0.2136193194094347,0.0250023193657398,-0.0004323546017986
0.2137193284119554,0.0239266492426395,-0.0004282139998395
0.2138193374144761,0.0248213298618793,-0.0004688428016379
0.2139193464169968,0.0248030703514814,-0.0001075649997802
0.2140193554195175,0.0242100004106760,-0.0002672341070138
0.2141193644220382,0.0226302798837423,-0.0006524986238219
0.2142193734245589,0.0231655593961477,-0.0001451073039789
0.2143193824270796,0.0234689004719257,-0.0002733719011303
0.2144193914296003,0.0229651704430580,-0.0003336151130497
0.2145194004321210,0.0236423797905445,0.0000461626987089
0.2146194094346418,0.0240175593644381,0.0001684763992671
0.2147194184371624,0.0240957196801901,0.0004562640970107
0.2148194274396832,0.0254922099411488,0.0005444571725093
0.2149194364422038,0.0252660401165485,0.0006529025849886
0.2150194454447245,0.0256938394159079,0.0004754613910336
0.2151194544472453,0.0251177698373795,0.0002829883887898
0.2152194634497659,0.0247360505163670,0.0003024679899681
0.2153194724522867,0.0258335601538420,0.0001447522954550
0.2154194814548074,0.0241669006645679,-0.0001364855997963
0.2155194904573281,0.0254069603979588,0.0001989637967199
0.2156194994598488,0.0246191192418337,0.0000741793919588
0.2157195084623695,0.0250993706285954,0.0001766690984368
0.2158195174648902,0.0259183403104544,0.0002989887143485
0.2159195264674109,0.0242445096373558,-0.0000060279630816
0.2160195354699316,0.0263310205191374,0.0005592646775767
0.2161195444724523,0.0247204508632421,0.0003328488091938
0.2162195534749730,0.0255855694413185,0.0006601901259273
0.2163195624774937,0.0249457694590092,0.0005347303231247
0.2164195714800144,0.0241700708866119,0.0002167174970964
0.2165195804825351,0.0250124596059322,0.0002801227092277
0.2166195894850559,0.0241919402033091,0.0000615403623669
0.2167195984875765,0.0247697606682777,0.0000722396871424
0.2168196074900973,0.0251720603555441,0.0000976373776211
0.2169196164926180,0.0245182495564222,0.0000256597304542
0.2170196254951386,0.0257231295108795,-0.0001723196037346
0.2171196344976594,0.0247269608080387,-0.0002383849932812
0.2172196435001801,0.0267016291618347,0.0001232874928974
0.2173196525027008,0.0247256197035313,-0.0005263746134005
0.2174196615052215,0.0238240603357553,-0.0005907852901146
0.2175196705077422,0.0253901798278093,-0.0001822592021199
0.2176196795102629,0.0248762499541044,-0.0003339335089549
0.2177196885127836,0.0259497407823801,0.0000085976589617
0.2178196975153043,0.0255212001502514,0.0000912691102712
0.2179197065178250,0.0240103509277105,-0.0002002060064115
0.2180197155203457,0.0252380091696978,0.0002528119075578
0.2181197245228664,0.0254085604101419,0.0005194410914555
0.2182197335253871,0.0262190904468298,0.0000514833991474
0.2183197425279078,0.0250170007348061,-0.0000232516904362
0.2184197515304286,0.0251081995666027,-0.0003111244877800
0.2185197605329492,0.0258201994001865,-0.0002373979950789
0.2186197695354700,0.0246446803212166,-0.0004962838720530
0.2187197785379907,0.0258222203701735,-0.0005620013107546
0.2188197875405114,0.0280748698860407,-0.0010206860024482
0.2189197965430321,0.0326562188565731,-0.0006419995916076
0.2190198055455528,0.0382379591464996,0.0003826988104265
0.2191198145480735,0.0381651110947132,0.0006206627003849
0.2192198235505942,0.0424957908689976,0.0015544419875368
0.2193198325531149,0.0414474010467529,0.0015411620261148
0.2194198415556356,0.0382831804454327,0.0016790840309113
0.2195198505581563,0.0849973633885384,0.0849963128566742
0.2196198595606770,0.0849974974989891,0.0849961414933205
0.2197198685631977,0.0849972963333130,0.0849967896938324
0.2198198775657184,0.0849974825978279,0.0849972292780876
0.2199198865682392,0.0849974229931831,0.0849730297923088
0.2200198955707598,0.0849974900484085,0.0849730670452118
0.2201199045732805,0.0849974900484085,0.0849693417549133
0.2202199135758013,0.0298254191875458,0.0271485093981028
0.2203199225783219,0.0281874295324087,0.0223754104226828
0.2204199315808427,0.0271911006420851,0.0185934491455555
0.2205199405833634,0.0254673808813095,0.0154916597530246
0.2206199495858841,0.0221711304038763,0.0134636601433158
0.2207199585884048,0.0201406199485064,0.0104402303695679
0.2208199675909255,0.0184244196861982,0.0082862004637718
0.2209199765934462,0.0178397092968225,0.0053083440288901
0.2210199855959669,0.0170958805829287,0.0029398780316114
0.2211199945984876,0.0168548002839088,0.0007882699137554
0.2212200036010083,0.0170843005180359,-0.0010771059896797
0.2213200126035290,0.0167590007185936,-0.0028865220956504
0.2214200216060497,0.0173771902918816,-0.0045170839875937
0.2215200306085705,0.0171049404889345,-0.0055631659924984
0.2216200396110911,0.0183780491352081,-0.0066347811371088
0.2217200486136119,0.0188214797526598,-0.0074568698182702
0.2218200576161325,0.0202476698905230,-0.0079994369298220
0.2219200666186533,0.0203245300799608,-0.0081224925816059
0.2220200756211740,0.0202586501836777,-0.0080558080226183
0.2221200846236946,0.0200802795588970,-0.0075059421360493
0.2222200936262154,0.0211944393813610,-0.0075682830065489
0.2223201026287361,0.0202160794287920,-0.0064071929082274
0.2224201116312568,0.0208709407597780,-0.0058858231641352
0.2225201206337775,0.0201126504689455,-0.0047783679328859
0.2226201296362982,0.0208948906511068,-0.0041138431988657
0.2227201386388189,0.0202853996306658,-0.0033873370848596
0.2228201476413396,0.0213340297341347,-0.0031605190597475
0.2229201566438603,0.0201242193579674,-0.0026223119348288
0.2230201656463810,0.0201357398182154,-0.0016614629421383
0.2231201746489017,0.0186145901679993,-0.0007684365264140
0.2232201836514224,0.0193787403404713,-0.0005105889867991
0.2233201926539432,0.0177274104207754,0.0005116399261169
0.2234202016564638,0.0185567699372768,0.0011703639756888
0.2235202106589846,0.0173287205398083,0.0016568310093135
0.2236202196615052,0.0174556393176317,0.0022010270040482
0.2237202286640260,0.0162424799054861,0.0024311330635101
0.2238202376665467,0.0170237906277180,0.0021977210417390
0.2239202466690674,0.0158540904521942,0.0019905900117010
0.2240202556715881,0.0156864598393440,0.0018984030466527
0.2241202646741088,0.0146858999505639,0.0018326160497963
0.2242202736766295,0.0145330401137471,0.0016407090006396
0.2243202826791502,0.0144376298412681,0.0014894769992679
0.2244202916816709,0.0136141898110509,0.0012803709832951
0.2245203006841916,0.0146110802888870,0.0009594234870747
0.2246203096867123,0.0143341897055507,0.0007614041096531
0.2247203186892330,0.0128072695806623,0.0012048629578203
0.2248203276917537,0.0123787401244044,0.0007765734917484
0.2249203366942744,0.0135400500148535,0.0004646971065085
0.2250203456967952,0.0126606998965144,0.0001513096940471
0.2251203546993158,0.0132620399817824,-0.0001407732052030
0.2252203637018365,0.0127499699592590,-0.0002504134899937
0.2253203727043573,0.0125948898494244,-0.0001842033962021
0.2254203817068779,0.0118928002193570,0.0000164700904861
0.2255203907093987,0.0124113699421287,-0.0001664949959377
0.2256203997119194,0.0114547200500965,-0.0001895188033814
0.2257204087144401,0.0124227004125714,-0.0002589896030258
0.2258204177169608,0.0118478303775191,-0.0004898895276710
0.2259204267194815,0.0107984198257327,-0.0003677266940940
0.2260204357220022,0.0117382099851966,-0.0007126175914891
0.2261204447245229,0.0111108301207423,-0.0007631963235326
0.2262204537270436,0.0106944898143411,-0.0006766095175408
0.2263204627295643,0.0113018099218607,-0.0009405238088220
0.2264204717320850,0.0111436499282718,-0.0008400976075791
0.2265204807346057,0.0129500497132540,-0.0009878769051284
0.2266204897371264,0.0133198201656342,-0.0007942244992591
0.2267204987396471,0.0129877701401711,-0.0003717280051205
0.2268205077421679,0.0143055897206068,-0.0003711956960615
0.2269205167446885,0.0151849696412683,-0.0004144868871663
0.2270205257472093,0.0148107102140784,-0.0004997996147722
0.2271205347497300,0.0138305397704244,-0.0001936318003573
0.2272205437522506,0.0157339107245207,-0.0003046657075174
0.2273205527547714,0.0150860100984573,0.0000047846028792
0.2274205617572921,0.0162756703794003,-0.0000464149015897
0.2275205707598128,0.0154274599626660,0.0001128879011958
0.2276205797623335,0.0159646198153496,0.0001893627049867
0.2277205887648542,0.0155739001929760,0.0001138716979767
0.2278205977673749,0.0153978597372770,-0.0000580170599278
0.2279206067698956,0.0163557995110750,-0.0002672995906323
0.2280206157724163,0.0147302299737930,-0.0002735781017691
0.2281206247749370,0.0154884401708841,-0.0004490437859204
0.2282206337774577,0.0147030800580978,-0.0001594633067725
0.2283206427799784,0.0156661495566368,0.0000412468689319
0.2284206517824991,0.0157214198261499,-0.0001217879980686
0.2285206607850198,0.0165952201932669,0.0000111973804451
0.2286206697875406,0.0168598107993603,0.0001897579932120
0.2287206787900612,0.0156280696392059,0.0004911188152619
0.2288206877925820,0.0169024690985680,0.0001982374960789
0.2289206967951027,0.0163090601563454,0.0003730418102350
0.2290207057976234,0.0169658400118351,0.0001162760017905
0.2291207148001441,0.0168613996356726,-0.0003444637113716
0.2292207238026648,0.0169049892574549,-0.0003571533889044
0.2293207328051855,0.0168763101100922,-0.0004425352090038
0.2294207418077062,0.0165385194122791,-0.0003873315872625
0.2295207508102269,0.0178556293249130,-0.0005156652186997
0.2296207598127476,0.0170406606048346,-0.0005312439752743
0.2297207688152683,0.0168996304273605,-0.0005717839230783
0.2298207778177890,0.0158862993121147,-0.0000534081809747
0.2299207868203097,0.0164116006344557,-0.0002972928050440
0.2300207958228304,0.0176164098083973,-0.0006629060953856
0.2301208048253511,0.0166171602904797,-0.0000967780433712
0.2302208138278718,0.0184260196983814,-0.0003254904877394
0.2303208228303925,0.0177603997290134,-0.0003190242860001
0.2304208318329133,0.0185874495655298,-0.0001149450981757
0.2305208408354339,0.0183672104030848,-0.0001630610058783
0.2306208498379547,0.0178132001310587,0.0000912105824682
0.2307208588404754,0.0185745898634195,0.0001902826043079
0.2308208678429961,0.0176256503909826,0.0000346776287188
0.2309208768455168,0.0185592193156481,0.0000670182125759
0.2310208858480375,0.0182242095470428,-0.0001921085058711
0.2311208948505582,0.0187478102743626,-0.0001679637935013
0.2312209038530789,0.0199755895882845,-0.0006411984213628
0.2313209128555996,0.0194869395345449,-0.0005112335202284
0.2314209218581203,0.0198150202631950,-0.0002442125987727
0.2315209308606410,0.0196461006999016,-0.0001960559020517
0.2316209398631617,0.0218827202916145,-0.0004619582032319
0.2317209488656824,0.0218014009296894,-0.0002785430988297
0.2318209578682031,0.0225474592298269,-0.0004008917894680
0.2319209668707238,0.0227280799299479,-0.0003530211979523
0.2320209758732446,0.0218972507864237,0.0001731934025884
0.2321209848757653,0.0220716893672943,0.0000165379096870
0.2322209938782860,0.0214458703994751,0.0001265372993657
0.2323210028808066,0.0219793394207954,0.0003368575999048
0.2324210118833274,0.0220797806978226,-0.0000899572332855
0.2325210208858481,0.0235993992537260,-0.0002821885864250
0.2326210298883688,0.0231833308935165,-0.0002064118016278
0.2327210388908895,0.0243339892476797,-0.0004725739127025
0.2328210478934102,0.0238191895186901,-0.0003241160011385
0.2329210568959309,0.0238866508007050,-0.0006923147011548
0.2330210658984516,0.0255767405033112,-0.0009402665891685
0.2331210749009723,0.0249720998108387,-0.0010902930516750
0.2332210839034930,0.0258160308003426,-0.0010152839822695
0.2333210929060137,0.0256146099418402,-0.0006595206796192
0.2334211019085344,0.0270427707582712,-0.0006473782123066
0.2335211109110551,0.0265664607286453,-0.0004862878122367
0.2336211199135758,0.0242788791656494,0.0000703454425093
0.2337211289160966,0.0259937401860952,-0.0000167343405337
0.2338211379186173,0.0251664202660322,0.0002160298026865
0.2339211469211380,0.0237988904118538,0.0002888884046115
0.2340211559236587,0.0263255797326565,0.0000064880700847
0.2341211649261794,0.0259726494550705,-0.0000478091387777
0.2342211739287001,0.0277343206107616,-0.0001088408025680
0.2343211829312208,0.0279958304017782,-0.0001808796951082
0.2344211919337415,0.0259120408445597,-0.0001070833968697
0.2345212009362622,0.0262578800320625,-0.0003355815133546
0.2346212099387829,0.0270119104534388,-0.0001676047977526
0.2347212189413036,0.0273405890911818,-0.0000139646999742
0.2348212279438243,0.0282976496964693,-0.0002746017999016
0.2349212369463450,0.0264108907431364,0.0000389108208765
0.2350212459488657,0.0278945304453373,0.0000663721730234
0.2351212549513864,0.0262304600328207,0.0000355630691047
0.2352212639539071,0.0273165293037891,0.0001029742998071
0.2353212729564278,0.0277334507554770,0.0002327206020709
0.2354212819589485,0.0267106201499701,0.0001862515055109
0.2355212909614693,0.0278461594134569,0.0003265675914008
0.2356212999639899,0.0276857390999794,0.0002588221104816
0.2357213089665107,0.0276497807353735,0.0001262871955987
0.2358213179690314,0.0288799405097961,-0.0000599697195867
0.2359213269715521,0.0284566693007946,-0.0001475040044170
0.2360213359740728,0.0273822005838156,-0.0001222988939844
0.2361213449765935,0.0277444105595350,-0.0002259858010802
0.2362213539791142,0.0279040299355984,-0.0003936507855542
0.2363213629816349,0.0294420607388020,-0.0004883168148808
0.2364213719841556,0.0285038799047470,-0.0004927751724608
0.2365213809866763,0.0286088995635509,-0.0002545584866311
0.2366213899891970,0.0286605693399906,-0.0001353362022201
0.2367213989917177,0.0277577191591263,0.0000821929279482
0.2368214079942384,0.0278061199933290,0.0003729967866093
0.2369214169967591,0.0274122301489115,0.0005289511755109
0.2370214259992798,0.0263596493750811,0.0004888530820608
0.2371214350018005,0.0273248199373484,0.0005211267271079
0.2372214440043213,0.0283666495233774,0.0003414195089135
0.2373214530068420,0.0276279598474503,0.0003194359887857
0.2374214620093626,0.0289750006049871,0.0002065104054054
0.2375214710118834,0.0280817691236734,0.0003220683138352
0.2376214800144041,0.0270187500864267,0.0003512116090860
0.2377214890169248,0.0281325802206993,0.0002752346044872
0.2378214980194455,0.0281480308622122,0.0000292712593364
0.2379215070219662,0.0272940602153540,-0.0000247723692155
0.2380215160244869,0.0275848396122456,-0.0003890336956829
0.2381215250270076,0.0278419908136129,-0.0005436054198071
0.2382215340295283,0.0274045001715422,-0.0001921527000377
0.2383215430320490,0.0276012998074293,-0.0001051680010278
0.2384215520345697,0.0280379299074411,0.0000913590774871
0.2385215610370904,0.0287945400923491,0.0000109035700007
0.2386215700396111,0.0285573992878199,0.0001156642028945
0.2387215790421318,0.0278386101126671,0.0000152161501319
0.2388215880446525,0.0289120804518461,0.0000875566111063
0.2389215970471732,0.0279279109090567,0.0002523566072341
0.2390216060496940,0.0269227307289839,0.0000662489110255
0.2391216150522147,0.0260220803320408,0.0001525221014163
0.2392216240547354,0.0276995301246643,0.0000119727501442
0.2393216330572561,0.0277803596109152,-0.0000799160479801
0.2394216420597768,0.0290796197950840,-0.0004564117989503
0.2395216510622975,0.0290771201252937,-0.0004332296957728
0.2396216600648182,0.0287762805819511,-0.0003907800128218
0.2397216690673389,0.0275752991437912,-0.0005813093739562
0.2398216780698596,0.0272164102643728,-0.0002209712984040
0.2399216870723803,0.0296307094395161,-0.0003116303996649
0.2400216960749010,0.0293684396892786,-0.0001281378936255
0.2401217050774217,0.0286132898181677,-0.0002608016948216
0.2402217140799424,0.0293040908873081,0.0000415224312746
0.2403217230824631,0.0284805204719305,0.0002871213073377
0.2404217320849838,0.0286309998482466,0.0003227560082451
0.2405217410875045,0.0290858000516891,0.0001352291001240
0.2406217500900252,0.0280102007091045,0.0004618861130439
0.2407217590925460,0.0285328999161720,0.0003053534019273
0.2408217680950667,0.0279406700283289,0.0003677505883388
0.2409217770975874,0.0261190906167030,0.0005056831869297
0.2410217861001081,0.0256500300019979,0.0004221212875564
0.2411217951026288,0.0265118498355150,0.0002075763040921
0.2412218041051495,0.0258412398397923,0.0001591839973116
0.2413218131076702,0.0254821293056011,-0.0001577802031534
0.2414218221101909,0.0266671702265739,-0.0002048663009191
0.2415218311127116,0.0268926601856947,-0.0000016583840079
0.2416218401152323,0.0261194203048944,0.0000976408773568
0.2417218491177530,0.0272455904632807,-0.0000193218402273
0.2418218581202737,0.0269744507968426,0.0003348129102960
0.2419218671227944,0.0250683203339577,0.0003253300092183
0.2420218761253151,0.0270359907299280,0.0005072939093225
0.2421218851278358,0.0255750492215157,0.0002247202937724
0.2422218941303565,0.0256165601313114,-0.0000354447001882
0.2423219031328772,0.0262980591505766,0.0002400749071967
0.2424219121353979,0.0255478508770466,0.0001830998953665
0.2425219211379187,0.0267496891319752,-0.0000094265324151
0.2426219301404394,0.0256421901285648,-0.0000305085104628
0.2427219391429601,0.0258413106203079,0.0001070522994269
0.2428219481454808,0.0244202706962824,-0.0003364600124769
0.2429219571480015,0.0236653201282024,-0.0000866832924658
0.2430219661505222,0.0239858906716108,-0.0002148055064026
0.2431219751530429,0.0248904097825289,-0.0005767712136731
0.2432219841555636,0.0246770791709423,-0.0004208467144053
0.2433219931580843,0.0253448393195868,-0.0003084875934292
0.2434220021606050,0.0259901992976665,-0.0001173001001007
0.2435220111631257,0.0253878496587276,0.0000965673170867
0.2436220201656464,0.0262617394328117,0.0000282495402644
0.2437220291681671,0.0248980391770601,0.0004425898077898
0.2438220381706878,0.0254441499710083,0.0002824570983648
0.2439220471732085,0.0243813693523407,0.0003713709884323
0.2440220561757292,0.0226426608860493,0.0005218156147748
0.2441220651782499,0.0234237406402826,0.0003873048117384
0.2442220741807707,0.0251047499477863,0.0002254340943182
0.2443220831832914,0.0245915595442057,0.0001036829999066
0.2444220921858121,0.0254687909036875,-0.0001892537984531
0.2445221011883328,0.0251423101872206,-0.0000947348307818
0.2446221101908535,0.0249228291213512,-0.0001537523057777
0.2447221191933742,0.0259437095373869,-0.0003164518857375
0.2448221281958949,0.0254397206008434,-0.0001744061009958
0.2449221371984156,0.0263735707849264,-0.0001899055059766
0.2450221462009363,0.0265605505555868,-0.0002026910951827
0.2451221552034570,0.0243250094354153,-0.0000714135894668
0.2452221642059777,0.0256987307220697,-0.0001370011013933
0.2453221732084984,0.0246589109301567,0.0001560507953400
0.2454221822110191,0.0261074602603912,0.0001282844023081
0.2455221912135398,0.0264535192400217,0.0002532803919166
0.2456222002160605,0.0296933501958847,-0.0003166485985275
0.2457222092185812,0.0296556893736124,-0.0004351623065304
0.2458222182211019,0.0388490408658981,-0.0029206410981715
0.2459222272236227,0.0371211990714073,-0.0035454940516502
0.2460222362261434,0.0410763882100582,-0.0069825961254537
0.2461222452286641,0.0459075905382633,-0.0123117901384830
0.2462222542311848,0.0334067791700363,-0.0114921201020479
0.2463222632337055,0.0849966183304787,0.0849602967500687
0.2464222722362262,0.0849971026182175,0.0849633365869522
0.2465222812387469,0.0849969685077667,0.0849972963333130
0.2466222902412676,0.0849963575601578,0.0849978029727936
0.2467222992437883,0.0849965885281563,0.0849977210164070
0.2468223082463090,0.0849963426589966,0.0849978327751160
0.2469223172488297,0.0282954405993223,-0.0198014099150896
0.2470223262513504,0.0260044708848000,-0.0143799902871251
0.2471223352538711,0.0244713593274355,-0.0107436701655388
0.2472223442563918,0.0222551207989454,-0.0079606669023633
0.2473223532589125,0.0199022907763720,-0.0055301110260189
0.2474223622614332,0.0185397192835808,-0.0032537279184908
0.2475223712639539,0.0174019802361727,-0.0015766560100019
0.2476223802664746,0.0171933099627495,0.0002082035935018
0.2477223892689954,0.0173160806298256,0.0016289900522679
0.2478223982715161,0.0162598993629217,0.0019992350134999
0.2479224072740368,0.0170136094093323,0.0030355639755726
0.2480224162765575,0.0173621308058500,0.0034246379509568
0.2481224252790782,0.0169899705797434,0.0035301009193063
0.2482224342815989,0.0167171396315098,0.0033571179956198
0.2483224432841196,0.0170286893844604,0.0031069200485945
0.2484224522866403,0.0170840695500374,0.0028795690741390
0.2485224612891610,0.0175275094807148,0.0024415720254183
0.2486224702916817,0.0179679598659277,0.0021300991065800
0.2487224792942024,0.0188802294433117,0.0018732870230451
0.2488224882967231,0.0195224508643150,0.0020399061031640
0.2489224972992438,0.0188094507902861,0.0016616509528831
0.2490225063017645,0.0190279092639685,0.0016792720416561
0.2491225153042852,0.0192870795726776,0.0014941910048947
0.2492225243068059,0.0190589893609285,0.0014793489826843
0.2493225333093266,0.0205976292490959,0.0012300460366532
0.2494225423118474,0.0204737894237041,0.0011212900280952
0.2495225513143681,0.0204802490770817,0.0010533030144870
0.2496225603168888,0.0186325591057539,0.0004286312905606
0.2497225693194095,0.0196200292557478,0.0000980124532362
0.2498225783219302,0.0190520007163286,0.0001084202012862
0.2499225873244509,0.0201642494648695,0.0001449927949579
0.2500225963269716,0.0198517907410860,0.0000707589206286
0.2501226053294923,0.0209136698395014,0.0000668773573125
0.2502226143320130,0.0204830393195152,-0.0002108238986693
0.2503226233345337,0.0207133404910564,-0.0004770164086949
0.2504226323370544,0.0182086601853371,-0.0009656912880018
0.2505226413395751,0.0182096194475889,-0.0012589360121638
0.2506226503420958,0.0175820495933294,-0.0012152770068496
0.2507226593446165,0.0163521002978086,-0.0014150940114632
0.2508226683471372,0.0166936703026295,-0.0010518010240048
0.2509226773496580,0.0164302904158831,-0.0007294008973986
0.2510226863521787,0.0168672297149897,-0.0005693673156202
0.2511226953546993,0.0158242899924517,-0.0002180307055824
0.2512227043572201,0.0164032299071550,-0.0002153976965928
0.2513227133597408,0.0155201898887753,-0.0002389512956142
0.2514227223622615,0.0159362498670816,-0.0001347593934042
0.2515227313647821,0.0152671802788973,-0.0002499769907445
0.2516227403673029,0.0149341803044081,-0.0002039968967438
0.2517227493698236,0.0144650200381875,-0.0005201572785154
0.2518227583723443,0.0155031196773052,-0.0001662465947447
0.2519227673748650,0.0157722793519497,-0.0000082456908785
0.2520227763773857,0.0145891103893518,-0.0000124674297695
0.2521227853799064,0.0142399901524186,-0.0001522938982816
0.2522227943824271,0.0148682398721576,0.0001373248960590
0.2523228033849478,0.0135049801319838,0.0001669542980380
0.2524228123874685,0.0144515000283718,0.0000902539031813
0.2525228213899892,0.0127608496695757,-0.0000124016496557
0.2526228303925099,0.0135485902428627,-0.0000379086995963
0.2527228393950307,0.0129998801276088,-0.0001228664041264
0.2528228483975514,0.0122827701270580,0.0003512350085657
0.2529228574000720,0.0125444000586867,0.0004572694888338
0.2530228664025927,0.0123846996575594,0.0006115742726251
0.2531228754051135,0.0134311597794294,0.0005885094287805
0.2532228844076342,0.0128519395366311,0.0004425678052939
0.2533228934101549,0.0140935899689794,0.0004607741138898
0.2534229024126756,0.0134600698947906,0.0000339332509611
0.2535229114151963,0.0129866898059845,0.0000002979498959
0.2536229204177170,0.0132447304204106,-0.0003854364913423
0.2537229294202377,0.0131508698686957,-0.0004003497888334
0.2538229384227584,0.0143656302243471,-0.0003477080899756
0.2539229474252791,0.0137719297781587,-0.0003344950091559
0.2540229564277998,0.0143902795389295,-0.0001395048020640
0.2541229654303205,0.0139504401013255,-0.0001523581013316
0.2542229744328413,0.0152185400947928,0.0000459943803435
0.2543229834353620,0.0152471801266074,0.0000314466888085
0.2544229924378826,0.0148704396560788,0.0003216417971998
0.2545230014404034,0.0160100795328617,0.0001399536995450
0.2546230104429241,0.0153644103556871,0.0001149934978457
0.2547230194454447,0.0156688392162323,0.0003073305124417
0.2548230284479654,0.0149748902767897,-0.0002416867064312
0.2549230374504862,0.0153953302651644,-0.0003038413997274
0.2550230464530069,0.0164034701883793,-0.0001621615956537
0.2551230554555276,0.0152556998655200,-0.0002366422995692
0.2552230644580483,0.0146280499175191,-0.0003737467923202
0.2553230734605690,0.0155817903578281,-0.0002806675911415
0.2554230824630897,0.0160216894000769,-0.0005650732200593
0.2555230914656104,0.0159525405615568,-0.0005226428038441
0.2556231004681311,0.0176228303462267,-0.0004227687895764
0.2557231094706518,0.0167383700609207,-0.0006340221152641
0.2558231184731725,0.0181015301495790,-0.0001638562971493
0.2559231274756932,0.0179477501660585,-0.0000279491996480
0.2560231364782140,0.0179314091801643,0.0000453177199233
0.2561231454807347,0.0184122398495674,0.0001343470939901
0.2562231544832554,0.0173270199447870,0.0001918494963320
0.2563231634857761,0.0188288092613220,0.0003490805102047
0.2564231724882968,0.0180602092295885,0.0006954157724977
0.2565231814908175,0.0183580406010151,0.0002975816896651
0.2566231904933381,0.0184145905077457,0.0002776636974886
0.2567231994958589,0.0185786504298449,0.0000910631206352
0.2568232084983796,0.0173401497304440,-0.0002107082982548
0.2569232175009003,0.0177468694746494,-0.0000003506850135
0.2570232265034210,0.0182023197412491,-0.0002928409958258
0.2571232355059417,0.0179470703005791,-0.0000749209066271
0.2572232445084624,0.0195689108222723,-0.0000838634805405
0.2573232535109831,0.0191690903156996,-0.0002579982974567
0.2574232625135038,0.0190594196319580,0.0000646370899631
0.2575232715160245,0.0200193393975496,-0.0002006646973314
0.2576232805185452,0.0196333806961775,-0.0002977853873745
0.2577232895210659,0.0209630392491817,-0.0003166866954416
0.2578232985235867,0.0199710391461849,-0.0001841073972173
0.2579233075261074,0.0211886595934629,-0.0000553463287361
0.2580233165286281,0.0207184292376041,-0.0000174250708369
0.2581233255311488,0.0211805906146765,0.0003239065990783
0.2582233345336695,0.0227523706853390,0.0004678673867602
0.2583233435361902,0.0225982498377562,0.0002181738964282
0.2584233525387109,0.0222139991819859,-0.0000151630702021
0.2585233615412316,0.0210715793073177,-0.0002005465066759
0.2586233705437523,0.0227796807885170,0.0002009704039665
0.2587233795462730,0.0234844796359539,0.0000228883400268
0.2588233885487937,0.0244514700025320,-0.0001336342975264
0.2589233975513144,0.0245196502655745,-0.0002180891024182
0.2590234065538351,0.0250358991324902,-0.0001611741026863
0.2591234155563558,0.0246571991592646,-0.0000026411009912
0.2592234245588765,0.0236286204308271,0.0000022507310860
0.2593234335613972,0.0242476705461740,0.0001131704993895
0.2594234425639180,0.0238974299281836,0.0002856802020688
0.2595234515664387,0.0253706295043230,0.0003240355872549
0.2596234605689594,0.0252391491085291,0.0002045121946139
0.2597234695714801,0.0259692892432213,0.0004445065860637
0.2598234785740008,0.0270521994680166,0.0004539811052382
0.2599234875765215,0.0263990405946970,0.0001357178989565
0.2600234965790422,0.0269298907369375,0.0001615882065380
0.2601235055815629,0.0258862897753716,0.0000176896901394
0.2602235145840836,0.0270861797034740,0.0000896745696082
0.2603235235866043,0.0270887203514576,0.0000634189273114
0.2604235325891250,0.0246996991336346,-0.0006419764249586
0.2605235415916457,0.0276838000863791,-0.0001607357989997
0.2606235505941664,0.0269614197313786,-0.0003315352078062
0.2607235595966871,0.0283253490924835,-0.0001948397984961
0.2608235685992078,0.0274074599146843,-0.0000911518800422
0.2609235776017285,0.0256615802645683,-0.0005786506226286
0.2610235866042492,0.0274201296269894,-0.0002921507111751
0.2611235956067699,0.0277348197996616,0.0001353879051749
0.2612236046092907,0.0282280799001455,0.0003878968127538
0.2613236136118114,0.0281339101493359,0.0003524759958964
0.2614236226143321,0.0278903394937515,0.0004026640963275
0.2615236316168528,0.0296996701508760,0.0005310790147632
0.2616236406193735,0.0280527807772160,-0.0001640302943997
0.2617236496218941,0.0272565800696611,-0.0001955313055078
0.2618236586244149,0.0285930093377829,-0.0002567803894635
0.2619236676269356,0.0291668903082609,0.0000190293503692
0.2620236766294563,0.0279753003269434,-0.0006467644125223
0.2621236856319770,0.0273041892796755,-0.0003417113039177
0.2622236946344977,0.0279367696493864,0.0001517805067124
0.2623237036370184,0.0286125894635916,0.0000058640398493
0.2624237126395391,0.0278666093945503,-0.0000388804692193
0.2625237216420598,0.0290948096662760,0.0001064898024197
0.2626237306445805,0.0287388004362583,0.0004185652069282
0.2627237396471012,0.0272404998540878,0.0000060385800680
0.2628237486496219,0.0280649699270725,0.0003344521101099
0.2629237576521427,0.0283840708434582,0.0004238190012984
0.2630237666546634,0.0273219905793667,0.0002287922980031
0.2631237756571841,0.0289958994835615,0.0003285554121248
0.2632237846597048,0.0282296091318130,0.0004854752041865
0.2633237936622255,0.0295585505664349,0.0006215685280040
0.2634238026647462,0.0278862603008747,0.0001262918958673
0.2635238116672669,0.0278460700064898,0.0002261245972477
0.2636238206697876,0.0285804998129606,0.0000621823201072
0.2637238296723083,0.0278522502630949,-0.0000572685312363
0.2638238386748290,0.0272284392267466,-0.0004072781885043
0.2639238476773497,0.0286088790744543,-0.0001105203991756
0.2640238566798704,0.0284933596849442,0.0000772060229792
0.2641238656823911,0.0288606490939856,0.0001011696003843
0.2642238746849118,0.0293153803795576,0.0002580565051176
0.2643238836874325,0.0280671305954456,0.0000246674699156
0.2644238926899532,0.0289166700094938,0.0005139110726304
0.2645239016924739,0.0290241707116365,0.0005231479881331
0.2646239106949947,0.0275303907692432,0.0001194529031636
0.2647239196975154,0.0283375997096300,0.0000797453394625
0.2648239287000361,0.0280597805976868,0.0001314917026320
0.2649239377025568,0.0279426295310259,0.0002300398045918
0.2650239467050775,0.0300301108509302,-0.0001267720072065
0.2651239557075982,0.0285531096160412,-0.0002894075878430
0.2652239647101189,0.0289244800806046,-0.0000745718498365
0.2653239737126396,0.0296823401004076,-0.0000356750388164
0.2654239827151603,0.0284890308976173,-0.0004044536908623
0.2655239917176810,0.0287336502224207,-0.0000221993796004
0.2656240007202017,0.0281883794814348,-0.0003003382880706
0.2657240097227224,0.0276017207652330,-0.0003019782889169
0.2658240187252431,0.0297779794782400,0.0000209503104998
0.2659240277277638,0.0286879092454910,-0.0000661961603328
0.2660240367302845,0.0269191395491362,-0.0003329114115331
0.2661240457328052,0.0279032196849585,0.0000725056306692
0.2662240547353259,0.0276079606264830,0.0001446177047910
0.2663240637378466,0.0274729505181313,0.0004281639994588
0.2664240727403674,0.0286326203495264,0.0006541804759763
0.2665240817428881,0.0274780206382275,0.0003460959123913
0.2666240907454088,0.0271974895149469,0.0003198068880010
0.2667240997479295,0.0288809090852737,0.0004706715990324
0.2668241087504502,0.0270642004907131,-0.0001598771050340
0.2669241177529709,0.0251985304057598,-0.0009564480860718
0.2670241267554916,0.0270859505981207,-0.0002398754004389
0.2671241357580123,0.0272888801991940,-0.0000503323099110
0.2672241447605330,0.0269812792539597,-0.0001749382936396
0.2673241537630537,0.0262723993510008,-0.0005098017863929
0.2674241627655744,0.0252375490963459,-0.0005532386712730
0.2675241717680951,0.0260886792093515,-0.0005195781122893
0.2676241807706158,0.0265862699598074,0.0000419474599767
0.2677241897731365,0.0255186501890421,-0.0001421496999683
0.2678241987756572,0.0261808503419161,0.0001039864000631
0.2679242077781779,0.0261813905090094,0.0003355797962286
0.2680242167806986,0.0246163103729486,-0.0000674431867083
0.2681242257832194,0.0259482003748417,0.0001306804042542
0.2682242347857401,0.0264033507555723,0.0005267355008982
0.2683242437882608,0.0266187302768230,0.0005374120082706
0.2684242527907815,0.0269246399402618,0.0003399440029170
0.2685242617933022,0.0246217492967844,-0.0003247018903494
0.2686242707958229,0.0252325106412172,-0.0000659159923089
0.2687242797983436,0.0256588794291019,0.0000446137491963
0.2688242888008643,0.0251374691724777,-0.0002676403091755
0.2689242978033850,0.0257553197443485,-0.0001621694973437
0.2690243068059057,0.0244062300771475,-0.0003767217858694
0.2691243158084264,0.0222883895039558,-0.0006401687278412
0.2692243248109471,0.0234576407819986,-0.0002001342945732
0.2693243338134678,0.0234676599502563,-0.0001520791993244
0.2694243428159885,0.0230555199086666,-0.0000890674273251
0.2695243518185092,0.0239640902727842,0.0003158845938742
0.2696243608210299,0.0230807308107615,0.0004366892098915
0.2697243698235506,0.0238254498690367,0.0004661167040467
0.2698243788260713,0.0239151492714882,0.0003761312109418
0.2699243878285921,0.0224022604525089,-0.0000843911475386
0.2700243968311128,0.0217544399201870,-0.0000053804769777
0.2701244058336335,0.0235024299472570,0.0003514068957884
0.2702244148361542,0.0224868506193161,-0.0003350485931151
0.2703244238386749,0.0241592396050692,0.0001779502053978
0.2704244328411956,0.0239004008471966,0.0002186421043007
0.2705244418437163,0.0234506893903017,0.0001658586988924
0.2706244508462370,0.0230694208294153,-0.0002365416003158
0.2707244598487577,0.0224251393228769,-0.0002502592978999
0.2708244688512784,0.0229821894317865,-0.0002117817057297
0.2709244778537991,0.0217276401817799,-0.0004354898992460
0.2710244868563198,0.0225815493613482,-0.0001452534052078
0.2711244958588405,0.0236206501722336,0.0004049110866617
0.2712245048613612,0.0244695600122213,0.0005380036891438
0.2713245138638819,0.0241381805390120,0.0003715608909260
0.2714245228664026,0.0253329500555992,0.0005703311180696
0.2715245318689233,0.0253732502460480,0.0004529656143859
0.2716245408714441,0.0243177507072687,0.0001545856939629
0.2717245498739648,0.0248260591179132,0.0001162955013569
0.2718245588764855,0.0246964395046234,-0.0000069826141953
0.2719245678790062,0.0239742696285248,-0.0003093736886512
0.2720245768815269,0.0241028107702732,-0.0005793129093945
0.2721245858840476,0.0229436699301004,-0.0009439990972169
0.2722245948865683,0.0252189394086599,-0.0006477683200501
0.2723246038890890,0.0274369493126869,-0.0010905279777944
0.2724246128916097,0.0318413712084293,-0.0006895588012412
0.2725246218941304,0.0382476001977921,0.0007440128247254
0.2726246308966511,0.0374991185963154,0.0001625370932743
0.2727246398991718,0.0460294000804424,0.0025950178969651
0.2728246489016925,0.0472261793911457,0.0035303989425302
0.2729246579042132,0.0375816188752651,0.0002853175101336
0.2730246669067339,0.0849974974989891,0.0849962532520294
0.2731246759092546,0.0849974676966667,0.0849962830543518
0.2732246849117753,0.0849972292780876,0.0849968567490578
0.2733246939142960,0.0849974527955055,0.0849973335862160
0.2734247029168168,0.0849974006414413,0.0849748402833939
0.2735247119193375,0.0849975422024727,0.0849729031324387
0.2736247209218582,0.0296737104654312,0.0355560593307018
0.2737247299243789,0.0269350502640009,0.0278998408466578
0.2738247389268996,0.0260595008730888,0.0221403408795595
0.2739247479294203,0.0252762399613857,0.0178706794977188
0.2740247569319410,0.0229040402919054,0.0150567898526788
0.2741247659344617,0.0206892099231482,0.0118285203352571
0.2742247749369824,0.0188602302223444,0.0089940810576081
0.2743247839395031,0.0176634099334478,0.0057776910252869
0.2744247929420238,0.0165975391864777,0.0031717149540782
0.2745248019445445,0.0152254700660706,0.0012227039551362
0.2746248109470652,0.0153102399781346,-0.0009962808107957
0.2747248199495859,0.0153884198516607,-0.0028823360335082
0.2748248289521066,0.0152388699352741,-0.0043091718107462
0.2749248379546273,0.0158062707632780,-0.0057524358853698
0.2750248469571480,0.0161074697971344,-0.0069573051296175
0.2751248559596688,0.0158425495028496,-0.0074475919827819
0.2752248649621895,0.0173792894929647,-0.0084383105859160
0.2753248739647102,0.0176669899374247,-0.0088951066136360
0.2754248829672309,0.0182609502226114,-0.0094023188576102
0.2755248919697516,0.0191967394202948,-0.0098758637905121
0.2756249009722723,0.0184608194977045,-0.0089896051213145
0.2757249099747930,0.0190404094755650,-0.0086750108748674
0.2758249189773137,0.0184578206390142,-0.0074843829497695
0.2759249279798344,0.0190027691423893,-0.0069911922328174
0.2760249369823551,0.0180800296366215,-0.0056111849844456
0.2761249459848758,0.0192313697189093,-0.0050715040415525
0.2762249549873965,0.0185176394879818,-0.0038626559544355
0.2763249639899172,0.0195011291652918,-0.0034562279470265
0.2764249729924379,0.0191089808940887,-0.0027237269096076
0.2765249819949586,0.0197387803345919,-0.0020887099672109
0.2766249909974793,0.0192840099334717,-0.0012568719685078
0.2767250000000000,0.0200756397098303,-0.0005324946250767
0.2768250090025207,0.0182985104620457,0.0006648023845628
0.2769250180050415,0.0188307799398899,0.0011825000401586
0.2770250270075622,0.0176865905523300,0.0018586999503896
0.2771250360100829,0.0189242493361235,0.0022024230565876
0.2772250450126036,0.0178708303719759,0.0024985489435494
0.2773250540151243,0.0173002202063799,0.0025017349980772
0.2774250630176450,0.0163287203758955,0.0025862490292639
0.2775250720201657,0.0164399705827236,0.0021788880694658
0.2776250810226864,0.0165799893438816,0.0020085310097784
0.2777250900252071,0.0175080299377441,0.0017148850020021
0.2778250990277278,0.0164115298539400,0.0013912280555815
0.2779251080302485,0.0156060801818967,0.0012466550106183
0.2780251170327692,0.0167122501879930,0.0012572810519487
0.2781251260352899,0.0147850196808577,0.0014003070537001
0.2782251350378106,0.0158955492079258,0.0010455120354891
0.2783251440403313,0.0146935097873211,0.0008865324198268
0.2784251530428520,0.0153830600902438,0.0005719217006117
0.2785251620453727,0.0139876902103424,0.0005516197998077
0.2786251710478935,0.0142155596986413,0.0002673990093172
0.2787251800504142,0.0135031500831246,-0.0000931890172069
0.2788251890529349,0.0127533804625273,0.0003404853050597
0.2789251980554556,0.0128318397328258,0.0001808336965041
0.2790252070579763,0.0133735202252865,0.0000041540320126
0.2791252160604970,0.0131762996315956,-0.0000691888635629
0.2792252250630177,0.0130471000447869,-0.0003463896864560
0.2793252340655384,0.0133558399975300,-0.0003244486870244
0.2794252430680591,0.0124182002618909,-0.0005378153873608
0.2795252520705798,0.0129994302988052,-0.0008360114879906
0.2796252610731005,0.0112657500430942,-0.0008906591101550
0.2797252700756212,0.0120992902666330,-0.0010784310288727
0.2798252790781419,0.0117019396275282,-0.0008678084122948
0.2799252880806626,0.0113689498975873,-0.0005426983116195
0.2800252970831833,0.0112736197188497,-0.0001934470928973
0.2801253060857040,0.0108751198276877,-0.0001024594021146
0.2802253150882247,0.0114464303478599,0.0003745492140297
0.2803253240907454,0.0131009100005031,-0.0000208039200515
0.2804253330932662,0.0146605102345347,-0.0003204350068700
0.2805253420957869,0.0152279501780868,-0.0004397435113788
0.2806253510983076,0.0141575103625655,-0.0002750797139015
0.2807253601008283,0.0155045799911022,-0.0004870764969382
0.2808253691033490,0.0144190201535821,-0.0002214342966909
0.2809253781058697,0.0152639104053378,-0.0003937472065445
0.2810253871083904,0.0132186403498054,0.0000312494012178
0.2811253961109111,0.0138702504336834,-0.0001126653005485
0.2812254051134318,0.0145341297611594,-0.0003072076942772
0.2813254141159525,0.0147240804508328,-0.0002375228941673
0.2814254231184732,0.0165851097553968,-0.0006283597904257
0.2815254321209939,0.0161000192165375,-0.0005004656268284
0.2816254411235146,0.0180218797177076,-0.0007390509126708
0.2817254501260353,0.0169367007911205,-0.0004487512924243
0.2818254591285560,0.0164896994829178,-0.0000908572401386
0.2819254681310767,0.0158012397587299,0.0002614005934447
0.2820254771335974,0.0166430007666349,0.0001066753975465
0.2821254861361182,0.0169028192758560,0.0002446626895107
0.2822254951386389,0.0156329497694969,0.0003883398894686
0.2823255041411596,0.0170025508850813,0.0000163488894032
0.2824255131436803,0.0156121701002121,0.0000393134505430
0.2825255221462010,0.0167055502533913,-0.0002717789902817
0.2826255311487217,0.0161320604383945,-0.0002545701863710
0.2827255401512424,0.0170045699924231,-0.0005604496109299
0.2828255491537631,0.0155033804476261,-0.0000936033975449
0.2829255581562838,0.0145417498424649,-0.0001045859971782
0.2830255671588045,0.0162627100944519,-0.0004041747888550
0.2831255761613252,0.0161021407693624,-0.0003971857076976
0.2832255851638459,0.0164113994687796,-0.0001469666021876
0.2833255941663666,0.0161065794527531,0.0000658471471979
0.2834256031688873,0.0159148294478655,-0.0000496739194205
0.2835256121714080,0.0167086608707905,-0.0003636778856162
0.2836256211739287,0.0159986801445484,-0.0000448768405477
0.2837256301764494,0.0170663092285395,-0.0000049850368669
0.2838256391789702,0.0165682006627321,-0.0001330650993623
0.2839256481814909,0.0161537993699312,-0.0000428335115430
0.2840256571840116,0.0171938594430685,0.0000408323794545
0.2841256661865323,0.0167491100728512,-0.0001086003030650
0.2842256751890530,0.0182436890900135,-0.0000404844213335
0.2843256841915737,0.0177990999072790,-0.0002404838014627
0.2844256931940944,0.0180727504193783,-0.0003588816907723
0.2845257021966151,0.0186693090945482,-0.0002765204117168
0.2846257111991358,0.0184987708926201,-0.0008445078274235
0.2847257202016565,0.0196149107068777,-0.0006393527146429
0.2848257292041772,0.0188897792249918,-0.0002151257940568
0.2849257382066979,0.0195468403398991,-0.0005061922711320
0.2850257472092186,0.0203945599496365,-0.0006134451832622
0.2851257562117393,0.0213451609015465,-0.0003330264880788
0.2852257652142600,0.0209610592573881,0.0001261704019271
0.2853257742167807,0.0194236095994711,0.0000932095572352
0.2854257832193014,0.0207166709005833,0.0002550451899879
0.2855257922218221,0.0206721499562263,0.0001385023933835
0.2856258012243429,0.0202313605695963,0.0002103443985106
0.2857258102268636,0.0213425606489182,-0.0001887255057227
0.2858258192293843,0.0228311605751514,-0.0004676243988797
0.2859258282319050,0.0229191295802593,-0.0004893785226159
0.2860258372344257,0.0226459503173828,-0.0005165783222765
0.2861258462369464,0.0234052296727896,-0.0005181747255847
0.2862258552394671,0.0225050300359726,-0.0004780575109180
0.2863258642419878,0.0210990700870752,-0.0004380334867164
0.2864258732445085,0.0233098808676004,-0.0007673659711145
0.2865258822470292,0.0229111500084400,-0.0004908943083137
0.2866258912495499,0.0239112991839647,-0.0006631704163738
0.2867259002520706,0.0240228492766619,-0.0005274650757201
0.2868259092545913,0.0237520597875118,-0.0002731037966441
0.2869259182571120,0.0240566805005074,-0.0001776282006176
0.2870259272596327,0.0248286500573158,-0.0003270395973232
0.2871259362621534,0.0252665095031261,0.0001150566968136
0.2872259452646741,0.0253987908363342,0.0000408597916248
0.2873259542671949,0.0236806105822325,0.0001361325994367
0.2874259632697156,0.0254961308091879,0.0000593843797105
0.2875259722722363,0.0251357592642307,-0.0000276636092167
0.2876259812747570,0.0265762191265821,-0.0004377441073302
0.2877259902772777,0.0268149599432945,-0.0003261136007495
0.2878259992797984,0.0251528006047010,-0.0004596275102813
0.2879260082823191,0.0273163896054029,-0.0007408792153001
0.2880260172848398,0.0269439592957497,-0.0004305178008508
0.2881260262873605,0.0264947600662708,-0.0002487491001375
0.2882260352898812,0.0267741698771715,-0.0000890675728442
0.2883260442924019,0.0268107093870640,0.0002202173927799
0.2884260532949226,0.0261531192809343,0.0002775709144771
0.2885260622974433,0.0273452904075384,0.0001581549004186
0.2886260712999640,0.0294071193784475,0.0000752109772293
0.2887260803024847,0.0291396602988243,-0.0000545607290405
0.2888260893050054,0.0282560903578997,-0.0000477495887026
0.2889260983075261,0.0278581194579601,-0.0001078537025023
0.2890261073100468,0.0287656895816326,0.0001501244987594
0.2891261163125676,0.0278312005102634,0.0001983277034014
0.2892261253150883,0.0289559103548527,0.0000781575727160
0.2893261343176090,0.0281325392425060,0.0002076654054690
0.2894261433201297,0.0275576896965504,0.0002643133921083
0.2895261523226504,0.0279258899390697,-0.0001984934060602
0.2896261613251711,0.0294882692396641,-0.0002590793010313
0.2897261703276918,0.0284037105739117,-0.0003786381857935
0.2898261793302125,0.0291579999029636,-0.0006959859165363
0.2899261883327332,0.0283367093652487,-0.0005855165072717
0.2900261973352539,0.0267884302884340,0.0000147963401105
0.2901262063377746,0.0285693798214197,0.0001118544969358
0.2902262153402953,0.0288044903427362,0.0003920136950910
0.2903262243428160,0.0285883098840714,0.0005403432878666
0.2904262333453367,0.0284710507839918,0.0006824979209341
0.2905262423478574,0.0276179704815149,0.0006261094240472
0.2906262513503781,0.0270971208810806,0.0004509435093496
0.2907262603528988,0.0280739106237888,0.0001713027013466
0.2908262693554196,0.0292391907423735,-0.0000794225634309
0.2909262783579403,0.0288137998431921,-0.0000075084021773
0.2910262873604610,0.0299950391054153,-0.0002619015867822
0.2911262963629817,0.0294607300311327,-0.0001862775970949
0.2912263053655024,0.0307265296578407,-0.0001045819008141
0.2913263143680231,0.0307202097028494,-0.0001629579928704
0.2914263233705438,0.0284630693495274,0.0000196941291506
0.2915263323730645,0.0280471406877041,-0.0000106334700831
0.2916263413755852,0.0294535905122757,-0.0001634775981074
0.2917263503781059,0.0286242701113224,-0.0000905590568436
0.2918263593806266,0.0284327194094658,-0.0001061185976141
0.2919263683831473,0.0282773803919554,-0.0000423726705776
0.2920263773856680,0.0294993296265602,-0.0000377104188374
0.2921263863881887,0.0291260108351707,0.0001131860990427
0.2922263953907094,0.0309260394424200,0.0001943248935277
0.2923264043932301,0.0302504301071167,0.0003055772976950
0.2924264133957508,0.0273353699594736,0.0004031409043819
0.2925264223982716,0.0280777793377638,0.0002202807954745
0.2926264314007923,0.0296981893479824,0.0000225414296438
0.2927264404033130,0.0283454991877079,-0.0001190967013827
0.2928264494058337,0.0269913207739592,-0.0002368673012825
0.2929264584083544,0.0284415297210217,-0.0004081230144948
0.2930264674108751,0.0288123805075884,-0.0003738772065844
0.2931264764133958,0.0267375297844410,-0.0002720096090343
0.2932264854159165,0.0271416604518890,-0.0001087647033273
0.2933264944184372,0.0276922993361950,0.0001411191042280
0.2934265034209579,0.0274868700653315,0.0003132172860205
0.2935265124234786,0.0266081206500530,0.0005546677857637
0.2936265214259993,0.0272235404700041,0.0001244328013854
0.2937265304285200,0.0261482298374176,0.0002893912896980
0.2938265394310407,0.0263669006526470,0.0001330798986601
0.2939265484335614,0.0280510596930981,0.0001933995954460
0.2940265574360821,0.0265569891780615,0.0001262576988665
0.2941265664386028,0.0259163603186607,0.0000799800764071
0.2942265754411235,0.0261039603501558,0.0001153362973128
0.2943265844436443,0.0266101192682981,0.0005019215750508
0.2944265934461650,0.0269379597157240,0.0002785481920000
0.2945266024486857,0.0265161991119385,0.0000229908491747
0.2946266114512064,0.0274725593626499,-0.0004739802097902
0.2947266204537271,0.0264329202473164,-0.0003274588088971
0.2948266294562478,0.0272621996700764,-0.0002751729043666
0.2949266384587685,0.0282223299145699,-0.0004397419106681
0.2950266474612892,0.0268829204142094,-0.0001801051985240
0.2951266564638099,0.0256418101489544,0.0001152125987574
0.2952266654663306,0.0273356493562460,0.0002663520863280
0.2953266744688513,0.0273361001163721,0.0004491072904784
0.2954266834713720,0.0271991603076458,0.0003852563968394
0.2955266924738927,0.0280814208090305,0.0000494115192851
0.2956267014764134,0.0268793199211359,0.0001768773072399
0.2957267104789341,0.0259951800107956,0.0001570815948071
0.2958267194814548,0.0275691300630569,-0.0002350405993639
0.2959267284839756,0.0259152892976999,-0.0002026516012847
0.2960267374864963,0.0259029194712639,-0.0001371919934172
0.2961267464890170,0.0281648393720388,-0.0003182941873092
0.2962267554915377,0.0260649006813765,-0.0002322787040612
0.2963267644940584,0.0259110908955336,-0.0001168141970993
0.2964267734965791,0.0253479201346636,-0.0001066897020792
0.2965267824990998,0.0262279491871595,-0.0003114170103800
0.2966267915016205,0.0258092600852251,-0.0003004556056112
0.2967268005041412,0.0244775004684925,-0.0001500583020970
0.2968268095066619,0.0253502391278744,-0.0003421719011385
0.2969268185091826,0.0241003204137087,0.0002298769977642
0.2970268275117033,0.0241388399153948,0.0004193925124127
0.2971268365142240,0.0257593300193548,0.0002912796917371
0.2972268455167447,0.0247979294508696,0.0005891941254959
0.2973268545192654,0.0249267891049385,0.0005079248803668
0.2974268635217861,0.0254264697432518,0.0004252186918166
0.2975268725243068,0.0246845800429583,0.0004019977059215
0.2976268815268275,0.0228783693164587,0.0002339961938560
0.2977268905293483,0.0258250702172518,0.0000256608491327
0.2978268995318690,0.0244180709123611,-0.0000091954980235
0.2979269085343897,0.0243278201669455,-0.0003076457942370
0.2980269175369104,0.0253647994250059,-0.0003087503137067
0.2981269265394311,0.0238618701696396,-0.0000610029710515
0.2982269355419518,0.0250501502305269,0.0000027346470688
0.2983269445444725,0.0247956495732069,0.0000303211400023
0.2984269535469932,0.0241545792669058,0.0000744521676097
0.2985269625495139,0.0233383104205132,0.0004868854011875
0.2986269715520346,0.0247486196458340,0.0000638162164250
0.2987269805545553,0.0248659104108810,0.0000758284004405
0.2988269895570760,0.0243110302835703,-0.0000120815602713
0.2989269985595967,0.0267934296280146,-0.0001854705042206
0.2990270075621174,0.0314245708286762,-0.0011594010284171
0.2991270165646381,0.0357707291841507,-0.0021549949888140
0.2992270255671588,0.0402666702866554,-0.0034576670732349
0.2993270345696795,0.0417842082679272,-0.0055204550735652
0.2994270435722002,0.0413927696645260,-0.0066952612251043
0.2995270525747210,0.0435057282447815,-0.0102023202925920
0.2996270615772417,0.0397691205143929,-0.0151369096711278
0.2997270705797624,0.0849967673420906,0.0849590897560120
0.2998270795822831,0.0849970132112503,0.0849677994847298
0.2999270885848038,0.0849969834089279,0.0849973633885384
0.3000270975873245,0.0849964320659637,0.0849980786442757
0.3001271065898452,0.0849965065717697,0.0849978625774384
0.3002271155923659,0.0849962607026100,0.0849978178739548
0.3003271245948866,0.0249423794448376,-0.0243516396731138
0.3004271335974073,0.0243822392076254,-0.0168257094919682
0.3005271425999280,0.0225584600120783,-0.0128709701821208
0.3006271516024487,0.0196742396801710,-0.0100089497864246
0.3007271606049694,0.0187703203409910,-0.0066482210531831
0.3008271696074901,0.0172076690942049,-0.0044538369402289
0.3009271786100108,0.0162204001098871,-0.0028169420547783
0.3010271876125316,0.0156009597703815,-0.0003878556890413
0.3011271966150522,0.0158080700784922,0.0005939251859672
0.3012272056175730,0.0157971400767565,0.0024768870789558
0.3013272146200937,0.0161113496869802,0.0033684889785945
0.3014272236226144,0.0157175902277231,0.0039426079019904
0.3015272326251351,0.0166955497115850,0.0042374660260975
0.3016272416276558,0.0158625002950430,0.0044715511612594
0.3017272506301765,0.0164198093116283,0.0043473518453538
0.3018272596326972,0.0167014598846436,0.0040605319663882
0.3019272686352179,0.0174085106700659,0.0038102730177343
0.3020272776377386,0.0176267195492983,0.0034540889319032
0.3021272866402593,0.0180938001722097,0.0031148020643741
0.3022272956427800,0.0183750893920660,0.0026937320362777
0.3023273046453007,0.0184180997312069,0.0025475800503045
0.3024273136478214,0.0190935600548983,0.0023939469829202
0.3025273226503421,0.0195327308028936,0.0025005119387060
0.3026273316528628,0.0185331497341394,0.0019831480458379
0.3027273406553835,0.0191748905926943,0.0020755229052156
0.3028273496579043,0.0186213999986649,0.0016508479602635
0.3029273586604249,0.0181496292352676,0.0014090880285949
0.3030273676629457,0.0188461598008871,0.0007256342214532
0.3031273766654664,0.0189730096608400,0.0002367281995248
0.3032273856679871,0.0201686806976795,0.0000404032107326
0.3033273946705078,0.0189243406057358,-0.0005738587933592
0.3034274036730285,0.0199878606945276,-0.0005311623099260
0.3035274126755492,0.0187726300209761,-0.0005541936261579
0.3036274216780699,0.0191050004214048,-0.0006913170800544
0.3037274306805906,0.0184647999703884,-0.0004609870084096
0.3038274396831113,0.0192655194550753,-0.0004623440036085
0.3039274486856320,0.0181576106697321,-0.0008212166721933
0.3040274576881527,0.0188774000853300,-0.0010428579989821
0.3041274666906734,0.0170665998011827,-0.0010766820050776
0.3042274756931941,0.0169101599603891,-0.0011482839472592
0.3043274846957148,0.0157203003764153,-0.0007260239799507
0.3044274936982355,0.0154941203072667,-0.0009041235898621
0.3045275027007562,0.0161478202790022,-0.0005779372877441
0.3046275117032770,0.0154182501137257,-0.0002852118050214
0.3047275207057977,0.0159276705235243,-0.0001078935019905
0.3048275297083184,0.0147874001413584,-0.0000798080363893
0.3049275387108391,0.0153108201920986,-0.0001041814030032
0.3050275477133598,0.0144371604546905,-0.0002253137936350
0.3051275567158805,0.0148512497544289,-0.0005201930180192
0.3052275657184012,0.0151554299518466,-0.0007297606207430
0.3053275747209219,0.0155006898567080,-0.0006517507135868
0.3054275837234426,0.0161239597946405,-0.0002324235974811
0.3055275927259633,0.0161105506122112,-0.0000974278009380
0.3056276017284840,0.0162879806011915,0.0002170288062189
0.3057276107310047,0.0153941996395588,0.0001509533030912
0.3058276197335254,0.0158543493598700,0.0003212514857296
0.3059276287360461,0.0151021201163530,0.0004523420066107
0.3060276377385668,0.0144797898828983,0.0007036529714242
0.3061276467410876,0.0135800000280142,0.0000327986599586
0.3062276557436082,0.0130338901653886,0.0000878473074408
0.3063276647461289,0.0145889995619655,0.0001404008944519
0.3064276737486497,0.0148506304249167,0.0004376145079732
0.3065276827511704,0.0152450995519757,0.0007223368156701
0.3066276917536911,0.0150291398167610,0.0006844740710221
0.3067277007562118,0.0141416396945715,0.0005657877773046
0.3068277097587325,0.0152208404615521,0.0004435635928530
0.3069277187612532,0.0144681297242641,0.0000132866298372
0.3070277277637739,0.0157638397067785,-0.0001154185010819
0.3071277367662946,0.0154729802161455,-0.0007611251203343
0.3072277457688153,0.0160160399973392,-0.0006150283152238
0.3073277547713360,0.0154025396332145,-0.0007554749026895
0.3074277637738567,0.0145461997017264,-0.0006431167130359
0.3075277727763774,0.0158657692372799,-0.0003975284926128
0.3076277817788981,0.0157915204763412,-0.0002084073057631
0.3077277907814188,0.0166937708854675,-0.0001670625060797
0.3078277997839395,0.0151818599551916,-0.0001766498025972
0.3079278087864603,0.0154268201440573,0.0001049143975251
0.3080278177889809,0.0159979201853275,0.0003672039019875
0.3081278267915016,0.0164667107164860,-0.0000591050484218
0.3082278357940224,0.0194489993155003,0.0003289039887022
0.3083278447965431,0.0193348098546267,0.0001420362968929
0.3084278537990638,0.0176713094115257,-0.0002324912056793
0.3085278628015845,0.0154590504243970,-0.0003082627081312
0.3086278718041052,0.0161314494907856,-0.0002666118089110
0.3087278808066259,0.0165477395057678,-0.0003585166123230
0.3088278898091466,0.0150315500795841,-0.0003865812905133
0.3089278988116673,0.0174211692065001,-0.0002198972943006
0.3090279078141880,0.0174154695123434,-0.0001663993025431
0.3091279168167087,0.0179648902267218,-0.0002712770947255
0.3092279258192294,0.0172084495425224,-0.0003706851857714
0.3093279348217501,0.0181092191487551,-0.0002417562063783
0.3094279438242708,0.0180483590811491,-0.0002634169941302
0.3095279528267915,0.0166192092001438,-0.0001362098992104
0.3096279618293122,0.0180386602878571,0.0005267543019727
0.3097279708318330,0.0180708300322294,0.0004484943056013
0.3098279798343536,0.0192779507488012,0.0007614514906891
0.3099279888368743,0.0186307802796364,0.0003636835026555
0.3100279978393951,0.0179740004241467,0.0003240644873586
0.3101280068419158,0.0184607505798340,-0.0001657707034610
0.3102280158444365,0.0175753291696310,-0.0003436217957642
0.3103280248469572,0.0199284497648478,-0.0003579792100936
0.3104280338494779,0.0194255206733942,-0.0005000379751436
0.3105280428519986,0.0205019190907478,-0.0002825364936143
0.3106280518545193,0.0201014801859856,-0.0001891181018436
0.3107280608570400,0.0208408106118441,-0.0000969471584540
0.3108280698595607,0.0215131808072329,-0.0001567673025420
0.3109280788620814,0.0210866201668978,0.0001182362029795
0.3110280878646021,0.0218635108321905,0.0000310301911668
0.3111280968671228,0.0208283402025700,-0.0001585028949194
0.3112281058696436,0.0216628797352314,-0.0000038978769226
0.3113281148721642,0.0213227905333042,-0.0000014216949467
0.3114281238746849,0.0226682703942060,-0.0000551232587895
0.3115281328772057,0.0207677707076073,-0.0003545784857124
0.3116281418797263,0.0214748401194811,-0.0001811903930502
0.3117281508822471,0.0234133005142212,0.0001514673058409
0.3118281598847678,0.0229568891227245,0.0001519806974102
0.3119281688872885,0.0248448997735977,0.0001763957989169
0.3120281778898092,0.0227765291929245,-0.0003691943129525
0.3121281868923299,0.0234087500721216,-0.0000000293331102
0.3122281958948506,0.0232981406152248,-0.0005333739100024
0.3123282048973713,0.0245980899780989,-0.0002877535880543
0.3124282138998920,0.0246098395437002,-0.0001420826010872
0.3125282229024127,0.0240579694509506,0.0000338625104632
0.3126282319049334,0.0261655002832413,0.0007061865180731
0.3127282409074541,0.0243618506938219,0.0005223440239206
0.3128282499099748,0.0254794508218765,0.0006557287997566
0.3129282589124955,0.0239591207355261,0.0002561245055404
0.3130282679150163,0.0248827897012234,0.0005898065865040
0.3131282769175369,0.0253663994371891,0.0004320133884903
0.3132282859200576,0.0246352609246969,0.0002019906969508
0.3133282949225784,0.0268890708684921,0.0004862479108851
0.3134283039250990,0.0260129999369383,0.0002360211947234
0.3135283129276198,0.0281522609293461,0.0002468285092618
0.3136283219301405,0.0277945492416620,0.0001587020960869
0.3137283309326612,0.0261550992727280,-0.0000173577191163
0.3138283399351819,0.0275400299578905,0.0002021201944444
0.3139283489377026,0.0273396093398333,0.0002539159031585
0.3140283579402233,0.0265994705259800,-0.0002495450899005
0.3141283669427440,0.0281190406531096,-0.0000583109795116
0.3142283759452647,0.0273208506405354,-0.0002958663972095
0.3143283849477854,0.0273852907121181,-0.0000689043808961
0.3144283939503061,0.0279495809227228,0.0000033688158965
0.3145284029528268,0.0262476298958063,-0.0001911456056405
0.3146284119553475,0.0286191105842590,0.0004413271963131
0.3147284209578682,0.0282751191407442,0.0004669458139688
0.3148284299603890,0.0295531600713730,0.0007781137246639
0.3149284389629096,0.0288734398782253,0.0004018442123197
0.3150284479654303,0.0292445700615644,0.0000516246400366
0.3151284569679511,0.0296628102660179,-0.0001440695050405
0.3152284659704718,0.0285605397075415,-0.0002800739021040
0.3153284749729925,0.0297673195600510,-0.0001498187048128
0.3154284839755132,0.0294638592749834,-0.0001677958935034
0.3155284929780339,0.0283231101930141,-0.0003904323966708
0.3156285019805546,0.0293018594384193,-0.0003649574064184
0.3157285109830753,0.0293408297002316,-0.0001240028068423
0.3158285199855960,0.0278795901685953,-0.0002620767045300
0.3159285289881167,0.0291758999228477,0.0000468728212581
0.3160285379906374,0.0279903095215559,0.0000952762929955
0.3161285469931581,0.0286456495523453,0.0001688361953711
0.3162285559956788,0.0286223702132702,0.0002646133943927
0.3163285649981996,0.0276900697499514,0.0000343231404258
0.3164285740007202,0.0290617700666189,0.0002791279111989
0.3165285830032409,0.0289845000952482,0.0002028845046880
0.3166285920057617,0.0278403498232365,0.0000756987283239
0.3167286010082823,0.0297408197075129,0.0002392999012955
0.3168286100108030,0.0282407402992249,0.0001084237010218
0.3169286190133238,0.0291294697672129,0.0000786507807788
0.3170286280158445,0.0278317797929049,-0.0001726392947603
0.3171286370183652,0.0264593698084354,-0.0005516994860955
0.3172286460208859,0.0275589209049940,-0.0003526300133672
0.3173286550234066,0.0273961797356606,-0.0001929910940817
0.3174286640259273,0.0256031602621078,-0.0005981741123833
0.3175286730284480,0.0268469601869583,-0.0003730701864697
0.3176286820309687,0.0269130598753691,-0.0000697132563801
0.3177286910334894,0.0270616598427296,0.0003119170141872
0.3178287000360101,0.0278278905898333,0.0004274779930711
0.3179287090385308,0.0268736891448498,0.0003636107139755
0.3180287180410515,0.0257983207702637,0.0003156889870297
0.3181287270435723,0.0274409204721451,0.0005886462167837
0.3182287360460929,0.0266424193978310,0.0000896445999388
0.3183287450486136,0.0276914499700069,-0.0001029545965139
0.3184287540511344,0.0260560400784016,-0.0005199360894039
0.3185287630536550,0.0270427893847227,-0.0000490379607072
0.3186287720561757,0.0278194192796946,-0.0001117600986618
0.3187287810586965,0.0260666497051716,-0.0003596160968300
0.3188287900612172,0.0248722694814205,-0.0005506338202395
0.3189287990637379,0.0266713108867407,-0.0001202483981615
0.3190288080662586,0.0264556501060724,-0.0001463071967009
0.3191288170687793,0.0269493795931339,-0.0000307995505864
0.3192288260713000,0.0269803795963526,-0.0003149473050144
0.3193288350738207,0.0261377096176147,-0.0003804352018051
0.3194288440763414,0.0270324703305960,0.0001427490933565
0.3195288530788621,0.0253843609243631,-0.0000766429075156
0.3196288620813828,0.0259133595973253,0.0002213770931121
0.3197288710839035,0.0256707705557346,0.0005091694183648
0.3198288800864242,0.0256701093167067,0.0001890860003186
0.3199288890889450,0.0259421598166227,0.0003823708975688
0.3200288980914656,0.0270925201475620,0.0003190664865542
0.3201289070939863,0.0255573596805334,0.0000314969183819
0.3202289160965071,0.0264845807105303,-0.0000942034967011
0.3203289250990278,0.0266006607562304,-0.0000308212911477
0.3204289341015485,0.0258225593715906,-0.0002510559861548
0.3205289431040692,0.0266574602574110,-0.0001504288957221
0.3206289521065899,0.0261218491941690,-0.0001468115951866
0.3207289611091106,0.0255931001156569,0.0000467903300887
0.3208289701116313,0.0269968006759882,0.0002586437913124
0.3209289791141520,0.0261936709284782,0.0001375683932565
0.3210289881166727,0.0259836092591286,0.0004512420855463
0.3211289971191934,0.0269741695374250,0.0006151943816803
0.3212290061217141,0.0243558697402477,-0.0002206672070315
0.3213290151242348,0.0251502506434917,-0.0000117999697977
0.3214290241267556,0.0242402590811253,-0.0001865147060016
0.3215290331292762,0.0241179894655943,0.0000333130301442
0.3216290421317969,0.0251290202140808,0.0000957761076279
0.3217290511343177,0.0247010495513678,0.0001749108050717
0.3218290601368383,0.0242832303047180,0.0000345739608747
0.3219290691393590,0.0261604506522417,0.0000569011390326
0.3220290781418798,0.0261696390807629,0.0001596410002094
0.3221290871444005,0.0269037801772356,0.0001736176927807
0.3222290961469212,0.0248767193406820,-0.0002886858128477
0.3223291051494419,0.0233593601733446,-0.0005734408041462
0.3224291141519626,0.0245417505502701,-0.0002266266965307
0.3225291231544833,0.0237996391952038,-0.0003811478090938
0.3226291321570040,0.0239639300853014,0.0000624209133093
0.3227291411595247,0.0251442492008209,0.0002471467014402
0.3228291501620454,0.0239739604294300,0.0003655799082480
0.3229291591645661,0.0241581592708826,0.0007812848198228
0.3230291681670868,0.0251061990857124,0.0004834634892177
0.3231291771696075,0.0238477606326342,0.0002808193094097
0.3232291861721283,0.0258569307625294,0.0006106682121754
0.3233291951746489,0.0250340197235346,-0.0000388963017031
0.3234292041771696,0.0254104994237423,0.0001534313050797
0.3235292131796904,0.0257871095091105,-0.0001034234010149
0.3236292221822110,0.0253633707761765,-0.0000581891290494
0.3237292311847317,0.0256120897829533,-0.0002951808855869
0.3238292401872525,0.0260682906955481,0.0002271853009006
0.3239292491897732,0.0253689102828503,-0.0000070829810284
0.3240292581922939,0.0245322603732347,-0.0004198671085760
0.3241292671948146,0.0245737191289663,-0.0002469723112881
0.3242292761973353,0.0243538096547127,-0.0001772543037077
0.3243292851998560,0.0262222606688738,0.0002613556862343
0.3244292942023767,0.0247790794819593,-0.0000615966564510
0.3245293032048974,0.0258342102169991,0.0001434360019630
0.3246293122074181,0.0258370693773031,0.0004080554062966
0.3247293212099388,0.0243922602385283,-0.0000591575189901
0.3248293302124595,0.0252723507583141,0.0000914547272259
0.3249293392149802,0.0244750697165728,-0.0002252999984194
0.3250293482175010,0.0246406197547913,-0.0000547191993974
0.3251293572200216,0.0254553090780973,-0.0002867257862817
0.3252293662225423,0.0243620891124010,-0.0005310351261869
0.3253293752250631,0.0259877201169729,-0.0002086120948661
0.3254293842275838,0.0257865097373724,-0.0003317320952192
0.3255293932301044,0.0239880997687578,-0.0006236424087547
0.3256294022326252,0.0262222699820995,-0.0004562189860735
0.3257294112351459,0.0317330807447433,-0.0003176564932801
0.3258294202376666,0.0360584706068039,0.0002637864963617
0.3259294292401873,0.0415076203644276,0.0015545350033790
0.3260294382427080,0.0423136390745640,0.0017230910016224
0.3261294472452287,0.0432719290256500,0.0020795480813831
0.3262294562477494,0.0408968403935432,0.0019194959895685
0.3263294652502701,0.0372118204832077,0.0015564019558951
0.3264294742527908,0.0849974229931831,0.0849960222840309
0.3265294832553115,0.0849973410367966,0.0849962085485458
0.3266294922578322,0.0849971696734428,0.0849970430135727
0.3267295012603529,0.0849975422024727,0.0849972665309906
0.3268295102628737,0.0849974676966667,0.0849739834666252
0.3269295192653943,0.0849975571036339,0.0849696472287178
0.3270295282679150,0.0313247181475163,0.0361144915223122
0.3271295372704358,0.0277086906135082,0.0289945509284735
0.3272295462729565,0.0264080595225096,0.0234980694949627
0.3273295552754771,0.0251849405467510,0.0187907293438911
0.3274295642779979,0.0221184492111206,0.0161401797086000
0.3275295732805186,0.0197728108614683,0.0125476801767945
0.3276295822830393,0.0184719897806644,0.0091019319370389
0.3277295912855600,0.0162806399166584,0.0061148409731686
0.3278296002880807,0.0158716998994350,0.0033078389242291
0.3279296092906014,0.0147423995658755,0.0007885614177212
0.3280296182931221,0.0148819303140044,-0.0012373559875414
0.3281296272956428,0.0145928300917149,-0.0028179660439491
0.3282296362981635,0.0152261098846793,-0.0047541367821395
0.3283296453006843,0.0150459101423621,-0.0058397529646754
0.3284296543032049,0.0157885700464249,-0.0072394059970975
0.3285296633057256,0.0159181393682957,-0.0078752497211099
0.3286296723082464,0.0165538191795349,-0.0088573861867189
0.3287296813107670,0.0167072191834450,-0.0092855142429471
0.3288296903132877,0.0182264894247055,-0.0097479699179530
0.3289296993158085,0.0177833605557680,-0.0097129764035344
0.3290297083183292,0.0190599095076323,-0.0099575109779835
0.3291297173208499,0.0186699498444796,-0.0089834788814187
0.3292297263233706,0.0193939693272114,-0.0082464255392551
0.3293297353258913,0.0182887893170118,-0.0066782590001822
0.3294297443284120,0.0197648592293262,-0.0066704559139907
0.3295297533309327,0.0191598199307919,-0.0053860768675804
0.3296297623334534,0.0192452594637871,-0.0041913911700249
0.3297297713359741,0.0187427196651697,-0.0035505120176822
0.3298297803384948,0.0194643996655941,-0.0028787229675800
0.3299297893410155,0.0193390902131796,-0.0021042479202151
0.3300297983435362,0.0207144208252430,-0.0013292280491441
0.3301298073460570,0.0193655192852020,-0.0000880560110090
0.3302298163485776,0.0193459503352642,0.0008625920745544
0.3303298253510983,0.0180280599743128,0.0016529080457985
0.3304298343536191,0.0181684400886297,0.0022610831074417
0.3305298433561398,0.0172048192471266,0.0026710059028119
0.3306298523586604,0.0166468899697065,0.0030513328965753
0.3307298613611812,0.0150583498179913,0.0029621080029756
0.3308298703637019,0.0139764696359634,0.0028871449176222
0.3309298793662226,0.0141006298363209,0.0023698420263827
0.3310298883687433,0.0134083898738027,0.0019438239978626
0.3311298973712640,0.0143558504059911,0.0016927360557020
0.3312299063737847,0.0136938495561481,0.0016344879986718
0.3313299153763054,0.0147334802895784,0.0015635420568287
0.3314299243788261,0.0144269401207566,0.0014399100327864
0.3315299333813468,0.0156666096299887,0.0011674109846354
0.3316299423838675,0.0147413499653339,0.0009726592106745
0.3317299513863882,0.0144031504169106,0.0011480189859867
0.3318299603889089,0.0145648503676057,0.0004702954902314
0.3319299693914297,0.0129679003730416,0.0003204492095392
0.3320299783939503,0.0121415397152305,0.0003846129111480
0.3321299873964710,0.0120137101039290,0.0002847907016985
0.3322299963989918,0.0128739103674889,0.0001218383986270
0.3323300054015125,0.0127732697874308,-0.0000032271800592
0.3324300144040331,0.0139135196805000,-0.0004322449967731
0.3325300234065539,0.0135223995894194,-0.0005141482106410
0.3326300324090746,0.0129088899120688,-0.0004366778011899
0.3327300414115953,0.0117527898401022,-0.0004400982870720
0.3328300504141160,0.0115350699052215,-0.0008324331138283
0.3329300594166367,0.0129334600642323,-0.0012731719762087
0.3330300684191574,0.0116394301876426,-0.0012342659756541
0.3331300774216781,0.0124930897727609,-0.0011757509782910
0.3332300864241988,0.0121663101017475,-0.0007476237951778
0.3333300954267195,0.0103957997635007,-0.0000452924796264
0.3334301044292403,0.0120759299024940,-0.0001562208053656
0.3335301134317609,0.0124977501109242,-0.0000250505690929
0.3336301224342816,0.0126321204006672,-0.0002565646136645
0.3337301314368024,0.0135822398588061,-0.0003125612856820
0.3338301404393230,0.0136398002505302,-0.0003480442101136
0.3339301494418437,0.0145482001826167,-0.0004976767231710
0.3340301584443645,0.0139871900901198,-0.0003585217054933
0.3341301674468852,0.0150701999664307,-0.0004980551893823
0.3342301764494058,0.0145502099767327,-0.0002489475009497
0.3343301854519266,0.0151098500937223,-0.0002437814982841
0.3344301944544473,0.0158375296741724,-0.0003753830969799
0.3345302034569680,0.0152232795953751,-0.0002097896940541
0.3346302124594887,0.0154733899980783,-0.0002063077990897
0.3347302214620094,0.0147912697866559,-0.0000328034184349
0.3348302304645301,0.0163394492119551,-0.0002229449019069
0.3349302394670508,0.0163254905492067,-0.0002955558011308
0.3350302484695715,0.0173126906156540,-0.0004123460093979
0.3351302574720922,0.0172455105930567,-0.0001573448971612
0.3352302664746130,0.0160379093140364,0.0001103168033296
0.3353302754771336,0.0168001502752304,0.0000220629499381
0.3354302844796543,0.0163203608244658,0.0001758017024258
0.3355302934821751,0.0163177307695150,0.0002806377888191
0.3356303024846958,0.0171628706157207,0.0002768877893686
0.3357303114872164,0.0162530206143856,0.0001202166022267
0.3358303204897372,0.0173748806118965,-0.0000578724902880
0.3359303294922579,0.0167367905378342,-0.0004521473892964
0.3360303384947785,0.0167913697659969,-0.0000337298188242
0.3361303474972993,0.0163336992263794,-0.0003330172912683
0.3362303564998200,0.0151285398751497,-0.0003946468932554
0.3363303655023407,0.0164841804653406,-0.0005483294953592
0.3364303745048614,0.0163723006844521,-0.0005452057812363
0.3365303835073821,0.0177308209240437,-0.0002894941135310
0.3366303925099028,0.0168115496635437,-0.0003116946900263
0.3367304015124235,0.0168952792882919,-0.0002454807981849
0.3368304105149442,0.0177317596971989,-0.0003965439100284
0.3369304195174649,0.0174152497202158,-0.0002856946084648
0.3370304285199857,0.0183777902275324,-0.0004638383979909
0.3371304375225063,0.0180566702038050,-0.0003200579085387
0.3372304465250270,0.0178033206611872,-0.0000792970531620
0.3373304555275478,0.0182820204645395,-0.0000709277228452
0.3374304645300685,0.0178505592048168,0.0005307500832714
0.3375304735325891,0.0187530498951674,0.0004107466957066
0.3376304825351099,0.0180384293198586,0.0003056671121158
0.3377304915376306,0.0185056608170271,-0.0004347302019596
0.3378305005401513,0.0190379004925489,-0.0002260951005155
0.3379305095426720,0.0187066104263067,-0.0002395063056611
0.3380305185451927,0.0187352206557989,-0.0003758723905776
0.3381305275477134,0.0193090904504061,-0.0004632752097677
0.3382305365502341,0.0202852208167315,-0.0004634284996428
0.3383305455527548,0.0213611908257008,-0.0002010039024753
0.3384305545552755,0.0206642094999552,0.0001132593970397
0.3385305635577963,0.0211380198597908,0.0002156379050575
0.3386305725603169,0.0209362991154194,0.0001519624056527
0.3387305815628376,0.0209031198173761,-0.0001552129979245
0.3388305905653584,0.0221291501075029,-0.0001218730030814
0.3389305995678790,0.0214835591614246,-0.0000748060920159
0.3390306085703997,0.0222504995763302,-0.0003049260994885
0.3391306175729205,0.0228249896317720,-0.0006213799933903
0.3392306265754412,0.0224240701645613,-0.0008745471131988
0.3393306355779618,0.0244743600487709,-0.0007557832286693
0.3394306445804826,0.0233820304274559,-0.0005726708914153
0.3395306535830033,0.0249885097146034,-0.0006118786986917
0.3396306625855240,0.0239693801850080,-0.0005324947996996
0.3397306715880447,0.0234708208590746,-0.0004664704902098
0.3398306805905654,0.0242851208895445,-0.0005680770264007
0.3399306895930861,0.0227844398468733,-0.0003335844085086
0.3400306985956068,0.0237163901329041,-0.0002611204108689
0.3401307075981275,0.0238317307084799,-0.0003399465058465
0.3402307166006482,0.0232951007783413,0.0000105015697045
0.3403307256031690,0.0248737391084433,-0.0000854484824231
0.3404307346056896,0.0242306292057037,-0.0001580871030455
0.3405307436082103,0.0249290205538273,0.0003004093887284
0.3406307526107311,0.0251892991364002,0.0002769033017103
0.3407307616132517,0.0246933195739985,0.0001774698030204
0.3408307706157724,0.0264043807983398,0.0000253833095485
0.3409307796182932,0.0259967893362045,-0.0002533223887440
0.3410307886208139,0.0264181401580572,-0.0003352591011208
0.3411307976233345,0.0262013506144285,-0.0004229226906318
0.3412308066258553,0.0260419994592667,-0.0005841605016030
0.3413308156283760,0.0264683701097965,-0.0004065101966262
0.3414308246308967,0.0257211495190859,-0.0001909025013447
0.3415308336334174,0.0256515499204397,0.0001153558987426
0.3416308426359381,0.0260963700711727,0.0001578934025019
0.3417308516384588,0.0267902091145515,0.0000933932533371
0.3418308606409795,0.0261208098381758,0.0002837700885721
0.3419308696435002,0.0269456896930933,0.0001661824062467
0.3420308786460209,0.0279348306357861,-0.0000677203570376
0.3421308876485417,0.0268316604197025,-0.0000385283892683
0.3422308966510623,0.0264091994613409,0.0000630322392681
0.3423309056535830,0.0267251394689083,0.0001382288028253
0.3424309146561038,0.0278952699154615,-0.0000434944595327
0.3425309236586245,0.0267281103879213,-0.0000901577586774
0.3426309326611451,0.0258910991251469,0.0000731020190869
0.3427309416636659,0.0274039395153522,-0.0000507543591084
0.3428309506661866,0.0276379901915789,-0.0002842379908543
0.3429309596687072,0.0268837604671717,-0.0004188872990198
0.3430309686712280,0.0280602797865868,-0.0006325289141387
0.3431309776737487,0.0279439408332109,-0.0004930006107315
0.3432309866762694,0.0285885203629732,-0.0002345690008951
0.3433309956787901,0.0283042900264263,-0.0001707980991341
0.3434310046813108,0.0274513904005289,-0.0000603954104008
0.3435310136838315,0.0282310508191586,0.0000197296503757
0.3436310226863523,0.0283070001751184,0.0002260540059069
0.3437310316888729,0.0275388006120920,0.0004644606087822
0.3438310406913936,0.0287711601704359,0.0001713301026030
0.3439310496939144,0.0287098996341228,0.0003256796044298
0.3440310586964350,0.0273318998515606,0.0003311508917250
0.3441310676989557,0.0297624692320824,0.0000857176491991
0.3442310767014765,0.0288075506687164,0.0002220884052804
0.3443310857039972,0.0280075296759605,0.0001287679042434
0.3444310947065178,0.0289099104702473,-0.0000217597098526
0.3445311037090386,0.0281969197094440,0.0000097988913694
0.3446311127115593,0.0279158893972635,0.0000639522331767
0.3447311217140800,0.0284657608717680,-0.0001561425015097
0.3448311307166007,0.0281308107078075,-0.0001015496018226
0.3449311397191214,0.0291204601526260,-0.0002106473984895
0.3450311487216421,0.0297789592295885,0.0001196189987240
0.3451311577241628,0.0282591003924608,0.0001023937002174
0.3452311667266835,0.0291935708373785,-0.0000901572566363
0.3453311757292042,0.0293126609176397,0.0001603122946108
0.3454311847317250,0.0275432504713535,0.0002554671082180
0.3455311937342456,0.0279202796518803,0.0001567068975419
0.3456312027367663,0.0289971008896828,0.0002371761947870
0.3457312117392871,0.0278753694146872,0.0002422705001663
0.3458312207418077,0.0276813805103302,0.0001210553964484
0.3459312297443284,0.0283101797103882,-0.0002647615910973
0.3460312387468492,0.0281092897057533,-0.0000831657671370
0.3461312477493699,0.0269852597266436,-0.0002522546856198
0.3462312567518905,0.0288733504712582,-0.0005015946808271
0.3463312657544113,0.0278395600616932,-0.0003233746974729
0.3464312747569320,0.0261262506246567,-0.0000876703415997
0.3465312837594527,0.0278953406959772,-0.0003250711888541
0.3466312927619734,0.0272579006850719,-0.0001102445021388
0.3467313017644941,0.0268941298127174,-0.0000086164864115
0.3468313107670148,0.0276709999889135,0.0000146378997670
0.3469313197695355,0.0272078104317188,0.0000032661730529
0.3470313287720562,0.0266040805727243,0.0001179817991215
0.3471313377745769,0.0268952194601297,0.0000395500392187
0.3472313467770977,0.0263355392962694,0.0000888053109520
0.3473313557796183,0.0270289499312639,0.0002210509992437
0.3474313647821390,0.0281359702348709,0.0002119587006746
0.3475313737846598,0.0278451405465603,0.0003272639878560
0.3476313827871805,0.0271670594811440,0.0001396367006237
0.3477313917897011,0.0282867308706045,0.0000738062299206
0.3478314007922219,0.0271854698657990,0.0001817312004277
0.3479314097947426,0.0259201005101204,0.0000640728321741
0.3480314187972632,0.0264570601284504,-0.0000555568985874
0.3481314277997840,0.0254553593695164,-0.0006139348261058
0.3482314368023047,0.0256655290722847,-0.0001617694069864
0.3483314458048254,0.0253647100180387,-0.0000789471814642
0.3484314548073461,0.0270525198429823,-0.0000023711090762
0.3485314638098668,0.0275004003196955,0.0002015829959419
0.3486314728123875,0.0267698802053928,0.0001652352948440
0.3487314818149083,0.0263862796127796,0.0002438601950416
0.3488314908174289,0.0265302099287510,0.0003004583995789
0.3489314998199496,0.0247107092291117,0.0003609321138356
0.3490315088224704,0.0243674498051405,0.0001482608931838
0.3491315178249910,0.0263125691562891,-0.0000213823495869
0.3492315268275117,0.0261068493127823,-0.0001449256960768
0.3493315358300325,0.0274980906397104,-0.0002787392004393
0.3494315448325532,0.0264069605618715,-0.0003489883965813
0.3495315538350738,0.0258625503629446,-0.0001665909949224
0.3496315628375946,0.0266593899577856,-0.0003282756952103
0.3497315718401153,0.0237907394766808,-0.0003207281115465
0.3498315808426359,0.0250531490892172,-0.0000735352587071
0.3499315898451567,0.0254441499710083,0.0000182045096153
0.3500315988476774,0.0261377301067114,0.0002133191010216
0.3501316078501981,0.0245913695544004,0.0000695629423717
0.3502316168527188,0.0267980303615332,0.0001205447988468
0.3503316258552395,0.0256357491016388,0.0000600538514846
0.3504316348577602,0.0249793995171785,0.0003452363889664
0.3505316438602810,0.0274662207812071,0.0002512435021345
0.3506316528628016,0.0268794596195221,0.0004274933889974
0.3507316618653223,0.0254755299538374,0.0003818495024461
0.3508316708678431,0.0257747806608677,0.0003904887998942
0.3509316798703637,0.0249916799366474,0.0003439488937147
0.3510316888728844,0.0251189395785332,0.0001255621027667
0.3511316978754052,0.0273329298943281,-0.0000277515191556
0.3512317068779259,0.0269182696938515,-0.0001685177994659
0.3513317158804465,0.0273521207273006,-0.0005179984145798
0.3514317248829673,0.0258011501282454,-0.0000226088395721
0.3515317338854880,0.0254557896405458,0.0001044535965775
0.3516317428880087,0.0239527206867933,0.0003718500083778
0.3517317518905294,0.0262572802603245,0.0002161622978747
0.3518317608930501,0.0261016506701708,0.0002751529100351
0.3519317698955708,0.0238323193043470,0.0002707501989789
0.3520317788980915,0.0246344506740570,-0.0000421649201598
0.3521317879006122,0.0249536391347647,0.0001939170033438
0.3522317969031329,0.0243865698575974,0.0001321833988186
0.3523318059056537,0.0262134801596403,-0.0000836316830828
0.3524318149081743,0.0293746795505285,-0.0007041071075946
0.3525318239106950,0.0311619304120541,-0.0014778360491619
0.3526318329132158,0.0417686812579632,-0.0039868839085102
0.3527318419157365,0.0404124110937119,-0.0046747531741858
0.3528318509182571,0.0449385307729244,-0.0083921132609248
0.3529318599207779,0.0451867990195751,-0.0125363199040294
0.3530318689232986,0.0312723889946938,-0.0116350697353482
0.3531318779258192,0.0849966332316399,0.0849600210785866
0.3532318869283400,0.0849969163537025,0.0849610865116119
0.3533318959308607,0.0849970132112503,0.0849973633885384
0.3534319049333814,0.0849964991211891,0.0849978774785995
0.3535319139359021,0.0849965065717697,0.0849978029727936
0.3536319229384228,0.0849964022636414,0.0849978178739548
0.3537319319409435,0.0263148602098227,-0.0216414295136929
0.3538319409434643,0.0255381595343351,-0.0154823204502463
0.3539319499459849,0.0239974595606327,-0.0110316304489970
0.3540319589485056,0.0220798403024673,-0.0077949678525329
0.3541319679510264,0.0197837091982365,-0.0049435039982200
0.3542319769535470,0.0185905098915100,-0.0021751311141998
0.3543319859560677,0.0170428697019815,-0.0001899807975860
0.3544319949585885,0.0162051301449537,0.0014423349639401
0.3545320039611092,0.0158105902373791,0.0016480380436406
0.3546320129636298,0.0153792100027204,0.0024303731042892
0.3547320219661506,0.0159655399620533,0.0027941151056439
0.3548320309686713,0.0151405697688460,0.0030230360571295
0.3549320399711919,0.0158651601523161,0.0030791759490967
0.3550320489737127,0.0154253598302603,0.0027914610691369
0.3551320579762334,0.0161087494343519,0.0024486610200256
0.3552320669787541,0.0157514195889235,0.0021788890007883
0.3553320759812748,0.0170419793576002,0.0023547499440610
0.3554320849837955,0.0164802093058825,0.0016458160243928
0.3555320939863162,0.0179262999445200,0.0018179189646617
0.3556321029888370,0.0169649291783571,0.0013923440128565
0.3557321119913576,0.0181818008422852,0.0014872869942337
0.3558321209938783,0.0178985595703125,0.0013927520485595
0.3559321299963991,0.0186786092817783,0.0015391419874504
0.3560321389989197,0.0188186801970005,0.0014414830366150
0.3561321480014404,0.0202645398676395,0.0015225489623845
0.3562321570039612,0.0187728293240070,0.0011615250259638
0.3563321660064819,0.0186726599931717,0.0009427443728782
0.3564321750090025,0.0186532605439425,0.0006004592287354
0.3565321840115233,0.0200183391571045,0.0003885600890499
0.3566321930140440,0.0196182895451784,0.0001014852969092
0.3567322020165647,0.0204743705689907,0.0001927076955326
0.3568322110190854,0.0194856896996498,-0.0002959696867038
0.3569322200216061,0.0201607607305050,-0.0003548515087459
0.3570322290241268,0.0187999904155731,-0.0003110498946626
0.3571322380266475,0.0194675903767347,-0.0003823724109679
0.3572322470291682,0.0183144193142653,-0.0004949782742187
0.3573322560316889,0.0183654706925154,-0.0007267891196534
0.3574322650342097,0.0177604109048843,-0.0007490736898035
0.3575322740367303,0.0172623991966248,-0.0006942547042854
0.3576322830392510,0.0159813798964024,-0.0005795372999273
0.3577322920417718,0.0156959891319275,-0.0007455631857738
0.3578323010442925,0.0165426991879940,-0.0006040767184459
0.3579323100468131,0.0164124593138695,-0.0001167586015072
0.3580323190493339,0.0165768601000309,-0.0001229807967320
0.3581323280518546,0.0158535502851009,-0.0001156759972218
0.3582323370543752,0.0166533607989550,-0.0001498000056017
0.3583323460568960,0.0158693809062243,-0.0003459611907601
0.3584323550594167,0.0144362002611160,-0.0004298783023842
0.3585323640619374,0.0147091699764132,-0.0007653019274585
0.3586323730644581,0.0145050501450896,-0.0005534230731428
0.3587323820669788,0.0151318302378058,-0.0006169205880724
0.3588323910694995,0.0146275898441672,-0.0004341526073404
0.3589324000720203,0.0147675601765513,-0.0002171736996388
0.3590324090745409,0.0140811596065760,-0.0002464361023158
0.3591324180770616,0.0157081801444292,0.0001774795964593
0.3592324270795824,0.0153616797178984,0.0002863515110221
0.3593324360821030,0.0141016999259591,0.0001510401052656
0.3594324450846237,0.0145634897053242,0.0001270431966987
0.3595324540871445,0.0143692903220654,0.0002980151039083
0.3596324630896652,0.0152122303843498,0.0003080242895521
0.3597324720921858,0.0143838804215193,0.0005898841191083
0.3598324810947066,0.0151488604024053,0.0007305417093448
0.3599324900972273,0.0146319195628166,0.0007150684832595
0.3600324990997479,0.0138068497180939,0.0004344701010268
0.3601325081022687,0.0147314304485917,0.0000114298800327
0.3602325171047894,0.0156367998570204,0.0001888146944111
0.3603325261073101,0.0144534697756171,-0.0000381621903216
0.3604325351098308,0.0132413301616907,-0.0003123152127955
0.3605325441123515,0.0145378299057484,-0.0005004045087844
0.3606325531148722,0.0147529896348715,-0.0004261374997441
0.3607325621173930,0.0139399301260710,-0.0003203614032827
0.3608325711199136,0.0149608403444290,-0.0001169712995761
0.3609325801224343,0.0150943901389837,0.0000371702990378
0.3610325891249551,0.0160325895994902,-0.0000011202359929
0.3611325981274757,0.0150197800248861,0.0002661423059180
0.3612326071299964,0.0159560292959213,0.0001695110986475
0.3613326161325172,0.0153804300352931,0.0002976430987474
0.3614326251350379,0.0154486298561096,0.0003271492896602
0.3615326341375585,0.0150546999648213,-0.0003701465029735
0.3616326431400793,0.0145444897934794,-0.0001693670055829
0.3617326521426000,0.0148811396211386,-0.0002489279140718
0.3618326611451207,0.0147070297971368,-0.0003850263019558
0.3619326701476414,0.0159711800515652,-0.0002620920131449
0.3620326791501621,0.0161507092416286,-0.0002686892985366
0.3621326881526828,0.0153540801256895,-0.0002866249997169
0.3622326971552035,0.0169882997870445,-0.0004446789971553
0.3623327061577242,0.0167527999728918,-0.0004281871079002
0.3624327151602449,0.0169633906334639,-0.0003442128072493
0.3625327241627657,0.0159770492464304,-0.0004231591010466
0.3626327331652863,0.0168935693800449,-0.0000768110694480
0.3627327421678070,0.0164571404457092,-0.0002188390062656
0.3628327511703278,0.0155125102028251,-0.0001051130020642
0.3629327601728485,0.0169606395065784,0.0004247046017554
0.3630327691753691,0.0170281492173672,0.0002120864955941
0.3631327781778899,0.0179059691727161,0.0003213635063730
0.3632327871804106,0.0171961393207312,0.0001314784021815
0.3633327961829312,0.0166005492210388,-0.0000417566116084
0.3634328051854520,0.0177609603852034,-0.0000605314089626
0.3635328141879727,0.0176937095820904,-0.0001685824972810
0.3636328231904934,0.0186081901192665,-0.0004694664094131
0.3637328321930141,0.0179016999900341,-0.0006431379006244
0.3638328411955348,0.0190170202404261,-0.0001950754958671
0.3639328501980555,0.0190311800688505,-0.0002233840932604
0.3640328592005762,0.0186843797564507,-0.0000397796793550
0.3641328682030969,0.0196983702480793,0.0002097569959005
0.3642328772056176,0.0198131594806910,0.0002783644013107
0.3643328862081384,0.0202364195138216,0.0000017788370315
0.3644328952106590,0.0210905596613884,0.0001870076957857
0.3645329042131797,0.0212233196943998,0.0003877276903950
0.3646329132157005,0.0216096304357052,0.0002793498861138
0.3647329222182212,0.0220145005732775,0.0003483447071631
0.3648329312207418,0.0226734895259142,0.0002196466957685
0.3649329402232626,0.0216119997203350,-0.0001802840997698
0.3650329492257833,0.0231007095426321,0.0001764885964803
0.3651329582283039,0.0212918203324080,-0.0000876778867678
0.3652329672308247,0.0216181296855211,-0.0001161886029877
0.3653329762333454,0.0222981106489897,-0.0003810304042418
0.3654329852358661,0.0224073398858309,-0.0002691711124498
0.3655329942383868,0.0247644390910864,-0.0000230031000683
0.3656330032409075,0.0237669795751572,-0.0000647834531264
0.3657330122434282,0.0248702093958855,-0.0000696271381457
0.3658330212459490,0.0244430806487799,-0.0002298733015778
0.3659330302484696,0.0264270603656769,0.0003226205881219
0.3660330392509903,0.0244164504110813,0.0002280041953782
0.3661330482535111,0.0233372095972300,0.0003362194111105
0.3662330572560317,0.0255149304866791,0.0006419625133276
0.3663330662585524,0.0253629907965660,0.0007997428183444
0.3664330752610732,0.0266448296606541,0.0007383046904579
0.3665330842635939,0.0259910896420479,0.0003605986130424
0.3666330932661145,0.0276613701134920,0.0006941083120182
0.3667331022686353,0.0272075496613979,0.0003377204120625
0.3668331112711560,0.0263846702873707,0.0002393278991804
0.3669331202736767,0.0286718998104334,0.0003047597128898
0.3670331292761974,0.0270447805523872,-0.0000157581398526
0.3671331382787181,0.0266382303088903,-0.0003684884868562
0.3672331472812388,0.0269786901772022,-0.0003137639141642
0.3673331562837595,0.0264143496751785,-0.0003656198969111
0.3674331652862802,0.0280583091080189,-0.0000839215790620
0.3675331742888009,0.0272998493164778,-0.0003619244089350
0.3676331832913217,0.0291867107152939,-0.0001318871072726
0.3677331922938423,0.0289871692657471,0.0001293485984206
0.3678332012963630,0.0283416491001844,-0.0001901287032524
0.3679332102988838,0.0289552100002766,-0.0000170715993590
0.3680332193014045,0.0282739195972681,0.0002686622028705
0.3681332283039251,0.0299566499888897,0.0006172048742883
0.3682332373064459,0.0294956304132938,0.0001877488975879
0.3683332463089666,0.0286554899066687,-0.0001991121971514
0.3684332553114872,0.0297915600240231,0.0000246472900471
0.3685332643140080,0.0291775297373533,-0.0002482690033503
0.3686332733165287,0.0280103906989098,-0.0005297046736814
0.3687332823190494,0.0292127300053835,-0.0007235868251882
0.3688332913215701,0.0284394901245832,-0.0008801994845271
0.3689333003240908,0.0297736804932356,-0.0002812345046550
0.3690333093266115,0.0281400606036186,-0.0003626350080594
0.3691333183291322,0.0267804209142923,-0.0003231320879422
0.3692333273316529,0.0270364303141832,-0.0002540276909713
0.3693333363341736,0.0282266698777676,-0.0004077632038388
0.3694333453366944,0.0271476395428181,-0.0002776439068839
0.3695333543392150,0.0274262893944979,-0.0000843389570946
0.3696333633417357,0.0281348899006844,0.0000053685630519
0.3697333723442565,0.0272033791989088,0.0001152812983491
0.3698333813467772,0.0282540190964937,0.0000932351322263
0.3699333903492978,0.0279598291963339,0.0002593621902633
0.3700333993518186,0.0272633004933596,0.0002093791990774
0.3701334083543393,0.0293054003268480,0.0006634016172029
0.3702334173568599,0.0288631208240986,0.0005958743859082
0.3703334263593807,0.0277493204921484,0.0000969288012129
0.3704334353619014,0.0290018003433943,0.0001191326009575
0.3705334443644221,0.0273657292127609,-0.0003997471067123
0.3706334533669428,0.0295047797262669,0.0000334049109370
0.3707334623694635,0.0287750698626041,0.0000912279065233
0.3708334713719842,0.0276756398379803,0.0000538747917744
0.3709334803745050,0.0270415693521500,0.0000225303501793
0.3710334893770256,0.0285651609301567,0.0004376141878311
0.3711334983795463,0.0265831593424082,0.0002684317005333
0.3712335073820671,0.0276387892663479,0.0005251112161204
0.3713335163845877,0.0269415602087975,0.0004335750127211
0.3714335253871084,0.0262470897287130,0.0001298404968111
0.3715335343896292,0.0255340095609426,-0.0002258923050249
0.3716335433921499,0.0266978405416012,-0.0004329464863986
0.3717335523946705,0.0275884792208672,0.0000143649704114
0.3718335613971913,0.0289548095315695,0.0001251931971638
0.3719335703997120,0.0290978606790304,0.0003255922056269
0.3720335794022327,0.0278152208775282,-0.0001496993063483
0.3721335884047534,0.0268467906862497,-0.0002407481952105
0.3722335974072741,0.0283253807574511,0.0002152894012397
0.3723336064097948,0.0271136295050383,-0.0002959505072795
0.3724336154123155,0.0278997607529163,0.0000120768299894
0.3725336244148362,0.0281160902231932,0.0002594061079435
0.3726336334173569,0.0264580901712179,-0.0002064620930469
0.3727336424198777,0.0274474304169416,0.0002108615008183
0.3728336514223983,0.0271071102470160,0.0003961134061683
0.3729336604249190,0.0259337890893221,0.0000553506615688
0.3730336694274398,0.0259530898183584,0.0005565413157456
0.3731336784299605,0.0257498193532228,0.0005261300248094
0.3732336874324811,0.0243653096258640,0.0001334176049568
0.3733336964350019,0.0253617707639933,0.0000521781803400
0.3734337054375226,0.0262200199067593,0.0002634672855493
0.3735337144400432,0.0271700192242861,0.0001875099987956
0.3736337234425640,0.0265768691897392,-0.0002330515999347
0.3737337324450847,0.0252804793417454,-0.0005542893195525
0.3738337414476054,0.0252382308244705,-0.0004489512939472
0.3739337504501261,0.0245557595044374,-0.0006952466792427
0.3740337594526468,0.0253859907388687,-0.0001570269960212
0.3741337684551675,0.0253370292484760,0.0000517889384355
0.3742337774576882,0.0263654291629791,0.0004541391099337
0.3743337864602089,0.0255452897399664,-0.0000708862789907
0.3744337954627296,0.0246836598962545,-0.0001591244945303
0.3745338044652504,0.0262155607342720,0.0000974658614723
0.3746338134677710,0.0265692006796598,0.0004376508004498
0.3747338224702917,0.0245595797896385,-0.0002585497859400
0.3748338314728125,0.0265431404113770,-0.0000416637194576
0.3749338404753332,0.0256414897739887,-0.0000321301013173
0.3750338494778538,0.0250376891344786,0.0001403655041941
0.3751338584803746,0.0252758692950010,-0.0000387575310015
0.3752338674828953,0.0243279393762350,-0.0001247525942745
0.3753338764854159,0.0241628792136908,-0.0001069413992809
0.3754338854879367,0.0263398606330156,0.0001608320017112
0.3755338944904574,0.0247579496353865,-0.0003990985860582
0.3756339034929781,0.0238965805619955,-0.0005884139100090
0.3757339124954988,0.0257795993238688,0.0000619758575340
0.3758339214980195,0.0261828992515802,0.0003286222927272
0.3759339305005402,0.0253923293203115,0.0003137756139040
0.3760339395030609,0.0263965707272291,0.0006486588972621
0.3761339485055816,0.0256592407822609,0.0005966561730020
0.3762339575081023,0.0245590694248676,0.0003084483032580
0.3763339665106231,0.0266173202544451,0.0010886209784076
0.3764339755131437,0.0249093994498253,0.0007671734201722
0.3765339845156644,0.0248534306883812,0.0005026813014410
0.3766339935181852,0.0242503099143505,-0.0001515869953437
0.3767340025207059,0.0249744001775980,0.0001761408057064
0.3768340115232265,0.0247522704303265,0.0000155049692694
0.3769340205257473,0.0260839499533176,0.0001362920011161
0.3770340295282680,0.0240688808262348,-0.0001982144021895
0.3771340385307887,0.0245143305510283,0.0002220402966486
0.3772340475333094,0.0257180705666542,0.0001025404999382
0.3773340565358301,0.0256931707262993,0.0002040313993348
0.3774340655383508,0.0253086406737566,-0.0000368327600881
0.3775340745408715,0.0254109892994165,-0.0003555903967936
0.3776340835433922,0.0233273301273584,-0.0009611800196581
0.3777340925459129,0.0225657708942890,-0.0007414984283969
0.3778341015484336,0.0237245000898838,-0.0004086008993909
0.3779341105509543,0.0234962906688452,-0.0001037090987666
0.3780341195534750,0.0232979506254196,0.0001814311981434
0.3781341285559958,0.0242144595831633,0.0003347466117702
0.3782341375585164,0.0229684691876173,-0.0001863215002231
0.3783341465610371,0.0225550308823586,-0.0003213211894035
0.3784341555635579,0.0245014298707247,-0.0001976005005417
0.3785341645660786,0.0247232392430305,-0.0001691630022833
0.3786341735685992,0.0242836307734251,-0.0004833124112338
0.3787341825711200,0.0258718598634005,-0.0001471836003475
0.3788341915736407,0.0258488208055496,0.0000782653805800
0.3789342005761614,0.0247684400528669,-0.0002444974961691
0.3790342095786821,0.0251989196985960,-0.0001814011047827
0.3791342185812028,0.0308565907180309,-0.0001382029004162
0.3792342275837235,0.0316664688289165,-0.0000985170117929
0.3793342365862442,0.0352713987231255,0.0001358795998385
0.3794342455887649,0.0416240505874157,0.0015083400066942
0.3795342545912856,0.0437315590679646,0.0029347129166126
0.3796342635938064,0.0439802594482899,0.0030892090871930
0.3797342725963270,0.0334631316363811,-0.0004306909104344
0.3798342815988477,0.0849973782896996,0.0849961936473846
0.3799342906013685,0.0849974006414413,0.0849960371851921
0.3800342996038892,0.0849971771240234,0.0849969908595085
0.3801343086064098,0.0849974900484085,0.0849973633885384
0.3802343176089306,0.0849975124001503,0.0849744230508804
0.3803343266114513,0.0849975794553757,0.0849720835685730
0.3804343356139719,0.0849974974989891,0.0849674269556999
0.3805343446164927,0.0271571595221758,0.0318953990936279
0.3806343536190134,0.0255117807537317,0.0262380093336105
0.3807343626215341,0.0240879096090794,0.0223527997732162
0.3808343716240548,0.0223255604505539,0.0188836809247732
0.3809343806265755,0.0214272309094667,0.0144748603925109
0.3810343896290962,0.0199446901679039,0.0111508201807737
0.3811343986316169,0.0187622997909784,0.0076851071789861
0.3812344076341376,0.0175844896584749,0.0056606112048030
0.3813344166366583,0.0165305696427822,0.0029417809564620
0.3814344256391791,0.0152715500444174,0.0012010120553896
0.3815344346416997,0.0158756896853447,-0.0007038909825496
0.3816344436442204,0.0155014302581549,-0.0024145070929080
0.3817344526467412,0.0157067496329546,-0.0038008119445294
0.3818344616492619,0.0158532094210386,-0.0051847030408680
0.3819344706517825,0.0159658491611481,-0.0066812760196626
0.3820344796543033,0.0156269203871489,-0.0078798877075315
0.3821344886568240,0.0164040196686983,-0.0086108427494764
0.3822344976593447,0.0167662408202887,-0.0090174591168761
0.3823345066618654,0.0181542597711086,-0.0095110805705190
0.3824345156643861,0.0185381602495909,-0.0091235758736730
0.3825345246669068,0.0190962105989456,-0.0092016635462642
0.3826345336694275,0.0194599293172359,-0.0087747136130929
0.3827345426719482,0.0191383697092533,-0.0075847939588130
0.3828345516744689,0.0188896600157022,-0.0067124548368156
0.3829345606769896,0.0186914093792439,-0.0059952600859106
0.3830345696795103,0.0183599498122931,-0.0048463530838490
0.3831345786820310,0.0188489407300949,-0.0045286109670997
0.3832345876845518,0.0183730795979500,-0.0032926369458437
0.3833345966870724,0.0183212496340275,-0.0024775520432740
0.3834346056895931,0.0177734997123480,-0.0014851499581710
0.3835346146921139,0.0175104308873415,-0.0005501338164322
0.3836346236946346,0.0169309396296740,0.0002466918085702
0.3837346326971552,0.0181239806115627,0.0007548343273811
0.3838346416996760,0.0176024995744228,0.0014000580413267
0.3839346507021967,0.0183958094567060,0.0018064950127155
0.3840346597047174,0.0179335307329893,0.0020037570502609
0.3841346687072381,0.0187931302934885,0.0021166768856347
0.3842346777097588,0.0182902999222279,0.0018330749589950
0.3843346867122795,0.0169836301356554,0.0017782639479265
0.3844346957148002,0.0162641294300556,0.0017883150139824
0.3845347047173209,0.0167130306363106,0.0015946510247886
0.3846347137198416,0.0154351303353906,0.0015388940228149
0.3847347227223623,0.0149298403412104,0.0014805849641562
0.3848347317248830,0.0163021404296160,0.0013366120401770
0.3849347407274037,0.0148421898484230,0.0014627269702032
0.3850347497299245,0.0158460102975368,0.0014059189707041
0.3851347587324452,0.0151985799893737,0.0009511443786323
0.3852347677349658,0.0154762398451567,0.0008070048061199
0.3853347767374866,0.0138445999473333,0.0009069403167814
0.3854347857400073,0.0136032300069928,0.0004435690934770
0.3855347947425279,0.0130219599232078,0.0005112828221172
0.3856348037450487,0.0124885402619839,0.0003903426113538
0.3857348127475694,0.0138999400660396,-0.0000846410184749
0.3858348217500901,0.0133991101756692,0.0000239834207605
0.3859348307526108,0.0143364798277617,-0.0002304702065885
0.3860348397551315,0.0129395602270961,-0.0001184873981401
0.3861348487576522,0.0142073202878237,-0.0004499474016484
0.3862348577601729,0.0135500300675631,-0.0008693229174241
0.3863348667626936,0.0131426602602005,-0.0007756047998555
0.3864348757652143,0.0133000398054719,-0.0008068146998994
0.3865348847677350,0.0128641696646810,-0.0005270222900435
0.3866348937702557,0.0140924500301480,-0.0005114303203300
0.3867349027727764,0.0133239598944783,-0.0002391364978394
0.3868349117752972,0.0131861595436931,-0.0001326235069428
0.3869349207778179,0.0131505103781819,-0.0000133364801513
0.3870349297803385,0.0141690801829100,-0.0003828264889307
0.3871349387828593,0.0140277203172445,-0.0001856380986283
0.3872349477853800,0.0145161496475339,-0.0001946281990968
0.3873349567879007,0.0145183196291327,-0.0004034047015011
0.3874349657904214,0.0157375503331423,-0.0005280406912789
0.3875349747929421,0.0157374609261751,-0.0004475899913814
0.3876349837954628,0.0158549491316080,-0.0003534429124556
0.3877349927979835,0.0155720096081495,-0.0002239469031338
0.3878350018005042,0.0145843802019954,0.0001714981044643
0.3879350108030249,0.0149980802088976,0.0001921684015542
0.3880350198055456,0.0139619400724769,-0.0000459186485386
0.3881350288080663,0.0160447303205729,-0.0004879207990598
0.3882350378105870,0.0158891603350639,-0.0001874758017948
0.3883350468131078,0.0149317495524883,-0.0000090200983323
0.3884350558156284,0.0152335204184055,-0.0000623560918029
0.3885350648181491,0.0153226600959897,-0.0000591831085330
0.3886350738206699,0.0152868703007698,0.0001205152002512
0.3887350828231906,0.0158587992191315,-0.0000186554607353
0.3888350918257112,0.0157949496060610,0.0002638624864630
0.3889351008282320,0.0167539305984974,-0.0000584781810176
0.3890351098307527,0.0164849292486906,-0.0002360551006859
0.3891351188332734,0.0168351605534554,-0.0002377915952820
0.3892351278357941,0.0163709893822670,-0.0003006317128893
0.3893351368383148,0.0146328303962946,-0.0000862875021994
0.3894351458408355,0.0162924807518721,-0.0008245300850831
0.3895351548433562,0.0164456404745579,-0.0010887299431488
0.3896351638458769,0.0169235505163670,-0.0008873008191586
0.3897351728483976,0.0168954599648714,-0.0007032781722955
0.3898351818509183,0.0153481997549534,-0.0001372223050566
0.3899351908534390,0.0159553103148937,0.0000696443676134
0.3900351998559597,0.0166642703115940,-0.0001542893005535
0.3901352088584805,0.0175433102995157,-0.0003472286916804
0.3902352178610012,0.0181254409253597,0.0000554117505089
0.3903352268635218,0.0171782504767179,0.0000454439796158
0.3904352358660426,0.0182765107601881,-0.0002558724954724
0.3905352448685633,0.0170321799814701,0.0001015435991576
0.3906352538710839,0.0188574492931366,-0.0002700957120396
0.3907352628736047,0.0185399502515793,-0.0000461348099634
0.3908352718761254,0.0180412493646145,0.0002360170037718
0.3909352808786461,0.0200081206858158,0.0000889128568815
0.3910352898811668,0.0196391195058823,-0.0003501652972773
0.3911352988836875,0.0202820096164942,-0.0002730069973040
0.3912353078862082,0.0204550009220839,-0.0001583538978593
0.3913353168887289,0.0198656097054482,-0.0002846012066584
0.3914353258912496,0.0219267699867487,-0.0006816901732236
0.3915353348937703,0.0215959101915359,-0.0005047856830060
0.3916353438962910,0.0212517492473125,-0.0002460966934450
0.3917353528988117,0.0209500696510077,-0.0000344042782672
0.3918353619013324,0.0205808598548174,0.0002903903077822
0.3919353709038532,0.0219701901078224,0.0001046014003805
0.3920353799063739,0.0208104792982340,0.0003703524125740
0.3921353889088945,0.0214381702244282,0.0004247099859640
0.3922353979114153,0.0224968399852514,-0.0000297598307952
0.3923354069139360,0.0216594003140926,-0.0000349699912476
0.3924354159164566,0.0226898100227118,-0.0003125267103314
0.3925354249189774,0.0216149091720581,-0.0002252007980132
0.3926354339214981,0.0231142491102219,-0.0002961255086120
0.3927354429240188,0.0237243492156267,-0.0004954835167155
0.3928354519265395,0.0226667392998934,-0.0004605244030245
0.3929354609290602,0.0232916492968798,-0.0005827656714246
0.3930354699315809,0.0236078593879938,-0.0006791690830141
0.3931354789341016,0.0244517792016268,-0.0006987947854213
0.3932354879366223,0.0241509694606066,-0.0007500809151679
0.3933354969391430,0.0236146897077560,-0.0004898175247945
0.3934355059416637,0.0249871499836445,-0.0006323016132228
0.3935355149441844,0.0249671507626772,-0.0003764414868783
0.3936355239467051,0.0240886099636555,-0.0001694398961263
0.3937355329492259,0.0250707603991032,-0.0000329379508912
0.3938355419517466,0.0243519693613052,0.0000029709569844
0.3939355509542672,0.0253649093210697,-0.0001879986957647
0.3940355599567880,0.0252710096538067,0.0000148520903167
0.3941355689593087,0.0251557305455208,-0.0000495118692925
0.3942355779618294,0.0261459406465292,-0.0002657278964762
0.3943355869643501,0.0252005998045206,-0.0002038796956185
0.3944355959668708,0.0272717699408531,-0.0004931098083034
0.3945356049693915,0.0266109295189381,-0.0004506316035986
0.3946356139719122,0.0253390893340111,-0.0004069310089108
0.3947356229744329,0.0260389596223831,-0.0002356337063247
0.3948356319769536,0.0262154303491116,0.0001205705993925
0.3949356409794743,0.0267707202583551,0.0000807106989669
0.3950356499819950,0.0280805993825197,0.0000711499014869
0.3951356589845157,0.0262465607374907,0.0002120762947015
0.3952356679870364,0.0262374095618725,0.0003747527953237
0.3953356769895572,0.0257171392440796,0.0003215318138245
0.3954356859920778,0.0265387296676636,0.0002314457960892
0.3955356949945986,0.0273398794233799,-0.0000051815641200
0.3956357039971193,0.0255703292787075,0.0001233465009136
0.3957357129996399,0.0267707407474518,0.0001719832944218
0.3958357220021607,0.0272148102521896,0.0000105776098280
0.3959357310046814,0.0270726196467876,-0.0000107127998490
0.3960357400072021,0.0271066706627607,-0.0000063993011281
0.3961357490097228,0.0278406292200089,-0.0002825859119184
0.3962357580122435,0.0275723394006491,-0.0005143738235347
0.3963357670147642,0.0289454702287912,-0.0008201061282307
0.3964357760172849,0.0286909490823746,-0.0008666160865687
0.3965357850198056,0.0286404695361853,-0.0007212402997538
0.3966357940223263,0.0310102701187134,-0.0006216883775778
0.3967358030248470,0.0288489591330290,-0.0003916475106962
0.3968358120273677,0.0278242491185665,0.0001423757057637
0.3969358210298884,0.0282425899058580,0.0002827906864695
0.3970358300324092,0.0295568406581879,0.0004876608145423
0.3971358390349299,0.0288012791424990,0.0004056608013343
0.3972358480374505,0.0300543792545795,0.0003016664122697
0.3973358570399713,0.0284770000725985,0.0005208639777265
0.3974358660424920,0.0273775905370712,0.0005268853856251
0.3975358750450126,0.0273313894867897,0.0004570645978674
0.3976358840475334,0.0288586504757404,0.0002126122999471
0.3977358930500541,0.0288026891648769,0.0000488805599161
0.3978359020525748,0.0277811102569103,0.0002512889914215
0.3979359110550955,0.0293523408472538,-0.0000312871306960
0.3980359200576162,0.0285749994218349,0.0001878793991636
0.3981359290601369,0.0274481996893883,0.0003977029118687
0.3982359380626576,0.0292638298124075,0.0000954820279730
0.3983359470651783,0.0284446999430656,0.0000837026964291
0.3984359560676990,0.0274785105139017,0.0000537143096153
0.3985359650702197,0.0267586000263691,0.0001763773034327
0.3986359740727404,0.0286437105387449,0.0001113784965128
0.3987359830752611,0.0292817000299692,0.0001695881946944
0.3988359920777819,0.0299626998603344,-0.0000267097293545
0.3989360010803026,0.0291551593691111,-0.0000676289419062
0.3990360100828232,0.0280203092843294,0.0003899518924300
0.3991360190853440,0.0277443602681160,0.0001845684018917
0.3992360280878647,0.0270885601639748,0.0000559163781872
0.3993360370903854,0.0284668095409870,-0.0001283098972635
0.3994360460929061,0.0272949896752834,-0.0001747908972902
0.3995360550954268,0.0282502491027117,-0.0003986470110249
0.3996360640979475,0.0281049106270075,-0.0005334083107300
0.3997360731004682,0.0268745701760054,-0.0002171795931645
0.3998360821029889,0.0261943992227316,-0.0001916991022881
0.3999360911055096,0.0267995707690716,-0.0000333023199346
0.4000361001080303,0.0283673293888569,0.0002117390977219
0.4001361091105510,0.0264718793332577,0.0001610086037545
0.4002361181130717,0.0277385003864765,0.0001385882060276
0.4003361271155924,0.0274001099169254,0.0001483499945607
0.4004361361181131,0.0261233504861593,0.0003517236036714
0.4005361451206338,0.0258282292634249,0.0001428989053238
0.4006361541231546,0.0270454809069633,0.0001735078985803
0.4007361631256753,0.0278181601315737,0.0000722471886547
0.4008361721281959,0.0253569893538952,0.0001146610011347
0.4009361811307167,0.0266506895422935,0.0000959645913099
0.4010361901332374,0.0253639090806246,0.0001402502966812
0.4011361991357581,0.0248144008219242,0.0000355961892637
0.4012362081382788,0.0244551394134760,-0.0000058005248320
0.4013362171407995,0.0248300395905972,-0.0002996214898303
0.4014362261433202,0.0256565008312464,-0.0004625534929801
0.4015362351458409,0.0259714704006910,-0.0003645104006864
0.4016362441483616,0.0255993008613586,-0.0002795259060804
0.4017362531508823,0.0267627499997616,-0.0001206563028973
0.4018362621534030,0.0259324796497822,-0.0000092993886938
0.4019362711559237,0.0255635809153318,0.0001682153961156
0.4020362801584444,0.0259026307612658,0.0000460116207250
0.4021362891609651,0.0266289301216602,0.0001589628955116
0.4022362981634858,0.0260236393660307,0.0001534854964120
0.4023363071660065,0.0255872700363398,0.0000466688798042
0.4024363161685273,0.0267111994326115,0.0000212938393815
0.4025363251710480,0.0247767996042967,-0.0003585419908632
0.4026363341735686,0.0238741207867861,-0.0001316708949162
0.4027363431760894,0.0249313097447157,-0.0002598781138659
0.4028363521786101,0.0258973408490419,-0.0002528497134335
0.4029363611811308,0.0249951705336571,-0.0004034104931634
0.4030363701836515,0.0250231996178627,-0.0004332950047683
0.4031363791861722,0.0262949895113707,-0.0002657677105162
0.4032363881886929,0.0253450497984886,-0.0001408276002621
0.4033363971912136,0.0249854195863008,-0.0000295088593703
0.4034364061937343,0.0258434694260359,-0.0001472886942793
0.4035364151962550,0.0254442393779755,0.0000850939977681
0.4036364241987757,0.0246624294668436,0.0001886937970994
0.4037364332012964,0.0242886207997799,0.0004167422885075
0.4038364422038171,0.0245739594101906,0.0002803613897413
0.4039364512063378,0.0251707099378109,0.0003188524860889
0.4040364602088586,0.0250959601253271,0.0002785229007713
0.4041364692113792,0.0262449104338884,0.0003442963061389
0.4042364782139000,0.0247760508209467,0.0003350051119924
0.4043364872164207,0.0237654894590378,-0.0000285165697278
0.4044364962189414,0.0248625297099352,-0.0000861815569806
0.4045365052214621,0.0245511904358864,-0.0000873702229001
0.4046365142239828,0.0237552504986525,-0.0003293270128779
0.4047365232265035,0.0246695894747972,-0.0004061704094056
0.4048365322290242,0.0257822293788195,-0.0000772359417169
0.4049365412315449,0.0246417596936226,0.0002104649029206
0.4050365502340656,0.0235162898898125,0.0004578299995046
0.4051365592365863,0.0249906405806541,0.0003130153054371
0.4052365682391070,0.0239832308143377,0.0002423660043860
0.4053365772416277,0.0238779205828905,0.0004583321860991
0.4054365862441484,0.0251588504761457,0.0001448107068427
0.4055365952466691,0.0241163503378630,0.0002958620898426
0.4056366042491898,0.0243971105664968,0.0001433990983060
0.4057366132517105,0.0254585891962051,-0.0001753133983584
0.4058366222542313,0.0246533192694187,-0.0002504101139493
0.4059366312567519,0.0302122291177511,-0.0012106930371374
0.4060366402592727,0.0349687412381172,-0.0022682719863951
0.4061366492617934,0.0383016914129257,-0.0038310359232128
0.4062366582643141,0.0390660613775253,-0.0051434091292322
0.4063366672668348,0.0469756610691547,-0.0103722997009754
0.4064366762693555,0.0411731004714966,-0.0115032503381371
0.4065366852718762,0.0248371697962284,-0.0137567203491926
0.4066366942743969,0.0849966332316399,0.0849564075469971
0.4067367032769176,0.0849970206618309,0.0849635526537895
0.4068367122794383,0.0849967971444130,0.0849975273013115
0.4069367212819590,0.0849964469671249,0.0849979668855667
0.4070367302844797,0.0849961712956429,0.0849979221820831
0.4071367392870004,0.0849961116909981,0.0849978327751160
0.4072367482895211,0.0264986697584391,-0.0237308498471975
0.4073367572920418,0.0253827609121799,-0.0163554307073355
0.4074367662945625,0.0235423203557730,-0.0122267799451947
0.4075367752970833,0.0206514894962311,-0.0088420966640115
0.4076367842996040,0.0197663195431232,-0.0053582610562444
0.4077367933021246,0.0182236395776272,-0.0031819429714233
0.4078368023046454,0.0178880002349615,-0.0012673339806497
0.4079368113071661,0.0169399008154869,0.0004039618943352
0.4080368203096868,0.0161148197948933,0.0019969840068370
0.4081368293122075,0.0157324802130461,0.0026914440095425
0.4082368383147282,0.0158146992325783,0.0031396211124957
0.4083368473172489,0.0155890304595232,0.0034731558989733
0.4084368563197696,0.0155669003725052,0.0037233580369502
0.4085368653222903,0.0160892307758331,0.0033739160280675
0.4086368743248110,0.0157327000051737,0.0032808880787343
0.4087368833273317,0.0160155706107616,0.0029177640099078
0.4088368923298524,0.0163352694362402,0.0023039069492370
0.4089369013323731,0.0175272002816200,0.0022799419239163
0.4090369103348938,0.0169829800724983,0.0019251339836046
0.4091369193374145,0.0165582299232483,0.0017067519947886
0.4092369283399352,0.0172057393938303,0.0017800460336730
0.4093369373424560,0.0170169007033110,0.0018443230073899
0.4094369463449767,0.0172586105763912,0.0017183909658343
0.4095369553474974,0.0164578408002853,0.0013624889543280
0.4096369643500181,0.0177208092063665,0.0016143670072779
0.4097369733525388,0.0174585599452257,0.0011182070011273
0.4098369823550595,0.0183429401367903,0.0007535935728811
0.4099369913575802,0.0179488193243742,0.0004318155115470
0.4100370003601009,0.0189255904406309,0.0000530996694579
0.4101370093626216,0.0181034207344055,-0.0004129587905481
0.4102370183651423,0.0185372494161129,-0.0004167970037088
0.4103370273676630,0.0188390407711267,-0.0003013949026354
0.4104370363701837,0.0197617206722498,-0.0002695677976590
0.4105370453727044,0.0198818892240524,-0.0003751447948162
0.4106370543752251,0.0195262506604195,-0.0004369177040644
0.4107370633777458,0.0203342791646719,-0.0004437906900421
0.4108370723802665,0.0189612191170454,-0.0005783978267573
0.4109370813827872,0.0192724503576756,-0.0007724267779849
0.4110370903853079,0.0179214291274548,-0.0008294829749502
0.4111370993878287,0.0190073996782303,-0.0005884525016882
0.4112371083903494,0.0181985702365637,-0.0000559986983717
0.4113371173928701,0.0186929907649755,-0.0000990004991763
0.4114371263953908,0.0167839098721743,-0.0000189653201232
0.4115371353979115,0.0158152393996716,-0.0000651685186313
0.4116371444004322,0.0158207602798939,-0.0003198008926120
0.4117371534029529,0.0156843308359385,-0.0004383992054500
0.4118371624054736,0.0175039693713188,-0.0006208763807081
0.4119371714079943,0.0174014996737242,-0.0005599334253930
0.4120371804105150,0.0148359304293990,-0.0007976872147992
0.4121371894130357,0.0161535702645779,-0.0006396251847036
0.4122371984155564,0.0154593698680401,-0.0001052500010701
0.4123372074180771,0.0167123395949602,-0.0000013683179532
0.4124372164205978,0.0166852604597807,0.0001225433952641
0.4125372254231185,0.0169238205999136,0.0005452273762785
0.4126372344256392,0.0157800707966089,0.0004224462027196
0.4127372434281600,0.0153491701930761,0.0003568665997591
0.4128372524306806,0.0157878603786230,0.0003916879068129
0.4129372614332014,0.0151407998055220,0.0004362408944871
0.4130372704357221,0.0141629697754979,0.0002282119967276
0.4131372794382428,0.0149697996675968,0.0002627068897709
0.4132372884407635,0.0145926000550389,0.0002212547988165
0.4133372974432842,0.0147073399275541,0.0003209731075913
0.4134373064458049,0.0146408500149846,0.0001910064020194
0.4135373154483256,0.0147902201861143,0.0000926018765313
0.4136373244508463,0.0141201801598072,0.0001012167995214
0.4137373334533670,0.0138748101890087,-0.0004079942009412
0.4138373424558877,0.0126817002892494,-0.0004587449075188
0.4139373514584084,0.0142659200355411,-0.0007896851166151
0.4140373604609291,0.0146276997402310,-0.0006610000855289
0.4141373694634498,0.0156495496630669,-0.0002306298993062
0.4142373784659705,0.0147727504372597,-0.0004882966168225
0.4143373874684912,0.0134559003636241,-0.0005190651281737
0.4144373964710119,0.0142677901312709,-0.0001803851046134
0.4145374054735327,0.0144825801253319,-0.0001146505965153
0.4146374144760534,0.0139980595558882,0.0002518502005842
0.4147374234785741,0.0145304603502154,-0.0000115075399663
0.4148374324810948,0.0141840595752001,0.0001599882962182
0.4149374414836155,0.0149936899542809,0.0000275781003438
0.4150374504861362,0.0158919394016266,-0.0003029305080418
0.4151374594886569,0.0144361602142453,-0.0004684537125286
0.4152374684911776,0.0154857402667403,-0.0004222462885082
0.4153374774936983,0.0163004100322723,-0.0003851483052131
0.4154374864962190,0.0161259695887566,-0.0003699065127876
0.4155374954987397,0.0173825901001692,-0.0001271608052775
0.4156375045012604,0.0163748506456614,0.0000257256397163
0.4157375135037811,0.0170979704707861,0.0001716900005704
0.4158375225063018,0.0160434599965811,-0.0000325095315930
0.4159375315088225,0.0156767908483744,-0.0000547609197383
0.4160375405113432,0.0168632101267576,-0.0000334331416525
0.4161375495138639,0.0167563091963530,-0.0001143867993960
0.4162375585163847,0.0182806309312582,0.0002881650871132
0.4163375675189054,0.0165476500988007,0.0004121712117922
0.4164375765214261,0.0166778005659580,0.0003232414892409
0.4165375855239468,0.0171527899801731,0.0005120608257130
0.4166375945264675,0.0175082497298717,0.0004050704010297
0.4167376035289882,0.0180089194327593,0.0002273999998579
0.4168376125315089,0.0197219308465719,0.0001106230993173
0.4169376215340296,0.0194568596780300,-0.0000087698135758
0.4170376305365503,0.0207056906074286,0.0000395545903302
0.4171376395390710,0.0192679408937693,-0.0005248449742794
0.4172376485415917,0.0207308493554592,-0.0001177660014946
0.4173376575441124,0.0202386695891619,-0.0005716353189200
0.4174376665466331,0.0194726306945086,-0.0004403876955621
0.4175376755491538,0.0203671306371689,0.0002625352935866
0.4176376845516745,0.0198506508022547,0.0001024544981192
0.4177376935541952,0.0207108091562986,0.0000920076126931
0.4178377025567159,0.0211998391896486,0.0004435835871845
0.4179377115592366,0.0203041601926088,0.0000600327512075
0.4180377205617574,0.0210070796310902,-0.0000098383579825
0.4181377295642781,0.0213939808309078,-0.0003189276030753
0.4182377385667988,0.0225201305001974,0.0000942640472203
0.4183377475693195,0.0220766607671976,0.0000044937260100
0.4184377565718402,0.0236768592149019,0.0000357818789780
0.4185377655743609,0.0231867898255587,-0.0001235445961356
0.4186377745768816,0.0224375706166029,-0.0004270324134268
0.4187377835794023,0.0242257602512836,0.0000186409197340
0.4188377925819230,0.0233232807368040,-0.0003457810089458
0.4189378015844437,0.0232638902962208,-0.0004194621869829
0.4190378105869644,0.0245000105351210,-0.0000112078496386
0.4191378195894851,0.0249510407447815,-0.0000182718704309
0.4192378285920058,0.0234852302819490,-0.0004241908027325
0.4193378375945265,0.0252694804221392,0.0000865520632942
0.4194378465970472,0.0245644301176071,0.0003620933857746
0.4195378555995679,0.0250523295253515,0.0003849075001199
0.4196378646020886,0.0253587197512388,0.0006266576820053
0.4197378736046094,0.0242020003497601,0.0003157453902531
0.4198378826071301,0.0259243492037058,0.0004204883880448
0.4199378916096508,0.0252032503485680,0.0001413602003595
0.4200379006121715,0.0264752209186554,0.0002154333051294
0.4201379096146922,0.0256538800895214,0.0000318187412631
0.4202379186172129,0.0252458192408085,-0.0002446495054755
0.4203379276197336,0.0268505904823542,0.0002347302070120
0.4204379366222543,0.0255485195666552,-0.0000927103319555
0.4205379456247750,0.0251697991043329,-0.0001986602001125
0.4206379546272957,0.0266335904598236,-0.0000155367506522
0.4207379636298164,0.0256118401885033,-0.0004138500080444
0.4208379726323371,0.0244597904384136,-0.0004025225061923
0.4209379816348578,0.0274432003498077,-0.0000387871987186
0.4210379906373785,0.0276115406304598,-0.0000373269103875
0.4211379996398992,0.0276599992066622,-0.0000809346965980
0.4212380086424199,0.0279987193644047,0.0002008394949371
0.4213380176449406,0.0270809903740883,0.0002145939070033
0.4214380266474614,0.0291294604539871,0.0007027810206637
0.4215380356499821,0.0277577806264162,0.0002757897018455
0.4216380446525028,0.0268669296056032,-0.0000015321249975
0.4217380536550235,0.0274500008672476,0.0002434662019368
0.4218380626575442,0.0277599692344666,-0.0001714699028526
0.4219380716600649,0.0277195591479540,-0.0002071468043141
0.4220380806625856,0.0296425092965364,0.0000049903169383
0.4221380896651063,0.0281330104917288,-0.0000995416630758
0.4222380986676270,0.0278441701084375,-0.0001227303000633
0.4223381076701477,0.0288474392145872,0.0000776745364419
0.4224381166726684,0.0275443904101849,-0.0000129959798869
0.4225381256751891,0.0284424591809511,0.0004238440888003
0.4226381346777098,0.0293869990855455,0.0003257534117438
0.4227381436802305,0.0282379705458879,0.0002678734017536
0.4228381526827512,0.0283481106162071,0.0006322896806523
0.4229381616852719,0.0297769904136658,0.0006730337045155
0.4230381706877926,0.0296150203794241,0.0006683270912617
0.4231381796903133,0.0274827908724546,0.0000996572780423
0.4232381886928341,0.0270729195326567,-0.0000627587432973
0.4233381976953548,0.0279590096324682,-0.0000218985696847
0.4234382066978755,0.0280163902789354,0.0001847913954407
0.4235382157003962,0.0276939496397972,-0.0001721128937788
0.4236382247029169,0.0283468998968601,-0.0001009804982459
0.4237382337054376,0.0276086106896400,-0.0003591052081902
0.4238382427079583,0.0272818207740784,-0.0002576340048108
0.4239382517104790,0.0294515006244183,-0.0000523928611074
0.4240382607129997,0.0287461709231138,-0.0002037757949438
0.4241382697155204,0.0275161601603031,-0.0003064787888434
0.4242382787180411,0.0283300299197435,-0.0003926047938876
0.4243382877205618,0.0271821096539497,-0.0002278971951455
0.4244382967230825,0.0273609701544046,0.0001929603022290
0.4245383057256032,0.0293143000453711,0.0004498840135057
0.4246383147281239,0.0290376506745815,0.0005067975725979
0.4247383237306446,0.0274775102734566,0.0001441374042770
0.4248383327331653,0.0290308408439159,0.0001694896054687
0.4249383417356861,0.0278753098100424,-0.0002286044036737
0.4250383507382068,0.0271580908447504,-0.0004954020841978
0.4251383597407275,0.0276177600026131,-0.0003947991936002
0.4252383687432482,0.0289342906326056,-0.0000893607284524
0.4253383777457689,0.0270909406244755,-0.0005192435928620
0.4254383867482896,0.0262469500303268,-0.0003523842897266
0.4255383957508103,0.0277806706726551,-0.0001137362996815
0.4256384047533310,0.0269136801362038,0.0000903169129742
0.4257384137558517,0.0278812404721975,0.0000759785980335
0.4258384227583724,0.0266914702951908,-0.0003350052866153
0.4259384317608931,0.0265755299478769,0.0001345390046481
0.4260384407634138,0.0258928108960390,-0.0000237741696765
0.4261384497659345,0.0277925208210945,0.0004275396931916
0.4262384587684552,0.0276421401649714,0.0006084680208005
0.4263384677709759,0.0275343302637339,0.0007617489900440
0.4264384767734966,0.0268775597214699,0.0003661329974420
0.4265384857760173,0.0255661997944117,0.0002105444000335
0.4266384947785381,0.0251575298607349,0.0000878100327100
0.4267385037810588,0.0256898794323206,0.0001770899980329
0.4268385127835795,0.0271391104906797,0.0003622609947342
0.4269385217861002,0.0264742895960808,0.0000465908888145
0.4270385307886209,0.0263605806976557,-0.0001864924997790
0.4271385397911416,0.0276315901428461,-0.0002184043987654
0.4272385487936623,0.0263048298656940,-0.0003795913071372
0.4273385577961830,0.0256364997476339,-0.0004557635111269
0.4274385667987037,0.0268667805939913,-0.0001054309032043
0.4275385758012244,0.0267563909292221,-0.0000525925788679
0.4276385848037451,0.0265272893011570,0.0002529855119064
0.4277385938062658,0.0270870290696621,0.0001164204004453
0.4278386028087865,0.0267132092267275,0.0000786103410064
0.4279386118113072,0.0255345199257135,0.0000121065404528
0.4280386208138279,0.0263612493872643,0.0001590239990037
0.4281386298163486,0.0249428991228342,-0.0001862091012299
0.4282386388188693,0.0252702701836824,-0.0000181593204616
0.4283386478213900,0.0246786493808031,-0.0002676470903680
0.4284386568239108,0.0262205600738525,-0.0001183299027616
0.4285386658264315,0.0262532196938992,0.0001603918935871
0.4286386748289522,0.0257749501615763,0.0000678752621752
0.4287386838314729,0.0257035605609417,-0.0000659477300360
0.4288386928339936,0.0260359700769186,-0.0003231760929339
0.4289387018365143,0.0238677002489567,-0.0005635775160044
0.4290387108390350,0.0248702708631754,-0.0001887997932499
0.4291387198415557,0.0243216492235661,-0.0003413236117922
0.4292387288440764,0.0246757306158543,0.0001461682986701
0.4293387378465971,0.0246894806623459,0.0004113145114388
0.4294387468491178,0.0256323404610157,0.0005110165802762
0.4295387558516385,0.0255542509257793,0.0007685616728850
0.4296387648541592,0.0246174708008766,0.0006894472171552
0.4297387738566799,0.0266970191150904,0.0007875477895141
0.4298387828592006,0.0251669902354479,0.0004895746824332
0.4299387918617213,0.0241606794297695,-0.0001780206948752
0.4300388008642420,0.0258140303194523,0.0000396732284571
0.4301388098667628,0.0254936590790749,-0.0000339383295795
0.4302388188692835,0.0241504106670618,-0.0004043554945383
0.4303388278718042,0.0257951691746712,-0.0001866271049948
0.4304388368743249,0.0251033697277308,-0.0005373940221034
0.4305388458768456,0.0248947106301785,-0.0003496751887724
0.4306388548793663,0.0266184695065022,0.0000242225105467
0.4307388638818870,0.0263841599225998,0.0002593453973532
0.4308388728844077,0.0259145107120275,0.0002887374139391
0.4309388818869284,0.0266987103968859,-0.0000918003715924
0.4310388908894491,0.0244688205420971,-0.0004284802125767
0.4311388998919698,0.0234710890799761,-0.0003788222966250
0.4312389088944905,0.0222480706870556,-0.0003975309082307
0.4313389178970112,0.0239241607487202,0.0000786462624092
0.4314389268995319,0.0242784693837166,0.0002628868096508
0.4315389359020526,0.0249860603362322,0.0002954574883915
0.4316389449045733,0.0246679708361626,0.0000168198093888
0.4317389539070940,0.0248294193297625,0.0001542323007016
0.4318389629096147,0.0251399297267199,-0.0000008145984225
0.4319389719121355,0.0250163692981005,-0.0000118175003081
0.4320389809146562,0.0231736395508051,-0.0002685686049517
0.4321389899171769,0.0225131399929523,-0.0005947899189778
0.4322389989196976,0.0238772798329592,-0.0004291835939512
0.4323390079222183,0.0234915502369404,-0.0004213326901663
0.4324390169247390,0.0234331991523504,-0.0002569082134869
0.4325390259272597,0.0255699008703232,-0.0001876962051028
0.4326390349297804,0.0275660306215286,-0.0005017849034630
0.4327390439323011,0.0284519195556641,-0.0007459283224307
0.4328390529348218,0.0314503088593483,-0.0000660298974253
0.4329390619373425,0.0315862111747265,-0.0000699374868418
0.4330390709398632,0.0368530414998531,0.0012857279507443
0.4331390799423839,0.0409186296164989,0.0028171869926155
0.4332390889449046,0.0436668209731579,0.0041094832122326
0.4333390979474253,0.0849974006414413,0.0849956423044205
0.4334391069499460,0.0849973112344742,0.0849962681531906
0.4335391159524667,0.0849971994757652,0.0849971026182175
0.4336391249549875,0.0849975124001503,0.0849721133708954
0.4337391339575082,0.0849974229931831,0.0849745720624924
0.4338391429600289,0.0849975273013115,0.0849699974060059
0.4339391519625496,0.0300771202892065,0.0349671803414822
0.4340391609650703,0.0277697704732418,0.0268129594624043
0.4341391699675910,0.0268860608339310,0.0218361504375935
0.4342391789701117,0.0244908407330513,0.0180154107511044
0.4343391879726324,0.0236112195998430,0.0134764602407813
0.4344391969751531,0.0206212494522333,0.0109026497229934
0.4345392059776738,0.0195610504597425,0.0075901648961008
0.4346392149801945,0.0173697806894779,0.0047805299982429
0.4347392239827152,0.0166861806064844,0.0018491790397093
0.4348392329852359,0.0160851292312145,-0.0000949547393247
0.4349392419877566,0.0163438096642494,-0.0017364480299875
0.4350392509902773,0.0155853796750307,-0.0035227239131927
0.4351392599927980,0.0163214094936848,-0.0051460959948599
0.4352392689953187,0.0158364009112120,-0.0061680548824370
0.4353392779978394,0.0162947308272123,-0.0070287990383804
0.4354392870003602,0.0169430598616600,-0.0074119688943028
0.4355392960028809,0.0171843208372593,-0.0082321455702186
0.4356393050054016,0.0174188092350960,-0.0082956487312913
0.4357393140079223,0.0191078204661608,-0.0088149867951870
0.4358393230104430,0.0186208691447973,-0.0082027744501829
0.4359393320129637,0.0200805608183146,-0.0081872213631868
0.4360393410154844,0.0187615994364023,-0.0071016452275217
0.4361393500180051,0.0191871300339699,-0.0062891948036849
0.4362393590205258,0.0190635006874800,-0.0053059482015669
0.4363393680230465,0.0202430896461010,-0.0050535979680717
0.4364393770255672,0.0192236006259918,-0.0036446941085160
0.4365393860280879,0.0182917304337025,-0.0027726111002266
0.4366393950306086,0.0184546895325184,-0.0020660720765591
0.4367394040331293,0.0191754605621099,-0.0015036429977044
0.4368394130356500,0.0177308693528175,-0.0005782314110547
0.4369394220381707,0.0180697906762362,0.0000267899104074
0.4370394310406914,0.0173604395240545,0.0006377269164659
0.4371394400432122,0.0176862291991711,0.0012168759712949
0.4372394490457329,0.0181149393320084,0.0014245270285755
0.4373394580482536,0.0181700605899096,0.0017248650547117
0.4374394670507743,0.0188781209290028,0.0017327909590676
0.4375394760532950,0.0177179798483849,0.0019601210951805
0.4376394850558157,0.0174136199057102,0.0019176879432052
0.4377394940583364,0.0161746200174093,0.0016173529438674
0.4378395030608571,0.0156823191791773,0.0014547409955412
0.4379395120633778,0.0152789000421762,0.0009180582710542
0.4380395210658985,0.0154061000794172,0.0010199459502473
0.4381395300684192,0.0150597896426916,0.0010307210031897
0.4382395390709399,0.0152940601110458,0.0010174850467592
0.4383395480734606,0.0158335193991661,0.0009444595198147
0.4384395570759813,0.0162973906844854,0.0011159740388393
0.4385395660785020,0.0160720795392990,0.0008126369211823
0.4386395750810227,0.0152957895770669,0.0006094886921346
0.4387395840835434,0.0158415399491787,0.0003402798902243
0.4388395930860641,0.0140067404136062,0.0003524622879922
0.4389396020885849,0.0148730399087071,0.0001360618043691
0.4390396110911056,0.0141145000234246,0.0002400801022304
0.4391396200936263,0.0150147704407573,0.0000402472687711
0.4392396290961470,0.0146042602136731,-0.0001032080035657
0.4393396380986677,0.0151999397203326,0.0001997843064601
0.4394396471011884,0.0140474298968911,0.0001926427066792
0.4395396561037091,0.0129141500219703,-0.0000569507283217
0.4396396651062298,0.0140419499948621,-0.0004125915002078
0.4397396741087505,0.0129978703334928,-0.0003503102052491
0.4398396831112712,0.0132237300276756,-0.0004204238939565
0.4399396921137919,0.0128961401060224,-0.0003784610016737
0.4400397011163126,0.0131763396784663,-0.0001097268032026
0.4401397101188333,0.0123430900275707,0.0000423956516897
0.4402397191213540,0.0124470600858331,0.0000560341686651
0.4403397281238747,0.0121397199109197,0.0004192588967271
0.4404397371263954,0.0135810701176524,0.0001237778051291
0.4405397461289161,0.0135938702151179,-0.0000071308791121
0.4406397551314369,0.0132719604298472,-0.0002880980027840
0.4407397641339576,0.0143232103437185,-0.0005474339122884
0.4408397731364783,0.0129917804151773,-0.0003595555899665
0.4409397821389990,0.0147092295810580,-0.0007155070779845
0.4410397911415197,0.0138910003006458,-0.0007037636823952
0.4411398001440404,0.0139158200472593,-0.0007521773804910
0.4412398091465611,0.0140664298087358,-0.0004295725957491
0.4413398181490818,0.0142409401014447,-0.0005017034709454
0.4414398271516025,0.0151950400322676,-0.0004316568083595
0.4415398361541232,0.0148044098168612,-0.0005275317816995
0.4416398451566439,0.0158958993852139,-0.0004494618042372
0.4417398541591646,0.0158150997012854,-0.0004307111084927
0.4418398631616853,0.0161060206592083,-0.0003532028931659
0.4419398721642060,0.0154441697522998,-0.0001652170030866
0.4420398811667267,0.0155672999098897,-0.0003400220884942
0.4421398901692474,0.0157583206892014,-0.0000379604716727
0.4422398991717681,0.0162235591560602,0.0002599078870844
0.4423399081742888,0.0156953707337379,0.0002090539928759
0.4424399171768096,0.0164106898009777,0.0000476491113659
0.4425399261793303,0.0159715302288532,0.0000233316095546
0.4426399351818510,0.0153271201997995,-0.0003182647051290
0.4427399441843717,0.0168531108647585,-0.0007170522003435
0.4428399531868924,0.0164824295789003,-0.0005982072907500
0.4429399621894131,0.0174689702689648,-0.0010603680275381
0.4430399711919338,0.0169479493051767,-0.0007575511117466
0.4431399801944545,0.0151762804016471,-0.0001979867956834
0.4432399891969752,0.0166180692613125,-0.0001652467035456
0.4433399981994959,0.0165929794311523,-0.0002819405053742
0.4434400072020166,0.0158881396055222,0.0003448147908784
0.4435400162045373,0.0174891706556082,0.0001651141938055
0.4436400252070580,0.0171241909265518,0.0000120750801216
0.4437400342095787,0.0177059192210436,-0.0001333043037448
0.4438400432120994,0.0168377496302128,0.0000146784695971
0.4439400522146201,0.0172057598829269,-0.0001565537968418
0.4440400612171408,0.0172226708382368,-0.0000976104129222
0.4441400702196616,0.0176615398377180,0.0001145822025137
0.4442400792221823,0.0175090301781893,-0.0000005080688084
0.4443400882247030,0.0191122591495514,-0.0001490525028203
0.4444400972272237,0.0180906392633915,-0.0001136978025897
0.4445401062297444,0.0193156097084284,-0.0000554364305572
0.4446401152322651,0.0191212594509125,-0.0004358568985481
0.4447401242347858,0.0185013301670551,-0.0004710800130852
0.4448401332373065,0.0200152304023504,-0.0004864665097557
0.4449401422398272,0.0199173092842102,-0.0005699677276425
0.4450401512423479,0.0197373498231173,-0.0003349476028234
0.4451401602448686,0.0205518007278442,-0.0003627655096352
0.4452401692473893,0.0200956594198942,-0.0000610940187471
0.4453401782499100,0.0214815195649862,0.0000307927111862
0.4454401872524307,0.0216929502785206,0.0000959617827903
0.4455401962549514,0.0212874803692102,0.0002031347976299
0.4456402052574721,0.0214445497840643,0.0001532650057925
0.4457402142599928,0.0216345004737377,-0.0001877017057268
0.4458402232625136,0.0220108795911074,-0.0002180988958571
0.4459402322650343,0.0217900704592466,-0.0003642438969109
0.4460402412675550,0.0217082202434540,-0.0005656786961481
0.4461402502700757,0.0236801207065582,-0.0007137007778510
0.4462402592725964,0.0225768908858299,-0.0003539994067978
0.4463402682751171,0.0218129791319370,-0.0000436692789663
0.4464402772776378,0.0236012991517782,-0.0003667485143524
0.4465402862801585,0.0227005593478680,-0.0004295418038964
0.4466402952826792,0.0233758203685284,-0.0003589169064071
0.4467403042851999,0.0235711093991995,-0.0005790998111479
0.4468403132877206,0.0238108895719051,-0.0006296397186816
0.4469403222902413,0.0253242794424295,-0.0004630940093193
0.4470403312927620,0.0240771993994713,-0.0002029221068369
0.4471403402952827,0.0238912403583527,-0.0002319133927813
0.4472403492978034,0.0259158499538898,-0.0001169933966594
0.4473403583003241,0.0250540003180504,-0.0000136498401844
0.4474403673028448,0.0242580007761717,0.0001099712972064
0.4475403763053655,0.0261061396449804,-0.0000664588733343
0.4476403853078863,0.0255669001489878,-0.0000679632794345
0.4477403943104070,0.0264357496052980,-0.0002370750007685
0.4478404033129277,0.0267762001603842,-0.0005225896020420
0.4479404123154484,0.0260101407766342,-0.0005521695129573
0.4480404213179691,0.0249437894672155,-0.0003490232047625
0.4481404303204898,0.0253740791231394,-0.0001088584976969
0.4482404393230105,0.0250879898667336,-0.0000413185007346
0.4483404483255312,0.0251990295946598,0.0002088173059747
0.4484404573280519,0.0250762291252613,0.0005539635894820
0.4485404663305726,0.0256433002650738,0.0002846774877980
0.4486404753330933,0.0264008007943630,0.0002648654044606
0.4487404843356140,0.0273054204881191,-0.0000179000198841
0.4488404933381347,0.0276335906237364,-0.0000489597587148
0.4489405023406554,0.0277054104954004,-0.0002854015910998
0.4490405113431761,0.0277199894189835,-0.0002590582880657
0.4491405203456968,0.0268622692674398,-0.0001427067036275
0.4492405293482175,0.0259923208504915,-0.0000009289220202
0.4493405383507383,0.0278905890882015,-0.0003008602070622
0.4494405473532590,0.0280025601387024,-0.0001317651040154
0.4495405563557797,0.0272849109023809,-0.0002837142965291
0.4496405653583004,0.0273671299219131,-0.0003779153921641
0.4497405743608211,0.0282184202224016,-0.0006586164818145
0.4498405833633418,0.0278914608061314,-0.0005768865812570
0.4499405923658625,0.0272746793925762,-0.0004140197997913
0.4500406013683832,0.0278101302683353,-0.0001966367999557
0.4501406103709039,0.0276410896331072,-0.0001128802978201
0.4502406193734246,0.0258986596018076,0.0000292992899631
0.4503406283759453,0.0273239705711603,0.0005611050873995
0.4504406373784660,0.0288862306624651,0.0006293650949374
0.4505406463809867,0.0283922292292118,0.0006389804766513
0.4506406553835074,0.0298901107162237,0.0003735696955118
0.4507406643860281,0.0301454402506351,0.0003287525905762
0.4508406733885488,0.0288789998739958,0.0003387641045265
0.4509406823910695,0.0283875800669193,0.0001128876974690
0.4510406913935903,0.0298467893153429,-0.0001423887006240
0.4511407003961110,0.0297162309288979,-0.0001470449060434
0.4512407093986317,0.0279418695718050,-0.0000803779621492
0.4513407184011524,0.0279743503779173,0.0001426177041139
0.4514407274036731,0.0303243193775415,-0.0000164126795426
0.4515407364061938,0.0292181000113487,0.0003495682030916
0.4516407454087145,0.0283950306475163,0.0004683673905674
0.4517407544112352,0.0273415502160788,0.0004093380994163
0.4518407634137559,0.0294663906097412,0.0001057045010384
0.4519407724162766,0.0295916497707367,0.0001190101975226
0.4520407814187973,0.0283953007310629,0.0001815366995288
0.4521407904213181,0.0273398105055094,-0.0000709243031451
0.4522407994238387,0.0278479494154453,0.0000100459501482
0.4523408084263594,0.0294113699346781,0.0000297984897770
0.4524408174288801,0.0278147198259830,0.0000841083528940
0.4525408264314008,0.0301691908389330,0.0001948048011400
0.4526408354339215,0.0288992505520582,0.0000426094884460
0.4527408444364422,0.0276876892894506,-0.0002730475098360
0.4528408534389630,0.0267324503511190,-0.0003088791854680
0.4529408624414837,0.0293841008096933,-0.0006019194843248
0.4530408714440044,0.0294300206005573,-0.0006856581894681
0.4531408804465251,0.0278565306216478,-0.0004605895082932
0.4532408894490458,0.0279349200427532,-0.0004061904910486
0.4533408984515665,0.0281438007950783,-0.0000940225727390
0.4534409074540872,0.0252980794757605,0.0000422740195063
0.4535409164566079,0.0261508002877235,0.0003267016145401
0.4536409254591286,0.0270709395408630,0.0004481808864512
0.4537409344616493,0.0275497604161501,0.0004889334086329
0.4538409434641700,0.0270187091082335,0.0004668819892686
0.4539409524666908,0.0265742596238852,0.0002712327986956
0.4540409614692114,0.0256399996578693,0.0002498805115465
0.4541409704717321,0.0271954294294119,0.0002181091986131
0.4542409794742528,0.0267508905380964,0.0001050974969985
0.4543409884767735,0.0263150595128536,0.0001545895938762
0.4544409974792942,0.0280067902058363,0.0001457467005821
0.4545410064818150,0.0263783298432827,0.0000990665794234
0.4546410154843357,0.0251112803816795,-0.0001484448002884
0.4547410244868564,0.0252204891294241,-0.0000524936185684
0.4548410334893771,0.0265767201781273,-0.0001925250981003
0.4549410424918978,0.0269477907568216,-0.0002675327996258
0.4550410514944185,0.0256849993020296,-0.0000788782708696
0.4551410604969392,0.0254540797322989,0.0000494558007631
0.4552410694994599,0.0269159991294146,-0.0000671101370244
0.4553410785019806,0.0263587292283773,0.0001797600998543
0.4554410875045013,0.0261351391673088,0.0003354345972184
0.4555410965070220,0.0255134403705597,0.0002929471083917
0.4556411055095427,0.0246677100658417,0.0003565785009414
0.4557411145120634,0.0264308508485556,0.0000063087150011
0.4558411235145841,0.0269859805703163,-0.0002191943058278
0.4559411325171048,0.0261745508760214,-0.0002320812927792
0.4560411415196255,0.0271202307194471,-0.0005870421882719
0.4561411505221463,0.0261784102767706,-0.0005396761116572
0.4562411595246669,0.0255521107465029,-0.0005121356225573
0.4563411685271877,0.0258065406233072,-0.0005069525795989
0.4564411775297084,0.0279229804873466,-0.0005198863800615
0.4565411865322291,0.0261997599154711,-0.0005029127933085
0.4566411955347498,0.0252509899437428,-0.0002366576954955
0.4567412045372705,0.0250097308307886,-0.0000019655310552
0.4568412135397912,0.0265345703810453,-0.0002105050953105
0.4569412225423119,0.0262709408998489,-0.0000022397589419
0.4570412315448326,0.0248961802572012,0.0001501233055023
0.4571412405473533,0.0247446391731501,0.0000771092600189
0.4572412495498741,0.0267974603921175,0.0002415524941171
0.4573412585523947,0.0244464799761772,0.0005088222096674
0.4574412675549154,0.0249797999858856,0.0005373110761866
0.4575412765574361,0.0270442198961973,0.0003128320095129
0.4576412855599568,0.0261669605970383,0.0002161513984902
0.4577412945624775,0.0251945592463017,-0.0000518071210536
0.4578413035649982,0.0243874602019787,0.0000145259000419
0.4579413125675190,0.0254316199570894,-0.0003796108940151
0.4580413215700397,0.0265699103474617,-0.0003060491872020
0.4581413305725604,0.0259061101824045,-0.0000087836097009
0.4582413395750811,0.0266170501708984,0.0000545487891941
0.4583413485776018,0.0262262504547834,0.0002002748951782
0.4584413575801225,0.0259102992713451,0.0006435642717406
0.4585413665826432,0.0246509592980146,0.0006756659713574
0.4586413755851639,0.0261039305478334,0.0006530351820402
0.4587413845876846,0.0243741497397423,0.0005541517748497
0.4588413935902053,0.0240694805979729,0.0004696579999290
0.4589414025927260,0.0232860594987869,0.0002456525980961
0.4590414115952468,0.0238164607435465,0.0000466175988549
0.4591414205977674,0.0250706300139427,0.0000143562501762
0.4592414296002881,0.0241694301366806,-0.0001986949937418
0.4593414386028088,0.0291319806128740,-0.0008149819914252
0.4594414476053295,0.0322790406644344,-0.0018426020396873
0.4595414566078502,0.0373997688293457,-0.0035049449652433
0.4596414656103709,0.0410798788070679,-0.0059810518287122
0.4597414746128917,0.0451936200261116,-0.0098571879789233
0.4598414836154124,0.0403448417782784,-0.0121745197102427
0.4599414926179331,0.0849974378943443,0.0849609002470970
0.4600415016204538,0.0849967673420906,0.0849577113986015
0.4601415106229745,0.0849969163537025,0.0849623531103134
0.4602415196254952,0.0849967971444130,0.0849975198507309
0.4603415286280159,0.0849965214729309,0.0849978774785995
0.4604415376305366,0.0849966779351234,0.0849977582693100
0.4605415466330573,0.0849963426589966,0.0849978029727936
0.4606415556355780,0.0253702700138092,-0.0225413199514151
0.4607415646380987,0.0253034196794033,-0.0161598306149244
0.4608415736406195,0.0240382403135300,-0.0124182403087616
0.4609415826431401,0.0231034494936466,-0.0092975925654173
0.4610415916456608,0.0205708704888821,-0.0063867438584566
0.4611416006481815,0.0191195197403431,-0.0034201329108328
0.4612416096507023,0.0175344999879599,-0.0017327639507130
0.4613416186532229,0.0170117802917957,-0.0002750635030679
0.4614416276557436,0.0165307596325874,0.0016029999824241
0.4615416366582644,0.0167989991605282,0.0032777220476419
0.4616416456607851,0.0159899406135082,0.0034584030508995
0.4617416546633058,0.0163920596241951,0.0035843050573021
0.4618416636658265,0.0167418308556080,0.0038439030759037
0.4619416726683472,0.0165679994970560,0.0039225821383297
0.4620416816708679,0.0165888797491789,0.0039105219766498
0.4621416906733886,0.0168756395578384,0.0037422229070216
0.4622416996759093,0.0158655103296041,0.0030054240487516
0.4623417086784301,0.0169323291629553,0.0029148131143302
0.4624417176809507,0.0165013093501329,0.0024919370189309
0.4625417266834714,0.0174628105014563,0.0022362270392478
0.4626417356859922,0.0179210193455219,0.0020739319734275
0.4627417446885128,0.0183436200022697,0.0020527939777821
0.4628417536910335,0.0187795199453831,0.0022283250000328
0.4629417626935542,0.0188988205045462,0.0020771389827132
0.4630417716960750,0.0202247798442841,0.0021191639825702
0.4631417806985956,0.0192632991820574,0.0014567689504474
0.4632417897011164,0.0200190506875515,0.0008500848198310
0.4633417987036371,0.0189198497682810,0.0002375096955802
0.4634418077061578,0.0195841491222382,-0.0002262039051857
0.4635418167086785,0.0190975796431303,-0.0004888672847301
0.4636418257111992,0.0199164096266031,-0.0006179871270433
0.4637418347137199,0.0189948901534081,-0.0004461166972760
0.4638418437162406,0.0195496305823326,-0.0004875166923739
0.4639418527187613,0.0187924802303314,-0.0005125175230205
0.4640418617212820,0.0192179605364799,-0.0003567255043890
0.4641418707238028,0.0193889196962118,-0.0004540884110611
0.4642418797263234,0.0179481692612171,-0.0006220078212209
0.4643418887288441,0.0187171101570129,-0.0007057901821099
0.4644418977313648,0.0179680101573467,-0.0007719756104052
0.4645419067338855,0.0191263407468796,-0.0005760550848208
0.4646419157364062,0.0169054400175810,-0.0009211840806529
0.4647419247389269,0.0166562590748072,-0.0003041150921490
0.4648419337414477,0.0172864701598883,-0.0002422053948976
0.4649419427439683,0.0168850291520357,-0.0001382108021062
0.4650419517464891,0.0180420204997063,0.0001173467971967
0.4651419607490098,0.0172296892851591,-0.0001202057028422
0.4652419697515305,0.0179931707680225,-0.0002161121956306
0.4653419787540512,0.0178249403834343,-0.0003716773935594
0.4654419877565719,0.0173414107412100,-0.0005173219251446
0.4655419967590926,0.0172969307750463,-0.0002501845010556
0.4656420057616133,0.0160445496439934,-0.0003263622056693
0.4657420147641340,0.0157259907573462,-0.0004112281021662
0.4658420237666547,0.0149763701483607,-0.0001573854970047
0.4659420327691755,0.0146074499934912,0.0000407922707382
0.4660420417716961,0.0152517501264811,0.0000412783010688
0.4661420507742168,0.0148442499339581,0.0003048832877539
0.4662420597767375,0.0155602395534515,0.0006106197251938
0.4663420687792583,0.0153798200190067,0.0001000841002678
0.4664420777817789,0.0145303802564740,0.0000004147152879
0.4665420867842996,0.0150334304198623,0.0000285428395728
0.4666420957868204,0.0138820596039295,0.0000583906003158
0.4667421047893411,0.0144916102290154,-0.0001881052012322
0.4668421137918618,0.0154702896252275,-0.0000324640495819
0.4669421227943825,0.0145310796797276,-0.0001025480014505
0.4670421317969032,0.0153497904539108,0.0003150773991365
0.4671421407994239,0.0153021402657032,-0.0000557332314202
0.4672421498019446,0.0145712401717901,-0.0002052508061752
0.4673421588044653,0.0160229299217463,-0.0001945839030668
0.4674421678069861,0.0147514501586556,-0.0002260984038003
0.4675421768095067,0.0156006198376417,-0.0002699084870983
0.4676421858120274,0.0159922391176224,-0.0002324124070583
0.4677421948145482,0.0155978202819824,-0.0001106502022594
0.4678422038170688,0.0163005404174328,0.0001853191060945
0.4679422128195895,0.0152701400220394,0.0002498775138520
0.4680422218221102,0.0146236903965473,0.0002921741106547
0.4681422308246310,0.0153596997261047,0.0002069714973914
0.4682422398271516,0.0158098097890615,0.0002796078915708
0.4683422488296723,0.0161650292575359,-0.0000219465891860
0.4684422578321931,0.0159295406192541,-0.0005654175765812
0.4685422668347138,0.0157094392925501,-0.0006016734987497
0.4686422758372345,0.0169552303850651,-0.0005346352118067
0.4687422848397552,0.0160862393677235,-0.0005989560741000
0.4688422938422759,0.0149714304134250,-0.0007038310868666
0.4689423028447966,0.0156358797103167,-0.0003706639981829
0.4690423118473173,0.0162970907986164,-0.0000317294798151
0.4691423208498380,0.0170317292213440,-0.0000832950099721
0.4692423298523588,0.0161959007382393,0.0000646240732749
0.4693423388548794,0.0161579493433237,0.0000747528174543
0.4694423478574001,0.0164174791425467,-0.0000345180706063
0.4695423568599209,0.0161423105746508,-0.0000013742250076
0.4696423658624415,0.0166051108390093,0.0001715536054689
0.4697423748649622,0.0180325601249933,0.0003460237930994
0.4698423838674829,0.0175269208848476,0.0001567301951582
0.4699423928700037,0.0183624997735023,0.0002920088882092
0.4700424018725243,0.0180593691766262,0.0002060723054456
0.4701424108750450,0.0191552806645632,0.0003699910885189
0.4702424198775658,0.0181344505399466,-0.0000390573513869
0.4703424288800865,0.0179395508021116,0.0001169059978565
0.4704424378826072,0.0181799996644258,-0.0001809165987652
0.4705424468851279,0.0177844893187284,-0.0003159153857268
0.4706424558876486,0.0187030099332333,-0.0004792734980583
0.4707424648901693,0.0191844403743744,-0.0004220774862915
0.4708424738926900,0.0178411602973938,-0.0001762835017871
0.4709424828952107,0.0196424592286348,0.0002247967931908
0.4710424918977315,0.0195058006793261,-0.0000785762531450
0.4711425009002521,0.0211054291576147,0.0003270306915510
0.4712425099027728,0.0207465402781963,0.0002903667045757
0.4713425189052936,0.0195159092545509,-0.0001721903972793
0.4714425279078143,0.0208629202097654,0.0001286178012379
0.4715425369103349,0.0218850206583738,-0.0000771456470829
0.4716425459128556,0.0216709598898888,-0.0002994443057105
0.4717425549153764,0.0230443105101585,-0.0003482631873339
0.4718425639178970,0.0224499106407166,-0.0003032519016415
0.4719425729204177,0.0238564200699329,-0.0000682235768181
0.4720425819229385,0.0228742603212595,-0.0001498919009464
0.4721425909254592,0.0219483599066734,-0.0001377230946673
0.4722425999279799,0.0240941904485226,-0.0000302251901303
0.4723426089305006,0.0230478998273611,-0.0003363144933246
0.4724426179330213,0.0242185909301043,-0.0002415049966658
0.4725426269355420,0.0237938407808542,0.0001313578977715
0.4726426359380627,0.0243388395756483,0.0001059733986040
0.4727426449405834,0.0246632006019354,-0.0001439268962713
0.4728426539431042,0.0245372392237186,0.0002331214927835
0.4729426629456248,0.0252224300056696,0.0008358429186046
0.4730426719481455,0.0246499795466661,0.0007485516252927
0.4731426809506663,0.0251353308558464,0.0008399959770031
0.4732426899531870,0.0243898406624794,0.0003782532876357
0.4733426989557076,0.0254065301269293,0.0002593639073893
0.4734427079582283,0.0265899505466223,0.0001757448044373
0.4735427169607491,0.0256743598729372,-0.0001768475049175
0.4736427259632697,0.0249524693936110,-0.0003347194870003
0.4737427349657905,0.0259335897862911,-0.0003190570860170
0.4738427439683112,0.0258058905601501,-0.0004154723137617
0.4739427529708319,0.0260732099413872,-0.0000195860102394
0.4740427619733526,0.0264974609017372,-0.0001222660066560
0.4741427709758733,0.0256223902106285,-0.0000566138405702
0.4742427799783940,0.0263140797615051,0.0001676638930803
0.4743427889809148,0.0266058892011642,0.0000685198683641
0.4744427979834354,0.0265467595309019,-0.0000500724709127
0.4745428069859561,0.0280289705842733,0.0001653073995840
0.4746428159884769,0.0278985593467951,0.0002292015997227
0.4747428249909975,0.0279143992811441,0.0002873777993955
0.4748428339935182,0.0286870095878839,0.0002828243013937
0.4749428429960389,0.0287384502589703,0.0001540322991787
0.4750428519985597,0.0283829104155302,0.0003360118134879
0.4751428610010803,0.0289939101785421,0.0001416669983882
0.4752428700036010,0.0286321602761745,0.0001231042988366
0.4753428790061218,0.0293999202549458,0.0000453224893135
0.4754428880086425,0.0299450196325779,0.0000753838685341
0.4755428970111632,0.0281285792589188,-0.0003619139024522
0.4756429060136839,0.0273736398667097,-0.0003765946894418
0.4757429150162046,0.0273262299597263,-0.0004255787935108
0.4758429240187253,0.0292711891233921,0.0001201948034577
0.4759429330212460,0.0282040107995272,0.0001707659976091
0.4760429420237667,0.0292187295854092,0.0001316304987995
0.4761429510262875,0.0277268197387457,0.0003785706940107
0.4762429600288081,0.0271873306483030,0.0005863509140909
0.4763429690313288,0.0278793592005968,0.0003426120965742
0.4764429780338496,0.0278554502874613,0.0004655735974666
0.4765429870363703,0.0265548396855593,0.0001168685994344
0.4766429960388909,0.0284243300557137,0.0000318768506986
0.4767430050414116,0.0281186904758215,0.0001250850036740
0.4768430140439324,0.0269275493919849,-0.0001521282974863
0.4769430230464530,0.0269654802978039,-0.0001305549958488
0.4770430320489737,0.0288912300020456,0.0000365274609067
0.4771430410514945,0.0282611194998026,0.0000879469371284
0.4772430500540152,0.0277131702750921,-0.0000987321327557
0.4773430590565359,0.0283439308404922,-0.0002357170014875
0.4774430680590566,0.0273441299796104,-0.0003718424122781
0.4775430770615773,0.0268555209040642,-0.0003205011889804
0.4776430860640980,0.0292559303343296,0.0000480536982650
0.4777430950666187,0.0281521398574114,-0.0001636616070755
0.4778431040691394,0.0262798592448235,-0.0004058982885908
0.4779431130716602,0.0280293393880129,0.0001569081941852
0.4780431220741808,0.0271139405667782,0.0002932058996521
0.4781431310767015,0.0270833000540733,0.0002585818874650
0.4782431400792223,0.0266197193413973,0.0000575807316636
0.4783431490817430,0.0274316594004631,0.0000963226411841
0.4784431580842636,0.0267883799970150,-0.0000418224408349
0.4785431670867843,0.0279379896819592,-0.0003111484111287
0.4786431760893051,0.0271171703934669,-0.0005590511136688
0.4787431850918257,0.0261407792568207,-0.0006031359080225
0.4788431940943464,0.0260229408740997,-0.0003228666901123
0.4789432030968672,0.0271650906652212,-0.0002431533939671
0.4790432120993879,0.0274335108697414,0.0001320293958997
0.4791432211019086,0.0272602401673794,0.0002081843995256
0.4792432301044293,0.0280068293213844,0.0002228124940302
0.4793432391069500,0.0266166292130947,-0.0000249850891123
0.4794432481094708,0.0268987808376551,0.0003944849013351
0.4795432571119914,0.0272612199187279,0.0002659031015355
0.4796432661145121,0.0276731792837381,0.0006229078862816
0.4797432751170329,0.0272085405886173,0.0005435171769932
0.4798432841195535,0.0264187809079885,-0.0000037067650283
0.4799432931220742,0.0267020091414452,0.0000548066891497
0.4800433021245950,0.0266951005905867,0.0002304108056705
0.4801433111271157,0.0265376903116703,0.0002791740116663
0.4802433201296363,0.0267341807484627,-0.0000449600192951
0.4803433291321570,0.0257922206073999,-0.0002049761969829
0.4804433381346778,0.0252995491027832,-0.0003395772073418
0.4805433471371985,0.0270831100642681,-0.0004682567087002
0.4806433561397191,0.0276220198720694,0.0000023418829187
0.4807433651422399,0.0268949698656797,-0.0001144064008258
0.4808433741447606,0.0283537302166224,0.0002587040944491
0.4809433831472813,0.0269949696958065,0.0000807644682936
0.4810433921498020,0.0264523308724165,0.0004425384104252
0.4811434011523227,0.0278968494385481,0.0005762468208559
0.4812434101548435,0.0268620904535055,0.0004366379871499
0.4813434191573641,0.0265806000679731,0.0003855330869555
0.4814434281598848,0.0270735695958138,0.0000989549371297
0.4815434371624056,0.0268681105226278,-0.0000584725494264
0.4816434461649262,0.0252581499516964,-0.0006709311273880
0.4817434551674469,0.0263522099703550,-0.0004558080108836
0.4818434641699677,0.0260105393826962,-0.0004426157975104
0.4819434731724884,0.0246064607053995,-0.0006108139059506
0.4820434821750090,0.0252366699278355,-0.0003065488999709
0.4821434911775297,0.0245406497269869,-0.0004581444954965
0.4822435001800505,0.0243649296462536,-0.0003042843018193
0.4823435091825712,0.0251136906445026,-0.0000693104229867
0.4824435181850919,0.0265155509114265,0.0002567169140093
0.4825435271876126,0.0251934807747602,-0.0001153092016466
0.4826435361901333,0.0251522008329630,-0.0000167080397659
0.4827435451926540,0.0261498205363750,0.0002287014940521
0.4828435541951747,0.0265155006200075,0.0006507412181236
0.4829435631976954,0.0256349593400955,0.0007502681110054
0.4830435722002162,0.0268766693770885,0.0009265281260014
0.4831435812027368,0.0258981194347143,0.0007188565214165
0.4832435902052575,0.0257239695638418,0.0007396498112939
0.4833435992077783,0.0261315591633320,0.0003647072880995
0.4834436082102990,0.0260384604334831,0.0000572446515434
0.4835436172128196,0.0244716107845306,-0.0005358997150324
0.4836436262153403,0.0262353997677565,-0.0002948635956272
0.4837436352178611,0.0263916403055191,-0.0002276830055052
0.4838436442203817,0.0266048107296228,-0.0003581850032788
0.4839436532229024,0.0242546293884516,-0.0005964264855720
0.4840436622254232,0.0239462293684483,-0.0005284638027661
0.4841436712279439,0.0236393306404352,-0.0002486837038305
0.4842436802304646,0.0231502596288919,-0.0001911779982038
0.4843436892329853,0.0241690091788769,0.0000846104230732
0.4844436982355060,0.0234139207750559,-0.0002066605957225
0.4845437072380268,0.0227905996143818,-0.0002373962051934
0.4846437162405474,0.0242540799081326,0.0000595558303758
0.4847437252430681,0.0247129201889038,0.0002216386928922
0.4848437342455889,0.0251469295471907,0.0004204231954645
0.4849437432481095,0.0260397996753454,0.0003091313992627
0.4850437522506302,0.0253458190709352,0.0002197303983849
0.4851437612531510,0.0243438892066479,-0.0002475309884176
0.4852437702556717,0.0256847403943539,0.0000289049494313
0.4853437792581923,0.0253089796751738,0.0001993727055378
0.4854437882607130,0.0255718398839235,0.0000644009269308
0.4855437972632338,0.0239009298384190,-0.0004068014095537
0.4856438062657545,0.0239236205816269,-0.0001644979056437
0.4857438152682751,0.0232495497912169,-0.0006126253283583
0.4858438242707959,0.0249291304498911,-0.0001717128034215
0.4859438332733166,0.0258126892149448,0.0000977578529273
0.4860438422758373,0.0282730907201767,-0.0002743419026956
0.4861438512783580,0.0321380384266376,0.0001050900973496
0.4862438602808787,0.0389347709715366,0.0015890769427642
0.4863438692833995,0.0384343788027763,0.0015554849524051
0.4864438782859201,0.0418526604771614,0.0032072379253805
0.4865438872884408,0.0420146808028221,0.0036851710174233
0.4866438962909616,0.0339085012674332,0.0015195020241663
0.4867439052934822,0.0849974825978279,0.0849960893392563
0.4868439142960029,0.0849976167082787,0.0849960669875145
0.4869439232985237,0.0849972665309906,0.0849969014525414
0.4870439323010444,0.0849974825978279,0.0849737897515297
0.4871439413035650,0.0849974900484085,0.0849742218852043
0.4872439503060857,0.0849976018071175,0.0849713087081909
0.4873439593086065,0.0849974974989891,0.0849690362811089
0.4874439683111272,0.0258771702647209,0.0331488698720932
0.4875439773136478,0.0251011904329062,0.0262606590986252
0.4876439863161686,0.0250057503581047,0.0215618498623371
0.4877439953186893,0.0224753301590681,0.0188853591680527
0.4878440043212100,0.0217617396265268,0.0146803297102451
0.4879440133237307,0.0200661309063435,0.0115441000089049
0.4880440223262514,0.0190341696143150,0.0082163317129016
0.4881440313287722,0.0187074895948172,0.0058667040430009
0.4882440403312928,0.0172949898988008,0.0036269659176469
0.4883440493338135,0.0170810595154762,0.0017698799492791
0.4884440583363343,0.0164956096559763,-0.0000409315107390
0.4885440673388550,0.0165719408541918,-0.0015940839657560
0.4886440763413756,0.0158933605998755,-0.0031362350564450
0.4887440853438964,0.0164780505001545,-0.0046610007993877
0.4888440943464171,0.0168160293251276,-0.0062034940347075
0.4889441033489377,0.0162078998982906,-0.0074824178591371
0.4890441123514584,0.0174594596028328,-0.0091350767761469
0.4891441213539792,0.0183853805065155,-0.0100940801203251
0.4892441303564999,0.0184141602367163,-0.0102803595364094
0.4893441393590205,0.0190011300146580,-0.0101577695459127
0.4894441483615413,0.0196796003729105,-0.0100721400231123
0.4895441573640620,0.0194885004311800,-0.0090768598020077
0.4896441663665828,0.0189989395439625,-0.0083579896017909
0.4897441753691034,0.0195422191172838,-0.0077477381564677
0.4898441843716241,0.0190400499850512,-0.0064991158433259
0.4899441933741449,0.0196298100054264,-0.0054338681511581
0.4900442023766655,0.0185988005250692,-0.0041398848406971
0.4901442113791862,0.0178024396300316,-0.0029378789477050
0.4902442203817070,0.0206973906606436,-0.0025694631040096
0.4903442293842277,0.0201664604246616,-0.0017189970239997
0.4904442383867483,0.0189747903496027,-0.0003372468927409
0.4905442473892691,0.0174899697303772,0.0003520050959196
0.4906442563917898,0.0175452902913094,0.0010609120363370
0.4907442653943105,0.0180622301995754,0.0015734609914944
0.4908442743968311,0.0176550708711147,0.0019005719805136
0.4909442833993519,0.0164079591631889,0.0021350830793381
0.4910442924018726,0.0176196396350861,0.0020963910501450
0.4911443014043933,0.0163695998489857,0.0022281159181148
0.4912443104069140,0.0167538207024336,0.0018515030387789
0.4913443194094347,0.0164103191345930,0.0016001909971237
0.4914443284119555,0.0181051306426525,0.0012960600433871
0.4915443374144761,0.0172902401536703,0.0014401290100068
0.4916443464169968,0.0179900396615267,0.0014150330098346
0.4917443554195176,0.0155464000999928,0.0016289079794660
0.4918443644220382,0.0155144296586514,0.0016272539505735
0.4919443734245589,0.0153262699022889,0.0012941419845447
0.4920443824270797,0.0143408803269267,0.0012358829844743
0.4921443914296004,0.0132987396791577,0.0010847899829969
0.4922444004321210,0.0122454101219773,0.0006513050757349
0.4923444094346417,0.0133847296237946,0.0003700765082613
0.4924444184371625,0.0112928999587893,0.0006779780960642
0.4925444274396832,0.0126153901219368,0.0001841617049649
0.4926444364422038,0.0114141497761011,0.0000085633091658
0.4927444454447246,0.0116063803434372,-0.0000554623802600
0.4928444544472453,0.0118922097608447,-0.0002383372047916
0.4929444634497660,0.0109812002629042,-0.0004007403040305
0.4930444724522867,0.0119776399806142,-0.0006771751795895
0.4931444814548074,0.0106634097173810,-0.0005222455947660
0.4932444904573282,0.0112536996603012,-0.0006753238267265
0.4933444994598488,0.0112740499898791,-0.0006688265712000
0.4934445084623695,0.0120560899376869,-0.0004687357868534
0.4935445174648903,0.0122778499498963,-0.0002268794050906
0.4936445264674110,0.0120786400511861,-0.0001575741043780
0.4937445354699316,0.0124201895669103,-0.0000353001705662
0.4938445444724524,0.0124455196782947,0.0000160183608386
0.4939445534749731,0.0124004697427154,-0.0000575144003960
0.4940445624774937,0.0138381598517299,-0.0001993696932914
0.4941445714800144,0.0142677295953035,-0.0006694780895486
0.4942445804825352,0.0152086699381471,-0.0006338562816381
0.4943445894850559,0.0153416600078344,-0.0005521983839571
0.4944445984875765,0.0146719804033637,-0.0004204834986012
0.4945446074900973,0.0154720796272159,-0.0008574153762311
0.4946446164926180,0.0152904596179724,-0.0006148712709546
0.4947446254951388,0.0166064202785492,-0.0006880203727633
0.4948446344976594,0.0160144697874784,-0.0003373626095708
0.4949446435001801,0.0157914105802774,-0.0002045214059763
0.4950446525027009,0.0160061009228230,-0.0000353518007614
0.4951446615052215,0.0158447306603193,-0.0000561721717531
0.4952446705077422,0.0147181795910001,0.0002221199974883
0.4953446795102630,0.0156598296016455,0.0000514616403962
0.4954446885127837,0.0144431199878454,0.0002790203143377
0.4955446975153043,0.0153359696269035,0.0000099910248537
0.4956447065178251,0.0161351095885038,0.0000435367510363
0.4957447155203458,0.0175027493387461,0.0000282056298602
0.4958447245228664,0.0177403800189495,-0.0003749624884222
0.4959447335253871,0.0162163600325584,-0.0001424912043149
0.4960447425279079,0.0176501795649529,-0.0005377996130846
0.4961447515304286,0.0167899709194899,-0.0005334326997399
0.4962447605329492,0.0162323694676161,-0.0006057366845198
0.4963447695354700,0.0171408895403147,-0.0004467261896934
0.4964447785379907,0.0165120195597410,-0.0007891946006566
0.4965447875405115,0.0179898794740438,-0.0007934357854538
0.4966447965430321,0.0176148694008589,-0.0003035858971998
0.4967448055455528,0.0172575693577528,-0.0000188249705388
0.4968448145480736,0.0169770792126656,0.0001956515043275
0.4969448235505942,0.0177294109016657,0.0001416322047589
0.4970448325531149,0.0175593905150890,-0.0001011552012642
0.4971448415556357,0.0184207502752542,0.0001734515972203
0.4972448505581564,0.0179153606295586,0.0000679215372656
0.4973448595606770,0.0167938899248838,0.0003604351950344
0.4974448685631978,0.0177684891968966,-0.0000391815010516
0.4975448775657185,0.0177898406982422,0.0001893100998132
0.4976448865682392,0.0177841391414404,0.0001895114983199
0.4977448955707598,0.0196091998368502,-0.0001429371041013
0.4978449045732806,0.0180513095110655,-0.0001630254992051
0.4979449135758013,0.0182843599468470,-0.0002845883136615
0.4980449225783219,0.0191400907933712,-0.0003330427862238
0.4981449315808427,0.0190624408423901,-0.0004604874120560
0.4982449405833634,0.0209411606192589,-0.0005211473908275
0.4983449495858842,0.0203829202800989,-0.0003290862077847
0.4984449585884048,0.0199487898498774,-0.0001888128026621
0.4985449675909255,0.0198116600513458,0.0003617978072725
0.4986449765934463,0.0195949897170067,0.0002799573994707
0.4987449855959670,0.0211707595735788,0.0002187875943491
0.4988449945984876,0.0210417900234461,-0.0000312979682349
0.4989450036010084,0.0204842798411846,-0.0000877274433151
0.4990450126035291,0.0222072992473841,-0.0000992892382783
0.4991450216060497,0.0219521801918745,-0.0003635603934526
0.4992450306085705,0.0220526307821274,-0.0004854848957621
0.4993450396110912,0.0227035395801067,-0.0009318634984083
0.4994450486136119,0.0220508892089128,-0.0007976386114024
0.4995450576161325,0.0227808896452188,-0.0008152254740708
0.4996450666186533,0.0222417991608381,-0.0006883888272569
0.4997450756211740,0.0224197208881378,-0.0007112395833246
0.4998450846236948,0.0230895299464464,-0.0004256955871824
0.4999450936262154,0.0229017008095980,-0.0005080514238216
0.5000451026287361,0.0219158791005611,0.0000245204500970
0.5001451116312569,0.0229123607277870,-0.0000204578700504
0.5002451206337775,0.0233326498419046,-0.0001598706003278
0.5003451296362982,0.0228977594524622,-0.0000778718895162
0.5004451386388189,0.0245923306792974,-0.0001678536937106
0.5005451476413396,0.0245423801243305,0.0001064890020643
0.5006451566438603,0.0236867908388376,0.0002526080061216
0.5007451656463811,0.0253406409174204,-0.0002194791013608
0.5008451746489018,0.0244064908474684,0.0001367740042042
0.5009451836514225,0.0241255499422550,0.0001181597035611
0.5010451926539432,0.0260550193488598,-0.0003427623887546
0.5011452016564639,0.0258156098425388,-0.0005691646947525
0.5012452106589846,0.0270764697343111,-0.0008104192093015
0.5013452196615052,0.0267697293311357,-0.0006501266034320
0.5014452286640260,0.0255337394773960,-0.0002904176071752
0.5015452376665467,0.0264683701097965,-0.0001106065974454
0.5016452466690674,0.0261896606534719,-0.0000355854208465
0.5017452556715881,0.0257736295461655,0.0001023958975566
0.5018452646741088,0.0255447402596474,0.0000786131204222
0.5019452736766296,0.0277187898755074,0.0001904269010993
0.5020452826791502,0.0259575191885233,0.0003249529108871
0.5021452916816709,0.0274307392537594,0.0001076030966942
0.5022453006841916,0.0274501591920853,0.0001291944063269
0.5023453096867123,0.0265650097280741,0.0000935164134717
0.5024453186892330,0.0277424696832895,-0.0002271644043503
0.5025453276917538,0.0274778101593256,-0.0001586135040270
0.5026453366942745,0.0255833491683006,-0.0000790675403550
0.5027453456967952,0.0287431906908751,-0.0001975883060368
0.5028453546993159,0.0283559206873178,-0.0003123733913526
0.5029453637018366,0.0263415891677141,-0.0003963554918300
0.5030453727043573,0.0275749508291483,-0.0002814093895722
0.5031453817068779,0.0283494498580694,-0.0006175598828122
0.5032453907093987,0.0292377006262541,-0.0005415084888227
0.5033453997119194,0.0279600992798805,-0.0001935726031661
0.5034454087144401,0.0306558106094599,-0.0003819802950602
0.5035454177169608,0.0290485806763172,-0.0002125737955794
0.5036454267194815,0.0290619190782309,0.0002187568024965
0.5037454357220023,0.0301028992980719,-0.0000144334599099
0.5038454447245230,0.0296467095613480,0.0001518779026810
0.5039454537270436,0.0288866106420755,0.0004910742281936
0.5040454627295643,0.0288110096007586,0.0006291717872955
0.5041454717320850,0.0299036893993616,0.0001787374058040
0.5042454807346057,0.0291121806949377,0.0002703329955693
0.5043454897371265,0.0287320408970118,0.0002630882081576
0.5044454987396472,0.0304350107908249,-0.0001162335975096
0.5045455077421679,0.0298471003770828,-0.0001623225980438
0.5046455167446886,0.0288647096604109,0.0000434772591689
0.5047455257472093,0.0289143305271864,-0.0001208972971654
0.5048455347497300,0.0301859807223082,-0.0001279972930206
0.5049455437522508,0.0293514598160982,0.0002782027004287
0.5050455527547714,0.0291165001690388,0.0003538342134561
0.5051455617572921,0.0290299598127604,0.0004326140915509
0.5052455707598128,0.0301700606942177,0.0000036105359413
0.5053455797623335,0.0294842403382063,0.0001484326057835
0.5054455887648542,0.0287062209099531,0.0002664260100573
0.5055455977673750,0.0274914596229792,0.0005271101254039
0.5056456067698957,0.0301077906042337,0.0002737382019404
0.5057456157724163,0.0290068108588457,0.0001511322043370
0.5058456247749370,0.0266209207475185,0.0001329683000222
0.5059456337774578,0.0280258897691965,0.0000042898432184
0.5060456427799784,0.0284050591289997,-0.0001305032928940
0.5061456517824992,0.0279813800007105,-0.0002889040915761
0.5062456607850199,0.0272321105003357,-0.0004275167884771
0.5063456697875406,0.0271313693374395,-0.0005325119127519
0.5064456787900613,0.0288316998630762,-0.0005252431146801
0.5065456877925820,0.0280541907995939,-0.0003941975883208
0.5066456967951027,0.0274457708001137,-0.0002524575975258
0.5067457057976235,0.0274401493370533,0.0000643961830065
0.5068457148001441,0.0290061905980110,-0.0000027123980999
0.5069457238026648,0.0284007806330919,0.0001864922960522
0.5070457328051855,0.0264437999576330,0.0002611103118397
0.5071457418077062,0.0263382792472839,0.0003072640975006
0.5072457508102269,0.0284340791404247,0.0001330905070063
0.5073457598127477,0.0287848692387342,0.0001602717966307
0.5074457688152684,0.0280020795762539,0.0002141677978216
0.5075457778177890,0.0272021908313036,-0.0000003290188033
0.5076457868203097,0.0267591904848814,0.0001408951939084
0.5077457958228305,0.0267557706683874,0.0000865878173499
0.5078458048253512,0.0269894897937775,0.0001889570994535
0.5079458138278719,0.0279119908809662,-0.0001119844018831
0.5080458228303926,0.0277915801852942,0.0000490320308018
0.5081458318329133,0.0254401806741953,-0.0000810747224023
0.5082458408354340,0.0249836500734091,0.0002539695997257
0.5083458498379547,0.0262917093932629,0.0002517887915019
0.5084458588404754,0.0261331107467413,0.0001268393971259
0.5085458678429962,0.0241238195449114,0.0002707245876081
0.5086458768455168,0.0246945898979902,0.0004290842916816
0.5087458858480375,0.0259860008955002,0.0002556244144216
0.5088458948505582,0.0257629305124283,0.0004286144976504
0.5089459038530789,0.0261721797287464,0.0002568433992565
0.5090459128555996,0.0257513206452131,0.0001198863974423
0.5091459218581204,0.0263362899422646,0.0001990695018321
0.5092459308606411,0.0242298804223537,-0.0000026211550903
0.5093459398631617,0.0238899793475866,-0.0000131909600896
0.5094459488656825,0.0242869593203068,-0.0003277081123088
0.5095459578682032,0.0252901595085859,-0.0004131791065447
0.5096459668707239,0.0251552406698465,-0.0002930072951131
0.5097459758732446,0.0244863703846931,-0.0004554367915262
0.5098459848757653,0.0260269399732351,-0.0003237726923544
0.5099459938782860,0.0261872094124556,-0.0003974008141086
0.5100460028808067,0.0247922092676163,0.0000256609691860
0.5101460118833274,0.0252721291035414,-0.0001478070043959
0.5102460208858481,0.0252278093248606,-0.0000720833704690
0.5103460298883689,0.0252108797430992,0.0000544704089407
0.5104460388908895,0.0246670804917812,0.0001481522049289
0.5105460478934102,0.0263732299208641,0.0000734174609534
0.5106460568959309,0.0261377599090338,0.0000478544498037
0.5107460658984516,0.0234951209276915,0.0002707887033466
0.5108460749009723,0.0241966806352139,0.0000733980123186
0.5109460839034931,0.0263043195009232,0.0002214965061285
0.5110460929060138,0.0245155394077301,0.0000105343597170
0.5111461019085344,0.0241748597472906,0.0001556451024953
0.5112461109110552,0.0252543706446886,-0.0001296755945077
0.5113461199135759,0.0241451393812895,0.0000321835505019
0.5114461289160965,0.0232231393456459,0.0000115961101983
0.5115461379186174,0.0243487097322941,-0.0002404925035080
0.5116461469211380,0.0253120902925730,0.0000393174886995
0.5117461559236587,0.0243154894560575,0.0002669972891454
0.5118461649261794,0.0242551900446415,0.0003351632039994
0.5119461739287001,0.0240313392132521,0.0001521452068118
0.5120461829312208,0.0234758593142033,0.0001013443979900
0.5121461919337416,0.0242264494299889,0.0002838372893166
0.5122462009362622,0.0259276591241360,0.0001031740030157
0.5123462099387830,0.0247800406068563,0.0001297718990827
0.5124462189413036,0.0237769894301891,-0.0000610834831605
0.5125462279438243,0.0260447207838297,-0.0002547806070652
0.5126462369463450,0.0249981991946697,-0.0004332509124652
0.5127462459488658,0.0249222200363874,-0.0005312127759680
0.5128462549513864,0.0272013992071152,-0.0010879379697144
0.5129462639539072,0.0319981500506401,-0.0022615629713982
0.5130462729564279,0.0345150195062160,-0.0037520939949900
0.5131462819589485,0.0359032712876797,-0.0049038920551538
0.5132462909614693,0.0390882082283497,-0.0079672830179334
0.5133462999639899,0.0425713397562504,-0.0135101601481438
0.5134463089665108,0.0324918888509274,-0.0186735391616821
0.5135463179690314,0.0849968865513802,0.0849574208259583
0.5136463269715521,0.0849969312548637,0.0849658697843552
0.5137463359740728,0.0849970132112503,0.0849735736846924
0.5138463449765935,0.0849962905049324,0.0849978104233742
0.5139463539791141,0.0849966183304787,0.0849976763129234
0.5140463629816350,0.0849962234497070,0.0849977731704712
0.5141463719841556,0.0265914704650640,-0.0221852995455265
0.5142463809866763,0.0266487207263708,-0.0153902098536491
0.5143463899891970,0.0245240498334169,-0.0112491203472018
0.5144463989917177,0.0222786497324705,-0.0077525540255010
0.5145464079942385,0.0213316194713116,-0.0043038451112807
0.5146464169967592,0.0198486894369125,-0.0022261270787567
0.5147464259992799,0.0192363504320383,-0.0005150014185347
0.5148464350018006,0.0179042108356953,0.0010415740543976
0.5149464440043213,0.0174827091395855,0.0018015389796346
0.5150464530068419,0.0163623094558716,0.0022906570229679
0.5151464620093628,0.0168842691928148,0.0028508580289781
0.5152464710118834,0.0160098392516375,0.0029285131022334
0.5153464800144041,0.0168011393398046,0.0028255439829081
0.5154464890169248,0.0168633796274662,0.0026426650583744
0.5155464980194455,0.0166025105863810,0.0022177810315043
0.5156465070219662,0.0163052696734667,0.0020205760374665
0.5157465160244870,0.0168752204626799,0.0018189609982073
0.5158465250270076,0.0172260701656342,0.0015237809857354
0.5159465340295284,0.0180823393166065,0.0017691750545055
0.5160465430320490,0.0181615594774485,0.0017210439546034
0.5161465520345697,0.0194862391799688,0.0020695079583675
0.5162465610370904,0.0195339694619179,0.0018953609978780
0.5163465700396112,0.0208134204149246,0.0020065270364285
0.5164465790421319,0.0201016403734684,0.0015677029732615
0.5165465880446526,0.0205085501074791,0.0014660450397059
0.5166465970471733,0.0196070205420256,0.0007787913782522
0.5167466060496940,0.0202236194163561,0.0003971224941779
0.5168466150522147,0.0196873303502798,-0.0001705358008621
0.5169466240547353,0.0207969509065151,-0.0001754198019626
0.5170466330572562,0.0195307098329067,-0.0003595254092943
0.5171466420597768,0.0213707908987999,-0.0002863210102078
0.5172466510622975,0.0204131193459034,-0.0005075451917946
0.5173466600648182,0.0195766892284155,-0.0004452498105820
0.5174466690673389,0.0205200202763081,-0.0005013215122744
0.5175466780698595,0.0189114194363356,-0.0005920457188040
0.5176466870723804,0.0203648097813129,-0.0006869161152281
0.5177466960749010,0.0195315200835466,-0.0006649417919107
0.5178467050774218,0.0195049904286861,-0.0005507586174645
0.5179467140799424,0.0182037092745304,-0.0005678422749043
0.5180467230824631,0.0188712291419506,-0.0003901160962414
0.5181467320849840,0.0177297703921795,-0.0000499705492985
0.5182467410875046,0.0163903608918190,-0.0002327449037693
0.5183467500900253,0.0178233608603477,-0.0002768815902527
0.5184467590925460,0.0169472191482782,-0.0002710992994253
0.5185467680950667,0.0180684905499220,-0.0001561879034853
0.5186467770975873,0.0173218697309494,-0.0003703061083797
0.5187467861001082,0.0169927906244993,-0.0004978341166861
0.5188467951026288,0.0167281292378902,-0.0005940446862951
0.5189468041051496,0.0157573204487562,-0.0004598945088219
0.5190468131076702,0.0165925491601229,-0.0002990255889017
0.5191468221101909,0.0149036301299930,-0.0001333098043688
0.5192468311127116,0.0150898201391101,0.0002587698982097
0.5193468401152324,0.0146102402359247,0.0003766026929952
0.5194468491177530,0.0141943898051977,0.0002713878930081
0.5195468581202738,0.0151459397748113,0.0002540680870879
0.5196468671227944,0.0144407404586673,0.0001637833047425
0.5197468761253151,0.0149115500971675,0.0004340879095253
0.5198468851278359,0.0152264395728707,0.0004242047143634
0.5199468941303566,0.0148583799600601,0.0000929239176912
0.5200469031328774,0.0158916991204023,0.0001716450060485
0.5201469121353980,0.0152766704559326,0.0001153533012257
0.5202469211379187,0.0148764504119754,0.0001255136012333
0.5203469301404394,0.0157127100974321,0.0001771860988811
0.5204469391429601,0.0145269697532058,-0.0000898703074199
0.5205469481454807,0.0145850004628301,-0.0000978087118710
0.5206469571480016,0.0142099000513554,-0.0001791860995581
0.5207469661505222,0.0141908098012209,-0.0003070443053730
0.5208469751530429,0.0157620701938868,-0.0003837714903057
0.5209469841555636,0.0153905199840665,-0.0003344514989294
0.5210469931580843,0.0150749403983355,-0.0003365399898030
0.5211470021606051,0.0160876605659723,0.0000646847402095
0.5212470111631258,0.0156574398279190,0.0002070664049825
0.5213470201656464,0.0168000608682632,0.0005986428004690
0.5214470291681672,0.0164883993566036,0.0003571273118723
0.5215470381706878,0.0151547603309155,0.0000391069588659
0.5216470471732085,0.0155770396813750,0.0003189629060216
0.5217470561757294,0.0155122103169560,-0.0001504466054030
0.5218470651782500,0.0151239698752761,-0.0003581020864658
0.5219470741807707,0.0158526208251715,-0.0004909373819828
0.5220470831832914,0.0157464891672134,-0.0004103150859009
0.5221470921858121,0.0160496700555086,-0.0003453487879597
0.5222471011883327,0.0164164192974567,-0.0002486940938979
0.5223471101908536,0.0163359008729458,0.0000189875008800
0.5224471191933742,0.0174907092005014,0.0001696254039416
0.5225471281958950,0.0160680301487446,0.0001164654968306
0.5226471371984156,0.0162278991192579,-0.0000548218813492
0.5227471462009363,0.0176770705729723,0.0000443991593784
0.5228471552034570,0.0168403107672930,0.0000444003417215
0.5229471642059778,0.0167547501623631,0.0002427745930618
0.5230471732084984,0.0176917091012001,0.0002651519898791
0.5231471822110192,0.0179223697632551,0.0002871805918403
0.5232471912135398,0.0182513501495123,0.0001484548993176
0.5233472002160605,0.0184761304408312,0.0003783433057833
0.5234472092185813,0.0188786108046770,0.0000783459327067
0.5235472182211020,0.0183024406433105,0.0000315507495543
0.5236472272236228,0.0182084497064352,-0.0000941468533711
0.5237472362261434,0.0187874697148800,-0.0001069232966984
0.5238472452286641,0.0182093996554613,-0.0007094953907654
0.5239472542311848,0.0179766602814198,-0.0005756737082265
0.5240472632337055,0.0196468494832516,-0.0002669990062714
0.5241472722362261,0.0194503907114267,-0.0002211810060544
0.5242472812387470,0.0190774891525507,-0.0002473292988725
0.5243472902412676,0.0205371193587780,-0.0000175484292413
0.5244472992437883,0.0197474192827940,0.0000820879577077
0.5245473082463090,0.0204526800662279,0.0002779641945381
0.5246473172488297,0.0194024592638016,-0.0000834293387015
0.5247473262513505,0.0194545295089483,-0.0001275100948988
0.5248473352538712,0.0211961194872856,-0.0003679229121190
0.5249473442563918,0.0201523602008820,-0.0005092439823784
0.5250473532589126,0.0218889005482197,-0.0005151875084266
0.5251473622614333,0.0219790805131197,-0.0003357531095389
0.5252473712639539,0.0219682492315769,-0.0001006879028864
0.5253473802664748,0.0225555691868067,0.0002915360091720
0.5254473892689954,0.0223219897598028,0.0000192865391000
0.5255473982715161,0.0221960395574570,-0.0002024686982622
0.5256474072740368,0.0225938390940428,-0.0001593897031853
0.5257474162765575,0.0241377595812082,0.0002402027021162
0.5258474252790782,0.0227403100579977,-0.0000625703905826
0.5259474342815990,0.0228242408484221,-0.0002264835056849
0.5260474432841196,0.0241622906178236,0.0002196552959504
0.5261474522866404,0.0241941493004560,0.0004922029911540
0.5262474612891610,0.0225376002490520,0.0004029895935673
0.5263474702916817,0.0242331493645906,0.0008585000177845
0.5264474792942024,0.0245202891528606,0.0006398059776984
0.5265474882967232,0.0244356002658606,0.0006007194751874
0.5266474972992438,0.0264486093074083,0.0004230629128870
0.5267475063017646,0.0254047997295856,-0.0000324285501847
0.5268475153042853,0.0269812606275082,0.0001959820947377
0.5269475243068060,0.0260304491966963,-0.0001176146979560
0.5270475333093267,0.0267299301922321,0.0000083502136476
0.5271475423118474,0.0267654396593571,-0.0001802109036362
0.5272475513143682,0.0244086701422930,-0.0007163453847170
0.5273475603168888,0.0264736004173756,-0.0001532055030111
0.5274475693194095,0.0256482008844614,-0.0001401397021255
0.5275475783219302,0.0243759900331497,-0.0004920226056129
0.5276475873244509,0.0251892991364002,-0.0001615545043023
0.5277475963269715,0.0269560292363167,-0.0001537592033856
0.5278476053294924,0.0268712695688009,-0.0001490979047958
0.5279476143320130,0.0271086897701025,0.0000783929936006
0.5280476233345338,0.0284109208732843,0.0003791222115979
0.5281476323370544,0.0272788908332586,0.0000735191133572
0.5282476413395751,0.0291179101914167,0.0004646872112062
0.5283476503420959,0.0286082103848457,0.0004673849034589
0.5284476593446166,0.0281061008572578,0.0002530131896492
0.5285476683471372,0.0290148891508579,-0.0000035577779727
0.5286476773496580,0.0280596092343330,-0.0001198148966068
0.5287476863521787,0.0273676197975874,-0.0003450106887612
0.5288476953546993,0.0292391907423735,-0.0001540970988572
0.5289477043572202,0.0287292003631592,-0.0002301509957761
0.5290477133597408,0.0279133897274733,-0.0001482740044594
0.5291477223622616,0.0295456796884537,-0.0000702826364432
0.5292477313647822,0.0276038497686386,-0.0001488445996074
0.5293477403673029,0.0276666805148125,0.0001619065005798
0.5294477493698236,0.0273070000112057,0.0002346154069528
0.5295477583723444,0.0283492691814899,0.0005628018989228
0.5296477673748650,0.0285956207662821,0.0007481250795536
0.5297477763773858,0.0302684698253870,0.0008856825879775
0.5298477853799064,0.0293863192200661,0.0005254172137938
0.5299477943824271,0.0277803093194962,0.0000026044820061
0.5300478033849478,0.0272064395248890,-0.0003054894914385
0.5301478123874686,0.0283320005983114,-0.0001080927977455
0.5302478213899893,0.0275044701993465,-0.0002987656916957
0.5303478303925100,0.0272165406495333,-0.0002960902929772
0.5304478393950307,0.0276923105120659,-0.0001284867030336
0.5305478483975514,0.0282079596072435,0.0000552752389922
0.5306478574000721,0.0264719799160957,-0.0003998478059657
0.5307478664025927,0.0279704201966524,-0.0003585910890251
0.5308478754051136,0.0276226196438074,-0.0004021803906653
0.5309478844076342,0.0271652806550264,-0.0002523694129195
0.5310478934101549,0.0285368300974369,-0.0000079378551163
0.5311479024126756,0.0280749406665564,0.0002689094108064
0.5312479114151963,0.0275868792086840,0.0004357598954812
0.5313479204177169,0.0284062307327986,0.0007793601835147
0.5314479294202378,0.0285046398639679,0.0005465925787576
0.5315479384227584,0.0277083292603493,0.0000559488289582
0.5316479474252792,0.0286119896918535,0.0001758807047736
0.5317479564277998,0.0282905492931604,0.0001649939949857
0.5318479654303205,0.0273418501019478,-0.0003389180928934
0.5319479744328413,0.0264728590846062,-0.0001753952965373
0.5320479834353620,0.0271158702671528,-0.0006365493754856
0.5321479924378827,0.0270808003842831,-0.0001499720965512
0.5322480014404034,0.0261107403784990,-0.0001305106998188
0.5323480104429241,0.0273093301802874,0.0000585363704886
0.5324480194454447,0.0270550195127726,0.0000034928189052
0.5325480284479656,0.0261147506535053,-0.0000837039697217
0.5326480374504862,0.0265834201127291,0.0000426438709837
0.5327480464530070,0.0279662795364857,0.0005256640724838
0.5328480554555276,0.0276810191571712,0.0004281548026484
0.5329480644580483,0.0270295906811953,0.0003752126940526
0.5330480734605690,0.0271843504160643,0.0003063193871640
0.5331480824630898,0.0268943607807159,0.0005261169280857
0.5332480914656104,0.0263049192726612,0.0003490856906865
0.5333481004681312,0.0261397399008274,0.0000197201297851
0.5334481094706518,0.0259827505797148,0.0001896620960906
0.5335481184731725,0.0256810393184423,-0.0000671819070703
0.5336481274756932,0.0266827493906021,-0.0002897940867115
0.5337481364782140,0.0260548703372478,-0.0003154161095154
0.5338481454807348,0.0254269801080227,-0.0006896979175508
0.5339481544832554,0.0275492202490568,-0.0003359641123097
0.5340481634857761,0.0265886001288891,-0.0004455040907487
0.5341481724882968,0.0250853598117828,-0.0007178005762398
0.5342481814908175,0.0267294496297836,-0.0001265028986381
0.5343481904933381,0.0261192601174116,0.0000058287891989
0.5344481994958590,0.0256971307098866,0.0002389855944784
0.5345482084983796,0.0251266602426767,0.0002839477092493
0.5346482175009003,0.0259857103228569,0.0001843058998929
0.5347482265034210,0.0262407790869474,0.0004936943878420
0.5348482355059417,0.0255941804498434,0.0000936799333431
0.5349482445084625,0.0268158502876759,-0.0001081078007701
0.5350482535109832,0.0265703201293945,-0.0002719660114963
0.5351482625135038,0.0260118693113327,-0.0000696713468642
0.5352482715160246,0.0275454502552748,0.0001260605058633
0.5353482805185452,0.0247443895787001,-0.0003739953099284
0.5354482895210659,0.0252324994653463,0.0000773241990828
0.5355482985235868,0.0241387803107500,-0.0002395469928160
0.5356483075261074,0.0256635192781687,0.0000925580534386
0.5357483165286281,0.0250735804438591,-0.0000556598897674
0.5358483255311488,0.0255440399050713,-0.0001833101996453
0.5359483345336695,0.0250520892441273,-0.0000762190466048
0.5360483435361902,0.0256347991526127,0.0003047010104638
0.5361483525387110,0.0256843902170658,0.0004825739888474
0.5362483615412316,0.0261568799614906,0.0006268366123550
0.5363483705437524,0.0264670792967081,0.0007102782255970
0.5364483795462730,0.0251806695014238,0.0005736456951126
0.5365483885487937,0.0260233301669359,0.0002070769987768
0.5366483975513144,0.0255339294672012,0.0000737954323995
0.5367484065538352,0.0251655504107475,-0.0001386609947076
0.5368484155563558,0.0268672890961170,0.0000403618614655
0.5369484245588766,0.0251633506268263,-0.0005655132117681
0.5370484335613972,0.0241436399519444,-0.0007626697188243
0.5371484425639180,0.0232567302882671,-0.0006264623953030
0.5372484515664386,0.0253096297383308,-0.0002255813014926
0.5373484605689594,0.0249753203243017,0.0000070488918027
0.5374484695714802,0.0233469195663929,-0.0002862190012820
0.5375484785740008,0.0250454992055893,0.0001266784965992
0.5376484875765215,0.0244824104011059,0.0002215716958744
0.5377484965790422,0.0231393408030272,-0.0000895272023627
0.5378485055815629,0.0242377799004316,0.0002607596106827
0.5379485145840835,0.0249591395258904,0.0004840863111895
0.5380485235866044,0.0243228003382683,0.0004093640891369
0.5381485325891250,0.0247858706861734,0.0003220544022042
0.5382485415916458,0.0248142294585705,0.0001398175954819
0.5383485505941664,0.0251094698905945,0.0003327530866954
0.5384485595966871,0.0251977890729904,0.0002675912110135
0.5385485685992079,0.0246957000344992,-0.0002138117997674
0.5386485776017286,0.0242190808057785,-0.0000247697207669
0.5387485866042492,0.0249782204627991,0.0000890759110916
0.5388485956067700,0.0245475806295872,-0.0003703736001626
0.5389486046092906,0.0243269298225641,-0.0003972410922870
0.5390486136118113,0.0234518200159073,-0.0004973984905519
0.5391486226143322,0.0238567106425762,-0.0004407284141053
0.5392486316168528,0.0245069190859795,0.0001156267971965
0.5393486406193736,0.0238982196897268,0.0002405488048680
0.5394486496218942,0.0264400504529476,0.0002758009068202
0.5395486586244149,0.0319778695702553,0.0008523769793101
0.5396486676269356,0.0328132994472980,0.0008138060220517
0.5397486766294564,0.0368979610502720,0.0009940087329596
0.5398486856319770,0.0428707487881184,0.0027297819033265
0.5399486946344978,0.0484669283032417,0.0048400359228253
0.5400487036370184,0.0484669804573059,0.0053805052302778
0.5401487126395391,0.0353658497333527,0.0024486680049449
0.5402487216420598,0.0849974378943443,0.0849962085485458
0.5403487306445806,0.0849974304437637,0.0849961265921593
0.5404487396471013,0.0849972069263458,0.0849967375397682
0.5405487486496220,0.0849974527955055,0.0849736332893372
0.5406487576521426,0.0849974080920219,0.0849759504199028
0.5407487666546634,0.0849976763129234,0.0849719271063805
0.5408487756571841,0.0849974900484085,0.0849677026271820
0.5409487846597048,0.0246286392211914,0.0341450199484825
0.5410487936622256,0.0239380802959204,0.0262596309185028
0.5411488026647462,0.0234068501740694,0.0220710299909115
0.5412488116672669,0.0216964595019817,0.0174658894538879
0.5413488206697876,0.0204880293458700,0.0137912295758724
0.5414488296723083,0.0188880991190672,0.0105185704305768
0.5415488386748289,0.0178295709192753,0.0078719258308411
0.5416488476773498,0.0164818596094847,0.0054876809008420
0.5417488566798704,0.0158093608915806,0.0033652030397207
0.5418488656823912,0.0155343003571033,0.0013747740304098
0.5419488746849118,0.0150539902970195,-0.0005778669146821
0.5420488836874325,0.0153586901724339,-0.0025637799408287
0.5421488926899533,0.0147657897323370,-0.0039523588493466
0.5422489016924740,0.0148229496553540,-0.0057081361301243
0.5423489106949946,0.0155963096767664,-0.0074092759750783
0.5424489196975154,0.0155500601977110,-0.0083403000608087
0.5425489287000361,0.0160306002944708,-0.0088183991611004
0.5426489377025567,0.0171118807047606,-0.0094786593690515
0.5427489467050776,0.0183547306805849,-0.0102688400074840
0.5428489557075982,0.0182166397571564,-0.0095570338889956
0.5429489647101190,0.0195438601076603,-0.0094941388815641
0.5430489737126396,0.0187346003949642,-0.0083209723234177
0.5431489827151603,0.0186554398387671,-0.0075907348655164
0.5432489917176810,0.0180926192551851,-0.0063751111738384
0.5433490007202018,0.0190752800554037,-0.0056282370351255
0.5434490097227224,0.0184808392077684,-0.0041465847752988
0.5435490187252432,0.0201181005686522,-0.0037122140638530
0.5436490277277638,0.0194933097809553,-0.0025961829815060
0.5437490367302845,0.0202476494014263,-0.0018778380472213
0.5438490457328052,0.0198910403996706,-0.0009561231127009
0.5439490547353260,0.0205734893679619,-0.0004517977067735
0.5440490637378467,0.0190966706722975,0.0003153994039167
0.5441490727403674,0.0197403691709042,0.0008474480709992
0.5442490817428880,0.0193426106125116,0.0012253969907761
0.5443490907454088,0.0194443706423044,0.0016869889805093
0.5444490997479295,0.0186065491288900,0.0016753460513428
0.5445491087504502,0.0190673992037773,0.0020453690085560
0.5446491177529710,0.0184026006609201,0.0020817660260946
0.5447491267554916,0.0183830503374338,0.0020516449585557
0.5448491357580123,0.0181136000901461,0.0019928510300815
0.5449491447605330,0.0166120398789644,0.0020555059891194
0.5450491537630537,0.0177506208419800,0.0021411699708551
0.5451491627655745,0.0164787005633116,0.0019263350404799
0.5452491717680952,0.0177372600883245,0.0017381360521540
0.5453491807706158,0.0173337906599045,0.0016103009693325
0.5454491897731366,0.0181965008378029,0.0013870849506930
0.5455491987756572,0.0181680899113417,0.0011857310310006
0.5456492077781779,0.0170007795095444,0.0007697059190832
0.5457492167806987,0.0172512400895357,0.0005936144734733
0.5458492257832194,0.0158071108162403,0.0003831326903310
0.5459492347857400,0.0145572097972035,0.0004757510905620
0.5460492437882608,0.0123198898509145,0.0001923918025568
0.5461492527907815,0.0113389296457171,0.0001606339938007
0.5462492617933022,0.0115465000271797,-0.0004459579067770
0.5463492707958230,0.0092378342524171,-0.0002638373989612
0.5464492797983436,0.0097726220265031,-0.0003972185077146
0.5465492888008644,0.0105228303000331,-0.0006314867059700
0.5466492978033850,0.0108632603660226,-0.0006326293805614
0.5467493068059057,0.0120044900104403,-0.0006075896089897
0.5468493158084264,0.0121021196246147,-0.0005806608824059
0.5469493248109472,0.0121586397290230,-0.0005309922271408
0.5470493338134678,0.0111751100048423,-0.0000533536913281
0.5471493428159886,0.0101130101829767,-0.0000284032503259
0.5472493518185092,0.0115885697305202,0.0000074667268564
0.5473493608210300,0.0114040002226830,-0.0000689199368935
0.5474493698235506,0.0123503999784589,-0.0000455915505881
0.5475493788260714,0.0135037200525403,-0.0003162568027619
0.5476493878285921,0.0127626303583384,-0.0002916558878496
0.5477493968311128,0.0144001301378012,-0.0007048387778923
0.5478494058336335,0.0137997595593333,-0.0005617170827463
0.5479494148361542,0.0141148101538420,-0.0005218702717684
0.5480494238386749,0.0129457097500563,-0.0003384340961929
0.5481494328411955,0.0122649800032377,-0.0001871583954198
0.5482494418437164,0.0130374599248171,-0.0001797976001399
0.5483494508462370,0.0130399502813816,-0.0003384485899005
0.5484494598487578,0.0146295502781868,-0.0003484395856503
0.5485494688512784,0.0143756596371531,-0.0001635816006456
0.5486494778537991,0.0143442396074533,-0.0001095799016184
0.5487494868563199,0.0154459001496434,0.0000242277892539
0.5488494958588406,0.0143822701647878,0.0000250030698226
0.5489495048613612,0.0158914905041456,-0.0002151390071958
0.5490495138638820,0.0153149403631687,-0.0004017901082989
0.5491495228664026,0.0150993401184678,-0.0003598433104344
0.5492495318689233,0.0153042497113347,-0.0003977889136877
0.5493495408714441,0.0158830191940069,-0.0006665096152574
0.5494495498739648,0.0177168007940054,-0.0007568044820800
0.5495495588764856,0.0166674591600895,-0.0006655437755398
0.5496495678790062,0.0176320597529411,-0.0008238455047831
0.5497495768815269,0.0178285799920559,-0.0008707349188626
0.5498495858840476,0.0169593505561352,-0.0005769591080025
0.5499495948865684,0.0176925193518400,-0.0005677246954292
0.5500496038890890,0.0167305208742619,0.0000844951282488
0.5501496128916098,0.0161239691078663,0.0002046893932857
0.5502496218941304,0.0172877702862024,-0.0000870039366418
0.5503496308966511,0.0163759794086218,0.0004290796932764
0.5504496398991718,0.0172030404210091,0.0006631801952608
0.5505496489016926,0.0172244291752577,0.0004626451991498
0.5506496579042132,0.0166923291981220,0.0004213475913275
0.5507496669067340,0.0163116808980703,0.0005667197983712
0.5508496759092546,0.0161143802106380,0.0004054227902088
0.5509496849117754,0.0168277807533741,0.0001725776965031
0.5510496939142960,0.0171247906982899,0.0001195422009914
0.5511497029168168,0.0164718609303236,-0.0000842197914608
0.5512497119193376,0.0173382703214884,-0.0001879188930616
0.5513497209218582,0.0169444698840380,-0.0004073161981069
0.5514497299243789,0.0175030492246151,-0.0004490289138630
0.5515497389268996,0.0183793194591999,-0.0002356734039495
0.5516497479294203,0.0179811809211969,0.0000252210902545
0.5517497569319409,0.0182706005871296,-0.0003168712137267
0.5518497659344618,0.0195923596620560,-0.0001796458964236
0.5519497749369824,0.0191321000456810,-0.0000868824135978
0.5520497839395032,0.0202797800302505,-0.0001248729968211
0.5521497929420238,0.0195044707506895,-0.0003669908910524
0.5522498019445445,0.0203676298260689,-0.0003585077938624
0.5523498109470653,0.0209165699779987,-0.0004563262045849
0.5524498199495860,0.0201222095638514,-0.0003906310012098
0.5525498289521066,0.0200269203633070,-0.0003834071103483
0.5526498379546274,0.0215346403419971,-0.0004900294006802
0.5527498469571480,0.0197379793971777,-0.0001938042987604
0.5528498559596687,0.0195055995136499,-0.0005345874233171
0.5529498649621896,0.0200520697981119,-0.0005769265117124
0.5530498739647102,0.0199299305677414,-0.0005623829201795
0.5531498829672310,0.0209026094526052,-0.0007217588135973
0.5532498919697516,0.0211175102740526,-0.0004275215032976
0.5533499009722723,0.0213239900767803,-0.0006038295105100
0.5534499099747930,0.0238498896360397,-0.0006849616765976
0.5535499189773138,0.0240798201411963,-0.0007417639717460
0.5536499279798344,0.0236751306802034,-0.0002287912066095
0.5537499369823552,0.0243261102586985,-0.0002618576108944
0.5538499459848758,0.0236059892922640,-0.0001729024952510
0.5539499549873965,0.0234680604189634,-0.0000630237482255
0.5540499639899172,0.0234026294201612,0.0001038491973304
0.5541499729924380,0.0230007693171501,-0.0003055692068301
0.5542499819949587,0.0227341502904892,-0.0001180161998491
0.5543499909974794,0.0242717098444700,-0.0002944192092400
0.5544500000000000,0.0248500201851130,-0.0005852120812051
0.5545500090025208,0.0256357192993164,-0.0002781027869787
0.5546500180050414,0.0248072706162930,-0.0000921436512726
0.5547500270075622,0.0260017700493336,-0.0003378629044164
0.5548500360100830,0.0261592008173466,-0.0002611744857859
0.5549500450126036,0.0251752305775881,0.0001183456988656
0.5550500540151243,0.0256555993109941,-0.0000294866295008
0.5551500630176450,0.0247686691582203,0.0000115620896395
0.5552500720201657,0.0248673595488071,0.0002631793031469
0.5553500810226865,0.0266565494239330,0.0000903558611753
0.5554500900252072,0.0277570504695177,0.0000423018391302
0.5555500990277278,0.0274474397301674,0.0001283947058255
0.5556501080302486,0.0261310990899801,0.0000982534184004
0.5557501170327692,0.0284336805343628,-0.0000163231707120
0.5558501260352899,0.0268651191145182,-0.0000061608179749
0.5559501350378107,0.0263455696403980,-0.0002396479976596
0.5560501440403314,0.0263970904052258,-0.0003560075128917
0.5561501530428520,0.0282885003834963,-0.0004647583118640
0.5562501620453728,0.0300138201564550,-0.0006794509827159
0.5563501710478934,0.0291764792054892,-0.0007877741008997
0.5564501800504142,0.0282375197857618,-0.0003601222997531
0.5565501890529350,0.0274321492761374,-0.0003719512897078
0.5566501980554556,0.0297887101769447,-0.0004002196947113
0.5567502070579764,0.0292536895722151,-0.0001813366980059
0.5568502160604970,0.0290586501359940,0.0002341747022001
0.5569502250630177,0.0286521706730127,0.0001074305982911
0.5570502340655384,0.0297542400658131,0.0000255402301264
0.5571502430680592,0.0297491308301687,0.0002491977065802
0.5572502520705798,0.0285277292132378,0.0000848277486512
0.5573502610731006,0.0297718793153763,0.0002667107037269
0.5574502700756212,0.0296276807785034,0.0002229933015769
0.5575502790781420,0.0301019493490458,0.0002912949130405
0.5576502880806626,0.0292470194399357,0.0003035812987946
0.5577502970831834,0.0290584191679955,0.0003877934068441
0.5578503060857041,0.0313463695347309,-0.0000510282297910
0.5579503150882248,0.0298854093998671,-0.0001259366981685
0.5580503240907454,0.0283690690994263,0.0000209894205909
0.5581503330932662,0.0281598307192326,0.0000054991969591
0.5582503420957869,0.0300100594758987,-0.0000630891590845
0.5583503510983076,0.0293215401470661,0.0001979894004762
0.5584503601008284,0.0281953904777765,0.0001776081044227
0.5585503691033490,0.0284672193229198,0.0003481128078420
0.5586503781058698,0.0299303103238344,0.0003557334130164
0.5587503871083904,0.0296790897846222,0.0004033765872009
0.5588503961109111,0.0280976891517639,0.0002748719998635
0.5589504051134319,0.0285160709172487,0.0002372750022914
0.5590504141159526,0.0302759092301130,-0.0001386810035910
0.5591504231184732,0.0298807807266712,0.0001002815988613
0.5592504321209940,0.0283257905393839,0.0000502238217450
0.5593504411235146,0.0279237497597933,-0.0000093631251730
0.5594504501260353,0.0298123005777597,-0.0002640014863573
0.5595504591285561,0.0293035209178925,-0.0003399786946829
0.5596504681310768,0.0288699492812157,-0.0001406860974384
0.5597504771335974,0.0280375294387341,-0.0002788747951854
0.5598504861361182,0.0288619194179773,-0.0002276799932588
0.5599504951386389,0.0273154694586992,0.0000720308817108
0.5600505041411596,0.0279523804783821,0.0002323585940758
0.5601505131436804,0.0268127191811800,0.0000606958892604
0.5602505221462010,0.0282406602054834,-0.0000248893393291
0.5603505311487218,0.0268049091100693,0.0002238638990093
0.5604505401512424,0.0264664292335510,0.0000294368092000
0.5605505491537631,0.0295720696449280,0.0001660588022787
0.5606505581562838,0.0275830607861280,0.0003452615928836
0.5607505671588046,0.0273021608591080,0.0004435536102392
0.5608505761613252,0.0270847696810961,0.0003257491916884
0.5609505851638460,0.0292041897773743,-0.0000041679440983
0.5610505941663666,0.0279277898371220,-0.0001905708049890
0.5611506031688874,0.0276452004909515,-0.0001322814059677
0.5612506121714080,0.0266646593809128,-0.0001731825032039
0.5613506211739288,0.0266062691807747,-0.0002135173999704
0.5614506301764495,0.0277876500040293,-0.0002395126939518
0.5615506391789702,0.0266060996800661,0.0000063423422034
0.5616506481814908,0.0256962999701500,0.0002065057051368
0.5617506571840116,0.0264955591410398,0.0001930927974172
0.5618506661865323,0.0262070093303919,0.0001640586997382
0.5619506751890530,0.0258096996694803,0.0003301221877337
0.5620506841915738,0.0254287607967854,0.0000743459677324
0.5621506931940944,0.0263602007180452,0.0002717381867114
0.5622507021966152,0.0261928793042898,-0.0000403867088608
0.5623507111991358,0.0259313099086285,0.0002142349985661
0.5624507202016565,0.0250345692038536,0.0000041919229261
0.5625507292041773,0.0267022792249918,-0.0000299330204143
0.5626507382066980,0.0262949708849192,-0.0001734530960675
0.5627507472092186,0.0255604293197393,-0.0002158056013286
0.5628507562117394,0.0249186102300882,-0.0003605023957789
0.5629507652142600,0.0249312799423933,-0.0005990698118694
0.5630507742167807,0.0258515402674675,-0.0006878962740302
0.5631507832193015,0.0256083700805902,-0.0005649686208926
0.5632507922218222,0.0255066007375717,-0.0002258994063595
0.5633508012243429,0.0245828591287136,-0.0000948088199948
0.5634508102268636,0.0265742707997561,-0.0000611240175203
0.5635508192293843,0.0259957797825336,0.0001817664015107
0.5636508282319050,0.0250588208436966,0.0003461097949184
0.5637508372344258,0.0260053202509880,0.0002267061063321
0.5638508462369464,0.0272373706102371,0.0003392903017811
0.5639508552394672,0.0256488006561995,0.0003973128041252
0.5640508642419878,0.0253089908510447,0.0003586568054743
0.5641508732445085,0.0262393597513437,-0.0000603886401223
0.5642508822470292,0.0267328694462776,0.0000297806200251
0.5643508912495500,0.0253716092556715,0.0001855699956650
0.5644509002520707,0.0250209495425224,0.0002180376031902
0.5645509092545914,0.0258872192353010,-0.0001960905938176
0.5646509182571120,0.0250665601342916,-0.0000355345291609
0.5647509272596328,0.0254820305854082,0.0002050431940006
0.5648509362621534,0.0241300407797098,0.0001932562008733
0.5649509452646742,0.0257642306387424,-0.0000218510194827
0.5650509542671949,0.0249570906162262,0.0002556258114055
0.5651509632697156,0.0236412603408098,0.0002713089925237
0.5652509722722363,0.0239677503705025,0.0003430586075410
0.5653509812747570,0.0248242001980543,0.0001966721029021
0.5654509902772777,0.0249136891216040,0.0002733492874540
0.5655509992797985,0.0246598906815052,0.0003033759130631
0.5656510082823192,0.0238148495554924,0.0004580024105962
0.5657510172848398,0.0249301493167877,0.0002477258094586
0.5658510262873606,0.0255781803280115,0.0001838138996391
0.5659510352898812,0.0255748908966780,-0.0001180664985441
0.5660510442924019,0.0253061894327402,-0.0004535630869213
0.5661510532949227,0.0240456294268370,-0.0003477460122667
0.5662510622974434,0.0245722606778145,-0.0004259542911313
0.5663510712999640,0.0316992886364460,-0.0020705319475383
0.5664510803024848,0.0326292887330055,-0.0025612760800868
0.5665510893050054,0.0378813818097115,-0.0043400791473687
0.5666510983075262,0.0403068214654922,-0.0058675347827375
0.5667511073100469,0.0409887507557869,-0.0078847156837583
0.5668511163125676,0.0483483895659447,-0.0160308107733727
0.5669511253150884,0.0266628805547953,-0.0127306701615453
0.5670511343176090,0.0849967822432518,0.0849611610174179
0.5671511433201297,0.0849968120455742,0.0849623233079910
0.5672511523226504,0.0849968567490578,0.0849768370389938
0.5673511613251712,0.0849965065717697,0.0849978029727936
0.5674511703276918,0.0849966406822205,0.0849978923797607
0.5675511793302126,0.0849961563944817,0.0849977433681488
0.5676511883327332,0.0246860105544329,-0.0245592407882214
0.5677511973352540,0.0254987496882677,-0.0162060596048832
0.5678512063377746,0.0248639509081841,-0.0113528398796916
0.5679512153402954,0.0229768697172403,-0.0082147698849440
0.5680512243428161,0.0207754597067833,-0.0054531879723072
0.5681512333453368,0.0198243092745543,-0.0029541230760515
0.5682512423478574,0.0185598395764828,-0.0011228759540245
0.5683512513503782,0.0177835505455732,0.0004666474123951
0.5684512603528988,0.0164503399282694,0.0013552010059357
0.5685512693554196,0.0161782000213861,0.0021232399158180
0.5686512783579404,0.0161385908722878,0.0030806909780949
0.5687512873604610,0.0159742999821901,0.0029463570099324
0.5688512963629817,0.0161540694534779,0.0031714639626443
0.5689513053655024,0.0159357506781816,0.0030898549593985
0.5690513143680231,0.0157112199813128,0.0030058471020311
0.5691513233705439,0.0156729500740767,0.0028822100721300
0.5692513323730646,0.0160608496516943,0.0027815089561045
0.5693513413755852,0.0162410493940115,0.0025161900557578
0.5694513503781060,0.0173555593937635,0.0025013980921358
0.5695513593806266,0.0174679104238749,0.0024137280415744
0.5696513683831473,0.0187692400068045,0.0025105760432780
0.5697513773856681,0.0180646497756243,0.0020968068856746
0.5698513863881888,0.0191281791776419,0.0018905650358647
0.5699513953907094,0.0186967793852091,0.0014579660492018
0.5700514043932302,0.0195547491312027,0.0010400150204077
0.5701514133957508,0.0182913690805435,0.0004912153235637
0.5702514223982716,0.0194252599030733,0.0003588907129597
0.5703514314007923,0.0187557507306337,-0.0001789483067114
0.5704514404033130,0.0186234395951033,-0.0003812598006334
0.5705514494058338,0.0197203494608402,-0.0004604870046023
0.5706514584083544,0.0174120794981718,-0.0006817309767939
0.5707514674108751,0.0185200907289982,-0.0004664578882512
0.5708514764133958,0.0178277995437384,-0.0001670234050835
0.5709514854159166,0.0197224393486977,-0.0003393928054720
0.5710514944184372,0.0182570703327656,-0.0004425144870766
0.5711515034209580,0.0187289603054523,-0.0002904963039327
0.5712515124234786,0.0177028998732567,-0.0003296789946035
0.5713515214259994,0.0187181904911995,-0.0004762774042320
0.5714515304285200,0.0180817600339651,-0.0004181620897725
0.5715515394310408,0.0160715803503990,-0.0005535925156437
0.5716515484335615,0.0166319496929646,-0.0004792214895133
0.5717515574360822,0.0156013304367661,-0.0003886980121024
0.5718515664386028,0.0158726498484612,-0.0005399836227298
0.5719515754411236,0.0143534597009420,-0.0004218831891194
0.5720515844436442,0.0141494898125529,-0.0006476386915892
0.5721515934461650,0.0157724805176258,-0.0005526280147023
0.5722516024486858,0.0154433399438858,-0.0005075035733171
0.5723516114512064,0.0160173606127501,-0.0003327777085360
0.5724516204537272,0.0146832196041942,-0.0004302709130570
0.5725516294562478,0.0144479498267174,-0.0000695671769790
0.5726516384587685,0.0150358201935887,0.0002489367034286
0.5727516474612893,0.0148723097518086,0.0004034980956931
0.5728516564638100,0.0159649606794119,0.0005278231110424
0.5729516654663306,0.0153363402932882,0.0007498824270442
0.5730516744688514,0.0144336102530360,0.0004837641899940
0.5731516834713720,0.0151092801243067,0.0006499467999674
0.5732516924738927,0.0147227402776480,0.0003564518119674
0.5733517014764135,0.0139145497232676,0.0000324852917402
0.5734517104789342,0.0145958997309208,0.0000047969961088
0.5735517194814549,0.0143674602732062,-0.0001750032970449
0.5736517284839756,0.0152668999508023,-0.0000609774906479
0.5737517374864962,0.0150719797238708,-0.0001285672042286
0.5738517464890170,0.0141716301441193,-0.0000549156284251
0.5739517554915378,0.0150728700682521,0.0000005926340805
0.5740517644940584,0.0141383102163672,-0.0002771999861579
0.5741517734965792,0.0141320303082466,-0.0003223448002245
0.5742517824990998,0.0156389698386192,-0.0001944488030858
0.5743517915016205,0.0157958399504423,-0.0000050600119721
0.5744518005041412,0.0151299396529794,0.0000146250504258
0.5745518095066620,0.0162859596312046,0.0000728607774363
0.5746518185091827,0.0162238702178001,0.0003172082069796
0.5747518275117034,0.0172027498483658,0.0003270439920016
0.5748518365142240,0.0174997895956039,-0.0000108369704321
0.5749518455167448,0.0166007000952959,0.0000462179305032
0.5750518545192654,0.0170096792280674,0.0001098830034607
0.5751518635217862,0.0159853491932154,-0.0002735352900345
0.5752518725243069,0.0156814791262150,-0.0002897740923800
0.5753518815268276,0.0155303897336125,-0.0002057191013591
0.5754518905293482,0.0157491508871317,-0.0003248025022913
0.5755518995318690,0.0167288407683372,-0.0003178151091561
0.5756519085343897,0.0158865805715322,-0.0005234883865342
0.5757519175369105,0.0156160397455096,-0.0003962088958360
0.5758519265394312,0.0165198892354965,-0.0000162250398716
0.5759519355419518,0.0161317307502031,-0.0002475010114722
0.5760519445444726,0.0165127404034138,-0.0000707896469976
0.5761519535469932,0.0170045904815197,0.0001969056029338
0.5762519625495139,0.0161917991936207,0.0003201919025742
0.5763519715520347,0.0161304101347923,0.0003722345863935
0.5764519805545554,0.0163242500275373,0.0002148205967387
0.5765519895570760,0.0159335397183895,-0.0001266736071557
0.5766519985595968,0.0169760808348656,-0.0000742017218727
0.5767520075621174,0.0177433900535107,-0.0001031520005199
0.5768520165646382,0.0180040206760168,-0.0001725189067656
0.5769520255671589,0.0187120605260134,0.0001104081966332
0.5770520345696796,0.0183751508593559,-0.0001732858945616
0.5771520435722003,0.0182893499732018,-0.0004076717013959
0.5772520525747210,0.0191172603517771,-0.0003746360889636
0.5773520615772416,0.0190518405288458,-0.0005841716774739
0.5774520705797624,0.0188508499413729,-0.0004101145896129
0.5775520795822832,0.0197839904576540,-0.0003580843913369
0.5776520885848038,0.0189576391130686,-0.0002155521942768
0.5777520975873246,0.0204540491104126,-0.0000134821702886
0.5778521065898452,0.0205056406557560,0.0001974570041057
0.5779521155923660,0.0201870203018188,0.0005577526753768
0.5780521245948866,0.0202009603381157,0.0003751399053726
0.5781521335974074,0.0198571700602770,0.0000881166270119
0.5782521425999281,0.0204559396952391,0.0001421087072231
0.5783521516024488,0.0201511308550835,-0.0002515898086131
0.5784521606049694,0.0206861402839422,-0.0001839197939262
0.5785521696074902,0.0214963592588902,-0.0000521181209479
0.5786521786100108,0.0215150304138660,-0.0003806859022006
0.5787521876125316,0.0228473208844662,0.0001375249994453
0.5788521966150523,0.0230576805770397,-0.0002120762947015
0.5789522056175730,0.0222617499530315,-0.0001881393982330
0.5790522146200936,0.0246366392821074,0.0003644307143986
0.5791522236226144,0.0240985900163651,0.0002169596991735
0.5792522326251351,0.0226762499660254,-0.0002155520051019
0.5793522416276559,0.0237339902669191,-0.0000201061793632
0.5794522506301766,0.0234348792582750,0.0004781580937561
0.5795522596326972,0.0253552496433258,0.0005444749258459
0.5796522686352180,0.0247578397393227,0.0005241414182819
0.5797522776377386,0.0228310506790876,0.0001949430006789
0.5798522866402593,0.0246370695531368,0.0003330530889798
0.5799522956427801,0.0234351102262735,-0.0000482012110297
0.5800523046453008,0.0239328704774380,-0.0000365509295079
0.5801523136478214,0.0257143694907427,0.0002141735021723
0.5802523226503422,0.0244887508451939,0.0000016129170035
0.5803523316528628,0.0260694697499275,0.0001473590964451
0.5804523406553836,0.0250432696193457,-0.0003790933114942
0.5805523496579043,0.0244104191660881,-0.0005340909119695
0.5806523586604250,0.0254373904317617,-0.0001796969008865
0.5807523676629457,0.0267327893525362,-0.0003065181954298
0.5808523766654664,0.0267645791172981,-0.0000319492210110
0.5809523856679871,0.0273079294711351,0.0000014673149735
0.5810523946705078,0.0260726306587458,-0.0000736578294891
0.5811524036730286,0.0251829102635384,-0.0000201936691155
0.5812524126755492,0.0261047706007957,0.0002386716951150
0.5813524216780700,0.0262410808354616,0.0003105096111540
0.5814524306805906,0.0259527005255222,0.0000708684965502
0.5815524396831114,0.0260871201753616,0.0001990589953493
0.5816524486856320,0.0275812204927206,0.0000693264519214
0.5817524576881528,0.0269328095018864,-0.0000181332907232
0.5818524666906735,0.0287823993712664,0.0001491147995694
0.5819524756931942,0.0285690594464540,0.0000457502792415
0.5820524846957148,0.0279111601412296,0.0000658856733935
0.5821524936982356,0.0293905492872000,0.0001191659030155
0.5822525027007562,0.0285900495946407,0.0001302337041125
0.5823525117032770,0.0282628592103720,0.0001825072977226
0.5824525207057977,0.0293188001960516,0.0005519711994566
0.5825525297083184,0.0302265100181103,0.0004325452900957
0.5826525387108392,0.0288462899625301,0.0001062306982931
0.5827525477133598,0.0305423904210329,0.0004989539156668
0.5828525567158805,0.0291728004813194,0.0003240033111069
0.5829525657184013,0.0276093706488609,-0.0001273212983506
0.5830525747209220,0.0280712097883224,0.0002727792016231
0.5831525837234426,0.0291143599897623,0.0004272992082406
0.5832525927259634,0.0289021302014589,0.0003561693883967
0.5833526017284840,0.0280377995222807,0.0000532940794074
0.5834526107310047,0.0289810094982386,-0.0001185939981951
0.5835526197335255,0.0275781303644180,-0.0004871333076153
0.5836526287360462,0.0279428306967020,-0.0004934542812407
0.5837526377385669,0.0278756394982338,-0.0004333081888035
0.5838526467410876,0.0299323592334986,-0.0001202498024213
0.5839526557436082,0.0298640690743923,0.0001200807964779
0.5840526647461290,0.0297927502542734,-0.0000703454425093
0.5841526737486497,0.0297577902674675,-0.0000804945811979
0.5842526827511704,0.0275985095649958,-0.0004175179929007
0.5843526917536912,0.0269307997077703,-0.0003876218106598
0.5844527007562118,0.0291075799614191,0.0001557501964271
0.5845527097587325,0.0276386793702841,0.0000643274688628
0.5846527187612532,0.0274696499109268,0.0002110033965437
0.5847527277637740,0.0264967791736126,-0.0002550620120019
0.5848527367662947,0.0293227806687355,0.0003927054931410
0.5849527457688154,0.0287116002291441,0.0002302963985130
0.5850527547713360,0.0281633399426937,0.0000946609725361
0.5851527637738568,0.0276415608823299,-0.0002667132066563
0.5852527727763774,0.0281162708997726,-0.0001805750071071
0.5853527817788982,0.0282213892787695,-0.0000058892660491
0.5854527907814189,0.0274920295923948,-0.0002683502971195
0.5855527997839396,0.0270721595734358,-0.0003671564045362
0.5856528087864602,0.0291238892823458,0.0001730849035084
0.5857528177889810,0.0291547998785973,0.0004046956019010
0.5858528267915016,0.0280407909303904,0.0001776667049853
0.5859528357940225,0.0281771197915077,0.0002205103955930
0.5860528447965432,0.0284744407981634,0.0005446071154438
0.5861528537990638,0.0271513704210520,0.0001754411059665
0.5862528628015846,0.0277118999511003,0.0005807495908812
0.5863528718041052,0.0282388608902693,0.0006978351739235
0.5864528808066259,0.0244993008673191,-0.0005698758759536
0.5865528898091467,0.0245768092572689,-0.0004146664869040
0.5866528988116674,0.0255229808390141,-0.0001307136990363
0.5867529078141880,0.0258847102522850,-0.0002750758139882
0.5868529168167088,0.0251947995275259,-0.0003880193980876
0.5869529258192294,0.0253039095550776,-0.0003101147885900
0.5870529348217502,0.0257744304835796,-0.0006049359217286
0.5871529438242709,0.0266364905983210,-0.0000696748174960
0.5872529528267916,0.0258777793496847,-0.0002158059942303
0.5873529618293123,0.0257327295839787,-0.0000183098090929
0.5874529708318330,0.0264695901423693,-0.0000387855798181
0.5875529798343536,0.0258482098579407,0.0000390774584957
0.5876529888368744,0.0251265596598387,-0.0000530164397787
0.5877529978393951,0.0253592599183321,0.0002248978998978
0.5878530068419158,0.0265975296497345,0.0003066413919441
0.5879530158444366,0.0264188591390848,0.0004930588766001
0.5880530248469572,0.0257708001881838,0.0002147226041416
0.5881530338494779,0.0268381908535957,0.0005518628167920
0.5882530428519986,0.0255128294229507,-0.0000693997499184
0.5883530518545194,0.0245397500693798,-0.0003453689860180
0.5884530608570401,0.0245847608894110,0.0002039498940576
0.5885530698595608,0.0258351899683475,0.0000700046730344
0.5886530788620814,0.0246002208441496,-0.0001951534941327
0.5887530878646022,0.0242704208940268,-0.0003573865978979
0.5888530968671228,0.0251890793442726,0.0000064884211497
0.5889531058696436,0.0251359697431326,-0.0001322593016084
0.5890531148721643,0.0238704401999712,-0.0001607555022929
0.5891531238746850,0.0249663498252630,0.0000710224121576
0.5892531328772056,0.0249624606221914,0.0002203961048508
0.5893531418797264,0.0244040098041296,0.0004019683983643
0.5894531508822470,0.0233627296984196,0.0001485874963691
0.5895531598847679,0.0244773495942354,0.0003507614019327
0.5896531688872886,0.0243707709014416,0.0002074187941616
0.5897531778898092,0.0244540106505156,0.0003932685067412
0.5898531868923300,0.0236305296421051,-0.0000647107299301
0.5899531958948506,0.0250305701047182,-0.0001969758013729
0.5900532048973713,0.0247333794832230,-0.0000455775589217
0.5901532138998921,0.0241381302475929,-0.0001725814072415
0.5902532229024128,0.0257909893989563,0.0001153363991762
0.5903532319049334,0.0255441404879093,-0.0000604923297942
0.5904532409074542,0.0246432498097420,-0.0000165324709087
0.5905532499099748,0.0258809402585030,-0.0000246120707743
0.5906532589124956,0.0258205998688936,-0.0001139835003414
0.5907532679150163,0.0238577798008919,-0.0006654370808974
0.5908532769175370,0.0241625104099512,-0.0003288603038527
0.5909532859200577,0.0260541196912527,-0.0000771100676502
0.5910532949225784,0.0257938504219055,0.0000516312502441
0.5911533039250990,0.0251080207526684,0.0001581739052199
0.5912533129276198,0.0270713698118925,0.0007817068253644
0.5913533219301406,0.0264563392847776,0.0006867343909107
0.5914533309326612,0.0254847705364227,0.0005546582979150
0.5915533399351820,0.0248347707092762,0.0000578428807785
0.5916533489377026,0.0250944308936596,-0.0001160075989901
0.5917533579402234,0.0245029199868441,-0.0003724767011590
0.5918533669427440,0.0238453894853592,-0.0003538868913893
0.5919533759452648,0.0251527708023787,-0.0001840432960307
0.5920533849477855,0.0261383298784494,-0.0000023003628939
0.5921533939503062,0.0256688892841339,0.0000170092807821
0.5922534029528268,0.0248588602989912,-0.0001963495014934
0.5923534119553476,0.0257392991334200,-0.0000846342809382
0.5924534209578682,0.0243726894259453,-0.0001291556982324
0.5925534299603890,0.0237113591283560,-0.0000276910905086
0.5926534389629097,0.0234650596976280,-0.0000414327587350
0.5927534479654304,0.0249193795025349,0.0002662478946149
0.5928534569679511,0.0242510605603456,0.0002828885917552
0.5929534659704718,0.0237934291362762,-0.0001243227015948
0.5930534749729925,0.0280476193875074,-0.0003324679855723
0.5931534839755133,0.0299525596201420,0.0000577193604840
0.5932534929780340,0.0318244881927967,0.0001149559975602
0.5933535019805546,0.0333984494209290,0.0002919707039837
0.5934535109830754,0.0394464395940304,0.0018267240375280
0.5935535199855960,0.0395403504371643,0.0021939480211586
0.5936535289881167,0.0402191504836082,0.0044803749769926
0.5937535379906375,0.0849972963333130,0.0849961414933205
0.5938535469931582,0.0849972516298294,0.0849962234497070
0.5939535559956789,0.0849972367286682,0.0849969163537025
0.5940535649981996,0.0849974825978279,0.0849721208214760
0.5941535740007202,0.0849973931908607,0.0849747210741043
0.5942535830032410,0.0849975869059563,0.0849711969494820
0.5943535920057617,0.0849975571036339,0.0849684327840805
0.5944536010082824,0.0270471591502428,0.0283023100346327
0.5945536100108031,0.0258628204464912,0.0233543496578932
0.5946536190133238,0.0246782191097736,0.0196589194238186
0.5947536280158444,0.0234777703881264,0.0165173802524805
0.5948536370183652,0.0206822492182255,0.0140119204297662
0.5949536460208860,0.0193149298429489,0.0112603399902582
0.5950536550234067,0.0173676908016205,0.0089388461783528
0.5951536640259274,0.0164362899959087,0.0060006231069565
0.5952536730284480,0.0157776400446892,0.0034997239708900
0.5953536820309688,0.0155247002840042,0.0011391650186852
0.5954536910334894,0.0149023598060012,-0.0007704924792051
0.5955537000360102,0.0146128097549081,-0.0027979519218206
0.5956537090385309,0.0150309996679425,-0.0045452560298145
0.5957537180410516,0.0152249401435256,-0.0060192397795618
0.5958537270435722,0.0156409703195095,-0.0074073299765587
0.5959537360460930,0.0153404604643583,-0.0073336600326002
0.5960537450486136,0.0160137098282576,-0.0082398597151041
0.5961537540511345,0.0169175006449223,-0.0088594332337379
0.5962537630536551,0.0169385802000761,-0.0086717177182436
0.5963537720561758,0.0178784299641848,-0.0091609181836247
0.5964537810586965,0.0178853794932365,-0.0085744550451636
0.5965537900612172,0.0184209495782852,-0.0080386623740196
0.5966537990637379,0.0178427398204803,-0.0066510308533907
0.5967538080662587,0.0184572096914053,-0.0058872229419649
0.5968538170687794,0.0175557695329189,-0.0042568719945848
0.5969538260713000,0.0182845704257488,-0.0033521850127727
0.5970538350738208,0.0179522894322872,-0.0025050840340555
0.5971538440763414,0.0184140391647816,-0.0018336629727855
0.5972538530788621,0.0182792004197836,-0.0011769339907914
0.5973538620813829,0.0197118092328310,-0.0008252016268671
0.5974538710839036,0.0188812296837568,-0.0003026869089808
0.5975538800864243,0.0186188109219074,0.0001979014050448
0.5976538890889450,0.0186082292348146,0.0006705481209792
0.5977538980914656,0.0176892206072807,0.0013065000530332
0.5978539070939864,0.0168078802525997,0.0017174209933728
0.5979539160965071,0.0160904899239540,0.0019967739935964
0.5980539250990278,0.0171190891414881,0.0018412759527564
0.5981539341015485,0.0163895692676306,0.0017359890043736
0.5982539431040692,0.0178281497210264,0.0017391899600625
0.5983539521065899,0.0167408809065819,0.0015551879769191
0.5984539611091106,0.0170796997845173,0.0014470230089501
0.5985539701116314,0.0162270404398441,0.0015607420355082
0.5986539791141521,0.0162728205323219,0.0016041439957917
0.5987539881166728,0.0155160101130605,0.0016015450237319
0.5988539971191934,0.0152587099000812,0.0014332269784063
0.5989540061217142,0.0161468908190727,0.0012000349815935
0.5990540151242348,0.0148935299366713,0.0009776275837794
0.5991540241267556,0.0156745091080666,0.0006508229998872
0.5992540331292763,0.0153083298355341,0.0001868958061095
0.5993540421317970,0.0157320909202099,0.0000439430805272
0.5994540511343176,0.0156223997473717,-0.0004242626891937
0.5995540601368384,0.0153835900127888,-0.0006973008858040
0.5996540691393590,0.0159519203007221,-0.0007266859756783
0.5997540781418799,0.0146078104153275,-0.0005310258129612
0.5998540871444005,0.0145123898983002,-0.0002221979957540
0.5999540961469212,0.0136795602738857,0.0000121279699670
0.6000541051494420,0.0144666498526931,0.0002680537872948
0.6001541141519626,0.0143253095448017,0.0000816962419776
0.6002541231544833,0.0141906701028347,0.0001887417020043
0.6003541321570041,0.0141832996159792,0.0001859223993961
0.6004541411595248,0.0128044895827770,0.0002315931051271
0.6005541501620454,0.0137336095795035,-0.0000935379866860
0.6006541591645662,0.0137651003897190,-0.0002066867018584
0.6007541681670868,0.0131125701591372,-0.0000447934908152
0.6008541771696077,0.0130990101024508,-0.0000511289690621
0.6009541861721283,0.0138919204473495,-0.0002197909052484
0.6010541951746490,0.0140301501378417,-0.0000832159566926
0.6011542041771697,0.0150409396737814,-0.0005323801888153
0.6012542131796904,0.0140300197526813,-0.0005721895140596
0.6013542221822110,0.0139943202957511,-0.0008271501865238
0.6014542311847318,0.0148738902062178,-0.0009718593209982
0.6015542401872525,0.0148095795884728,-0.0006644885288551
0.6016542491897732,0.0151440901681781,-0.0004409863904584
0.6017542581922940,0.0148490304127336,-0.0003095745050814
0.6018542671948146,0.0140235098078847,-0.0000116105502457
0.6019542761973354,0.0154116302728653,0.0001137240979006
0.6020542851998560,0.0148422503843904,0.0002206937933806
0.6021542942023768,0.0159336198121309,0.0001355208951281
0.6022543032048975,0.0153957596048713,-0.0000287795901386
0.6023543122074182,0.0149856703355908,-0.0002990970970131
0.6024543212099388,0.0147493900731206,-0.0003193221054971
0.6025543302124596,0.0148617401719093,-0.0002719252079260
0.6026543392149802,0.0153363496065140,-0.0004985752166249
0.6027543482175010,0.0167629998177290,-0.0005998085252941
0.6028543572200217,0.0172469392418861,-0.0007937332848087
0.6029543662225424,0.0159218590706587,-0.0002616333076730
0.6030543752250631,0.0172563996165991,-0.0002553611993790
0.6031543842275838,0.0163062196224928,-0.0002812907914631
0.6032543932301044,0.0172122791409492,-0.0003320706018712
0.6033544022326253,0.0168292000889778,-0.0001534699986223
0.6034544112351459,0.0169311594218016,-0.0002168520004489
0.6035544202376666,0.0177119001746178,-0.0003411528014112
0.6036544292401874,0.0166186392307281,-0.0001529383007437
0.6037544382427080,0.0163218900561333,0.0001286259939661
0.6038544472452287,0.0164928007870913,0.0003552685957402
0.6039544562477495,0.0163442101329565,0.0004608648014255
0.6040544652502702,0.0166771207004786,0.0006094176787883
0.6041544742527909,0.0161091201007366,0.0003294631897006
0.6042544832553116,0.0166459493339062,-0.0001596822985448
0.6043544922578322,0.0163942296057940,-0.0000801382775535
0.6044545012603530,0.0177467502653599,-0.0006095219869167
0.6045545102628737,0.0178768001496792,-0.0009977055015042
0.6046545192653944,0.0188597291707993,-0.0008049964089878
0.6047545282679151,0.0191514007747173,-0.0008396881748922
0.6048545372704358,0.0194906201213598,-0.0004790549864992
0.6049545462729564,0.0195128899067640,-0.0000942718470469
0.6050545552754772,0.0190336592495441,0.0000798266264610
0.6051545642779979,0.0192471202462912,0.0002753506996669
0.6052545732805187,0.0198481101542711,-0.0002012314071180
0.6053545822830394,0.0189637299627066,0.0001303226017626
0.6054545912855600,0.0201017204672098,-0.0001791677059373
0.6055546002880808,0.0200271606445312,-0.0000271131102636
0.6056546092906014,0.0215456299483776,-0.0003881037991960
0.6057546182931222,0.0220071803778410,-0.0005331640713848
0.6058546272956429,0.0205677505582571,-0.0002571225049905
0.6059546362981636,0.0209132805466652,-0.0000443632889073
0.6060546453006842,0.0216602701693773,-0.0004502930969466
0.6061546543032050,0.0211345404386520,-0.0002873427874874
0.6062546633057256,0.0223537608981133,-0.0007505851099268
0.6063546723082465,0.0212773792445660,-0.0007088694837876
0.6064546813107671,0.0218003001064062,-0.0006223833770491
0.6065546903132878,0.0225036107003689,-0.0008128554909490
0.6066546993158085,0.0215967502444983,-0.0004479988128878
0.6067547083183292,0.0235734693706036,-0.0003986232914031
0.6068547173208498,0.0241496693342924,-0.0002721037017182
0.6069547263233707,0.0232155993580818,0.0001295584952459
0.6070547353258914,0.0242793001234531,0.0001075393010979
0.6071547443284120,0.0231710597872734,0.0002443075063638
0.6072547533309328,0.0240308400243521,0.0003578341857065
0.6073547623334534,0.0241820998489857,0.0001395239960402
0.6074547713359741,0.0239728596061468,-0.0000858487619553
0.6075547803384949,0.0248623806983232,-0.0003605344099924
0.6076547893410156,0.0240167491137981,-0.0002718105097301
0.6077547983435363,0.0260806996375322,-0.0003894029068761
0.6078548073460570,0.0243751797825098,-0.0003036991111003
0.6079548163485776,0.0247933901846409,-0.0003868598141707
0.6080548253510984,0.0243355594575405,-0.0002159488067264
0.6081548343536191,0.0261911991983652,-0.0003802551946137
0.6082548433561398,0.0265470501035452,-0.0002413897018414
0.6083548523586605,0.0262762997299433,-0.0001642722927500
0.6084548613611812,0.0271401908248663,-0.0001560889068060
0.6085548703637018,0.0256936606019735,-0.0002963755978271
0.6086548793662226,0.0259307008236647,0.0000239848195633
0.6087548883687434,0.0264676995575428,0.0000806035095593
0.6088548973712641,0.0264451503753662,0.0002184182958445
0.6089549063737848,0.0247079506516457,0.0005928680766374
0.6090549153763054,0.0264027491211891,0.0001471784053138
0.6091549243788262,0.0264266002923250,0.0000303749893646
0.6092549333813468,0.0261170193552971,0.0000871076626936
0.6093549423838676,0.0273959096521139,-0.0004214110085741
0.6094549513863883,0.0270095597952604,-0.0003627391997725
0.6095549603889090,0.0255634505301714,-0.0004259711131454
0.6096549693914296,0.0281446501612663,-0.0007101793889888
0.6097549783939504,0.0261186994612217,-0.0002920446859207
0.6098549873964710,0.0272326897829771,-0.0002470521139912
0.6099549963989919,0.0282970108091831,-0.0001878835028037
0.6100550054015125,0.0278083495795727,0.0001341769966530
0.6101550144040332,0.0269168205559254,0.0002201856987085
0.6102550234065539,0.0286036804318428,0.0001410581025993
0.6103550324090746,0.0289546307176352,0.0002272679994348
0.6104550414115952,0.0284752603620291,0.0000537040396011
0.6105550504141161,0.0292044207453728,0.0000616813267698
0.6106550594166368,0.0294135902076960,-0.0000506107608089
0.6107550684191574,0.0277847293764353,0.0003754339122679
0.6108550774216782,0.0278619304299355,0.0003013823879883
0.6109550864241988,0.0289215408265591,0.0003494347911328
0.6110550954267197,0.0283828508108854,0.0004014376900159
0.6111551044292403,0.0269945096224546,0.0001265648024855
0.6112551134317610,0.0260482095181942,0.0001012283028103
0.6113551224342817,0.0279086995869875,-0.0000283075805783
0.6114551314368024,0.0273176506161690,-0.0000612912772340
0.6115551404393230,0.0287037491798401,-0.0002741240023170
0.6116551494418438,0.0288315601646900,-0.0001649967016419
0.6117551584443645,0.0284483898431063,0.0002968086046167
0.6118551674468852,0.0273393597453833,0.0001509723952040
0.6119551764494059,0.0281406193971634,0.0003013719106093
0.6120551854519266,0.0292223691940308,0.0003863775928039
0.6121551944544474,0.0288414191454649,0.0002766686084215
0.6122552034569680,0.0275561194866896,0.0003542217018548
0.6123552124594888,0.0287644993513823,0.0000331505616487
0.6124552214620095,0.0290541108697653,-0.0001455392048229
0.6125552304645302,0.0271359495818615,-0.0001386476942571
0.6126552394670508,0.0286852400749922,-0.0004742225864902
0.6127552484695716,0.0288648009300232,-0.0004736430128105
0.6128552574720922,0.0283074602484703,-0.0007137092761695
0.6129552664746130,0.0273514706641436,-0.0004407156084199
0.6130552754771337,0.0272711999714375,-0.0003311866021249
0.6131552844796544,0.0296756103634834,-0.0004304058966227
0.6132552934821751,0.0296449996531010,-0.0001076788976206
0.6133553024846958,0.0288057308644056,-0.0000412552617490
0.6134553114872164,0.0289078596979380,0.0000010763629916
0.6135553204897373,0.0285890102386475,-0.0001016402966343
0.6136553294922579,0.0283318199217319,0.0002727532992139
0.6137553384947786,0.0275850407779217,0.0001859467010945
0.6138553474972993,0.0265620797872543,0.0002166718040826
0.6139553564998200,0.0273259002715349,0.0002097885007970
0.6140553655023407,0.0281895902007818,0.0003319612878840
0.6141553745048615,0.0265016593039036,0.0004572921025101
0.6142553835073822,0.0271953400224447,0.0003089676029049
0.6143553925099029,0.0271334797143936,0.0001375986030325
0.6144554015124236,0.0263597201555967,-0.0002079141995637
0.6145554105149442,0.0265215300023556,-0.0001946592965396
0.6146554195174651,0.0273975990712643,-0.0003258684882894
0.6147554285199857,0.0267485491931438,-0.0001405336952303
0.6148554375225064,0.0269852504134178,0.0001332232059212
0.6149554465250271,0.0257828794419765,0.0000763157804613
0.6150554555275478,0.0269178692251444,0.0002478215901647
0.6151554645300684,0.0262317396700382,0.0002047486050287
0.6152554735325892,0.0264673195779324,0.0002635442942847
0.6153554825351099,0.0251213293522596,0.0002205948985647
0.6154554915376307,0.0258304793387651,0.0001610429026186
0.6155555005401513,0.0271792300045490,0.0000382130201615
0.6156555095426720,0.0261973608285189,-0.0000762650524848
0.6157555185451928,0.0262211505323648,0.0000717147631804
0.6158555275477134,0.0261021200567484,-0.0001569805026520
0.6159555365502342,0.0251394696533680,0.0000248514006671
0.6160555455527549,0.0268776603043079,-0.0000097018200904
0.6161555545552756,0.0262085497379303,-0.0002826463896781
0.6162555635577962,0.0279028099030256,-0.0003585444064811
0.6163555725603170,0.0267772302031517,-0.0004175431968179
0.6164555815628376,0.0254391301423311,-0.0003799306869041
0.6165555905653584,0.0255520790815353,-0.0001525254047010
0.6166555995678791,0.0255923792719841,-0.0001407531963196
0.6167556085703998,0.0259026605635881,-0.0002806441043504
0.6168556175729205,0.0242328401654959,0.0001436492020730
0.6169556265754412,0.0246739294379950,0.0002108068001689
0.6170556355779618,0.0245789308100939,0.0002868651063181
0.6171556445804827,0.0253099892288446,0.0005113625084050
0.6172556535830033,0.0263823606073856,0.0004073242889717
0.6173556625855240,0.0261685196310282,0.0002644475898705
0.6174556715880448,0.0260560195893049,0.0002024832065217
0.6175556805905654,0.0258536506444216,-0.0002624013868626
0.6176556895930861,0.0251443199813366,-0.0000997135575744
0.6177556985956069,0.0245515201240778,0.0000301391100948
0.6178557075981276,0.0249229799956083,-0.0001410105032846
0.6179557166006483,0.0255925897508860,-0.0000721384421922
0.6180557256031690,0.0252595003694296,0.0001177848971565
0.6181557346056896,0.0246073398739100,0.0000806211028248
0.6182557436082105,0.0251742694526911,0.0000511796606588
0.6183557526107311,0.0255884490907192,0.0000249621098192
0.6184557616132518,0.0240044500678778,0.0002363140956732
0.6185557706157725,0.0245226994156837,-0.0000658609933453
0.6186557796182932,0.0258047897368670,0.0000974739232333
0.6187557886208138,0.0258121099323034,0.0001167072987300
0.6188557976233346,0.0245230793952942,0.0002722018980421
0.6189558066258553,0.0236493907868862,0.0002466097066645
0.6190558156283761,0.0260162595659494,0.0002137963019777
0.6191558246308968,0.0250855591148138,0.0004786316130776
0.6192558336334174,0.0258115995675325,0.0003408186894376
0.6193558426359382,0.0246285293251276,-0.0000201620696316
0.6194558516384588,0.0248800106346607,-0.0002846157003660
0.6195558606409796,0.0248725302517414,-0.0003875402908307
0.6196558696435003,0.0243365205824375,-0.0005380341899581
0.6197558786460210,0.0243183299899101,-0.0005717924796045
0.6198558876485416,0.0277505405247211,-0.0013616899959743
0.6199558966510624,0.0324166193604469,-0.0023607648909092
0.6200559056535830,0.0368398316204548,-0.0035283830948174
0.6201559146561039,0.0403654314577579,-0.0056263459846377
0.6202559236586245,0.0371725000441074,-0.0060623548924923
0.6203559326611452,0.0406414605677128,-0.0113549502566457
0.6204559416636659,0.0321341492235661,-0.0150014497339725
0.6205559506661866,0.0849968716502190,0.0849580615758896
0.6206559596687072,0.0849968865513802,0.0849631130695343
0.6207559686712281,0.0849967375397682,0.0849975198507309
0.6208559776737487,0.0849964916706085,0.0849978327751160
0.6209559866762694,0.0849966630339622,0.0849977731704712
0.6210559956787902,0.0849961414933205,0.0849977582693100
0.6211560046813108,0.0261169392615557,-0.0238870196044445
0.6212560136838317,0.0262129697948694,-0.0166818108409643
0.6213560226863523,0.0248019602149725,-0.0128701701760292
0.6214560316888730,0.0228049699217081,-0.0087739685550332
0.6215560406913937,0.0217967908829451,-0.0058335321955383
0.6216560496939144,0.0204853005707264,-0.0032026621047407
0.6217560586964350,0.0193971209228039,-0.0015272969612852
0.6218560676989558,0.0179922394454479,-0.0001277488045162
0.6219560767014765,0.0173841994255781,0.0008611698285677
0.6220560857039972,0.0169635899364948,0.0024537409190089
0.6221560947065179,0.0171262603253126,0.0030984228942543
0.6222561037090386,0.0167992301285267,0.0034275269135833
0.6223561127115593,0.0169873703271151,0.0038781419862062
0.6224561217140800,0.0164975598454475,0.0040352041833103
0.6225561307166007,0.0165482908487320,0.0039109550416470
0.6226561397191215,0.0156953800469637,0.0038586209993809
0.6227561487216422,0.0156357306987047,0.0033359529916197
0.6228561577241628,0.0169996302574873,0.0028553700540215
0.6229561667266836,0.0170696508139372,0.0025902080815285
0.6230561757292042,0.0177791696041822,0.0024251739960164
0.6231561847317250,0.0180021394044161,0.0020356581080705
0.6232561937342457,0.0187707804143429,0.0020217651035637
0.6233562027367664,0.0185019392520189,0.0014890599995852
0.6234562117392871,0.0197921991348267,0.0016015860019252
0.6235562207418078,0.0192068703472614,0.0010875120060518
0.6236562297443284,0.0186345893889666,0.0009038448915817
0.6237562387468493,0.0186728108674288,0.0004907376714982
0.6238562477493699,0.0186910107731819,0.0001335484994343
0.6239562567518906,0.0190041791647673,-0.0003665309050120
0.6240562657544113,0.0189291108399630,-0.0005410800222307
0.6241562747569320,0.0196780897676945,-0.0007360486197285
0.6242562837594526,0.0190962702035904,-0.0007011143025011
0.6243562927619735,0.0191912408918142,-0.0005086447927170
0.6244563017644942,0.0190147403627634,-0.0003979399043601
0.6245563107670149,0.0199090298265219,0.0000031750350900
0.6246563197695356,0.0188514906913042,-0.0001694097009022
0.6247563287720562,0.0199446305632591,-0.0000163074491866
0.6248563377745771,0.0191050209105015,-0.0003364410076756
0.6249563467770977,0.0174573305994272,-0.0008252806146629
0.6250563557796184,0.0184868797659874,-0.0010491169523448
0.6251563647821391,0.0172223001718521,-0.0007335692062043
0.6252563737846598,0.0178850293159485,-0.0008296762243845
0.6253563827871804,0.0172100309282541,-0.0008464698912576
0.6254563917897012,0.0159153491258621,-0.0004157744988333
0.6255564007922219,0.0171231105923653,-0.0002702084893826
0.6256564097947426,0.0162336099892855,-0.0002019105013460
0.6257564187972633,0.0177496597170830,-0.0000382622711186
0.6258564277997840,0.0173016507178545,-0.0001670632045716
0.6259564368023047,0.0159804299473763,-0.0002237420994788
0.6260564458048254,0.0170264206826687,-0.0000150012801896
0.6261564548073462,0.0166586600244045,0.0001494499010732
0.6262564638098669,0.0164555795490742,0.0002953890070785
0.6263564728123876,0.0175953600555658,0.0007779509178363
0.6264564818149082,0.0167330708354712,0.0007697881083004
0.6265564908174290,0.0160162299871445,0.0006946909124963
0.6266564998199496,0.0162630602717400,0.0004783094918821
0.6267565088224704,0.0152060501277447,0.0002058118989225
0.6268565178249911,0.0159416794776917,-0.0001018398979795
0.6269565268275118,0.0153050702065229,-0.0004912693984807
0.6270565358300325,0.0147489402443171,-0.0005715137231164
0.6271565448325532,0.0154781304299831,-0.0005137061234564
0.6272565538350738,0.0151400202885270,-0.0004205594887026
0.6273565628375947,0.0152177903801203,-0.0004704323946498
0.6274565718401153,0.0163833908736706,-0.0003671350132208
0.6275565808426360,0.0162194799631834,0.0001833420974435
0.6276565898451567,0.0147897200658917,0.0003266547864769
0.6277565988476774,0.0143978903070092,0.0004010139091406
0.6278566078501980,0.0150644695386291,0.0000828794363770
0.6279566168527189,0.0149234402924776,-0.0001944484974956
0.6280566258552396,0.0164332799613476,-0.0002051798946923
0.6281566348577603,0.0154510596767068,-0.0000501220492879
0.6282566438602810,0.0149260601028800,-0.0002179462026106
0.6283566528628016,0.0161903891712427,-0.0002595784026198
0.6284566618653225,0.0164423696696758,-0.0000661733502056
0.6285566708678431,0.0164388790726662,0.0000073534688454
0.6286566798703638,0.0168584696948528,-0.0000505254793097
0.6287566888728845,0.0157877095043659,-0.0002757461043075
0.6288566978754052,0.0164798907935619,0.0001515764015494
0.6289567068779258,0.0167154408991337,-0.0002564424939919
0.6290567158804466,0.0161106195300817,-0.0002759713097475
0.6291567248829673,0.0174745991826057,-0.0004632817872334
0.6292567338854881,0.0169383008033037,-0.0002314045996172
0.6293567428880087,0.0161171592772007,0.0000998300383799
0.6294567518905294,0.0162167102098465,0.0001063887975761
0.6295567608930501,0.0159523207694292,0.0000725376812625
0.6296567698955708,0.0160806495696306,0.0000986098093563
0.6297567788980916,0.0166062191128731,0.0003381909918971
0.6298567879006123,0.0163510497659445,0.0002872082986869
0.6299567969031330,0.0169888995587826,-0.0000197063000087
0.6300568059056536,0.0186291504651308,-0.0000847287374199
0.6301568149081744,0.0167865809053183,-0.0003825449093711
0.6302568239106950,0.0185785293579102,-0.0002732930006459
0.6303568329132159,0.0179552994668484,-0.0003871716908179
0.6304568419157365,0.0178036093711853,-0.0004782057076227
0.6305568509182572,0.0175692401826382,-0.0002228762023151
0.6306568599207779,0.0190642997622490,0.0002503070863895
0.6307568689232986,0.0186932906508446,0.0000849220086820
0.6308568779258192,0.0183018092066050,-0.0000044767480176
0.6309568869283401,0.0195031799376011,-0.0002200454036938
0.6310568959308607,0.0192312095314264,-0.0001065875985660
0.6311569049333814,0.0212203394621611,0.0001307177008130
0.6312569139359021,0.0207634307444096,-0.0002062087005470
0.6313569229384228,0.0206650793552399,0.0002887561859097
0.6314569319409437,0.0213031508028507,0.0006817447720096
0.6315569409434643,0.0197561401873827,0.0001480987994000
0.6316569499459850,0.0200701206922531,-0.0001636583037907
0.6317569589485057,0.0210858304053545,0.0000367872307834
0.6318569679510264,0.0218140594661236,-0.0003977582964581
0.6319569769535470,0.0213834196329117,-0.0004893522127531
0.6320569859560679,0.0228106305003166,-0.0004711690999102
0.6321569949585885,0.0216333307325840,-0.0006285550771281
0.6322570039611092,0.0233508497476578,-0.0001225760061061
0.6323570129636299,0.0215913504362106,-0.0002750593121164
0.6324570219661506,0.0208332296460867,-0.0001348286023131
0.6325570309686713,0.0227611102163792,0.0004719113057945
0.6326570399711920,0.0224337391555309,0.0001980800007004
0.6327570489737127,0.0225196108222008,0.0001809891982703
0.6328570579762335,0.0230591204017401,0.0005031676264480
0.6329570669787541,0.0230932794511318,0.0004903422086500
0.6330570759812748,0.0231532808393240,0.0003382219001651
0.6331570849837956,0.0252553503960371,0.0008486186852679
0.6332570939863162,0.0248250905424356,0.0004585690912791
0.6333571029888370,0.0254448391497135,0.0005130568169989
0.6334571119913577,0.0264435093849897,0.0006712240283377
0.6335571209938784,0.0242617893964052,0.0001540337980259
0.6336571299963991,0.0255263093858957,0.0001381124020554
0.6337571389989198,0.0259310305118561,0.0000517151092936
0.6338571480014404,0.0257461294531822,-0.0001339981972706
0.6339571570039613,0.0269409194588661,0.0001015722009470
0.6340571660064819,0.0266265999525785,-0.0000889256989467
0.6341571750090026,0.0252690501511097,-0.0007786799105816
0.6342571840115233,0.0267899595201015,-0.0004024617082905
0.6343571930140440,0.0268484000116587,-0.0001545425038785
0.6344572020165646,0.0263751707971096,0.0002173784014303
0.6345572110190855,0.0267519298940897,0.0000205125197681
0.6346572200216061,0.0270123593509197,0.0002873021876439
0.6347572290241268,0.0267552901059389,0.0002913681091741
0.6348572380266476,0.0254308693110943,-0.0002606546913739
0.6349572470291682,0.0258342009037733,-0.0006025399197824
0.6350572560316891,0.0257191304117441,-0.0007500725914724
0.6351572650342097,0.0253062509000301,-0.0006828494952060
0.6352572740367304,0.0268581006675959,-0.0004414643044583
0.6353572830392511,0.0263077095150948,-0.0003631805011537
0.6354572920417718,0.0252570807933807,-0.0003623657103162
0.6355573010442924,0.0277932807803154,0.0001938984059962
0.6356573100468133,0.0269967708736658,0.0001752133975970
0.6357573190493339,0.0269886404275894,0.0001654397929087
0.6358573280518546,0.0284549798816442,0.0003371461061761
0.6359573370543753,0.0286797098815441,0.0006344966823235
0.6360573460568960,0.0279362406581640,0.0005248010274954
0.6361573550594167,0.0285092294216156,0.0004100950900465
0.6362573640619374,0.0282300598919392,0.0003217814082745
0.6363573730644581,0.0286174491047859,0.0008165183826350
0.6364573820669789,0.0276169292628765,0.0005439550732262
0.6365573910694995,0.0299278404563665,0.0010482260258868
0.6366574000720202,0.0292885694652796,0.0004803256888408
0.6367574090745410,0.0291512403637171,0.0003165141970385
0.6368574180770616,0.0280078407377005,0.0000119824098874
0.6369574270795824,0.0285720303654671,-0.0002346396067878
0.6370574360821031,0.0285215508192778,-0.0002050012990367
0.6371574450846238,0.0271978694945574,-0.0006630144198425
0.6372574540871445,0.0287752300500870,-0.0005612400709651
0.6373574630896652,0.0274110697209835,-0.0007620364194736
0.6374574720921858,0.0282374899834394,-0.0003793762007263
0.6375574810947067,0.0274037700146437,-0.0005074784276076
0.6376574900972273,0.0290658604353666,0.0000755524888518
0.6377574990997480,0.0284016206860542,0.0002031219046330
0.6378575081022687,0.0276708807796240,0.0000712090622983
0.6379575171047894,0.0278309006243944,0.0001783563930076
0.6380575261073100,0.0291683804243803,0.0002581700100563
0.6381575351098309,0.0288727898150682,0.0003305313875899
0.6382575441123515,0.0281474906951189,0.0000075370990089
0.6383575531148723,0.0277741793543100,-0.0001807965018088
0.6384575621173930,0.0294677298516035,0.0002417836949462
0.6385575711199136,0.0290335491299629,0.0002570064971223
0.6386575801224345,0.0280341394245625,0.0000303130200336
0.6387575891249551,0.0265583898872137,-0.0004067507106811
0.6388575981274758,0.0284536797553301,0.0000458458307548
0.6389576071299965,0.0280810799449682,0.0002151124936063
0.6390576161325172,0.0265379995107651,-0.0001386427029502
0.6391576251350378,0.0257207006216049,-0.0002628669026308
0.6392576341375587,0.0269019603729248,-0.0003145145892631
0.6393576431400793,0.0267841499298811,-0.0000688456129865
0.6394576521426001,0.0265649408102036,0.0002281077031512
0.6395576611451207,0.0257185101509094,-0.0000455356384919
0.6396576701476414,0.0278749298304319,0.0006927581271157
0.6397576791501621,0.0261788107454777,0.0002688519016374
0.6398576881526828,0.0254372302442789,0.0002023942943197
0.6399576971552035,0.0258273594081402,0.0002614363911562
0.6400577061577243,0.0272804293781519,0.0000390882487409
0.6401577151602450,0.0256985202431679,-0.0005603390745819
0.6402577241627656,0.0246076490730047,-0.0007012683199719
0.6403577331652864,0.0257840994745493,-0.0002887147129513
0.6404577421678070,0.0277681499719620,0.0002248566015624
0.6405577511703279,0.0278323292732239,0.0004038710030727
0.6406577601728485,0.0266071893274784,0.0001500320940977
0.6407577691753692,0.0255226995795965,-0.0002054188953480
0.6408577781778899,0.0271669700741768,0.0003020249132533
0.6409577871804106,0.0263367891311646,0.0001867179962574
0.6410577961829312,0.0249740108847618,-0.0003222636878490
0.6411578051854521,0.0254329107701778,-0.0001448260009056
0.6412578141879727,0.0259725600481033,0.0000121980501717
0.6413578231904934,0.0257668904960155,0.0000296675498248
0.6414578321930141,0.0252196397632360,0.0002990459906869
0.6415578411955348,0.0254440698772669,0.0002081938000629
0.6416578501980555,0.0267331693321466,0.0003515639982652
0.6417578592005763,0.0255304891616106,-0.0000687940191710
0.6418578682030970,0.0246727094054222,-0.0002541494905017
0.6419578772056177,0.0249928105622530,-0.0001269055064768
0.6420578862081384,0.0254005193710327,-0.0004505194083322
0.6421578952106590,0.0259275604039431,-0.0001182815976790
0.6422579042131799,0.0254059191793203,-0.0002442727854941
0.6423579132157005,0.0251878593116999,-0.0001669087941991
0.6424579222182212,0.0260012298822403,0.0000219307403313
0.6425579312207419,0.0264128204435110,0.0003860913857352
0.6426579402232626,0.0256870593875647,0.0004064184904564
0.6427579492257833,0.0255431998521090,0.0003886721970048
0.6428579582283040,0.0265864599496126,0.0006777148810215
0.6429579672308247,0.0263120308518410,0.0006948302034289
0.6430579762333455,0.0245461091399193,0.0000897608770174
0.6431579852358661,0.0252668205648661,0.0003084341879003
0.6432579942383868,0.0268342401832342,0.0003822071012110
0.6433580032409075,0.0259843897074461,-0.0000906299392227
0.6434580122434282,0.0237964093685150,-0.0003361619892530
0.6435580212459489,0.0237859804183245,-0.0001697786065051
0.6436580302484697,0.0250775292515755,-0.0000767398669268
0.6437580392509904,0.0247369091957808,-0.0000942643819144
0.6438580482535111,0.0247005503624678,-0.0001062017981894
0.6439580572560318,0.0249442309141159,-0.0001900235947687
0.6440580662585524,0.0260261092334986,-0.0001654579973547
0.6441580752610733,0.0250583607703447,-0.0004650318878703
0.6442580842635939,0.0249595995992422,-0.0004504747921601
0.6443580932661146,0.0255528893321753,-0.0000130902699311
0.6444581022686353,0.0268522892147303,0.0004655196971726
0.6445581112711560,0.0263830106705427,0.0002838456130121
0.6446581202736766,0.0246788505464792,0.0001787157962099
0.6447581292761975,0.0241104494780302,-0.0000086709369498
0.6448581382787181,0.0251506306231022,0.0000547938689124
0.6449581472812388,0.0247488208115101,-0.0001332128013019
0.6450581562837595,0.0234549697488546,-0.0006381758139469
0.6451581652862802,0.0230167899280787,-0.0007620442775078
0.6452581742888011,0.0243374798446894,-0.0005135515239090
0.6453581832913217,0.0250075999647379,-0.0001703945017653
0.6454581922938424,0.0240952502936125,-0.0001957580971066
0.6455582012963631,0.0237162895500660,-0.0000865608089953
0.6456582102988838,0.0259204003959894,0.0003837813856080
0.6457582193014044,0.0255359392613173,0.0004408422100823
0.6458582283039253,0.0254848301410675,0.0005581825971603
0.6459582373064459,0.0248394608497620,0.0004534193139989
0.6460582463089666,0.0263326708227396,0.0006032017990947
0.6461582553114873,0.0252463892102242,0.0003664479881991
0.6462582643140080,0.0236921906471252,0.0004133007896598
0.6463582733165287,0.0230465400964022,-0.0000538792301086
0.6464582823190494,0.0246103405952454,0.0002303461951669
0.6465582913215701,0.0306881703436375,0.0001645892043598
0.6466583003240909,0.0349713787436485,0.0005443292902783
0.6467583093266115,0.0395785681903362,0.0014157280093059
0.6468583183291322,0.0386305898427963,0.0008973529911600
0.6469583273316529,0.0426044687628746,0.0024724919348955
0.6470583363341736,0.0403554290533066,0.0020399789791554
0.6471583453366944,0.0319985598325729,0.0002633185940795
0.6472583543392151,0.0849974006414413,0.0849962234497070
0.6473583633417358,0.0849974006414413,0.0849960669875145
0.6474583723442565,0.0849971994757652,0.0849966332316399
0.6475583813467772,0.0849974080920219,0.0849728435277939
0.6476583903492978,0.0849975720047951,0.0849741175770760
0.6477583993518187,0.0849975124001503,0.0849757194519043
0.6478584083543393,0.0849975198507309,0.0849685221910477
0.6479584173568600,0.0254873894155025,0.0341076105833054
0.6480584263593807,0.0243055094033480,0.0279387291520834
0.6481584353619014,0.0238359495997429,0.0235267300158739
0.6482584443644220,0.0218122191727161,0.0197014398872852
0.6483584533669429,0.0210503302514553,0.0154561297968030
0.6484584623694635,0.0193476304411888,0.0121348397806287
0.6485584713719843,0.0188794005662203,0.0085049290210009
0.6486584803745049,0.0173117499798536,0.0062529621645808
0.6487584893770256,0.0163521002978086,0.0035248100757599
0.6488584983795465,0.0146156400442123,0.0015636140014976
0.6489585073820671,0.0142147801816463,-0.0007547212881036
0.6490585163845878,0.0142630003392696,-0.0025285650044680
0.6491585253871085,0.0143645703792572,-0.0045707970857620
0.6492585343896292,0.0144508602097631,-0.0059751318767667
0.6493585433921498,0.0147471101954579,-0.0076375249773264
0.6494585523946707,0.0150996502488852,-0.0089506348595023
0.6495585613971913,0.0147515004500747,-0.0091480407863855
0.6496585703997121,0.0148502998054028,-0.0094357067719102
0.6497585794022327,0.0163782797753811,-0.0102366497740149
0.6498585884047534,0.0166608300060034,-0.0100718596950173
0.6499585974072741,0.0173558704555035,-0.0097068315371871
0.6500586064097948,0.0171096697449684,-0.0084574995562434
0.6501586154123155,0.0186927206814289,-0.0080501222983003
0.6502586244148363,0.0181433204561472,-0.0067023010924459
0.6503586334173569,0.0189707893878222,-0.0057090250775218
0.6504586424198776,0.0184662491083145,-0.0044625629670918
0.6505586514223984,0.0187122393399477,-0.0035970909520984
0.6506586604249190,0.0182020496577024,-0.0029037271160632
0.6507586694274399,0.0187434293329716,-0.0021284329704940
0.6508586784299605,0.0179603602737188,-0.0012823169818148
0.6509586874324812,0.0173054300248623,-0.0005013339105062
0.6510586964350019,0.0172412302345037,-0.0001210802001879
0.6511587054375226,0.0177778005599976,0.0006315850187093
0.6512587144400432,0.0175331793725491,0.0010778349824250
0.6513587234425641,0.0170524995774031,0.0014351550489664
0.6514587324450847,0.0182264596223831,0.0018237730255350
0.6515587414476054,0.0176130402833223,0.0020832780282944
0.6516587504501261,0.0170174706727266,0.0023362229112536
0.6517587594526468,0.0162590891122818,0.0022313790395856
0.6518587684551675,0.0160177797079086,0.0021084279287606
0.6519587774576883,0.0148698603734374,0.0020591421052814
0.6520587864602089,0.0145691698417068,0.0021415241062641
0.6521587954627297,0.0154993003234267,0.0019142240053043
0.6522588044652504,0.0142081798985600,0.0017278069863096
0.6523588134677710,0.0145284095779061,0.0015859380364418
0.6524588224702919,0.0143436100333929,0.0010519339703023
0.6525588314728125,0.0150564601644874,0.0007604206912220
0.6526588404753332,0.0142520200461149,0.0006657345802523
0.6527588494778539,0.0145459901541471,-0.0000623875675956
0.6528588584803746,0.0150431003421545,-0.0006112284027040
0.6529588674828953,0.0144293401390314,-0.0008023185073398
0.6530588764854161,0.0141643602401018,-0.0006063433829695
0.6531588854879367,0.0136470701545477,-0.0006137781892903
0.6532588944904575,0.0134546700865030,-0.0001971651945496
0.6533589034929781,0.0138083696365356,-0.0001858853065642
0.6534589124954988,0.0123100895434618,0.0003335188084748
0.6535589214980195,0.0113408695906401,0.0005135930841789
0.6536589305005402,0.0115756001323462,0.0002877296064980
0.6537589395030609,0.0118951797485352,-0.0000184576001629
0.6538589485055817,0.0126333096995950,-0.0002294815931236
0.6539589575081023,0.0122146299108863,0.0000702172183082
0.6540589665106230,0.0119572998955846,-0.0002235207066406
0.6541589755131438,0.0125417001545429,-0.0002618856087793
0.6542589845156644,0.0141081698238850,-0.0004548504948616
0.6543589935181853,0.0144445197656751,-0.0004304785106797
0.6544590025207059,0.0159340091049671,-0.0006179925985634
0.6545590115232266,0.0160367693752050,-0.0005928120808676
0.6546590205257473,0.0161459408700466,-0.0005793070886284
0.6547590295282680,0.0161959603428841,-0.0006118143792264
0.6548590385307886,0.0151017503812909,-0.0002976384130307
0.6549590475333095,0.0149432504549623,-0.0000708377410774
0.6550590565358301,0.0157416407018900,-0.0004912841250189
0.6551590655383508,0.0156033001840115,-0.0003592226130422
0.6552590745408715,0.0169559903442860,-0.0002017225051532
0.6553590835433922,0.0168163198977709,0.0000930832829908
0.6554590925459129,0.0169447194784880,0.0001381275942549
0.6555591015484337,0.0167080201208591,0.0000117710997074
0.6556591105509543,0.0155130103230476,0.0001281875011045
0.6557591195534751,0.0171824991703033,-0.0003641805087682
0.6558591285559958,0.0163091104477644,-0.0004852596903220
0.6559591375585164,0.0150838997215033,-0.0002308090042789
0.6560591465610373,0.0160603690892458,-0.0005616868147627
0.6561591555635579,0.0164438392966986,-0.0008958348189481
0.6562591645660786,0.0164956301450729,-0.0006335165235214
0.6563591735685993,0.0176280997693539,-0.0006588347023353
0.6564591825711200,0.0173278804868460,-0.0006469658110291
0.6565591915736407,0.0179349705576897,-0.0004676530952565
0.6566592005761615,0.0170956198126078,-0.0001425866066711
0.6567592095786821,0.0159946195781231,-0.0001446548994863
0.6568592185812029,0.0173716507852077,-0.0001310961961281
0.6569592275837235,0.0163752902299166,-0.0000532460690010
0.6570592365862442,0.0162596404552460,0.0001239288976649
0.6571592455887649,0.0177949592471123,0.0001323597971350
0.6572592545912856,0.0172615293413401,0.0002371472946834
0.6573592635938063,0.0166887994855642,0.0001971585006686
0.6574592725963271,0.0177335105836391,0.0002632705145516
0.6575592815988478,0.0179545599967241,0.0000437766902905
0.6576592906013685,0.0177899692207575,0.0000580778905714
0.6577592996038892,0.0183505397289991,-0.0002160963049391
0.6578593086064098,0.0186136607080698,-0.0004510373109952
0.6579593176089307,0.0197074394673109,-0.0008468232117593
0.6580593266114513,0.0191805493086576,-0.0005406027194113
0.6581593356139720,0.0184513200074434,-0.0003712110919878
0.6582593446164927,0.0195561591535807,-0.0000513953200425
0.6583593536190134,0.0192073192447424,0.0003898678114638
0.6584593626215340,0.0206540301442146,0.0004262072034180
0.6585593716240549,0.0203855205327272,0.0002167719067074
0.6586593806265755,0.0197343602776527,0.0004141133103985
0.6587593896290963,0.0182199999690056,0.0005961750866845
0.6588593986316169,0.0191992502659559,-0.0000643883031444
0.6589594076341376,0.0193904694169760,-0.0001074872998288
0.6590594166366583,0.0200864598155022,-0.0003921641036868
0.6591594256391791,0.0214134603738785,-0.0005307702813298
0.6592594346416998,0.0201898105442524,0.0000159659193741
0.6593594436442205,0.0215952601283789,-0.0004177351074759
0.6594594526467412,0.0210242606699467,-0.0001675585954217
0.6595594616492618,0.0205945707857609,-0.0004594537022058
0.6596594706517827,0.0212058499455452,-0.0004104154941160
0.6597594796543033,0.0225871000438929,-0.0007380045135505
0.6598594886568241,0.0226897504180670,-0.0008360316278413
0.6599594976593447,0.0239309296011925,-0.0006667192792520
0.6600595066618654,0.0236236397176981,-0.0005122835864313
0.6601595156643861,0.0231660306453705,-0.0005487931193784
0.6602595246669068,0.0248172301799059,-0.0003644620010164
0.6603595336694275,0.0242790896445513,-0.0000150495598064
0.6604595426719483,0.0225021895021200,0.0001975710038096
0.6605595516744689,0.0243081003427505,0.0000467842291982
0.6606595606769896,0.0234229508787394,0.0000849763891893
0.6607595696795103,0.0232919808477163,-0.0000049614550335
0.6608595786820310,0.0247248504310846,-0.0003671133890748
0.6609595876845519,0.0248393490910530,-0.0004754838882945
0.6610595966870725,0.0249707493931055,-0.0006181888165884
0.6611596056895932,0.0244540497660637,-0.0003790341143031
0.6612596146921139,0.0248311497271061,-0.0005551949143410
0.6613596236946346,0.0244152192026377,-0.0001984144037124
0.6614596326971552,0.0252817701548338,-0.0002344537933823
0.6615596416996761,0.0262956898659468,-0.0002540156128816
0.6616596507021967,0.0256292093545198,-0.0001332561951131
0.6617596597047174,0.0264910403639078,-0.0001775752025424
0.6618596687072381,0.0257025901228189,-0.0000114521199066
0.6619596777097588,0.0253615397959948,0.0000615920798737
0.6620596867122795,0.0265773404389620,-0.0000775693333708
0.6621596957148003,0.0257054604589939,-0.0001243681035703
0.6622597047173209,0.0264133699238300,-0.0000590405616094
0.6623597137198417,0.0270629599690437,-0.0000399037708121
0.6624597227223623,0.0260108392685652,-0.0000254119604506
0.6625597317248830,0.0265391003340483,-0.0001563866971992
0.6626597407274037,0.0269937608391047,-0.0002453842898831
0.6627597497299245,0.0272087492048740,-0.0002560323919170
0.6628597587324452,0.0264145303517580,-0.0002822823007591
0.6629597677349659,0.0267071407288313,-0.0005864211125299
0.6630597767374866,0.0275408104062080,-0.0005742621142417
0.6631597857400072,0.0270226690918207,-0.0003904018958565
0.6632597947425281,0.0266945902258158,0.0000230348796322
0.6633598037450487,0.0292757991701365,-0.0000035960979403
0.6634598127475695,0.0284159500151873,0.0001200049009640
0.6635598217500901,0.0273161698132753,0.0004136785864830
0.6636598307526108,0.0287034008651972,0.0002194331027567
0.6637598397551315,0.0290191303938627,0.0003039787989110
0.6638598487576522,0.0284987594932318,0.0002346351975575
0.6639598577601729,0.0283998902887106,0.0000547136187379
0.6640598667626937,0.0290187206119299,0.0001143537010648
0.6641598757652143,0.0276707205921412,0.0002097557007801
0.6642598847677350,0.0266214795410633,0.0003670784062706
0.6643598937702557,0.0297274403274059,0.0001324462064076
0.6644599027727764,0.0292145702987909,0.0000295575191558
0.6645599117752973,0.0281658694148064,0.0001902968942886
0.6646599207778179,0.0283732898533344,0.0001260557037313
0.6647599297803386,0.0293996091932058,-0.0001292036031373
0.6648599387828593,0.0292732603847980,-0.0001235163072124
0.6649599477853800,0.0277987308800220,0.0000778961621108
0.6650599567879006,0.0273130796849728,0.0001932134036906
0.6651599657904215,0.0286590103060007,0.0000031829299587
0.6652599747929421,0.0280510094016790,0.0001895160967251
0.6653599837954628,0.0277012903243303,0.0003692336031236
0.6654599927979835,0.0278387591242790,0.0004271068901289
0.6655600018005042,0.0276601295918226,0.0004132158064749
0.6656600108030249,0.0283725596964359,0.0003482887113933
0.6657600198055457,0.0267941597849131,0.0003473426913843
0.6658600288080663,0.0271131899207830,0.0000478945585201
0.6659600378105871,0.0281921606510878,-0.0004082487139385
0.6660600468131077,0.0279562398791313,-0.0002386361011304
0.6661600558156284,0.0274088606238365,-0.0004253645893186
0.6662600648181493,0.0260897092521191,-0.0003851178917103
0.6663600738206699,0.0255670994520187,-0.0002003055997193
0.6664600828231906,0.0276501793414354,-0.0002314190933248
0.6665600918257113,0.0273811500519514,0.0000290885400318
0.6666601008282320,0.0270960293710232,0.0001569937012391
0.6667601098307527,0.0280982293188572,-0.0002498810936231
0.6668601188332735,0.0276440903544426,-0.0000083065724539
0.6669601278357941,0.0253785308450460,-0.0000327032103087
0.6670601368383149,0.0273316502571106,-0.0000706988430466
0.6671601458408355,0.0262844394892454,-0.0000470875311294
0.6672601548433562,0.0275839604437351,0.0002234967978438
0.6673601638458769,0.0251090992242098,0.0002697228919715
0.6674601728483976,0.0257380492985249,0.0003937155997846
0.6675601818509183,0.0276036895811558,0.0000937112927204
0.6676601908534391,0.0276796091347933,0.0002720098127611
0.6677601998559597,0.0265961196273565,-0.0000861903827172
0.6678602088584805,0.0271320100873709,-0.0003289156011306
0.6679602178610012,0.0271297991275787,-0.0003092564002145
0.6680602268635218,0.0269122906029224,-0.0002094077935908
0.6681602358660427,0.0260958708822727,-0.0001883509976324
0.6682602448685633,0.0260181296616793,-0.0001132235993282
0.6683602538710840,0.0268062800168991,0.0001496649056207
0.6684602628736047,0.0272815097123384,0.0002067956957035
0.6685602718761254,0.0270387902855873,0.0003524511121213
0.6686602808786460,0.0264607593417168,0.0004440197080839
0.6687602898811669,0.0271531809121370,0.0000775135704316
0.6688602988836875,0.0279295798391104,-0.0000310148388962
0.6689603078862083,0.0267615802586079,-0.0001510406000307
0.6690603168887289,0.0267084408551455,-0.0001730453950586
0.6691603258912496,0.0261057894676924,-0.0001818542950787
0.6692603348937703,0.0265344902873039,-0.0002941802085843
0.6693603438962911,0.0265320092439651,-0.0001464726956328
0.6694603528988117,0.0252851005643606,-0.0002362478990108
0.6695603619013325,0.0258100498467684,-0.0001941509981407
0.6696603709038531,0.0269130393862724,-0.0005005379789509
0.6697603799063738,0.0270428899675608,-0.0004449024854694
0.6698603889088947,0.0258532091975212,-0.0001787447981769
0.6699603979114153,0.0259060002863407,-0.0001746877969708
0.6700604069139361,0.0240228492766619,0.0001077140987036
0.6701604159164567,0.0255198404192924,-0.0001174963035737
0.6702604249189774,0.0258894693106413,0.0000331992087013
0.6703604339214981,0.0264570601284504,0.0003272955073044
0.6704604429240189,0.0269135404378176,0.0004085419932380
0.6705604519265395,0.0249825194478035,0.0006106601795182
0.6706604609290603,0.0250853598117828,0.0006116578006186
0.6707604699315809,0.0239324904978275,0.0006046855123714
0.6708604789341016,0.0233701597899199,0.0002610002120491
0.6709604879366223,0.0246986094862223,0.0001809198001865
0.6710604969391430,0.0247890204191208,0.0002209539961768
0.6711605059416638,0.0240797102451324,-0.0000813781516626
0.6712605149441845,0.0223325006663799,-0.0000466956298624
0.6713605239467051,0.0248067192733288,-0.0001791099930415
0.6714605329492259,0.0235854592174292,-0.0000442785894847
0.6715605419517466,0.0239566806703806,0.0001388813980157
0.6716605509542672,0.0231490992009640,0.0000830501230666
0.6717605599567881,0.0244703497737646,0.0002860859094653
0.6718605689593087,0.0238363295793533,0.0002125667961081
0.6719605779618294,0.0239244606345892,0.0002616312121972
0.6720605869643501,0.0234601292759180,0.0003249882138334
0.6721605959668708,0.0246959608048201,0.0002723860088736
0.6722606049693916,0.0252277199178934,0.0001910777064040
0.6723606139719123,0.0238235499709845,0.0000740578470868
0.6724606229744329,0.0245104692876339,0.0000163996301126
0.6725606319769537,0.0248604193329811,-0.0000973859205260
0.6726606409794743,0.0240991208702326,-0.0001068475976354
0.6727606499819950,0.0235650204122066,-0.0002849313896149
0.6728606589845157,0.0242025107145309,-0.0003187452966813
0.6729606679870365,0.0255572497844696,-0.0006142014754005
0.6730606769895571,0.0247974302619696,-0.0005354676977731
0.6731606859920779,0.0245257504284382,-0.0006346962181851
0.6732606949945986,0.0244249496608973,-0.0005095722735859
0.6733607039971192,0.0283269993960857,-0.0011680589523166
0.6734607129996401,0.0321941189467907,-0.0015555700520054
0.6735607220021607,0.0380189903080463,-0.0036644788924605
0.6736607310046815,0.0381403900682926,-0.0046750148758292
0.6737607400072021,0.0413263402879238,-0.0082841161638498
0.6738607490097228,0.0405868701636791,-0.0104844300076365
0.6739607580122435,0.0849974229931831,0.0849600881338120
0.6740607670147643,0.0849967375397682,0.0849558189511299
0.6741607760172849,0.0849970504641533,0.0849663689732552
0.6742607850198057,0.0849970132112503,0.0849736034870148
0.6743607940223263,0.0849962905049324,0.0849979892373085
0.6744608030248470,0.0849965587258339,0.0849978774785995
0.6745608120273677,0.0849958434700966,0.0849979221820831
0.6746608210298884,0.0272328890860081,-0.0228019002825022
0.6747608300324092,0.0270243808627129,-0.0167356599122286
0.6748608390349299,0.0261300709098577,-0.0123018100857735
0.6749608480374506,0.0247718393802643,-0.0089512048289180
0.6750608570399713,0.0222696792334318,-0.0062706358730793
0.6751608660424920,0.0208938494324684,-0.0037804939784110
0.6752608750450126,0.0196974091231823,-0.0016159509541467
0.6753608840475335,0.0175747107714415,-0.0000195708598767
0.6754608930500541,0.0168701596558094,0.0016197139630094
0.6755609020525748,0.0162522103637457,0.0028205409180373
0.6756609110550955,0.0161277502775192,0.0035309710074216
0.6757609200576162,0.0153927495703101,0.0040462478064001
0.6758609290601370,0.0150638995692134,0.0037976000458002
0.6759609380626577,0.0149344103410840,0.0040613887831569
0.6760609470651783,0.0153118595480919,0.0041625951416790
0.6761609560676991,0.0148010700941086,0.0038852370344102
0.6762609650702197,0.0145116401836276,0.0034276628866792
0.6763609740727404,0.0150068402290344,0.0029552138876170
0.6764609830752611,0.0145582100376487,0.0026138680987060
0.6765609920777819,0.0160207804292440,0.0023206369951367
0.6766610010803025,0.0156395807862282,0.0017399589996785
0.6767610100828233,0.0161500293761492,0.0015688940184191
0.6768610190853440,0.0175854805856943,0.0014862309908494
0.6769610280878647,0.0180792901664972,0.0011079970281571
0.6770610370903855,0.0185690801590681,0.0010065600508824
0.6771610460929061,0.0173893403261900,0.0003780155093409
0.6772610550954269,0.0182987805455923,0.0001928722049342
0.6773610640979475,0.0178602002561092,-0.0003282905090600
0.6774610731004682,0.0190036091953516,-0.0005090974154882
0.6775610821029889,0.0188950002193451,-0.0004040371859446
0.6776610911055096,0.0200219303369522,-0.0002026588044828
0.6777611001080303,0.0195608306676149,-0.0002929380862042
0.6778611091105511,0.0189598295837641,-0.0000920106467674
0.6779611181130717,0.0186132509261370,-0.0002603952889331
0.6780611271155925,0.0175045300275087,-0.0003466698108241
0.6781611361181131,0.0179579704999924,-0.0004873544094153
0.6782611451206338,0.0165816396474838,-0.0009171037818305
0.6783611541231547,0.0175848398357630,-0.0009324488928542
0.6784611631256753,0.0159876104444265,-0.0011047120206058
0.6785611721281960,0.0153808100149035,-0.0010888299439102
0.6786611811307167,0.0166722293943167,-0.0006226199911907
0.6787611901332374,0.0156510099768639,-0.0004974575713277
0.6788611991357580,0.0152444597333670,-0.0001389488024870
0.6789612081382789,0.0152035104110837,-0.0004001535126008
0.6790612171407995,0.0151287801563740,-0.0001501626975369
0.6791612261433203,0.0157722998410463,-0.0000517037587997
0.6792612351458409,0.0154201602563262,0.0001595398061909
0.6793612441483616,0.0155134098604321,0.0002023856068263
0.6794612531508823,0.0156904198229313,0.0003345870936755
0.6795612621534031,0.0147570995613933,0.0002777545014396
0.6796612711559237,0.0143838701769710,0.0002798853965942
0.6797612801584445,0.0154481800273061,0.0005685042124242
0.6798612891609651,0.0136889200657606,0.0005537493852898
0.6799612981634858,0.0135653698816895,0.0003365243028384
0.6800613071660065,0.0138769596815109,-0.0001375282008667
0.6801613161685273,0.0141979698091745,-0.0001372266997350
0.6802613251710481,0.0127148199826479,-0.0000660864825477
0.6803613341735687,0.0138281397521496,-0.0004320789885242
0.6804613431760894,0.0140394195914268,-0.0005678000161424
0.6805613521786101,0.0146440695971251,-0.0004112010065001
0.6806613611811309,0.0163585208356380,-0.0002557029074524
0.6807613701836515,0.0159044601023197,-0.0000639853315079
0.6808613791861723,0.0158779397606850,0.0000848036725074
0.6809613881886929,0.0174753908067942,0.0001639202964725
0.6810613971912136,0.0170649606734514,0.0002712204877753
0.6811614061937343,0.0163435190916061,0.0007156003848650
0.6812614151962550,0.0164003204554319,0.0002448860032018
0.6813614241987758,0.0150828901678324,0.0000035213240608
0.6814614332012965,0.0148400496691465,0.0000314519093081
0.6815614422038171,0.0145501503720880,-0.0005497189122252
0.6816614512063379,0.0143988002091646,-0.0004811346880160
0.6817614602088585,0.0151552399620414,-0.0005371593288146
0.6818614692113792,0.0159759800881147,-0.0002303890069015
0.6819614782139001,0.0156787298619747,-0.0005606369813904
0.6820614872164207,0.0153525397181511,-0.0005636180867441
0.6821614962189414,0.0158923808485270,-0.0004989071167074
0.6822615052214621,0.0155642600730062,-0.0001515712938271
0.6823615142239828,0.0158147700130939,-0.0000921452592593
0.6824615232265034,0.0158470198512077,-0.0002663868071977
0.6825615322290243,0.0151670398190618,-0.0002221204049420
0.6826615412315449,0.0160170104354620,0.0002064635045826
0.6827615502340657,0.0162504892796278,0.0002884072018787
0.6828615592365863,0.0157092995941639,0.0002065572043648
0.6829615682391070,0.0154304504394531,0.0002569734060671
0.6830615772416277,0.0172416698187590,0.0004552557948045
0.6831615862441485,0.0171142108738422,0.0004806795041077
0.6832615952466691,0.0176782105118036,0.0004056981124450
0.6833616042491899,0.0171581096947193,0.0000560820808460
0.6834616132517105,0.0168483704328537,-0.0001335093984380
0.6835616222542312,0.0166580900549889,-0.0003621013893280
0.6836616312567521,0.0172463096678257,-0.0001800915051717
0.6837616402592727,0.0175402797758579,-0.0001719214051263
0.6838616492617935,0.0186207704246044,-0.0000673129325151
0.6839616582643141,0.0189189705997705,-0.0002373835013714
0.6840616672668348,0.0179993100464344,-0.0002973095106427
0.6841616762693555,0.0194144397974014,0.0000057209881561
0.6842616852718763,0.0176212508231401,-0.0004744952020701
0.6843616942743969,0.0175338499248028,-0.0002625684137456
0.6844617032769177,0.0193889308720827,-0.0000170485000126
0.6845617122794383,0.0192935597151518,0.0000724669371266
0.6846617212819590,0.0191172994673252,0.0001513304014225
0.6847617302844797,0.0192453209310770,0.0001981081004487
0.6848617392870004,0.0189016498625278,-0.0001855172013165
0.6849617482895212,0.0195516999810934,-0.0001864265941549
0.6850617572920419,0.0212053507566452,-0.0000222551498155
0.6851617662945625,0.0194685608148575,-0.0004966033156961
0.6852617752970833,0.0215428695082664,-0.0003543058119249
0.6853617842996040,0.0217992607504129,-0.0003843872109428
0.6854617933021246,0.0211181994527578,-0.0004641953855753
0.6855618023046455,0.0223896894603968,-0.0000769235703046
0.6856618113071661,0.0209550708532333,-0.0002956512907986
0.6857618203096868,0.0215805508196354,-0.0000527798983967
0.6858618293122075,0.0235334709286690,0.0005201486055739
0.6859618383147282,0.0234291590750217,0.0003681422094814
0.6860618473172490,0.0231286007910967,0.0002606119960546
0.6861618563197697,0.0242910999804735,0.0005592827219516
0.6862618653222903,0.0240328405052423,0.0006401208229363
0.6863618743248111,0.0231486596167088,0.0005717866006307
0.6864618833273317,0.0235897395759821,0.0000578531216888
0.6865618923298524,0.0226308107376099,0.0000065248977990
0.6866619013323731,0.0238642096519470,0.0000832421064842
0.6867619103348939,0.0237102303653955,-0.0001880774070742
0.6868619193374145,0.0244268495589495,-0.0000183181800821
0.6869619283399353,0.0241762306541204,0.0000318480197166
0.6870619373424559,0.0247850492596626,-0.0001868498948170
0.6871619463449767,0.0255563892424107,0.0000032742300391
0.6872619553474975,0.0248814094811678,-0.0003019991854671
0.6873619643500181,0.0255518704652786,-0.0004024996014778
0.6874619733525389,0.0252548493444920,-0.0003104530042037
0.6875619823550595,0.0264754407107830,0.0002655085118022
0.6876619913575802,0.0261425692588091,0.0001699886051938
0.6877620003601009,0.0236351396888494,-0.0003742490953300
0.6878620093626217,0.0273117292672396,0.0005520256236196
0.6879620183651423,0.0257132593542337,0.0003095529973507
0.6880620273676631,0.0253974497318268,0.0000668229331495
0.6881620363701837,0.0243090502917767,-0.0001326745987171
0.6882620453727045,0.0260493904352188,0.0001174857970909
0.6883620543752251,0.0276017691940069,0.0000107764999484
0.6884620633777458,0.0268268305808306,-0.0002588623028714
0.6885620723802666,0.0282810498028994,-0.0001496473996667
0.6886620813827873,0.0276398900896311,0.0000214129104279
0.6887620903853079,0.0286577101796865,0.0001966919953702
0.6888620993878287,0.0283394008874893,0.0002026900037890
0.6889621083903494,0.0306178107857704,0.0007553189061582
0.6890621173928700,0.0302451606839895,0.0007980442023836
0.6891621263953909,0.0283541604876518,0.0001474182936363
0.6892621353979115,0.0302255600690842,0.0004311244993005
0.6893621444004323,0.0285710692405701,0.0002854760969058
0.6894621534029529,0.0281123407185078,0.0000544814683963
0.6895621624054736,0.0270373895764351,0.0001540426019346
0.6896621714079944,0.0293811298906803,0.0004288353957236
0.6897621804105151,0.0291852392256260,0.0005748695111834
0.6898621894130357,0.0283395908772945,0.0003216163895559
0.6899621984155565,0.0284474492073059,0.0003439756983425
0.6900622074180771,0.0296199396252632,0.0000852735392982
0.6901622164205978,0.0287119597196579,-0.0003683762915898
0.6902622254231185,0.0277349594980478,-0.0002322583022760
0.6903622344256393,0.0294084195047617,-0.0003144869988319
0.6904622434281600,0.0285323504358530,-0.0006507618236355
0.6905622524306807,0.0278789196163416,-0.0006576781743206
0.6906622614332014,0.0274316091090441,-0.0005690670805052
0.6907622704357221,0.0290584005415440,-0.0003104599891230
0.6908622794382429,0.0288997106254101,-0.0001217207027366
0.6909622884407635,0.0285011995583773,0.0001224559964612
0.6910622974432843,0.0278479605913162,0.0001390958059346
0.6911623064458049,0.0291376300156116,0.0002319228951819
0.6912623154483256,0.0285249799489975,0.0003118405875284
0.6913623244508463,0.0276661496609449,0.0001141984030255
0.6914623334533671,0.0274225492030382,0.0000969220418483
0.6915623424558877,0.0288345199078321,-0.0001301641023019
0.6916623514584085,0.0282800998538733,-0.0001234195951838
0.6917623604609291,0.0283802896738052,0.0000057610282056
0.6918623694634499,0.0265131499618292,-0.0006445171893574
0.6919623784659705,0.0282096993178129,-0.0001995195052586
0.6920623874684912,0.0276961494237185,-0.0001563344994793
0.6921623964710120,0.0276265405118465,-0.0000895227130968
0.6922624054735327,0.0262488797307014,-0.0005306053208187
0.6923624144760534,0.0277976505458355,0.0000787762182881
0.6924624234785741,0.0279866904020309,-0.0001171975018224
0.6925624324810948,0.0271724592894316,0.0000503582705278
0.6926624414836154,0.0261601097881794,-0.0003025943879038
0.6927624504861363,0.0269063394516706,0.0003364825970493
0.6928624594886569,0.0283854492008686,0.0006756642251275
0.6929624684911777,0.0279881991446018,0.0008710841066204
0.6930624774936983,0.0264085400849581,0.0004910951247439
0.6931624864962190,0.0266662705689669,0.0006187601247802
0.6932624954987398,0.0273255296051502,0.0003853121888824
0.6933625045012605,0.0278525892645121,0.0003625311946962
0.6934625135037811,0.0274816490709782,0.0002060253027594
0.6935625225063019,0.0268502496182919,-0.0000713793488103
0.6936625315088225,0.0262885205447674,-0.0001344149932265
0.6937625405113432,0.0278507098555565,0.0000973085334408
0.6938625495138639,0.0270507894456387,-0.0001241295976797
0.6939625585163847,0.0264707505702972,-0.0000925885033212
0.6940625675189055,0.0276766791939735,0.0003970362886321
0.6941625765214261,0.0289992000907660,0.0004504965036176
0.6942625855239468,0.0277693606913090,0.0000744547214708
0.6943625945264675,0.0263951104134321,-0.0002978694974445
0.6944626035289883,0.0259435102343559,-0.0003988337120973
0.6945626125315089,0.0269511304795742,-0.0000200142803806
0.6946626215340297,0.0260609202086926,0.0000904939588509
0.6947626305365503,0.0254302099347115,-0.0001222387945745
0.6948626395390710,0.0252436008304358,-0.0000369086192222
0.6949626485415917,0.0264923200011253,-0.0001675302046351
0.6950626575441124,0.0258502401411533,-0.0003098674933426
0.6951626665466332,0.0243327897042036,-0.0004457035101950
0.6952626755491539,0.0244344100356102,-0.0003563832142390
0.6953626845516745,0.0260785706341267,-0.0003376198001206
0.6954626935541953,0.0259621907025576,-0.0003865133912768
0.6955627025567159,0.0254459399729967,-0.0002855068014469
0.6956627115592366,0.0254874899983406,-0.0002596045960672
0.6957627205617574,0.0262615699321032,0.0001757303980412
0.6958627295642781,0.0266738291829824,0.0001976664061658
0.6959627385667988,0.0262871291488409,0.0004149687883910
0.6960627475693195,0.0257990397512913,0.0003819894045591
0.6961627565718402,0.0252800006419420,0.0004623642016668
0.6962627655743610,0.0265428796410561,0.0007872835267335
0.6963627745768817,0.0251726191490889,0.0001502366940258
0.6964627835794023,0.0247699208557606,0.0000598528713454
0.6965627925819231,0.0255247503519058,0.0002168563951273
0.6966628015844437,0.0269693098962307,0.0005617758142762
0.6967628105869644,0.0266428608447313,0.0004288555064704
0.6968628195894851,0.0255113393068314,0.0000665064726491
0.6969628285920059,0.0249666702002287,-0.0000912609029911
0.6970628375945265,0.0266905706375837,0.0002809952129610
0.6971628465970473,0.0267316196113825,0.0002370025031269
0.6972628555995679,0.0245311409235001,-0.0005335184978321
0.6973628646020887,0.0245256107300520,-0.0004623089917004
0.6974628736046093,0.0256135091185570,-0.0003491808020044
0.6975628826071301,0.0261366702616215,-0.0000739486567909
0.6976628916096509,0.0252034291625023,-0.0001850686967373
0.6977629006121715,0.0242196191102266,-0.0002591387892608
0.6978629096146922,0.0254016891121864,0.0002624079061206
0.6979629186172129,0.0250561907887459,-0.0000078089096860
0.6980629276197337,0.0245139002799988,0.0000620634891675
0.6981629366222543,0.0237867105752230,0.0000907176072360
0.6982629456247751,0.0237072594463825,-0.0002891194017138
0.6983629546272957,0.0250038206577301,-0.0000419453608629
0.6984629636298165,0.0232665091753006,-0.0009035337134264
0.6985629726323371,0.0237014908343554,-0.0005910521722399
0.6986629816348578,0.0233754403889179,-0.0004981599049643
0.6987629906373786,0.0240626297891140,-0.0003719723026734
0.6988629996398993,0.0249610692262650,0.0002518309047446
0.6989630086424199,0.0239220093935728,0.0001421883061994
0.6990630176449407,0.0234566200524569,0.0000112114503281
0.6991630266474613,0.0239526908844709,0.0002008683950407
0.6992630356499820,0.0258810892701149,0.0007904032245278
0.6993630446525029,0.0255051609128714,0.0007029101834632
0.6994630536550235,0.0241113901138306,0.0002535908133723
0.6995630626575443,0.0258248094469309,0.0004294344107620
0.6996630716600649,0.0258855391293764,0.0004399243916851
0.6997630806625856,0.0251173600554466,0.0000706845821696
0.6998630896651064,0.0247615408152342,-0.0000769580510678
0.6999630986676271,0.0251335892826319,-0.0004453349974938
0.7000631076701477,0.0304085295647383,-0.0003918944858015
0.7001631166726685,0.0322937816381454,-0.0003853903908748
0.7002631256751891,0.0367004312574863,-0.0001632769999560
0.7003631346777098,0.0360066592693329,-0.0006127931992523
0.7004631436802305,0.0448064692318439,0.0012483240570873
0.7005631526827513,0.0412465110421181,0.0000186706201930
0.7006631616852719,0.0401075482368469,-0.0009729563025758
0.7007631706877927,0.0849973335862160,0.0849959999322891
0.7008631796903133,0.0849972367286682,0.0849963128566742
0.7009631886928341,0.0849972590804100,0.0849970728158951
0.7010631976953549,0.0849974602460861,0.0849727392196655
0.7011632066978755,0.0849974304437637,0.0849734395742416
0.7012632157003963,0.0849976018071175,0.0849719867110252
0.7013632247029169,0.0849975571036339,0.0849687084555626
0.7014632337054376,0.0276607796549797,0.0371258817613125
0.7015632427079583,0.0252201594412327,0.0307980608195066
0.7016632517104791,0.0241002906113863,0.0262885503470898
0.7017632607129997,0.0215908493846655,0.0221290402114391
0.7018632697155205,0.0212090406566858,0.0171309802681208
0.7019632787180411,0.0194762591272593,0.0133353201672435
0.7020632877205619,0.0189789608120918,0.0096593033522367
0.7021632967230825,0.0169302690774202,0.0067885760217905
0.7022633057256032,0.0156832002103329,0.0042674997821450
0.7023633147281240,0.0148646701127291,0.0019454240100458
0.7024633237306447,0.0146029703319073,-0.0000675199917168
0.7025633327331653,0.0140508404001594,-0.0021791809704155
0.7026633417356861,0.0145830102264881,-0.0040528159588575
0.7027633507382067,0.0147246699780226,-0.0058240178041160
0.7028633597407274,0.0150524703785777,-0.0079400334507227
0.7029633687432483,0.0149623798206449,-0.0093100834637880
0.7030633777457689,0.0154320504516363,-0.0101893898099661
0.7031633867482897,0.0160706993192434,-0.0104494504630566
0.7032633957508103,0.0165056008845568,-0.0105311302468181
0.7033634047533310,0.0174827501177788,-0.0110409995540977
0.7034634137558518,0.0185017604380846,-0.0111499996855855
0.7035634227583725,0.0187992397695780,-0.0104696098715067
0.7036634317608931,0.0182754602283239,-0.0093943951651454
0.7037634407634139,0.0187933500856161,-0.0083620334044099
0.7038634497659345,0.0174432005733252,-0.0069263819605112
0.7039634587684552,0.0178059600293636,-0.0062378030270338
0.7040634677709759,0.0179031807929277,-0.0051641850732267
0.7041634767734967,0.0192090701311827,-0.0045628370717168
0.7042634857760174,0.0187941491603851,-0.0035319719463587
0.7043634947785381,0.0196754503995180,-0.0025637359358370
0.7044635037810587,0.0194397903978825,-0.0018159010214731
0.7045635127835795,0.0200278293341398,-0.0009800302796066
0.7046635217861003,0.0192500595003366,-0.0001839345059125
0.7047635307886209,0.0190077498555183,0.0006203443044797
0.7048635397911417,0.0177857503294945,0.0015286479610950
0.7049635487936623,0.0169146005064249,0.0017716160509735
0.7050635577961830,0.0176148600876331,0.0020399170462042
0.7051635667987037,0.0166901592165232,0.0024696080945432
0.7052635758012245,0.0174584407359362,0.0025268420577049
0.7053635848037452,0.0164677202701569,0.0026165801100433
0.7054635938062659,0.0168610196560621,0.0026905199047178
0.7055636028087865,0.0154446996748447,0.0024722099769861
0.7056636118113073,0.0153842400759459,0.0022071579005569
0.7057636208138279,0.0158503092825413,0.0019693169742823
0.7058636298163486,0.0142824901267886,0.0021024281159043
0.7059636388188694,0.0148629099130630,0.0014904709532857
0.7060636478213901,0.0144400699064136,0.0010438730241731
0.7061636568239107,0.0132416198030114,0.0007656984962523
0.7062636658264315,0.0146311502903700,-0.0000133689900395
0.7063636748289522,0.0140627101063728,-0.0000400233584514
0.7064636838314730,0.0152911199256778,-0.0004008077085018
0.7065636928339937,0.0148206697776914,-0.0003077682049479
0.7066637018365143,0.0141738597303629,0.0000120040303955
0.7067637108390351,0.0147264497354627,-0.0000858978310134
0.7068637198415557,0.0130088198930025,0.0004051343130413
0.7069637288440764,0.0138051295652986,0.0000987009989331
0.7070637378465972,0.0143191795796156,0.0000455455083284
0.7071637468491179,0.0144806504249573,0.0000009014415809
0.7072637558516385,0.0160326808691025,-0.0003603207005654
0.7073637648541593,0.0161617193371058,-0.0001162234984804
0.7074637738566799,0.0149554396048188,-0.0000077444028648
0.7075637828592007,0.0158737804740667,-0.0001563114055898
0.7076637918617213,0.0137745095416903,0.0000206593103940
0.7077638008642421,0.0136509397998452,-0.0001335591950919
0.7078638098667628,0.0131642995402217,-0.0000118987500173
0.7079638188692835,0.0142792901024222,-0.0004684599116445
0.7080638278718042,0.0137047898024321,-0.0005327612743713
0.7081638368743249,0.0145619502291083,-0.0005321013741195
0.7082638458768457,0.0151233300566673,-0.0003660423972178
0.7083638548793663,0.0144927799701691,-0.0000503754708916
0.7084638638818871,0.0150570403784513,-0.0002397494972683
0.7085638728844077,0.0143947200849652,-0.0001238994009327
0.7086638818869285,0.0148513400927186,-0.0002759069902822
0.7087638908894491,0.0144959501922131,-0.0001876691967482
0.7088638998919699,0.0148299904540181,-0.0002396048948867
0.7089639088944906,0.0161580797284842,-0.0004191347979940
0.7090639178970113,0.0164291597902775,-0.0003309820895083
0.7091639268995319,0.0160964503884315,-0.0007698052213527
0.7092639359020527,0.0169338192790747,-0.0007099646027200
0.7093639449045733,0.0165429990738630,-0.0002521229907870
0.7094639539070940,0.0155940400436521,-0.0004679106059484
0.7095639629096148,0.0171876791864634,-0.0006401041173376
0.7096639719121355,0.0158584397286177,-0.0005615747068077
0.7097639809146563,0.0167948901653290,-0.0003445413894951
0.7098639899171769,0.0169551502913237,-0.0003075764107052
0.7099639989196976,0.0169980097562075,-0.0002372604067205
0.7100640079222184,0.0166287403553724,-0.0002088407054543
0.7101640169247391,0.0176930408924818,-0.0002679000026546
0.7102640259272597,0.0180598199367523,-0.0003107165102847
0.7103640349297805,0.0180440191179514,-0.0001492822048021
0.7104640439323011,0.0188142601400614,0.0000022644289857
0.7105640529348218,0.0171754397451878,0.0003315166104585
0.7106640619373426,0.0171944294124842,0.0003686562122311
0.7107640709398633,0.0178721603006124,0.0002279442996951
0.7108640799423839,0.0174469705671072,0.0000344558211509
0.7109640889449047,0.0175663195550442,0.0000359580590157
0.7110640979474253,0.0187420696020126,-0.0002188638027292
0.7111641069499461,0.0180995706468821,-0.0002647213113960
0.7112641159524667,0.0175400804728270,-0.0001620850962354
0.7113641249549875,0.0182718392461538,-0.0003291286993772
0.7114641339575083,0.0179453697055578,-0.0002026347938227
0.7115641429600289,0.0181201007217169,0.0001682729052845
0.7116641519625496,0.0181795898824930,0.0001017414033413
0.7117641609650703,0.0180802792310715,0.0004230107879266
0.7118641699675911,0.0185631997883320,-0.0000185300796147
0.7119641789701117,0.0185552705079317,0.0003286268038210
0.7120641879726325,0.0171141494065523,0.0002117504045600
0.7121641969751531,0.0177966691553593,0.0000597109792579
0.7122642059776739,0.0180723909288645,-0.0000885342087713
0.7123642149801945,0.0189359690994024,-0.0002847319119610
0.7124642239827153,0.0193383991718292,-0.0002217621949967
0.7125642329852360,0.0201204195618629,-0.0003603622026276
0.7126642419877567,0.0207126103341579,-0.0006016336265020
0.7127642509902773,0.0197483692318201,-0.0005082496791147
0.7128642599927981,0.0217013806104660,-0.0007967040874064
0.7129642689953187,0.0215178597718477,-0.0007417830056511
0.7130642779978394,0.0215881504118443,-0.0007800318999216
0.7131642870003602,0.0220273490995169,-0.0007442954229191
0.7132642960028809,0.0216587092727423,-0.0004925556131639
0.7133643050054017,0.0222494006156921,-0.0004981373203918
0.7134643140079223,0.0229200106114149,-0.0005891104810871
0.7135643230104430,0.0229267906397581,-0.0002070032060146
0.7136643320129638,0.0246266108006239,-0.0002650104870554
0.7137643410154845,0.0235031303018332,-0.0004169213934802
0.7138643500180051,0.0228957198560238,0.0000765467775636
0.7139643590205259,0.0225777998566628,0.0001350109960185
0.7140643680230465,0.0232019908726215,-0.0000106344696178
0.7141643770255672,0.0227866899222136,-0.0000132768200274
0.7142643860280879,0.0227655600756407,-0.0002322720974917
0.7143643950306087,0.0237407702952623,-0.0000497196488141
0.7144644040331294,0.0240107197314501,-0.0003364901058376
0.7145644130356501,0.0235101003199816,-0.0004385969950818
0.7146644220381707,0.0251892209053040,-0.0003629791899584
0.7147644310406915,0.0242747999727726,-0.0002015028003370
0.7148644400432121,0.0245683398097754,-0.0004217202076688
0.7149644490457329,0.0251187104731798,-0.0002966228057630
0.7150644580482537,0.0251077990978956,-0.0001367693039356
0.7151644670507743,0.0252258796244860,-0.0001280084979953
0.7152644760532950,0.0276871994137764,-0.0001552953035571
0.7153644850558157,0.0277814101427794,-0.0001100330991903
0.7154644940583365,0.0263212006539106,-0.0001141916000051
0.7155645030608572,0.0276781897991896,-0.0002803025126923
0.7156645120633779,0.0276173800230026,-0.0001731098018354
0.7157645210658985,0.0270700398832560,-0.0001608347956790
0.7158645300684193,0.0255904290825129,-0.0001500477956142
0.7159645390709399,0.0266938898712397,-0.0003569466935005
0.7160645480734606,0.0268652196973562,-0.0001787790970411
0.7161645570759814,0.0275111794471741,-0.0003714628983289
0.7162645660785021,0.0270916204899549,-0.0004213273059577
0.7163645750810227,0.0294250305742025,-0.0005968104815111
0.7164645840835435,0.0297255404293537,-0.0004980912781321
0.7165645930860641,0.0276073198765516,-0.0002874285855796
0.7166646020885850,0.0283062793314457,-0.0000161441694218
0.7167646110911057,0.0294052697718143,0.0001819221943151
0.7168646200936263,0.0272705908864737,0.0002439301024424
0.7169646290961471,0.0269773397594690,0.0004002678906545
0.7170646380986677,0.0269842203706503,0.0004290445067454
0.7171646471011884,0.0273675806820393,0.0004598220984917
0.7172646561037092,0.0284441802650690,0.0003199331113137
0.7173646651062299,0.0276438891887665,0.0005129476194270
0.7174646741087505,0.0265273395925760,0.0003977575106546
0.7175646831112713,0.0277117490768433,0.0004465816891752
0.7176646921137919,0.0270586498081684,0.0003772873897105
0.7177647011163127,0.0273120198398829,0.0001541352976346
0.7178647101188333,0.0265337806195021,0.0000595836681896
0.7179647191213541,0.0282379202544689,-0.0000273561508948
0.7180647281238748,0.0279388502240181,-0.0000688527725288
0.7181647371263955,0.0269915591925383,-0.0001223438011948
0.7182647461289161,0.0271327197551727,-0.0001635243970668
0.7183647551314369,0.0272350106388330,-0.0000800821217126
0.7184647641339577,0.0281229391694069,0.0001307563070441
0.7185647731364783,0.0266941208392382,0.0000672209716868
0.7186647821389991,0.0277561098337173,0.0003324135905132
0.7187647911415197,0.0277694594115019,0.0001137259969255
0.7188648001440405,0.0280184298753738,0.0003500535967760
0.7189648091465611,0.0280956104397774,0.0002205025957664
0.7190648181490819,0.0264898706227541,0.0001586822036188
0.7191648271516026,0.0285622607916594,-0.0000695980706951
0.7192648361541233,0.0295063108205795,-0.0003753039927687
0.7193648451566439,0.0288200899958611,-0.0002854106132872
0.7194648541591647,0.0278723705559969,-0.0003875058901031
0.7195648631616853,0.0278799999505281,-0.0004336328129284
0.7196648721642060,0.0314524881541729,-0.0008848598808981
0.7197648811667268,0.0320692807435989,-0.0007098285132088
0.7198648901692475,0.0312634408473969,-0.0001634998043301
0.7199648991717681,0.0289751905947924,0.0001288247003686
0.7200649081742889,0.0281085502356291,0.0001159602034022
0.7201649171768095,0.0261535998433828,0.0003510447859298
0.7202649261793304,0.0263345297425985,0.0004414164868649
0.7203649351818511,0.0254783108830452,0.0006058238795958
0.7204649441843717,0.0258116908371449,0.0004077694902662
0.7205649531868925,0.0267288591712713,0.0005443659028970
0.7206649621894131,0.0255002994090319,0.0006002049194649
0.7207649711919338,0.0254703909158707,0.0006425296887755
0.7208649801944546,0.0256057605147362,0.0005656437715515
0.7209649891969753,0.0269661806523800,0.0000343249703292
0.7210649981994959,0.0261896792799234,0.0001752312964527
0.7211650072020167,0.0253288503736258,-0.0001496900949860
0.7212650162045373,0.0242597702890635,-0.0001561452954775
0.7213650252070581,0.0273705292493105,-0.0003486725909170
0.7214650342095787,0.0258005205541849,-0.0003375399101060
0.7215650432120995,0.0253012292087078,-0.0001324313052464
0.7216650522146202,0.0253216996788979,-0.0000103407001006
0.7217650612171409,0.0268470291048288,-0.0000211016795220
0.7218650702196615,0.0284553803503513,0.0000181465693458
0.7219650792221823,0.0252568293362856,-0.0000377977812605
0.7220650882247031,0.0268396008759737,0.0001055887987604
0.7221650972272237,0.0266769398003817,-0.0000974074500846
0.7222651062297445,0.0259759407490492,0.0000153149194375
0.7223651152322651,0.0261136796325445,0.0000365126797988
0.7224651242347859,0.0261453893035650,-0.0000960652905633
0.7225651332373065,0.0256676301360130,-0.0002002434048336
0.7226651422398273,0.0260226596146822,-0.0004118143115193
0.7227651512423480,0.0254686605185270,-0.0003309397143312
0.7228651602448687,0.0260535702109337,-0.0002189813967561
0.7229651692473893,0.0241471305489540,-0.0004838606109843
0.7230651782499101,0.0262638200074434,-0.0004455872112885
0.7231651872524307,0.0248522702604532,-0.0004777460126206
0.7232651962549514,0.0252211000770330,-0.0002890905016102
0.7233652052574722,0.0242154393345118,-0.0000551733392058
0.7234652142599929,0.0249872505664825,0.0000784261428635
0.7235652232625136,0.0261260494589806,0.0001450002018828
0.7236652322650343,0.0266319401562214,0.0000681505334796
0.7237652412675550,0.0268195699900389,0.0001912317966344
0.7238652502700758,0.0263002496212721,0.0001917675981531
0.7239652592725965,0.0277934391051531,0.0000864424073370
0.7240652682751171,0.0279669892042875,0.0002438280935166
0.7241652772776379,0.0270044691860676,-0.0000051329811868
0.7242652862801585,0.0262330397963524,0.0000116266201076
0.7243652952826792,0.0270121507346630,-0.0000963264828897
0.7244653042852000,0.0267361905425787,0.0000222738799494
0.7245653132877207,0.0269317496567965,-0.0001771667011781
0.7246653222902414,0.0257124807685614,-0.0000714895213605
0.7247653312927621,0.0281822308897972,-0.0001843706995714
0.7248653402952827,0.0274494700133801,0.0000438270617451
0.7249653492978035,0.0262829698622227,0.0001796051947167
0.7250653583003241,0.0266382507979870,0.0005121253780089
0.7251653673028449,0.0280818697065115,0.0001894783054013
0.7252653763053656,0.0284427404403687,0.0003587151877582
0.7253653853078863,0.0279385503381491,0.0002528661862016
0.7254653943104070,0.0273436903953552,0.0001912398001878
0.7255654033129277,0.0281594805419445,-0.0000020971010599
0.7256654123154485,0.0263857599347830,0.0004389125097077
0.7257654213179692,0.0254096705466509,0.0003243641112931
0.7258654303204899,0.0256042499095201,0.0003042063035537
0.7259654393230105,0.0266205091029406,-0.0001225841988344
0.7260654483255313,0.0261792801320553,-0.0000672528767609
0.7261654573280519,0.0254048202186823,-0.0002455170906615
0.7262654663305727,0.0255900397896767,-0.0003361001145095
0.7263654753330934,0.0247776601463556,-0.0004765808989760
0.7264654843356141,0.0260785799473524,-0.0004338102007750
0.7265654933381347,0.0254405308514833,-0.0001737840939313
0.7266655023406555,0.0252325404435396,0.0000469038095616
0.7267655113431761,0.0259963497519493,-0.0001283101009903
0.7268655203456970,0.0309652592986822,-0.0010060319909826
0.7269655293482176,0.0329692400991917,-0.0016497370088473
0.7270655383507383,0.0381811186671257,-0.0032552310731262
0.7271655473532591,0.0420780517160892,-0.0051075001247227
0.7272655563557797,0.0412830784916878,-0.0068454281426966
0.7273655653583004,0.0483481213450432,-0.0142829995602369
0.7274655743608212,0.0260398499667645,-0.0111414398998022
0.7275655833633419,0.0849969163537025,0.0849609673023224
0.7276655923658625,0.0849969089031219,0.0849603265523911
0.7277656013683833,0.0849968716502190,0.0849764123558998
0.7278656103709039,0.0849965810775757,0.0849979594349861
0.7279656193734247,0.0849966630339622,0.0849977210164070
0.7280656283759454,0.0849958807229996,0.0849979072809219
0.7281656373784661,0.0267121698707342,-0.0264906492084265
0.7282656463809868,0.0255938991904259,-0.0196912102401257
0.7283656553835075,0.0247502494603395,-0.0145117295905948
0.7284656643860281,0.0232274401932955,-0.0103780496865511
0.7285656733885489,0.0204723998904228,-0.0075358059257269
0.7286656823910695,0.0182208307087421,-0.0045192558318377
0.7287656913935903,0.0175752490758896,-0.0026081600226462
0.7288657003961110,0.0167184900492430,-0.0006398133118637
0.7289657093986317,0.0159231703728437,0.0011529229814187
0.7290657184011524,0.0156819596886635,0.0030317420605570
0.7291657274036731,0.0158511698246002,0.0042869760654867
0.7292657364061939,0.0152416704222560,0.0048366859555244
0.7293657454087146,0.0147825703024864,0.0052205561660230
0.7294657544112353,0.0147977601736784,0.0051744477823377
0.7295657634137559,0.0148557303473353,0.0052193640731275
0.7296657724162767,0.0148374801501632,0.0047248019836843
0.7297657814187973,0.0148579701781273,0.0041714818216860
0.7298657904213181,0.0152898002415895,0.0033570160157979
0.7299657994238388,0.0152471801266074,0.0028320050332695
0.7300658084263595,0.0163877997547388,0.0026206159964204
0.7301658174288801,0.0166429299861193,0.0021461991127580
0.7302658264314009,0.0175952203571796,0.0020793268922716
0.7303658354339215,0.0175433699041605,0.0016087900148705
0.7304658444364424,0.0183181706815958,0.0014767450047657
0.7305658534389630,0.0177202597260475,0.0010977999772877
0.7306658624414837,0.0188783295452595,0.0010693370131776
0.7307658714440045,0.0184165406972170,0.0004536811029539
0.7308658804465251,0.0194803308695555,0.0002931120106950
0.7309658894490458,0.0184555090963840,-0.0002324381057406
0.7310658984515666,0.0179775394499302,-0.0004883150104433
0.7311659074540873,0.0183821693062782,-0.0002156408008887
0.7312659164566079,0.0181542001664639,-0.0003387196920812
0.7313659254591287,0.0196016691625118,-0.0002387887070654
0.7314659344616493,0.0192529000341892,-0.0003570948028937
0.7315659434641701,0.0199583992362022,-0.0002144861064153
0.7316659524666907,0.0190649703145027,-0.0006732551846653
0.7317659614692115,0.0188007000833750,-0.0009514312841929
0.7318659704717322,0.0175052192062140,-0.0012324879644439
0.7319659794742529,0.0185413304716349,-0.0009022278245538
0.7320659884767735,0.0183928906917572,-0.0011138760019094
0.7321659974792943,0.0180876497179270,-0.0007533453172073
0.7322660064818149,0.0187213309109211,-0.0003306875878479
0.7323660154843357,0.0171004999428988,-0.0003494982956909
0.7324660244868565,0.0165044199675322,-0.0000399357413698
0.7325660334893771,0.0162948407232761,-0.0000045911451707
0.7326660424918979,0.0159804802387953,0.0000850866126711
0.7327660514944185,0.0174294207245111,0.0002400920930086
0.7328660604969393,0.0159646198153496,0.0000806115785963
0.7329660694994600,0.0156101500615478,0.0000025892009035
0.7330660785019807,0.0158646106719971,0.0003066759090871
0.7331660875045013,0.0147238997742534,-0.0000841993023641
0.7332660965070221,0.0150183895602822,0.0000257275605691
0.7333661055095427,0.0160636901855469,0.0002013521007029
0.7334661145120634,0.0160393696278334,0.0004326060006861
0.7335661235145842,0.0171548798680305,0.0003484149056021
0.7336661325171049,0.0162722393870354,0.0001991504977923
0.7337661415196256,0.0152753302827477,0.0001153163975687
0.7338661505221463,0.0145639795809984,-0.0002915152872447
0.7339661595246669,0.0137491701170802,-0.0007304431055672
0.7340661685271878,0.0137694301083684,-0.0004906972753815
0.7341661775297085,0.0148125598207116,-0.0004077829071321
0.7342661865322291,0.0142501303926110,-0.0001352112012682
0.7343661955347499,0.0140872802585363,0.0000088127026174
0.7344662045372705,0.0147927701473236,0.0003164442023262
0.7345662135397912,0.0142968501895666,0.0003160503983963
0.7346662225423120,0.0144167197868228,0.0004419338947628
0.7347662315448327,0.0149373002350330,0.0002833837061189
0.7348662405473534,0.0154121797531843,0.0000702954275766
0.7349662495498741,0.0152743896469474,-0.0001204739965033
0.7350662585523947,0.0160047505050898,-0.0004756039124914
0.7351662675549155,0.0146716395393014,-0.0004218567919452
0.7352662765574361,0.0154180703684688,-0.0000487438192067
0.7353662855599569,0.0142523795366287,-0.0001619226968614
0.7354662945624776,0.0141489403322339,-0.0002918918034993
0.7355663035649983,0.0153008904308081,-0.0000761871269788
0.7356663125675189,0.0147501500323415,-0.0000402760306315
0.7357663215700397,0.0147910201922059,-0.0004169968888164
0.7358663305725603,0.0161366593092680,-0.0004008541000076
0.7359663395750812,0.0156982000917196,-0.0001211154012708
0.7360663485776019,0.0152351399883628,-0.0001950446021510
0.7361663575801225,0.0157269705086946,-0.0000006332517160
0.7362663665826433,0.0151421101763844,0.0003028582141269
0.7363663755851639,0.0141820302233100,0.0000564890688111
0.7364663845876847,0.0145316096022725,0.0002052693016594
0.7365663935902054,0.0145364096388221,0.0001662396971369
0.7366664025927261,0.0144345303997397,-0.0000271429398708
0.7367664115952467,0.0153516596183181,-0.0001679098058958
0.7368664205977675,0.0149445300921798,-0.0002735875023063
0.7369664296002881,0.0151555500924587,-0.0003741417021956
0.7370664386028090,0.0165679305791855,-0.0004660887934733
0.7371664476053296,0.0163328498601913,-0.0003888017090503
0.7372664566078503,0.0153040001168847,-0.0003379496920388
0.7373664656103710,0.0172908492386341,-0.0000683384569129
0.7374664746128917,0.0159494895488024,0.0000773310384830
0.7375664836154123,0.0173048004508018,0.0002319461054867
0.7376664926179332,0.0165091902017593,0.0004215202934574
0.7377665016204539,0.0166684892028570,-0.0000820538771222
0.7378665106229745,0.0171758998185396,0.0001937273045769
0.7379665196254953,0.0176829192787409,-0.0000380271885660
0.7380665286280159,0.0171971600502729,-0.0002814054023474
0.7381665376305367,0.0189818702638149,-0.0002514737134334
0.7382665466330574,0.0185926798731089,-0.0002729290863499
0.7383665556355781,0.0194201301783323,0.0000048503561629
0.7384665646380988,0.0182132609188557,-0.0004359883896541
0.7385665736406195,0.0183253791183233,-0.0005550791975111
0.7386665826431401,0.0199010092765093,-0.0000864005778567
0.7387665916456609,0.0198770705610514,-0.0002048310998362
0.7388666006481815,0.0198744293302298,-0.0003197015903424
0.7389666096507023,0.0208422094583511,-0.0000204964599106
0.7390666186532230,0.0202197209000587,-0.0002529874909669
0.7391666276557437,0.0207652896642685,-0.0000923747575143
0.7392666366582643,0.0211714897304773,0.0002247029042337
0.7393666456607851,0.0212835799902678,0.0002960399142466
0.7394666546633059,0.0219423007220030,0.0007317282725126
0.7395666636658266,0.0223467797040939,0.0008747978135943
0.7396666726683473,0.0221920106559992,0.0006440699216910
0.7397666816708679,0.0237112604081631,0.0009659290080890
0.7398666906733887,0.0228247493505478,0.0002598605933599
0.7399666996759093,0.0222209393978119,0.0001083890019800
0.7400667086784301,0.0227854605764151,-0.0002347562985960
0.7401667176809508,0.0226411707699299,-0.0004700577992480
0.7402667266834715,0.0239146295934916,-0.0002564201131463
0.7403667356859921,0.0240272004157305,-0.0004149290034547
0.7404667446885129,0.0247883796691895,-0.0001124920963775
0.7405667536910335,0.0261731501668692,-0.0000662348102196
0.7406667626935544,0.0252360198646784,-0.0002325255045434
0.7407667716960750,0.0248539894819260,-0.0002256815059809
0.7408667806985957,0.0243017207831144,-0.0003834408125840
0.7409667897011164,0.0255217105150223,-0.0003237058117520
0.7410667987036371,0.0256504993885756,-0.0001376042928314
0.7411668077061578,0.0257761403918266,-0.0001048495032592
0.7412668167086786,0.0262800492346287,-0.0000787811877672
0.7413668257111993,0.0257684309035540,-0.0000401324505219
0.7414668347137199,0.0267487503588200,0.0003388340119272
0.7415668437162407,0.0264277607202530,0.0001745133049553
0.7416668527187613,0.0265016891062260,0.0001947837008629
0.7417668617212821,0.0281241200864315,0.0003325965080876
0.7418668707238028,0.0272490903735161,0.0001701769942883
0.7419668797263235,0.0268418192863464,-0.0002387325948803
0.7420668887288442,0.0256587192416191,-0.0002880111860577
0.7421668977313649,0.0279334709048271,-0.0000516419095220
0.7422669067338855,0.0271203909069300,-0.0001783668994904
0.7423669157364063,0.0271856691688299,0.0000394386916014
0.7424669247389269,0.0264137908816338,-0.0000739628085284
0.7425669337414477,0.0281360708177090,0.0002169867948396
0.7426669427439684,0.0292920805513859,0.0008260193280876
0.7427669517464891,0.0281332395970821,0.0006369546172209
0.7428669607490099,0.0291937403380871,0.0007068917038850
0.7429669697515305,0.0288266893476248,0.0006900312728249
0.7430669787540513,0.0283210799098015,0.0003561452031136
0.7431669877565720,0.0284564495086670,0.0003470203955658
0.7432669967590927,0.0299161598086357,0.0000744122735341
0.7433670057616133,0.0295155607163906,0.0001677473046584
0.7434670147641341,0.0286846607923508,0.0003129268880002
0.7435670237666547,0.0306584108620882,0.0003504579945002
0.7436670327691755,0.0285608898848295,-0.0000852346929605
0.7437670417716962,0.0276543591171503,-0.0002333591983188
0.7438670507742169,0.0271864794194698,-0.0003107214870397
0.7439670597767376,0.0285571608692408,-0.0004256590036675
0.7440670687792583,0.0289748907089233,-0.0001941660011653
0.7441670777817789,0.0276654791086912,-0.0005691549158655
0.7442670867842998,0.0275944508612156,-0.0005024354904890
0.7443670957868204,0.0295953191816807,-0.0000219082103285
0.7444671047893411,0.0288208890706301,-0.0002079512050841
0.7445671137918619,0.0284087192267179,0.0000903744585230
0.7446671227943825,0.0285110808908939,0.0003780786064453
0.7447671317969032,0.0284174904227257,0.0003341445117258
0.7448671407994240,0.0297288205474615,0.0001909513957798
0.7449671498019447,0.0287133008241653,-0.0000298425893561
0.7450671588044654,0.0288233105093241,-0.0000800971683930
0.7451671678069861,0.0281340796500444,-0.0001589653984411
0.7452671768095067,0.0299802403897047,-0.0001170594987343
0.7453671858120275,0.0288327708840370,-0.0001311985979555
0.7454671948145482,0.0291362907737494,0.0002612973912619
0.7455672038170689,0.0274604093283415,-0.0001751285017235
0.7456672128195896,0.0292761791497469,0.0001336534041911
0.7457672218221103,0.0283049400895834,0.0002398361975793
0.7458672308246309,0.0284671392291784,0.0003170217969455
0.7459672398271517,0.0278039202094078,0.0001150874013547
0.7460672488296723,0.0296564307063818,0.0002584549947642
0.7461672578321932,0.0287029203027487,0.0003209807036910
0.7462672668347138,0.0278737191110849,0.0003197648911737
0.7463672758372345,0.0267317797988653,-0.0000056231829149
0.7464672848397553,0.0287423506379128,0.0005613734829240
0.7465672938422759,0.0275706592947245,0.0002138405980077
0.7466673028447967,0.0276403203606606,0.0003045026969630
0.7467673118473174,0.0279170107096434,0.0003027381026186
0.7468673208498381,0.0291096903383732,0.0003051435924135
0.7469673298523587,0.0282214395701885,-0.0007115397020243
0.7470673388548795,0.0268094595521688,-0.0010303780436516
0.7471673478574001,0.0261382106691599,-0.0011823769891635
0.7472673568599210,0.0267831403762102,-0.0006711814785376
0.7473673658624416,0.0278299096971750,-0.0007991298916750
0.7474673748649623,0.0279535297304392,-0.0003339521936141
0.7475673838674830,0.0265803597867489,-0.0002570890937932
0.7476673928700037,0.0267105605453253,-0.0000042400461098
0.7477674018725243,0.0268860999494791,0.0000956307994784
0.7478674108750452,0.0274804905056953,0.0003069716040045
0.7479674198775658,0.0262644998729229,0.0000432945889770
0.7480674288800865,0.0254111997783184,0.0000656069023535
0.7481674378826073,0.0245714504271746,-0.0002605250047054
0.7482674468851279,0.0255278404802084,-0.0004735954862554
0.7483674558876486,0.0254910103976727,-0.0004349609080236
0.7484674648901694,0.0255542602390051,0.0001423196954420
0.7485674738926901,0.0248421691358089,-0.0001301623997279
0.7486674828952108,0.0244443397969007,-0.0002750399871729
0.7487674918977315,0.0257165394723415,0.0005103382281959
0.7488675009002521,0.0247017703950405,0.0001277686969843
0.7489675099027729,0.0246881693601608,0.0000561263914278
0.7490675189052936,0.0248972903937101,0.0002593281969894
0.7491675279078143,0.0250796806067228,-0.0000926661596168
0.7492675369103350,0.0254356209188700,0.0004071269067936
0.7493675459128557,0.0248394608497620,0.0002923076099250
0.7494675549153763,0.0241602398455143,0.0002775792090688
0.7495675639178971,0.0245861392468214,0.0005566066247411
0.7496675729204177,0.0260466802865267,0.0009516698773950
0.7497675819229386,0.0265070907771587,0.0011096290545538
0.7498675909254593,0.0258440207690001,0.0008324292721227
0.7499675999279799,0.0253945104777813,0.0002556242106948
0.7500676089305007,0.0262552704662085,0.0000724653000361
0.7501676179330213,0.0264071095734835,-0.0000546998198843
0.7502676269355421,0.0255729798227549,-0.0004922209773213
0.7503676359380628,0.0252699796110392,-0.0004420347104315
0.7504676449405835,0.0266321599483490,-0.0002780494105536
0.7505676539431041,0.0263063106685877,-0.0000440354815510
0.7506676629456249,0.0261796694248915,0.0000384895502066
0.7507676719481455,0.0244418308138847,-0.0004050568968523
0.7508676809506664,0.0254528392106295,-0.0000384471495636
0.7509676899531870,0.0264207497239113,0.0000624764870736
0.7510676989557077,0.0250047203153372,-0.0000607931506238
0.7511677079582284,0.0248814690858126,0.0000314524586429
0.7512677169607491,0.0250312797725201,-0.0000433417990280
0.7513677259632697,0.0266433395445347,0.0001887542020995
0.7514677349657906,0.0252529494464397,-0.0003394139057491
0.7515677439683113,0.0253585390746593,0.0000814436571090
0.7516677529708319,0.0249013304710388,-0.0000582209213462
0.7517677619733527,0.0262165591120720,-0.0002407575957477
0.7518677709758733,0.0255778208374977,-0.0001819327007979
0.7519677799783941,0.0252561699599028,-0.0003517961013131
0.7520677889809148,0.0246900394558907,-0.0003758987877518
0.7521677979834355,0.0243049208074808,-0.0005419487133622
0.7522678069859562,0.0250900909304619,-0.0003999193140771
0.7523678159884769,0.0255395509302616,-0.0000818844564492
0.7524678249909975,0.0241418797522783,-0.0000938368320931
0.7525678339935183,0.0236952807754278,0.0000894144905033
0.7526678429960389,0.0247048493474722,0.0003421375877224
0.7527678519985597,0.0241516400128603,0.0004954374162480
0.7528678610010804,0.0225558094680309,0.0002638967998791
0.7529678700036011,0.0235307291150093,0.0004721033910755
0.7530678790061218,0.0237632002681494,0.0006250151200220
0.7531678880086425,0.0257386304438114,0.0006249666912481
0.7532678970111631,0.0245057493448257,0.0002366281987634
0.7533679060136840,0.0237253904342651,-0.0001998919033213
0.7534679150162047,0.0246389992535114,0.0000657617274555
0.7535679240187253,0.0295833107084036,-0.0000119276701298
0.7536679330212461,0.0303148403763771,-0.0004795586864930
0.7537679420237667,0.0359046198427677,0.0003910594969057
0.7538679510262875,0.0342850089073181,-0.0000661881276756
0.7539679600288082,0.0381913185119629,0.0006036976119503
0.7540679690313289,0.0416106991469860,0.0013930309796706
0.7541679780338496,0.0408712886273861,0.0008173619280569
0.7542679870363703,0.0849973782896996,0.0849962532520294
0.7543679960388909,0.0849971771240234,0.0849966928362846
0.7544680050414118,0.0849972292780876,0.0849970132112503
0.7545680140439324,0.0849975571036339,0.0849720835685730
0.7546680230464531,0.0849973186850548,0.0849722772836685
0.7547680320489738,0.0849975124001503,0.0849749296903610
0.7548680410514945,0.0849974378943443,0.0849694013595581
0.7549680500540151,0.0259025599807501,0.0347723700106144
0.7550680590565360,0.0232964996248484,0.0300457403063774
0.7551680680590567,0.0231042094528675,0.0255092605948448
0.7552680770615774,0.0217465292662382,0.0218647792935371
0.7553680860640981,0.0187278892844915,0.0188488308340311
0.7554680950666187,0.0161682497709990,0.0158812906593084
0.7555681040691395,0.0154490396380424,0.0120541099458933
0.7556681130716602,0.0142482295632362,0.0088099399581552
0.7557681220741809,0.0129664298146963,0.0064244950190187
0.7558681310767016,0.0125512899830937,0.0036511130165309
0.7559681400792223,0.0117565598338842,0.0013657390372828
0.7560681490817429,0.0114702703431249,-0.0007483072113246
0.7561681580842637,0.0116073098033667,-0.0027280549984425
0.7562681670867843,0.0116481203585863,-0.0045455838553607
0.7563681760893052,0.0123378196731210,-0.0062047820538282
0.7564681850918258,0.0121221402660012,-0.0076784729026258
0.7565681940943465,0.0127803897485137,-0.0089885415509343
0.7566682030968672,0.0138602303341031,-0.0100120697170496
0.7567682120993879,0.0138057302683592,-0.0104803498834372
0.7568682211019087,0.0144426496699452,-0.0112035302445292
0.7569682301044294,0.0158321298658848,-0.0114171598106623
0.7570682391069501,0.0165431406348944,-0.0113529097288847
0.7571682481094707,0.0166116598993540,-0.0112853897735476
0.7572682571119915,0.0162290092557669,-0.0099680805578828
0.7573682661145121,0.0173464901745319,-0.0097014298662543
0.7574682751170329,0.0167517699301243,-0.0084279533475637
0.7575682841195536,0.0179860498756170,-0.0080559430643916
0.7576682931220743,0.0177002400159836,-0.0066098999232054
0.7577683021245950,0.0185364000499249,-0.0055773691274226
0.7578683111271157,0.0184659101068974,-0.0047419457696378
0.7579683201296363,0.0176658499985933,-0.0033188681118190
0.7580683291321572,0.0170205198228359,-0.0021848150063306
0.7581683381346778,0.0174553096294403,-0.0013919679913670
0.7582683471371985,0.0167898591607809,-0.0004550036974251
0.7583683561397192,0.0161359906196594,0.0006618481129408
0.7584683651422399,0.0173421502113342,0.0013291429495439
0.7585683741447606,0.0162308998405933,0.0018295160261914
0.7586683831472814,0.0156387593597174,0.0024624720681459
0.7587683921498021,0.0142628196626902,0.0026420510839671
0.7588684011523228,0.0149148004129529,0.0029250360094011
0.7589684101548435,0.0151667604222894,0.0026363050565124
0.7590684191573641,0.0140430200845003,0.0026794499717653
0.7591684281598849,0.0142857702448964,0.0021893880330026
0.7592684371624056,0.0144588295370340,0.0018336459761485
0.7593684461649263,0.0126021998003125,0.0020734309218824
0.7594684551674470,0.0133501896634698,0.0015335780335590
0.7595684641699677,0.0132315997034311,0.0011059390380979
0.7596684731724883,0.0136842001229525,0.0011120929848403
0.7597684821750091,0.0128739699721336,0.0008006105199456
0.7598684911775297,0.0123665602877736,0.0005785730900243
0.7599685001800506,0.0129081197082996,0.0005125714815222
0.7600685091825712,0.0130675099790096,0.0005201069288887
0.7601685181850919,0.0127616096287966,0.0003563734062482
0.7602685271876127,0.0127326902002096,0.0007987106801011
0.7603685361901333,0.0124024897813797,0.0008455301285721
0.7604685451926541,0.0125717800110579,0.0001891567953862
0.7605685541951748,0.0126471500843763,0.0000035450930227
0.7606685631976955,0.0119917998090386,0.0003128483076580
0.7607685722002161,0.0116694401949644,0.0000156772493938
0.7608685812027369,0.0124698001891375,-0.0002855691127479
0.7609685902052575,0.0126296197995543,-0.0002865759015549
0.7610685992077784,0.0132783502340317,-0.0006644903915003
0.7611686082102990,0.0124629195779562,-0.0004083066887688
0.7612686172128197,0.0134135596454144,-0.0006974947173148
0.7613686262153404,0.0133746098726988,-0.0004780367016792
0.7614686352178611,0.0130716897547245,-0.0003879088908434
0.7615686442203817,0.0140922600403428,-0.0003679399960674
0.7616686532229026,0.0142590804025531,-0.0004888114053756
0.7617686622254232,0.0142819797620177,-0.0004781392053701
0.7618686712279439,0.0144443698227406,-0.0002448857994750
0.7619686802304646,0.0140020698308945,-0.0003242045931984
0.7620686892329853,0.0138071496039629,-0.0002126964973286
0.7621686982355061,0.0144264502450824,-0.0001944735995494
0.7622687072380268,0.0144414603710175,-0.0004100739897694
0.7623687162405475,0.0139716397970915,-0.0002263356000185
0.7624687252430682,0.0152450203895569,-0.0005393524188548
0.7625687342455889,0.0148152597248554,-0.0005736686289310
0.7626687432481095,0.0154107501730323,-0.0007050411077216
0.7627687522506303,0.0160377603024244,-0.0007915275054984
0.7628687612531510,0.0161035694181919,-0.0006012152880430
0.7629687702556717,0.0164360906928778,-0.0009546048240736
0.7630687792581924,0.0174203608185053,-0.0009203556110151
0.7631687882607131,0.0173258204013109,-0.0006686607957818
0.7632687972632338,0.0168601106852293,-0.0004391673137434
0.7633688062657545,0.0161938704550266,0.0000072522529990
0.7634688152682751,0.0153925204649568,-0.0002303015935468
0.7635688242707960,0.0161504093557596,0.0001910450955620
0.7636688332733166,0.0164570696651936,0.0002687294036150
0.7637688422758373,0.0164643805474043,0.0000761525370763
0.7638688512783581,0.0163582190871239,0.0002362185041420
0.7639688602808787,0.0161140002310276,0.0005317549221218
0.7640688692833995,0.0171172004193068,-0.0001047589030350
0.7641688782859202,0.0170744303613901,0.0000913258481887
0.7642688872884409,0.0173292905092239,-0.0001305811019847
0.7643688962909616,0.0163377802819014,-0.0000818448679638
0.7644689052934823,0.0173907801508904,-0.0002373314055149
0.7645689142960029,0.0179518908262253,-0.0003844099992421
0.7646689232985238,0.0175205506384373,-0.0005929587059654
0.7647689323010444,0.0185243599116802,-0.0005003865226172
0.7648689413035651,0.0182928293943405,-0.0003624818928074
0.7649689503060858,0.0194458607584238,-0.0001673240039963
0.7650689593086065,0.0195065494626760,-0.0000536855804967
0.7651689683111271,0.0191199593245983,0.0000731526670279
0.7652689773136480,0.0187990907579660,0.0004191992920823
0.7653689863161686,0.0197979994118214,0.0000772950297687
0.7654689953186894,0.0190062094479799,0.0004705635947175
0.7655690043212101,0.0193923804908991,0.0000976614173851
0.7656690133237307,0.0198599398136139,-0.0000665372208459
0.7657690223262515,0.0196976698935032,-0.0001685658062343
0.7658690313287722,0.0197698697447777,-0.0005658129812218
0.7659690403312929,0.0195757392793894,-0.0004299124993850
0.7660690493338136,0.0205855201929808,-0.0006187753751874
0.7661690583363343,0.0223187208175659,-0.0008117425022647
0.7662690673388549,0.0223833993077278,-0.0007907606777735
0.7663690763413757,0.0234330706298351,-0.0007434883737005
0.7664690853438964,0.0227196402847767,-0.0007792906253599
0.7665690943464171,0.0235561598092318,-0.0005970402853563
0.7666691033489378,0.0238920804113150,-0.0006540081813000
0.7667691123514585,0.0224841404706240,-0.0004664972075261
0.7668691213539792,0.0216174293309450,-0.0001964828989003
0.7669691303564999,0.0239432901144028,-0.0003272061003372
0.7670691393590205,0.0237220898270607,-0.0000463654505438
0.7671691483615414,0.0229503698647022,-0.0001225268933922
0.7672691573640621,0.0244497302919626,0.0001824901992222
0.7673691663665827,0.0232578199356794,0.0005985865718685
0.7674691753691035,0.0224362406879663,0.0004670365015045
0.7675691843716241,0.0233188103884459,0.0001738730061334
0.7676691933741449,0.0255960393697023,-0.0003691288002301
0.7677692023766656,0.0249567609280348,-0.0002049575996352
0.7678692113791863,0.0246828701347113,-0.0006392771028914
0.7679692203817070,0.0270408596843481,-0.0008630615775473
0.7680692293842277,0.0268730204552412,-0.0007290932117030
0.7681692383867483,0.0262103099375963,-0.0003657001070678
0.7682692473892692,0.0253584794700146,-0.0002006864961004
0.7683692563917898,0.0271981507539749,0.0000919266312849
0.7684692653943105,0.0265525896102190,0.0000210975194932
0.7685692743968312,0.0267972107976675,0.0000959099124884
0.7686692833993519,0.0267709493637085,0.0000719937816029
0.7687692924018725,0.0262774992734194,0.0000550351396669
0.7688693014043934,0.0258802101016045,-0.0000470107406727
0.7689693104069140,0.0268131792545319,-0.0000097894480859
0.7690693194094348,0.0273780096322298,-0.0000613740194240
0.7691693284119555,0.0270308591425419,-0.0001570041931700
0.7692693374144761,0.0268910694867373,-0.0000000888176785
0.7693693464169969,0.0259072594344616,-0.0000419704410888
0.7694693554195176,0.0269492808729410,-0.0000945790525293
0.7695693644220383,0.0270860306918621,-0.0002143036981579
0.7696693734245590,0.0251386798918247,-0.0001606470032129
0.7697693824270797,0.0257622096687555,-0.0002019912935793
0.7698693914296003,0.0281048603355885,-0.0004451482091099
0.7699694004321211,0.0270471703261137,-0.0001797480945243
0.7700694094346417,0.0272048991173506,0.0000056574272094
0.7701694184371626,0.0276628993451595,0.0001209023030242
0.7702694274396832,0.0285113696008921,0.0002413116017124
0.7703694364422039,0.0281790997833014,0.0003723753907252
0.7704694454447246,0.0274338107556105,0.0006433090893552
0.7705694544472453,0.0268322005867958,0.0006099487072788
0.7706694634497659,0.0297932904213667,0.0004323649045546
0.7707694724522868,0.0294818896800280,0.0003593426081352
0.7708694814548075,0.0279125608503819,-0.0000346062988683
0.7709694904573281,0.0260528493672609,-0.0000328743517457
0.7710694994598489,0.0254682898521423,0.0000365779997082
0.7711695084623695,0.0294784791767597,-0.0002400499070063
0.7712695174648904,0.0279639903455973,0.0000315233883157
0.7713695264674110,0.0261541996151209,0.0000073505120781
0.7714695354699317,0.0274845194071531,0.0001866140955826
0.7715695444724524,0.0266715604811907,0.0001826605002861
0.7716695534749731,0.0295333508402109,0.0000704705234966
0.7717695624774937,0.0289225894957781,0.0000708521984052
0.7718695714800146,0.0290082003921270,0.0001924554962898
0.7719695804825352,0.0286703500896692,0.0001644282019697
0.7720695894850559,0.0294822491705418,0.0000110787896119
0.7721695984875766,0.0282846298068762,0.0000445583791588
0.7722696074900973,0.0282254107296467,0.0003809473128058
0.7723696164926180,0.0276442095637321,0.0001941586961038
0.7724696254951388,0.0278246495872736,0.0000827855474199
0.7725696344976595,0.0290578305721283,0.0000089456380010
0.7726696435001802,0.0289686694741249,-0.0001962803071365
0.7727696525027009,0.0265569295734167,-0.0003601858043112
0.7728696615052215,0.0277770999819040,-0.0004331282107159
0.7729696705077423,0.0294554494321346,-0.0008130650967360
0.7730696795102630,0.0284126903861761,-0.0006097810110077
0.7731696885127837,0.0268245991319418,-0.0004112028109375
0.7732696975153044,0.0274980496615171,-0.0002799816138577
0.7733697065178251,0.0276613105088472,-0.0001687251060503
0.7734697155203458,0.0263586696237326,0.0002312860015081
0.7735697245228665,0.0289170201867819,0.0003053855034523
0.7736697335253871,0.0271000992506742,0.0001550726010464
0.7737697425279080,0.0268572792410851,0.0001168665985460
0.7738697515304286,0.0272005908191204,0.0001367463992210
0.7739697605329493,0.0278665907680988,-0.0000406149410992
0.7740697695354700,0.0277868099510670,-0.0002496755914763
0.7741697785379907,0.0288530196994543,-0.0001065378019121
0.7742697875405115,0.0290221907198429,0.0000590883282712
0.7743697965430322,0.0276484508067369,0.0000545584807696
0.7744698055455529,0.0282126497477293,-0.0000327216584992
0.7745698145480736,0.0291916001588106,-0.0001033080989146
0.7746698235505943,0.0278113503009081,-0.0000745036886656
0.7747698325531149,0.0265745203942060,-0.0000939097735682
0.7748698415556358,0.0265140403062105,0.0001269438071176
0.7749698505581564,0.0271352995187044,0.0000093789940365
0.7750698595606771,0.0262564495205879,0.0003573315043468
0.7751698685631978,0.0260553807020187,0.0002992615045514
0.7752698775657185,0.0259048994630575,0.0002312447031727
0.7753698865682391,0.0261235199868679,0.0002793194144033
0.7754698955707600,0.0271074399352074,0.0003307439910714
0.7755699045732806,0.0251919496804476,0.0005729743279517
0.7756699135758014,0.0250472500920296,0.0003579411131795
0.7757699225783220,0.0254580695182085,0.0003505164931994
0.7758699315808427,0.0260197408497334,0.0001338066067547
0.7759699405833635,0.0266046896576881,-0.0002131459041266
0.7760699495858842,0.0252384692430496,-0.0003069626109209
0.7761699585884049,0.0256128907203674,-0.0004475647874642
0.7762699675909256,0.0253559704869986,-0.0003987246891484
0.7763699765934463,0.0245173405855894,-0.0004226001910865
0.7764699855959669,0.0258963797241449,-0.0003843710001092
0.7765699945984877,0.0274688992649317,-0.0004707395855803
0.7766700036010084,0.0269228499382734,-0.0003293372865301
0.7767700126035291,0.0263497196137905,-0.0000680252924212
0.7768700216060498,0.0260058101266623,0.0001847906969488
0.7769700306085705,0.0268223006278276,-0.0001860782067524
0.7770700396110912,0.0260263793170452,-0.0000043998670662
0.7771700486136119,0.0250976998358965,0.0001591570035089
0.7772700576161325,0.0254938006401062,0.0001551206951262
0.7773700666186534,0.0261914096772671,0.0001143913978012
0.7774700756211740,0.0269212592393160,0.0003535051946528
0.7775700846236947,0.0265126191079617,0.0002043793938356
0.7776700936262155,0.0267789606004953,0.0001711279037409
0.7777701026287361,0.0261785201728344,0.0001168810995296
0.7778701116312569,0.0269975699484348,-0.0002278687024955
0.7779701206337776,0.0287060700356960,-0.0003063440963160
0.7780701296362983,0.0260096602141857,-0.0001432060962543
0.7781701386388190,0.0259339399635792,-0.0001230319030583
0.7782701476413397,0.0257563795894384,0.0001131652970798
0.7783701566438603,0.0272943899035454,0.0001169601964648
0.7784701656463812,0.0269622392952442,0.0002078819961753
0.7785701746489018,0.0261917002499104,0.0003973066050094
0.7786701836514225,0.0254657398909330,0.0004733942041639
0.7787701926539432,0.0266442000865936,0.0004336952115409
0.7788702016564639,0.0258338097482920,0.0003713170008268
0.7789702106589845,0.0245643705129623,0.0001535170013085
0.7790702196615054,0.0250653196126223,0.0001221765996888
0.7791702286640260,0.0241204202175140,-0.0000163657605299
0.7792702376665468,0.0263509396463633,0.0000602275504207
0.7793702466690674,0.0257560200989246,-0.0000123946401800
0.7794702556715881,0.0260968208312988,-0.0001187599991681
0.7795702646741089,0.0243413299322128,-0.0002381287049502
0.7796702736766296,0.0249545294791460,-0.0003428120107856
0.7797702826791503,0.0260958503931761,-0.0005374564789236
0.7798702916816710,0.0259198192507029,-0.0003256351919845
0.7799703006841917,0.0255792401731014,-0.0000525204886799
0.7800703096867123,0.0250574704259634,0.0001147391012637
0.7801703186892331,0.0239539407193661,0.0001615313958609
0.7802703276917538,0.0243829097598791,0.0003292380133644
0.7803703366942746,0.0288801807910204,-0.0005464346031658
0.7804703456967952,0.0319095589220524,-0.0013335499679670
0.7805703546993159,0.0369482189416885,-0.0026939979288727
0.7806703637018366,0.0400743782520294,-0.0042031058110297
0.7807703727043573,0.0424100086092949,-0.0067970501258969
0.7808703817068779,0.0384425893425941,-0.0077571379952133
0.7809703907093988,0.0849973931908607,0.0849604830145836
0.7810703997119194,0.0849967673420906,0.0849578827619553
0.7811704087144401,0.0849968567490578,0.0849617272615433
0.7812704177169609,0.0849969536066055,0.0849765613675117
0.7813704267194815,0.0849967375397682,0.0849979370832443
0.7814704357220024,0.0849968865513802,0.0849977806210518
0.7815704447245230,0.0849963799118996,0.0849978998303413
0.7816704537270437,0.0258946102112532,-0.0243677999824286
0.7817704627295644,0.0245505999773741,-0.0185519494116306
0.7818704717320851,0.0237377695739269,-0.0140095902606845
0.7819704807346057,0.0221117492765188,-0.0109030902385712
0.7820704897371266,0.0194548796862364,-0.0082371635362506
0.7821704987396472,0.0179278701543808,-0.0052925599738955
0.7822705077421679,0.0170060899108648,-0.0033620849717408
0.7823705167446886,0.0151017103344202,-0.0014448360307142
0.7824705257472093,0.0150197595357895,0.0001932611048687
0.7825705347497300,0.0149902803823352,0.0026435910258442
0.7826705437522508,0.0151120200753212,0.0045907460153103
0.7827705527547714,0.0147965997457504,0.0055861407890916
0.7828705617572922,0.0143863596022129,0.0060444390401244
0.7829705707598129,0.0146365296095610,0.0064466157928109
0.7830705797623335,0.0153398299589753,0.0063861031085253
0.7831705887648543,0.0141687802970409,0.0055250748991966
0.7832705977673750,0.0148874400183558,0.0048573981039226
0.7833706067698957,0.0146498698741198,0.0039677638560534
0.7834706157724164,0.0145145701244473,0.0033143600448966
0.7835706247749371,0.0144874099642038,0.0025577850174159
0.7836706337774578,0.0150940697640181,0.0023406120017171
0.7837706427799785,0.0155512299388647,0.0019242550479248
0.7838706517824992,0.0167044699192047,0.0019653819035739
0.7839706607850200,0.0161628201603889,0.0015660730423406
0.7840706697875406,0.0169646404683590,0.0015884479507804
0.7841706787900613,0.0176393296569586,0.0010140329832211
0.7842706877925820,0.0185897108167410,0.0009127574739978
0.7843706967951027,0.0188359599560499,0.0003474754921626
0.7844707057976233,0.0186290200799704,-0.0000966107909335
0.7845707148001442,0.0190328396856785,-0.0000853713863762
0.7846707238026649,0.0171870496124029,-0.0005276802112348
0.7847707328051856,0.0178384892642498,-0.0004775765119120
0.7848707418077063,0.0170140694826841,-0.0006972802220844
0.7849707508102269,0.0171083807945251,-0.0006339671090245
0.7850707598127478,0.0164667405188084,-0.0008655004785396
0.7851707688152684,0.0166585594415665,-0.0007484473753721
0.7852707778177891,0.0172648709267378,-0.0010769870132208
0.7853707868203098,0.0162581391632557,-0.0010196119546890
0.7854707958228305,0.0170622207224369,-0.0011943139834329
0.7855708048253511,0.0168071296066046,-0.0011094709625468
0.7856708138278720,0.0160827692598104,-0.0007155548082665
0.7857708228303926,0.0167391095310450,-0.0008714547147974
0.7858708318329133,0.0165457092225552,-0.0004043744120281
0.7859708408354340,0.0181010495871305,-0.0001470158022130
0.7860708498379547,0.0170057807117701,0.0001126147981267
0.7861708588404754,0.0159243904054165,0.0003491955867503
0.7862708678429962,0.0156391002237797,0.0003117957094219
0.7863708768455168,0.0146333398297429,0.0001627226010896
0.7864708858480376,0.0150022795423865,-0.0000637719713268
0.7865708948505583,0.0154781797900796,-0.0000245977498707
0.7866709038530789,0.0149636901915073,-0.0001678678963799
0.7867709128555997,0.0156523697078228,-0.0002273480931763
0.7868709218581204,0.0151269100606441,-0.0002910137118306
0.7869709308606411,0.0140729304403067,-0.0000907499706955
0.7870709398631618,0.0148878702893853,-0.0001039109993144
0.7871709488656825,0.0134486304596066,0.0000419008792960
0.7872709578682032,0.0135718099772930,-0.0000382168800570
0.7873709668707239,0.0147126596421003,-0.0001564585982123
0.7874709758732445,0.0150298196822405,-0.0000552784404135
0.7875709848757654,0.0152490204200149,-0.0000617592377239
0.7876709938782860,0.0167396403849125,0.0001523751998320
0.7877710028808067,0.0147821595892310,0.0001964820985449
0.7878710118833274,0.0147300101816654,0.0003301014075987
0.7879710208858481,0.0157360900193453,0.0005862860125490
0.7880710298883687,0.0144989304244518,0.0002750495914370
0.7881710388908896,0.0145799303427339,0.0004116657946724
0.7882710478934103,0.0152879701927304,0.0002948440960608
0.7883710568959310,0.0147333499044180,-0.0000566593516851
0.7884710658984517,0.0150325400754809,-0.0002435304049868
0.7885710749009723,0.0157852191478014,0.0000472277788504
0.7886710839034932,0.0142628997564316,-0.0006257914938033
0.7887710929060138,0.0142432600259781,-0.0005802417290397
0.7888711019085345,0.0158723592758179,-0.0003686434065457
0.7889711109110552,0.0148083800449967,-0.0003044113109354
0.7890711199135759,0.0140851698815823,-0.0000992248678813
0.7891711289160965,0.0145297702401876,0.0001007425016724
0.7892711379186174,0.0156169598922133,-0.0000066775342020
0.7893711469211380,0.0151109099388123,-0.0001997678045882
0.7894711559236588,0.0172725599259138,0.0002700267941691
0.7895711649261794,0.0168578494340181,0.0001818227028707
0.7896711739287001,0.0165144801139832,0.0000105036997411
0.7897711829312208,0.0173434093594551,0.0000631065995549
0.7898711919337416,0.0172807294875383,-0.0000073131591307
0.7899712009362623,0.0160987395793200,0.0001840135955717
0.7900712099387830,0.0171553902328014,-0.0000544945105503
0.7901712189413037,0.0168994497507811,-0.0000135046202558
0.7902712279438243,0.0161000397056341,0.0000798932669568
0.7903712369463451,0.0160695090889931,-0.0003002503945027
0.7904712459488658,0.0172143206000328,-0.0003456462873146
0.7905712549513866,0.0167763903737068,-0.0005966178723611
0.7906712639539072,0.0171008706092834,-0.0006152900750749
0.7907712729564279,0.0174543708562851,-0.0003020045987796
0.7908712819589486,0.0170150902122259,-0.0002837337960955
0.7909712909614693,0.0167848095297813,-0.0001822310005082
0.7910712999639899,0.0186900608241558,0.0001931384031195
0.7911713089665108,0.0189042296260595,0.0004650740884244
0.7912713179690314,0.0190192405134439,0.0005437477957457
0.7913713269715521,0.0178656894713640,0.0001113527978305
0.7914713359740728,0.0175877492874861,0.0001522761012893
0.7915713449765935,0.0174696091562510,-0.0003617223119363
0.7916713539791144,0.0185588598251343,-0.0002476737136021
0.7917713629816350,0.0195538699626923,-0.0005982668953948
0.7918713719841557,0.0192197505384684,-0.0001696911058389
0.7919713809866764,0.0201310701668262,-0.0004460806085262
0.7920713899891971,0.0195945408195257,-0.0002734455047175
0.7921713989917177,0.0210421700030565,0.0001381789043080
0.7922714079942386,0.0208532996475697,-0.0000027497490009
0.7923714169967592,0.0203119590878487,-0.0000847313713166
0.7924714259992799,0.0211007501929998,-0.0002392979949946
0.7925714350018006,0.0211072899401188,-0.0000817988766357
0.7926714440043213,0.0216750204563141,0.0000465338089271
0.7927714530068420,0.0223009791225195,0.0004735286929645
0.7928714620093628,0.0231718402355909,0.0005439636879601
0.7929714710118834,0.0230483002960682,0.0004005240043625
0.7930714800144042,0.0245674997568130,0.0010089529678226
0.7931714890169248,0.0256688296794891,0.0009603155194782
0.7932714980194455,0.0229384191334248,0.0002227273071185
0.7933715070219663,0.0231521409004927,0.0001217302997247
0.7934715160244870,0.0220421999692917,-0.0001190153998323
0.7935715250270077,0.0235743802040815,-0.0001608901948202
0.7936715340295284,0.0238930601626635,-0.0002954636875074
0.7937715430320491,0.0233283508569002,-0.0005769354174845
0.7938715520345698,0.0228693801909685,-0.0006425345200114
0.7939715610370905,0.0245376508682966,-0.0002240945032099
0.7940715700396112,0.0237454008311033,-0.0004775823035743
0.7941715790421320,0.0240873396396637,-0.0000878267674125
0.7942715880446526,0.0243750605732203,-0.0000937145305215
0.7943715970471733,0.0239266697317362,-0.0003788234025706
0.7944716060496940,0.0253067892044783,-0.0000702759571141
0.7945716150522147,0.0259663108736277,0.0000484371812490
0.7946716240547353,0.0247973594814539,-0.0001545114064356
0.7947716330572562,0.0276141092181206,0.0003499927115627
0.7948716420597768,0.0263063404709101,0.0001645949960221
0.7949716510622975,0.0256419591605663,-0.0001260569988517
0.7950716600648182,0.0258218999952078,-0.0000438863316958
0.7951716690673389,0.0265672393143177,-0.0000309072784148
0.7952716780698598,0.0269197896122932,0.0000339606085618
0.7953716870723804,0.0261245891451836,-0.0001786486973288
0.7954716960749011,0.0277883503586054,0.0000562703608011
0.7955717050774218,0.0276981405913830,-0.0000064454570747
0.7956717140799425,0.0269580092281103,-0.0001594968052814
0.7957717230824631,0.0264156404882669,-0.0002499546972103
0.7958717320849840,0.0286566093564034,0.0004153386107646
0.7959717410875046,0.0290150605142117,0.0005913698114455
0.7960717500900253,0.0281763300299644,0.0005736348102801
0.7961717590925460,0.0298954807221889,0.0009454098180868
0.7962717680950667,0.0258805006742477,0.0001188417008962
0.7963717770975874,0.0267511196434498,0.0003962971095461
0.7964717861001082,0.0270308498293161,0.0005321627832018
0.7965717951026288,0.0289896707981825,0.0006155457813293
0.7966718041051496,0.0288284905254841,0.0005446518189274
0.7967718131076702,0.0268768090754747,-0.0000978611133178
0.7968718221101909,0.0290481206029654,-0.0001062470983015
0.7969718311127117,0.0296968594193459,0.0003180785861332
0.7970718401152324,0.0284389201551676,-0.0002223101037089
0.7971718491177531,0.0279693193733692,-0.0002659583988134
0.7972718581202738,0.0306621603667736,0.0003872413071804
0.7973718671227945,0.0301115605980158,0.0001946107950062
0.7974718761253152,0.0286517608910799,-0.0002940559061244
0.7975718851278359,0.0283341296017170,-0.0000531515688635
0.7976718941303566,0.0289278104901314,-0.0003654776955955
0.7977719031328774,0.0301911793649197,0.0001709890930215
0.7978719121353980,0.0298171192407608,0.0003220078069717
0.7979719211379187,0.0286383908241987,0.0000529385797563
0.7980719301404394,0.0300152394920588,0.0003500803140923
0.7981719391429601,0.0289155598729849,-0.0001174464996438
0.7982719481454807,0.0284250993281603,-0.0000589914598095
0.7983719571480016,0.0280456002801657,-0.0001891421998153
0.7984719661505222,0.0282667391002178,-0.0003033344983123
0.7985719751530430,0.0291256103664637,-0.0003023459867109
0.7986719841555637,0.0280118193477392,-0.0007621218101121
0.7987719931580843,0.0279259998351336,-0.0005547835025936
0.7988720021606052,0.0278999693691730,-0.0004512818122748
0.7989720111631258,0.0299817007035017,-0.0001451557036489
0.7990720201656465,0.0284017100930214,0.0000253611906373
0.7991720291681672,0.0278713498264551,0.0000786299206084
0.7992720381706879,0.0277254693210125,0.0001747609057929
0.7993720471732085,0.0286847408860922,0.0004133220063522
0.7994720561757294,0.0293094404041767,0.0006621804786846
0.7995720651782500,0.0286328997462988,0.0005484807188623
0.7996720741807708,0.0276157595217228,0.0001823390048230
0.7997720831832914,0.0285387206822634,0.0004060548963025
0.7998720921858121,0.0287654493004084,0.0004292532976251
0.7999721011883328,0.0284395907074213,0.0002263701026095
0.8000721101908536,0.0272079799324274,-0.0001069333011401
0.8001721191933742,0.0270253904163837,-0.0002047252055490
0.8002721281958950,0.0269906502217054,-0.0003589254920371
0.8003721371984157,0.0267597902566195,-0.0004560748056974
0.8004721462009363,0.0268948804587126,-0.0002734239969868
0.8005721552034571,0.0247083194553852,-0.0009225896210410
0.8006721642059778,0.0259350407868624,-0.0008997020195238
0.8007721732084986,0.0261417198926210,-0.0004375462012831
0.8008721822110192,0.0262692794203758,-0.0001860182965174
0.8009721912135399,0.0253768097609282,-0.0002926613087766
0.8010722002160606,0.0265726093202829,0.0002948030887637
0.8011722092185813,0.0269748792052269,0.0006338175153360
0.8012722182211020,0.0272576399147511,0.0008186281775124
0.8013722272236228,0.0253387801349163,0.0000732111875550
0.8014722362261434,0.0246827304363251,-0.0002829876902979
0.8015722452286641,0.0269800294190645,0.0002317292965017
0.8016722542311848,0.0272021200507879,0.0002670994144864
0.8017722632337055,0.0254756994545460,-0.0004780350136571
0.8018722722362263,0.0248454995453358,-0.0003714172926266
0.8019722812387470,0.0276030097156763,0.0003146787930746
0.8020722902412676,0.0262032300233841,0.0000711903194315
0.8021722992437884,0.0258231107145548,0.0002904376888182
0.8022723082463091,0.0260238293558359,0.0004750831867568
0.8023723172488297,0.0269995592534542,0.0002111125068041
0.8024723262513506,0.0267597697675228,0.0004011547134724
0.8025723352538712,0.0256637092679739,0.0000166182398971
0.8026723442563919,0.0257189199328423,0.0000458288304799
0.8027723532589126,0.0269575994461775,0.0002226999058621
0.8028723622614333,0.0250356905162334,-0.0001540709054098
0.8029723712639540,0.0262923799455166,0.0007963057141751
0.8030723802664748,0.0257460996508598,0.0007598936208524
0.8031723892689954,0.0264717098325491,0.0007206462905742
0.8032723982715162,0.0258641801774502,0.0004337874124758
0.8033724072740368,0.0252622794359922,0.0002957393007819
0.8034724162765575,0.0235852804034948,-0.0005148830823600
0.8035724252790782,0.0239000394940376,-0.0004921319778077
0.8036724342815990,0.0245081800967455,-0.0004389506066218
0.8037724432841196,0.0235665291547775,-0.0007882295176387
0.8038724522866404,0.0240058396011591,-0.0004285647009965
0.8039724612891611,0.0240347199141979,-0.0002152583037969
0.8040724702916818,0.0256772898137569,0.0001327181962552
0.8041724792942025,0.0248954594135284,0.0003258716897108
0.8042724882967232,0.0247270204126835,0.0004066260880791
0.8043724972992440,0.0245106406509876,0.0000874434117577
0.8044725063017646,0.0254393592476845,0.0003674692998175
0.8045725153042853,0.0256659891456366,0.0005510739865713
0.8046725243068060,0.0244821794331074,0.0000814291997813
0.8047725333093267,0.0236710906028748,-0.0001608877937542
0.8048725423118473,0.0249739605933428,-0.0003971557016484
0.8049725513143682,0.0242503508925438,-0.0003232549934182
0.8050725603168888,0.0244430806487799,-0.0002406793937553
0.8051725693194095,0.0241986606270075,-0.0000381697209377
0.8052725783219302,0.0252860207110643,0.0000823427835712
0.8053725873244509,0.0258509907871485,0.0000376267707907
0.8054725963269717,0.0243443697690964,-0.0002678511955310
0.8055726053294924,0.0243782401084900,-0.0001795423013391
0.8056726143320131,0.0249020792543888,-0.0001715747057460
0.8057726233345338,0.0258292295038700,0.0000351120397681
0.8058726323370545,0.0243987403810024,-0.0001917984045576
0.8059726413395751,0.0245541706681252,0.0000569002404518
0.8060726503420960,0.0235324706882238,-0.0000266235401796
0.8061726593446166,0.0250106900930405,0.0005038626259193
0.8062726683471373,0.0240231007337570,0.0004484500095714
0.8063726773496580,0.0236729606986046,0.0004094963078387
0.8064726863521787,0.0247380807995796,0.0004921265062876
0.8065726953546994,0.0252051595598459,0.0002652588882484
0.8066727043572202,0.0226932503283024,-0.0006695967749692
0.8067727133597408,0.0237734708935022,-0.0003886269987561
0.8068727223622616,0.0231816899031401,-0.0004909361014143
0.8069727313647822,0.0239853393286467,-0.0007112703169696
0.8070727403673029,0.0292735993862152,-0.0007212756900117
0.8071727493698236,0.0316184684634209,-0.0009045515907928
0.8072727583723444,0.0331451408565044,-0.0007150805904530
0.8073727673748651,0.0357598997652531,-0.0001781360042514
0.8074727763773858,0.0377934798598289,-0.0003387425094843
0.8075727853799065,0.0396815985441208,0.0007623863057233
0.8076727943824272,0.0408933013677597,0.0009613833972253
0.8077728033849479,0.0849972888827324,0.0849961563944817
0.8078728123874686,0.0849972292780876,0.0849962830543518
0.8079728213899894,0.0849971994757652,0.0849966630339622
0.8080728303925100,0.0849974229931831,0.0849721580743790
0.8081728393950307,0.0849973335862160,0.0849723517894745
0.8082728483975514,0.0849974900484085,0.0849736630916595
0.8083728574000721,0.0849975273013115,0.0849687829613686
0.8084728664025927,0.0281998105347157,0.0332156009972095
0.8085728754051136,0.0264359004795551,0.0276427399367094
0.8086728844076342,0.0259546097368002,0.0232729800045490
0.8087728934101550,0.0248673092573881,0.0192504301667213
0.8088729024126756,0.0221153702586889,0.0170050505548716
0.8089729114151963,0.0202622991055250,0.0131035195663571
0.8090729204177172,0.0184192899614573,0.0100233796983957
0.8091729294202378,0.0168060790747404,0.0067313639447093
0.8092729384227585,0.0158583093434572,0.0040550460107625
0.8093729474252792,0.0154760302975774,0.0018785729771480
0.8094729564277999,0.0152416499331594,-0.0004834668943658
0.8095729654303205,0.0150064304471016,-0.0027803541161120
0.8096729744328414,0.0142759699374437,-0.0041215289384127
0.8097729834353620,0.0151892499998212,-0.0058557558804750
0.8098729924378828,0.0152583103626966,-0.0071300538256764
0.8099730014404034,0.0154885500669479,-0.0085184704512358
0.8100730104429241,0.0158762093633413,-0.0095138298347592
0.8101730194454448,0.0159657206386328,-0.0096408519893885
0.8102730284479656,0.0171035006642342,-0.0103168999776244
0.8103730374504862,0.0178182497620583,-0.0103524699807167
0.8104730464530070,0.0175998900085688,-0.0097250752151012
0.8105730554555276,0.0185076091438532,-0.0093901921063662
0.8106730644580483,0.0190977305173874,-0.0087213004007936
0.8107730734605691,0.0183652397245169,-0.0073813442140818
0.8108730824630898,0.0178749393671751,-0.0062339771538973
0.8109730914656106,0.0182849504053593,-0.0055094021372497
0.8110731004681312,0.0172536894679070,-0.0043337750248611
0.8111731094706519,0.0184327494353056,-0.0039038679096848
0.8112731184731726,0.0184591598808765,-0.0031382290180773
0.8113731274756933,0.0190128292888403,-0.0023418609052896
0.8114731364782140,0.0182378701865673,-0.0013748500496149
0.8115731454807348,0.0185571908950806,-0.0001529902947368
0.8116731544832554,0.0178065206855536,0.0005448457086459
0.8117731634857761,0.0182701908051968,0.0013018100289628
0.8118731724882968,0.0186988990753889,0.0018397190142423
0.8119731814908175,0.0186354909092188,0.0023848561104387
0.8120731904933383,0.0189572796225548,0.0022435178980231
0.8121731994958590,0.0176546107977629,0.0023333060089499
0.8122732084983796,0.0188269801437855,0.0018245059764013
0.8123732175009004,0.0171152595430613,0.0021197949536145
0.8124732265034210,0.0164822693914175,0.0019964589737356
0.8125732355059417,0.0153883602470160,0.0017803120426834
0.8126732445084626,0.0146452495828271,0.0014897059882060
0.8127732535109832,0.0155322998762131,0.0010936070466414
0.8128732625135039,0.0150322001427412,0.0012287870049477
0.8129732715160246,0.0160820093005896,0.0008383201202378
0.8130732805185453,0.0153220398351550,0.0005941289709881
0.8131732895210660,0.0161236505955458,0.0004481307114474
0.8132732985235868,0.0157423801720142,0.0000738265080145
0.8133733075261074,0.0139439404010773,0.0004995337803848
0.8134733165286282,0.0148148303851485,0.0003458326100372
0.8135733255311488,0.0138458898290992,0.0001019914998324
0.8136733345336695,0.0124501502141356,0.0006474194815382
0.8137733435361902,0.0128769697621465,0.0007738454150967
0.8138733525387110,0.0125780096277595,0.0005583462771028
0.8139733615412316,0.0142317498102784,0.0003652012092061
0.8140733705437524,0.0138253103941679,0.0002092609938700
0.8141733795462730,0.0146303400397301,-0.0001241537975147
0.8142733885487937,0.0136206001043320,0.0000615629032836
0.8143733975513145,0.0115639995783567,-0.0001272043009521
0.8144734065538352,0.0128016900271177,-0.0005960977869108
0.8145734155563560,0.0129835996776819,-0.0008776073227637
0.8146734245588766,0.0131984297186136,-0.0007609283202328
0.8147734335613973,0.0130725903436542,-0.0002442940894980
0.8148734425639180,0.0145010100677609,-0.0004747498023789
0.8149734515664387,0.0145775796845555,-0.0004489416896831
0.8150734605689594,0.0143271302804351,-0.0001514719042461
0.8151734695714802,0.0154719902202487,-0.0004327243950684
0.8152734785740008,0.0149120399728417,-0.0007030303240754
0.8153734875765215,0.0162189900875092,-0.0007062974036671
0.8154734965790422,0.0152164902538061,-0.0005010745953768
0.8155735055815629,0.0146604096516967,-0.0003604707890190
0.8156735145840837,0.0149282300844789,-0.0003112923877779
0.8157735235866044,0.0147190904244781,-0.0001111262026825
0.8158735325891250,0.0158988703042269,-0.0002603454922792
0.8159735415916458,0.0152791598811746,-0.0000628251000308
0.8160735505941665,0.0146461902186275,-0.0001674110972090
0.8161735595966871,0.0150829097256064,-0.0007193515775725
0.8162735685992080,0.0156119996681809,-0.0006257902132347
0.8163735776017286,0.0159003809094429,-0.0010590039892122
0.8164735866042493,0.0146842999383807,-0.0006468108040281
0.8165735956067700,0.0159727893769741,-0.0007447993848473
0.8166736046092907,0.0153163196519017,-0.0004500430077314
0.8167736136118114,0.0168758295476437,-0.0003598819894250
0.8168736226143322,0.0163445901125669,-0.0000264643294940
0.8169736316168528,0.0161998905241489,0.0002466432924848
0.8170736406193736,0.0166605692356825,0.0003362832067069
0.8171736496218942,0.0163317099213600,0.0002709002001211
0.8172736586244149,0.0162288602441549,0.0004820144094992
0.8173736676269356,0.0169281791895628,0.0001182751002489
0.8174736766294564,0.0167371705174446,-0.0001010288033285
0.8175736856319770,0.0164285600185394,0.0000675647024764
0.8176736946344978,0.0164780393242836,-0.0000337988094543
0.8177737036370185,0.0169842392206192,0.0000206558797800
0.8178737126395392,0.0168259106576443,-0.0002067380992230
0.8179737216420599,0.0184045806527138,-0.0002471224870533
0.8180737306445806,0.0173399094492197,0.0000486582284793
0.8181737396471014,0.0171599593013525,-0.0000605990389886
0.8182737486496220,0.0179177504032850,0.0000679095610394
0.8183737576521427,0.0178010705858469,-0.0001305473997490
0.8184737666546634,0.0173063594847918,-0.0000428481507697
0.8185737756571841,0.0187471807003021,-0.0001063774034264
0.8186737846597048,0.0184288900345564,0.0000319956416206
0.8187737936622256,0.0183685403317213,0.0001361918984912
0.8188738026647462,0.0194056499749422,-0.0001571546017658
0.8189738116672670,0.0198566801846027,0.0001797028962756
0.8190738206697876,0.0180844403803349,0.0001637710956857
0.8191738296723083,0.0186692904680967,0.0000132649502120
0.8192738386748291,0.0194368194788694,-0.0003857688861899
0.8193738476773498,0.0199320595711470,-0.0005869761807844
0.8194738566798704,0.0214192196726799,-0.0008975610835478
0.8195738656823912,0.0209905207157135,-0.0009167175157927
0.8196738746849119,0.0209235791116953,-0.0009096399880946
0.8197738836874325,0.0203637108206749,-0.0004993223119527
0.8198738926899534,0.0214200001209974,-0.0004416418960318
0.8199739016924740,0.0222132708877325,-0.0004175459034741
0.8200739106949948,0.0209884792566299,-0.0001983769034268
0.8201739196975154,0.0217114295810461,0.0000006125192158
0.8202739287000361,0.0216533392667770,-0.0000488136283820
0.8203739377025568,0.0218163896352053,-0.0001492160954513
0.8204739467050776,0.0212925598025322,-0.0001386632065987
0.8205739557075982,0.0208555199205875,0.0001842805941124
0.8206739647101190,0.0208266004920006,0.0000033450330648
0.8207739737126396,0.0222856402397156,-0.0000965209619608
0.8208739827151603,0.0227804705500603,-0.0001907929981826
0.8209739917176810,0.0232674498111010,-0.0002205497003160
0.8210740007202018,0.0237417109310627,-0.0002789114951156
0.8211740097227225,0.0234759803861380,-0.0003828364133369
0.8212740187252432,0.0224489606916904,-0.0004141377867199
0.8213740277277639,0.0227453596889973,-0.0003293154877611
0.8214740367302846,0.0245066806674004,-0.0006713488837704
0.8215740457328053,0.0238300692290068,-0.0004022745124530
0.8216740547353260,0.0239113792777061,-0.0005538273835555
0.8217740637378468,0.0233487002551556,0.0001855544978753
0.8218740727403674,0.0238300301134586,0.0000021179239411
0.8219740817428881,0.0249222796410322,-0.0002674768911675
0.8220740907454088,0.0249305590987206,0.0000306458605337
0.8221740997479295,0.0252945292741060,-0.0002196566929342
0.8222741087504503,0.0268238894641399,-0.0001559600932524
0.8223741177529710,0.0259373094886541,-0.0002031949989032
0.8224741267554916,0.0271767601370811,-0.0004308630013838
0.8225741357580124,0.0270075500011444,-0.0004880831984337
0.8226741447605330,0.0261679496616125,-0.0005110701895319
0.8227741537630537,0.0242939200252295,-0.0002085958985845
0.8228741627655745,0.0271177701652050,-0.0004086873086635
0.8229741717680952,0.0275590997189283,-0.0003115588042419
0.8230741807706159,0.0274535808712244,-0.0001640981063247
0.8231741897731366,0.0261148195713758,-0.0003548541862983
0.8232741987756573,0.0273292195051908,-0.0000365215310012
0.8233742077781779,0.0258164703845978,-0.0000348931607732
0.8234742167806988,0.0260246191173792,0.0001818860037019
0.8235742257832194,0.0269319601356983,0.0002395915944362
0.8236742347857402,0.0283727291971445,0.0000045357560339
0.8237742437882608,0.0268854908645153,0.0003669109137263
0.8238742527907815,0.0271349195390940,0.0004954957985319
0.8239742617933022,0.0261664092540741,0.0003246463020332
0.8240742707958230,0.0283813104033470,0.0002912782074418
0.8241742797983436,0.0284491702914238,0.0002986614126712
0.8242742888008644,0.0272160191088915,0.0001618435053388
0.8243742978033850,0.0269433092325926,0.0001045012031682
0.8244743068059057,0.0287968795746565,-0.0003802354913205
0.8245743158084264,0.0300147496163845,-0.0003153051948175
0.8246743248109472,0.0289198793470860,-0.0003555474104360
0.8247743338134680,0.0287302993237972,-0.0001641488051973
0.8248743428159886,0.0278005804866552,0.0000678741998854
0.8249743518185093,0.0307137500494719,-0.0000431456282968
0.8250743608210300,0.0307677108794451,0.0002113879017998
0.8251743698235507,0.0300350394099951,0.0002278141037095
0.8252743788260714,0.0296945702284575,0.0001921112998389
0.8253743878285922,0.0307975001633167,0.0000423744604632
0.8254743968311128,0.0297726094722748,-0.0000678949290887
0.8255744058336335,0.0293308105319738,0.0001253273949260
0.8256744148361542,0.0285525098443031,0.0001826320949476
0.8257744238386749,0.0280358903110027,0.0000225936801144
0.8258744328411957,0.0275707393884659,0.0001251244975720
0.8259744418437164,0.0287416800856590,-0.0000308919115923
0.8260744508462370,0.0292050298303366,-0.0000604119195486
0.8261744598487578,0.0277148503810167,-0.0000365377709386
0.8262744688512784,0.0278234891593456,-0.0000919964586501
0.8263744778537991,0.0275311097502708,-0.0001710403012112
0.8264744868563200,0.0278068501502275,-0.0004027397080790
0.8265744958588406,0.0282814800739288,-0.0004605303111020
0.8266745048613613,0.0272997003048658,-0.0003023135068361
0.8267745138638820,0.0268325302749872,0.0000596190002398
0.8268745228664027,0.0271227508783340,0.0003785373119172
0.8269745318689234,0.0268068294972181,0.0004871900891885
0.8270745408714442,0.0283314809203148,0.0003186507092323
0.8271745498739648,0.0282470304518938,0.0001995928032557
0.8272745588764856,0.0272977799177170,0.0005131271900609
0.8273745678790062,0.0266545992344618,0.0002873874909710
0.8274745768815269,0.0266072098165751,0.0002079398982460
0.8275745858840476,0.0276931896805763,-0.0000443185308541
0.8276745948865684,0.0278222896158695,0.0000454931614513
0.8277746038890890,0.0253784097731113,0.0001584796991665
0.8278746128916098,0.0266491305083036,-0.0001625806035008
0.8279746218941304,0.0256834495812654,-0.0001012115026242
0.8280746308966512,0.0272798594087362,-0.0001591282052686
0.8281746398991718,0.0269110891968012,-0.0000640961370664
0.8282746489016926,0.0260380897670984,0.0000168886199390
0.8283746579042134,0.0244543701410294,0.0000743766431697
0.8284746669067340,0.0237887296825647,0.0000763863936299
0.8285746759092547,0.0266321096569300,-0.0002665281062946
0.8286746849117754,0.0259487703442574,0.0000265440394287
0.8287746939142961,0.0270254798233509,0.0001879664050648
0.8288747029168168,0.0249953400343657,0.0001579344971105
0.8289747119193376,0.0263047404587269,0.0000965474828263
0.8290747209218582,0.0270842798054218,-0.0000722393670003
0.8291747299243790,0.0246571507304907,-0.0000562585992157
0.8292747389268996,0.0254162307828665,-0.0000717833536328
0.8293747479294203,0.0256470497697592,-0.0002042354026344
0.8294747569319411,0.0240665692836046,-0.0005125437164679
0.8295747659344618,0.0266004391014576,-0.0005518788238987
0.8296747749369824,0.0250331405550241,-0.0003823433944490
0.8297747839395032,0.0264266002923250,-0.0003234044997953
0.8298747929420238,0.0263740792870522,-0.0001908692065626
0.8299748019445445,0.0260713696479797,0.0000747999074520
0.8300748109470654,0.0268390402197838,0.0002378625940764
0.8301748199495860,0.0280594900250435,0.0002719647891354
0.8302748289521068,0.0261221695691347,0.0002955734962597
0.8303748379546274,0.0260478109121323,0.0001451516000088
0.8304748469571481,0.0251281503587961,0.0003569016989786
0.8305748559596688,0.0266306996345520,0.0001730219955789
0.8306748649621896,0.0253771003335714,0.0002130135981133
0.8307748739647102,0.0244884490966797,0.0002074272051686
0.8308748829672310,0.0249484907835722,0.0003877819108311
0.8309748919697516,0.0250313207507133,0.0002017601946136
0.8310749009722723,0.0256861299276352,0.0001400603068760
0.8311749099747930,0.0246037207543850,-0.0000280293406831
0.8312749189773138,0.0249256491661072,-0.0000727729129721
0.8313749279798345,0.0254053808748722,0.0000414779788116
0.8314749369823552,0.0254309996962547,-0.0001828887034208
0.8315749459848758,0.0247473791241646,0.0000466575984319
0.8316749549873966,0.0257420204579830,0.0000886526177055
0.8317749639899173,0.0258214809000492,0.0001415353035554
0.8318749729924380,0.0247647408396006,0.0003051916137338
0.8319749819949588,0.0249355901032686,0.0001426386006642
0.8320749909974794,0.0257435608655214,0.0000728618324501
0.8321750000000001,0.0248678103089333,0.0002616845886223
0.8322750090025208,0.0237059295177460,0.0002884803980123
0.8323750180050415,0.0244864206761122,0.0000185055796464
0.8324750270075622,0.0267548896372318,-0.0002520378911868
0.8325750360100830,0.0243891794234514,-0.0003633582091425
0.8326750450126036,0.0246538594365120,-0.0003012267989106
0.8327750540151244,0.0251454208046198,-0.0002112721995218
0.8328750630176450,0.0233298297971487,-0.0005088461912237
0.8329750720201657,0.0264085102826357,-0.0004271953948773
0.8330750810226865,0.0265018194913864,-0.0004379228048492
0.8331750900252072,0.0245878193527460,-0.0004058729100507
0.8332750990277278,0.0244908593595028,-0.0001004438963719
0.8333751080302486,0.0260363407433033,-0.0003538897144608
0.8334751170327693,0.0252223592251539,-0.0000892468378879
0.8335751260352899,0.0240215696394444,0.0000017115270339
0.8336751350378108,0.0234180595725775,0.0002421263052383
0.8337751440403314,0.0245396308600903,0.0005326084792614
0.8338751530428522,0.0301786307245493,-0.0004402998019941
0.8339751620453728,0.0315034389495850,-0.0008448722073808
0.8340751710478935,0.0396681688725948,-0.0031561891082674
0.8341751800504142,0.0409582294523716,-0.0042953309603035
0.8342751890529350,0.0441095605492592,-0.0079261530190706
0.8343751980554556,0.0419612489640713,-0.0102077098563313
0.8344752070579764,0.0849974229931831,0.0849602222442627
0.8345752160604970,0.0849967524409294,0.0849564895033836
0.8346752250630177,0.0849971473217010,0.0849677026271820
0.8347752340655384,0.0849970430135727,0.0849714726209641
0.8348752430680592,0.0849964022636414,0.0849980264902115
0.8349752520705799,0.0849965736269951,0.0849980562925339
0.8350752610731006,0.0849959030747414,0.0849979370832443
0.8351752700756212,0.0252706091850996,-0.0318498201668262
0.8352752790781420,0.0254037398844957,-0.0207890290766954
0.8353752880806627,0.0243468303233385,-0.0158437807112932
0.8354752970831834,0.0219681207090616,-0.0112263895571232
0.8355753060857042,0.0211808104068041,-0.0076753972098231
0.8356753150882248,0.0202792398631573,-0.0046914108097553
0.8357753240907455,0.0199922695755959,-0.0023129170294851
0.8358753330932662,0.0185812897980213,-0.0006348133902065
0.8359753420957869,0.0182139892131090,0.0014749859692529
0.8360753510983077,0.0177059303969145,0.0032667471095920
0.8361753601008284,0.0166432708501816,0.0051060221157968
0.8362753691033490,0.0165359303355217,0.0057520749978721
0.8363753781058698,0.0166818797588348,0.0065055750310421
0.8364753871083904,0.0167673993855715,0.0063269599340856
0.8365753961109111,0.0170912593603134,0.0062419371679425
0.8366754051134319,0.0158576406538486,0.0054018842056394
0.8367754141159526,0.0157987307757139,0.0045736161991954
0.8368754231184732,0.0163525994867086,0.0037068640813231
0.8369754321209940,0.0160273592919111,0.0031619330402464
0.8370754411235147,0.0161278098821640,0.0024108819197863
0.8371754501260354,0.0169731304049492,0.0022687509190291
0.8372754591285562,0.0174136999994516,0.0017832920420915
0.8373754681310768,0.0186879206448793,0.0018349019810557
0.8374754771335976,0.0177265405654907,0.0016846930375323
0.8375754861361182,0.0187907293438911,0.0014936899533495
0.8376754951386389,0.0182054005563259,0.0009734575287439
0.8377755041411596,0.0179530493915081,0.0006162819918245
0.8378755131436804,0.0187852792441845,0.0002547292970121
0.8379755221462010,0.0181361101567745,-0.0002278856991325
0.8380755311487218,0.0191483497619629,-0.0005279852775857
0.8381755401512424,0.0191206000745296,-0.0007158163934946
0.8382755491537632,0.0198581404983997,-0.0005461588152684
0.8383755581562838,0.0196183491498232,-0.0006483888137154
0.8384755671588046,0.0203786808997393,-0.0005555307143368
0.8385755761613253,0.0193234607577324,-0.0008914254722185
0.8386755851638460,0.0167123805731535,-0.0007236361852847
0.8387755941663667,0.0169611498713493,-0.0010342330206186
0.8388756031688874,0.0163912102580070,-0.0010716740507632
0.8389756121714081,0.0166638791561127,-0.0010400250321254
0.8390756211739288,0.0167215391993523,-0.0012244429672137
0.8391756301764496,0.0160670299082994,-0.0008951841737144
0.8392756391789702,0.0172686707228422,-0.0004642113053706
0.8393756481814910,0.0172443091869354,-0.0001848721003626
0.8394756571840116,0.0168278291821480,0.0002934838121291
0.8395756661865323,0.0165620800107718,0.0007224311120808
0.8396756751890531,0.0147861903533340,0.0006120160105638
0.8397756841915738,0.0156225701794028,0.0001786359061953
0.8398756931940944,0.0155007299035788,0.0001107510033762
0.8399757021966152,0.0140015101060271,-0.0003979681932833
0.8400757111991358,0.0144726801663637,-0.0003497703874018
0.8401757202016565,0.0149666098877788,-0.0003730389871635
0.8402757292041773,0.0146880196407437,-0.0000756324225222
0.8403757382066980,0.0153727401047945,0.0001885350066004
0.8404757472092188,0.0154367499053478,0.0000062352901296
0.8405757562117394,0.0139824198558927,0.0001452701981179
0.8406757652142601,0.0132786501199007,0.0002054919023067
0.8407757742167808,0.0138528300449252,-0.0002188991929870
0.8408757832193016,0.0130971996113658,-0.0002948582987301
0.8409757922218222,0.0145558398216963,-0.0004987365100533
0.8410758012243430,0.0144753502681851,-0.0002303921937710
0.8411758102268636,0.0138650201261044,-0.0001597275986569
0.8412758192293843,0.0146646900102496,-0.0001692560035735
0.8413758282319050,0.0158643405884504,0.0001988356962102
0.8414758372344258,0.0149528300389647,0.0001053091982612
0.8415758462369465,0.0148300901055336,0.0001966924028238
0.8416758552394672,0.0148213803768158,0.0000889935909072
0.8417758642419878,0.0140115702524781,-0.0000991285996861
0.8418758732445086,0.0141340298578143,-0.0002143549936591
0.8419758822470292,0.0138535201549530,-0.0003071122046094
0.8420758912495500,0.0144878802821040,-0.0003961717011407
0.8421759002520708,0.0141930403187871,-0.0004412757989485
0.8422759092545914,0.0141879403963685,-0.0002251811965834
0.8423759182571121,0.0156434103846550,-0.0000977639574558
0.8424759272596328,0.0147802401334047,0.0001270787033718
0.8425759362621535,0.0147825302556157,0.0001260706048924
0.8426759452646742,0.0144417202100158,0.0003617040056270
0.8427759542671950,0.0150654800236225,0.0004459506017156
0.8428759632697156,0.0151546299457550,0.0001021076968755
0.8429759722722364,0.0157291702926159,0.0001227976026712
0.8430759812747570,0.0166778694838285,0.0000338563113473
0.8431759902772777,0.0163157004863024,0.0001916471956065
0.8432759992797985,0.0163649301975965,0.0000874797988217
0.8433760082823192,0.0152578996494412,-0.0001574081979925
0.8434760172848398,0.0148905096575618,-0.0000396079994971
0.8435760262873606,0.0147443795576692,-0.0000215922391362
0.8436760352898812,0.0161186307668686,0.0001169464012492
0.8437760442924019,0.0160599797964096,-0.0000190708906302
0.8438760532949228,0.0157524403184652,-0.0003113574057352
0.8439760622974434,0.0160921607166529,-0.0004359293088783
0.8440760712999642,0.0171784590929747,-0.0005934308283031
0.8441760803024848,0.0159322600811720,-0.0008006069110706
0.8442760893050055,0.0163809396326542,-0.0006330006290227
0.8443760983075262,0.0182851497083902,-0.0000246581803367
0.8444761073100470,0.0178622901439667,0.0003328660968691
0.8445761163125676,0.0173304993659258,0.0004775563138537
0.8446761253150884,0.0184356495738029,0.0004798521113116
0.8447761343176090,0.0184552706778049,0.0003993868886027
0.8448761433201297,0.0178745090961456,0.0000930791065912
0.8449761523226504,0.0188400503247976,-0.0001206855013152
0.8450761613251712,0.0177456401288509,-0.0002100241981680
0.8451761703276919,0.0184370893985033,-0.0003451269003563
0.8452761793302126,0.0199799109250307,-0.0003962749906350
0.8453761883327332,0.0195212904363871,-0.0003540591860656
0.8454761973352540,0.0195230208337307,-0.0002409205044387
0.8455762063377746,0.0192124992609024,0.0003781077975873
0.8456762153402954,0.0196000207215548,0.0001805456995498
0.8457762243428162,0.0209753699600697,0.0001172424017568
0.8458762333453368,0.0197147391736507,0.0000604277192906
0.8459762423478575,0.0194671899080276,-0.0004454682057258
0.8460762513503782,0.0194860808551311,-0.0002865961869247
0.8461762603528989,0.0195871908217669,-0.0001158312006737
0.8462762693554197,0.0216959193348885,0.0003994769940618
0.8463762783579404,0.0214782208204269,0.0004340702143963
0.8464762873604610,0.0218249391764402,0.0003498420992400
0.8465762963629818,0.0212161093950272,0.0005526578752324
0.8466763053655024,0.0228609200567007,0.0005051295738667
0.8467763143680231,0.0229921508580446,0.0003298546944279
0.8468763233705439,0.0236896201968193,0.0001297933049500
0.8469763323730646,0.0242202393710613,-0.0002339930069866
0.8470763413755852,0.0234013497829437,-0.0004949457943439
0.8471763503781060,0.0248621199280024,-0.0003739295061678
0.8472763593806266,0.0249684303998947,-0.0004004453076050
0.8473763683831474,0.0244474299252033,-0.0004737671988551
0.8474763773856682,0.0259578600525856,-0.0000250332595897
0.8475763863881888,0.0257652606815100,0.0002148228959413
0.8476763953907096,0.0246021095663309,-0.0004010690900031
0.8477764043932302,0.0251763798296452,-0.0000656866977806
0.8478764133957509,0.0251647699624300,-0.0001721219014144
0.8479764223982716,0.0257294494658709,-0.0001400987966917
0.8480764314007924,0.0258542895317078,-0.0002800268994179
0.8481764404033130,0.0273943301290274,-0.0001482420047978
0.8482764494058338,0.0266072191298008,-0.0002437380026095
0.8483764584083544,0.0270887892693281,-0.0000833344893181
0.8484764674108752,0.0270828008651733,-0.0000118727002700
0.8485764764133958,0.0266125705093145,0.0001084652976715
0.8486764854159166,0.0263850297778845,0.0000212000904867
0.8487764944184373,0.0261647608131170,-0.0000669460932841
0.8488765034209580,0.0279765091836452,0.0003331949119456
0.8489765124234786,0.0268128290772438,0.0001497798948549
0.8490765214259994,0.0264030601829290,-0.0002681903133634
0.8491765304285201,0.0265923999249935,-0.0002959971025120
0.8492765394310408,0.0275746490806341,-0.0000268953208433
0.8493765484335616,0.0278417300432920,0.0005777918267995
0.8494765574360822,0.0284374002367258,0.0009344965219498
0.8495765664386030,0.0313337296247482,0.0015023279702291
0.8496765754411236,0.0296489000320435,0.0008897352963686
0.8497765844436443,0.0297125503420830,0.0009858390549198
0.8498765934461651,0.0291827600449324,0.0005876123905182
0.8499766024486858,0.0304562598466873,0.0004042359068990
0.8500766114512064,0.0310129392892122,0.0002994500100613
0.8501766204537272,0.0294251590967178,-0.0003397862019483
0.8502766294562478,0.0290503893047571,-0.0002322159998585
0.8503766384587685,0.0286471992731094,-0.0003671699087135
0.8504766474612893,0.0297174807637930,-0.0003387091855984
0.8505766564638100,0.0280105099081993,-0.0004262996953912
0.8506766654663307,0.0290516894310713,-0.0001203111969517
0.8507766744688514,0.0296767894178629,0.0000810364290373
0.8508766834713721,0.0296197701245546,-0.0000550742188352
0.8509766924738928,0.0294456202536821,0.0001375143037876
0.8510767014764136,0.0288339592516422,-0.0000357464305125
0.8511767104789342,0.0277166105806828,-0.0002865532878786
0.8512767194814550,0.0291781201958656,0.0001004552032100
0.8513767284839756,0.0297876596450806,0.0003153290890623
0.8514767374864963,0.0281573403626680,0.0000012488840184
0.8515767464890170,0.0265385508537292,-0.0004639037942979
0.8516767554915378,0.0286710001528263,0.0001782321050996
0.8517767644940584,0.0289880596101284,0.0001335226988886
0.8518767734965792,0.0289282798767090,0.0003265547857154
0.8519767824990998,0.0300552807748318,0.0001420212938683
0.8520767915016206,0.0297890100628138,-0.0001545419072499
0.8521768005041412,0.0287833306938410,-0.0002896754886024
0.8522768095066620,0.0276430007070303,-0.0005004000850022
0.8523768185091827,0.0276062302291393,-0.0001762476022122
0.8524768275117034,0.0271712206304073,-0.0003524567000568
0.8525768365142240,0.0286000892519951,0.0000978864627541
0.8526768455167448,0.0281938500702381,0.0002831351011992
0.8527768545192655,0.0278054699301720,0.0003710341115948
0.8528768635217862,0.0273724794387817,0.0004125681880396
0.8529768725243070,0.0271036792546511,0.0000977357631200
0.8530768815268276,0.0287427306175232,0.0004597110091709
0.8531768905293484,0.0277585592120886,0.0000870444273460
0.8532768995318690,0.0270665101706982,-0.0001720025029499
0.8533769085343897,0.0264828298240900,-0.0003218702040613
0.8534769175369105,0.0264968890696764,0.0000070441728894
0.8535769265394312,0.0284872706979513,0.0002476336085238
0.8536769355419518,0.0275026299059391,0.0000850562282722
0.8537769445444726,0.0265691392123699,-0.0003660224901978
0.8538769535469932,0.0261992793530226,-0.0004419659089763
0.8539769625495139,0.0279697291553020,-0.0002801624068525
0.8540769715520347,0.0271749906241894,-0.0003639078058768
0.8541769805545554,0.0264232493937016,-0.0004653398063965
0.8542769895570761,0.0261116493493319,-0.0002938524121419
0.8543769985595968,0.0261263493448496,-0.0000618734775344
0.8544770075621175,0.0264436900615692,0.0002002092951443
0.8545770165646382,0.0270748306065798,0.0002700113109313
0.8546770255671590,0.0270187407732010,0.0003383576113265
0.8547770345696796,0.0264822300523520,0.0003285651910119
0.8548770435722004,0.0268182493746281,0.0002480722905602
0.8549770525747210,0.0283676106482744,0.0003744117857423
0.8550770615772417,0.0271207708865404,-0.0001110126977437
0.8551770705797624,0.0267946291714907,-0.0001337066059932
0.8552770795822832,0.0251871999353170,-0.0006667120032944
0.8553770885848039,0.0255494005978107,-0.0001538445940241
0.8554770975873246,0.0263092909008265,-0.0000403816302423
0.8555771065898452,0.0279109701514244,0.0003237453929614
0.8556771155923660,0.0271815098822117,0.0003526493092068
0.8557771245948866,0.0268259700387716,0.0002792883024085
0.8558771335974074,0.0264049302786589,0.0001329396036454
0.8559771425999281,0.0269590206444263,0.0001594048953848
0.8560771516024488,0.0268254000693560,0.0003435151011217
0.8561771606049695,0.0247484296560287,-0.0001479099009885
0.8562771696074902,0.0245120991021395,-0.0000897439967957
0.8563771786100109,0.0237020999193192,-0.0000137519000418
0.8564771876125317,0.0251235906034708,0.0003655051987153
0.8565771966150524,0.0254470407962799,0.0004731423105113
0.8566772056175730,0.0265069305896759,0.0004660330887418
0.8567772146200938,0.0260244496166706,0.0002127439947799
0.8568772236226144,0.0260350797325373,0.0003751188050956
0.8569772326251351,0.0245722196996212,-0.0001556525967317
0.8570772416276559,0.0238718800246716,-0.0004844027862418
0.8571772506301766,0.0248234495520592,-0.0006580929039046
0.8572772596326972,0.0235887896269560,-0.0006807902827859
0.8573772686352180,0.0230784304440022,-0.0007061231881380
0.8574772776377386,0.0231091808527708,-0.0003854639944620
0.8575772866402595,0.0224131103605032,-0.0004151368048042
0.8576772956427801,0.0227731093764305,-0.0000424665086030
0.8577773046453008,0.0231536608189344,-0.0000003093308010
0.8578773136478216,0.0226593501865864,0.0000962748308666
0.8579773226503422,0.0217333007603884,-0.0004037932958454
0.8580773316528629,0.0222382694482803,-0.0001453386066714
0.8581773406553836,0.0231130700558424,0.0001708291965770
0.8582773496579044,0.0230995193123817,-0.0000299197599816
0.8583773586604250,0.0232652407139540,-0.0000610217102803
0.8584773676629458,0.0229759495705366,-0.0000461363815702
0.8585773766654664,0.0244064796715975,0.0000806411771919
0.8586773856679872,0.0243364404886961,0.0002764874079730
0.8587773946705078,0.0242651291191578,0.0001779950980563
0.8588774036730286,0.0241072606295347,0.0003642393858172
0.8589774126755493,0.0243089701980352,0.0002342126972508
0.8590774216780700,0.0256188306957483,0.0004674702067859
0.8591774306805906,0.0258079301565886,0.0007321693119593
0.8592774396831114,0.0258766300976276,0.0006090165115893
0.8593774486856320,0.0261383801698685,0.0007726161275059
0.8594774576881528,0.0275607500225306,0.0009721522219479
0.8595774666906736,0.0269021503627300,0.0007214379147626
0.8596774756931942,0.0249271392822266,0.0003339574905112
0.8597774846957150,0.0250797700136900,0.0000402705409215
0.8598774936982356,0.0272379405796528,0.0004397211887408
0.8599775027007563,0.0274270493537188,-0.0001705217000563
0.8600775117032771,0.0265970602631569,-0.0002145375037799
0.8601775207057978,0.0253241602331400,-0.0005959728150629
0.8602775297083184,0.0253453198820353,-0.0006099623278715
0.8603775387108392,0.0254440195858479,-0.0006888261996210
0.8604775477133598,0.0256967600435019,-0.0007463208748959
0.8605775567158805,0.0291856601834297,-0.0012943369802088
0.8606775657184013,0.0325224287807941,-0.0009200903004967
0.8607775747209220,0.0350642688572407,-0.0009525453788228
0.8608775837234426,0.0340779200196266,-0.0012296689674258
0.8609775927259634,0.0420532301068306,0.0005926911253482
0.8610776017284840,0.0417692884802818,0.0007522681844421
0.8611776107310049,0.0362316407263279,-0.0004936234909110
0.8612776197335255,0.0849974378943443,0.0849962905049324
0.8613776287360462,0.0849972367286682,0.0849963724613190
0.8614776377385670,0.0849971994757652,0.0849969834089279
0.8615776467410876,0.0849974304437637,0.0849728882312775
0.8616776557436083,0.0849974527955055,0.0849723815917969
0.8617776647461290,0.0849976465106010,0.0849706903100014
0.8618776737486498,0.0849975124001503,0.0849693119525909
0.8619776827511704,0.0849974080920219,0.0849683433771133
0.8620776917536912,0.0234113894402981,0.0334509201347828
0.8621777007562118,0.0228157807141542,0.0278793293982744
0.8622777097587326,0.0221490208059549,0.0235888306051493
0.8623777187612532,0.0221810694783926,0.0185296498239040
0.8624777277637740,0.0197551809251308,0.0157992299646139
0.8625777367662947,0.0188682898879051,0.0112307900562882
0.8626777457688154,0.0170555599033833,0.0086053991690278
0.8627777547713360,0.0161690693348646,0.0057543860748410
0.8628777637738568,0.0158505793660879,0.0031287570018321
0.8629777727763774,0.0148709397763014,0.0006770222098567
0.8630777817788982,0.0140250204131007,-0.0011505599832162
0.8631777907814190,0.0144832897931337,-0.0031971710268408
0.8632777997839396,0.0134155200794339,-0.0045161838643253
0.8633778087864604,0.0146395098417997,-0.0062507539987564
0.8634778177889810,0.0152763202786446,-0.0080168824642897
0.8635778267915017,0.0153299700468779,-0.0087030008435249
0.8636778357940225,0.0151645997539163,-0.0090240901336074
0.8637778447965432,0.0154040101915598,-0.0093156266957521
0.8638778537990638,0.0165918208658695,-0.0097966939210892
0.8639778628015846,0.0171594806015491,-0.0095330383628607
0.8640778718041052,0.0176788493990898,-0.0091798119246960
0.8641778808066259,0.0176296699792147,-0.0084400353953242
0.8642778898091467,0.0172494091093540,-0.0073345107957721
0.8643778988116674,0.0184427704662085,-0.0071732271462679
0.8644779078141881,0.0180763006210327,-0.0059968908317387
0.8645779168167088,0.0188952293246984,-0.0055020260624588
0.8646779258192294,0.0185571108013391,-0.0043171751312912
0.8647779348217502,0.0191040690988302,-0.0036881160922348
0.8648779438242710,0.0185244698077440,-0.0025326760951430
0.8649779528267916,0.0189864002168179,-0.0013427609810606
0.8650779618293124,0.0185063295066357,-0.0004812887054868
0.8651779708318330,0.0192384999245405,0.0003576824965421
0.8652779798343537,0.0180529300123453,0.0011010549496859
0.8653779888368744,0.0183579996228218,0.0015254979953170
0.8654779978393952,0.0165440104901791,0.0023635260295123
0.8655780068419159,0.0156925693154335,0.0022604248952121
0.8656780158444366,0.0166017804294825,0.0025494119618088
0.8657780248469572,0.0161289907991886,0.0021241940557957
0.8658780338494780,0.0159811899065971,0.0022308030165732
0.8659780428519986,0.0162361506372690,0.0017708980012685
0.8660780518545194,0.0158949494361877,0.0017836310435086
0.8661780608570401,0.0162178501486778,0.0017633199458942
0.8662780698595608,0.0153285497799516,0.0012963459594175
0.8663780788620814,0.0146937202662230,0.0013021080521867
0.8664780878646022,0.0153863104060292,0.0011915400391445
0.8665780968671229,0.0144456904381514,0.0009233378805220
0.8666781058696437,0.0155357597395778,0.0009131308761425
0.8667781148721644,0.0151821002364159,0.0007024339283817
0.8668781238746850,0.0130856297910213,0.0005795737961307
0.8669781328772058,0.0133112100884318,0.0006858002161607
0.8670781418797264,0.0129910996183753,0.0004706007894129
0.8671781508822471,0.0141082303598523,0.0003645574033726
0.8672781598847679,0.0140441600233316,0.0000924852574826
0.8673781688872886,0.0131627796217799,0.0002752266009338
0.8674781778898092,0.0144920200109482,0.0000240050994762
0.8675781868923300,0.0132384998723865,-0.0001019650007947
0.8676781958948506,0.0119412001222372,-0.0002376937045483
0.8677782048973715,0.0123859699815512,-0.0001381777983624
0.8678782138998921,0.0112666198983788,0.0000121008797578
0.8679782229024128,0.0115359397605062,-0.0002800372021738
0.8680782319049335,0.0126377400010824,-0.0005198033759370
0.8681782409074542,0.0126006295904517,-0.0003452055098023
0.8682782499099748,0.0121413804590702,-0.0003015529946424
0.8683782589124956,0.0124517800286412,-0.0001037655019900
0.8684782679150164,0.0133231198415160,-0.0002086338063236
0.8685782769175370,0.0128732202574611,-0.0000466855199193
0.8686782859200578,0.0135353198274970,-0.0002971813082695
0.8687782949225784,0.0131557695567608,-0.0005521990242414
0.8688783039250992,0.0137641597539186,-0.0007679901900701
0.8689783129276198,0.0141985099762678,-0.0003899807925336
0.8690783219301406,0.0145644899457693,-0.0007169527234510
0.8691783309326613,0.0151569601148367,-0.0007010754779913
0.8692783399351820,0.0157107505947351,-0.0006705822888762
0.8693783489377026,0.0164026096463203,-0.0010186079889536
0.8694783579402234,0.0159144606441259,-0.0008167328196578
0.8695783669427440,0.0165740605443716,-0.0009361035772599
0.8696783759452648,0.0160435698926449,-0.0009537598816678
0.8697783849477855,0.0158895403146744,-0.0008381856023334
0.8698783939503062,0.0164532307535410,-0.0006511965766549
0.8699784029528270,0.0168689806014299,-0.0006403538864106
0.8700784119553476,0.0162231195718050,-0.0001238060067408
0.8701784209578683,0.0177169498056173,0.0000573757097300
0.8702784299603891,0.0173868108540773,0.0001756720012054
0.8703784389629098,0.0168275404721498,0.0002676089061424
0.8704784479654304,0.0169130805879831,0.0002048752940027
0.8705784569679512,0.0179145596921444,0.0000742882330087
0.8706784659704718,0.0163835994899273,0.0003315394860692
0.8707784749729925,0.0163645502179861,0.0000197172103071
0.8708784839755133,0.0169332996010780,0.0001590022002347
0.8709784929780340,0.0167353898286819,0.0002665288047865
0.8710785019805546,0.0171195194125175,-0.0000129167501655
0.8711785109830754,0.0177275203168392,-0.0004492212901823
0.8712785199855960,0.0173732005059719,-0.0002111945068464
0.8713785289881169,0.0166065394878387,0.0003109590034001
0.8714785379906375,0.0171788707375526,0.0001794191048248
0.8715785469931582,0.0168561395257711,0.0001449089031667
0.8716785559956789,0.0167398992925882,0.0001761760941008
0.8717785649981996,0.0170105490833521,0.0002509400073905
0.8718785740007203,0.0180313792079687,-0.0002164781035390
0.8719785830032410,0.0173911694437265,0.0001606980949873
0.8720785920057618,0.0178028307855129,0.0002546657051425
0.8721786010082824,0.0197410993278027,-0.0000716428694432
0.8722786100108032,0.0182614792138338,-0.0001641620037844
0.8723786190133238,0.0181859396398067,-0.0002893701894209
0.8724786280158446,0.0196703393012285,-0.0006912677199580
0.8725786370183652,0.0194191504269838,-0.0006258012144826
0.8726786460208860,0.0205052699893713,-0.0004752957029268
0.8727786550234067,0.0202613994479179,-0.0007910060230643
0.8728786640259274,0.0193239692598581,-0.0005461149848998
0.8729786730284480,0.0199874900281429,-0.0006415960961021
0.8730786820309688,0.0198488794267178,-0.0002074291987810
0.8731786910334894,0.0215167403221130,-0.0006446850020438
0.8732787000360102,0.0216123703867197,-0.0006064415792935
0.8733787090385309,0.0227225199341774,-0.0003801842103712
0.8734787180410516,0.0208472702652216,0.0000601044012001
0.8735787270435724,0.0207624901086092,0.0001184384018416
0.8736787360460930,0.0221625491976738,-0.0002863832050934
0.8737787450486137,0.0228036902844906,0.0000900324375834
0.8738787540511345,0.0222577806562185,0.0000690160086378
0.8739787630536552,0.0224488694220781,0.0000552503006475
0.8740787720561758,0.0228613894432783,-0.0001526794949314
0.8741787810586966,0.0227988492697477,0.0001257343974430
0.8742787900612172,0.0227780696004629,-0.0003456494014245
0.8743787990637379,0.0241207405924797,-0.0003908257058356
0.8744788080662587,0.0236237701028585,-0.0003961191978306
0.8745788170687794,0.0234006606042385,-0.0005059515824541
0.8746788260713001,0.0250576101243496,-0.0006955859716982
0.8747788350738208,0.0243919603526592,-0.0004645028966479
0.8748788440763414,0.0238690990954638,-0.0003694572951645
0.8749788530788623,0.0255103409290314,-0.0003281148965470
0.8750788620813829,0.0250194594264030,-0.0000050724470384
0.8751788710839036,0.0242802407592535,-0.0001451779971831
0.8752788800864244,0.0246514491736889,-0.0000355223091901
0.8753788890889450,0.0262040402740240,-0.0000163701697602
0.8754788980914657,0.0258319098502398,-0.0001381298061460
0.8755789070939864,0.0255546607077122,-0.0001709068019409
0.8756789160965072,0.0265103392302990,-0.0002761762007140
0.8757789250990279,0.0259777400642633,-0.0003733072953764
0.8758789341015486,0.0252702608704567,-0.0002200914022978
0.8759789431040692,0.0258167106658220,-0.0002128946071025
0.8760789521065900,0.0269516594707966,-0.0006447029882111
0.8761789611091106,0.0263421498239040,-0.0004981136880815
0.8762789701116314,0.0266151092946529,-0.0005183967878111
0.8763789791141521,0.0259894803166389,-0.0006871208897792
0.8764789881166728,0.0277741998434067,-0.0005210685776547
0.8765789971191934,0.0278346892446280,-0.0002968448097818
0.8766790061217142,0.0258907992392778,-0.0000430215186498
0.8767790151242348,0.0261228401213884,-0.0000141932996485
0.8768790241267557,0.0283226408064365,-0.0000990152475424
0.8769790331292764,0.0284873805940151,0.0001495331962360
0.8770790421317970,0.0286368299275637,0.0002883602865040
0.8771790511343178,0.0280593708157539,0.0003686115087476
0.8772790601368384,0.0286154896020889,0.0002242813934572
0.8773790691393591,0.0285622496157885,0.0005302387289703
0.8774790781418799,0.0284222308546305,0.0002101083955495
0.8775790871444006,0.0270018503069878,0.0001183892964036
0.8776790961469212,0.0285282805562019,0.0001294612011407
0.8777791051494420,0.0287189092487097,-0.0001056366018020
0.8778791141519626,0.0283368509262800,-0.0001565441052662
0.8779791231544835,0.0289066098630428,-0.0001234687952092
0.8780791321570041,0.0285265892744064,-0.0001333941036137
0.8781791411595248,0.0299111306667328,0.0001142308974522
0.8782791501620455,0.0295599494129419,0.0003607828111853
0.8783791591645662,0.0283259209245443,0.0003552208945621
0.8784791681670868,0.0286055393517017,0.0002818320062943
0.8785791771696077,0.0298119597136974,0.0002671726106200
0.8786791861721283,0.0284435395151377,0.0003052293031942
0.8787791951746490,0.0290833991020918,0.0004454108129721
0.8788792041771698,0.0280242990702391,0.0001760904997354
0.8789792131796904,0.0305457096546888,0.0001065476026270
0.8790792221822112,0.0299075692892075,0.0000227118907787
0.8791792311847318,0.0280760992318392,0.0000234871404245
0.8792792401872526,0.0289268698543310,-0.0001929362042574
0.8793792491897733,0.0298698898404837,-0.0002209903032053
0.8794792581922940,0.0306615792214870,-0.0003948971861973
0.8795792671948146,0.0304699894040823,-0.0003039764997084
0.8796792761973354,0.0294433701783419,-0.0003295559145045
0.8797792851998560,0.0283222906291485,-0.0000830760400277
0.8798792942023768,0.0288507305085659,-0.0001467526017223
0.8799793032048975,0.0291381608694792,0.0000389007909689
0.8800793122074182,0.0285848695784807,0.0001924067037180
0.8801793212099388,0.0279370192438364,0.0003213374875486
0.8802793302124596,0.0266554895788431,0.0004293578967918
0.8803793392149802,0.0287259891629219,0.0004861452907789
0.8804793482175011,0.0288336090743542,0.0003060568124056
0.8805793572200218,0.0276570506393909,0.0003102596092504
0.8806793662225424,0.0280916206538677,0.0003726365102921
0.8807793752250632,0.0273224804550409,0.0001762984029483
0.8808793842275838,0.0275122690945864,-0.0000882069725776
0.8809793932301045,0.0266712401062250,0.0001303367025685
0.8810794022326253,0.0265495106577873,0.0000369685913029
0.8811794112351460,0.0251876506954432,0.0000587719114264
0.8812794202376666,0.0251971706748009,0.0000530998804606
0.8813794292401874,0.0273028407245874,-0.0001073357998393
0.8814794382427080,0.0242305602878332,-0.0000539184111403
0.8815794472452289,0.0254127997905016,0.0000190276405192
0.8816794562477495,0.0251335408538580,-0.0000963028869592
0.8817794652502702,0.0258580297231674,-0.0000004361804997
0.8818794742527909,0.0253198705613613,-0.0000149591296577
0.8819794832553116,0.0249937605112791,0.0001707626070129
0.8820794922578322,0.0231111906468868,-0.0000162458491104
0.8821795012603530,0.0238521993160248,0.0001955996995093
0.8822795102628738,0.0231122896075249,0.0001561594981467
0.8823795192653944,0.0241141896694899,0.0000590855488554
0.8824795282679152,0.0232842899858952,-0.0001111426972784
0.8825795372704358,0.0243773404508829,-0.0002257885062136
0.8826795462729566,0.0247058700770140,-0.0002710733097047
0.8827795552754772,0.0254113897681236,-0.0005800942890346
0.8828795642779980,0.0252441205084324,-0.0005890547181480
0.8829795732805187,0.0256306696683168,-0.0006311758770607
0.8830795822830394,0.0258894693106413,-0.0006185533711687
0.8831795912855600,0.0245997495949268,-0.0005388457211666
0.8832796002880808,0.0248931292444468,-0.0002423512050882
0.8833796092906014,0.0245809108018875,-0.0002168650971726
0.8834796182931222,0.0245423708111048,0.0000850172727951
0.8835796272956429,0.0269210003316402,-0.0000057505949371
0.8836796362981636,0.0257865805178881,0.0001276508992305
0.8837796453006843,0.0251381192356348,0.0003628226113506
0.8838796543032050,0.0248708296567202,0.0003174655139446
0.8839796633057257,0.0242248903959990,0.0002323616063222
0.8840796723082465,0.0255938507616520,0.0001628283935133
0.8841796813107672,0.0261630993336439,0.0002818746143021
0.8842796903132878,0.0260830707848072,0.0001285142934648
0.8843796993158086,0.0244209691882133,0.0000390271889046
0.8844797083183292,0.0256814807653427,-0.0001379227032885
0.8845797173208499,0.0260936506092548,-0.0001722663000692
0.8846797263233707,0.0250994991511106,-0.0001226400927408
0.8847797353258914,0.0248902793973684,-0.0002146688057110
0.8848797443284121,0.0275572407990694,0.0000072040020314
0.8849797533309328,0.0267367698252201,0.0000996242670226
0.8850797623334534,0.0252389106899500,0.0001627715973882
0.8851797713359743,0.0253361091017723,0.0005860619130544
0.8852797803384949,0.0255082193762064,0.0005871941102669
0.8853797893410156,0.0268944595009089,0.0002748580882326
0.8854797983435363,0.0263907890766859,0.0000889966031536
0.8855798073460570,0.0269172396510839,0.0002141864970326
0.8856798163485776,0.0262287091463804,-0.0001431699929526
0.8857798253510984,0.0276105403900146,-0.0001714959071251
0.8858798343536192,0.0279462896287441,-0.0000965462168097
0.8859798433561399,0.0272604506462812,-0.0001746829948388
0.8860798523586606,0.0266780592501163,-0.0003700696106534
0.8861798613611812,0.0265985708683729,-0.0002369896974415
0.8862798703637020,0.0275568906217813,-0.0004959712969139
0.8863798793662226,0.0277918297797441,-0.0003364866133779
0.8864798883687434,0.0265449695289135,-0.0003501232131384
0.8865798973712641,0.0255110599100590,-0.0002585414913483
0.8866799063737848,0.0270153395831585,-0.0000294258607028
0.8867799153763054,0.0270052794367075,-0.0000571751588723
0.8868799243788262,0.0255297496914864,0.0001954473991646
0.8869799333813468,0.0259707700461149,0.0004629220056813
0.8870799423838677,0.0258200801908970,0.0003858619020320
0.8871799513863883,0.0267076995223761,0.0003776722878683
0.8872799603889090,0.0270104501396418,0.0004043189983349
0.8873799693914297,0.0286620501428843,-0.0000127889097712
0.8874799783939504,0.0293971095234156,-0.0005169226205908
0.8875799873964711,0.0355212613940239,-0.0015536360442638
0.8876799963989919,0.0398698709905148,-0.0034746909514070
0.8877800054015126,0.0421220399439335,-0.0057689938694239
0.8878800144040332,0.0431500710546970,-0.0088994633406401
0.8879800234065540,0.0439867712557316,-0.0147245395928621
0.8880800324090746,0.0186322499066591,-0.0096671711653471
0.8881800414115955,0.0849967971444130,0.0849611312150955
0.8882800504141161,0.0849970132112503,0.0849698632955551
0.8883800594166368,0.0849968865513802,0.0849756896495819
0.8884800684191575,0.0849963724613190,0.0849979966878891
0.8885800774216782,0.0849965736269951,0.0849979072809219
0.8886800864241988,0.0849957764148712,0.0849979370832443
0.8887800954267197,0.0268461797386408,-0.0286437701433897
0.8888801044292403,0.0266363807022572,-0.0207813698798418
0.8889801134317610,0.0255902707576752,-0.0152877597138286
0.8890801224342817,0.0231053493916988,-0.0118313897401094
0.8891801314368024,0.0210759695619345,-0.0075011728331447
0.8892801404393231,0.0201995093375444,-0.0042799580842257
0.8893801494418438,0.0183451399207115,-0.0024060870055109
0.8894801584443646,0.0181897599250078,-0.0001051612998708
0.8895801674468853,0.0167323704808950,0.0021772130858153
0.8896801764494060,0.0168179292231798,0.0043832911178470
0.8897801854519266,0.0165540706366301,0.0052567371167243
0.8898801944544474,0.0157894603908062,0.0054551931098104
0.8899802034569680,0.0158827994018793,0.0052787000313401
0.8900802124594888,0.0156528707593679,0.0053325202316046
0.8901802214620095,0.0157681796699762,0.0047388197854161
0.8902802304645302,0.0155927399173379,0.0039969962090254
0.8903802394670508,0.0154499895870686,0.0035810000263155
0.8904802484695716,0.0154557796195149,0.0032437830232084
0.8905802574720922,0.0158422291278839,0.0027240989729762
0.8906802664746131,0.0155917899683118,0.0023944659624249
0.8907802754771337,0.0174660291522741,0.0023109570611268
0.8908802844796544,0.0170662701129913,0.0018858950352296
0.8909802934821752,0.0178418196737766,0.0019631818868220
0.8910803024846958,0.0178475603461266,0.0017127010505646
0.8911803114872165,0.0189934000372887,0.0015964120393619
0.8912803204897373,0.0188670307397842,0.0012605920201167
0.8913803294922580,0.0200179293751717,0.0009211848955601
0.8914803384947786,0.0195765309035778,0.0002657317963894
0.8915803474972994,0.0184857305139303,-0.0002695072034840
0.8916803564998200,0.0192856900393963,-0.0004311774100643
0.8917803655023409,0.0176943093538284,-0.0007103976095095
0.8918803745048615,0.0189353805035353,-0.0007774482946843
0.8919803835073822,0.0186760798096657,-0.0006345721776597
0.8920803925099029,0.0196614600718021,-0.0005962899886072
0.8921804015124236,0.0191441196948290,-0.0005673671839759
0.8922804105149442,0.0185720399022102,-0.0006911735981703
0.8923804195174651,0.0173310209065676,-0.0009425415773876
0.8924804285199857,0.0170546304434538,-0.0010603249538690
0.8925804375225064,0.0182770602405071,-0.0007890014094301
0.8926804465250272,0.0168322492390871,-0.0005131706711836
0.8927804555275478,0.0173052698373795,-0.0004066182882525
0.8928804645300686,0.0169126801192760,-0.0001175013967440
0.8929804735325892,0.0163876097649336,0.0003378801920917
0.8930804825351100,0.0171155091375113,0.0002935494994745
0.8931804915376307,0.0164567008614540,0.0004835966101382
0.8932805005401514,0.0169249102473259,0.0005506451125257
0.8933805095426720,0.0156155703589320,0.0000914277698030
0.8934805185451928,0.0143105797469616,-0.0002829484874383
0.8935805275477134,0.0150282802060246,-0.0006810216000304
0.8936805365502342,0.0145501997321844,-0.0005209270748310
0.8937805455527549,0.0147804804146290,-0.0004345767956693
0.8938805545552756,0.0154531197622418,-0.0004551213933155
0.8939805635577963,0.0151917003095150,-0.0002416999050183
0.8940805725603170,0.0149048501625657,-0.0000446318117611
0.8941805815628376,0.0143902497366071,-0.0001958009961527
0.8942805905653585,0.0145724099129438,0.0000337347701134
0.8943805995678791,0.0147906802594662,0.0004948151763529
0.8944806085703998,0.0134210502728820,0.0001834730937844
0.8945806175729206,0.0135123003274202,0.0000369757908629
0.8946806265754412,0.0149814002215862,0.0002677979937289
0.8947806355779619,0.0142258303239942,0.0001294651010539
0.8948806445804827,0.0144866397604346,-0.0001272216031794
0.8949806535830034,0.0144960898905993,-0.0000665500629111
0.8950806625855241,0.0148300696164370,-0.0001545582053950
0.8951806715880448,0.0144462101161480,-0.0000435434885731
0.8952806805905654,0.0142485098913312,0.0000830541030155
0.8953806895930863,0.0150443101301789,-0.0002234740968561
0.8954806985956069,0.0147886201739311,-0.0002103576989612
0.8955807075981276,0.0151549996808171,-0.0002335179015063
0.8956807166006483,0.0160302296280861,-0.0003957769076806
0.8957807256031690,0.0155659699812531,-0.0001352546969429
0.8958807346056896,0.0154154999181628,0.0001429484982509
0.8959807436082105,0.0156790502369404,-0.0000639263089397
0.8960807526107311,0.0147188603878021,0.0001577139046276
0.8961807616132519,0.0139079904183745,0.0000003079474880
0.8962807706157726,0.0146401003003120,0.0003416998952162
0.8963807796182932,0.0148976603522897,0.0002209317026427
0.8964807886208140,0.0151425302028656,-0.0001009163970593
0.8965807976233346,0.0159636791795492,-0.0002327467955183
0.8966808066258554,0.0157096590846777,-0.0006893207901157
0.8967808156283761,0.0148636400699615,-0.0002980300923809
0.8968808246308968,0.0164884608238935,-0.0003023420867976
0.8969808336334174,0.0163909401744604,-0.0002259719040012
0.8970808426359382,0.0167151391506195,-0.0002342733932892
0.8971808516384588,0.0174221601337194,-0.0001728311035549
0.8972808606409797,0.0171245206147432,-0.0001826099032769
0.8973808696435003,0.0159932691603899,-0.0004309068899602
0.8974808786460210,0.0181036293506622,-0.0003359334077686
0.8975808876485417,0.0174234397709370,-0.0002014807978412
0.8976808966510624,0.0160669591277838,-0.0003041476011276
0.8977809056535830,0.0175261609256268,0.0000074848189797
0.8978809146561039,0.0176105909049511,0.0004070386057720
0.8979809236586246,0.0175449401140213,0.0003449998039287
0.8980809326611452,0.0187245905399323,0.0003356669913046
0.8981809416636660,0.0178986694663763,0.0001823693019105
0.8982809506661866,0.0169968903064728,0.0000606130888627
0.8983809596687073,0.0177034605294466,-0.0002995234972332
0.8984809686712281,0.0176987107843161,-0.0002967737964354
0.8985809776737488,0.0183427799493074,-0.0003369977930561
0.8986809866762695,0.0186159797012806,-0.0002187981008319
0.8987809956787902,0.0201349090784788,-0.0002592781092972
0.8988810046813108,0.0196573901921511,-0.0000858681378304
0.8989810136838317,0.0212912596762180,0.0000602003783570
0.8990810226863523,0.0207668691873550,0.0000573843499296
0.8991810316888730,0.0202545505017042,0.0001593991037225
0.8992810406913937,0.0201223008334637,0.0007463893853128
0.8993810496939144,0.0203579198569059,0.0003564658982214
0.8994810586964350,0.0202293191105127,0.0001194266005768
0.8995810676989558,0.0201562196016312,0.0000771711202106
0.8996810767014766,0.0223795901983976,0.0004474958113860
0.8997810857039973,0.0225983895361423,0.0001337239955319
0.8998810947065180,0.0235407296568155,0.0005692946724594
0.8999811037090386,0.0230712108314037,0.0002386661071796
0.9000811127115594,0.0221903100609779,-0.0001220818958245
0.9001811217140800,0.0230762790888548,0.0000611766809016
0.9002811307166008,0.0227511692792177,-0.0001130620003096
0.9003811397191215,0.0226868800818920,-0.0003124130889773
0.9004811487216422,0.0242075603455305,-0.0002354383032070
0.9005811577241628,0.0233700703829527,-0.0004198802052997
0.9006811667266836,0.0226111300289631,-0.0004493574961089
0.9007811757292042,0.0230443906039000,-0.0003928230144083
0.9008811847317251,0.0242959205061197,-0.0004101970989723
0.9009811937342457,0.0241302605718374,-0.0000166048193933
0.9010812027367664,0.0257792305201292,0.0003109443059657
0.9011812117392871,0.0242672096937895,-0.0000269077099802
0.9012812207418078,0.0239108595997095,-0.0002090721973218
0.9013812297443284,0.0232590902596712,0.0000206725999305
0.9014812387468493,0.0248871203511953,0.0001048761987477
0.9015812477493700,0.0251732300966978,-0.0000728459126549
0.9016812567518906,0.0250233300030231,-0.0002257442974951
0.9017812657544114,0.0259987097233534,-0.0002239966997877
0.9018812747569320,0.0253347996622324,-0.0002904137945734
0.9019812837594529,0.0272603705525398,0.0001244112936547
0.9020812927619735,0.0275306496769190,0.0002642975887284
0.9021813017644942,0.0271884407848120,0.0003677754139062
0.9022813107670149,0.0262065194547176,0.0000312658412440
0.9023813197695356,0.0257905405014753,0.0001654608058743
0.9024813287720562,0.0275756306946278,0.0002776606997941
0.9025813377745771,0.0274598691612482,0.0002332009025849
0.9026813467770977,0.0270012393593788,0.0002199652954005
0.9027813557796184,0.0287736896425486,0.0007765851914883
0.9028813647821391,0.0282775200903416,0.0007912931032479
0.9029813737846598,0.0272344294935465,0.0005250995163806
0.9030813827871806,0.0288312900811434,0.0009413118241355
0.9031813917897012,0.0295008793473244,0.0008563693845645
0.9032814007922220,0.0285215303301811,0.0005442873225547
0.9033814097947427,0.0276470892131329,-0.0000578651015530
0.9034814187972634,0.0271037500351667,-0.0002428559964756
0.9035814277997840,0.0291761402040720,-0.0000855376274558
0.9036814368023048,0.0283872094005346,-0.0004478142946027
0.9037814458048254,0.0279550496488810,-0.0006772028864361
0.9038814548073462,0.0295716803520918,-0.0003025144978892
0.9039814638098669,0.0291770808398724,-0.0002056139055640
0.9040814728123876,0.0288829505443573,0.0000171274805325
0.9041814818149083,0.0288718603551388,0.0001757042045938
0.9042814908174290,0.0301647204905748,0.0004754973051604
0.9043814998199496,0.0292045902460814,-0.0000387160289392
0.9044815088224705,0.0280950590968132,-0.0000641233564238
0.9045815178249911,0.0289377998560667,0.0002538244880270
0.9046815268275118,0.0309007000178099,0.0005928517784923
0.9047815358300325,0.0296497307717800,-0.0000944840212469
0.9048815448325532,0.0300210099667311,-0.0000374688897864
0.9049815538350739,0.0287386998534203,-0.0004204062861390
0.9050815628375947,0.0293626897037029,-0.0001963186950888
0.9051815718401154,0.0301217790693045,0.0001488498965045
0.9052815808426361,0.0284559205174446,-0.0004116347117815
0.9053815898451568,0.0278231296688318,-0.0004566618881654
0.9054815988476774,0.0269788708537817,-0.0007179792737588
0.9055816078501983,0.0290417801588774,-0.0001677705004113
0.9056816168527189,0.0283744893968105,-0.0001813963026507
0.9057816258552396,0.0276881102472544,-0.0002405693958281
0.9058816348577603,0.0270940102636814,-0.0002440858952468
0.9059816438602810,0.0276059508323669,-0.0001775598939275
0.9060816528628016,0.0281970407813787,0.0003947872028220
0.9061816618653225,0.0279648900032043,0.0004517548950389
0.9062816708678431,0.0269990693777800,0.0004073703894392
0.9063816798703639,0.0279070995748043,0.0003823623119388
0.9064816888728845,0.0281884893774986,0.0005161811714061
0.9065816978754052,0.0280637107789516,0.0004438447067514
0.9066817068779260,0.0274390000849962,0.0001475588069297
0.9067817158804466,0.0268255602568388,-0.0001438017061446
0.9068817248829674,0.0281569007784128,-0.0000168979495356
0.9069817338854881,0.0271320305764675,-0.0003887247876264
0.9070817428880088,0.0265939608216286,-0.0004007236857433
0.9071817518905294,0.0259021706879139,-0.0003934809064958
0.9072817608930502,0.0256182197481394,-0.0001093734972528
0.9073817698955708,0.0275648199021816,0.0002279803011334
0.9074817788980917,0.0266208797693253,-0.0000316624900734
0.9075817879006123,0.0268516391515732,0.0002318913029740
0.9076817969031330,0.0255812406539917,-0.0003340592083987
0.9077818059056537,0.0275743491947651,0.0001092694001272
0.9078818149081744,0.0267233904451132,0.0003244577092119
0.9079818239106950,0.0256274007260799,0.0000267811792583
0.9080818329132159,0.0258545204997063,0.0001092695019906
0.9081818419157365,0.0264648105949163,0.0003550144028850
0.9082818509182572,0.0252035800367594,-0.0001467766996939
0.9083818599207780,0.0241943001747131,-0.0002296328020748
0.9084818689232986,0.0247281193733215,-0.0003097812004853
0.9085818779258193,0.0250780805945396,-0.0000459554394183
0.9086818869283401,0.0256086904555559,-0.0001348093937850
0.9087818959308608,0.0247846804559231,-0.0003900701995008
0.9088819049333815,0.0243312399834394,-0.0003405373136047
0.9089819139359022,0.0252844598144293,-0.0000354473595507
0.9090819229384228,0.0237542390823364,-0.0003014116082340
0.9091819319409437,0.0236879996955395,-0.0001877461036202
0.9092819409434643,0.0246744900941849,0.0004460712079890
0.9093819499459850,0.0254196692258120,0.0007863044738770
0.9094819589485057,0.0264413598924875,0.0009412071085535
0.9095819679510264,0.0254052393138409,0.0006363260908984
0.9096819769535470,0.0243202000856400,0.0003688069118652
0.9097819859560679,0.0246812291443348,0.0003122863126919
0.9098819949585885,0.0252783391624689,0.0002153725072276
0.9099820039611093,0.0257675908505917,0.0003730357857421
0.9100820129636300,0.0242007691413164,-0.0001037230977090
0.9101820219661506,0.0241435300558805,-0.0000693829933880
0.9102820309686714,0.0264286193996668,0.0003741157997865
0.9103820399711920,0.0262546204030514,-0.0000822242072900
0.9104820489737128,0.0263381600379944,0.0001300674048252
0.9105820579762335,0.0258282404392958,-0.0000429890897067
0.9106820669787542,0.0258194804191589,-0.0003259257937316
0.9107820759812748,0.0268159694969654,-0.0000674523616908
0.9108820849837956,0.0265526995062828,-0.0000367945212929
0.9109820939863162,0.0255576893687248,-0.0003735316859093
0.9110821029888371,0.0255097597837448,-0.0002643846964929
0.9111821119913577,0.0263581406325102,-0.0001370910031255
0.9112821209938784,0.0258107203990221,0.0001035790992319
0.9113821299963991,0.0250164903700352,-0.0001407625968568
0.9114821389989198,0.0251413602381945,-0.0001120084998547
0.9115821480014404,0.0268642492592335,-0.0000563382782275
0.9116821570039613,0.0273030493408442,0.0000916855206015
0.9117821660064819,0.0246322900056839,-0.0006020661094226
0.9118821750090026,0.0240652393549681,-0.0006734794005752
0.9119821840115234,0.0257775802165270,-0.0001466982066631
0.9120821930140440,0.0247909296303988,-0.0004087316046935
0.9121822020165649,0.0243946202099323,-0.0003038565046154
0.9122822110190855,0.0246621500700712,0.0001224445004482
0.9123822200216062,0.0253796596080065,0.0002686569932848
0.9124822290241269,0.0252676904201508,0.0003446713963058
0.9125822380266476,0.0241683498024940,0.0001051317012752
0.9126822470291682,0.0248056706041098,0.0003914773114957
0.9127822560316891,0.0246049501001835,0.0004478339978959
0.9128822650342097,0.0254121795296669,0.0005088184261695
0.9129822740367304,0.0255721192806959,0.0006245516124181
0.9130822830392511,0.0245526097714901,0.0005101109854877
0.9131822920417718,0.0246947593986988,0.0004230162885506
0.9132823010442925,0.0254469197243452,0.0002487108868081
0.9133823100468133,0.0250112600624561,-0.0000270213695330
0.9134823190493339,0.0248880907893181,-0.0001684633025434
0.9135823280518547,0.0262361206114292,-0.0001501060032751
0.9136823370543754,0.0256949402391911,-0.0000634780735709
0.9137823460568960,0.0239113606512547,-0.0004950521979481
0.9138823550594168,0.0241191498935223,-0.0003942935145460
0.9139823640619374,0.0237744096666574,-0.0006244889227673
0.9140823730644582,0.0248887594789267,-0.0007222095155157
0.9141823820669789,0.0307112000882626,-0.0005921220872551
0.9142823910694996,0.0314562581479549,-0.0008167931227945
0.9143824000720203,0.0340583510696888,-0.0005230202223174
0.9144824090745410,0.0370980389416218,0.0001980386005016
0.9145824180770616,0.0400484912097454,0.0008694718126208
0.9146824270795825,0.0419439002871513,0.0018506170017645
0.9147824360821031,0.0470702797174454,0.0037083269562572
0.9148824450846238,0.0849972814321518,0.0849962607026100
0.9149824540871445,0.0849973335862160,0.0849960222840309
0.9150824630896652,0.0849972069263458,0.0849970504641533
0.9151824720921858,0.0849975571036339,0.0849973335862160
0.9152824810947067,0.0849975124001503,0.0849725678563118
0.9153824900972274,0.0849976316094398,0.0849744305014610
0.9154824990997481,0.0849975571036339,0.0849691629409790
0.9155825081022688,0.0849974378943443,0.0849687010049820
0.9156825171047894,0.0249824002385139,0.0311147104948759
0.9157825261073103,0.0237988904118538,0.0266517307609320
0.9158825351098309,0.0239361394196749,0.0217749904841185
0.9159825441123516,0.0223057009279728,0.0180765800178051
0.9160825531148723,0.0197326093912125,0.0152585199102759
0.9161825621173930,0.0187645591795444,0.0114760901778936
0.9162825711199136,0.0167761407792568,0.0090046375989914
0.9163825801224345,0.0164276696741581,0.0059694522060454
0.9164825891249551,0.0153106702491641,0.0035721459425986
0.9165825981274759,0.0149909202009439,0.0014997520484030
0.9166826071299965,0.0138602098450065,-0.0002035696961684
0.9167826161325172,0.0146772600710392,-0.0023759510368109
0.9168826251350379,0.0139085203409195,-0.0037905098870397
0.9169826341375586,0.0144412498921156,-0.0056664650328457
0.9170826431400794,0.0143456403166056,-0.0070686480030417
0.9171826521426001,0.0153289902955294,-0.0086693549528718
0.9172826611451208,0.0154390400275588,-0.0088968640193343
0.9173826701476414,0.0144549096003175,-0.0089503293856978
0.9174826791501622,0.0156472697854042,-0.0094763040542603
0.9175826881526828,0.0166320800781250,-0.0094122691079974
0.9176826971552036,0.0180416200309992,-0.0092838862910867
0.9177827061577243,0.0176976490765810,-0.0085314186289907
0.9178827151602450,0.0181584507226944,-0.0079202214255929
0.9179827241627657,0.0182769391685724,-0.0071380329318345
0.9180827331652864,0.0181294791400433,-0.0058974460698664
0.9181827421678070,0.0183211006224155,-0.0050320089794695
0.9182827511703279,0.0175568591803312,-0.0037289869505912
0.9183827601728485,0.0184052605181932,-0.0031027519144118
0.9184827691753692,0.0182239096611738,-0.0022094419691712
0.9185827781778899,0.0193985402584076,-0.0013939039781690
0.9186827871804106,0.0179851800203323,-0.0007364663761109
0.9187827961829312,0.0182465091347694,0.0000930903333938
0.9188828051854521,0.0183854401111603,0.0005297082825564
0.9189828141879728,0.0176501106470823,0.0009878113633022
0.9190828231904935,0.0173279102891684,0.0013744670432061
0.9191828321930142,0.0166590195149183,0.0017013580072671
0.9192828411955348,0.0164635498076677,0.0021077198907733
0.9193828501980557,0.0159623008221388,0.0017780370544642
0.9194828592005763,0.0152337104082108,0.0017983489669859
0.9195828682030970,0.0154186002910137,0.0018598609603941
0.9196828772056177,0.0143508501350880,0.0017304030479863
0.9197828862081384,0.0154105201363564,0.0017507110023871
0.9198828952106590,0.0146132996305823,0.0016050980193540
0.9199829042131799,0.0147809498012066,0.0012204500380903
0.9200829132157005,0.0156254190951586,0.0012086570495740
0.9201829222182213,0.0155392400920391,0.0013046780368313
0.9202829312207419,0.0156483408063650,0.0011020340025425
0.9203829402232626,0.0155069297179580,0.0010277689434588
0.9204829492257833,0.0147809498012066,0.0009097033180296
0.9205829582283040,0.0148704797029495,0.0007844161009416
0.9206829672308248,0.0146878203377128,0.0007848999230191
0.9207829762333455,0.0132785299792886,0.0007289625937119
0.9208829852358662,0.0140812098979950,0.0001461684005335
0.9209829942383868,0.0137832500040531,-0.0002093297953252
0.9210830032409076,0.0138178700581193,-0.0003929435042664
0.9211830122434282,0.0152683397755027,-0.0007250381167978
0.9212830212459491,0.0151262003928423,-0.0004309093055781
0.9213830302484697,0.0134576503187418,-0.0001475876051700
0.9214830392509904,0.0137962400913239,-0.0003935096028727
0.9215830482535111,0.0132470801472664,-0.0001546307030367
0.9216830572560318,0.0136110298335552,-0.0002361585065955
0.9217830662585524,0.0147021701559424,-0.0004398445889819
0.9218830752610733,0.0144672496244311,-0.0003070613020100
0.9219830842635939,0.0141721395775676,-0.0003362598945387
0.9220830932661146,0.0140506103634834,-0.0001764610933606
0.9221831022686353,0.0147082498297095,-0.0003709550073836
0.9222831112711560,0.0141476299613714,-0.0002964868035633
0.9223831202736769,0.0140490503981709,-0.0002427838044241
0.9224831292761975,0.0147666698321700,-0.0005469275056385
0.9225831382787182,0.0140097998082638,-0.0007624906138517
0.9226831472812389,0.0144318100064993,-0.0006702623795718
0.9227831562837596,0.0146701699122787,-0.0006733270711266
0.9228831652862802,0.0138755897060037,-0.0005624506156892
0.9229831742888011,0.0134734399616718,-0.0006874640821479
0.9230831832913217,0.0132828596979380,-0.0003074789128732
0.9231831922938424,0.0144956503063440,-0.0007170708267950
0.9232832012963631,0.0144244702532887,-0.0003828330955002
0.9233832102988838,0.0146828396245837,-0.0001339394948445
0.9234832193014045,0.0164427906274796,-0.0003118288877886
0.9235832283039253,0.0158206708729267,-0.0002286683011334
0.9236832373064459,0.0162703506648540,-0.0003825745079666
0.9237832463089667,0.0159393493086100,-0.0001653884974075
0.9238832553114873,0.0167393591254950,-0.0000379089906346
0.9239832643140080,0.0162530504167080,-0.0000716360009392
0.9240832733165288,0.0171577893197536,-0.0002693726855796
0.9241832823190494,0.0177853591740131,-0.0002716816961765
0.9242832913215702,0.0166197102516890,-0.0002930861082859
0.9243833003240909,0.0159819591790438,0.0000801253409008
0.9244833093266116,0.0158725101500750,-0.0000794346415205
0.9245833183291323,0.0168362408876419,-0.0005528370966204
0.9246833273316530,0.0169987902045250,-0.0002983378071804
0.9247833363341736,0.0184656102210283,-0.0004004311049357
0.9248833453366945,0.0185595005750656,-0.0002844140981324
0.9249833543392151,0.0171064995229244,0.0002456222136971
0.9250833633417358,0.0163290891796350,0.0003702557005454
0.9251833723442565,0.0177747793495655,0.0001904524979182
0.9252833813467772,0.0182370692491531,0.0003944690979552
0.9253833903492978,0.0186889898031950,0.0002570021897554
0.9254833993518187,0.0187816191464663,0.0002059078979073
0.9255834083543393,0.0189176890999079,-0.0002629605005495
0.9256834173568601,0.0184385199099779,-0.0002327419933863
0.9257834263593808,0.0199192203581333,-0.0002677447046153
0.9258834353619014,0.0202763509005308,-0.0003637899935711
0.9259834443644223,0.0197284296154976,-0.0005057575181127
0.9260834533669429,0.0185722000896931,-0.0000239936507569
0.9261834623694636,0.0197797901928425,-0.0003887815109920
0.9262834713719843,0.0192279908806086,-0.0004293553938624
0.9263834803745050,0.0188277401030064,-0.0001884952071123
0.9264834893770256,0.0207513291388750,-0.0003422175068408
0.9265834983795465,0.0201386194676161,-0.0002997338015120
0.9266835073820671,0.0198204591870308,-0.0001872894063126
0.9267835163845878,0.0199878197163343,-0.0000580182713747
0.9268835253871085,0.0215597003698349,-0.0003184402885381
0.9269835343896292,0.0218187700957060,0.0000473476102343
0.9270835433921499,0.0208651795983315,0.0000353880386683
0.9271835523946707,0.0211476106196642,0.0000360282101610
0.9272835613971913,0.0228429306298494,-0.0001009051993606
0.9273835703997121,0.0225123092532158,-0.0003032083914150
0.9274835794022327,0.0221918802708387,-0.0003098952001892
0.9275835884047534,0.0233513005077839,-0.0003450197109487
0.9276835974072742,0.0241345409303904,-0.0006712147151120
0.9277836064097948,0.0235623791813850,-0.0003904807963409
0.9278836154123156,0.0235609002411366,-0.0002716116141528
0.9279836244148363,0.0240601208060980,-0.0006631016149186
0.9280836334173570,0.0223144907504320,-0.0002917354868259
0.9281836424198777,0.0218620598316193,-0.0000071577310337
0.9282836514223984,0.0244181193411350,0.0000522406407981
0.9283836604249190,0.0230698008090258,0.0002358836063650
0.9284836694274399,0.0234672203660011,0.0000620107675786
0.9285836784299605,0.0232513099908829,0.0003429997886997
0.9286836874324812,0.0240942798554897,0.0000877465281519
0.9287836964350019,0.0251903999596834,-0.0003483846958261
0.9288837054375226,0.0246917903423309,-0.0000431013904745
0.9289837144400432,0.0251294393092394,-0.0002542271977291
0.9290837234425641,0.0258300192654133,-0.0006052774260752
0.9291837324450847,0.0259416494518518,-0.0006133249844424
0.9292837414476055,0.0251870509237051,-0.0005988337215967
0.9293837504501262,0.0264880508184433,-0.0010628430172801
0.9294837594526468,0.0264726206660271,-0.0007911358843558
0.9295837684551677,0.0261482205241919,-0.0008447925793007
0.9296837774576883,0.0260320696979761,-0.0007093609892763
0.9297837864602090,0.0260761398822069,-0.0005481127882376
0.9298837954627297,0.0267109498381615,-0.0005917549133301
0.9299838044652504,0.0269363392144442,-0.0004216987872496
0.9300838134677710,0.0264310203492641,-0.0001531689049443
0.9301838224702919,0.0255483202636242,0.0000048473630159
0.9302838314728125,0.0259062908589840,0.0003047403006349
0.9303838404753333,0.0270491596311331,0.0003272352914792
0.9304838494778539,0.0266310703009367,0.0003980497131124
0.9305838584803746,0.0259651690721512,0.0003384320007171
0.9306838674828953,0.0284843593835831,0.0004703426093329
0.9307838764854161,0.0285047907382250,0.0004322910099290
0.9308838854879367,0.0270229391753674,0.0001114397018682
0.9309838944904575,0.0268848408013582,-0.0000224533396249
0.9310839034929782,0.0284644495695829,-0.0000223980205192
0.9311839124954988,0.0279140900820494,-0.0000576397214900
0.9312839214980196,0.0270029902458191,-0.0001946599950315
0.9313839305005402,0.0271399095654488,0.0000241672205448
0.9314839395030611,0.0268382690846920,0.0001084233008442
0.9315839485055817,0.0288357492536306,0.0002739412884694
0.9316839575081024,0.0276509504765272,0.0004477945913095
0.9317839665106231,0.0279330592602491,0.0003462877939455
0.9318839755131438,0.0283505897969007,0.0003641429939307
0.9319839845156644,0.0281595308333635,0.0002717975876294
0.9320839935181853,0.0292971208691597,0.0001101657981053
0.9321840025207059,0.0275059603154659,0.0003317352966405
0.9322840115232266,0.0276052393019199,0.0002015529025812
0.9323840205257473,0.0283546503633261,0.0003056832938455
0.9324840295282680,0.0263979006558657,0.0002737646864261
0.9325840385307888,0.0280447509139776,-0.0001353177940473
0.9326840475333095,0.0273058693856001,-0.0000747616504668
0.9327840565358302,0.0271185897290707,-0.0002023665001616
0.9328840655383509,0.0273239593952894,-0.0003041889867745
0.9329840745408716,0.0269703697413206,-0.0003292631008662
0.9330840835433922,0.0291179493069649,-0.0006180203054100
0.9331840925459131,0.0284561198204756,-0.0004621334082913
0.9332841015484337,0.0285856500267982,-0.0001335002016276
0.9333841105509544,0.0286583695560694,0.0000618844933342
0.9334841195534751,0.0270635709166527,0.0000786410673754
0.9335841285559958,0.0273794904351234,0.0001793857954908
0.9336841375585165,0.0287901908159256,0.0002111303037964
0.9337841465610373,0.0271517504006624,0.0001072864979506
0.9338841555635579,0.0246631000190973,0.0002162527962355
0.9339841645660787,0.0265520308166742,0.0003858866984956
0.9340841735685993,0.0270884297788143,0.0001560712989885
0.9341841825711200,0.0274051893502474,-0.0000715477290214
0.9342841915736407,0.0263567008078098,-0.0000558545907552
0.9343842005761614,0.0271754506975412,-0.0000355169795512
0.9344842095786821,0.0269402191042900,-0.0001865996018751
0.9345842185812029,0.0254700593650341,-0.0003058928123210
0.9346842275837236,0.0265306495130062,-0.0002473068889230
0.9347842365862443,0.0264085605740547,-0.0000371524802176
0.9348842455887650,0.0264240596443415,0.0000232652691921
0.9349842545912856,0.0259961690753698,-0.0001279567950405
0.9350842635938065,0.0272928904742002,0.0002413445035927
0.9351842725963271,0.0296234004199505,-0.0000914165502763
0.9352842815988478,0.0292361509054899,0.0002479228132870
0.9353842906013685,0.0259803999215364,0.0002425478014629
0.9354842996038892,0.0275856405496597,0.0001391958940076
0.9355843086064098,0.0266488697379827,0.0004195015062578
0.9356843176089307,0.0273463390767574,0.0003699118969962
0.9357843266114513,0.0268197599798441,0.0002693324058782
0.9358843356139721,0.0251077599823475,-0.0001154877027147
0.9359843446164927,0.0263037998229265,-0.0003010770014953
0.9360843536190134,0.0260782092809677,-0.0005445022252388
0.9361843626215343,0.0285189803689718,-0.0008241566829383
0.9362843716240549,0.0283828992396593,-0.0007196508231573
0.9363843806265756,0.0271761696785688,-0.0006620361236855
0.9364843896290963,0.0273210294544697,-0.0005457206862047
0.9365843986316170,0.0271094702184200,-0.0003274643968325
0.9366844076341376,0.0266859401017427,0.0000698134535924
0.9367844166366585,0.0266409795731306,0.0000587521390116
0.9368844256391791,0.0264311991631985,0.0001128170988522
0.9369844346416998,0.0268598999828100,0.0002991502988152
0.9370844436442205,0.0266888793557882,0.0003085398930125
0.9371844526467412,0.0253388397395611,0.0002233767008875
0.9372844616492619,0.0261444393545389,0.0002541478897911
0.9373844706517827,0.0273263305425644,0.0001846054947237
0.9374844796543033,0.0266588907688856,0.0003661742084660
0.9375844886568241,0.0253045503050089,0.0003616822941694
0.9376844976593447,0.0257161706686020,0.0002122775040334
0.9377845066618654,0.0278283096849918,-0.0001537936041132
0.9378845156643861,0.0271425694227219,-0.0001429450057913
0.9379845246669068,0.0273101795464754,-0.0002174518012907
0.9380845336694276,0.0270958393812180,-0.0001252359943464
0.9381845426719483,0.0257685091346502,-0.0000214644496737
0.9382845516744690,0.0247718300670385,0.0001438479957869
0.9383845606769897,0.0266797300428152,0.0001798131997930
0.9384845696795104,0.0263975895941257,0.0004099918005522
0.9385845786820310,0.0254655294120312,0.0004191352927592
0.9386845876845519,0.0255256593227386,0.0002507015014999
0.9387845966870725,0.0257320906966925,0.0001601317053428
0.9388846056895932,0.0272205006331205,0.0001823250931920
0.9389846146921139,0.0271961893886328,0.0001095686020562
0.9390846236946346,0.0259871408343315,0.0000674225884723
0.9391846326971552,0.0258144605904818,0.0001438528997824
0.9392846416996761,0.0247161798179150,0.0000364781117241
0.9393846507021967,0.0259781908243895,-0.0001554542977829
0.9394846597047175,0.0273608807474375,-0.0003396396932658
0.9395846687072381,0.0261702798306942,-0.0001870867999969
0.9396846777097588,0.0270405691117048,-0.0001253959053429
0.9397846867122797,0.0260334201157093,0.0000270949003607
0.9398846957148003,0.0252082198858261,0.0001012358989101
0.9399847047173210,0.0259890407323837,0.0000005751024901
0.9400847137198417,0.0260617304593325,0.0001533918984933
0.9401847227223624,0.0249754991382360,0.0000792456630734
0.9402847317248830,0.0248329099267721,0.0004333991964813
0.9403847407274039,0.0253455992788076,0.0002521715068724
0.9404847497299245,0.0239419303834438,0.0005177736165933
0.9405847587324453,0.0240613501518965,0.0004059452912770
0.9406847677349659,0.0237220805138350,0.0001624452997930
0.9407847767374866,0.0237712394446135,0.0001452857977711
0.9408847857400073,0.0245675295591354,-0.0000501894501213
0.9409847947425281,0.0251675993204117,0.0001495231990702
0.9410848037450487,0.0267693307250738,-0.0005474617937580
0.9411848127475695,0.0317300781607628,-0.0016543150413781
0.9412848217500901,0.0352094508707523,-0.0032935829367489
0.9413848307526108,0.0359183102846146,-0.0045113540254533
0.9414848397551316,0.0399875491857529,-0.0081192106008530
0.9415848487576522,0.0399559997022152,-0.0108717195689678
0.9416848577601731,0.0849976167082787,0.0849599987268448
0.9417848667626937,0.0849967375397682,0.0849571675062180
0.9418848757652144,0.0849969387054443,0.0849670022726059
0.9419848847677351,0.0849968567490578,0.0849975720047951
0.9420848937702558,0.0849964171648026,0.0849979519844055
0.9421849027727764,0.0849962607026100,0.0849979966878891
0.9422849117752973,0.0849961414933205,0.0849978327751160
0.9423849207778179,0.0264017805457115,-0.0277308002114296
0.9424849297803386,0.0263880398124456,-0.0192167293280363
0.9425849387828593,0.0251830108463764,-0.0138727696612477
0.9426849477853800,0.0232170000672340,-0.0103449001908302
0.9427849567879008,0.0223725903779268,-0.0059806560166180
0.9428849657904215,0.0214688405394554,-0.0032052269671112
0.9429849747929421,0.0208678096532822,-0.0009386420133524
0.9430849837954629,0.0202482696622610,0.0003688290889841
0.9431849927979836,0.0189581699669361,0.0020269779488444
0.9432850018005042,0.0182375404983759,0.0035122549161315
0.9433850108030251,0.0182180404663086,0.0045705921947956
0.9434850198055457,0.0180442202836275,0.0047429809346795
0.9435850288080664,0.0172985699027777,0.0045504230074584
0.9436850378105871,0.0166714396327734,0.0043317619711161
0.9437850468131078,0.0170328207314014,0.0039738500490785
0.9438850558156285,0.0173164997249842,0.0038390299305320
0.9439850648181493,0.0167319793254137,0.0030984880868345
0.9440850738206699,0.0169978402554989,0.0026080850511789
0.9441850828231907,0.0172161292284727,0.0024840529076755
0.9442850918257113,0.0170879196375608,0.0021444829180837
0.9443851008282320,0.0181765407323837,0.0020993840880692
0.9444851098307527,0.0184920504689217,0.0019956650212407
0.9445851188332735,0.0190945193171501,0.0019930379930884
0.9446851278357941,0.0192644707858562,0.0016207640292123
0.9447851368383149,0.0198922492563725,0.0014129349729046
0.9448851458408355,0.0203032400459051,0.0008537495159544
0.9449851548433563,0.0198528692126274,0.0003521938924678
0.9450851638458770,0.0210286509245634,0.0002493906067684
0.9451851728483976,0.0203772895038128,-0.0004977103089914
0.9452851818509185,0.0209838394075632,-0.0005117856198922
0.9453851908534391,0.0202256292104721,-0.0006774272187613
0.9454851998559598,0.0215181205421686,-0.0003361937124282
0.9455852088584805,0.0212874207645655,-0.0006287206197158
0.9456852178610012,0.0206905398517847,-0.0003382092982065
0.9457852268635218,0.0204389300197363,-0.0002641362079885
0.9458852358660427,0.0188526604324579,-0.0004454292939045
0.9459852448685633,0.0189438499510288,-0.0001348406949546
0.9460852538710840,0.0186544191092253,-0.0005676600849256
0.9461852628736047,0.0174064505845308,-0.0005330388084985
0.9462852718761254,0.0177522804588079,-0.0004553151084110
0.9463852808786462,0.0167136006057262,-0.0003110829857178
0.9464852898811669,0.0163342691957951,-0.0002683745115064
0.9465852988836875,0.0183534696698189,-0.0001935033942573
0.9466853078862083,0.0179186407476664,-0.0001104007023969
0.9467853168887290,0.0181750003248453,-0.0001055753018591
0.9468853258912496,0.0169148296117783,-0.0003213601012249
0.9469853348937705,0.0157932192087173,-0.0005310836713761
0.9470853438962911,0.0157527402043343,-0.0003133039863314
0.9471853528988118,0.0156405102461576,-0.0006789385806769
0.9472853619013325,0.0156466793268919,-0.0006236940971576
0.9473853709038532,0.0153515599668026,-0.0004556927015074
0.9474853799063739,0.0170125607401133,-0.0002012173063122
0.9475853889088947,0.0149013102054596,0.0000663635364617
0.9476853979114153,0.0146682998165488,0.0000662635502522
0.9477854069139361,0.0144806103780866,0.0001445936941309
0.9478854159164567,0.0138435699045658,0.0001983245019801
0.9479854249189774,0.0136281102895737,0.0001102051974158
0.9480854339214981,0.0150099098682404,-0.0002333120064577
0.9481854429240189,0.0145831303671002,-0.0002288121031597
0.9482854519265395,0.0139036802574992,-0.0001521085068816
0.9483854609290603,0.0148955900222063,-0.0001004037985695
0.9484854699315810,0.0146353300660849,-0.0002294684963999
0.9485854789341017,0.0138605702668428,-0.0003497459110804
0.9486854879366224,0.0134470695629716,-0.0002425629936624
0.9487854969391430,0.0147240804508328,-0.0001222939026775
0.9488855059416639,0.0144483000040054,-0.0000682507306919
0.9489855149441845,0.0144738303497434,0.0000265154503722
0.9490855239467052,0.0142119796946645,-0.0000641340666334
0.9491855329492259,0.0150473397225142,0.0001161550972029
0.9492855419517466,0.0145794302225113,0.0000372786016669
0.9493855509542672,0.0145615898072720,0.0001434967998648
0.9494855599567881,0.0145760700106621,0.0005289195105433
0.9495855689593087,0.0133645199239254,0.0002898935053963
0.9496855779618295,0.0144545696675777,0.0004098337958567
0.9497855869643501,0.0146930404007435,0.0006647959235124
0.9498855959668708,0.0148792602121830,0.0003156244056299
0.9499856049693916,0.0150402700528502,0.0001894626038847
0.9500856139719123,0.0152155999094248,0.0000518672095495
0.9501856229744330,0.0155633697286248,-0.0000004297077965
0.9502856319769537,0.0153015302494168,-0.0004044554952998
0.9503856409794744,0.0150446202605963,-0.0003848212072626
0.9504856499819950,0.0165876206010580,-0.0001777824945748
0.9505856589845159,0.0160746108740568,-0.0003658965870272
0.9506856679870365,0.0156477000564337,0.0000574616788072
0.9507856769895573,0.0165634006261826,-0.0000062364001678
0.9508856859920779,0.0151633098721504,-0.0001074554020306
0.9509856949945986,0.0145618496462703,-0.0004566760908347
0.9510857039971193,0.0154694495722651,-0.0005093882209621
0.9511857129996401,0.0171756502240896,-0.0003059530863538
0.9512857220021607,0.0172654893249273,-0.0002065831940854
0.9513857310046815,0.0162548795342445,-0.0003856111143250
0.9514857400072021,0.0179557893425226,-0.0000568811810808
0.9515857490097228,0.0162730291485786,-0.0000608494301559
0.9516857580122435,0.0165336206555367,-0.0004215890076011
0.9517857670147643,0.0185790695250034,-0.0002912715135608
0.9518857760172851,0.0175243504345417,-0.0002628604124766
0.9519857850198057,0.0178675595670938,-0.0005743040237576
0.9520857940223264,0.0179129298776388,-0.0004720156139228
0.9521858030248471,0.0188453104346991,-0.0003425086906645
0.9522858120273678,0.0192581191658974,-0.0005572498776019
0.9523858210298884,0.0189891308546066,-0.0003307776059955
0.9524858300324093,0.0202077105641365,0.0001349943049718
0.9525858390349299,0.0204870495945215,0.0004519142094068
0.9526858480374506,0.0218249391764402,0.0007579611847177
0.9527858570399713,0.0204530209302902,0.0005140132270753
0.9528858660424920,0.0205733403563499,0.0005567781045102
0.9529858750450128,0.0222394298762083,0.0007738550193608
0.9530858840475335,0.0211914107203484,0.0002836445055436
0.9531858930500541,0.0198352690786123,-0.0000775011212681
0.9532859020525749,0.0197521205991507,-0.0001589399034856
0.9533859110550955,0.0218341797590256,-0.0001938057976076
0.9534859200576162,0.0219006501138210,-0.0000768169484218
0.9535859290601369,0.0219409093260765,0.0001093242972274
0.9536859380626577,0.0220621097832918,0.0002157878043363
0.9537859470651784,0.0220988001674414,0.0000215292293433
0.9538859560676991,0.0216290801763535,-0.0004006914095953
0.9539859650702198,0.0235264692455530,0.0000463901196781
0.9540859740727405,0.0232235901057720,-0.0003072402905673
0.9541859830752613,0.0224821791052818,-0.0006029569194652
0.9542859920777819,0.0238646809011698,-0.0002485346049070
0.9543860010803027,0.0239196904003620,-0.0000445072510047
0.9544860100828233,0.0236546192318201,0.0001934002066264
0.9545860190853440,0.0256477501243353,0.0005486737936735
0.9546860280878647,0.0248615406453609,0.0005675156135112
0.9547860370903855,0.0238376408815384,0.0002181737945648
0.9548860460929061,0.0248101297765970,-0.0000425374782935
0.9549860550954269,0.0254353694617748,-0.0001350042002741
0.9550860640979475,0.0256733708083630,-0.0002432551991660
0.9551860731004682,0.0254077091813087,-0.0002373552997597
0.9552860821029889,0.0279460903257132,-0.0002304783993168
0.9553860911055096,0.0280543491244316,0.0000899130463949
0.9554861001080305,0.0275050494819880,-0.0001068178971764
0.9555861091105511,0.0282836798578501,0.0003611140127759
0.9556861181130718,0.0277729108929634,0.0005085084121674
0.9557861271155925,0.0276358798146248,0.0006288379081525
0.9558861361181132,0.0267545208334923,0.0003390173078515
0.9559861451206338,0.0285529699176550,0.0007662568823434
0.9560861541231547,0.0285138506442308,0.0007231471827254
0.9561861631256753,0.0281036496162415,0.0003082042967435
0.9562861721281960,0.0282038692384958,0.0004557080974337
0.9563861811307167,0.0295549295842648,0.0005177030107006
0.9564861901332374,0.0290636997669935,0.0005989655037411
0.9565861991357582,0.0282493494451046,0.0001456570025766
0.9566862081382789,0.0286136306822300,0.0001861979981186
0.9567862171407995,0.0283011198043823,0.0001960583031178
0.9568862261433203,0.0281552895903587,0.0000881450177985
0.9569862351458409,0.0268758404999971,-0.0004368562949821
0.9570862441483616,0.0301612708717585,0.0000834469974507
0.9571862531508825,0.0292409993708134,-0.0005191346863285
0.9572862621534031,0.0294412598013878,-0.0004269320052117
0.9573862711559238,0.0290676392614841,-0.0002207989018643
0.9574862801584445,0.0284633003175259,-0.0004405839135870
0.9575862891609652,0.0298740994185209,-0.0001068283017958
0.9576862981634859,0.0285113304853439,-0.0001428157993359
0.9577863071660067,0.0287749990820885,0.0001979927037610
0.9578863161685273,0.0286964196711779,0.0004419171891641
0.9579863251710481,0.0304939802736044,0.0006461850716732
0.9580863341735687,0.0301291309297085,0.0005028737941757
0.9581863431760894,0.0285533498972654,-0.0004687895998359
0.9582863521786101,0.0274391490966082,-0.0005847414722666
0.9583863611811309,0.0279004294425249,-0.0004859738983214
0.9584863701836515,0.0290926191955805,-0.0003595211019274
0.9585863791861723,0.0279080606997013,-0.0003874549875036
0.9586863881886929,0.0273543391376734,-0.0004999379161745
0.9587863971912137,0.0278895609080791,-0.0002473304048181
0.9588864061937344,0.0270507894456387,-0.0002959102857858
0.9589864151962550,0.0294026304036379,0.0000483867006551
0.9590864241987759,0.0281557291746140,0.0000545028015040
0.9591864332012965,0.0273362100124359,-0.0000836999897729
0.9592864422038172,0.0270474106073380,-0.0002416989009362
0.9593864512063379,0.0279559306800365,0.0000059311969380
0.9594864602088586,0.0280088800936937,0.0001956852938747
0.9595864692113792,0.0277005098760128,0.0004966452252120
0.9596864782139001,0.0273419898003340,0.0004590041935444
0.9597864872164207,0.0274044498801231,0.0005963366129436
0.9598864962189415,0.0299885198473930,0.0010991740273312
0.9599865052214621,0.0291200708597898,0.0006154549191706
0.9600865142239828,0.0280497092753649,0.0001160183019238
0.9601865232265036,0.0271827206015587,-0.0002879145031329
0.9602865322290243,0.0293885003775358,0.0001004151999950
0.9603865412315449,0.0287450104951859,-0.0001995998027269
0.9604865502340657,0.0282501801848412,-0.0001470952993259
0.9605865592365863,0.0266294293105602,-0.0004741146112792
0.9606865682391070,0.0267428793013096,-0.0002609587099869
0.9607865772416279,0.0279161706566811,-0.0000001895928960
0.9608865862441485,0.0273948796093464,-0.0000770312835812
0.9609865952466693,0.0257456991821527,-0.0001401412009727
0.9610866042491899,0.0264334995299578,0.0001591900072526
0.9611866132517106,0.0256334897130728,0.0001224406005349
0.9612866222542313,0.0276464000344276,0.0004708053020295
0.9613866312567521,0.0268984697759151,0.0002414680056972
0.9614866402592727,0.0250821001827717,-0.0003537157899700
0.9615866492617935,0.0251883808523417,-0.0001813681010390
0.9616866582643141,0.0247313305735588,-0.0000807622927823
0.9617866672668348,0.0250119306147099,-0.0000646413318464
0.9618866762693555,0.0262453593313694,0.0000961410769378
0.9619866852718763,0.0259786006063223,0.0000280741005554
0.9620866942743970,0.0258421692997217,-0.0000069108227763
0.9621867032769177,0.0253428705036640,-0.0001505151012680
0.9622867122794383,0.0274943392723799,0.0002548490010668
0.9623867212819591,0.0270903203636408,-0.0000689293228788
0.9624867302844798,0.0251939091831446,-0.0002594577090349
0.9625867392870004,0.0257002506405115,0.0001279159041587
0.9626867482895213,0.0273836906999350,0.0006767552113160
0.9627867572920419,0.0273367706686258,0.0008334154845215
0.9628867662945626,0.0252326894551516,0.0003586520033423
0.9629867752970833,0.0251956302672625,0.0004259948036633
0.9630867842996040,0.0250108297914267,0.0004314554098528
0.9631867933021248,0.0257684495300055,0.0001144839989138
0.9632868023046455,0.0255684107542038,-0.0000007853458897
0.9633868113071661,0.0247409697622061,-0.0002969680062961
0.9634868203096869,0.0243825893849134,-0.0002642044855747
0.9635868293122075,0.0254621692001820,-0.0001354955020361
0.9636868383147282,0.0236498005688190,-0.0009260582737625
0.9637868473172490,0.0238548796623945,-0.0005354511085898
0.9638868563197697,0.0238010901957750,-0.0004388378001750
0.9639868653222903,0.0232604797929525,-0.0003103378985543
0.9640868743248111,0.0236912705004215,-0.0002228702942375
0.9641868833273318,0.0255106296390295,0.0001734557008604
0.9642868923298524,0.0243221800774336,-0.0001360285968985
0.9643869013323733,0.0243779905140400,-0.0000665281404508
0.9644869103348939,0.0250536594539881,0.0003263984981459
0.9645869193374147,0.0245436504483223,0.0001674919039942
0.9646869283399353,0.0267905108630657,0.0008423355757259
0.9647869373424560,0.0263943001627922,0.0005517905228771
0.9648869463449767,0.0262607298791409,0.0005483535933308
0.9649869553474975,0.0245160199701786,0.0000646710395813
0.9650869643500181,0.0261582992970943,0.0003219979116693
0.9651869733525389,0.0262161400169134,0.0000651497975923
0.9652869823550595,0.0262393895536661,-0.0001080439033103
0.9653869913575802,0.0257666204124689,-0.0002255957952002
0.9654870003601009,0.0249430797994137,-0.0005085655138828
0.9655870093626217,0.0267818402498960,0.0000674418333801
0.9656870183651424,0.0264501608908176,0.0000467407990072
0.9657870273676631,0.0257880408316851,0.0001513689931016
0.9658870363701838,0.0247920304536819,0.0000130011903821
0.9659870453727045,0.0255073793232441,0.0001972553000087
0.9660870543752252,0.0262666493654251,0.0006061159074306
0.9661870633777458,0.0257067997008562,0.0004764469049405
0.9662870723802667,0.0242564398795366,-0.0000424397694587
0.9663870813827873,0.0246196594089270,-0.0000573293109483
0.9664870903853080,0.0253730807453394,-0.0001636280067032
0.9665870993878287,0.0256454199552536,-0.0002928033063654
0.9666871083903494,0.0245816800743341,-0.0005855307099409
0.9667871173928702,0.0242361892014742,-0.0003414567036089
0.9668871263953909,0.0242208205163479,-0.0002727771934588
0.9669871353979115,0.0242582391947508,-0.0002368614950683
0.9670871444004323,0.0243776701390743,-0.0005816167104058
0.9671871534029529,0.0246639493852854,-0.0002519717963878
0.9672871624054736,0.0247371606528759,-0.0000845353133627
0.9673871714079944,0.0243992898613214,-0.0004870354023296
0.9674871804105151,0.0254503600299358,-0.0000899806400412
0.9675871894130357,0.0248939394950867,-0.0000759042231948
0.9676871984155565,0.0255037508904934,-0.0000639095233055
0.9677872074180772,0.0284544695168734,-0.0002131356013706
0.9678872164205979,0.0317909605801105,0.0002965152962133
0.9679872254231187,0.0356793403625488,0.0007669894839637
0.9680872344256393,0.0356418713927269,0.0006326716975309
0.9681872434281601,0.0379641987383366,0.0010219400282949
0.9682872524306807,0.0386694408953190,0.0011751150013879
0.9683872614332014,0.0342972092330456,0.0002788954880089
0.9684872704357221,0.0849974229931831,0.0849966630339622
0.9685872794382429,0.0849974527955055,0.0849960967898369
0.9686872884407635,0.0849971622228622,0.0849970206618309
0.9687872974432843,0.0849974602460861,0.0849973186850548
0.9688873064458049,0.0849975124001503,0.0849735811352730
0.9689873154483257,0.0849976912140846,0.0849725231528282
0.9690873244508463,0.0849975720047951,0.0849698036909103
0.9691873334533671,0.0849974527955055,0.0849684327840805
0.9692873424558879,0.0253818705677986,0.0293289609253407
0.9693873514584085,0.0244749803096056,0.0249786898493767
0.9694873604609292,0.0240091197192669,0.0208697393536568
0.9695873694634499,0.0231124404817820,0.0174185000360012
0.9696873784659706,0.0203848108649254,0.0149822197854519
0.9697873874684912,0.0189784504473209,0.0116643700748682
0.9698873964710121,0.0170625094324350,0.0090105608105659
0.9699874054735327,0.0161069501191378,0.0066851889714599
0.9700874144760535,0.0154504496604204,0.0038093749899417
0.9701874234785741,0.0152303203940392,0.0017711509717628
0.9702874324810948,0.0142146004363894,0.0004719769058283
0.9703874414836156,0.0144844604656100,-0.0014915369683877
0.9704874504861363,0.0143711902201176,-0.0032733909320086
0.9705874594886569,0.0143259800970554,-0.0052619730122387
0.9706874684911777,0.0139816496521235,-0.0066962540149689
0.9707874774936983,0.0153192095458508,-0.0084618898108602
0.9708874864962190,0.0155269196256995,-0.0092015126720071
0.9709874954987397,0.0153152197599411,-0.0089273713529110
0.9710875045012605,0.0158073399215937,-0.0091150710359216
0.9711875135037813,0.0165044497698545,-0.0093980012461543
0.9712875225063019,0.0173117294907570,-0.0090742930769920
0.9713875315088226,0.0183046702295542,-0.0086018349975348
0.9714875405113433,0.0173415709286928,-0.0072256959974766
0.9715875495138641,0.0178496707230806,-0.0064312410540879
0.9716875585163847,0.0178007893264294,-0.0056010750122368
0.9717875675189055,0.0187683608382940,-0.0049069188535213
0.9718875765214261,0.0184086393564939,-0.0039072008803487
0.9719875855239468,0.0189194194972515,-0.0032686169724911
0.9720875945264675,0.0182723104953766,-0.0023451959714293
0.9721876035289883,0.0189164895564318,-0.0015800880501047
0.9722876125315090,0.0189406592398882,-0.0009395593078807
0.9723876215340297,0.0181433204561472,-0.0001612691994524
0.9724876305365503,0.0192116592079401,0.0003207986883353
0.9725876395390711,0.0180835891515017,0.0007584877894260
0.9726876485415917,0.0190613400191069,0.0008950526244007
0.9727876575441124,0.0183653403073549,0.0011576829710975
0.9728876665466333,0.0178628806024790,0.0016011849511415
0.9729876755491539,0.0179224293678999,0.0012937519932166
0.9730876845516746,0.0182259194552898,0.0015846550231799
0.9731876935541953,0.0169014204293489,0.0016701959539205
0.9732877025567160,0.0143086398020387,0.0023200220894068
0.9733877115592368,0.0144050698727369,0.0022626279387623
0.9734877205617575,0.0143640302121639,0.0020115619990975
0.9735877295642781,0.0142188603058457,0.0016885059885681
0.9736877385667989,0.0156146604567766,0.0015889169881120
0.9737877475693195,0.0156488493084908,0.0012716189958155
0.9738877565718402,0.0147705897688866,0.0011183100286871
0.9739877655743610,0.0147563703358173,0.0007133801118471
0.9740877745768817,0.0125522995367646,0.0009047627099790
0.9741877835794023,0.0140725700184703,0.0004961182130501
0.9742877925819231,0.0129135800525546,0.0000448215287179
0.9743878015844437,0.0128481797873974,-0.0000694311165716
0.9744878105869644,0.0141041399911046,-0.0002171734959120
0.9745878195894853,0.0140605196356773,-0.0002422443940304
0.9746878285920059,0.0135062402114272,0.0000982040874078
0.9747878375945267,0.0137976799160242,-0.0001719538995530
0.9748878465970473,0.0144370300695300,-0.0003824795130640
0.9749878555995680,0.0136162796989083,-0.0002250961988466
0.9750878646020887,0.0143019901588559,-0.0002788084966596
0.9751878736046095,0.0131449103355408,-0.0000754077627789
0.9752878826071301,0.0126777095720172,-0.0000529154203832
0.9753878916096509,0.0137222902849317,-0.0002955390955321
0.9754879006121715,0.0141139598563313,-0.0004271589859854
0.9755879096146922,0.0141651099547744,-0.0003663795068860
0.9756879186172129,0.0131171196699142,-0.0002701538032852
0.9757879276197337,0.0132932299748063,-0.0003937702858821
0.9758879366222544,0.0131034702062607,-0.0007192991906777
0.9759879456247751,0.0136829903349280,-0.0010127120185643
0.9760879546272957,0.0151946302503347,-0.0013189089950174
0.9761879636298165,0.0153253898024559,-0.0014012180035934
0.9762879726323372,0.0144518101587892,-0.0009033820824698
0.9763879816348578,0.0154188098385930,-0.0007398009183817
0.9764879906373787,0.0156207503750920,-0.0003780359111261
0.9765879996398993,0.0145045798271894,-0.0000319253595080
0.9766880086424200,0.0148699795827270,0.0001364956988255
0.9767880176449407,0.0150707196444273,0.0002906406007241
0.9768880266474614,0.0154629899188876,0.0000375031995645
0.9769880356499822,0.0160381998866796,0.0000227423297474
0.9770880446525029,0.0139715503901243,0.0006997549789958
0.9771880536550235,0.0144270500168204,0.0002836578059942
0.9772880626575443,0.0159737598150969,0.0002010070020333
0.9773880716600649,0.0147645603865385,0.0002447750011925
0.9774880806625856,0.0148368300870061,0.0003316847141832
0.9775880896651064,0.0157778002321720,0.0000982819474302
0.9776880986676271,0.0167329907417297,-0.0000188726608030
0.9777881076701477,0.0167692396789789,-0.0000363055005437
0.9778881166726685,0.0173997990787029,-0.0004846722877119
0.9779881256751891,0.0181554891169071,-0.0007087407284416
0.9780881346777099,0.0175575204193592,-0.0007542368257418
0.9781881436802307,0.0174570400267839,-0.0005088187172078
0.9782881526827513,0.0169313196092844,-0.0001601863041287
0.9783881616852721,0.0168532002717257,0.0000085516394392
0.9784881706877927,0.0167167894542217,0.0002517190878280
0.9785881796903134,0.0170340500771999,0.0003821640857495
0.9786881886928341,0.0169910602271557,0.0004673438088503
0.9787881976953549,0.0166067201644182,0.0004493707965594
0.9788882066978755,0.0172319207340479,-0.0001410728000337
0.9789882157003963,0.0180721506476402,-0.0002547044132371
0.9790882247029169,0.0187416393309832,-0.0004170119063929
0.9791882337054377,0.0180678796023130,-0.0002787534031086
0.9792882427079583,0.0193272493779659,-0.0005083967116661
0.9793882517104791,0.0195440407842398,-0.0008234080160037
0.9794882607129998,0.0196001008152962,-0.0004872859863099
0.9795882697155205,0.0202325507998466,-0.0005123991868459
0.9796882787180411,0.0190546605736017,-0.0003260333032813
0.9797882877205619,0.0187283605337143,-0.0004226308956277
0.9798882967230826,0.0193083100020885,-0.0004656673991121
0.9799883057256032,0.0208625402301550,-0.0004476727917790
0.9800883147281241,0.0206775404512882,-0.0003157038881909
0.9801883237306447,0.0205701608210802,-0.0002977742115036
0.9802883327331655,0.0219229701906443,-0.0002529479097575
0.9803883417356861,0.0213048607110977,-0.0002060841943603
0.9804883507382068,0.0213459003716707,-0.0001686564064585
0.9805883597407276,0.0216641891747713,0.0000513560298714
0.9806883687432483,0.0227058194577694,-0.0001308437931584
0.9807883777457689,0.0218715202063322,0.0000694443588145
0.9808883867482897,0.0232741292566061,-0.0002311792050023
0.9809883957508103,0.0229756999760866,-0.0002946803870145
0.9810884047533310,0.0218251701444387,-0.0002655930875335
0.9811884137558518,0.0211442597210407,-0.0003507120127324
0.9812884227583725,0.0220945905894041,-0.0004125745908823
0.9813884317608932,0.0228195302188396,-0.0002291841956321
0.9814884407634139,0.0226169601082802,-0.0003724035050254
0.9815884497659346,0.0227662697434425,-0.0001462174986955
0.9816884587684553,0.0242006201297045,-0.0000736906877137
0.9817884677709761,0.0244012791663408,-0.0001294896064792
0.9818884767734967,0.0238451305776834,-0.0001172039992525
0.9819884857760175,0.0248713102191687,-0.0001281521981582
0.9820884947785381,0.0254107192158699,-0.0002860843087547
0.9821885037810588,0.0245504695922136,-0.0001730861986289
0.9822885127835795,0.0231096204370260,-0.0002534479135647
0.9823885217861003,0.0248955897986889,-0.0002449926105328
0.9824885307886210,0.0249472893774509,-0.0003338892129250
0.9825885397911417,0.0254901405423880,-0.0003885235928465
0.9826885487936623,0.0241582393646240,-0.0003978928143624
0.9827885577961831,0.0266916807740927,-0.0006637991173193
0.9828885667987037,0.0263259802013636,-0.0008444723207504
0.9829885758012245,0.0253512095659971,-0.0007430117111653
0.9830885848037452,0.0258859507739544,-0.0005756890750490
0.9831885938062659,0.0265700500458479,-0.0005929492181167
0.9832886028087866,0.0259470101445913,-0.0003291360044386
0.9833886118113073,0.0244204606860876,-0.0000521437505085
0.9834886208138280,0.0249326303601265,0.0001111610035878
0.9835886298163486,0.0268507208675146,0.0001316324051004
0.9836886388188695,0.0270513091236353,0.0002814253966790
0.9837886478213901,0.0271071698516607,0.0003024738107342
0.9838886568239109,0.0262354407459497,0.0005210515228100
0.9839886658264315,0.0282435193657875,0.0002166159974877
0.9840886748289522,0.0278705991804600,0.0001032978980220
0.9841886838314730,0.0281545594334602,-0.0000333651005349
0.9842886928339937,0.0279480591416359,-0.0001919755013660
0.9843887018365143,0.0287311207503080,-0.0004639134858735
0.9844887108390351,0.0286378692835569,-0.0002214239066234
0.9845887198415557,0.0286656804382801,0.0000168079604919
0.9846887288440764,0.0276484191417694,0.0000989379623206
0.9847887378465972,0.0292728096246719,0.0001548566069687
0.9848887468491179,0.0288644898682833,0.0003588063118514
0.9849887558516387,0.0280393809080124,0.0002979066048283
0.9850887648541593,0.0274739693850279,0.0002551836951170
0.9851887738566800,0.0269276704639196,0.0002756291069090
0.9852887828592007,0.0296028293669224,0.0003487886860967
0.9853887918617215,0.0292709600180387,0.0003660919028334
0.9854888008642421,0.0287089906632900,0.0004074035969097
0.9855888098667629,0.0279474593698978,0.0004092353919987
0.9856888188692835,0.0265442207455635,0.0003009634965565
0.9857888278718042,0.0265274904668331,0.0001646033051657
0.9858888368743249,0.0280611701309681,0.0000511555299454
0.9859888458768457,0.0288824792951345,-0.0001246431929758
0.9860888548793664,0.0287796407938004,-0.0003045343910344
0.9861888638818871,0.0275309607386589,-0.0005586200277321
0.9862888728844077,0.0301342103630304,-0.0008404483087361
0.9863888818869285,0.0293239094316959,-0.0006441120058298
0.9864888908894491,0.0278706997632980,-0.0003168424882460
0.9865888998919699,0.0287789702415466,-0.0000552001110918
0.9866889088944906,0.0279326606541872,0.0001388168020640
0.9867889178970113,0.0290484894067049,0.0001441992062610
0.9868889268995320,0.0285510905086994,0.0001572944020154
0.9869889359020527,0.0287270396947861,0.0002613959077280
0.9870889449045734,0.0275113899260759,0.0003261528909206
0.9871889539070942,0.0270555093884468,0.0002363528037677
0.9872889629096149,0.0286632403731346,-0.0000906506684260
0.9873889719121355,0.0283815599977970,-0.0000782619608799
0.9874889809146563,0.0280993692576885,0.0000737693408155
0.9875889899171769,0.0273366700857878,0.0002138335985364
0.9876889989196976,0.0260374695062637,0.0001658297987888
0.9877890079222184,0.0262387208640575,0.0002654684940353
0.9878890169247391,0.0275845006108284,0.0000080616400737
0.9879890259272597,0.0272075701504946,-0.0001583310950082
0.9880890349297805,0.0259906202554703,-0.0002193606051151
0.9881890439323011,0.0253656096756458,-0.0000200414397113
0.9882890529348219,0.0261977408081293,0.0001196219018311
0.9883890619373426,0.0267904400825500,0.0000622939114692
0.9884890709398633,0.0262676794081926,0.0001626019948162
0.9885890799423841,0.0272859204560518,0.0002705332881305
0.9886890889449047,0.0266612507402897,0.0003601069038268
0.9887890979474254,0.0247812904417515,0.0004820748872589
0.9888891069499461,0.0269039291888475,0.0002706705126911
0.9889891159524669,0.0268730092793703,0.0002176709967898
0.9890891249549875,0.0263853594660759,0.0000145768099173
0.9891891339575083,0.0259213894605637,-0.0003884760953952
0.9892891429600289,0.0246023703366518,-0.0004170039901510
0.9893891519625497,0.0259945709258318,-0.0002781026123557
0.9894891609650703,0.0270224399864674,-0.0005064192810096
0.9895891699675911,0.0262432098388672,-0.0005547942128032
0.9896891789701118,0.0287563391029835,-0.0007189963944256
0.9897891879726325,0.0269085094332695,-0.0003118597960565
0.9898891969751531,0.0273761898279190,-0.0002709313121159
0.9899892059776739,0.0268542505800724,-0.0001841580960900
0.9900892149801945,0.0264010708779097,-0.0000181754494406
0.9901892239827152,0.0260249897837639,0.0001642112038098
0.9902892329852361,0.0249535609036684,0.0004063470987603
0.9903892419877567,0.0246318597346544,0.0005131532088853
0.9904892509902775,0.0269516594707966,0.0003704394912347
0.9905892599927981,0.0264219101518393,0.0003439031133894
0.9906892689953188,0.0262605398893356,0.0004084511019755
0.9907892779978396,0.0256510991603136,0.0003356033121236
0.9908892870003603,0.0268229395151138,0.0000886583075044
0.9909892960028809,0.0269445106387138,-0.0001397602027282
0.9910893050054017,0.0252767000347376,-0.0001581229007570
0.9911893140079223,0.0266558900475502,-0.0001783406041795
0.9912893230104430,0.0251834895461798,-0.0003256663039792
0.9913893320129638,0.0263176001608372,-0.0001761635940056
0.9914893410154845,0.0277215391397476,-0.0001679058041191
0.9915893500180052,0.0271521396934986,0.0000440907388111
0.9916893590205259,0.0270779207348824,0.0002174997061957
0.9917893680230465,0.0255160294473171,0.0002481759875081
0.9918893770255673,0.0275283697992563,0.0003611955908127
0.9919893860280881,0.0265635903924704,0.0002554201928433
0.9920893950306087,0.0258860494941473,0.0001388567034155
0.9921894040331295,0.0250790696591139,0.0000637751727481
0.9922894130356501,0.0261921603232622,0.0002055988006759
0.9923894220381708,0.0263514500111341,-0.0002208819933003
0.9924894310406915,0.0269226506352425,0.0000432548404206
0.9925894400432123,0.0259838197380304,-0.0000239462697209
0.9926894490457329,0.0262870006263256,-0.0000556243794563
0.9927894580482537,0.0267373807728291,-0.0001743631000863
0.9928894670507743,0.0271599404513836,-0.0001472731964896
0.9929894760532951,0.0241362694650888,-0.0002697221061680
0.9930894850558157,0.0243459902703762,-0.0001543496036902
0.9931894940583365,0.0233931709080935,-0.0001853977009887
0.9932895030608572,0.0252233203500509,-0.0002448006998748
0.9933895120633779,0.0253310501575470,0.0000395632487198
0.9934895210658985,0.0243978202342987,0.0001537823991384
0.9935895300684193,0.0226579401642084,0.0002284781949129
0.9936895390709399,0.0229563005268574,0.0006403959123418
0.9937895480734606,0.0233044102787971,0.0005241897888482
0.9938895570759815,0.0234772395342588,0.0006115548894741
0.9939895660785021,0.0241209194064140,0.0004217005916871
0.9940895750810229,0.0241721607744694,0.0002059546968667
0.9941895840835435,0.0234967805445194,-0.0000652541784802
0.9942895930860642,0.0249273702502251,-0.0000735599969630
0.9943896020885850,0.0232222601771355,-0.0000430069012509
0.9944896110911057,0.0236144792288542,-0.0001220701014972
0.9945896200936263,0.0247161891311407,-0.0002166498015868
0.9946896290961471,0.0268907696008682,-0.0010385790374130
0.9947896380986677,0.0292661804705858,-0.0013607660075650
0.9948896471011884,0.0341659411787987,-0.0028622141107917
0.9949896561037092,0.0392889603972435,-0.0050503518432379
0.9950896651062299,0.0411905907094479,-0.0073561468161643
0.9951896741087506,0.0391290299594402,-0.0093257045373321
0.9952896831112713,0.0849974676966667,0.0849599689245224
0.9953896921137919,0.0849966183304787,0.0849575176835060
0.9954897011163127,0.0849968716502190,0.0849663764238358
0.9955897101188335,0.0849967598915100,0.0849976167082787
0.9956897191213541,0.0849965512752533,0.0849979072809219
0.9957897281238749,0.0849967375397682,0.0849978104233742
0.9958897371263955,0.0849961936473846,0.0849978029727936
0.9959897461289162,0.0271762497723103,-0.0231268201023340
0.9960897551314369,0.0265183895826340,-0.0159930605441332
0.9961897641339577,0.0255254693329334,-0.0118405902758241
0.9962897731364784,0.0231752693653107,-0.0077046151272953
0.9963897821389991,0.0208602901548147,-0.0050177788361907
0.9964897911415197,0.0198945291340351,-0.0025998859200627
0.9965898001440405,0.0183243192732334,-0.0010447340318933
0.9966898091465611,0.0168808195739985,0.0007264468003996
0.9967898181490819,0.0161643307656050,0.0015671160072088
0.9968898271516026,0.0157884005457163,0.0019416030263528
0.9969898361541233,0.0157671608030796,0.0030849429313093
0.9970898451566439,0.0154284304007888,0.0033462399151176
0.9971898541591647,0.0146630099043250,0.0033991029486060
0.9972898631616854,0.0144500900059938,0.0032864569220692
0.9973898721642062,0.0149755803868175,0.0028599759098142
0.9974898811667269,0.0149126099422574,0.0025852750986814
0.9975898901692475,0.0149674797430634,0.0021949389483780
0.9976898991717683,0.0153925595805049,0.0019354859832674
0.9977899081742889,0.0155131500214338,0.0016686669550836
0.9978899171768096,0.0157093405723572,0.0015918130520731
0.9979899261793304,0.0160858295857906,0.0016374960541725
0.9980899351818511,0.0171002093702555,0.0014775410527363
0.9981899441843717,0.0168485492467880,0.0012064490001649
0.9982899531868925,0.0180341992527246,0.0010136989876628
0.9983899621894131,0.0181697998195887,0.0008123485022224
0.9984899711919339,0.0193380191922188,0.0005770269781351
0.9985899801944546,0.0185605492442846,-0.0000895505218068
0.9986899891969753,0.0193904601037502,-0.0002084387961077
0.9987899981994960,0.0187507402151823,-0.0004863574868068
0.9988900072020167,0.0200548209249973,-0.0003570205008145
0.9989900162045374,0.0194036196917295,-0.0005180555745028
0.9990900252070581,0.0190713405609131,-0.0002234693965875
0.9991900342095789,0.0198973808437586,0.0001159629027825
0.9992900432120995,0.0196196604520082,0.0003738641098607
0.9993900522146203,0.0199901703745127,0.0003282277903054
0.9994900612171409,0.0193659402430058,0.0003693604085129
0.9995900702196617,0.0197631400078535,0.0002424866979709
0.9996900792221823,0.0185583997517824,0.0000671038069413
0.9997900882247031,0.0184025205671787,-0.0002040871040663
0.9998900972272238,0.0194155201315880,-0.0002762700896710
0.9999901062297445,0.0188725292682648,-0.0002977765107062
1.0000901152322652,0.0188631508499384,-0.0002451887994539
1.0001901242347859,0.0175975691527128,-0.0001190922994283
1.0002901332373066,0.0161576196551323,-0.0004527785931714
1.0003901422398271,0.0167901907116175,-0.0004692559887189
1.0004901512423481,0.0166582707315683,-0.0005001620738767
1.0005901602448686,0.0165307708084583,-0.0004963608225808
1.0006901692473895,0.0170835200697184,-0.0006802189745940
1.0007901782499102,0.0159418899565935,-0.0005839696968906
1.0008901872524307,0.0157711803913116,-0.0001345375931123
1.0009901962549517,0.0154203502461314,-0.0000668897628202
1.0010902052574722,0.0148632396012545,-0.0001096381965908
1.0011902142599929,0.0154065899550915,0.0004443654906936
1.0012902232625136,0.0153912100940943,0.0004757159913424
1.0013902322650343,0.0140371397137642,0.0002279239997733
1.0014902412675550,0.0135045796632767,-0.0001685565948719
1.0015902502700758,0.0140116102993488,-0.0003998079919256
1.0016902592725965,0.0136211700737476,-0.0006462879246101
1.0017902682751172,0.0142763396725059,-0.0007881618221290
1.0018902772776379,0.0143876299262047,-0.0005449865711853
1.0019902862801586,0.0136351399123669,0.0000546872397535
1.0020902952826793,0.0131243197247386,-0.0000188973499462
1.0021903042852001,0.0133860800415277,0.0004210789047647
1.0022903132877206,0.0136357601732016,0.0002613665128592
1.0023903222902415,0.0121995899826288,0.0001718161947792
1.0024903312927622,0.0132582597434521,0.0000630693029962
1.0025903402952827,0.0147808799520135,0.0001238513068529
1.0026903492978037,0.0150345601141453,0.0001667328033363
1.0027903583003241,0.0152685595676303,0.0003488292859402
1.0028903673028449,0.0155501300469041,0.0003772013005801
1.0029903763053656,0.0152266798540950,0.0005377494962886
1.0030903853078863,0.0142003595829010,0.0007126998971216
1.0031903943104070,0.0153435198590159,0.0008998333942145
1.0032904033129277,0.0149164395406842,0.0003841659054160
1.0033904123154485,0.0141434902325273,0.0001619540998945
1.0034904213179692,0.0151673099026084,-0.0003115505969618
1.0035904303204899,0.0147125599905849,-0.0006259470246732
1.0036904393230106,0.0138051202520728,-0.0005495221121237
1.0037904483255313,0.0149849699810147,-0.0008468502783217
1.0038904573280520,0.0155827701091766,-0.0005951615748927
1.0039904663305725,0.0151979904621840,-0.0007773786783218
1.0040904753330935,0.0152110401540995,-0.0004468501138035
1.0041904843356142,0.0156191596761346,-0.0004308173083700
1.0042904933381349,0.0150866704061627,-0.0001163636989077
1.0043905023406556,0.0145108802244067,-0.0002459879906382
1.0044905113431761,0.0148458797484636,0.0000973891583271
1.0045905203456971,0.0157088898122311,-0.0001055195971276
1.0046905293482176,0.0161979291588068,-0.0003024573961738
1.0047905383507383,0.0158395804464817,-0.0005260017933324
1.0048905473532590,0.0167421996593475,-0.0004298794083297
1.0049905563557797,0.0175054799765348,-0.0003970247053076
1.0050905653583004,0.0173637606203556,0.0000200656195375
1.0051905743608212,0.0183824002742767,-0.0000031068120734
1.0052905833633419,0.0176018606871367,0.0000393004011130
1.0053905923658626,0.0163985490798950,-0.0000117753697850
1.0054906013683833,0.0176700390875340,0.0002545943134464
1.0055906103709040,0.0179123692214489,0.0000250886405411
1.0056906193734247,0.0169963892549276,-0.0001407449017279
1.0057906283759455,0.0181695409119129,0.0001822000049287
1.0058906373784660,0.0185851398855448,-0.0001246335014002
1.0059906463809869,0.0185241904109716,0.0002386386040598
1.0060906553835076,0.0204023495316505,0.0006202540826052
1.0061906643860281,0.0193950496613979,0.0005503200227395
1.0062906733885491,0.0189964491873980,0.0005777428159490
1.0063906823910695,0.0201177205890417,0.0008617017883807
1.0064906913935905,0.0190204400569201,0.0005103985895403
1.0065907003961110,0.0191020201891661,0.0000649276989861
1.0066907093986317,0.0203637406229973,0.0001952512975549
1.0067907184011524,0.0203481093049049,-0.0000934832933126
1.0068907274036731,0.0206989701837301,-0.0003272817994002
1.0069907364061939,0.0213578604161739,-0.0002429634041619
1.0070907454087146,0.0214843899011612,-0.0002183681062888
1.0071907544112353,0.0215147491544485,-0.0003211433941033
1.0072907634137560,0.0226304102689028,-0.0002058960963041
1.0073907724162767,0.0219386108219624,-0.0002313243021490
1.0074907814187974,0.0225760694593191,-0.0001919259957504
1.0075907904213182,0.0236562993377447,-0.0001342082978226
1.0076907994238389,0.0225212797522545,-0.0003279809898231
1.0077908084263596,0.0234448704868555,-0.0000798600885901
1.0078908174288803,0.0240352507680655,0.0000795445012045
1.0079908264314010,0.0246072504669428,-0.0000475004089822
1.0080908354339215,0.0229259207844734,-0.0002747834951151
1.0081908444364425,0.0246722195297480,-0.0000048789370339
1.0082908534389630,0.0252007003873587,0.0000022484650799
1.0083908624414837,0.0247878096997738,0.0000718712180969
1.0084908714440044,0.0254193991422653,0.0001269864005735
1.0085908804465251,0.0254206508398056,-0.0002990929933731
1.0086908894490458,0.0251871906220913,-0.0004064198874403
1.0087908984515666,0.0251295398920774,-0.0002924473956227
1.0088909074540873,0.0268180798739195,-0.0001778441946954
1.0089909164566080,0.0250252299010754,-0.0003258374927100
1.0090909254591287,0.0266451705247164,0.0002768097911030
1.0091909344616494,0.0271253697574139,0.0004883686779067
1.0092909434641701,0.0255584791302681,0.0002826878044289
1.0093909524666909,0.0252691395580769,0.0002203589974670
1.0094909614692116,0.0256385393440723,0.0005735668237321
1.0095909704717323,0.0278784893453121,0.0008948561735451
1.0096909794742530,0.0264633893966675,0.0003818435943685
1.0097909884767737,0.0262627992779016,0.0001511120935902
1.0098909974792944,0.0267171207815409,0.0000658481076243
1.0099910064818149,0.0281096305698156,0.0001929754944285
1.0100910154843359,0.0280114300549030,0.0000731518593966
1.0101910244868564,0.0261928606778383,-0.0000101240902950
1.0102910334893771,0.0272328890860081,0.0000581817112106
1.0103910424918978,0.0277444906532764,0.0001108985015890
1.0104910514944185,0.0291926600039005,0.0001607838057680
1.0105910604969393,0.0297328792512417,0.0003318745002616
1.0106910694994600,0.0285235606133938,-0.0000656020274619
1.0107910785019807,0.0283931493759155,-0.0000704127523932
1.0108910875045014,0.0272797793149948,-0.0003820453130174
1.0109910965070221,0.0267863497138023,-0.0003233533934690
1.0110911055095428,0.0277746301144361,0.0000215921900235
1.0111911145120636,0.0293238498270512,0.0003669600991998
1.0112911235145843,0.0295572094619274,0.0005211356910877
1.0113911325171050,0.0287252198904753,0.0002445495920256
1.0114911415196257,0.0281315706670284,0.0001850395055953
1.0115911505221464,0.0297905690968037,0.0002597914135549
1.0116911595246669,0.0296677593141794,-0.0001050499995472
1.0117911685271879,0.0275296308100224,-0.0007701347931288
1.0118911775297084,0.0272637195885181,-0.0007885702070780
1.0119911865322291,0.0288230907171965,-0.0005158386775292
1.0120911955347498,0.0298116691410542,-0.0000960354227573
1.0121912045372705,0.0286999307572842,-0.0000641998485662
1.0122912135397912,0.0286667291074991,-0.0000281160500890
1.0123912225423120,0.0300521198660135,0.0005135770188645
1.0124912315448327,0.0303119793534279,0.0004417113959789
1.0125912405473534,0.0287931505590677,0.0002664141939022
1.0126912495498741,0.0285183507949114,0.0002095473028021
1.0127912585523948,0.0278406906872988,-0.0002726860111579
1.0128912675549155,0.0296455007046461,0.0003405248862691
1.0129912765574363,0.0290257092565298,0.0003005418111570
1.0130912855599570,0.0282535199075937,0.0002678436867427
1.0131912945624777,0.0278073605149984,0.0000448876417067
1.0132913035649984,0.0293311905115843,0.0006235815817490
1.0133913125675191,0.0292701907455921,0.0003939160960726
1.0134913215700398,0.0289310906082392,0.0002577611885499
1.0135913305725603,0.0277167204767466,-0.0003187927941326
1.0136913395750813,0.0271244905889034,-0.0005703191272914
1.0137913485776018,0.0292117297649384,-0.0004804506024811
1.0138913575801225,0.0284122005105019,-0.0003705525887199
1.0139913665826432,0.0278512705117464,-0.0004173222987447
1.0140913755851639,0.0282220691442490,-0.0000980893673841
1.0141913845876847,0.0275327898561954,-0.0002311646967428
1.0142913935902054,0.0276979207992554,-0.0000330377297360
1.0143914025927261,0.0289996005594730,0.0005966405151412
1.0144914115952468,0.0276826806366444,0.0003979880129918
1.0145914205977675,0.0273962598294020,0.0002639121084940
1.0146914296002882,0.0261154193431139,-0.0001774513948476
1.0147914386028090,0.0290283206850290,0.0004505650140345
1.0148914476053297,0.0286372005939484,0.0001094511972042
1.0149914566078504,0.0272518694400787,-0.0003910140076187
1.0150914656103711,0.0263115204870701,-0.0005859651719220
1.0151914746128918,0.0264022704213858,-0.0003021358861588
1.0152914836154123,0.0282583609223366,0.0001893001026474
1.0153914926179333,0.0279724393039942,0.0002447376027703
1.0154915016204538,0.0261911097913980,-0.0002393143950030
1.0155915106229747,0.0254020690917969,-0.0003800762933679
1.0156915196254952,0.0262084193527699,0.0002529383928049
1.0157915286280159,0.0272276997566223,-0.0001460345956730
1.0158915376305366,0.0267506092786789,-0.0001095984989661
1.0159915466330574,0.0263170003890991,-0.0000440759213234
1.0160915556355781,0.0249492898583412,-0.0002391939051449
1.0161915646380988,0.0257882494479418,0.0001495790929766
1.0162915736406195,0.0260676704347134,0.0006044568144716
1.0163915826431402,0.0253153108060360,0.0006133071728982
1.0164915916456609,0.0250078905373812,0.0004426802915987
1.0165916006481817,0.0236388891935349,0.0000109470602183
1.0166916096507024,0.0254635997116566,0.0002046150038950
1.0167916186532231,0.0254189204424620,0.0000896732235560
1.0168916276557438,0.0246443599462509,-0.0001293246023124
1.0169916366582645,0.0251155402511358,-0.0000842291192384
1.0170916456607852,0.0242358297109604,-0.0004460664058570
1.0171916546633057,0.0243836101144552,-0.0004379528108984
1.0172916636658267,0.0259240698069334,0.0002069899928756
1.0173916726683472,0.0252812001854181,-0.0000765103322919
1.0174916816708679,0.0243632700294256,-0.0001346823992208
1.0175916906733886,0.0243203304708004,0.0001475900935475
1.0176916996759093,0.0262749008834362,0.0003117453888990
1.0177917086784301,0.0257488898932934,0.0001872850989457
1.0178917176809508,0.0257113203406334,0.0004097855999134
1.0179917266834715,0.0245499499142170,-0.0001839745964389
1.0180917356859922,0.0239255297929049,-0.0002062810963253
1.0181917446885129,0.0245392899960279,-0.0002272083947901
1.0182917536910336,0.0241298992186785,0.0000265798207693
1.0183917626935544,0.0242274999618530,0.0000650123110972
1.0184917716960751,0.0234038103371859,-0.0001931659935508
1.0185917806985958,0.0230669695883989,-0.0003793780051637
1.0186917897011165,0.0247376393526793,-0.0001407677045790
1.0187917987036372,0.0252754203975201,0.0000538680687896
1.0188918077061579,0.0252836998552084,-0.0000641411679680
1.0189918167086787,0.0239132493734360,-0.0002192883985117
1.0190918257111992,0.0255590602755547,0.0002684016944841
1.0191918347137201,0.0269759297370911,0.0007771488162689
1.0192918437162406,0.0255961008369923,0.0003941993927583
1.0193918527187613,0.0256789904087782,0.0008005318231881
1.0194918617212820,0.0253624096512794,0.0006945569766685
1.0195918707238028,0.0270999595522881,0.0006050228839740
1.0196918797263235,0.0258321706205606,0.0003729320887942
1.0197918887288442,0.0242684297263622,-0.0001795655989554
1.0198918977313649,0.0241297595202923,-0.0004163157136645
1.0199919067338856,0.0245696399360895,-0.0005331191932783
1.0200919157364063,0.0241239797323942,-0.0005253048730083
1.0201919247389271,0.0238396208733320,-0.0004170699976385
1.0202919337414478,0.0237606503069401,-0.0002752412110567
1.0203919427439685,0.0238433592021465,-0.0002578166022431
1.0204919517464892,0.0236228797584772,-0.0002474504872225
1.0205919607490099,0.0241230800747871,-0.0003247279091738
1.0206919697515306,0.0250607505440712,-0.0000159527007781
1.0207919787540511,0.0240352600812912,-0.0003239522047807
1.0208919877565721,0.0248740799725056,-0.0002248639939353
1.0209919967590926,0.0246472097933292,-0.0001771695970092
1.0210920057616133,0.0256628002971411,0.0001048682024702
1.0211920147641340,0.0246245395392179,-0.0001237983960891
1.0212920237666547,0.0254202801734209,-0.0000048355291256
1.0213920327691755,0.0311514306813478,0.0001671265054028
1.0214920417716962,0.0347072891891003,0.0005777013138868
1.0215920507742169,0.0382111594080925,0.0013281649444252
1.0216920597767376,0.0365331582725048,0.0000991598135442
1.0217920687792583,0.0381679907441139,-0.0001161324034911
1.0218920777817790,0.0411946102976799,0.0005454469937831
1.0219920867842998,0.0354485101997852,-0.0017357970355079
1.0220920957868205,0.0849974378943443,0.0849964916706085
1.0221921047893412,0.0849974006414413,0.0849963128566742
1.0222921137918619,0.0849971920251846,0.0849968269467354
1.0223921227943826,0.0849974229931831,0.0849972590804100
1.0224921317969033,0.0849974676966667,0.0849716067314148
1.0225921407994241,0.0849975273013115,0.0849772766232491
1.0226921498019446,0.0849974900484085,0.0849715769290924
1.0227921588044655,0.0849973708391190,0.0849687308073044
1.0228921678069860,0.0256394091993570,0.0295787807554007
1.0229921768095067,0.0250653699040413,0.0251476503908634
1.0230921858120274,0.0242444407194853,0.0211430992931128
1.0231921948145482,0.0229999497532845,0.0171840395778418
1.0232922038170689,0.0199801605194807,0.0152305103838444
1.0233922128195896,0.0193006005138159,0.0114206299185753
1.0234922218221105,0.0174059998244047,0.0093216104432940
1.0235922308246310,0.0164896994829178,0.0064033339731395
1.0236922398271517,0.0149701703339815,0.0039452379569411
1.0237922488296725,0.0145372003316879,0.0022239231038839
1.0238922578321932,0.0139453895390034,0.0002573479141574
1.0239922668347139,0.0136762904003263,-0.0015731779858470
1.0240922758372346,0.0134595697745681,-0.0036767909768969
1.0241922848397553,0.0134996203705668,-0.0058811469934881
1.0242922938422760,0.0136525603011250,-0.0073826410807669
1.0243923028447965,0.0137251000851393,-0.0084860399365425
1.0244923118473173,0.0143594397231936,-0.0092680156230927
1.0245923208498382,0.0156020903959870,-0.0098186749964952
1.0246923298523589,0.0154291996732354,-0.0093763526529074
1.0247923388548794,0.0152410399168730,-0.0084078870713711
1.0248923478574001,0.0163341201841831,-0.0085128797218204
1.0249923568599209,0.0165159609168768,-0.0076620941981673
1.0250923658624418,0.0178837496787310,-0.0072717010043561
1.0251923748649625,0.0173934195190668,-0.0063143000006676
1.0252923838674830,0.0182168595492840,-0.0058686737902462
1.0253923928700037,0.0187795497477055,-0.0052018868736923
1.0254924018725244,0.0175153799355030,-0.0039403648115695
1.0255924108750452,0.0186162795871496,-0.0036000360269099
1.0256924198775659,0.0179324802011251,-0.0023507240694016
1.0257924288800866,0.0189750101417303,-0.0017446749843657
1.0258924378826073,0.0174901504069567,-0.0008994442760013
1.0259924468851280,0.0165053401142359,0.0000871663723956
1.0260924558876485,0.0176349394023418,-0.0001645894953981
1.0261924648901692,0.0173458196222782,0.0002157465060009
1.0262924738926902,0.0181670300662518,0.0003718567022588
1.0263924828952109,0.0175187699496746,0.0007242718711495
1.0264924918977314,0.0159886199980974,0.0016210930189118
1.0265925009002521,0.0162235107272863,0.0016384200425819
1.0266925099027728,0.0141567196696997,0.0018743979744613
1.0267925189052938,0.0145628703758121,0.0019509190460667
1.0268925279078145,0.0162264294922352,0.0018755820346996
1.0269925369103350,0.0164577309042215,0.0020178218837827
1.0270925459128557,0.0168924499303102,0.0018026150064543
1.0271925549153764,0.0167516805231571,0.0015707119600847
1.0272925639178971,0.0158442202955484,0.0015280930092558
1.0273925729204179,0.0165233891457319,0.0012139689642936
1.0274925819229386,0.0155874202027917,0.0008738331962377
1.0275925909254593,0.0159276705235243,0.0007513146265410
1.0276925999279800,0.0157551690936089,0.0005662838229910
1.0277926089305005,0.0151269100606441,0.0004126759886276
1.0278926179330214,0.0147969797253609,0.0003495452983771
1.0279926269355422,0.0147054195404053,0.0006094250129536
1.0280926359380629,0.0151464799419045,0.0001259689015569
1.0281926449405834,0.0160791594535112,0.0001196931989398
1.0282926539431041,0.0161396898329258,0.0000934062190936
1.0283926629456248,0.0150847500190139,-0.0000077443592090
1.0284926719481458,0.0150500796735287,-0.0000750326871639
1.0285926809506665,0.0153299802914262,-0.0000873761164257
1.0286926899531870,0.0156535208225250,-0.0001382783957524
1.0287926989557077,0.0148082002997398,0.0000089301565822
1.0288927079582284,0.0144707495346665,0.0000668902721372
1.0289927169607493,0.0133502101525664,0.0001214021031046
1.0290927259632698,0.0137233100831509,-0.0000552909295948
1.0291927349657906,0.0132113900035620,-0.0001110094017349
1.0292927439683113,0.0128669003024697,-0.0003565808001440
1.0293927529708320,0.0134472995996475,-0.0005456574726850
1.0294927619733525,0.0143082104623318,-0.0010499620111659
1.0295927709758734,0.0142627395689487,-0.0012362810084596
1.0296927799783941,0.0137287704274058,-0.0006812589126639
1.0297927889809149,0.0141429603099823,-0.0007140617235564
1.0298927979834354,0.0146625200286508,-0.0005701241898350
1.0299928069859561,0.0140711003914475,-0.0001705992035568
1.0300928159884770,0.0143681401386857,-0.0001763241016306
1.0301928249909977,0.0146737303584814,-0.0000709295491106
1.0302928339935185,0.0154274301603436,-0.0001654402003624
1.0303928429960389,0.0153875797986984,-0.0004555674095172
1.0304928519985597,0.0157537106424570,-0.0002713612921070
1.0305928610010804,0.0161327999085188,-0.0004804029013030
1.0306928700036013,0.0153501201421022,-0.0001163908018498
1.0307928790061218,0.0153748700395226,-0.0005199543084018
1.0308928880086425,0.0162997692823410,-0.0004611513868440
1.0309928970111633,0.0156924892216921,-0.0002742063952610
1.0310929060136840,0.0154877901077271,-0.0002038317034021
1.0311929150162047,0.0165703091770411,-0.0005357324262150
1.0312929240187254,0.0168540403246880,-0.0006334210047498
1.0313929330212461,0.0163309499621391,-0.0004246874013916
1.0314929420237668,0.0162103194743395,-0.0003846389881801
1.0315929510262873,0.0159872993826866,0.0000110749297164
1.0316929600288081,0.0165342092514038,-0.0001397723972332
1.0317929690313290,0.0165365301072598,-0.0001189668982988
1.0318929780338497,0.0161170102655888,-0.0000245596802415
1.0319929870363702,0.0168123207986355,0.0001562191027915
1.0320929960388909,0.0175028797239065,0.0001978612999665
1.0321930050414116,0.0175854600965977,0.0000266321003437
1.0322930140439326,0.0176350995898247,-0.0003091901016887
1.0323930230464533,0.0176922399550676,0.0001212403003592
1.0324930320489738,0.0171978604048491,0.0001373755949317
1.0325930410514945,0.0180477295070887,-0.0006312417099252
1.0326930500540152,0.0178097598254681,-0.0004321858868934
1.0327930590565360,0.0184377394616604,-0.0005135160172358
1.0328930680590567,0.0189699493348598,-0.0005484889261425
1.0329930770615774,0.0182184800505638,-0.0004231058992445
1.0330930860640981,0.0187578909099102,-0.0001193630014313
1.0331930950666188,0.0196831300854683,-0.0000683529578964
1.0332931040691393,0.0191234108060598,0.0001119837979786
1.0333931130716603,0.0185717698186636,0.0001536455965834
1.0334931220741810,0.0185409504920244,0.0000508545199409
1.0335931310767017,0.0204756706953049,-0.0004098901117686
1.0336931400792222,0.0189116299152374,0.0001134398989961
1.0337931490817429,0.0184331703931093,0.0004086809058208
1.0338931580842636,0.0193416997790337,0.0001856206072262
1.0339931670867846,0.0207567997276783,0.0001374792045681
1.0340931760893053,0.0204263497143984,0.0001433771976735
1.0341931850918258,0.0207035802304745,0.0000647665365250
1.0342931940943465,0.0211734306067228,-0.0002673859125935
1.0343932030968672,0.0211259294301271,-0.0002585932088550
1.0344932120993882,0.0221922006458044,-0.0005798448109999
1.0345932211019087,0.0218764394521713,-0.0005405531846918
1.0346932301044294,0.0239941794425249,-0.0007966433186084
1.0347932391069501,0.0227508395910263,-0.0005377234192565
1.0348932481094708,0.0219799298793077,-0.0000099276430774
1.0349932571119913,0.0238777492195368,-0.0002567901974544
1.0350932661145122,0.0233861207962036,0.0000748887468944
1.0351932751170330,0.0237899105995893,0.0000458255999547
1.0352932841195537,0.0233069602400064,0.0000746636433178
1.0353932931220742,0.0250288192182779,-0.0001484998938395
1.0354933021245949,0.0240159798413515,-0.0002383873943472
1.0355933111271158,0.0233191996812820,-0.0002887882001232
1.0356933201296366,0.0226555094122887,-0.0000156085407070
1.0357933291321573,0.0245506390929222,-0.0004970239242539
1.0358933381346778,0.0248346906155348,-0.0004484757955652
1.0359933471371985,0.0231802091002464,0.0000383412298106
1.0360933561397192,0.0239984206855297,-0.0005216015852056
1.0361933651422401,0.0244606696069241,-0.0004426602099556
1.0362933741447606,0.0254511907696724,-0.0006146411760710
1.0363933831472814,0.0261560995131731,-0.0009577082819305
1.0364933921498021,0.0252030305564404,-0.0008278018794954
1.0365934011523228,0.0249046497046947,-0.0006582883070223
1.0366934101548435,0.0249186195433140,-0.0004180890100542
1.0367934191573642,0.0269111003726721,-0.0004808596859220
1.0368934281598849,0.0254773907363415,-0.0002274141006637
1.0369934371624057,0.0252433102577925,0.0001389601966366
1.0370934461649262,0.0263526309281588,0.0003102229093201
1.0371934551674469,0.0282856505364180,-0.0000708137886249
1.0372934641699678,0.0270300507545471,0.0001409427059116
1.0373934731724885,0.0262291301041842,0.0000545218099433
1.0374934821750093,0.0263295099139214,-0.0002910661860369
1.0375934911775297,0.0272343307733536,-0.0004338246071711
1.0376935001800505,0.0288741998374462,-0.0004484133096412
1.0377935091825714,0.0258402191102505,-0.0002045259025181
1.0378935181850921,0.0264841001480818,-0.0000790853082435
1.0379935271876126,0.0276234596967697,-0.0000108041003841
1.0380935361901333,0.0264011900871992,0.0001959351066034
1.0381935451926541,0.0286009404808283,0.0003426831972320
1.0382935541951748,0.0290623493492603,0.0004165871068835
1.0383935631976955,0.0282467491924763,0.0003700884990394
1.0384935722002162,0.0272497404366732,-0.0000115349503176
1.0385935812027369,0.0276813805103302,0.0002432504988974
1.0386935902052576,0.0284769497811794,0.0002193397958763
1.0387935992077781,0.0283135306090117,0.0000294127203233
1.0388936082102991,0.0276170801371336,0.0001640372938709
1.0389936172128198,0.0279298499226570,0.0004843666101806
1.0390936262153405,0.0274224299937487,0.0005690017715096
1.0391936352178612,0.0271612107753754,0.0003322502889205
1.0392936442203817,0.0282307006418705,0.0000398748416046
1.0393936532229024,0.0281347893178463,-0.0000487665492983
1.0394936622254234,0.0275427196174860,-0.0001781383034540
1.0395936712279441,0.0274299904704094,-0.0004046483081765
1.0396936802304646,0.0265309605747461,-0.0004238240071572
1.0397936892329853,0.0273150093853474,-0.0003710779128596
1.0398936982355060,0.0281224008649588,-0.0001199941034429
1.0399937072380270,0.0292348600924015,0.0000883421816980
1.0400937162405475,0.0298823602497578,0.0000057578340602
1.0401937252430682,0.0281905103474855,0.0002597263955977
1.0402937342455889,0.0290985796600580,0.0003114810097031
1.0403937432481096,0.0286154206842184,0.0003522037877701
1.0404937522506301,0.0302733890712261,0.0000454388682556
1.0405937612531511,0.0297772306948900,-0.0002233824052382
1.0406937702556718,0.0291159693151712,-0.0000963232814684
1.0407937792581925,0.0288114193826914,-0.0000851048316690
1.0408937882607132,0.0291772391647100,0.0000191820599866
1.0409937972632337,0.0283095799386501,0.0001555955968797
1.0410938062657547,0.0283649004995823,0.0000401289398724
1.0411938152682754,0.0297846291214228,0.0000016991109533
1.0412938242707961,0.0313528105616570,-0.0000978797033895
1.0413938332733166,0.0285983495414257,0.0000056571179812
1.0414938422758373,0.0279154200106859,0.0001070833968697
1.0415938512783580,0.0277402196079493,0.0000056604699239
1.0416938602808790,0.0278125908225775,0.0000875479527167
1.0417938692833995,0.0277454704046249,-0.0000061830619416
1.0418938782859202,0.0295638293027878,-0.0001831327972468
1.0419938872884409,0.0282133892178535,0.0000839443600853
1.0420938962909616,0.0268060602247715,0.0004337840946391
1.0421939052934823,0.0266605503857136,0.0005259935860522
1.0422939142960030,0.0275239702314138,0.0004219285910949
1.0423939232985238,0.0253596492111683,0.0003415961109567
1.0424939323010445,0.0260029695928097,-0.0000096547428257
1.0425939413035652,0.0259698797017336,-0.0004348407092039
1.0426939503060857,0.0270191896706820,-0.0006015297840349
1.0427939593086066,0.0252627208828926,-0.0007097797933966
1.0428939683111274,0.0256898403167725,-0.0006743543781340
1.0429939773136481,0.0252163894474506,-0.0002689688990358
1.0430939863161686,0.0253962706774473,-0.0001445586967748
1.0431939953186893,0.0260910391807556,-0.0002452028857078
1.0432940043212102,0.0251413602381945,0.0001868671970442
1.0433940133237309,0.0252828691154718,0.0000505945608893
1.0434940223262514,0.0265900306403637,0.0001363979972666
1.0435940313287722,0.0253741499036551,0.0000221866193897
1.0436940403312929,0.0234076604247093,-0.0001846005034167
1.0437940493338136,0.0250268895179033,0.0001368086959701
1.0438940583363343,0.0255605895072222,0.0002197314024670
1.0439940673388550,0.0256553404033184,0.0004155579081271
1.0440940763413757,0.0244750808924437,0.0005222741747275
1.0441940853438965,0.0243998207151890,0.0004083767125849
1.0442940943464172,0.0237840600311756,0.0003292495093774
1.0443941033489377,0.0248886402696371,-0.0001086374031729
1.0444941123514586,0.0270217191427946,-0.0003088109078817
1.0445941213539793,0.0256906598806381,-0.0004142785037402
1.0446941303565001,0.0258920304477215,-0.0003089295059908
1.0447941393590205,0.0252381693571806,-0.0003972164122388
1.0448941483615413,0.0246203690767288,0.0000438993702119
1.0449941573640622,0.0248349793255329,0.0000327952511725
1.0450941663665829,0.0260205604135990,0.0004243098082952
1.0451941753691034,0.0263357199728489,0.0004993322072551
1.0452941843716241,0.0249630697071552,0.0004766292113345
1.0453941933741449,0.0255565308034420,0.0005356500041671
1.0454942023766656,0.0255987308919430,0.0002422599063721
1.0455942113791863,0.0268781296908855,-0.0001036274989019
1.0456942203817070,0.0252379290759563,-0.0003060748858843
1.0457942293842277,0.0271009001880884,-0.0001961427042261
1.0458942383867484,0.0236786194145679,-0.0004453425935935
1.0459942473892689,0.0247047301381826,-0.0002275909937453
1.0460942563917899,0.0240424703806639,-0.0000982126875897
1.0461942653943106,0.0249752495437860,-0.0002223835035693
1.0462942743968313,0.0255214106291533,-0.0002697212039493
1.0463942833993520,0.0263724997639656,-0.0001421491033398
1.0464942924018725,0.0243447907269001,-0.0000042197330004
1.0465943014043932,0.0255564693361521,-0.0001889002014650
1.0466943104069142,0.0256351009011269,-0.0002344242966501
1.0467943194094349,0.0256825294345617,-0.0002850783057511
1.0468943284119554,0.0262234304100275,0.0000391216199205
1.0469943374144761,0.0242509096860886,0.0002828768047038
1.0470943464169968,0.0243527498096228,0.0004391031980049
1.0471943554195178,0.0254822205752134,0.0005491768824868
1.0472943644220383,0.0244212392717600,0.0008792462758720
1.0473943734245590,0.0239264108240604,0.0008564023883082
1.0474943824270797,0.0249221995472908,0.0002488841128070
1.0475943914296004,0.0249024108052254,0.0000663256068947
1.0476944004321209,0.0249064303934574,-0.0001834962022258
1.0477944094346419,0.0252085905522108,-0.0004169858002570
1.0478944184371626,0.0249385796487331,-0.0005299681215547
1.0479944274396833,0.0255822800099850,-0.0001279849966522
1.0480944364422040,0.0246881898492575,0.0002092430950142
1.0481944454447245,0.0239260494709015,0.0002042962005362
1.0482944544472454,0.0310219395905733,-0.0007888813852333
1.0483944634497662,0.0354346297681332,-0.0016204849816859
1.0484944724522869,0.0405568107962608,-0.0037664219271392
1.0485944814548074,0.0472634397447109,-0.0067808269523084
1.0486944904573281,0.0510371215641499,-0.0116130895912647
1.0487944994598488,0.0369055084884167,-0.0096613150089979
1.0488945084623698,0.0849968418478966,0.0849522426724434
1.0489945174648903,0.0849969163537025,0.0849602371454239
1.0490945264674110,0.0849970430135727,0.0849664881825447
1.0491945354699317,0.0849970579147339,0.0849974974989891
1.0492945444724524,0.0849964022636414,0.0849981904029846
1.0493945534749733,0.0849957987666130,0.0849982202053070
1.0494945624774938,0.0849959924817085,0.0849978998303413
1.0495945714800146,0.0270369593054056,-0.0252063293009996
1.0496945804825353,0.0268920194357634,-0.0172836501151323
1.0497945894850560,0.0252457298338413,-0.0130971297621727
1.0498945984875765,0.0228788200765848,-0.0102411704137921
1.0499946074900974,0.0216710697859526,-0.0073525211773813
1.0500946164926181,0.0201051793992519,-0.0051485328003764
1.0501946254951389,0.0197852607816458,-0.0031699279788882
1.0502946344976594,0.0191394705325365,-0.0015448729973286
1.0503946435001801,0.0190755799412727,0.0004607459122781
1.0504946525027010,0.0193057097494602,0.0024816601071507
1.0505946615052217,0.0182690694928169,0.0042178211733699
1.0506946705077422,0.0179441403597593,0.0049954140558839
1.0507946795102630,0.0174613092094660,0.0049810730852187
1.0508946885127837,0.0175637006759644,0.0051605249755085
1.0509946975153044,0.0172128304839134,0.0054012550972402
1.0510947065178251,0.0170426405966282,0.0046737790107727
1.0511947155203458,0.0158194508403540,0.0042175319977105
1.0512947245228665,0.0165426395833492,0.0035802579950541
1.0513947335253873,0.0167737398296595,0.0029263619799167
1.0514947425279080,0.0169693902134895,0.0024188430979848
1.0515947515304287,0.0167400799691677,0.0021412230562419
1.0516947605329494,0.0181489698588848,0.0020756509620696
1.0517947695354701,0.0183304008096457,0.0016981799853966
1.0518947785379908,0.0185195300728083,0.0014067250303924
1.0519947875405113,0.0197810009121895,0.0012177779572085
1.0520947965430321,0.0200465302914381,0.0008433182956651
1.0521948055455530,0.0209487900137901,0.0004605950089172
1.0522948145480737,0.0206475593149662,0.0000876387130120
1.0523948235505942,0.0221817307174206,0.0000698332078173
1.0524948325531149,0.0208624508231878,-0.0001561076060170
1.0525948415556357,0.0193476509302855,-0.0001391931000398
1.0526948505581566,0.0204388108104467,-0.0000362971113645
1.0527948595606771,0.0202345699071884,0.0003282919933554
1.0528948685631978,0.0215763393789530,0.0002807397977449
1.0529948775657185,0.0202625207602978,0.0001431490964023
1.0530948865682392,0.0201753601431847,0.0001177833983093
1.0531948955707600,0.0182642005383968,-0.0005644182092510
1.0532949045732807,0.0165246706455946,-0.0010741479927674
1.0533949135758014,0.0178516507148743,-0.0010136630153283
1.0534949225783221,0.0164184104651213,-0.0012876780238003
1.0535949315808428,0.0171649102121592,-0.0010809940285981
1.0536949405833633,0.0166493002325296,-0.0009409366757609
1.0537949495858843,0.0157675202935934,-0.0007805069908500
1.0538949585884050,0.0150329796597362,-0.0006068365764804
1.0539949675909257,0.0159262195229530,-0.0005689428071491
1.0540949765934462,0.0161372404545546,-0.0003130905097350
1.0541949855959669,0.0165882594883442,-0.0003166697861161
1.0542949945984876,0.0168099496513605,-0.0002074048970826
1.0543950036010086,0.0153684401884675,-0.0002678454038687
1.0544950126035291,0.0151764797046781,-0.0002013321063714
1.0545950216060498,0.0147909400984645,-0.0003603025106713
1.0546950306085705,0.0136072803288698,-0.0003335480869282
1.0547950396110912,0.0136922402307391,-0.0000664376275381
1.0548950486136122,0.0143244797363877,0.0001663748989813
1.0549950576161327,0.0139930900186300,-0.0000370519082935
1.0550950666186534,0.0129827102646232,-0.0001503827952547
1.0551950756211741,0.0137147400528193,-0.0001261121069547
1.0552950846236948,0.0131047200411558,-0.0005011496250518
1.0553950936262153,0.0134086599573493,-0.0005734839942306
1.0554951026287362,0.0145536502823234,-0.0001411247940268
1.0555951116312570,0.0146639198064804,-0.0002881388063543
1.0556951206337777,0.0141963297501206,0.0000049036630116
1.0557951296362982,0.0140331201255322,0.0002982635051012
1.0558951386388189,0.0139353498816490,0.0005090259946883
1.0559951476413398,0.0142992902547121,0.0003496601129882
1.0560951566438606,0.0140887303277850,0.0005139274871908
1.0561951656463811,0.0141011001542211,0.0005642537144013
1.0562951746489018,0.0151329096406698,0.0006482154130936
1.0563951836514225,0.0146280303597450,0.0004953629104421
1.0564951926539432,0.0141449198126793,0.0002081029961118
1.0565952016564641,0.0141847198829055,0.0003625896060839
1.0566952106589846,0.0142164099961519,0.0003010722866748
1.0567952196615054,0.0151473302394152,0.0006225421093404
1.0568952286640261,0.0137619804590940,0.0002897130907513
1.0569952376665468,0.0140216900035739,0.0000608562986599
1.0570952466690675,0.0137465903535485,-0.0002904477878474
1.0571952556715882,0.0139743797481060,-0.0006988773820922
1.0572952646741089,0.0131850503385067,-0.0007532828021795
1.0573952736766297,0.0134154399856925,-0.0007207844755612
1.0574952826791502,0.0142104299739003,-0.0005700857727788
1.0575952916816709,0.0141547499224544,-0.0004885506932624
1.0576953006841918,0.0135591002181172,-0.0002391754969722
1.0577953096867125,0.0143169099465013,0.0001414450962329
1.0578953186892330,0.0153981503099203,0.0001421324996045
1.0579953276917538,0.0151141397655010,0.0002064230066026
1.0580953366942745,0.0145069900900126,0.0001069603968062
1.0581953456967954,0.0147583503276110,-0.0001451385032851
1.0582953546993161,0.0159542299807072,-0.0003619389899541
1.0583953637018366,0.0160263106226921,-0.0008112892974168
1.0584953727043573,0.0159678608179092,-0.0006408832850866
1.0585953817068781,0.0162891801446676,-0.0003941326867789
1.0586953907093988,0.0177194196730852,-0.0001045770986821
1.0587953997119195,0.0174794904887676,-0.0000617626064923
1.0588954087144402,0.0180550403892994,0.0003482201136649
1.0589954177169609,0.0166676491498947,0.0004269067139830
1.0590954267194816,0.0164826791733503,-0.0001535657938803
1.0591954357220021,0.0165085103362799,-0.0002161898009945
1.0592954447245231,0.0160979591310024,0.0001383140042890
1.0593954537270438,0.0178402308374643,-0.0000329867398250
1.0594954627295645,0.0166647695004940,-0.0002235150022898
1.0595954717320850,0.0170031301677227,0.0001363782939734
1.0596954807346057,0.0172220505774021,0.0004426439991221
1.0597954897371265,0.0184252392500639,0.0002978444099426
1.0598954987396474,0.0184015408158302,0.0003560247132555
1.0599955077421681,0.0188442803919315,0.0001861507043941
1.0600955167446886,0.0197097808122635,0.0001852833956946
1.0601955257472093,0.0197397302836180,-0.0001434943987988
1.0602955347497300,0.0190886799246073,-0.0004676537937485
1.0603955437522510,0.0190415494143963,-0.0006503696204163
1.0604955527547715,0.0206561703234911,-0.0003657262132037
1.0605955617572922,0.0209178198128939,-0.0003686638083309
1.0606955707598129,0.0210903603583574,-0.0000828600532259
1.0607955797623336,0.0217444691807032,0.0002894591889344
1.0608955887648541,0.0212896894663572,0.0000074603208304
1.0609955977673751,0.0212822407484055,-0.0001570114982314
1.0610956067698958,0.0221368093043566,0.0003408043994568
1.0611956157724165,0.0211623907089233,-0.0000795489177108
1.0612956247749370,0.0211760997772217,-0.0003204219101463
1.0613956337774577,0.0220560394227505,-0.0001328518992523
1.0614956427799787,0.0244326796382666,0.0000649011781206
1.0615956517824994,0.0237168706953526,-0.0001610604958842
1.0616956607850201,0.0233041308820248,-0.0002022560947808
1.0617956697875406,0.0238255690783262,-0.0001579212985234
1.0618956787900613,0.0232453402131796,-0.0002364567044424
1.0619956877925820,0.0237433295696974,0.0000563104986213
1.0620956967951030,0.0239978600293398,0.0001051854997058
1.0621957057976235,0.0249306708574295,0.0001211525013787
1.0622957148001442,0.0251853298395872,0.0000781587368692
1.0623957238026649,0.0249714292585850,0.0000897129211808
1.0624957328051856,0.0260691493749619,0.0000492601211590
1.0625957418077063,0.0259628202766180,0.0003481569001451
1.0626957508102270,0.0263699702918530,0.0005337878828868
1.0627957598127478,0.0254381708800793,0.0004400587931741
1.0628957688152685,0.0263374708592892,0.0007612180197611
1.0629957778177890,0.0280234795063734,0.0012642459478229
1.0630957868203097,0.0279092397540808,0.0012058910215273
1.0631957958228306,0.0271454099565744,0.0000951324473135
1.0632958048253514,0.0270639099180698,0.0002154784015147
1.0633958138278721,0.0281627606600523,0.0000098596638054
1.0634958228303926,0.0279949791729450,-0.0002998195122927
1.0635958318329133,0.0277987606823444,-0.0002715596929193
1.0636958408354340,0.0273099392652512,-0.0004504850076046
1.0637958498379549,0.0282654892653227,-0.0000807866672403
1.0638958588404754,0.0291348807513714,0.0001091278973036
1.0639958678429962,0.0291603300720453,0.0003566941886675
1.0640958768455169,0.0272621605545282,-0.0004898239858449
1.0641958858480376,0.0276030004024506,-0.0002536626998335
1.0642958948505583,0.0296167004853487,0.0001470788993174
1.0643959038530790,0.0314823389053345,0.0002649821108207
1.0644959128555997,0.0302298404276371,0.0002120213030139
1.0645959218581205,0.0301132500171661,-0.0000526463409187
1.0646959308606410,0.0285374801605940,-0.0002661421021912
1.0647959398631617,0.0289239808917046,0.0000336404991685
1.0648959488656826,0.0282871797680855,0.0002572651137598
1.0649959578682033,0.0300063900649548,0.0002874743076973
1.0650959668707238,0.0300204493105412,0.0001899287017295
1.0651959758732445,0.0292132608592510,0.0000079750134319
1.0652959848757653,0.0279850307852030,-0.0006241598748602
1.0653959938782862,0.0279869493097067,-0.0005961753195152
1.0654960028808069,0.0280396193265915,-0.0009218382765539
1.0655960118833274,0.0283754691481590,-0.0005061001866125
1.0656960208858481,0.0313404314219952,0.0002386800042586
1.0657960298883689,0.0302244909107685,0.0000724678320694
1.0658960388908896,0.0288331806659698,-0.0000969738903223
1.0659960478934103,0.0292110107839108,0.0003255011106376
1.0660960568959310,0.0282950401306152,0.0001689069031272
1.0661960658984517,0.0288274008780718,0.0005373202147894
1.0662960749009724,0.0307036805897951,0.0007393166888505
1.0663960839034929,0.0309420991688967,0.0005837415810674
1.0664960929060139,0.0296523105353117,0.0003691604069900
1.0665961019085346,0.0289775896817446,0.0000871152005857
1.0666961109110553,0.0296421907842159,0.0000421625809395
1.0667961199135758,0.0310572404414415,0.0005032314802520
1.0668961289160965,0.0293206702917814,0.0002426147984806
1.0669961379186172,0.0285472292453051,-0.0003535141877364
1.0670961469211382,0.0278916098177433,-0.0001552330068080
1.0671961559236589,0.0271233692765236,-0.0006754348869435
1.0672961649261794,0.0274744108319283,-0.0006382613210008
1.0673961739287001,0.0297977402806282,-0.0001031170977512
1.0674961829312208,0.0285461600869894,-0.0003694707120303
1.0675961919337418,0.0279825795441866,-0.0003493214899208
1.0676962009362623,0.0275576096028090,-0.0002088836045004
1.0677962099387830,0.0275469496846199,-0.0002078188990708
1.0678962189413037,0.0276076607406139,0.0002341419021832
1.0679962279438244,0.0295213796198368,0.0005060022813268
1.0680962369463449,0.0285077001899481,0.0004599009989761
1.0681962459488659,0.0279752593487501,0.0001320664014202
1.0682962549513866,0.0268901996314526,-0.0003321139083710
1.0683962639539073,0.0265103708952665,-0.0004019172920380
1.0684962729564278,0.0269071701914072,-0.0004938521888107
1.0685962819589485,0.0277073606848717,-0.0003183360968251
1.0686962909614695,0.0275451894849539,-0.0002515854139347
1.0687962999639902,0.0273536201566458,0.0000762709169067
1.0688963089665109,0.0268491003662348,-0.0000707459985279
1.0689963179690314,0.0269336104393005,0.0001253488007933
1.0690963269715521,0.0266344193369150,0.0002914395881817
1.0691963359740728,0.0270741600543261,0.0002899311948568
1.0692963449765938,0.0263041108846664,0.0000507060904056
1.0693963539791143,0.0260770302265882,0.0002273257996421
1.0694963629816350,0.0258523095399141,0.0002508487959858
1.0695963719841557,0.0262327902019024,0.0003936825960409
1.0696963809866764,0.0262123495340347,0.0004647774039768
1.0697963899891971,0.0270741898566484,0.0006773523055017
1.0698963989917178,0.0263598691672087,0.0003915666020475
1.0699964079942386,0.0262005198746920,0.0004181528929621
1.0700964169967593,0.0257411208003759,0.0004118228971492
1.0701964259992798,0.0250908304005861,-0.0001806702057365
1.0702964350018005,0.0259515792131424,-0.0002141222939827
1.0703964440043214,0.0262903794646263,-0.0002064907021122
1.0704964530068422,0.0255710296332836,-0.0002621861058287
1.0705964620093629,0.0244108308106661,-0.0007562065729871
1.0706964710118834,0.0249852593988180,-0.0004505609977059
1.0707964800144041,0.0249431300908327,-0.0002272314013680
1.0708964890169250,0.0264194495975971,0.0004541345115285
1.0709964980194457,0.0259831901639700,0.0003496567951515
1.0710965070219662,0.0251328404992819,0.0001342688046861
1.0711965160244870,0.0247689206153154,0.0001337325957138
1.0712965250270077,0.0257402397692204,0.0004471885040402
1.0713965340295284,0.0253071002662182,-0.0002284310030518
1.0714965430320491,0.0264372006058693,0.0000183961601579
1.0715965520345698,0.0252431202679873,-0.0004398564051371
1.0716965610370905,0.0250436104834080,-0.0002918053069152
1.0717965700396113,0.0242359396070242,-0.0005341577925719
1.0718965790421318,0.0243028197437525,-0.0005074330256321
1.0719965880446527,0.0258645508438349,0.0000826852119644
1.0720965970471734,0.0265260804444551,0.0001994285994442
1.0721966060496941,0.0261203404515982,0.0000754319480620
1.0722966150522149,0.0251156892627478,0.0000718835799489
1.0723966240547353,0.0246295295655727,-0.0004357967118267
1.0724966330572561,0.0248739197850227,-0.0002085239975713
1.0725966420597770,0.0263524800539017,0.0001717470004223
1.0726966510622977,0.0265472698956728,0.0003956262080465
1.0727966600648182,0.0257559902966022,0.0003874000976793
1.0728966690673389,0.0242173597216606,0.0004075483011547
1.0729966780698597,0.0245077405124903,0.0005543319857679
1.0730966870723806,0.0249088294804096,0.0003697261854541
1.0731966960749011,0.0258669499307871,0.0003917921858374
1.0732967050774218,0.0260654594749212,0.0004720567085315
1.0733967140799425,0.0256198197603226,0.0001144682973973
1.0734967230824632,0.0251837298274040,-0.0001280423020944
1.0735967320849837,0.0240718200802803,-0.0006708611035720
1.0736967410875047,0.0244582593441010,-0.0004777417052537
1.0737967500900254,0.0245281197130680,-0.0004971409798600
1.0738967590925461,0.0244649890810251,-0.0004038884944748
1.0739967680950668,0.0240311995148659,-0.0003864571917802
1.0740967770975873,0.0241535808891058,0.0000127626099129
1.0741967861001083,0.0250844508409500,0.0003212745941710
1.0742967951026290,0.0246550906449556,0.0001594516943442
1.0743968041051497,0.0243637096136808,-0.0000954330389504
1.0744968131076702,0.0234379600733519,-0.0000951527617872
1.0745968221101909,0.0242022909224033,0.0001422206987627
1.0746968311127116,0.0235466994345188,-0.0001126560018747
1.0747968401152326,0.0242669507861137,0.0000269751199085
1.0748968491177531,0.0260253995656967,0.0002337277983315
1.0749968581202738,0.0271830596029758,-0.0004820736940019
1.0750968671227945,0.0291238203644753,-0.0015245910035446
1.0751968761253152,0.0300197005271912,-0.0027768360450864
1.0752968851278359,0.0268283002078533,-0.0058382977731526
1.0753968941303567,0.0849972665309906,0.0849967971444130
1.0754969031328774,0.0849972665309906,0.0849969610571861
1.0755969121353981,0.0849971771240234,0.0849970132112503
1.0756969211379188,0.0849971473217010,0.0849970430135727
1.0757969301404393,0.0849972069263458,0.0849970430135727
1.0758969391429603,0.0849972218275070,0.0849970430135727
1.0759969481454810,0.0849972516298294,0.0849970281124115
1.0760969571480017,0.0849972516298294,0.0849970504641533
1.0761969661505222,0.0849972814321518,0.0849970430135727
1.0762969751530429,0.0849972590804100,0.0849970802664757
1.0763969841555638,0.0849972888827324,0.0849970877170563
1.0764969931580846,0.0849973186850548,0.0849970504641533
1.0765970021606051,0.0849973112344742,0.0849970206618309
1.0766970111631258,0.0849973410367966,0.0849971026182175
1.0767970201656465,0.0849973633885384,0.0849970132112503
1.0768970291681672,0.0849973931908607,0.0849970430135727
1.0769970381706879,0.0849973931908607,0.0849971100687981
1.0770970471732086,0.0849974229931831,0.0849971175193787
1.0771970561757294,0.0849974229931831,0.0849970504641533
1.0772970651782501,0.0849974229931831,0.0849970728158951
1.0773970741807708,0.0849974080920219,0.0849971473217010
1.0774970831832915,0.0849974229931831,0.0849971622228622
1.0775970921858122,0.0849974229931831,0.0849971696734428
1.0776971011883330,0.0849973931908607,0.0849971622228622
1.0777971101908537,0.0849974229931831,0.0849971398711205
1.0778971191933742,0.0849974378943443,0.0849971473217010
1.0779971281958949,0.0849974378943443,0.0849971398711205
1.0780971371984158,0.0849974602460861,0.0849971175193787
1.0781971462009365,0.0849974527955055,0.0849970728158951
1.0782971552034570,0.0849974676966667,0.0849971100687981
1.0783971642059778,0.0849974527955055,0.0849971175193787
1.0784971732084985,0.0849974602460861,0.0849971175193787
1.0785971822110194,0.0849974676966667,0.0849971100687981
1.0786971912135399,0.0849974602460861,0.0849971100687981
1.0787972002160606,0.0849974676966667,0.0849970504641533
1.0788972092185813,0.0849974676966667,0.0849971175193787
1.0789972182211021,0.0849974527955055,0.0849970728158951
1.0790972272236226,0.0849974229931831,0.0849971026182175
1.0791972362261435,0.0849974229931831,0.0849970802664757
1.0792972452286642,0.0849974006414413,0.0849971026182175
1.0793972542311849,0.0849974006414413,0.0849971026182175
1.0794972632337057,0.0849973931908607,0.0849971175193787
1.0795972722362261,0.0849973782896996,0.0849971175193787
1.0796972812387471,0.0849973633885384,0.0849971175193787
1.0797972902412678,0.0849973484873772,0.0849971175193787
1.0798972992437885,0.0849973484873772,0.0849971324205399
1.0799973082463090,0.0849973335862160,0.0849971398711205
1.0800973172488297,0.0849973186850548,0.0849971398711205
1.0801973262513505,0.0849973186850548,0.0849971175193787
1.0802973352538714,0.0849972963333130,0.0849971398711205
1.0803973442563919,0.0849972963333130,0.0849971324205399
1.0804973532589126,0.0849972888827324,0.0849971398711205
1.0805973622614333,0.0849972814321518,0.0849971175193787
1.0806973712639540,0.0849972814321518,0.0849971398711205
1.0807973802664750,0.0849972665309906,0.0849971398711205
1.0808973892689955,0.0849972665309906,0.0849971473217010
1.0809973982715162,0.0849972590804100,0.0849971398711205
1.0810974072740369,0.0849972516298294,0.0849971473217010
1.0811974162765576,0.0849972367286682,0.0849971473217010
1.0812974252790781,0.0849972367286682,0.0849971473217010
1.0813974342815991,0.0849972292780876,0.0849971473217010
1.0814974432841198,0.0849972292780876,0.0849971622228622
1.0815974522866405,0.0849972218275070,0.0849971622228622
1.0816974612891610,0.0849972069263458,0.0849971473217010
1.0817974702916817,0.0849972069263458,0.0849971622228622
1.0818974792942027,0.0849972069263458,0.0849971622228622
1.0819974882967234,0.0849972069263458,0.0849971622228622
1.0820974972992439,0.0849972069263458,0.0849971696734428
1.0821975063017646,0.0849971994757652,0.0849971696734428
1.0822975153042853,0.0849971994757652,0.0849971622228622
1.0823975243068060,0.0849971994757652,0.0849971696734428
1.0824975333093270,0.0849971994757652,0.0849971696734428
1.0825975423118475,0.0849971920251846,0.0849971696734428
1.0826975513143682,0.0849971920251846,0.0849971696734428
1.0827975603168889,0.0849971920251846,0.0849971696734428
1.0828975693194096,0.0849971771240234,0.0849971696734428
1.0829975783219301,0.0849971771240234,0.0849971696734428
1.0830975873244510,0.0849971771240234,0.0849971696734428
1.0831975963269718,0.0849971771240234,0.0849971696734428
1.0832976053294925,0.0849971771240234,0.0849971696734428
1.0833976143320130,0.0849971771240234,0.0849971696734428
1.0834976233345337,0.0849971771240234,0.0849971696734428
1.0835976323370546,0.0849971771240234,0.0849971696734428
1.0836976413395754,0.0849971771240234,0.0849971696734428
1.0837976503420959,0.0849971771240234,0.0849971696734428
1.0838976593446166,0.0849971771240234,0.0849971696734428
1.0839976683471373,0.0849971771240234,0.0849971696734428
1.0840976773496580,0.0849971771240234,0.0849971696734428
1.0841976863521787,0.0849971771240234,0.0849971696734428
1.0842976953546994,0.0849971771240234,0.0849971696734428
1.0843977043572202,0.0849971771240234,0.0849971696734428
1.0844977133597409,0.0849971771240234,0.0849971696734428
1.0845977223622616,0.0849971771240234,0.0849971696734428
1.0846977313647823,0.0849971771240234,0.0849971696734428
1.0847977403673030,0.0849971771240234,0.0849971696734428
1.0848977493698237,0.0849971771240234,0.0849971696734428
1.0849977583723445,0.0849971771240234,0.0849971696734428
1.0850977673748650,0.0849971771240234,0.0849971696734428
1.0851977763773857,0.0849971771240234,0.0849971696734428
1.0852977853799066,0.0849971771240234,0.0849971696734428
1.0853977943824273,0.0849971696734428,0.0849971696734428
1.0854978033849478,0.0849971696734428,0.0849971696734428
1.0855978123874686,0.0849971696734428,0.0849971696734428
1.0856978213899893,0.0849971696734428,0.0849971696734428
1.0857978303925102,0.0849971696734428,0.0849971696734428
1.0858978393950307,0.0849971696734428,0.0849971696734428
1.0859978483975514,0.0849971696734428,0.0849971696734428
1.0860978574000721,0.0849971696734428,0.0849971696734428
1.0861978664025929,0.0849971696734428,0.0849971696734428
1.0862978754051136,0.0849971696734428,0.0849971696734428
1.0863978844076343,0.0849971696734428,0.0849971696734428
1.0864978934101550,0.0849971696734428,0.0849971696734428
1.0865979024126757,0.0849971696734428,0.0849971696734428
1.0866979114151964,0.0849971696734428,0.0849971696734428
1.0867979204177169,0.0849971696734428,0.0849971696734428
1.0868979294202379,0.0849971696734428,0.0849971696734428
1.0869979384227586,0.0849971696734428,0.0849971696734428
1.0870979474252793,0.0849971696734428,0.0849971696734428
1.0871979564277998,0.0849971696734428,0.0849971696734428
1.0872979654303205,0.0849971696734428,0.0849971696734428
1.0873979744328413,0.0849971696734428,0.0849971696734428
1.0874979834353622,0.0849971696734428,0.0849971696734428
1.0875979924378827,0.0849971696734428,0.0849971696734428
1.0876980014404034,0.0849971696734428,0.0849971696734428
1.0877980104429241,0.0849971696734428,0.0849971696734428
1.0878980194454448,0.0849971696734428,0.0849971696734428
1.0879980284479658,0.0849971696734428,0.0849971696734428
1.0880980374504863,0.0849971696734428,0.0849971696734428
1.0881980464530070,0.0849971696734428,0.0849971696734428
1.0882980554555277,0.0849971696734428,0.0849971696734428
1.0883980644580484,0.0849971696734428,0.0849971696734428
1.0884980734605689,0.0849971696734428,0.0849971696734428
1.0885980824630899,0.0849971696734428,0.0849971696734428
1.0886980914656106,0.0849971696734428,0.0849716812372208
1.0887981004681313,0.0849971696734428,0.0849716812372208
1.0888981094706518,0.0849971696734428,0.0849716663360596
1.0889981184731725,0.0849971696734428,0.0849716812372208
1.0890981274756935,0.0849971696734428,0.0849716812372208
1.0891981364782142,0.0849971696734428,0.0849716812372208
1.0892981454807347,0.0849971696734428,0.0849716663360596
1.0893981544832554,0.0849971696734428,0.0849716663360596
1.0894981634857761,0.0849971696734428,0.0849716663360596
1.0895981724882968,0.0849971696734428,0.0849716663360596
1.0896981814908178,0.0849971696734428,0.0849716663360596
1.0897981904933383,0.0849971696734428,0.0849716812372208
1.0898981994958590,0.0849971696734428,0.0849716812372208
1.0899982084983797,0.0849971696734428,0.0849716663360596
1.0900982175009004,0.0849971696734428,0.0849716663360596
1.0901982265034211,0.0849971696734428,0.0849716663360596
1.0902982355059418,0.0849971696734428,0.0849716663360596
1.0903982445084626,0.0849971696734428,0.0849716812372208
1.0904982535109833,0.0849971696734428,0.0849971696734428
1.0905982625135038,0.0849971696734428,0.0849971696734428
1.0906982715160245,0.0849971696734428,0.0849971696734428
1.0907982805185454,0.0849971696734428,0.0849971696734428
1.0908982895210662,0.0849971696734428,0.0849971696734428
1.0909982985235867,0.0849971696734428,0.0849971696734428
1.0910983075261074,0.0849971696734428,0.0849971696734428
1.0911983165286281,0.0849971696734428,0.0849971696734428
1.0912983255311490,0.0849971696734428,0.0849971696734428
1.0913983345336697,0.0849971696734428,0.0849971696734428
1.0914983435361902,0.0849971696734428,0.0849971696734428
1.0915983525387110,0.0849971696734428,0.0849971696734428
1.0916983615412317,0.0849971696734428,0.0849971696734428
1.0917983705437524,0.0849971696734428,0.0849971696734428
1.0918983795462731,0.0849971696734428,0.0849971696734428
1.0919983885487938,0.0849971696734428,0.0849971696734428
1.0920983975513145,0.0849971696734428,0.0849971696734428
1.0921984065538353,0.0849971696734428,0.0849971696734428
1.0922984155563558,0.0849971696734428,0.0849971696734428
1.0923984245588767,0.0849971696734428,0.0849971696734428
1.0924984335613974,0.0849971696734428,0.0849971696734428
1.0925984425639181,0.0849971696734428,0.0849971696734428
1.0926984515664386,0.0849971696734428,0.0849971696734428
1.0927984605689594,0.0849971696734428,0.0849971696734428
1.0928984695714801,0.0849971696734428,0.0849971696734428
1.0929984785740010,0.0849971696734428,0.0849971696734428
1.0930984875765217,0.0849971696734428,0.0849971696734428
1.0931984965790422,0.0849971696734428,0.0849971696734428
1.0932985055815629,0.0849971696734428,0.0849971696734428
1.0933985145840837,0.0849971696734428,0.0849971696734428
1.0934985235866046,0.0849971696734428,0.0849971696734428
1.0935985325891251,0.0849971696734428,0.0849971696734428
1.0936985415916458,0.0849971696734428,0.0849971696734428
1.0937985505941665,0.0849971696734428,0.0849971696734428
1.0938985595966872,0.0849971696734428,0.0849971696734428
1.0939985685992077,0.0849971696734428,0.0849971696734428
1.0940985776017287,0.0849971696734428,0.0849971696734428
1.0941985866042494,0.0849971696734428,0.0849971696734428
1.0942985956067701,0.0849971696734428,0.0849971696734428
1.0943986046092906,0.0849971696734428,0.0849971696734428
1.0944986136118113,0.0849971696734428,0.0849971696734428
1.0945986226143323,0.0849971696734428,0.0849971696734428
1.0946986316168530,0.0849971696734428,0.0849971696734428
1.0947986406193737,0.0849971696734428,0.0849971696734428
1.0948986496218942,0.0849971696734428,0.0849971696734428
1.0949986586244149,0.0849971696734428,0.0849971696734428
1.0950986676269356,0.0849971696734428,0.0849971696734428
1.0951986766294566,0.0849971696734428,0.0849971696734428
1.0952986856319771,0.0849971696734428,0.0849971696734428
1.0953986946344978,0.0849971696734428,0.0849971696734428
1.0954987036370185,0.0849971696734428,0.0849971696734428
1.0955987126395392,0.0849971696734428,0.0849971696734428
1.0956987216420599,0.0849971696734428,0.0849971696734428
1.0957987306445807,0.0849971696734428,0.0849971696734428
1.0958987396471014,0.0849971696734428,0.0849971696734428
1.0959987486496221,0.0849971696734428,0.0849971696734428
1.0960987576521426,0.0849971696734428,0.0849971696734428
1.0961987666546633,0.0849971696734428,0.0849971696734428
1.0962987756571843,0.0849971696734428,0.0849971696734428
1.0963987846597050,0.0849971696734428,0.0849971696734428
1.0964987936622257,0.0849971696734428,0.0849971696734428
1.0965988026647462,0.0849971696734428,0.0849971696734428
1.0966988116672669,0.0849971696734428,0.0849971696734428
1.0967988206697878,0.0849971696734428,0.0849971696734428
1.0968988296723086,0.0849971696734428,0.0849971696734428
1.0969988386748291,0.0849971696734428,0.0849971696734428
1.0970988476773498,0.0849971696734428,0.0849971696734428
1.0971988566798705,0.0849971696734428,0.0849971696734428
1.0972988656823912,0.0849971696734428,0.0849971696734428
1.0973988746849119,0.0849971696734428,0.0849971696734428
1.0974988836874326,0.0849971696734428,0.0849971696734428
1.0975988926899534,0.0849971696734428,0.0849716812372208
1.0976989016924741,0.0849971696734428,0.0849716663360596
1.0977989106949946,0.0849971696734428,0.0849716812372208
1.0978989196975155,0.0849971696734428,0.0849716663360596
1.0979989287000362,0.0849971696734428,0.0849716663360596
1.0980989377025570,0.0849971696734428,0.0849716663360596
1.0981989467050775,0.0849971696734428,0.0849716663360596
1.0982989557075982,0.0849971696734428,0.0849716663360596
1.0983989647101189,0.0849971696734428,0.0849716663360596
1.0984989737126398,0.0849971696734428,0.0849716663360596
1.0985989827151605,0.0849971696734428,0.0849716663360596
1.0986989917176810,0.0849971696734428,0.0849716663360596
1.0987990007202018,0.0849971696734428,0.0849716663360596
1.0988990097227225,0.0849971696734428,0.0849716663360596
1.0989990187252434,0.0849971696734428,0.0849716663360596
1.0990990277277639,0.0849971696734428,0.0849716663360596
1.0991990367302846,0.0849971696734428,0.0849716663360596
1.0992990457328053,0.0849971696734428,0.0849716812372208
1.0993990547353261,0.0849971696734428,0.0849716663360596
1.0994990637378466,0.0849971696734428,0.0849716812372208
1.0995990727403675,0.0849971696734428,0.0849716812372208
1.0996990817428882,0.0849971696734428,0.0849716663360596
1.0997990907454089,0.0849971696734428,0.0849716812372208
1.0998990997479294,0.0849971696734428,0.0849716663360596
1.0999991087504501,0.0849971696734428,0.0849716812372208
1.1000991177529711,0.0849971696734428,0.0849716812372208
1.1001991267554918,0.0849971696734428,0.0849716663360596
1.1002991357580125,0.0849971696734428,0.0849971696734428
1.1003991447605330,0.0849971696734428,0.0849971696734428
1.1004991537630537,0.0849971696734428,0.0849971696734428
1.1005991627655745,0.0849971696734428,0.0849971696734428
1.1006991717680954,0.0849971696734428,0.0849971696734428
1.1007991807706159,0.0849971696734428,0.0849971696734428
1.1008991897731366,0.0849971696734428,0.0849971696734428
1.1009991987756573,0.0849971696734428,0.0849971696734428
1.1010992077781780,0.0849971696734428,0.0849971696734428
1.1011992167806985,0.0849971696734428,0.0849971696734428
1.1012992257832195,0.0849971696734428,0.0849971696734428
1.1013992347857402,0.0849971696734428,0.0849971696734428
1.1014992437882609,0.0849971696734428,0.0849971696734428
1.1015992527907814,0.0849971696734428,0.0849971696734428
1.1016992617933021,0.0849971696734428,0.0849971696734428
1.1017992707958231,0.0849971696734428,0.0849971696734428
1.1018992797983438,0.0849971696734428,0.0849971696734428
1.1019992888008645,0.0849971696734428,0.0849971696734428
1.1020992978033850,0.0849971696734428,0.0849971696734428
1.1021993068059057,0.0849971696734428,0.0849971696734428
1.1022993158084264,0.0849971696734428,0.0849971696734428
1.1023993248109474,0.0849971696734428,0.0849971696734428
1.1024993338134679,0.0849971696734428,0.0849971696734428
1.1025993428159886,0.0849971696734428,0.0849971696734428
1.1026993518185093,0.0849971696734428,0.0849971696734428
1.1027993608210300,0.0849971696734428,0.0849971696734428
1.1028993698235507,0.0849971696734428,0.0849971696734428
1.1029993788260715,0.0849971696734428,0.0849971696734428
1.1030993878285922,0.0849971696734428,0.0849971696734428
1.1031993968311129,0.0849971696734428,0.0849971696734428
1.1032994058336334,0.0849971696734428,0.0849971696734428
1.1033994148361541,0.0849971696734428,0.0849971696734428
1.1034994238386751,0.0849971696734428,0.0849971696734428
1.1035994328411958,0.0849971696734428,0.0849971696734428
1.1036994418437165,0.0849971696734428,0.0849971696734428
1.1037994508462370,0.0849971696734428,0.0849971696734428
1.1038994598487577,0.0849971696734428,0.0849971696734428
1.1039994688512786,0.0849971696734428,0.0849971696734428
1.1040994778537994,0.0849971696734428,0.0849971696734428
1.1041994868563199,0.0849971696734428,0.0849971696734428
1.1042994958588406,0.0849971696734428,0.0849971696734428
1.1043995048613613,0.0849971696734428,0.0849716663360596
1.1044995138638820,0.0849971696734428,0.0849716663360596
1.1045995228664027,0.0849971696734428,0.0849716663360596
1.1046995318689234,0.0849971696734428,0.0849716663360596
1.1047995408714442,0.0849971696734428,0.0849716663360596
1.1048995498739649,0.0849971696734428,0.0849716663360596
1.1049995588764854,0.0849971696734428,0.0849716663360596
1.1050995678790063,0.0849971696734428,0.0849716812372208
1.1051995768815270,0.0849971696734428,0.0849716812372208
1.1052995858840478,0.0849971696734428,0.0849716663360596
1.1053995948865685,0.0849971696734428,0.0849716663360596
1.1054996038890890,0.0849971696734428,0.0849716663360596
1.1055996128916097,0.0849971696734428,0.0849716663360596
1.1056996218941306,0.0849971696734428,0.0849716663360596
1.1057996308966513,0.0849971696734428,0.0849716663360596
1.1058996398991718,0.0849971696734428,0.0849716663360596
1.1059996489016926,0.0849971696734428,0.0849716812372208
1.1060996579042133,0.0849971696734428,0.0849716663360596
1.1061996669067342,0.0849971696734428,0.0849716663360596
1.1062996759092547,0.0849971696734428,0.0849716812372208
1.1063996849117754,0.0849971696734428,0.0849716663360596
1.1064996939142961,0.0849971696734428,0.0849716663360596
1.1065997029168169,0.0849971696734428,0.0849716812372208
1.1066997119193374,0.0849971696734428,0.0849716663360596
1.1067997209218583,0.0849971696734428,0.0849716663360596
1.1068997299243790,0.0849971696734428,0.0849716663360596
1.1069997389268997,0.0849971696734428,0.0849716663360596
1.1070997479294205,0.0849971696734428,0.0849716663360596
1.1071997569319409,0.0849971696734428,0.0849971696734428
1.1072997659344619,0.0849971696734428,0.0849971696734428
1.1073997749369826,0.0849971696734428,0.0849971696734428
1.1074997839395033,0.0849971696734428,0.0849971696734428
1.1075997929420238,0.0849971696734428,0.0849971696734428
1.1076998019445445,0.0849971696734428,0.0849971696734428
1.1077998109470653,0.0849971696734428,0.0849971696734428
1.1078998199495862,0.0849971696734428,0.0849971696734428
1.1079998289521067,0.0849971696734428,0.0849971696734428
1.1080998379546274,0.0849971696734428,0.0849971696734428
1.1081998469571481,0.0849971696734428,0.0849971696734428
1.1082998559596688,0.0849971696734428,0.0849971696734428
1.1083998649621896,0.0849971696734428,0.0849971696734428
1.1084998739647103,0.0849971696734428,0.0849971696734428
1.1085998829672310,0.0849971696734428,0.0849971696734428
1.1086998919697517,0.0849971696734428,0.0849971696734428
1.1087999009722724,0.0849971696734428,0.0849971696734428
1.1088999099747929,0.0849971696734428,0.0849971696734428
1.1089999189773139,0.0849971696734428,0.0849971696734428
1.1090999279798346,0.0849971696734428,0.0849971696734428
1.1091999369823553,0.0849971696734428,0.0849971696734428
1.1092999459848758,0.0849971696734428,0.0849971696734428
1.1093999549873965,0.0849971696734428,0.0849971696734428
1.1094999639899175,0.0849971696734428,0.0849971696734428
1.1095999729924382,0.0849971696734428,0.0849971696734428
1.1096999819949587,0.0849971696734428,0.0849971696734428
1.1097999909974794,0.0849971696734428,0.0849971696734428
1.1099000000000001,0.0849971696734428,0.0849971696734428
