#timeI (float32)[1],PositionR (float32)[1],PositionZ (float32)[1]
-0.00100000,0.00000000,0.00000000
-0.00089999,0.00000000,0.00000000
-0.00079998,0.00000000,0.00000000
-0.00069997,0.00000000,0.00000000
-0.00059996,0.00000000,0.00000000
-0.00049995,0.00000000,0.00000000
-0.00039995,0.00000000,0.00000000
-0.00029994,0.00000000,0.00000000
-0.00019993,0.08499717,0.08499717
-0.00009992,0.08499717,0.08499717
0.00000009,0.08499717,0.08499717
0.00010010,0.08499716,0.08499717
0.00020011,0.08499716,0.08499717
0.00030012,0.08499716,0.08499717
0.00040013,0.08499717,0.08499717
0.00050014,0.08499717,0.08499717
0.00060014,0.08499717,0.08499716
0.00070015,0.08499717,0.08499716
0.00080016,0.08499714,0.08499716
0.00090017,0.08499710,0.08499716
0.00100018,0.08499708,0.08499715
0.00110019,0.08499706,0.08499713
0.00120020,0.08499704,0.08499711
0.00130021,0.08499701,0.08499710
0.00140022,0.08499698,0.08499707
0.00150023,0.08499688,0.08499704
0.00160023,0.08499681,0.08499699
0.00170024,0.08499674,0.08499693
0.00180025,0.08499666,0.08499686
0.00190026,0.08499658,0.08499672
0.00200027,0.08499642,0.08499664
0.00210028,0.08499633,0.08499652
0.00220029,0.08499620,0.08499634
0.00230030,0.08499609,0.08499625
0.00240031,0.08499606,0.08499616
0.00250032,0.08499599,0.08499610
0.00260032,0.08499600,0.08499606
0.00270033,0.08499597,0.08499605
0.00280034,0.08499597,0.08499605
0.00290035,0.08499607,0.08499569
0.00300036,0.08499604,0.08499616
0.00310037,0.08499610,0.08499580
0.00320038,0.08499607,0.08499606
0.00330039,0.08499607,0.08499608
0.00340040,0.08499610,0.08499602
0.00350041,0.08499607,0.08499597
0.00360041,0.08499611,0.08499593
0.00370042,0.08499610,0.08499568
0.00380043,0.08499610,0.08499571
0.00390044,0.08499600,0.08499566
0.00400045,0.08499586,0.08499588
0.00410046,0.08499581,0.08499572
0.00420047,0.08499572,0.08499584
0.00430048,0.08499576,0.08499584
0.00440049,0.08499570,0.08499593
0.00450049,0.08499563,0.08499605
0.00460050,0.08499561,0.08499611
0.00470051,0.08499610,0.08499722
0.00480052,0.08499555,0.08499606
0.00490053,0.08499603,0.08499701
0.00500054,0.08499654,0.08499709
0.00510055,0.08499864,0.08499683
0.00520056,0.08499961,0.08499719
0.00530057,0.08499999,0.08499700
0.00540058,0.08499976,0.08499638
0.00550059,0.08499970,0.08499634
0.00560059,0.08499967,0.08499611
0.00570060,0.08499967,0.08499604
0.00580061,0.08499955,0.08495961
0.00590062,0.08499938,0.08495925
0.00600063,0.08499891,0.08496044
0.00610064,0.05844944,0.03228306
0.00620065,0.05608984,0.02923614
0.00630066,0.05425699,0.02713274
0.00640067,0.05036474,0.02570658
0.00650068,0.04461254,0.02293414
0.00660068,0.04128829,0.02001514
0.00670069,0.03650608,0.01719605
0.00680070,0.03410656,0.01478398
0.00690071,0.03268341,0.01285517
0.00700072,0.03116841,0.01151977
0.00710073,0.02893525,0.00981776
0.00720074,0.02771107,0.00901049
0.00730075,0.02713162,0.00848593
0.00740076,0.02663428,0.00791492
0.00750077,0.02570336,0.00752531
0.00760077,0.02473444,0.00696276
0.00770078,0.02574081,0.00651353
0.00780079,0.02539648,0.00597580
0.00790080,0.02493821,0.00563485
0.00800081,0.02468025,0.00510781
0.00810082,0.02672777,0.00527913
0.00820083,0.02658376,0.00482891
0.00830084,0.02454726,0.00435704
0.00840085,0.02613460,0.00378032
0.00850086,0.02450137,0.00313279
0.00860086,0.02310095,0.00240771
0.00870087,0.02351421,0.00220040
0.00880088,0.02285402,0.00161659
0.00890089,0.02253505,0.00127895
0.00900090,0.02207565,0.00077735
0.00910091,0.02106552,0.00038831
0.00920092,0.02000146,0.00009817
0.00930093,0.01934757,0.00013138
0.00940094,0.01947625,-0.00028926
0.00950095,0.01884428,-0.00053339
0.00960095,0.01804490,-0.00061565
0.00970096,0.01765335,-0.00058361
0.00980097,0.01743300,-0.00107409
0.00990098,0.01819828,-0.00183850
0.01000099,0.01706886,-0.00144143
0.01010100,0.01597486,-0.00154334
0.01020101,0.01668693,-0.00181100
0.01030102,0.01705190,-0.00191053
0.01040103,0.01580233,-0.00159745
0.01050104,0.01625249,-0.00131116
0.01060104,0.01526120,-0.00123276
0.01070105,0.01505557,-0.00098374
0.01080106,0.01490130,-0.00064922
0.01090107,0.01516677,-0.00056045
0.01100108,0.01486161,-0.00055462
0.01110109,0.01441595,-0.00031115
0.01120110,0.01380383,-0.00016722
0.01130111,0.01404374,-0.00021799
0.01140112,0.01274015,-0.00013698
0.01150113,0.01344564,-0.00004647
0.01160113,0.01271791,0.00057352
0.01170114,0.01248698,0.00039341
0.01180115,0.01273682,0.00026947
0.01190116,0.01234973,-0.00001768
0.01200117,0.01194311,-0.00007347
0.01210118,0.01133124,0.00013624
0.01220119,0.01010245,-0.00008325
0.01230120,0.01134886,-0.00003689
0.01240121,0.01244055,0.00012770
0.01250121,0.01284355,0.00051613
0.01260122,0.01236257,0.00044974
0.01270123,0.01238581,0.00030736
0.01280124,0.01247008,0.00037091
0.01290125,0.01268108,-0.00004150
0.01300126,0.01201085,0.00024323
0.01310127,0.01148359,-0.00031513
0.01320128,0.01162970,-0.00043379
0.01330129,0.01248293,-0.00028634
0.01340130,0.01045148,-0.00027462
0.01350131,0.01136616,-0.00063341
0.01360131,0.01211577,-0.00046532
0.01370132,0.01082818,0.00005732
0.01380133,0.01161174,-0.00032094
0.01390134,0.01123865,0.00022834
0.01400135,0.01158953,0.00006753
0.01410136,0.01140281,-0.00009234
0.01420137,0.01056526,-0.00000117
0.01430138,0.01132202,-0.00035875
0.01440139,0.01203180,-0.00025182
0.01450140,0.01147873,-0.00012544
0.01460140,0.01056989,0.00027824
0.01470141,0.01142694,0.00024209
0.01480142,0.01128261,0.00005262
0.01490143,0.01000143,0.00023393
0.01500144,0.01115179,-0.00029962
0.01510145,0.01116346,-0.00046571
0.01520146,0.00968091,-0.00035036
0.01530147,0.01007529,0.00009751
0.01540148,0.01165384,-0.00029923
0.01550149,0.01069640,-0.00025886
0.01560149,0.01110505,0.00017678
0.01570150,0.01048166,-0.00054944
0.01580151,0.01038322,-0.00012843
0.01590152,0.01028190,-0.00011455
0.01600153,0.01020009,0.00037914
0.01610154,0.00953995,-0.00045248
0.01620155,0.00950394,-0.00013556
0.01630156,0.01011105,-0.00054770
0.01640157,0.01064675,-0.00073226
0.01650158,0.00973109,-0.00032529
0.01660159,0.01076445,-0.00029077
0.01670159,0.01114301,-0.00045677
0.01680160,0.01017668,-0.00041724
0.01690161,0.01079069,-0.00085691
0.01700162,0.00893556,-0.00039773
0.01710163,0.00977280,-0.00042243
0.01720164,0.01048379,-0.00047195
0.01730165,0.01097177,-0.00064750
0.01740166,0.01006995,-0.00003483
0.01750167,0.01022904,-0.00025478
0.01760168,0.01096184,-0.00004689
0.01770168,0.01070787,0.00023491
0.01780169,0.01053814,0.00014200
0.01790170,0.01137907,-0.00026756
0.01800171,0.01135929,-0.00002811
0.01810172,0.01100975,-0.00033498
0.01820173,0.01055171,0.00019762
0.01830174,0.01078867,0.00004167
0.01840175,0.01100926,0.00011532
0.01850175,0.01078985,-0.00046581
0.01860176,0.01124458,-0.00007991
0.01870177,0.01070606,-0.00002651
0.01880178,0.01141355,-0.00038418
0.01890179,0.01151561,-0.00022697
0.01900180,0.01257182,-0.00003037
0.01910181,0.01303905,-0.00016333
0.01920182,0.01298298,0.00005282
0.01930183,0.01311340,0.00010847
0.01940184,0.01445163,-0.00014137
0.01950185,0.01393742,-0.00035787
0.01960185,0.01523086,-0.00023167
0.01970186,0.01421959,0.00007912
0.01980187,0.01407014,-0.00021052
0.01990188,0.01398533,0.00003076
0.02000189,0.01347476,0.00000219
0.02010190,0.01328230,-0.00051119
0.02020191,0.01425133,-0.00071768
0.02030192,0.01431505,-0.00072781
0.02040193,0.01372919,-0.00057893
0.02050194,0.01407122,-0.00066294
0.02060194,0.01303031,0.00007312
0.02070195,0.01254963,0.00013923
0.02080196,0.01338170,0.00014506
0.02090197,0.01366468,0.00031258
0.02100198,0.01374142,0.00051481
0.02110199,0.01397515,0.00055027
0.02120200,0.01322864,0.00060253
0.02130201,0.01352928,0.00055242
0.02140202,0.01433437,-0.00011527
0.02150203,0.01453119,-0.00026751
0.02160204,0.01559462,0.00002194
0.02170204,0.01398960,0.00035988
0.02180205,0.01364725,-0.00045910
0.02190206,0.01357996,-0.00015167
0.02200207,0.01331378,-0.00032169
0.02210208,0.01423881,-0.00025470
0.02220209,0.01556449,-0.00046297
0.02230210,0.01541715,-0.00019720
0.02240211,0.01508269,0.00016285
0.02250212,0.01564267,-0.00004608
0.02260213,0.01562366,-0.00017754
0.02270213,0.01547269,-0.00035786
0.02280214,0.01447294,0.00003947
0.02290215,0.01518208,0.00035468
0.02300216,0.01425434,0.00025466
0.02310217,0.01377227,-0.00019160
0.02320218,0.01476198,-0.00018080
0.02330219,0.01467478,-0.00014365
0.02340220,0.01536657,0.00009169
0.02350220,0.01491651,-0.00020664
0.02360221,0.01498355,-0.00036307
0.02370222,0.01448100,-0.00024254
0.02380223,0.01450068,-0.00041511
0.02390224,0.01402839,-0.00006881
0.02400225,0.01535373,-0.00004770
0.02410226,0.01459840,-0.00012272
0.02420227,0.01420589,0.00002533
0.02430228,0.01448094,0.00025787
0.02440229,0.01355970,0.00008109
0.02450230,0.01463122,0.00036624
0.02460230,0.01436140,0.00031719
0.02470231,0.01480828,0.00000780
0.02480232,0.01576362,0.00003066
0.02490233,0.01522120,-0.00014056
0.02500234,0.01570359,-0.00024199
0.02510235,0.01652233,-0.00025038
0.02520236,0.01499183,0.00000625
0.02530237,0.01630348,-0.00024447
0.02540238,0.01567451,-0.00024553
0.02550239,0.01691859,-0.00000286
0.02560239,0.01591812,0.00011625
0.02570240,0.01559935,0.00020728
0.02580241,0.01653148,0.00019132
0.02590242,0.01593217,-0.00010237
0.02600243,0.01712745,-0.00001385
0.02610244,0.01681916,-0.00003241
0.02620245,0.01711145,0.00019908
0.02630246,0.01670190,0.00003203
0.02640247,0.01599956,0.00002678
0.02650248,0.01685274,-0.00005954
0.02660248,0.01502937,-0.00015752
0.02670249,0.01523017,-0.00012980
0.02680250,0.01556142,-0.00048900
0.02690251,0.01494541,-0.00015897
0.02700252,0.01631567,-0.00022193
0.02710253,0.01547105,-0.00029499
0.02720254,0.01493521,-0.00036205
0.02730255,0.01561060,-0.00005870
0.02740256,0.01578128,-0.00007559
0.02750257,0.01691234,-0.00012056
0.02760258,0.01613263,0.00011540
0.02770258,0.01667855,0.00017299
0.02780259,0.01614394,0.00023304
0.02790260,0.01565292,-0.00008939
0.02800261,0.01567312,0.00019622
0.02810262,0.01649764,-0.00017657
0.02820263,0.01622652,0.00004462
0.02830264,0.01691393,-0.00008284
0.02840265,0.01655265,-0.00013787
0.02850266,0.01723031,-0.00023991
0.02860266,0.01714274,-0.00037661
0.02870267,0.01655082,-0.00027302
0.02880268,0.01606589,-0.00005673
0.02890269,0.01505277,0.00030603
0.02900270,0.01611735,0.00027737
0.02910271,0.01648486,-0.00002561
0.02920272,0.01606213,0.00032367
0.02930273,0.01530719,0.00039417
0.02940274,0.01576046,0.00057992
0.02950275,0.01690194,0.00021249
0.02960275,0.01617368,0.00026293
0.02970276,0.01601418,-0.00000908
0.02980277,0.01651875,-0.00010006
0.02990278,0.01548280,-0.00006101
0.03000279,0.01565952,0.00004923
0.03010280,0.01482829,-0.00020464
0.03020281,0.01547201,-0.00011383
0.03030282,0.01550315,-0.00028418
0.03040283,0.01454946,-0.00019025
0.03050284,0.01313637,-0.00032643
0.03060284,0.01164993,-0.00017412
0.03070285,0.01181741,-0.00014744
0.03080286,0.01243472,-0.00061759
0.03090287,0.01185837,-0.00040825
0.03100288,0.01246040,-0.00088173
0.03110289,0.01207864,-0.00069467
0.03120290,0.01282162,-0.00115360
0.03130291,0.01193209,-0.00108298
0.03140292,0.01252806,-0.00057165
0.03150293,0.01367333,-0.00088488
0.03160293,0.01550016,-0.00128467
0.03170294,0.01370332,-0.00142817
0.03180295,0.01200650,-0.00161826
0.03190296,0.00788760,-0.00100964
0.03200297,0.00210086,-0.00044061
0.03210298,-0.00205129,-0.00132221
0.03220299,0.08499718,0.08497069
0.03230300,0.08499725,0.08499699
0.03240301,0.08499710,0.08499698
0.03250302,0.08499696,0.08499657
0.03260302,0.08499725,0.08499595
0.03270303,0.08499714,0.08495608
0.03280304,0.08499749,0.01650157
0.03290305,0.08499748,0.01686836
0.03300306,0.08499729,0.01809187
0.03310307,0.08499771,0.08494335
0.03320308,0.08499896,0.08499433
0.03330309,0.08499812,0.08499433
0.03340310,0.08499787,0.08499433
0.03350311,0.08499721,0.08499488
0.03360312,0.08499716,0.08499548
0.03370313,0.08499713,0.08499602
0.03380313,0.08499715,0.08499625
0.03390314,0.08499711,0.08499641
0.03400315,0.08499713,0.08499657
0.03410316,0.08499716,0.08499669
0.03420317,0.08499721,0.08499671
0.03430318,0.08499722,0.08499680
0.03440319,0.08499724,0.08499681
0.03450320,0.08499724,0.08499683
0.03460321,0.08499725,0.08499689
0.03470321,0.08499724,0.08499690
0.03480322,0.08499725,0.08499689
0.03490323,0.08499725,0.08499692
0.03500324,0.08499725,0.08499691
0.03510325,0.08499726,0.08499692
0.03520326,0.08499726,0.08499692
0.03530327,0.08499726,0.08499691
0.03540328,0.08499726,0.08499692
0.03550328,0.08499724,0.08499693
0.03560329,0.08499727,0.08499690
0.03570330,0.08499727,0.08499691
0.03580331,0.08499726,0.08499693
0.03590332,0.08499727,0.08499692
0.03600333,0.08499728,0.08499692
0.03610334,0.08499727,0.08499692
0.03620335,0.08499727,0.08499692
0.03630336,0.08499728,0.08499691
0.03640337,0.08499727,0.08499691
0.03650338,0.08499729,0.08499694
0.03660339,0.08499728,0.08499690
0.03670340,0.08499729,0.08499692
0.03680340,0.08499728,0.08499694
0.03690341,0.08499728,0.08499694
0.03700342,0.08499728,0.08499693
0.03710343,0.08499727,0.08499696
0.03720344,0.08499728,0.08499692
0.03730345,0.08499729,0.08499693
0.03740346,0.08499727,0.08499697
0.03750347,0.08499727,0.08499697
0.03760347,0.08499728,0.08499695
0.03770348,0.08499728,0.08499695
0.03780349,0.08499727,0.08499699
0.03790350,0.08499727,0.08499695
0.03800351,0.08499727,0.08499695
0.03810352,0.08499727,0.08499695
0.03820353,0.08499727,0.08499699
0.03830354,0.08499727,0.08499695
0.03840355,0.08499727,0.08499698
0.03850356,0.08499727,0.08499699
0.03860357,0.08499727,0.08499700
0.03870358,0.08499727,0.08499701
0.03880358,0.08499727,0.08499699
0.03890359,0.08499727,0.08499700
0.03900360,0.08499725,0.08499700
0.03910361,0.08499724,0.08499701
0.03920362,0.08499726,0.08499700
0.03930363,0.08499725,0.08499702
0.03940364,0.08499724,0.08499702
0.03950365,0.08499724,0.08499703
0.03960366,0.08499724,0.08499703
0.03970366,0.08499724,0.08499703
0.03980367,0.08499724,0.08499703
0.03990368,0.08499725,0.08499703
0.04000369,0.08499724,0.08499703
0.04010370,0.08499724,0.08499702
0.04020371,0.08499724,0.08499703
0.04030372,0.08499723,0.08499704
0.04040373,0.08499724,0.08499704
0.04050373,0.08499724,0.08499704
0.04060374,0.08499724,0.08499704
0.04070375,0.08499724,0.08499704
0.04080376,0.08499724,0.08499705
0.04090377,0.08499724,0.08499704
0.04100378,0.08499723,0.08499705
0.04110379,0.08499724,0.08499705
0.04120380,0.08499723,0.08499705
0.04130381,0.08499723,0.08499706
0.04140382,0.08499723,0.08499705
0.04150383,0.08499722,0.08499705
0.04160384,0.08499724,0.08499706
0.04170385,0.08499724,0.08499707
0.04180385,0.08499723,0.08499707
0.04190386,0.08499723,0.08499707
0.04200387,0.08499722,0.08499707
0.04210388,0.08499722,0.08499707
0.04220389,0.08499722,0.08499707
0.04230390,0.08499722,0.08499707
0.04240391,0.08499723,0.08499707
0.04250392,0.08499722,0.08499707
0.04260392,0.08499722,0.08499708
0.04270393,0.08499722,0.08499707
0.04280394,0.08499721,0.08499707
0.04290395,0.08499721,0.08499708
0.04300396,0.08499721,0.08499708
0.04310397,0.08499722,0.08499708
0.04320398,0.08499721,0.08499708
0.04330399,0.08499721,0.08499708
0.04340400,0.08499721,0.08499708
0.04350401,0.08499721,0.08499709
0.04360402,0.08499721,0.08499708
0.04370403,0.08499722,0.08499709
0.04380403,0.08499721,0.08499709
0.04390404,0.08499721,0.08499709
0.04400405,0.08499721,0.08499710
0.04410406,0.08499721,0.08499709
0.04420407,0.08499720,0.08499710
0.04430408,0.08499721,0.08499710
0.04440409,0.08499721,0.08499710
0.04450410,0.08499720,0.08499710
0.04460411,0.08499721,0.08499710
0.04470411,0.08499721,0.08499710
0.04480412,0.08499721,0.08499710
0.04490413,0.08499721,0.08499710
0.04500414,0.08499721,0.08499710
0.04510415,0.08499721,0.08499710
0.04520416,0.08499721,0.08499710
0.04530417,0.08499721,0.08499710
0.04540418,0.08499720,0.08499710
0.04550418,0.08499720,0.08499710
0.04560419,0.08499721,0.08499710
0.04570420,0.08499721,0.08499710
0.04580421,0.08499721,0.08499711
0.04590422,0.08499720,0.08499710
0.04600423,0.08499721,0.08499711
0.04610424,0.08499721,0.08499711
0.04620425,0.08499721,0.08499711
0.04630426,0.08499720,0.08499711
0.04640427,0.08499720,0.08499711
0.04650428,0.08499720,0.08499711
0.04660429,0.08499721,0.08499711
0.04670429,0.08499720,0.08499711
0.04680430,0.08499720,0.08499711
0.04690431,0.08499720,0.08499711
0.04700432,0.08499720,0.08499711
0.04710433,0.08499720,0.08499711
0.04720434,0.08499720,0.08499711
0.04730435,0.08499720,0.08499712
0.04740436,0.08499720,0.08499712
0.04750437,0.08499719,0.08499712
0.04760437,0.08499720,0.08499712
0.04770438,0.08499719,0.08499712
0.04780439,0.08499718,0.08499712
0.04790440,0.08499718,0.08499713
0.04800441,0.08499718,0.08499714
0.04810442,0.08499719,0.08499713
0.04820443,0.08499720,0.08499710
0.04830444,0.08499721,0.08499712
0.04840445,0.08499727,0.08499721
0.04850446,0.08499736,0.08499732
0.04860447,0.08499744,0.08499744
0.04870448,0.08499750,0.08499761
0.04880448,0.08499758,0.08499786
0.04890449,0.08499765,0.08499792
0.04900450,0.08499774,0.08499806
0.04910451,0.08499782,0.08499832
0.04920452,0.08499783,0.08499849
0.04930453,0.08499785,0.08499876
0.04940454,0.08499788,0.08499906
0.04950455,0.08499792,0.08499914
0.04960456,0.08499813,0.08499936
0.04970456,0.08499832,0.08499963
0.04980457,0.08499837,0.08499959
0.04990458,0.08499833,0.08499949
0.05000459,0.08499854,0.08499960
0.05010460,0.08499839,0.08499946
0.05020461,0.08499864,0.08499967
0.05030462,0.08499850,0.08499976
0.05040463,0.08499905,0.08499985
0.05050463,0.08499870,0.08499993
0.05060464,0.08499871,0.08499987
0.05070465,0.08499876,0.08499999
0.05080466,0.08499830,0.08499912
0.05090467,0.08499805,0.08499870
0.05100468,0.08499769,0.08499771
0.05110469,0.08499797,0.08497656
0.05120470,-0.00763386,0.02503256
0.05130471,0.00226915,0.01907000
0.05140472,0.01157069,0.01400821
0.05150473,0.01833437,0.00987217
0.05160474,0.02207494,0.00649800
0.05170474,0.02348585,0.00497677
0.05180475,0.02354976,0.00345094
0.05190476,0.02286595,0.00310490
0.05200477,0.02205176,0.00254248
0.05210478,0.02129048,0.00191566
0.05220479,0.02070599,0.00166634
0.05230480,0.02115158,0.00145360
0.05240481,0.02122657,0.00125269
0.05250482,0.02186807,0.00073154
0.05260482,0.02198565,0.00061599
0.05270483,0.02464372,0.00021926
0.05280484,0.02442207,-0.00019091
0.05290485,0.02604983,-0.00050304
0.05300486,0.02605410,-0.00092533
0.05310487,0.02823027,-0.00146301
0.05320488,0.02859432,-0.00179113
0.05330489,0.03126724,-0.00252667
0.05340490,0.02239089,-0.00147439
0.05350491,0.02363542,-0.00081044
0.05360492,0.02268085,-0.00044692
0.05370493,0.02393539,-0.00054854
0.05380493,0.02273917,-0.00015318
0.05390494,0.02109483,0.00009938
0.05400495,0.02305184,-0.00003257
0.05410496,0.02149021,0.00057396
0.05420497,0.02335137,0.00076454
0.05430498,0.02127434,0.00099246
0.05440499,0.02288656,0.00090913
0.05450500,0.02195576,0.00095193
0.05460501,0.02367521,0.00077065
0.05470501,0.02254102,0.00070866
0.05480502,0.02394033,0.00025896
0.05490503,0.02271408,0.00063216
0.05500504,0.02425008,0.00001991
0.05510505,0.02288462,0.00000970
0.05520506,0.02029008,0.00039746
0.05530507,0.02150142,0.00023917
0.05540508,0.02009897,0.00014890
0.05550508,0.02044547,0.00053931
0.05560509,0.01816777,0.00061794
0.05570510,0.01829723,0.00075095
0.05580511,0.01852648,0.00059905
0.05590512,0.01569745,0.00053587
0.05600513,0.01658116,0.00032110
0.05610514,0.01591352,0.00038990
0.05620515,0.01688365,0.00006584
0.05630516,0.01567011,-0.00003337
0.05640517,0.01628507,0.00028010
0.05650518,0.01651508,-0.00014223
0.05660519,0.01495340,0.00001284
0.05670519,0.01673895,-0.00040961
0.05680520,0.01464221,-0.00035450
0.05690521,0.01343286,-0.00034475
0.05700522,0.01266029,-0.00030712
0.05710523,0.01365740,-0.00044512
0.05720524,0.01225257,-0.00008331
0.05730525,0.01249214,0.00004290
0.05740526,0.01222436,0.00013655
0.05750527,0.01044609,0.00034623
0.05760527,0.00952591,0.00023145
0.05770528,0.00930422,0.00027134
0.05780529,0.00833162,0.00037074
0.05790530,0.00962940,0.00021531
0.05800531,0.01015588,0.00004422
0.05810532,0.00992271,0.00023482
0.05820533,0.00651119,0.00065181
0.05830534,0.00362058,0.00062338
0.05840535,0.00228291,0.00068932
0.05850536,0.00012769,0.00086437
0.05860537,0.00072585,0.00066895
0.05870538,0.00138537,0.00008202
0.05880538,0.00182917,0.00017940
0.05890539,0.00102797,0.00028572
0.05900540,0.00042061,0.00043797
0.05910541,-0.00019584,0.00019093
0.05920542,0.00020119,0.00008405
0.05930543,0.00101749,-0.00027512
0.05940544,0.00028430,0.00006057
0.05950545,0.00007714,0.00001834
0.05960546,0.00099188,-0.00043219
0.05970546,0.00182909,-0.00054288
0.05980547,0.00227031,-0.00085152
0.05990548,0.00314217,-0.00086254
0.06000549,0.00277339,-0.00107574
0.06010550,0.00297788,-0.00104264
0.06020551,0.00329848,-0.00120694
0.06030552,0.00305432,-0.00111706
0.06040553,0.00360310,-0.00098512
0.06050554,0.00399188,-0.00074311
0.06060555,0.00427735,-0.00061459
0.06070555,0.00339478,-0.00039899
0.06080556,0.00367199,-0.00029590
0.06090557,0.00447058,-0.00024680
0.06100558,0.00521790,-0.00023130
0.06110559,0.00584635,-0.00010262
0.06120560,0.00594216,0.00013050
0.06130561,0.00603053,0.00011650
0.06140562,0.00633446,0.00018297
0.06150563,0.00646954,0.00005282
0.06160564,0.00642666,-0.00008785
0.06170564,0.00697928,-0.00022661
0.06180565,0.00733001,-0.00027646
0.06190566,0.00759910,-0.00017302
0.06200567,0.00727729,-0.00045973
0.06210568,0.00719265,-0.00030618
0.06220569,0.00680327,-0.00026547
0.06230570,0.00838525,-0.00010262
0.06240571,0.00792808,-0.00010614
0.06250572,0.00755179,0.00001617
0.06260572,0.00781032,0.00007713
0.06270573,0.00831742,0.00008746
0.06280574,0.00815135,0.00032982
0.06290575,0.00755748,0.00034749
0.06300576,0.00839020,-0.00001405
0.06310577,0.00905409,-0.00035818
0.06320578,0.00958108,-0.00019311
0.06330579,0.00945023,-0.00039602
0.06340580,0.00865448,-0.00035484
0.06350581,0.00934751,-0.00035974
0.06360582,0.00876951,-0.00035704
0.06370583,0.00983333,-0.00056301
0.06380583,0.01021805,-0.00050731
0.06390584,0.01059928,-0.00039728
0.06400585,0.00982363,-0.00036273
0.06410586,0.01185207,-0.00034466
0.06420587,0.01031667,-0.00010715
0.06430588,0.01066114,0.00004113
0.06440589,0.01146645,-0.00022077
0.06450590,0.01018724,-0.00005402
0.06460590,0.01132192,0.00027548
0.06470592,0.01117969,0.00016865
0.06480592,0.01231112,0.00018806
0.06490593,0.01183083,-0.00003728
0.06500594,0.01112975,0.00006961
0.06510595,0.01197529,0.00004012
0.06520596,0.01136777,-0.00025335
0.06530597,0.01252074,-0.00024959
0.06540598,0.01342789,-0.00030593
0.06550599,0.01353863,-0.00013439
0.06560600,0.01320786,0.00002279
0.06570600,0.01298627,0.00000651
0.06580602,0.01199926,-0.00004955
0.06590602,0.01295048,0.00042322
0.06600603,0.01242533,0.00001482
0.06610604,0.01378589,0.00003414
0.06620605,0.01367823,0.00007138
0.06630606,0.01401793,-0.00020768
0.06640607,0.01400586,-0.00028329
0.06650607,0.01389467,-0.00043520
0.06660609,0.01355449,-0.00031387
0.06670609,0.01392458,-0.00065886
0.06680611,0.01507661,-0.00079396
0.06690611,0.01493037,-0.00070636
0.06700612,0.01479953,-0.00037770
0.06710613,0.01345448,-0.00023688
0.06720614,0.01363699,-0.00033230
0.06730615,0.01467377,-0.00008164
0.06740616,0.01362585,-0.00007923
0.06750616,0.01469692,0.00000717
0.06760618,0.01439537,0.00020649
0.06770618,0.01472874,-0.00002452
0.06780619,0.01563439,-0.00007812
0.06790620,0.01601423,-0.00012090
0.06800621,0.01703979,-0.00027644
0.06810622,0.01582387,-0.00015961
0.06820623,0.01676383,-0.00045539
0.06830624,0.01693298,-0.00019113
0.06840625,0.01783391,-0.00041813
0.06850626,0.01639017,-0.00016232
0.06860626,0.01530721,0.00007557
0.06870628,0.01595934,-0.00017340
0.06880628,0.01617469,-0.00015973
0.06890630,0.01677009,0.00002752
0.06900630,0.01613377,0.00015350
0.06910631,0.01541725,0.00039527
0.06920632,0.01665820,0.00040148
0.06930633,0.01878578,0.00005727
0.06940634,0.01699295,0.00022685
0.06950635,0.01730018,-0.00002800
0.06960635,0.01852642,-0.00001944
0.06970637,0.01811572,0.00002305
0.06980637,0.01852812,-0.00034448
0.06990638,0.01893865,-0.00024344
0.07000639,0.01890800,-0.00038583
0.07010640,0.01883108,-0.00046973
0.07020641,0.01856680,-0.00026962
0.07030642,0.01887685,-0.00060016
0.07040643,0.01883409,-0.00043854
0.07050644,0.01964409,-0.00059127
0.07060645,0.01843295,-0.00018156
0.07070645,0.01865241,-0.00007086
0.07080647,0.01859071,0.00012036
0.07090647,0.01747693,0.00024953
0.07100648,0.01922799,0.00021350
0.07110649,0.01782705,0.00055984
0.07120650,0.01915826,0.00033676
0.07130651,0.01811483,0.00057284
0.07140652,0.01781398,0.00052388
0.07150652,0.01874278,0.00040768
0.07160654,0.01748087,0.00007632
0.07170654,0.01964289,-0.00015487
0.07180656,0.02013282,-0.00021937
0.07190656,0.02044117,-0.00027409
0.07200657,0.01906709,0.00006382
0.07210658,0.01806241,0.00022568
0.07220659,0.01793816,0.00024801
0.07230660,0.01747627,0.00051499
0.07240661,0.01819337,0.00037056
0.07250661,0.01700298,0.00012032
0.07260663,0.01808749,0.00039553
0.07270663,0.01785026,0.00025060
0.07280664,0.01749326,0.00048786
0.07290665,0.01714473,0.00025093
0.07300666,0.01771808,0.00039728
0.07310667,0.01904337,0.00011130
0.07320668,0.01792172,0.00017569
0.07330669,0.01693893,0.00016568
0.07340670,0.01822828,-0.00024914
0.07350671,0.01759911,-0.00050028
0.07360671,0.01770342,-0.00021764
0.07370673,0.01772053,-0.00040639
0.07380673,0.01880569,-0.00055020
0.07390675,0.01828658,-0.00033457
0.07400675,0.01778984,-0.00014043
0.07410676,0.01782531,0.00018587
0.07420677,0.01773843,0.00018008
0.07430678,0.01821422,0.00029001
0.07440679,0.01779627,0.00040218
0.07450680,0.01836023,0.00038528
0.07460680,0.01777700,0.00032184
0.07470682,0.01673198,0.00073461
0.07480682,0.01681720,0.00042660
0.07490683,0.01577127,0.00026696
0.07500684,0.01674358,0.00014393
0.07510685,0.01713671,-0.00015439
0.07520686,0.01707203,-0.00005784
0.07530687,0.01670871,0.00031928
0.07540688,0.01645368,0.00006298
0.07550689,0.01601519,0.00011985
0.07560690,0.01372057,0.00029296
0.07570690,0.01285725,0.00031432
0.07580692,0.01288243,0.00003945
0.07590692,0.01166038,-0.00020123
0.07600694,0.01273075,-0.00035317
0.07610694,0.01183646,-0.00055996
0.07620695,0.01213219,-0.00057850
0.07630696,0.01100862,-0.00069257
0.07640697,0.01190662,-0.00104344
0.07650697,0.01137264,-0.00084404
0.07660699,0.01186084,-0.00096646
0.07670699,0.01192715,-0.00093773
0.07680701,0.01332726,-0.00255021
0.07690701,0.01092379,-0.00158690
0.07700702,0.00723368,-0.00170200
0.07710703,0.00235484,-0.00259214
0.07720704,-0.00463267,-0.00331342
0.07730705,0.08499710,0.08497173
0.07740706,0.08499713,0.08497134
0.07750706,0.08499712,0.08499697
0.07760708,0.08499704,0.08499686
0.07770708,0.08499726,0.08499589
0.07780709,0.08499714,0.08499561
0.07790710,0.08499744,0.01584089
0.07800711,0.08499761,0.01624811
0.07810712,0.08499718,0.01654508
0.07820713,0.08499777,0.01678505
0.07830714,0.08499975,0.08499433
0.07840715,0.08499887,0.08499433
0.07850716,0.08499791,0.08499433
0.07860716,0.08499780,0.08499479
0.07870718,0.08499781,0.08499527
0.07880718,0.08499753,0.08499578
0.07890720,0.08499747,0.08499613
0.07900720,0.08499747,0.08499634
0.07910721,0.08499739,0.08499652
0.07920722,0.08499742,0.08499661
0.07930723,0.08499734,0.08499666
0.07940724,0.08499729,0.08499669
0.07950725,0.08499724,0.08499678
0.07960725,0.08499728,0.08499681
0.07970727,0.08499723,0.08499680
0.07980727,0.08499725,0.08499680
0.07990728,0.08499724,0.08499684
0.08000729,0.08499724,0.08499686
0.08010730,0.08499722,0.08499681
0.08020731,0.08499722,0.08499683
0.08030732,0.08499724,0.08499686
0.08040733,0.08499723,0.08499685
0.08050734,0.08499725,0.08499683
0.08060735,0.08499724,0.08499686
0.08070735,0.08499727,0.08499686
0.08080737,0.08499726,0.08499684
0.08090737,0.08499725,0.08499685
0.08100739,0.08499726,0.08499687
0.08110739,0.08499728,0.08499682
0.08120740,0.08499727,0.08499682
0.08130741,0.08499728,0.08499680
0.08140742,0.08499725,0.08499684
0.08150742,0.08499730,0.08499678
0.08160744,0.08499729,0.08499680
0.08170744,0.08499730,0.08499680
0.08180746,0.08499730,0.08499683
0.08190746,0.08499728,0.08499677
0.08200747,0.08499730,0.08499682
0.08210748,0.08499732,0.08499681
0.08220749,0.08499729,0.08499683
0.08230750,0.08499728,0.08499685
0.08240751,0.08499729,0.08499685
0.08250751,0.08499731,0.08499680
0.08260753,0.08499729,0.08499683
0.08270753,0.08499732,0.08499683
0.08280754,0.08499730,0.08499686
0.08290755,0.08499732,0.08499684
0.08300756,0.08499730,0.08499689
0.08310757,0.08499730,0.08499688
0.08320758,0.08499729,0.08499689
0.08330759,0.08499730,0.08499688
0.08340760,0.08499728,0.08499689
0.08350761,0.08499731,0.08499690
0.08360761,0.08499729,0.08499689
0.08370763,0.08499728,0.08499693
0.08380763,0.08499730,0.08499689
0.08390765,0.08499730,0.08499693
0.08400765,0.08499729,0.08499692
0.08410766,0.08499728,0.08499694
0.08420767,0.08499730,0.08499694
0.08430768,0.08499728,0.08499698
0.08440769,0.08499728,0.08499696
0.08450770,0.08499727,0.08499697
0.08460770,0.08499729,0.08499698
0.08470772,0.08499729,0.08499698
0.08480772,0.08499727,0.08499703
0.08490773,0.08499727,0.08499699
0.08500774,0.08499727,0.08499699
0.08510775,0.08499726,0.08499701
0.08520776,0.08499727,0.08499700
0.08530777,0.08499727,0.08499700
0.08540778,0.08499726,0.08499701
0.08550779,0.08499727,0.08499700
0.08560780,0.08499726,0.08499703
0.08570780,0.08499727,0.08499702
0.08580782,0.08499725,0.08499704
0.08590782,0.08499726,0.08499704
0.08600784,0.08499726,0.08499704
0.08610784,0.08499724,0.08499704
0.08620785,0.08499724,0.08499704
0.08630786,0.08499725,0.08499704
0.08640787,0.08499725,0.08499706
0.08650787,0.08499724,0.08499705
0.08660789,0.08499725,0.08499705
0.08670789,0.08499724,0.08499705
0.08680791,0.08499723,0.08499706
0.08690791,0.08499723,0.08499707
0.08700792,0.08499724,0.08499707
0.08710793,0.08499723,0.08499707
0.08720794,0.08499723,0.08499707
0.08730795,0.08499723,0.08499707
0.08740796,0.08499723,0.08499707
0.08750797,0.08499724,0.08499707
0.08760798,0.08499723,0.08499707
0.08770798,0.08499722,0.08499707
0.08780799,0.08499723,0.08499707
0.08790800,0.08499723,0.08499707
0.08800801,0.08499724,0.08499708
0.08810802,0.08499723,0.08499708
0.08820803,0.08499722,0.08499708
0.08830804,0.08499722,0.08499708
0.08840805,0.08499721,0.08499708
0.08850806,0.08499721,0.08499709
0.08860806,0.08499721,0.08499708
0.08870808,0.08499721,0.08499709
0.08880808,0.08499722,0.08499709
0.08890810,0.08499721,0.08499709
0.08900810,0.08499721,0.08499709
0.08910811,0.08499721,0.08499709
0.08920812,0.08499721,0.08499709
0.08930813,0.08499721,0.08499709
0.08940814,0.08499721,0.08499710
0.08950815,0.08499721,0.08499710
0.08960815,0.08499721,0.08499710
0.08970817,0.08499721,0.08499710
0.08980817,0.08499721,0.08499710
0.08990818,0.08499721,0.08499710
0.09000819,0.08499722,0.08499710
0.09010820,0.08499722,0.08499710
0.09020821,0.08499721,0.08499710
0.09030822,0.08499721,0.08499710
0.09040823,0.08499721,0.08499710
0.09050824,0.08499721,0.08499710
0.09060825,0.08499721,0.08499710
0.09070825,0.08499721,0.08499711
0.09080827,0.08499721,0.08499710
0.09090827,0.08499720,0.08499710
0.09100829,0.08499721,0.08499710
0.09110829,0.08499721,0.08499711
0.09120830,0.08499720,0.08499710
0.09130831,0.08499721,0.08499711
0.09140832,0.08499721,0.08499711
0.09150832,0.08499721,0.08499711
0.09160834,0.08499721,0.08499711
0.09170834,0.08499721,0.08499712
0.09180836,0.08499721,0.08499712
0.09190836,0.08499720,0.08499712
0.09200837,0.08499720,0.08499712
0.09210838,0.08499720,0.08499712
0.09220839,0.08499720,0.08499712
0.09230840,0.08499719,0.08499712
0.09240841,0.08499719,0.08499712
0.09250842,0.08499718,0.08499713
0.09260843,0.08499718,0.08499713
0.09270844,0.08499718,0.08499713
0.09280844,0.08499719,0.08499713
0.09290845,0.08499719,0.08499712
0.09300846,0.08499721,0.08499714
0.09310847,0.08499726,0.08499721
0.09320848,0.08499734,0.08499729
0.09330849,0.08499741,0.08499739
0.09340850,0.08499746,0.08499755
0.09350851,0.08499754,0.08499774
0.09360851,0.08499762,0.08499801
0.09370853,0.08499771,0.08499806
0.09380853,0.08499777,0.08499834
0.09390855,0.08499776,0.08499834
0.09400855,0.08499781,0.08499869
0.09410856,0.08499792,0.08499883
0.09420857,0.08499809,0.08499914
0.09430858,0.08499804,0.08499936
0.09440858,0.08499816,0.08499964
0.09450860,0.08499823,0.08499937
0.09460860,0.08499839,0.08499952
0.09470862,0.08499841,0.08499963
0.09480862,0.08499835,0.08499958
0.09490863,0.08499868,0.08499973
0.09500864,0.08499863,0.08499969
0.09510865,0.08499864,0.08499985
0.09520866,0.08499864,0.08500000
0.09530867,0.08499882,0.08499996
0.09540868,0.08499867,0.08500000
0.09550869,0.08499858,0.08500000
0.09560870,0.08499811,0.08499744
0.09570870,0.08499795,0.08499828
0.09580872,0.08499765,0.08497614
0.09590872,0.08499782,0.08497631
0.09600874,-0.00878430,0.02697925
0.09610874,0.00301912,0.02008495
0.09620875,0.01295182,0.01495857
0.09630876,0.02003909,0.01060283
0.09640877,0.02356500,0.00762083
0.09650877,0.02459102,0.00535469
0.09660879,0.02479544,0.00365743
0.09670879,0.02407441,0.00266032
0.09680881,0.02401850,0.00201729
0.09690881,0.02363862,0.00144067
0.09700882,0.02298644,0.00088087
0.09710883,0.02275082,0.00067373
0.09720884,0.02291087,0.00056099
0.09730885,0.02307519,0.00034927
0.09740886,0.02317991,0.00012029
0.09750887,0.02339418,-0.00020344
0.09760888,0.02539654,-0.00080308
0.09770889,0.02563087,-0.00085022
0.09780889,0.02796101,-0.00152603
0.09790891,0.02754341,-0.00166845
0.09800891,0.02480879,-0.00149436
0.09810892,0.02315091,-0.00118212
0.09820893,0.02308023,-0.00139424
0.09830894,0.02350455,-0.00091182
0.09840895,0.02439156,-0.00123263
0.09850896,0.02342504,-0.00081737
0.09860896,0.02481067,-0.00119509
0.09870898,0.02392385,-0.00073776
0.09880898,0.02571878,-0.00079996
0.09890900,0.02342276,-0.00014662
0.09900900,0.02479716,0.00012366
0.09910901,0.02310147,0.00072481
0.09920902,0.02383459,0.00086354
0.09930903,0.02310498,0.00094764
0.09940903,0.02367812,0.00083829
0.09950905,0.02182821,0.00095511
0.09960905,0.01772667,0.00155428
0.09970907,0.01618833,0.00143974
0.09980907,0.01599099,0.00129052
0.09990908,0.01584943,0.00078621
0.10000909,0.01468216,0.00062060
0.10010910,0.01532919,0.00073849
0.10020911,0.01484959,0.00022212
0.10030912,0.01525514,0.00032526
0.10040913,0.01346223,0.00038282
0.10050914,0.01379793,0.00010781
0.10060915,0.01326077,0.00010767
0.10070915,0.01196378,0.00042373
0.10080917,0.01149989,0.00017355
0.10090917,0.01018707,0.00039615
0.10100919,0.00874028,0.00072438
0.10110919,0.00615651,0.00103104
0.10120920,0.00712175,0.00074581
0.10130921,0.00702249,0.00036303
0.10140922,0.00852966,0.00007783
0.10150922,0.00832902,-0.00013794
0.10160924,0.00689754,0.00004086
0.10170924,0.00609525,-0.00016175
0.10180926,0.00720752,-0.00051673
0.10190926,0.00712009,-0.00055098
0.10200927,0.00740782,-0.00063145
0.10210928,0.00778194,-0.00045064
0.10220929,0.00690272,-0.00013684
0.10230930,0.00701078,-0.00022797
0.10240931,0.00613032,-0.00002670
0.10250932,0.00618370,-0.00000435
0.10260933,0.00633184,-0.00016933
0.10270934,0.00764256,-0.00035267
0.10280934,0.00738216,-0.00026396
0.10290936,0.00763534,-0.00029952
0.10300936,0.00742551,-0.00014250
0.10310938,0.00714648,-0.00020557
0.10320938,0.00727643,-0.00017858
0.10330939,0.00716820,-0.00039446
0.10340940,0.00751561,-0.00057732
0.10350941,0.00820769,-0.00070885
0.10360941,0.00867545,-0.00081858
0.10370943,0.00788509,-0.00081131
0.10380943,0.00833660,-0.00071169
0.10390945,0.00780376,-0.00030703
0.10400945,0.00908265,-0.00018156
0.10410946,0.00855204,0.00006782
0.10420947,0.00841768,-0.00005029
0.10430948,0.00900103,-0.00007237
0.10440948,0.00920697,0.00026801
0.10450950,0.00908594,-0.00014923
0.10460950,0.00946304,-0.00007850
0.10470952,0.00951108,0.00005297
0.10480952,0.00901647,-0.00004392
0.10490953,0.00941502,-0.00021007
0.10500954,0.00957127,-0.00039329
0.10510955,0.01064630,-0.00035916
0.10520956,0.01015614,-0.00027945
0.10530957,0.01015000,-0.00036633
0.10540958,0.01046059,-0.00012258
0.10550959,0.01072625,-0.00000537
0.10560960,0.01030246,-0.00016602
0.10570960,0.01012859,0.00019515
0.10580962,0.01060156,0.00006397
0.10590962,0.01066292,0.00017563
0.10600964,0.00981308,0.00040568
0.10610964,0.01043907,-0.00011691
0.10620965,0.01076080,0.00014279
0.10630966,0.01071720,-0.00002099
0.10640967,0.01179793,-0.00014716
0.10650967,0.01106976,-0.00021610
0.10660969,0.01222730,-0.00046951
0.10670969,0.01192787,-0.00070980
0.10680971,0.01269224,-0.00098701
0.10690971,0.01197246,-0.00070875
0.10700972,0.01257341,-0.00060149
0.10710973,0.01204249,-0.00042188
0.10720974,0.01161025,-0.00028626
0.10730975,0.01174581,0.00002707
0.10740976,0.01160299,0.00010000
0.10750977,0.01180140,0.00026781
0.10760978,0.01226808,0.00005339
0.10770979,0.01311232,0.00010368
0.10780979,0.01236708,-0.00004332
0.10790981,0.01287724,0.00018887
0.10800981,0.01319382,-0.00016257
0.10810983,0.01322781,-0.00017274
0.10820983,0.01223082,0.00056171
0.10830984,0.01282819,-0.00035773
0.10840985,0.01385975,-0.00042376
0.10850986,0.01397771,-0.00034811
0.10860986,0.01499999,-0.00046260
0.10870988,0.01375461,-0.00040794
0.10880988,0.01510959,-0.00040111
0.10890990,0.01416649,-0.00031209
0.10900990,0.01561792,-0.00020140
0.10910991,0.01467653,0.00002395
0.10920992,0.01506448,0.00013343
0.10930993,0.01513103,0.00017198
0.10940993,0.01541911,0.00039640
0.10950995,0.01554714,0.00010584
0.10960995,0.01432886,0.00004120
0.10970997,0.01513409,-0.00003154
0.10980997,0.01546688,-0.00041650
0.10990998,0.01599597,-0.00044185
0.11000999,0.01532636,-0.00063648
0.11011000,0.01658134,-0.00052762
0.11021001,0.01644062,-0.00046404
0.11031002,0.01677274,-0.00060901
0.11041003,0.01614820,-0.00037878
0.11051004,0.01525511,-0.00031286
0.11061005,0.01623121,-0.00003781
0.11071005,0.01614260,-0.00010210
0.11081007,0.01750347,-0.00027725
0.11091007,0.01624096,0.00006207
0.11101009,0.01750456,0.00009181
0.11111009,0.01613686,0.00031486
0.11121010,0.01705500,0.00039897
0.11131011,0.01709471,0.00038498
0.11141012,0.01746951,0.00047294
0.11151012,0.01726950,0.00031263
0.11161014,0.01648618,0.00028653
0.11171014,0.01704959,0.00006696
0.11181016,0.01844943,-0.00029175
0.11191016,0.01811872,-0.00012672
0.11201017,0.01723811,-0.00028342
0.11211018,0.01665066,0.00003465
0.11221019,0.01680015,0.00010465
0.11231020,0.01777662,0.00017462
0.11241021,0.01700759,0.00044770
0.11251022,0.01852201,0.00024065
0.11261023,0.01759325,0.00052114
0.11271024,0.01722760,0.00020129
0.11281024,0.01801458,0.00022296
0.11291026,0.01714012,0.00021212
0.11301026,0.01794368,0.00007125
0.11311028,0.01819294,0.00003108
0.11321028,0.01811867,-0.00021258
0.11331029,0.01786897,-0.00012866
0.11341030,0.01774733,-0.00025785
0.11351031,0.01815171,-0.00050993
0.11361031,0.01961535,-0.00054597
0.11371033,0.01848563,-0.00044411
0.11381033,0.01941408,-0.00034259
0.11391035,0.01797860,-0.00012929
0.11401035,0.01821555,-0.00005560
0.11411036,0.01920568,0.00000782
0.11421037,0.01979799,0.00017561
0.11431038,0.01946228,0.00022892
0.11441039,0.01887622,0.00021462
0.11451040,0.01772584,0.00080336
0.11461040,0.01708989,0.00029564
0.11471042,0.01852408,0.00002476
0.11481042,0.01797410,0.00006326
0.11491043,0.01817249,0.00000540
0.11501044,0.01800554,0.00003927
0.11511045,0.01729890,0.00000204
0.11521046,0.01732492,0.00016371
0.11531047,0.01716622,0.00002472
0.11541048,0.01728078,0.00021187
0.11551049,0.01669656,0.00036272
0.11561050,0.01672948,0.00017885
0.11571050,0.01691696,0.00004434
0.11581052,0.01737680,0.00004468
0.11591052,0.01725340,-0.00007493
0.11601054,0.01719164,0.00018057
0.11611054,0.01744915,0.00000212
0.11621055,0.01692730,0.00049918
0.11631056,0.01663664,0.00009470
0.11641057,0.01543161,0.00039904
0.11651057,0.01671883,-0.00001497
0.11661059,0.01603790,0.00002839
0.11671059,0.01603522,-0.00014708
0.11681061,0.01537999,-0.00053159
0.11691061,0.01622052,-0.00041295
0.11701062,0.01555339,-0.00043512
0.11711063,0.01647816,-0.00044650
0.11721064,0.01590952,-0.00008309
0.11731065,0.01545912,0.00024786
0.11741066,0.01574018,0.00027059
0.11751067,0.01570916,0.00016127
0.11761068,0.01628581,0.00000618
0.11771069,0.01537592,0.00021718
0.11781069,0.01613206,0.00018637
0.11791071,0.01555377,0.00013397
0.11801071,0.01633083,-0.00007658
0.11811073,0.01540289,0.00002242
0.11821073,0.01659773,0.00006946
0.11831074,0.01591348,-0.00003717
0.11841075,0.01675855,-0.00032095
0.11851076,0.01585397,-0.00005894
0.11861076,0.01632638,-0.00011847
0.11871078,0.01558028,-0.00021416
0.11881078,0.01495204,0.00003325
0.11891080,0.01582257,-0.00018573
0.11901080,0.01522377,0.00033418
0.11911081,0.01575957,0.00040456
0.11921082,0.01435784,0.00069763
0.11931083,0.01538812,0.00033758
0.11941084,0.01487690,0.00058767
0.11951085,0.01493421,0.00062362
0.11961086,0.01516474,0.00049356
0.11971087,0.01617695,0.00000613
0.11981087,0.01579846,-0.00012950
0.11991088,0.01629784,-0.00046136
0.12001089,0.01615706,-0.00028634
0.12011090,0.01573905,-0.00045605
0.12021091,0.01558383,-0.00063155
0.12031092,0.01312504,-0.00036322
0.12041093,0.01305373,-0.00052441
0.12051094,0.01203942,-0.00027498
0.12061095,0.01237323,-0.00060580
0.12071095,0.01007906,-0.00061391
0.12081097,0.01046416,-0.00051352
0.12091097,0.01125118,-0.00098632
0.12101099,0.01136935,-0.00119676
0.12111099,0.01076796,-0.00113611
0.12121100,0.01119427,-0.00100224
0.12131101,0.01111769,-0.00055033
0.12141102,0.01377509,-0.00102054
0.12151102,0.01498822,-0.00138734
0.12161104,0.01558477,-0.00204904
0.12171104,0.01186574,-0.00174541
0.12181106,0.00625417,-0.00084191
0.12191106,0.00080525,-0.00175930
0.12201107,-0.00572717,-0.00125956
0.12211108,-0.01500104,-0.00275479
0.12221109,0.08499710,0.08496878
0.12231110,0.08499701,0.08499689
0.12241111,0.08499697,0.08499674
0.12251112,0.08499713,0.08499574
0.12261113,0.08499700,0.08499536
0.12271114,0.08499704,0.08494937
0.12281114,0.08499743,0.08499433
0.12291116,0.08499965,0.08499433
0.12301116,0.08499837,0.08499433
0.12311118,0.08499791,0.08499433
0.12321118,0.08499796,0.08499433
0.12331119,0.08499767,0.08499526
0.12341120,0.08499735,0.08499597
0.12351121,0.08499738,0.08499631
0.12361121,0.08499726,0.08499654
0.12371123,0.08499720,0.08499672
0.12381123,0.08499719,0.08499674
0.12391125,0.08499716,0.08499684
0.12401125,0.08499715,0.08499677
0.12411126,0.08499718,0.08499690
0.12421127,0.08499719,0.08499695
0.12431128,0.08499721,0.08499697
0.12441129,0.08499721,0.08499699
0.12451130,0.08499718,0.08499699
0.12461131,0.08499720,0.08499701
0.12471132,0.08499722,0.08499700
0.12481133,0.08499722,0.08499698
0.12491133,0.08499722,0.08499696
0.12501134,0.08499721,0.08499696
0.12511135,0.08499723,0.08499698
0.12521136,0.08499723,0.08499696
0.12531137,0.08499724,0.08499696
0.12541138,0.08499723,0.08499692
0.12551139,0.08499724,0.08499692
0.12561140,0.08499724,0.08499693
0.12571140,0.08499724,0.08499692
0.12581142,0.08499726,0.08499693
0.12591142,0.08499726,0.08499692
0.12601144,0.08499726,0.08499692
0.12611144,0.08499727,0.08499688
0.12621145,0.08499724,0.08499688
0.12631146,0.08499726,0.08499689
0.12641147,0.08499724,0.08499686
0.12651147,0.08499728,0.08499685
0.12661149,0.08499727,0.08499684
0.12671149,0.08499727,0.08499688
0.12681151,0.08499728,0.08499686
0.12691151,0.08499727,0.08499683
0.12701152,0.08499726,0.08499686
0.12711153,0.08499729,0.08499686
0.12721154,0.08499726,0.08499687
0.12731155,0.08499728,0.08499686
0.12741156,0.08499730,0.08499686
0.12751157,0.08499728,0.08499686
0.12761158,0.08499727,0.08499685
0.12771159,0.08499726,0.08499683
0.12781159,0.08499727,0.08499684
0.12791161,0.08499730,0.08499684
0.12801161,0.08499728,0.08499682
0.12811162,0.08499728,0.08499688
0.12821162,0.08499731,0.08499686
0.12831165,0.08499730,0.08499680
0.12841165,0.08499730,0.08499688
0.12851166,0.08499730,0.08499689
0.12861166,0.08499730,0.08499692
0.12871167,0.08499728,0.08499692
0.12881169,0.08499727,0.08499692
0.12891170,0.08499730,0.08499689
0.12901170,0.08499727,0.08499698
0.12911171,0.08499728,0.08499693
0.12921172,0.08499727,0.08499698
0.12931174,0.08499727,0.08499699
0.12941174,0.08499726,0.08499697
0.12951175,0.08499727,0.08499699
0.12961176,0.08499727,0.08499698
0.12971176,0.08499726,0.08499701
0.12981178,0.08499726,0.08499701
0.12991179,0.08499726,0.08499700
0.13001180,0.08499727,0.08499701
0.13011180,0.08499727,0.08499701
0.13021181,0.08499725,0.08499701
0.13031181,0.08499725,0.08499702
0.13041183,0.08499724,0.08499701
0.13051184,0.08499724,0.08499702
0.13061185,0.08499725,0.08499700
0.13071185,0.08499724,0.08499704
0.13081186,0.08499725,0.08499704
0.13091188,0.08499724,0.08499703
0.13101189,0.08499724,0.08499704
0.13111189,0.08499723,0.08499705
0.13121190,0.08499724,0.08499704
0.13131190,0.08499724,0.08499705
0.13141193,0.08499724,0.08499705
0.13151193,0.08499722,0.08499706
0.13161194,0.08499722,0.08499705
0.13171194,0.08499724,0.08499706
0.13181195,0.08499724,0.08499706
0.13191196,0.08499723,0.08499706
0.13201198,0.08499722,0.08499706
0.13211198,0.08499722,0.08499707
0.13221199,0.08499723,0.08499707
0.13231200,0.08499724,0.08499707
0.13241200,0.08499724,0.08499707
0.13251202,0.08499723,0.08499707
0.13261203,0.08499722,0.08499707
0.13271204,0.08499721,0.08499707
0.13281204,0.08499722,0.08499707
0.13291205,0.08499723,0.08499708
0.13301207,0.08499722,0.08499707
0.13311208,0.08499721,0.08499707
0.13321208,0.08499722,0.08499708
0.13331209,0.08499721,0.08499708
0.13341209,0.08499721,0.08499707
0.13351212,0.08499721,0.08499708
0.13361212,0.08499721,0.08499707
0.13371213,0.08499721,0.08499709
0.13381213,0.08499721,0.08499708
0.13391214,0.08499721,0.08499709
0.13401215,0.08499722,0.08499708
0.13411217,0.08499722,0.08499708
0.13421217,0.08499721,0.08499708
0.13431218,0.08499721,0.08499709
0.13441219,0.08499722,0.08499708
0.13451219,0.08499721,0.08499709
0.13461221,0.08499721,0.08499709
0.13471222,0.08499721,0.08499709
0.13481223,0.08499721,0.08499709
0.13491223,0.08499721,0.08499710
0.13501224,0.08499721,0.08499709
0.13511226,0.08499721,0.08499710
0.13521227,0.08499721,0.08499709
0.13531227,0.08499721,0.08499710
0.13541228,0.08499721,0.08499710
0.13551228,0.08499721,0.08499710
0.13561230,0.08499721,0.08499710
0.13571231,0.08499721,0.08499710
0.13581232,0.08499721,0.08499709
0.13591232,0.08499721,0.08499710
0.13601233,0.08499721,0.08499710
0.13611234,0.08499720,0.08499710
0.13621236,0.08499721,0.08499710
0.13631236,0.08499720,0.08499710
0.13641237,0.08499720,0.08499710
0.13651237,0.08499720,0.08499710
0.13661238,0.08499719,0.08499712
0.13671240,0.08499718,0.08499712
0.13681241,0.08499718,0.08499712
0.13691241,0.08499720,0.08499710
0.13701242,0.08499722,0.08499707
0.13711243,0.08499726,0.08499703
0.13721245,0.08499743,0.08499737
0.13731245,0.08499755,0.08499760
0.13741246,0.08499768,0.08499786
0.13751247,0.08499775,0.08499800
0.13761247,0.08499783,0.08499826
0.13771249,0.08499794,0.08499854
0.13781250,0.08499801,0.08499867
0.13791251,0.08499801,0.08499902
0.13801251,0.08499803,0.08499914
0.13811252,0.08499806,0.08499946
0.13821252,0.08499816,0.08499957
0.13831255,0.08499857,0.08499972
0.13841255,0.08499870,0.08499987
0.13851256,0.08499887,0.08499994
0.13861256,0.08499905,0.08499997
0.13871257,0.08499911,0.08499997
0.13881259,0.08499894,0.08500000
0.13891260,0.08499898,0.08500000
0.13901260,0.08499904,0.08500000
0.13911261,0.08499890,0.08500000
0.13921262,0.08499911,0.08500000
0.13931264,0.08499879,0.08500000
0.13941264,0.08499887,0.08499925
0.13951265,0.08499826,0.08499751
0.13961266,0.08499757,0.08497646
0.13971266,0.08499762,0.08497528
0.13981268,-0.01306330,0.02661167
0.13991269,-0.00445372,0.01960943
0.14001270,0.00269650,0.01487424
0.14011270,0.00712405,0.01170252
0.14021271,0.00999297,0.00887119
0.14031271,0.01142284,0.00746170
0.14041273,0.01226063,0.00652280
0.14051274,0.01271955,0.00522727
0.14061275,0.01272313,0.00439559
0.14071275,0.01313903,0.00378348
0.14081276,0.01415216,0.00278554
0.14091278,0.01478460,0.00234811
0.14101279,0.01536077,0.00181527
0.14111279,0.01601576,0.00163359
0.14121280,0.01840253,0.00137511
0.14131281,0.01888239,0.00120797
0.14141283,0.02047624,0.00075580
0.14151283,0.02147708,0.00051693
0.14161284,0.02258830,-0.00023192
0.14171284,0.02525879,-0.00103100
0.14181285,0.02544530,-0.00161287
0.14191286,0.02705055,-0.00204739
0.14201288,0.02959603,-0.00270086
0.14211288,0.02846663,-0.00156015
0.14221289,0.03110445,-0.00144247
0.14231290,0.02974947,-0.00063546
0.14241290,0.03291541,-0.00083498
0.14251292,0.03246730,-0.00030030
0.14261293,0.03453394,-0.00070325
0.14271294,0.03322654,-0.00030290
0.14281294,0.03649662,-0.00065615
0.14291295,0.03506230,-0.00022675
0.14301297,0.03689102,-0.00038452
0.14311298,0.03418077,0.00013207
0.14321298,0.03204882,0.00071731
0.14331299,0.01421492,0.00339280
0.14341299,0.01413614,0.00388877
0.14351302,0.01153837,0.00356522
0.14361302,0.01157650,0.00307888
0.14371303,0.01241033,0.00247811
0.14381303,0.01226807,0.00201649
0.14391304,0.01311953,0.00144908
0.14401305,0.01434637,0.00113510
0.14411307,0.01334543,0.00091581
0.14421307,0.01393089,0.00063178
0.14431308,0.01369362,0.00044555
0.14441309,0.01302430,0.00033321
0.14451309,0.01265641,0.00012174
0.14461311,0.01393235,-0.00003772
0.14471312,0.01334020,-0.00044956
0.14481313,0.01412087,-0.00080372
0.14491313,0.01287349,-0.00098631
0.14501314,0.01248400,-0.00076359
0.14511316,0.01112067,-0.00052648
0.14521317,0.01042457,-0.00072157
0.14531317,0.01052571,-0.00058278
0.14541318,0.01186410,-0.00067203
0.14551318,0.01099339,-0.00039634
0.14561320,0.01106759,-0.00051529
0.14571321,0.01027351,-0.00012274
0.14581322,0.01009522,-0.00029049
0.14591322,0.00980262,-0.00008580
0.14601323,0.00667392,0.00012245
0.14611324,0.00527317,0.00034745
0.14621326,0.00377350,0.00052279
0.14631326,0.00406487,0.00042474
0.14641327,0.00402405,0.00032803
0.14651328,0.00426525,0.00020951
0.14661328,0.00392897,0.00000334
0.14671330,0.00395651,-0.00028375
0.14681331,0.00355508,-0.00040660
0.14691331,0.00105205,-0.00026361
0.14701332,0.00142261,-0.00037294
0.14711333,0.00188607,-0.00037049
0.14721335,0.00147597,-0.00012400
0.14731335,0.00146201,-0.00000515
0.14741336,0.00074778,0.00038331
0.14751337,0.00127561,0.00023157
0.14761337,0.00190798,0.00002422
0.14771339,0.00160390,-0.00010289
0.14781340,0.00161548,-0.00029324
0.14791341,0.00182972,-0.00016892
0.14801341,0.00191448,-0.00014537
0.14811342,0.00292423,-0.00042102
0.14821342,0.00394156,-0.00066956
0.14831345,0.00330555,-0.00056923
0.14841345,0.00277961,-0.00023024
0.14851346,0.00272011,-0.00035102
0.14861346,0.00360864,-0.00063082
0.14871347,0.00413687,-0.00071152
0.14881349,0.00395923,-0.00072535
0.14891350,0.00228475,-0.00006899
0.14901350,0.00303296,-0.00014675
0.14911351,0.00448790,-0.00035451
0.14921352,0.00549622,-0.00035820
0.14931354,0.00635055,-0.00006293
0.14941354,0.00584272,-0.00005021
0.14951355,0.00588553,-0.00017235
0.14961356,0.00588328,-0.00010302
0.14971356,0.00567093,-0.00018369
0.14981358,0.00650203,-0.00054329
0.14991359,0.00672777,-0.00043458
0.15001360,0.00704993,-0.00059219
0.15011360,0.00736676,-0.00056955
0.15021361,0.00805573,-0.00093042
0.15031361,0.00732975,-0.00057926
0.15041364,0.00803493,-0.00017514
0.15051364,0.00759974,-0.00015205
0.15061365,0.00761326,0.00003655
0.15071365,0.00726660,-0.00033771
0.15081366,0.00713855,0.00006024
0.15091368,0.00785987,-0.00000194
0.15101369,0.00851946,0.00013041
0.15111369,0.00829442,0.00005686
0.15121370,0.00947946,-0.00022183
0.15131371,0.00900579,0.00001599
0.15141373,0.00934760,0.00002378
0.15151373,0.00979854,-0.00013342
0.15161374,0.00930531,-0.00007419
0.15171375,0.00985384,-0.00020834
0.15181375,0.01114163,-0.00058896
0.15191376,0.01086718,-0.00052282
0.15201378,0.01036356,-0.00032426
0.15211378,0.01075392,-0.00032735
0.15221379,0.01115143,-0.00016460
0.15231380,0.01217673,-0.00007191
0.15241380,0.01121743,0.00016242
0.15251382,0.01150855,0.00019064
0.15261383,0.01133669,-0.00002652
0.15271384,0.01084958,0.00043554
0.15281384,0.01095637,-0.00012240
0.15291385,0.01214874,-0.00017059
0.15301387,0.01159149,0.00000684
0.15311388,0.01285418,-0.00040528
0.15321388,0.01269799,-0.00034727
0.15331389,0.01334263,-0.00040630
0.15341389,0.01271198,-0.00051566
0.15351392,0.01187832,-0.00038189
0.15361392,0.01154893,0.00005267
0.15371393,0.01225831,-0.00039864
0.15381393,0.01252179,-0.00035443
0.15391394,0.01249295,-0.00000297
0.15401395,0.01379368,-0.00024833
0.15411397,0.01352226,-0.00021830
0.15421397,0.01475875,-0.00010861
0.15431398,0.01398221,0.00001323
0.15441399,0.01400671,0.00021251
0.15451399,0.01455305,0.00005596
0.15461401,0.01347168,0.00014427
0.15471402,0.01380170,0.00024344
0.15481403,0.01458850,0.00009607
0.15491403,0.01469520,-0.00003446
0.15501404,0.01405339,-0.00001563
0.15511406,0.01569334,-0.00041723
0.15521407,0.01558873,-0.00022905
0.15531407,0.01665032,-0.00030501
0.15541408,0.01611917,-0.00006673
0.15551408,0.01673695,-0.00005527
0.15561411,0.01708488,-0.00016565
0.15571411,0.01762549,-0.00000332
0.15581412,0.01706925,0.00013055
0.15591412,0.01738133,-0.00022442
0.15601413,0.01668606,0.00026948
0.15611414,0.01566040,0.00014577
0.15621416,0.01688510,0.00011851
0.15631416,0.01711011,0.00000679
0.15641417,0.01747406,-0.00005809
0.15651418,0.01643177,-0.00024648
0.15661418,0.01711429,-0.00023853
0.15671420,0.01775931,-0.00043353
0.15681421,0.01676356,-0.00055161
0.15691422,0.01619121,-0.00022828
0.15701422,0.01695867,-0.00033551
0.15711423,0.01764821,-0.00027319
0.15721425,0.01733961,-0.00025226
0.15731425,0.01729646,0.00014418
0.15741426,0.01783844,0.00008006
0.15751427,0.02027267,-0.00031980
0.15761427,0.01812669,-0.00008608
0.15771429,0.01914954,-0.00010731
0.15781430,0.01774121,-0.00010408
0.15791431,0.01919341,-0.00030741
0.15801431,0.01839268,-0.00023167
0.15811432,0.01823186,-0.00009887
0.15821432,0.01577896,0.00018644
0.15831435,0.01588037,0.00012124
0.15841435,0.01759146,-0.00020680
0.15851436,0.01784779,-0.00023096
0.15861436,0.01827978,-0.00028732
0.15871437,0.01837051,-0.00048590
0.15881439,0.01938596,-0.00032915
0.15891440,0.01776702,-0.00011185
0.15901440,0.01866919,0.00014895
0.15911441,0.01872971,0.00012657
0.15921442,0.01831749,0.00033385
0.15931444,0.01852553,0.00055735
0.15941444,0.01892626,0.00008071
0.15951445,0.01882182,0.00034312
0.15961446,0.01883478,0.00038209
0.15971446,0.01822780,0.00027065
0.15981448,0.01818181,0.00011033
0.15991449,0.02026762,-0.00032001
0.16001450,0.01919100,-0.00008224
0.16011450,0.01932484,-0.00033618
0.16021451,0.01946887,-0.00031157
0.16031451,0.02016953,-0.00020783
0.16041454,0.01960820,-0.00025387
0.16051454,0.01931124,0.00013848
0.16061455,0.01832637,0.00018191
0.16071455,0.01729770,0.00070927
0.16081456,0.01770108,0.00045084
0.16091458,0.01842444,0.00046693
0.16101459,0.01954808,0.00054474
0.16111459,0.01828704,0.00076933
0.16121460,0.01889671,0.00054189
0.16131461,0.01686636,0.00040070
0.16141463,0.01751729,0.00040679
0.16151463,0.01846478,0.00015299
0.16161464,0.01747317,-0.00002188
0.16171465,0.01880576,-0.00007833
0.16181465,0.01823082,-0.00003996
0.16191466,0.01884413,-0.00028098
0.16201468,0.01690557,0.00014822
0.16211469,0.01765323,0.00029133
0.16221469,0.01666422,0.00047652
0.16231470,0.01723462,0.00045166
0.16241470,0.01671648,0.00034516
0.16251472,0.01587241,0.00052332
0.16261473,0.01744925,0.00040381
0.16271474,0.01653534,0.00045035
0.16281474,0.01734796,0.00002453
0.16291475,0.01679069,0.00002221
0.16301477,0.01702776,0.00010816
0.16311478,0.01705771,0.00015440
0.16321478,0.01753666,-0.00019337
0.16331479,0.01597894,0.00010890
0.16341479,0.01607258,-0.00009955
0.16351482,0.01707773,-0.00020489
0.16361482,0.01659746,-0.00039682
0.16371483,0.01730419,-0.00060002
0.16381483,0.01602222,-0.00041010
0.16391484,0.01722381,-0.00020637
0.16401485,0.01598040,-0.00014199
0.16411487,0.01563826,0.00006115
0.16421487,0.01403402,0.00001603
0.16431488,0.01231568,0.00018344
0.16441489,0.01230553,0.00019820
0.16451489,0.01162138,-0.00006964
0.16461491,0.01264384,-0.00019715
0.16471492,0.01288243,-0.00085794
0.16481493,0.01301883,-0.00110690
0.16491493,0.01174578,-0.00107648
0.16501494,0.00976265,-0.00124603
0.16511496,0.01120989,-0.00101772
0.16521497,0.01451979,-0.00144351
0.16531497,0.01685922,-0.00195906
0.16541498,0.01797195,-0.00261569
0.16551498,0.01763719,-0.00283794
0.16561501,0.01432973,-0.00262964
0.16571501,0.00580556,-0.00173359
0.16581502,0.00057382,-0.00392534
0.16591502,0.08499714,0.08497009
0.16601503,0.08499710,0.08497075
0.16611504,0.08499710,0.08499692
0.16621506,0.08499702,0.08499681
0.16631506,0.08499725,0.08499576
0.16641507,0.08499715,0.08499552
0.16651508,0.08499735,0.01368622
0.16661508,0.08499743,0.01637422
0.16671510,0.08499712,0.08494335
0.16681511,0.08500000,0.08499433
0.16691512,0.08499905,0.08499433
0.16701512,0.08499828,0.08499433
0.16711513,0.08499800,0.08499506
0.16721515,0.08499771,0.08499558
0.16731516,0.08499763,0.08499609
0.16741516,0.08499752,0.08499640
0.16751517,0.08499748,0.08499651
0.16761517,0.08499740,0.08499666
0.16771519,0.08499732,0.08499654
0.16781520,0.08499728,0.08499676
0.16791521,0.08499731,0.08499682
0.16801521,0.08499727,0.08499688
0.16811522,0.08499725,0.08499685
0.16821523,0.08499726,0.08499690
0.16831525,0.08499727,0.08499692
0.16841525,0.08499724,0.08499692
0.16851526,0.08499723,0.08499692
0.16861526,0.08499724,0.08499693
0.16871527,0.08499722,0.08499693
0.16881529,0.08499724,0.08499692
0.16891530,0.08499724,0.08499693
0.16901530,0.08499724,0.08499692
0.16911531,0.08499724,0.08499694
0.16921532,0.08499724,0.08499689
0.16931534,0.08499724,0.08499688
0.16941534,0.08499725,0.08499690
0.16951535,0.08499725,0.08499689
0.16961536,0.08499725,0.08499689
0.16971536,0.08499727,0.08499687
0.16981538,0.08499727,0.08499687
0.16991539,0.08499727,0.08499689
0.17001540,0.08499728,0.08499689
0.17011540,0.08499727,0.08499688
0.17021541,0.08499726,0.08499687
0.17031541,0.08499727,0.08499689
0.17041544,0.08499727,0.08499687
0.17051544,0.08499727,0.08499689
0.17061545,0.08499728,0.08499688
0.17071545,0.08499727,0.08499686
0.17081546,0.08499728,0.08499693
0.17091548,0.08499730,0.08499689
0.17101549,0.08499730,0.08499688
0.17111549,0.08499729,0.08499692
0.17121550,0.08499730,0.08499692
0.17131551,0.08499728,0.08499690
0.17141553,0.08499728,0.08499690
0.17151553,0.08499730,0.08499691
0.17161554,0.08499730,0.08499692
0.17171555,0.08499731,0.08499695
0.17181555,0.08499727,0.08499692
0.17191556,0.08499727,0.08499696
0.17201558,0.08499728,0.08499695
0.17211559,0.08499728,0.08499697
0.17221559,0.08499729,0.08499695
0.17231560,0.08499728,0.08499699
0.17241560,0.08499728,0.08499696
0.17251563,0.08499727,0.08499697
0.17261563,0.08499727,0.08499700
0.17271564,0.08499729,0.08499697
0.17281564,0.08499726,0.08499698
0.17291565,0.08499726,0.08499701
0.17301567,0.08499726,0.08499698
0.17311568,0.08499726,0.08499698
0.17321568,0.08499726,0.08499702
0.17331569,0.08499727,0.08499699
0.17341570,0.08499727,0.08499701
0.17351572,0.08499726,0.08499701
0.17361572,0.08499726,0.08499701
0.17371573,0.08499727,0.08499703
0.17381573,0.08499727,0.08499703
0.17391574,0.08499725,0.08499703
0.17401575,0.08499724,0.08499704
0.17411577,0.08499724,0.08499704
0.17421577,0.08499726,0.08499704
0.17431578,0.08499724,0.08499704
0.17441579,0.08499724,0.08499705
0.17451579,0.08499724,0.08499705
0.17461581,0.08499724,0.08499705
0.17471582,0.08499724,0.08499706
0.17481583,0.08499723,0.08499706
0.17491583,0.08499724,0.08499707
0.17501584,0.08499724,0.08499706
0.17511586,0.08499724,0.08499706
0.17521587,0.08499724,0.08499707
0.17531587,0.08499724,0.08499706
0.17541588,0.08499723,0.08499707
0.17551588,0.08499723,0.08499707
0.17561591,0.08499724,0.08499707
0.17571591,0.08499723,0.08499707
0.17581592,0.08499723,0.08499707
0.17591592,0.08499722,0.08499707
0.17601593,0.08499723,0.08499707
0.17611594,0.08499724,0.08499707
0.17621596,0.08499723,0.08499707
0.17631596,0.08499723,0.08499707
0.17641597,0.08499723,0.08499708
0.17651598,0.08499724,0.08499707
0.17661598,0.08499723,0.08499708
0.17671600,0.08499722,0.08499708
0.17681601,0.08499722,0.08499708
0.17691602,0.08499722,0.08499708
0.17701602,0.08499722,0.08499708
0.17711603,0.08499722,0.08499709
0.17721605,0.08499722,0.08499709
0.17731606,0.08499721,0.08499709
0.17741606,0.08499722,0.08499710
0.17751607,0.08499722,0.08499709
0.17761607,0.08499721,0.08499709
0.17771609,0.08499721,0.08499710
0.17781610,0.08499722,0.08499709
0.17791611,0.08499721,0.08499709
0.17801611,0.08499721,0.08499709
0.17811612,0.08499721,0.08499710
0.17821613,0.08499722,0.08499710
0.17831615,0.08499721,0.08499710
0.17841615,0.08499721,0.08499710
0.17851616,0.08499721,0.08499710
0.17861617,0.08499721,0.08499710
0.17871617,0.08499721,0.08499710
0.17881619,0.08499721,0.08499710
0.17891620,0.08499721,0.08499710
0.17901620,0.08499721,0.08499710
0.17911621,0.08499720,0.08499710
0.17921622,0.08499721,0.08499710
0.17931624,0.08499720,0.08499710
0.17941624,0.08499721,0.08499711
0.17951625,0.08499720,0.08499711
0.17961626,0.08499719,0.08499712
0.17971626,0.08499718,0.08499712
0.17981628,0.08499719,0.08499712
0.17991629,0.08499720,0.08499711
0.18001630,0.08499721,0.08499708
0.18011630,0.08499724,0.08499711
0.18021631,0.08499732,0.08499721
0.18031631,0.08499745,0.08499740
0.18041634,0.08499753,0.08499770
0.18051634,0.08499765,0.08499791
0.18061635,0.08499774,0.08499814
0.18071635,0.08499785,0.08499838
0.18081636,0.08499785,0.08499856
0.18091638,0.08499788,0.08499883
0.18101639,0.08499788,0.08499903
0.18111639,0.08499809,0.08499937
0.18121640,0.08499797,0.08499928
0.18131641,0.08499821,0.08499967
0.18141643,0.08499851,0.08499974
0.18151643,0.08499845,0.08499967
0.18161644,0.08499846,0.08499977
0.18171645,0.08499847,0.08499981
0.18181645,0.08499863,0.08499989
0.18191646,0.08499848,0.08499972
0.18201648,0.08499882,0.08500000
0.18211649,0.08499885,0.08500000
0.18221649,0.08499876,0.08500000
0.18231650,0.08499844,0.08499863
0.18241650,0.08499776,0.08497921
0.18251653,0.08499765,0.08497556
0.18261653,-0.01993460,0.03294581
0.18271654,-0.00695450,0.02377108
0.18281654,0.00274777,0.01757210
0.18291655,0.01110534,0.01255563
0.18301657,0.01684931,0.00859431
0.18311658,0.01980966,0.00671247
0.18321658,0.02044880,0.00499058
0.18331659,0.02092911,0.00394317
0.18341660,0.01999155,0.00352145
0.18351662,0.01905745,0.00267205
0.18361662,0.01837017,0.00183622
0.18371663,0.01868585,0.00139728
0.18381664,0.01886128,0.00117172
0.18391664,0.01939887,0.00079505
0.18401665,0.01961528,0.00068842
0.18411667,0.02031809,0.00040720
0.18421667,0.02293157,0.00011010
0.18431668,0.02317828,-0.00013496
0.18441669,0.02560862,-0.00071074
0.18451669,0.02653473,-0.00104095
0.18461671,0.02727021,-0.00160672
0.18471672,0.03006539,-0.00223963
0.18481673,0.02880705,-0.00232279
0.18491673,0.03156487,-0.00215337
0.18501674,0.02990771,-0.00163216
0.18511676,0.02093963,0.00031326
0.18521677,0.01546751,0.00119920
0.18531677,0.01612854,0.00125088
0.18541678,0.01685618,0.00104872
0.18551678,0.01655670,0.00106928
0.18561681,0.01745536,0.00086212
0.18571681,0.01874694,0.00092251
0.18581682,0.01754045,0.00062553
0.18591682,0.01800006,0.00089559
0.18601683,0.01761886,0.00061971
0.18611684,0.01762877,0.00053435
0.18621686,0.01754689,0.00044992
0.18631686,0.01708645,0.00071056
0.18641687,0.02014781,0.00012197
0.18651688,0.01814805,0.00014661
0.18661688,0.01642200,-0.00004398
0.18671690,0.01744889,-0.00061920
0.18681691,0.01619034,-0.00045423
0.18691692,0.01721812,-0.00072614
0.18701692,0.01588141,-0.00052456
0.18711693,0.01643976,-0.00047776
0.18721695,0.01517659,-0.00013111
0.18731696,0.01465014,0.00014205
0.18741696,0.01357955,0.00031088
0.18751697,0.01215593,0.00047301
0.18761697,0.00962496,0.00077651
0.18771700,0.00834754,0.00095702
0.18781700,0.00799068,0.00067993
0.18791701,0.00732604,0.00069937
0.18801701,0.00611502,0.00086893
0.18811702,0.00605647,0.00061482
0.18821703,0.00578121,0.00037376
0.18831705,0.00561511,0.00043105
0.18841705,0.00626389,0.00003211
0.18851706,0.00602965,-0.00018443
0.18861707,0.00580683,-0.00010892
0.18871707,0.00606956,-0.00025451
0.18881709,0.00698821,-0.00045651
0.18891710,0.00588138,-0.00003186
0.18901711,0.00556321,-0.00033519
0.18911711,0.00614080,-0.00028271
0.18921712,0.00677487,-0.00033124
0.18931714,0.00669799,-0.00035823
0.18941714,0.00759430,-0.00044980
0.18951715,0.00655867,-0.00024500
0.18961716,0.00705537,-0.00045224
0.18971716,0.00688903,-0.00059451
0.18981717,0.00649335,-0.00059071
0.18991719,0.00644391,-0.00054421
0.19001720,0.00681962,-0.00072226
0.19011720,0.00675613,-0.00076793
0.19021721,0.00708548,-0.00044637
0.19031721,0.00745741,-0.00071689
0.19041724,0.00794521,-0.00064273
0.19051724,0.00762519,-0.00066594
0.19061725,0.00815677,-0.00031982
0.19071725,0.00803395,-0.00017998
0.19081726,0.00885129,-0.00029019
0.19091728,0.00937440,-0.00038500
0.19101729,0.00928847,-0.00000183
0.19111729,0.00953018,0.00004146
0.19121730,0.00921396,0.00007942
0.19131731,0.00991755,0.00004068
0.19141733,0.00982096,-0.00007358
0.19151733,0.01058055,-0.00023441
0.19161734,0.00953493,-0.00008718
0.19171735,0.01075189,-0.00035965
0.19181735,0.01044971,-0.00035757
0.19191736,0.01038897,-0.00018789
0.19201738,0.01026214,0.00004128
0.19211739,0.01096883,-0.00005772
0.19221739,0.01092703,-0.00015055
0.19231740,0.01168941,0.00023351
0.19241740,0.01172906,0.00028534
0.19251743,0.01214316,0.00019173
0.19261743,0.01115321,0.00018805
0.19271744,0.01183847,0.00030999
0.19281744,0.01119251,0.00011344
0.19291745,0.01130791,0.00026668
0.19301747,0.01106225,0.00008204
0.19311748,0.01237008,-0.00006625
0.19321748,0.01243037,-0.00041244
0.19331749,0.01221887,-0.00036418
0.19341750,0.01221513,-0.00023608
0.19351752,0.01149199,-0.00032807
0.19361752,0.01203933,-0.00044847
0.19371753,0.01205818,-0.00027838
0.19381754,0.01278396,-0.00058560
0.19391754,0.01227071,-0.00032709
0.19401755,0.01280655,-0.00027916
0.19411757,0.01306005,-0.00019198
0.19421758,0.01384273,-0.00008198
0.19431758,0.01275157,0.00033430
0.19441759,0.01370020,0.00031780
0.19451759,0.01338375,0.00019762
0.19461761,0.01456781,0.00009997
0.19471762,0.01346346,0.00020894
0.19481763,0.01304845,0.00005599
0.19491763,0.01361822,-0.00032857
0.19501764,0.01406415,-0.00016615
0.19511766,0.01417723,-0.00021415
0.19521767,0.01484440,-0.00026434
0.19531767,0.01477002,-0.00020663
0.19541768,0.01366447,-0.00017741
0.19551768,0.01467731,-0.00015465
0.19561771,0.01423046,-0.00012413
0.19571771,0.01472220,-0.00006350
0.19581772,0.01495730,-0.00007537
0.19591772,0.01539707,-0.00009047
0.19601773,0.01574917,-0.00032137
0.19611774,0.01642650,-0.00028718
0.19621776,0.01533401,0.00001299
0.19631776,0.01635947,0.00002326
0.19641777,0.01602526,-0.00016272
0.19651778,0.01649405,-0.00025946
0.19661778,0.01644518,-0.00047071
0.19671780,0.01591477,-0.00057969
0.19681781,0.01705664,-0.00069573
0.19691782,0.01617903,-0.00059991
0.19701782,0.01701139,-0.00057822
0.19711783,0.01717855,-0.00055712
0.19721785,0.01626146,-0.00024118
0.19731786,0.01593847,-0.00024961
0.19741786,0.01734127,-0.00001480
0.19751787,0.01642713,0.00006234
0.19761787,0.01815823,-0.00000496
0.19771790,0.01682005,0.00002230
0.19781790,0.01731796,-0.00001739
0.19791791,0.01648976,0.00014661
0.19801791,0.01737257,0.00022092
0.19811792,0.01768359,0.00011319
0.19821793,0.01875309,0.00011170
0.19831795,0.01645923,0.00014462
0.19841795,0.01719784,0.00005264
0.19851796,0.01704178,-0.00006490
0.19861797,0.01729463,-0.00011535
0.19871797,0.01791704,0.00009371
0.19881799,0.01696068,0.00024733
0.19891800,0.01820994,0.00018770
0.19901801,0.01708572,0.00014992
0.19911801,0.01803744,0.00021293
0.19921802,0.01819320,0.00017628
0.19931804,0.01860113,0.00006416
0.19941805,0.01802388,0.00023952
0.19951805,0.01850751,0.00038737
0.19961806,0.01741463,0.00024329
0.19971806,0.01916900,0.00009984
0.19981807,0.01799506,0.00009362
0.19991809,0.01830160,0.00022579
0.20001810,0.01746839,0.00008938
0.20011810,0.01797674,-0.00018791
0.20021811,0.01777118,-0.00016329
0.20031812,0.01707363,0.00001596
0.20041814,0.01818363,0.00021639
0.20051814,0.01794947,0.00011345
0.20061815,0.01895009,-0.00016337
0.20071815,0.01830742,-0.00007908
0.20081816,0.01878662,-0.00017216
0.20091818,0.01761269,0.00012392
0.20101819,0.01839721,0.00036694
0.20111819,0.01785389,0.00014797
0.20121820,0.01737089,0.00058377
0.20131821,0.01748202,0.00046422
0.20141823,0.01748947,0.00058382
0.20151823,0.01734286,0.00019388
0.20161824,0.01647837,0.00026640
0.20171825,0.01690902,-0.00007118
0.20181825,0.01703137,-0.00022961
0.20191826,0.01729656,-0.00027280
0.20201828,0.01679419,-0.00013659
0.20211829,0.01801724,-0.00013449
0.20221829,0.01717872,0.00007075
0.20231830,0.01769428,0.00017531
0.20241830,0.01711247,0.00021244
0.20251833,0.01730735,0.00053898
0.20261833,0.01633061,0.00048230
0.20271834,0.01775079,0.00024270
0.20281834,0.01752584,0.00015072
0.20291835,0.01822334,-0.00007822
0.20301837,0.01746552,-0.00019292
0.20311838,0.01714339,-0.00034652
0.20321838,0.01726485,-0.00041648
0.20331839,0.01666690,-0.00018149
0.20341840,0.01659244,-0.00021394
0.20351842,0.01603085,-0.00032922
0.20361842,0.01651916,-0.00034580
0.20371843,0.01611713,-0.00015025
0.20381844,0.01688321,-0.00033092
0.20391844,0.01506929,-0.00002194
0.20401845,0.01628636,0.00001264
0.20411847,0.01570226,0.00025078
0.20421848,0.01576251,0.00033382
0.20431848,0.01549022,0.00034194
0.20441849,0.01605187,0.00063463
0.20451849,0.01467787,0.00064643
0.20461852,0.01544567,0.00062436
0.20471852,0.01471340,0.00043222
0.20481853,0.01544307,0.00028505
0.20491853,0.01533485,0.00001643
0.20501854,0.01480766,0.00008223
0.20511856,0.01554940,-0.00035392
0.20521857,0.01445379,0.00005324
0.20531857,0.01448557,-0.00003094
0.20541858,0.01437973,0.00013455
0.20551859,0.01599394,0.00004166
0.20561861,0.01514333,0.00015496
0.20571861,0.01486153,0.00021792
0.20581862,0.01392794,0.00025526
0.20591862,0.01525916,-0.00003180
0.20601863,0.01470593,0.00021824
0.20611864,0.01450309,0.00000600
0.20621866,0.01506222,-0.00019646
0.20631866,0.01580038,-0.00026786
0.20641867,0.01481034,-0.00035790
0.20651868,0.01522665,-0.00023507
0.20661868,0.01495789,-0.00017764
0.20671870,0.01546421,-0.00063593
0.20681871,0.01515558,-0.00046693
0.20691872,0.01265750,-0.00016213
0.20701872,0.01175734,-0.00034766
0.20711873,0.01116478,-0.00047880
0.20721875,0.01210996,-0.00069232
0.20731876,0.01108212,-0.00054650
0.20741876,0.01025636,-0.00056349
0.20751877,0.00996950,-0.00062227
0.20761877,0.01099083,-0.00088074
0.20771880,0.01021419,-0.00070628
0.20781880,0.00995160,-0.00075645
0.20791881,0.01061848,-0.00088011
0.20801881,0.01385897,-0.00110844
0.20811882,0.01398570,-0.00139026
0.20821883,0.01700024,-0.00235965
0.20831885,0.01266592,-0.00192555
0.20841885,0.01501566,-0.00396581
0.20851886,0.00323566,-0.00084043
0.20861887,-0.00309664,-0.00116309
0.20871887,-0.01399710,-0.00378781
0.20881889,0.08499700,0.08496790
0.20891890,0.08499695,0.08499687
0.20901891,0.08499703,0.08499672
0.20911891,0.08499716,0.08499566
0.20921892,0.08499707,0.08499529
0.20931894,0.08499705,0.08499473
0.20941895,0.08499833,0.08499433
0.20951895,0.08499898,0.08499433
0.20961896,0.08499823,0.08499433
0.20971896,0.08499797,0.08499433
0.20981897,0.08499794,0.08499472
0.20991899,0.08499760,0.08499548
0.21001900,0.08499739,0.08499603
0.21011900,0.08499739,0.08499628
0.21021901,0.08499731,0.08499656
0.21031902,0.08499720,0.08499669
0.21041904,0.08499727,0.08499677
0.21051904,0.08499719,0.08499681
0.21061905,0.08499717,0.08499688
0.21071906,0.08499718,0.08499695
0.21081906,0.08499720,0.08499699
0.21091908,0.08499720,0.08499698
0.21101909,0.08499721,0.08499697
0.21111909,0.08499721,0.08499699
0.21121910,0.08499721,0.08499698
0.21131911,0.08499721,0.08499699
0.21141913,0.08499722,0.08499700
0.21151913,0.08499721,0.08499700
0.21161914,0.08499722,0.08499698
0.21171915,0.08499722,0.08499698
0.21181915,0.08499724,0.08499698
0.21191916,0.08499723,0.08499697
0.21201918,0.08499724,0.08499696
0.21211919,0.08499724,0.08499695
0.21221919,0.08499724,0.08499693
0.21231920,0.08499724,0.08499694
0.21241920,0.08499724,0.08499692
0.21251923,0.08499724,0.08499691
0.21261923,0.08499725,0.08499690
0.21271924,0.08499725,0.08499690
0.21281924,0.08499725,0.08499688
0.21291925,0.08499727,0.08499692
0.21301927,0.08499727,0.08499689
0.21311928,0.08499726,0.08499688
0.21321928,0.08499727,0.08499686
0.21331929,0.08499729,0.08499684
0.21341930,0.08499724,0.08499684
0.21351932,0.08499729,0.08499689
0.21361932,0.08499726,0.08499688
0.21371933,0.08499727,0.08499684
0.21381934,0.08499727,0.08499688
0.21391934,0.08499728,0.08499688
0.21401935,0.08499730,0.08499686
0.21411937,0.08499729,0.08499689
0.21421938,0.08499729,0.08499688
0.21431938,0.08499730,0.08499689
0.21441939,0.08499730,0.08499687
0.21451939,0.08499729,0.08499685
0.21461942,0.08499727,0.08499690
0.21471942,0.08499730,0.08499689
0.21481943,0.08499732,0.08499686
0.21491943,0.08499730,0.08499685
0.21501944,0.08499732,0.08499687
0.21511946,0.08499730,0.08499689
0.21521947,0.08499729,0.08499696
0.21531947,0.08499729,0.08499690
0.21541948,0.08499729,0.08499693
0.21551949,0.08499728,0.08499699
0.21561951,0.08499727,0.08499692
0.21571951,0.08499727,0.08499694
0.21581952,0.08499727,0.08499697
0.21591953,0.08499727,0.08499699
0.21601953,0.08499726,0.08499700
0.21611954,0.08499727,0.08499696
0.21621956,0.08499727,0.08499701
0.21631956,0.08499726,0.08499700
0.21641957,0.08499725,0.08499702
0.21651958,0.08499725,0.08499701
0.21661958,0.08499724,0.08499700
0.21671960,0.08499727,0.08499701
0.21681961,0.08499724,0.08499703
0.21691962,0.08499724,0.08499701
0.21701962,0.08499724,0.08499701
0.21711963,0.08499724,0.08499702
0.21721965,0.08499724,0.08499705
0.21731966,0.08499724,0.08499704
0.21741966,0.08499724,0.08499704
0.21751967,0.08499725,0.08499704
0.21761967,0.08499724,0.08499705
0.21771970,0.08499724,0.08499705
0.21781970,0.08499722,0.08499705
0.21791971,0.08499724,0.08499705
0.21801971,0.08499723,0.08499707
0.21811972,0.08499723,0.08499705
0.21821973,0.08499722,0.08499706
0.21831975,0.08499723,0.08499706
0.21841975,0.08499722,0.08499706
0.21851976,0.08499722,0.08499707
0.21861977,0.08499722,0.08499707
0.21871977,0.08499721,0.08499707
0.21881979,0.08499721,0.08499707
0.21891980,0.08499723,0.08499707
0.21901981,0.08499724,0.08499707
0.21911981,0.08499722,0.08499707
0.21921982,0.08499722,0.08499707
0.21931984,0.08499721,0.08499707
0.21941985,0.08499722,0.08499707
0.21951985,0.08499721,0.08499707
0.21961986,0.08499723,0.08499708
0.21971986,0.08499721,0.08499707
0.21981987,0.08499723,0.08499708
0.21991989,0.08499722,0.08499708
0.22001990,0.08499722,0.08499707
0.22011990,0.08499723,0.08499708
0.22021991,0.08499722,0.08499708
0.22031992,0.08499721,0.08499707
0.22041994,0.08499721,0.08499708
0.22051994,0.08499721,0.08499707
0.22061995,0.08499721,0.08499707
0.22071996,0.08499722,0.08499708
0.22081996,0.08499721,0.08499708
0.22091998,0.08499721,0.08499709
0.22101999,0.08499722,0.08499708
0.22112000,0.08499721,0.08499708
0.22122000,0.08499721,0.08499709
0.22132001,0.08499721,0.08499709
0.22142003,0.08499721,0.08499709
0.22152003,0.08499721,0.08499709
0.22162004,0.08499722,0.08499709
0.22172005,0.08499721,0.08499710
0.22182005,0.08499721,0.08499710
0.22192006,0.08499721,0.08499710
0.22202008,0.08499721,0.08499710
0.22212009,0.08499720,0.08499710
0.22222009,0.08499719,0.08499711
0.22232010,0.08499719,0.08499712
0.22242010,0.08499720,0.08499712
0.22252013,0.08499721,0.08499708
0.22262013,0.08499724,0.08499704
0.22272014,0.08499725,0.08499711
0.22282014,0.08499732,0.08499722
0.22292015,0.08499750,0.08499759
0.22302017,0.08499763,0.08499785
0.22312018,0.08499777,0.08499811
0.22322018,0.08499788,0.08499841
0.22332019,0.08499800,0.08499867
0.22342020,0.08499806,0.08499904
0.22352022,0.08499807,0.08499927
0.22362022,0.08499821,0.08499953
0.22372023,0.08499820,0.08499960
0.22382024,0.08499856,0.08499976
0.22392024,0.08499862,0.08499993
0.22402025,0.08499894,0.08500000
0.22412027,0.08499897,0.08499998
0.22422028,0.08499899,0.08500000
0.22432028,0.08499885,0.08500000
0.22442029,0.08499886,0.08500000
0.22452029,0.08499881,0.08500000
0.22462032,0.08499885,0.08499940
0.22472032,0.08499810,0.08499771
0.22482033,0.08499762,0.08497547
0.22492033,-0.02684570,0.03653061
0.22502034,-0.01282649,0.02560054
0.22512036,-0.00394366,0.01895694
0.22522037,0.00279343,0.01373269
0.22532037,0.00787247,0.01021556
0.22542038,0.01101658,0.00833577
0.22552039,0.01295982,0.00670099
0.22562041,0.01348776,0.00613948
0.22572041,0.01359633,0.00500662
0.22582042,0.01382340,0.00419326
0.22592043,0.01427442,0.00365685
0.22602043,0.01442325,0.00298004
0.22612044,0.01515174,0.00245650
0.22622046,0.01576705,0.00193528
0.22632047,0.01637186,0.00169143
0.22642047,0.01879822,0.00104669
0.22652048,0.01920309,0.00071987
0.22662048,0.02115136,0.00012310
0.22672050,0.02140841,-0.00027389
0.22682051,0.02352154,-0.00093426
0.22692052,0.02450678,-0.00121155
0.22702052,0.02531802,-0.00172876
0.22712053,0.02779825,-0.00208030
0.22722055,0.02721191,-0.00142791
0.22732056,0.03019919,-0.00148326
0.22742056,0.02923079,-0.00116569
0.22752057,0.03170463,-0.00107542
0.22762057,0.03327078,-0.00100679
0.22772060,0.03383470,-0.00086031
0.22782060,0.03709211,-0.00113724
0.22792061,0.03614237,-0.00066789
0.22802061,0.03827353,-0.00063271
0.22812062,0.03688685,-0.00031196
0.22822063,0.03765976,-0.00020862
0.22832065,0.03624089,0.00010152
0.22842065,0.03439580,0.00051692
0.22852066,0.01859546,0.00275199
0.22862067,0.01449115,0.00350236
0.22872067,0.01582790,0.00348893
0.22882069,0.01461930,0.00303954
0.22892070,0.01625041,0.00263639
0.22902071,0.01567755,0.00235882
0.22912071,0.01722352,0.00183497
0.22922072,0.01649553,0.00134428
0.22932074,0.01782259,0.00107955
0.22942075,0.01719608,0.00069306
0.22952075,0.01879645,0.00014118
0.22962076,0.01765247,0.00016450
0.22972076,0.01888615,-0.00023751
0.22982077,0.01783687,-0.00038526
0.22992079,0.01808444,-0.00039287
0.23002080,0.01687364,-0.00054324
0.23012080,0.01859810,-0.00108548
0.23022081,0.01703436,-0.00105549
0.23032082,0.01800856,-0.00101837
0.23042084,0.01737364,-0.00096944
0.23052084,0.01896295,-0.00125607
0.23062085,0.01801274,-0.00074868
0.23072086,0.01927374,-0.00045689
0.23082086,0.01810071,-0.00038828
0.23092088,0.01905824,-0.00037873
0.23102089,0.01692526,0.00016879
0.23112090,0.01382168,0.00037259
0.23122090,0.01449265,0.00026243
0.23132091,0.00435689,0.00131314
0.23142093,0.00145472,0.00178383
0.23152094,-0.00014216,0.00174271
0.23162094,0.00087380,0.00128537
0.23172095,0.00168363,0.00083680
0.23182095,0.00102375,0.00068546
0.23192096,0.00001878,0.00074907
0.23202098,-0.00039498,0.00054064
0.23212099,-0.00014552,0.00028036
0.23222099,0.00067699,0.00016962
0.23232100,0.00118491,0.00013333
0.23242101,0.00109549,0.00010540
0.23252103,0.00157386,-0.00001673
0.23262103,0.00208131,-0.00028548
0.23272104,0.00249600,-0.00031338
0.23282104,0.00378136,-0.00053224
0.23292105,0.00400288,-0.00059550
0.23302107,0.00376867,-0.00066116
0.23312108,0.00236545,-0.00064448
0.23322108,0.00139105,-0.00066733
0.23332109,0.00008053,-0.00047119
0.23342110,-0.00000638,-0.00063248
0.23352112,0.00040871,-0.00054295
0.23362112,0.00049927,-0.00055876
0.23372113,0.00033110,-0.00025453
0.23382114,0.00128148,-0.00050744
0.23392114,0.00147485,-0.00001796
0.23402115,0.00029224,-0.00016171
0.23412117,0.00031544,0.00017833
0.23422118,0.00130246,-0.00018398
0.23432118,0.00121574,-0.00005026
0.23442119,0.00158824,-0.00033222
0.23452119,0.00133587,-0.00003414
0.23462122,0.00235268,-0.00039421
0.23472122,0.00333027,-0.00036022
0.23482123,0.00382717,-0.00033730
0.23492123,0.00369318,-0.00049720
0.23502124,0.00401453,-0.00073988
0.23512126,0.00329684,-0.00058742
0.23522127,0.00414764,-0.00078100
0.23532127,0.00390287,-0.00044679
0.23542128,0.00465254,-0.00068623
0.23552129,0.00483317,-0.00055799
0.23562131,0.00525577,-0.00042828
0.23572131,0.00512969,0.00003585
0.23582132,0.00528902,-0.00002945
0.23592133,0.00584159,-0.00011628
0.23602133,0.00590195,-0.00007255
0.23612134,0.00617634,-0.00009569
0.23622136,0.00664560,-0.00033000
0.23632137,0.00658946,-0.00027196
0.23642137,0.00806522,-0.00050215
0.23652138,0.00827304,-0.00047424
0.23662138,0.00857830,-0.00045147
0.23672141,0.00824952,-0.00008342
0.23682141,0.00907840,-0.00042116
0.23692142,0.00958301,-0.00059718
0.23702142,0.01021644,-0.00068189
0.23712143,0.00927835,-0.00032779
0.23722145,0.00990579,-0.00013011
0.23732146,0.00942665,-0.00005677
0.23742146,0.01017334,-0.00029279
0.23752147,0.01052207,0.00002375
0.23762148,0.01093433,0.00028493
0.23772150,0.01054433,0.00011699
0.23782150,0.01137872,-0.00014047
0.23792151,0.01023370,0.00009930
0.23802151,0.01021549,0.00011707
0.23812152,0.00978565,0.00018331
0.23822153,0.01037107,0.00012362
0.23832155,0.01143666,-0.00041546
0.23842155,0.01111183,-0.00026002
0.23852156,0.01064749,-0.00036449
0.23862157,0.01077988,-0.00038506
0.23872157,0.01183781,-0.00040742
0.23882159,0.01160196,-0.00021824
0.23892160,0.01155347,-0.00010924
0.23902161,0.01117403,-0.00004680
0.23912161,0.01289979,-0.00037465
0.23922162,0.01185213,-0.00005971
0.23932164,0.01267345,-0.00011537
0.23942165,0.01248723,-0.00036384
0.23952165,0.01298511,0.00003203
0.23962166,0.01362234,-0.00005921
0.23972166,0.01300338,-0.00012871
0.23982167,0.01319659,-0.00017465
0.23992169,0.01411677,-0.00051187
0.24002170,0.01375346,-0.00058493
0.24012170,0.01458733,-0.00048282
0.24022171,0.01482916,-0.00067431
0.24032172,0.01513405,-0.00052253
0.24042174,0.01475808,-0.00040455
0.24052174,0.01483488,-0.00008341
0.24062175,0.01454515,0.00019842
0.24072176,0.01492477,0.00003136
0.24082176,0.01599213,0.00009082
0.24092178,0.01630075,0.00012477
0.24102179,0.01625084,0.00011963
0.24112180,0.01523481,0.00038857
0.24122180,0.01567347,0.00038056
0.24132181,0.01720873,0.00005116
0.24142183,0.01641625,0.00014434
0.24152184,0.01635010,0.00011351
0.24162184,0.01745220,-0.00028143
0.24172185,0.01729015,-0.00017912
0.24182185,0.01721027,-0.00015268
0.24192186,0.01626286,0.00004718
0.24202188,0.01700238,-0.00001448
0.24212189,0.01705558,-0.00015719
0.24222189,0.01832385,-0.00009739
0.24232190,0.01775923,0.00004074
0.24242191,0.01863872,0.00003036
0.24252193,0.01799080,-0.00002694
0.24262193,0.01926405,0.00002668
0.24272194,0.01880940,0.00015964
0.24282195,0.01955287,-0.00003585
0.24292195,0.01886949,-0.00007010
0.24302197,0.01924915,0.00004211
0.24312198,0.01872823,-0.00003626
0.24322198,0.01828229,-0.00004181
0.24332199,0.01840482,-0.00005969
0.24342200,0.02016304,-0.00038302
0.24352202,0.01935396,-0.00031097
0.24362202,0.02051419,-0.00057563
0.24372203,0.01858389,-0.00012983
0.24382204,0.01944103,0.00007850
0.24392204,0.01994833,-0.00011206
0.24402205,0.01891576,0.00021127
0.24412207,0.01923743,0.00014815
0.24422208,0.01782892,0.00037549
0.24432208,0.01801196,0.00047066
0.24442209,0.01762381,0.00024541
0.24452209,0.01863142,0.00018455
0.24462212,0.01847803,0.00017082
0.24472212,0.01944429,0.00018174
0.24482213,0.01898221,0.00004931
0.24492213,0.01931143,0.00002015
0.24502214,0.01911306,-0.00006434
0.24512216,0.02039484,-0.00025078
0.24522217,0.01911892,-0.00015122
0.24532217,0.01918584,-0.00007351
0.24542218,0.01866435,0.00014378
0.24552219,0.01982253,0.00002708
0.24562221,0.01859418,0.00015403
0.24572221,0.01934816,-0.00013280
0.24582222,0.01835661,0.00020637
0.24592223,0.01840406,0.00033395
0.24602223,0.01891478,0.00018667
0.24612224,0.01743861,0.00021462
0.24622226,0.01886443,0.00020289
0.24632227,0.01834596,0.00012179
0.24642227,0.01938181,-0.00010923
0.24652228,0.01764757,0.00039801
0.24662228,0.01854267,-0.00004358
0.24672231,0.01761897,0.00013055
0.24682231,0.01899098,-0.00000274
0.24692232,0.01826451,-0.00009583
0.24702232,0.01833969,-0.00012230
0.24712233,0.01856078,-0.00035250
0.24722235,0.01861090,-0.00032920
0.24732236,0.01735106,-0.00002473
0.24742236,0.01872746,0.00007215
0.24752237,0.01829867,0.00020999
0.24762238,0.01887556,0.00036989
0.24772240,0.01785170,0.00032925
0.24782240,0.01656576,0.00044015
0.24792241,0.01813826,0.00023880
0.24802242,0.01818733,0.00021476
0.24812242,0.01791753,0.00018628
0.24822243,0.01711214,0.00010810
0.24832245,0.01711730,0.00020916
0.24842245,0.01610680,0.00002392
0.24852246,0.01714738,-0.00014873
0.24862247,0.01644775,0.00005607
0.24872247,0.01674079,0.00016777
0.24882249,0.01620773,0.00008259
0.24892250,0.01676779,0.00014603
0.24902251,0.01438620,0.00076407
0.24912251,0.01492041,0.00037111
0.24922252,0.01319773,0.00044321
0.24932254,0.01309821,0.00030410
0.24942255,0.01204457,0.00022850
0.24952255,0.01171955,0.00022656
0.24962256,0.01116538,0.00011603
0.24972256,0.01150759,-0.00031380
0.24982257,0.01129204,-0.00061270
0.24992259,0.01156734,-0.00081606
0.25002260,0.01058873,-0.00101663
0.25012260,0.01044234,-0.00138015
0.25022261,0.01098196,-0.00133875
0.25032262,0.01390402,-0.00179939
0.25042264,0.01495439,-0.00237382
0.25052264,0.01787694,-0.00326484
0.25062265,0.01380942,-0.00247763
0.25072266,0.01159465,-0.00260103
0.25082266,0.00724853,-0.00254538
0.25092268,0.00165238,-0.00490808
0.25102269,-0.01181672,-0.00285503
0.25112270,0.08499699,0.08496820
0.25122270,0.08499696,0.08499687
0.25132271,0.08499697,0.08499674
0.25142273,0.08499721,0.08499562
0.25152274,0.08499714,0.08499526
0.25162274,0.08499715,0.08499455
0.25172275,0.08499850,0.08499433
0.25182275,0.08499935,0.08499433
0.25192276,0.08499879,0.08499433
0.25202278,0.08499827,0.08499433
0.25212279,0.08499797,0.08499519
0.25222279,0.08499771,0.08499585
0.25232280,0.08499742,0.08499530
0.25242281,0.08499725,0.08499629
0.25252283,0.08499725,0.08499668
0.25262283,0.08499724,0.08499682
0.25272284,0.08499718,0.08499632
0.25282285,0.08499715,0.08499674
0.25292285,0.08499718,0.08499697
0.25302287,0.08499718,0.08499701
0.25312288,0.08499719,0.08499702
0.25322289,0.08499720,0.08499704
0.25332289,0.08499720,0.08499705
0.25342290,0.08499721,0.08499705
0.25352292,0.08499721,0.08499706
0.25362292,0.08499721,0.08499706
0.25372293,0.08499721,0.08499704
0.25382294,0.08499722,0.08499705
0.25392294,0.08499721,0.08499704
0.25402295,0.08499721,0.08499705
0.25412297,0.08499721,0.08499703
0.25422298,0.08499721,0.08499703
0.25432298,0.08499722,0.08499703
0.25442299,0.08499722,0.08499700
0.25452299,0.08499722,0.08499701
0.25462302,0.08499723,0.08499699
0.25472302,0.08499722,0.08499700
0.25482303,0.08499724,0.08499699
0.25492303,0.08499723,0.08499696
0.25502304,0.08499724,0.08499698
0.25512306,0.08499724,0.08499696
0.25522307,0.08499724,0.08499695
0.25532307,0.08499725,0.08499696
0.25542308,0.08499725,0.08499696
0.25552309,0.08499725,0.08499695
0.25562311,0.08499725,0.08499696
0.25572311,0.08499725,0.08499695
0.25582312,0.08499727,0.08499695
0.25592313,0.08499725,0.08499693
0.25602313,0.08499725,0.08499692
0.25612314,0.08499725,0.08499695
0.25622314,0.08499726,0.08499694
0.25632315,0.08499727,0.08499692
0.25642319,0.08499727,0.08499694
0.25652319,0.08499727,0.08499692
0.25662320,0.08499727,0.08499692
0.25672321,0.08499727,0.08499695
0.25682321,0.08499727,0.08499694
0.25692322,0.08499728,0.08499694
0.25702322,0.08499727,0.08499694
0.25712323,0.08499727,0.08499692
0.25722324,0.08499729,0.08499691
0.25732324,0.08499729,0.08499692
0.25742325,0.08499728,0.08499694
0.25752328,0.08499727,0.08499699
0.25762329,0.08499727,0.08499696
0.25772330,0.08499726,0.08499699
0.25782330,0.08499727,0.08499700
0.25792331,0.08499727,0.08499701
0.25802332,0.08499725,0.08499701
0.25812332,0.08499724,0.08499701
0.25822333,0.08499724,0.08499704
0.25832333,0.08499725,0.08499702
0.25842334,0.08499727,0.08499703
0.25852338,0.08499726,0.08499705
0.25862338,0.08499724,0.08499704
0.25872339,0.08499724,0.08499704
0.25882339,0.08499726,0.08499704
0.25892340,0.08499724,0.08499704
0.25902341,0.08499724,0.08499704
0.25912341,0.08499724,0.08499706
0.25922342,0.08499725,0.08499703
0.25932343,0.08499724,0.08499705
0.25942343,0.08499724,0.08499705
0.25952344,0.08499723,0.08499706
0.25962347,0.08499723,0.08499706
0.25972348,0.08499724,0.08499707
0.25982349,0.08499723,0.08499707
0.25992349,0.08499723,0.08499707
0.26002350,0.08499723,0.08499707
0.26012350,0.08499723,0.08499707
0.26022351,0.08499723,0.08499707
0.26032352,0.08499721,0.08499707
0.26042352,0.08499721,0.08499707
0.26052353,0.08499722,0.08499707
0.26062357,0.08499722,0.08499707
0.26072357,0.08499722,0.08499707
0.26082358,0.08499722,0.08499708
0.26092358,0.08499721,0.08499708
0.26102359,0.08499722,0.08499708
0.26112360,0.08499722,0.08499708
0.26122360,0.08499722,0.08499708
0.26132361,0.08499723,0.08499708
0.26142361,0.08499721,0.08499709
0.26152362,0.08499722,0.08499708
0.26162363,0.08499723,0.08499709
0.26172366,0.08499722,0.08499708
0.26182367,0.08499721,0.08499709
0.26192368,0.08499721,0.08499709
0.26202368,0.08499721,0.08499708
0.26212369,0.08499721,0.08499709
0.26222369,0.08499721,0.08499709
0.26232370,0.08499721,0.08499709
0.26242371,0.08499721,0.08499709
0.26252371,0.08499721,0.08499709
0.26262372,0.08499722,0.08499709
0.26272375,0.08499721,0.08499709
0.26282376,0.08499721,0.08499710
0.26292377,0.08499721,0.08499709
0.26302377,0.08499721,0.08499710
0.26312378,0.08499721,0.08499710
0.26322379,0.08499721,0.08499710
0.26332379,0.08499721,0.08499710
0.26342380,0.08499720,0.08499710
0.26352380,0.08499721,0.08499710
0.26362381,0.08499721,0.08499710
0.26372382,0.08499719,0.08499711
0.26382385,0.08499719,0.08499712
0.26392386,0.08499720,0.08499711
0.26402386,0.08499722,0.08499707
0.26412387,0.08499724,0.08499702
0.26422388,0.08499727,0.08499710
0.26432388,0.08499734,0.08499721
0.26442389,0.08499756,0.08499768
0.26452390,0.08499772,0.08499799
0.26462390,0.08499786,0.08499825
0.26472391,0.08499797,0.08499847
0.26482391,0.08499801,0.08499859
0.26492395,0.08499806,0.08499886
0.26502396,0.08499810,0.08499919
0.26512396,0.08499816,0.08499959
0.26522397,0.08499836,0.08499967
0.26532397,0.08499863,0.08500000
0.26542398,0.08499879,0.08500000
0.26552399,0.08499884,0.08500000
0.26562399,0.08499906,0.08500000
0.26572400,0.08499910,0.08500000
0.26582401,0.08499920,0.08500000
0.26592404,0.08499908,0.08500000
0.26602405,0.08499871,0.08499810
0.26612405,0.08499834,0.08499717
0.26622406,0.08499768,0.08498089
0.26632407,0.08499758,0.08497498
0.26642407,-0.01770347,0.03030867
0.26652408,-0.00762304,0.02237486
0.26662408,-0.00019981,0.01676560
0.26672409,0.00492974,0.01236274
0.26682410,0.00758806,0.00924394
0.26692410,0.00918785,0.00767005
0.26702414,0.00988728,0.00663817
0.26712415,0.01060185,0.00586408
0.26722415,0.01117492,0.00500303
0.26732416,0.01142293,0.00454872
0.26742416,0.01212051,0.00391221
0.26752417,0.01292656,0.00323115
0.26762418,0.01349702,0.00264920
0.26772418,0.01469279,0.00198895
0.26782419,0.01656101,0.00187065
0.26792419,0.01697748,0.00148433
0.26802423,0.01892944,0.00097154
0.26812424,0.01937327,0.00077014
0.26822424,0.02246579,0.00016346
0.26832425,0.02232173,-0.00025335
0.26842426,0.02422588,-0.00080711
0.26852426,0.02374125,-0.00109993
0.26862427,0.02543090,-0.00135833
0.26872427,0.02513773,-0.00106689
0.26882428,0.02739019,-0.00136741
0.26892429,0.02705526,-0.00103648
0.26902429,0.02887741,-0.00104425
0.26912433,0.03051370,-0.00087109
0.26922433,0.02993256,-0.00084530
0.26932434,0.03291943,-0.00100640
0.26942435,0.03133675,-0.00086896
0.26952435,0.03269960,-0.00058844
0.26962436,0.03187494,-0.00059300
0.26972437,0.03359652,-0.00068770
0.26982437,0.03243177,-0.00052494
0.26992438,0.03439014,-0.00075646
0.27002438,0.03263611,-0.00018717
0.27012442,0.03390557,-0.00025441
0.27022443,0.02830685,0.00069637
0.27032443,0.02878880,0.00092314
0.27042444,0.02534026,0.00119478
0.27052444,0.02598642,0.00138985
0.27062445,0.02447966,0.00151359
0.27072446,0.02577612,0.00141757
0.27082446,0.02393152,0.00147572
0.27092447,0.02525841,0.00126749
0.27102448,0.02353160,0.00110216
0.27112448,0.02421620,0.00106901
0.27122452,0.02299187,0.00104401
0.27132452,0.02347210,0.00098105
0.27142453,0.02277868,0.00087447
0.27152454,0.02138825,0.00053528
0.27162454,0.00666023,0.00198660
0.27172455,0.00408476,0.00208443
0.27182455,0.00337597,0.00167790
0.27192456,0.00307788,0.00154584
0.27202457,0.00384914,0.00121096
0.27212457,0.00431100,0.00117463
0.27222461,0.00350299,0.00107826
0.27232462,0.00333815,0.00086948
0.27242462,0.00340506,0.00046419
0.27252463,0.00421622,0.00008309
0.27262463,0.00348864,-0.00002813
0.27272464,0.00242584,-0.00005079
0.27282465,0.00271543,-0.00036759
0.27292465,0.00304958,-0.00054148
0.27302466,0.00273678,-0.00063166
0.27312466,0.00236581,-0.00050451
0.27322467,0.00228590,-0.00068398
0.27332471,0.00234448,-0.00086547
0.27342471,0.00287919,-0.00111425
0.27352472,0.00314551,-0.00121457
0.27362473,0.00356298,-0.00122979
0.27372473,0.00419724,-0.00116852
0.27382474,0.00413106,-0.00100029
0.27392474,0.00392515,-0.00064537
0.27402475,0.00262128,-0.00039177
0.27412476,0.00246277,-0.00021743
0.27422476,0.00241076,-0.00001413
0.27432480,0.00141328,0.00003809
0.27442480,0.00137368,0.00017573
0.27452481,0.00209993,-0.00008539
0.27462482,0.00204199,-0.00015901
0.27472482,0.00184749,-0.00015714
0.27482483,0.00154140,-0.00027311
0.27492484,0.00053871,0.00000496
0.27502484,0.00002215,-0.00001030
0.27512485,0.00064375,-0.00028138
0.27522485,0.00138385,-0.00025665
0.27532486,0.00177761,-0.00032850
0.27542490,0.00312454,-0.00048879
0.27552490,0.00285657,-0.00051730
0.27562491,0.00197567,-0.00021645
0.27572491,0.00195900,-0.00029064
0.27582492,0.00289016,-0.00038890
0.27592493,0.00274711,-0.00023023
0.27602493,0.00279553,-0.00020640
0.27612494,0.00275871,-0.00028720
0.27622495,0.00312113,-0.00027404
0.27632495,0.00401191,-0.00046515
0.27642499,0.00448725,-0.00072055
0.27652499,0.00412027,-0.00057090
0.27662500,0.00455313,-0.00076887
0.27672501,0.00454555,-0.00080458
0.27682501,0.00501591,-0.00084642
0.27692502,0.00422646,-0.00052800
0.27702502,0.00566679,-0.00072808
0.27712503,0.00476468,-0.00007300
0.27722504,0.00503005,0.00002167
0.27732504,0.00557274,-0.00014434
0.27742505,0.00678315,-0.00028570
0.27752509,0.00732392,-0.00027751
0.27762509,0.00752632,-0.00013892
0.27772510,0.00741678,-0.00027657
0.27782510,0.00817848,-0.00023027
0.27792511,0.00796124,0.00011591
0.27802512,0.00779868,0.00000948
0.27812512,0.00840364,-0.00018332
0.27822513,0.00872488,-0.00006659
0.27832513,0.00935343,-0.00020507
0.27842514,0.01030054,-0.00044018
0.27852518,0.00997298,-0.00027982
0.27862518,0.01117232,-0.00055965
0.27872519,0.01061336,-0.00031801
0.27882520,0.01094887,-0.00021109
0.27892520,0.01035712,0.00009235
0.27902521,0.01069236,0.00019840
0.27912521,0.01081495,0.00007832
0.27922522,0.01153592,0.00025896
0.27932523,0.00986913,0.00059374
0.27942523,0.01193808,0.00008274
0.27952524,0.01114787,0.00015085
0.27962527,0.01238189,-0.00008601
0.27972528,0.01196554,-0.00008305
0.27982529,0.01294223,-0.00035570
0.27992529,0.01197836,-0.00048497
0.28002530,0.01191674,-0.00020867
0.28012531,0.01236898,-0.00057559
0.28022531,0.01424246,-0.00065530
0.28032532,0.01312701,-0.00048477
0.28042532,0.01331415,-0.00023960
0.28052533,0.01366936,-0.00031179
0.28062537,0.01340225,-0.00032018
0.28072537,0.01331256,-0.00012622
0.28082538,0.01357065,-0.00000389
0.28092538,0.01327347,0.00034758
0.28102539,0.01343196,0.00021711
0.28112540,0.01392314,0.00024950
0.28122540,0.01351198,0.00011263
0.28132541,0.01392312,-0.00016050
0.28142542,0.01472052,0.00007242
0.28152542,0.01493381,-0.00026281
0.28162543,0.01417311,-0.00033038
0.28172546,0.01504957,-0.00048033
0.28182547,0.01539033,-0.00060921
0.28192548,0.01603364,-0.00055975
0.28202548,0.01474886,-0.00014292
0.28212549,0.01648016,-0.00035577
0.28222549,0.01587441,-0.00017054
0.28232550,0.01587211,-0.00000838
0.28242551,0.01558788,0.00016631
0.28252551,0.01719001,0.00008498
0.28262552,0.01676061,-0.00001621
0.28272552,0.01638003,0.00011451
0.28282556,0.01590811,-0.00000349
0.28292557,0.01792069,-0.00040254
0.28302557,0.01706954,-0.00007945
0.28312558,0.01757491,-0.00026824
0.28322559,0.01741650,-0.00014092
0.28332559,0.01816630,-0.00019475
0.28342560,0.01685302,-0.00043764
0.28352560,0.01784846,-0.00028430
0.28362561,0.01800903,-0.00046363
0.28372562,0.01904355,-0.00053179
0.28382565,0.01851227,-0.00022747
0.28392566,0.01842365,-0.00014203
0.28402567,0.01931523,0.00021591
0.28412567,0.02013626,0.00022569
0.28422568,0.01965912,0.00010034
0.28432568,0.01862594,0.00048030
0.28442569,0.01968737,0.00022518
0.28452570,0.01937280,0.00032303
0.28462570,0.02054645,0.00027794
0.28472571,0.02042070,0.00034235
0.28482571,0.01976578,0.00010415
0.28492575,0.02019875,0.00003422
0.28502576,0.01962087,0.00006419
0.28512576,0.01827743,0.00001818
0.28522577,0.02017399,0.00019887
0.28532578,0.01994732,0.00013795
0.28542578,0.01993170,-0.00005283
0.28552579,0.01835429,0.00024124
0.28562579,0.01995010,0.00031376
0.28572580,0.01936201,0.00018008
0.28582581,0.02001661,0.00024601
0.28592584,0.01905839,0.00043207
0.28602585,0.01902553,0.00051881
0.28612585,0.01877310,0.00053790
0.28622586,0.01892873,0.00033877
0.28632587,0.01835674,0.00025133
0.28642587,0.01867780,0.00004739
0.28652588,0.01890113,-0.00017154
0.28662589,0.02007712,-0.00049538
0.28672589,0.01855055,-0.00040486
0.28682590,0.01955190,-0.00024356
0.28692590,0.01920395,-0.00032003
0.28702594,0.01811623,-0.00033640
0.28712595,0.01850698,-0.00020339
0.28722595,0.01739605,0.00006059
0.28732596,0.01860723,-0.00000942
0.28742596,0.01772813,0.00008692
0.28752597,0.01810453,0.00015255
0.28762598,0.01703626,0.00016270
0.28772598,0.01734188,0.00030952
0.28782599,0.01726688,0.00030584
0.28792599,0.01748392,0.00037693
0.28802603,0.01797774,0.00022713
0.28812604,0.01894849,-0.00000518
0.28822604,0.01840358,-0.00000184
0.28832605,0.01838946,-0.00018514
0.28842606,0.01820366,-0.00014043
0.28852606,0.01857518,-0.00024247
0.28862607,0.01640906,-0.00009617
0.28872607,0.01727432,-0.00003855
0.28882608,0.01651142,0.00020417
0.28892609,0.01488057,0.00048525
0.28902609,0.01626282,0.00050025
0.28912613,0.01618892,0.00055221
0.28922614,0.01603052,0.00036497
0.28932614,0.01662055,0.00042151
0.28942615,0.01627016,0.00039769
0.28952615,0.01721301,0.00025987
0.28962616,0.01664779,0.00004642
0.28972617,0.01674015,0.00012622
0.28982617,0.01689476,-0.00005667
0.28992618,0.01649754,-0.00022359
0.29002618,0.01649270,-0.00030933
0.29012622,0.01595121,-0.00030129
0.29022623,0.01613628,-0.00035230
0.29032623,0.01554615,-0.00041866
0.29042624,0.01623432,-0.00050051
0.29052625,0.01584903,-0.00007402
0.29062625,0.01578948,-0.00010204
0.29072626,0.01396913,0.00017512
0.29082626,0.01322780,0.00013506
0.29092627,0.01257120,-0.00004613
0.29102628,0.01291673,-0.00004914
0.29112628,0.01237199,0.00004011
0.29122632,0.01255323,-0.00049854
0.29132632,0.01215807,-0.00079601
0.29142633,0.01224973,-0.00085988
0.29152634,0.01141382,-0.00091322
0.29162634,0.01179422,-0.00106994
0.29172635,0.01105217,-0.00074156
0.29182635,0.01277057,-0.00115016
0.29192636,0.01425726,-0.00127714
0.29202637,0.01595886,-0.00226965
0.29212637,0.01717834,-0.00258086
0.29222641,0.01311404,-0.00236171
0.29232642,0.00773961,-0.00144248
0.29242642,-0.00156249,-0.00070605
0.29252643,0.08499712,0.08497036
0.29262643,0.08499704,0.08496792
0.29272644,0.08499701,0.08499692
0.29282645,0.08499704,0.08499669
0.29292645,0.08499723,0.08499563
0.29302646,0.08499715,0.08499518
0.29312646,0.08499712,0.08499437
0.29322647,0.08499864,0.08499433
0.29332651,0.08499888,0.08499433
0.29342651,0.08499836,0.08499433
0.29352652,0.08499806,0.08499433
0.29362653,0.08499782,0.08499433
0.29372653,0.08499737,0.08499433
0.29382654,0.08499714,0.08499487
0.29392654,0.08499706,0.08499515
0.29402655,0.08499689,0.08499560
0.29412656,0.08499694,0.08499631
0.29422656,0.08499695,0.08499633
0.29432660,0.08499702,0.08499642
0.29442661,0.08499705,0.08499655
0.29452661,0.08499708,0.08499683
0.29462662,0.08499713,0.08499685
0.29472662,0.08499713,0.08499683
0.29482663,0.08499713,0.08499683
0.29492664,0.08499715,0.08499686
0.29502664,0.08499716,0.08499688
0.29512665,0.08499715,0.08499685
0.29522665,0.08499714,0.08499682
0.29532666,0.08499713,0.08499683
0.29542670,0.08499714,0.08499683
0.29552670,0.08499714,0.08499683
0.29562671,0.08499715,0.08499681
0.29572672,0.08499714,0.08499680
0.29582672,0.08499715,0.08499679
0.29592673,0.08499714,0.08499677
0.29602673,0.08499715,0.08499674
0.29612674,0.08499717,0.08499676
0.29622675,0.08499718,0.08499675
0.29632675,0.08499717,0.08499672
0.29642679,0.08499717,0.08499676
0.29652679,0.08499715,0.08499671
0.29662680,0.08499717,0.08499666
0.29672681,0.08499717,0.08499671
0.29682681,0.08499715,0.08499667
0.29692682,0.08499717,0.08499666
0.29702682,0.08499715,0.08499666
0.29712683,0.08499715,0.08499664
0.29722684,0.08499716,0.08499663
0.29732684,0.08499718,0.08499663
0.29742685,0.08499719,0.08499657
0.29752689,0.08499720,0.08499662
0.29762689,0.08499720,0.08499660
0.29772690,0.08499719,0.08499657
0.29782690,0.08499722,0.08499657
0.29792691,0.08499721,0.08499662
0.29802692,0.08499721,0.08499657
0.29812692,0.08499724,0.08499662
0.29822693,0.08499721,0.08499658
0.29832693,0.08499721,0.08499658
0.29842694,0.08499727,0.08499663
0.29852698,0.08499727,0.08499662
0.29862698,0.08499724,0.08499661
0.29872699,0.08499724,0.08499659
0.29882700,0.08499726,0.08499666
0.29892700,0.08499727,0.08499668
0.29902701,0.08499725,0.08499672
0.29912701,0.08499726,0.08499670
0.29922702,0.08499725,0.08499671
0.29932703,0.08499725,0.08499674
0.29942703,0.08499725,0.08499679
0.29952704,0.08499724,0.08499672
0.29962708,0.08499724,0.08499679
0.29972708,0.08499724,0.08499681
0.29982709,0.08499723,0.08499677
0.29992709,0.08499724,0.08499683
0.30002710,0.08499724,0.08499682
0.30012711,0.08499725,0.08499683
0.30022711,0.08499724,0.08499685
0.30032712,0.08499724,0.08499686
0.30042712,0.08499723,0.08499686
0.30052713,0.08499724,0.08499685
0.30062717,0.08499724,0.08499690
0.30072717,0.08499723,0.08499686
0.30082718,0.08499723,0.08499686
0.30092719,0.08499722,0.08499691
0.30102719,0.08499724,0.08499691
0.30112720,0.08499724,0.08499690
0.30122720,0.08499722,0.08499693
0.30132721,0.08499722,0.08499694
0.30142722,0.08499723,0.08499693
0.30152722,0.08499722,0.08499693
0.30162723,0.08499722,0.08499694
0.30172726,0.08499721,0.08499695
0.30182727,0.08499721,0.08499695
0.30192728,0.08499721,0.08499694
0.30202728,0.08499721,0.08499695
0.30212729,0.08499721,0.08499695
0.30222729,0.08499721,0.08499695
0.30232730,0.08499721,0.08499695
0.30242731,0.08499721,0.08499695
0.30252731,0.08499722,0.08499695
0.30262732,0.08499723,0.08499697
0.30272733,0.08499721,0.08499695
0.30282736,0.08499721,0.08499696
0.30292737,0.08499721,0.08499697
0.30302737,0.08499721,0.08499697
0.30312738,0.08499721,0.08499696
0.30322739,0.08499721,0.08499697
0.30332739,0.08499721,0.08499698
0.30342740,0.08499722,0.08499698
0.30352740,0.08499721,0.08499697
0.30362741,0.08499721,0.08499697
0.30372742,0.08499720,0.08499697
0.30382745,0.08499721,0.08499698
0.30392746,0.08499721,0.08499698
0.30402747,0.08499721,0.08499698
0.30412747,0.08499721,0.08499698
0.30422748,0.08499720,0.08499698
0.30432748,0.08499720,0.08499699
0.30442749,0.08499721,0.08499699
0.30452750,0.08499721,0.08499699
0.30462750,0.08499719,0.08499701
0.30472751,0.08499718,0.08499703
0.30482751,0.08499718,0.08499693
0.30492755,0.08499718,0.08499693
0.30502756,0.08499720,0.08499690
0.30512756,0.08499714,0.08499679
0.30522757,0.08499722,0.08499711
0.30532758,0.08499738,0.08499739
0.30542758,0.08499756,0.08499772
0.30552759,0.08499771,0.08499799
0.30562759,0.08499786,0.08499832
0.30572760,0.08499799,0.08499864
0.30582761,0.08499807,0.08499887
0.30592764,0.08499811,0.08499911
0.30602765,0.08499826,0.08499938
0.30612766,0.08499830,0.08499963
0.30622766,0.08499832,0.08499988
0.30632767,0.08499859,0.08499984
0.30642767,0.08499876,0.08500000
0.30652768,0.08499895,0.08500000
0.30662769,0.08499901,0.08500000
0.30672769,0.08499887,0.08500000
0.30682770,0.08499879,0.08500000
0.30692770,0.08499825,0.08499717
0.30702774,0.08499781,0.08497895
0.30712775,0.08499760,0.08497551
0.30722775,-0.02403695,0.03094667
0.30732776,-0.01113017,0.02274678
0.30742776,-0.00280379,0.01776719
0.30752777,0.00378120,0.01314541
0.30762778,0.00825139,0.01005933
0.30772778,0.01089350,0.00793975
0.30782779,0.01205342,0.00642346
0.30792780,0.01225738,0.00586137
0.30802783,0.01236368,0.00516276
0.30812784,0.01286604,0.00407238
0.30822784,0.01337487,0.00368538
0.30832785,0.01373324,0.00288346
0.30842786,0.01441725,0.00217169
0.30852786,0.01558444,0.00151865
0.30862787,0.01566118,0.00124978
0.30872787,0.01822291,0.00074897
0.30882788,0.01870278,0.00058474
0.30892789,0.02048958,0.00034733
0.30902789,0.02251488,-0.00004967
0.30912793,0.02303402,-0.00026535
0.30922794,0.02343755,-0.00061060
0.30932794,0.02558529,-0.00104616
0.30942795,0.02521147,-0.00123437
0.30952795,0.02722155,-0.00123172
0.30962796,0.02679270,-0.00117692
0.30972797,0.03135081,-0.00159903
0.30982797,0.03126684,-0.00152299
0.30992798,0.03369194,-0.00166246
0.31002798,0.03284327,-0.00140132
0.31012802,0.03164852,-0.00068073
0.31022803,0.03236861,-0.00070974
0.31032803,0.03439452,-0.00073725
0.31042804,0.03299216,-0.00017958
0.31052805,0.03378945,-0.00000931
0.31062805,0.03323148,0.00029980
0.31072806,0.03514249,0.00005824
0.31082806,0.02768398,0.00140137
0.31092807,0.02449922,0.00203513
0.31102808,0.02454570,0.00225356
0.31112808,0.02465346,0.00227738
0.31122812,0.02260627,0.00246429
0.31132813,0.02265067,0.00227114
0.31142813,0.02190093,0.00161185
0.31152814,0.02091959,0.00157488
0.31162814,0.02083602,0.00100193
0.31172815,0.02241300,0.00042879
0.31182816,0.02086915,0.00043542
0.31192816,0.02183689,0.00025647
0.31202817,0.02066865,0.00019344
0.31212817,0.01829264,0.00066205
0.31222821,0.01853747,0.00055399
0.31232822,0.01747899,0.00076727
0.31242822,0.01706880,0.00053820
0.31252823,0.00500162,0.00168827
0.31262823,0.00210855,0.00180610
0.31272824,0.00102205,0.00159950
0.31282825,0.00099225,0.00136022
0.31292825,0.00064553,0.00100469
0.31302826,0.00045635,0.00087295
0.31312827,-0.00052026,0.00080138
0.31322827,-0.00072636,0.00033775
0.31332831,-0.00130297,-0.00002850
0.31342831,-0.00153721,-0.00018980
0.31352832,-0.00048467,-0.00065277
0.31362833,-0.00120150,-0.00078618
0.31372833,-0.00053970,-0.00086834
0.31382834,0.00014772,-0.00097736
0.31392834,0.00098104,-0.00090521
0.31402835,0.00092393,-0.00086232
0.31412836,0.00095085,-0.00068132
0.31422836,0.00108897,-0.00067650
0.31432840,0.00144910,-0.00081044
0.31442841,0.00136337,-0.00088227
0.31452841,0.00238653,-0.00107968
0.31462842,0.00200138,-0.00098221
0.31472842,0.00222232,-0.00115070
0.31482843,0.00131744,-0.00075906
0.31492844,0.00146658,-0.00080103
0.31502844,0.00175255,-0.00066524
0.31512845,0.00232224,-0.00077091
0.31522845,0.00229481,-0.00052321
0.31532846,0.00277252,-0.00053749
0.31542850,0.00267455,0.00002070
0.31552850,0.00264382,-0.00018966
0.31562851,0.00298448,-0.00026439
0.31572852,0.00366613,-0.00021685
0.31582852,0.00402016,-0.00018222
0.31592853,0.00430715,-0.00019393
0.31602853,0.00396931,0.00000174
0.31612854,0.00373480,0.00013337
0.31622855,0.00422997,-0.00002245
0.31632855,0.00447120,-0.00006844
0.31642859,0.00434601,-0.00018412
0.31652859,0.00489933,-0.00037991
0.31662860,0.00425439,-0.00053825
0.31672861,0.00463312,-0.00066534
0.31682861,0.00572080,-0.00096705
0.31692862,0.00531995,-0.00076369
0.31702863,0.00547583,-0.00042738
0.31712863,0.00524555,-0.00030906
0.31722864,0.00638002,-0.00027159
0.31732864,0.00567124,0.00002458
0.31742865,0.00651614,-0.00019041
0.31752869,0.00599757,0.00013434
0.31762869,0.00662392,0.00001121
0.31772870,0.00631977,0.00007621
0.31782870,0.00720916,-0.00005315
0.31792871,0.00776116,-0.00016142
0.31802872,0.00753057,-0.00022178
0.31812872,0.00758708,0.00003227
0.31822873,0.00887718,-0.00040485
0.31832874,0.00824831,-0.00036538
0.31842874,0.00852556,-0.00043907
0.31852878,0.00903153,-0.00054966
0.31862878,0.00869235,-0.00039907
0.31872879,0.00957402,-0.00049289
0.31882880,0.01017203,-0.00038274
0.31892880,0.00965107,-0.00002845
0.31902881,0.01132314,-0.00031825
0.31912881,0.01082216,0.00002765
0.31922882,0.01124084,0.00001047
0.31932883,0.01199342,-0.00009188
0.31942883,0.01225938,-0.00005431
0.31952884,0.01162945,-0.00010725
0.31962888,0.01218494,-0.00016050
0.31972888,0.01211335,-0.00027272
0.31982889,0.01269531,-0.00022870
0.31992889,0.01337653,-0.00034671
0.32002890,0.01365265,-0.00035756
0.32012891,0.01316153,-0.00048287
0.32022891,0.01309706,-0.00028536
0.32032892,0.01290238,-0.00016270
0.32042892,0.01529131,-0.00050047
0.32052893,0.01452718,-0.00014177
0.32062897,0.01512953,-0.00016204
0.32072897,0.01438625,-0.00008786
0.32082898,0.01395933,0.00011550
0.32092899,0.01386804,0.00036499
0.32102899,0.01455800,0.00042429
0.32112900,0.01442117,0.00046175
0.32122900,0.01513368,0.00016365
0.32132901,0.01498461,0.00030989
0.32142902,0.01559731,-0.00002080
0.32152902,0.01512763,-0.00001876
0.32162903,0.01576091,-0.00027585
0.32172906,0.01534602,-0.00044422
0.32182907,0.01608709,-0.00028154
0.32192908,0.01544041,-0.00015974
0.32202908,0.01581599,-0.00036009
0.32212909,0.01713456,-0.00024759
0.32222910,0.01757960,0.00000453
0.32232910,0.01799164,-0.00025975
0.32242911,0.01806943,0.00000336
0.32252911,0.01831134,-0.00018179
0.32262912,0.01913069,-0.00031235
0.32272913,0.01846109,-0.00008243
0.32282916,0.01928319,-0.00023749
0.32292917,0.01865850,-0.00014450
0.32302917,0.01884558,-0.00010192
0.32312918,0.01922938,-0.00017971
0.32322919,0.01855213,-0.00012907
0.32332919,0.01849514,-0.00014182
0.32342920,0.01729596,-0.00018835
0.32352921,0.01760671,-0.00028308
0.32362921,0.01798227,-0.00022237
0.32372922,0.01790894,-0.00023399
0.32382925,0.01780115,-0.00006637
0.32392926,0.01831501,0.00013822
0.32402927,0.01765977,0.00028466
0.32412927,0.01904154,0.00014434
0.32422928,0.01849291,0.00034907
0.32432928,0.01928427,0.00019120
0.32442929,0.01916781,0.00026688
0.32452930,0.02011471,0.00010398
0.32462930,0.01944549,0.00001149
0.32472931,0.01987696,-0.00015370
0.32482932,0.01865680,0.00000935
0.32492935,0.01867181,0.00008128
0.32502936,0.01775078,0.00026760
0.32512936,0.01704393,0.00038175
0.32522937,0.01807673,0.00042615
0.32532938,0.01687251,0.00033818
0.32542938,0.01814882,0.00017935
0.32552939,0.01889922,0.00022922
0.32562939,0.01839186,0.00025216
0.32572940,0.01892642,0.00009219
0.32582941,0.01930637,0.00024571
0.32592944,0.01810429,0.00032315
0.32602945,0.01786901,0.00028748
0.32612946,0.01773576,0.00023826
0.32622946,0.01864193,-0.00003301
0.32632947,0.01779179,0.00004087
0.32642947,0.01840279,-0.00001681
0.32652948,0.01776679,-0.00002618
0.32662949,0.01780544,-0.00030532
0.32672949,0.01760988,-0.00049609
0.32682950,0.01816104,-0.00054172
0.32692950,0.01770589,-0.00054577
0.32702954,0.01893548,-0.00038749
0.32712955,0.01741223,0.00010096
0.32722955,0.01720166,0.00026114
0.32732956,0.01746879,0.00026765
0.32742957,0.01770232,0.00022218
0.32752957,0.01859386,0.00010211
0.32762958,0.01786777,0.00011569
0.32772958,0.01883532,0.00002872
0.32782959,0.01722582,0.00014834
0.32792960,0.01680524,0.00019130
0.32802963,0.01573292,0.00035877
0.32812964,0.01683284,0.00014338
0.32822964,0.01650176,0.00019973
0.32832965,0.01688264,0.00010877
0.32842966,0.01618146,-0.00016723
0.32852966,0.01594284,-0.00000877
0.32862967,0.01698443,-0.00027121
0.32872968,0.01715554,-0.00026422
0.32882968,0.01576304,0.00003810
0.32892969,0.01616945,0.00004545
0.32902969,0.01665327,0.00013989
0.32912973,0.01692581,0.00022116
0.32922974,0.01731755,0.00030107
0.32932974,0.01609656,0.00058310
0.32942975,0.01690438,0.00033626
0.32952975,0.01590287,0.00018190
0.32962976,0.01622505,-0.00004818
0.32972977,0.01535770,0.00005784
0.32982977,0.01595495,-0.00029583
0.32992978,0.01582839,-0.00020076
0.33002979,0.01631428,-0.00030099
0.33012982,0.01548375,-0.00018286
0.33022983,0.01652879,-0.00016874
0.33032983,0.01572158,-0.00013716
0.33042984,0.01646659,0.00011301
0.33052985,0.01591015,0.00001632
0.33062985,0.01637429,0.00007479
0.33072986,0.01627758,-0.00003772
0.33082986,0.01671210,0.00001824
0.33092987,0.01521867,0.00027930
0.33102988,0.01509561,0.00042444
0.33112988,0.01580929,0.00018596
0.33122992,0.01572271,0.00031172
0.33132993,0.01552211,0.00052695
0.33142993,0.01502784,0.00020110
0.33152994,0.01339364,0.00025566
0.33162994,0.01196254,0.00006921
0.33172995,0.01229936,0.00026010
0.33182996,0.01143638,-0.00016256
0.33192996,0.01129563,-0.00046184
0.33202997,0.01098434,-0.00056665
0.33212997,0.01115628,-0.00061330
0.33223001,0.01156451,-0.00073888
0.33233002,0.01190662,-0.00064081
0.33243002,0.01125286,-0.00084714
0.33253003,0.01029201,-0.00035590
0.33263004,0.01125602,-0.00001564
0.33273004,0.01328653,-0.00101819
0.33283005,0.01719551,-0.00245720
0.33293005,0.01649382,-0.00248276
0.33303006,0.01377440,-0.00313927
0.33313007,0.00275582,0.00023974
0.33323007,-0.00334762,-0.00247757
0.33333011,0.08499710,0.08497176
0.33343011,0.08499722,0.08497126
0.33353012,0.08499707,0.08499690
0.33363013,0.08499698,0.08499679
0.33373013,0.08499721,0.08499557
0.33383014,0.08499709,0.08499526
0.33393015,0.08499718,0.08499461
0.33403015,0.08499833,0.08499433
0.33413016,0.08499892,0.08499433
0.33423016,0.08499828,0.08499433
0.33433020,0.08499819,0.08499433
0.33443021,0.08499785,0.08499452
0.33453021,0.08499778,0.08499516
0.33463022,0.08499749,0.08499578
0.33473022,0.08499737,0.08499605
0.33483023,0.08499730,0.08499643
0.33493024,0.08499734,0.08499654
0.33503024,0.08499732,0.08499660
0.33513025,0.08499727,0.08499671
0.33523026,0.08499726,0.08499678
0.33533026,0.08499724,0.08499677
0.33543030,0.08499722,0.08499680
0.33553030,0.08499721,0.08499684
0.33563031,0.08499720,0.08499687
0.33573032,0.08499722,0.08499687
0.33583032,0.08499721,0.08499678
0.33593033,0.08499718,0.08499683
0.33603033,0.08499722,0.08499686
0.33613034,0.08499724,0.08499684
0.33623035,0.08499723,0.08499688
0.33633035,0.08499723,0.08499689
0.33643039,0.08499724,0.08499685
0.33653040,0.08499726,0.08499686
0.33663040,0.08499725,0.08499686
0.33673041,0.08499727,0.08499683
0.33683041,0.08499727,0.08499685
0.33693042,0.08499727,0.08499684
0.33703043,0.08499727,0.08499683
0.33713043,0.08499727,0.08499680
0.33723044,0.08499729,0.08499677
0.33733044,0.08499727,0.08499683
0.33743045,0.08499730,0.08499680
0.33753049,0.08499729,0.08499680
0.33763049,0.08499730,0.08499683
0.33773050,0.08499728,0.08499680
0.33783051,0.08499728,0.08499683
0.33793051,0.08499731,0.08499677
0.33803052,0.08499729,0.08499677
0.33813052,0.08499731,0.08499678
0.33823053,0.08499733,0.08499675
0.33833054,0.08499731,0.08499674
0.33843054,0.08499731,0.08499681
0.33853058,0.08499731,0.08499676
0.33863058,0.08499734,0.08499674
0.33873059,0.08499732,0.08499683
0.33883060,0.08499735,0.08499680
0.33893060,0.08499731,0.08499679
0.33903061,0.08499733,0.08499679
0.33913062,0.08499732,0.08499679
0.33923062,0.08499736,0.08499679
0.33933063,0.08499734,0.08499676
0.33943063,0.08499731,0.08499678
0.33953064,0.08499736,0.08499680
0.33963068,0.08499733,0.08499678
0.33973068,0.08499733,0.08499686
0.33983069,0.08499730,0.08499692
0.33993069,0.08499731,0.08499689
0.34003070,0.08499733,0.08499690
0.34013071,0.08499730,0.08499692
0.34023071,0.08499731,0.08499689
0.34033072,0.08499728,0.08499694
0.34043073,0.08499730,0.08499694
0.34053073,0.08499729,0.08499695
0.34063077,0.08499728,0.08499696
0.34073077,0.08499727,0.08499698
0.34083078,0.08499726,0.08499698
0.34093079,0.08499727,0.08499698
0.34103079,0.08499727,0.08499699
0.34113080,0.08499727,0.08499701
0.34123080,0.08499727,0.08499701
0.34133081,0.08499725,0.08499702
0.34143082,0.08499726,0.08499701
0.34153082,0.08499726,0.08499701
0.34163083,0.08499726,0.08499701
0.34173087,0.08499726,0.08499703
0.34183087,0.08499725,0.08499705
0.34193088,0.08499725,0.08499704
0.34203088,0.08499725,0.08499704
0.34213089,0.08499725,0.08499704
0.34223090,0.08499725,0.08499703
0.34233090,0.08499725,0.08499704
0.34243091,0.08499724,0.08499705
0.34253091,0.08499724,0.08499705
0.34263092,0.08499723,0.08499705
0.34273093,0.08499724,0.08499705
0.34283096,0.08499724,0.08499706
0.34293097,0.08499724,0.08499706
0.34303098,0.08499723,0.08499707
0.34313098,0.08499724,0.08499706
0.34323099,0.08499724,0.08499707
0.34333099,0.08499723,0.08499707
0.34343100,0.08499724,0.08499707
0.34353101,0.08499724,0.08499707
0.34363101,0.08499724,0.08499707
0.34373102,0.08499722,0.08499707
0.34383105,0.08499722,0.08499707
0.34393106,0.08499722,0.08499707
0.34403107,0.08499722,0.08499708
0.34413107,0.08499723,0.08499707
0.34423108,0.08499722,0.08499708
0.34433109,0.08499723,0.08499708
0.34443109,0.08499722,0.08499709
0.34453110,0.08499721,0.08499709
0.34463110,0.08499723,0.08499709
0.34473111,0.08499721,0.08499709
0.34483112,0.08499722,0.08499709
0.34493115,0.08499721,0.08499709
0.34503116,0.08499721,0.08499710
0.34513116,0.08499722,0.08499710
0.34523117,0.08499722,0.08499710
0.34533118,0.08499721,0.08499710
0.34543118,0.08499721,0.08499710
0.34553119,0.08499720,0.08499711
0.34563120,0.08499719,0.08499712
0.34573120,0.08499719,0.08499711
0.34583121,0.08499720,0.08499709
0.34593124,0.08499720,0.08499707
0.34603125,0.08499723,0.08499713
0.34613126,0.08499735,0.08499729
0.34623126,0.08499748,0.08499755
0.34633127,0.08499761,0.08499774
0.34643127,0.08499770,0.08499809
0.34653128,0.08499783,0.08499832
0.34663129,0.08499795,0.08499861
0.34673129,0.08499804,0.08499894
0.34683130,0.08499794,0.08499914
0.34693130,0.08499801,0.08499938
0.34703134,0.08499832,0.08499958
0.34713135,0.08499836,0.08499970
0.34723135,0.08499850,0.08499977
0.34733136,0.08499843,0.08499972
0.34743137,0.08499847,0.08499982
0.34753137,0.08499846,0.08499973
0.34763138,0.08499840,0.08499814
0.34773138,0.08499804,0.08497422
0.34783139,0.08499774,0.08497785
0.34793140,0.08499779,0.08497533
0.34803143,-0.01928515,0.02776141
0.34813144,-0.00627951,0.02141978
0.34823145,0.00575635,0.01513478
0.34833145,0.01457586,0.01061002
0.34843146,0.01920184,0.00631700
0.34853146,0.02156177,0.00442741
0.34863147,0.02160264,0.00299190
0.34873148,0.02152346,0.00238059
0.34883148,0.02107897,0.00174706
0.34893149,0.02024433,0.00177020
0.34903149,0.01933827,0.00174483
0.34913153,0.01845353,0.00152273
0.34923154,0.01893256,0.00170834
0.34933154,0.01971429,0.00126709
0.34943155,0.01994349,0.00095417
0.34953156,0.01982888,0.00029552
0.34963156,0.02057920,-0.00008674
0.34973157,0.02323218,-0.00089473
0.34983157,0.02360017,-0.00124214
0.34993158,0.02556181,-0.00172621
0.35003159,0.02535199,-0.00196166
0.35013162,0.02775208,-0.00262249
0.35023163,0.02746233,-0.00233534
0.35033163,0.02894544,-0.00222187
0.35043164,0.03141204,-0.00247832
0.35053165,0.03095486,-0.00199214
0.35063165,0.03211102,-0.00184688
0.35073166,0.03214515,-0.00143410
0.35083167,0.03208857,-0.00104534
0.35093167,0.03257549,-0.00081904
0.35103168,0.03118735,-0.00025348
0.35113168,0.03304535,-0.00000894
0.35123172,0.03048388,0.00052586
0.35133173,0.02762285,0.00133054
0.35143173,0.02583603,0.00125978
0.35153174,0.02674141,0.00116944
0.35163174,0.02462939,0.00115016
0.35173175,0.02443139,0.00124818
0.35183176,0.02305777,0.00133971
0.35193176,0.02413929,0.00136344
0.35203177,0.02307160,0.00129398
0.35213177,0.02359682,0.00156257
0.35223181,0.02255533,0.00140261
0.35233182,0.02187292,0.00144713
0.35243182,0.02162135,0.00125120
0.35253183,0.02073917,0.00101760
0.35263184,0.01972870,0.00106050
0.35273184,0.01662075,0.00106560
0.35283185,0.01701012,0.00083247
0.35293185,0.01520024,0.00084943
0.35303186,0.00534194,0.00197886
0.35313187,0.00353386,0.00173676
0.35323187,0.00257669,0.00166585
0.35333191,0.00384628,0.00109974
0.35343192,0.00401925,0.00066494
0.35353192,0.00161528,0.00051577
0.35363193,0.00224346,0.00033008
0.35373193,0.00284483,-0.00023316
0.35383194,0.00252248,-0.00013971
0.35393195,0.00299091,-0.00034390
0.35403195,0.00179194,-0.00007570
0.35413196,0.00189410,-0.00014364
0.35423196,0.00144760,-0.00002201
0.35433200,0.00241599,-0.00015863
0.35443201,0.00237216,-0.00036192
0.35453201,0.00364873,-0.00083474
0.35463202,0.00404208,-0.00102997
0.35473203,0.00360395,-0.00116901
0.35483203,0.00350120,-0.00117699
0.35493204,0.00387700,-0.00132611
0.35503204,0.00352357,-0.00119310
0.35513205,0.00233863,-0.00104081
0.35523206,0.00257769,-0.00067432
0.35533206,0.00295412,-0.00077449
0.35543210,0.00307864,-0.00055754
0.35553210,0.00376902,-0.00076023
0.35563211,0.00260063,-0.00045085
0.35573212,0.00253645,-0.00037042
0.35583212,0.00199884,-0.00027956
0.35593213,0.00266469,-0.00047937
0.35603214,0.00282228,0.00002834
0.35613214,0.00397982,-0.00025314
0.35623215,0.00275984,0.00028143
0.35633215,0.00299542,0.00011671
0.35643219,0.00298973,-0.00011043
0.35653220,0.00325238,-0.00023546
0.35663220,0.00221673,-0.00019814
0.35673221,0.00377122,-0.00084490
0.35683221,0.00461653,-0.00081522
0.35693222,0.00379838,-0.00058253
0.35703223,0.00397530,-0.00059349
0.35713223,0.00398343,-0.00028299
0.35723224,0.00448850,-0.00016243
0.35733224,0.00340079,0.00027438
0.35743225,0.00424519,-0.00001280
0.35753229,0.00561156,-0.00027869
0.35763229,0.00472166,0.00001038
0.35773230,0.00546011,-0.00007223
0.35783231,0.00533452,-0.00048966
0.35793231,0.00673575,-0.00042122
0.35803232,0.00666608,-0.00050279
0.35813232,0.00570582,-0.00018473
0.35823233,0.00647085,0.00000561
0.35833234,0.00697139,-0.00005260
0.35843234,0.00776841,-0.00030047
0.35853238,0.00846154,-0.00028984
0.35863239,0.00796293,-0.00027509
0.35873239,0.00896070,-0.00037250
0.35883240,0.00857324,-0.00038510
0.35893240,0.00878013,-0.00041100
0.35903241,0.00850440,0.00000913
0.35913242,0.00893255,0.00010524
0.35923242,0.00910760,0.00016999
0.35933243,0.00899589,0.00024528
0.35943243,0.00988318,0.00036327
0.35953244,0.01035332,0.00002530
0.35963248,0.01024295,-0.00032842
0.35973248,0.01030730,-0.00060398
0.35983249,0.01077912,-0.00055571
0.35993250,0.01033203,-0.00069669
0.36003250,0.01177515,-0.00089748
0.36013251,0.01162403,-0.00056999
0.36023251,0.01133441,-0.00030716
0.36033252,0.01139575,-0.00017315
0.36043253,0.01237828,-0.00031142
0.36053253,0.01124420,-0.00004347
0.36063257,0.01235121,-0.00027427
0.36073257,0.01198347,-0.00004828
0.36083258,0.01278450,-0.00015281
0.36093259,0.01263824,-0.00020868
0.36103259,0.01415263,-0.00012896
0.36113260,0.01382597,0.00005447
0.36123260,0.01340792,0.00012160
0.36133261,0.01323985,0.00031441
0.36143262,0.01373007,0.00018193
0.36153262,0.01310028,0.00037604
0.36163263,0.01351967,-0.00000958
0.36173267,0.01359710,-0.00031958
0.36183267,0.01318986,-0.00037556
0.36193268,0.01488482,-0.00080130
0.36203268,0.01372971,-0.00022211
0.36213269,0.01421743,0.00004206
0.36223270,0.01459073,0.00028322
0.36233270,0.01538770,0.00015302
0.36243271,0.01557480,0.00009966
0.36253271,0.01613990,0.00006452
0.36263272,0.01471785,0.00028233
0.36273273,0.01618284,-0.00030994
0.36283276,0.01507660,-0.00038252
0.36293277,0.01700119,-0.00049128
0.36303278,0.01707294,-0.00037750
0.36313278,0.01671297,-0.00024561
0.36323279,0.01580168,-0.00025069
0.36333279,0.01616554,-0.00019268
0.36343280,0.01657491,-0.00010569
0.36353281,0.01755608,-0.00031465
0.36363281,0.01679353,-0.00036237
0.36373282,0.01563485,-0.00016667
0.36383286,0.01729318,-0.00006665
0.36393286,0.01768329,-0.00009747
0.36403287,0.01707688,0.00003380
0.36413287,0.01666787,0.00015376
0.36423288,0.01767996,0.00026554
0.36433289,0.01804548,0.00022959
0.36443289,0.01824252,0.00036912
0.36453290,0.01777237,0.00019205
0.36463290,0.01856137,-0.00015283
0.36473291,0.01805504,-0.00033298
0.36483292,0.01852936,-0.00031531
0.36493295,0.01723585,-0.00003275
0.36503296,0.01872918,-0.00035213
0.36513297,0.01930730,-0.00003619
0.36523297,0.01784831,0.00011093
0.36533298,0.01851082,0.00019306
0.36543298,0.01787803,0.00037963
0.36553299,0.01919546,0.00044588
0.36563300,0.01895093,0.00026772
0.36573300,0.01943211,0.00014079
0.36583301,0.01961617,-0.00014317
0.36593304,0.01984597,-0.00001441
0.36603305,0.01901677,0.00004018
0.36613306,0.01944510,-0.00001592
0.36623306,0.01873729,0.00025314
0.36633307,0.02064122,0.00004444
0.36643307,0.01940365,0.00007395
0.36653308,0.02042124,-0.00036433
0.36663309,0.01982664,-0.00033180
0.36673309,0.01989782,-0.00067967
0.36683310,0.02025281,-0.00071019
0.36693311,0.01852898,-0.00036574
0.36703314,0.01983177,-0.00045913
0.36713315,0.01903975,-0.00022511
0.36723315,0.01954692,0.00007472
0.36733316,0.01834667,0.00037154
0.36743317,0.01951103,0.00013046
0.36753317,0.01786118,0.00041384
0.36763318,0.01896680,0.00032097
0.36773318,0.01842204,0.00033887
0.36783319,0.01890624,0.00023197
0.36793320,0.01841022,0.00000513
0.36803323,0.01943397,0.00007008
0.36813324,0.01903572,0.00007318
0.36823325,0.01827469,0.00016138
0.36833325,0.01874907,0.00030325
0.36843326,0.01921704,0.00047524
0.36853326,0.01698126,0.00047162
0.36863327,0.01659404,0.00053801
0.36873328,0.01718307,0.00022088
0.36883328,0.01669346,0.00024458
0.36893329,0.01820527,0.00013844
0.36903329,0.01666843,0.00035903
0.36913333,0.01814103,0.00041485
0.36923334,0.01777877,0.00044438
0.36933334,0.01728958,0.00054821
0.36943335,0.01767792,0.00038239
0.36953336,0.01708576,0.00040891
0.36963336,0.01700022,0.00020832
0.36973337,0.01682582,0.00005489
0.36983337,0.01754770,-0.00043259
0.36993338,0.01660236,-0.00035538
0.37003339,0.01753392,-0.00062540
0.37013342,0.01668255,-0.00042527
0.37023343,0.01809029,-0.00043839
0.37033344,0.01651942,-0.00015100
0.37043344,0.01753657,-0.00014565
0.37053345,0.01673040,0.00000825
0.37063345,0.01769490,0.00000792
0.37073346,0.01636144,0.00025881
0.37083347,0.01694916,0.00004523
0.37093347,0.01649236,0.00004813
0.37103348,0.01717397,0.00001284
0.37113348,0.01660100,0.00033681
0.37123352,0.01578507,0.00062350
0.37133353,0.01670122,0.00051550
0.37143353,0.01579108,0.00061427
0.37153354,0.01634967,0.00030716
0.37163354,0.01588524,0.00006125
0.37173355,0.01702599,-0.00028178
0.37183356,0.01639345,-0.00025819
0.37193356,0.01634418,-0.00028315
0.37203357,0.01571746,-0.00003353
0.37213358,0.01493847,0.00027498
0.37223361,0.01480356,0.00051541
0.37233362,0.01432522,0.00121320
0.37243362,0.01305336,0.00083121
0.37253363,0.01327668,0.00062828
0.37263364,0.01253382,0.00027844
0.37273364,0.01254785,-0.00002939
0.37283365,0.01241111,-0.00047616
0.37293365,0.01182557,-0.00052819
0.37303366,0.01109205,-0.00078009
0.37313367,0.00960911,-0.00076552
0.37323367,0.00959417,-0.00072771
0.37333371,0.01006610,-0.00064452
0.37343372,0.01294863,-0.00059735
0.37353372,0.01409398,-0.00117611
0.37363373,0.01347261,-0.00175301
0.37373373,0.01476293,-0.00245659
0.37383374,0.00688750,-0.00086289
0.37393375,0.00032225,0.00075250
0.37403375,-0.00490854,0.00003549
0.37413376,-0.01202761,-0.00081741
0.37423376,0.08499702,0.08496814
0.37433380,0.08499696,0.08499687
0.37443381,0.08499704,0.08499688
0.37453381,0.08499719,0.08499555
0.37463382,0.08499698,0.08499536
0.37473383,0.08499704,0.08499492
0.37483383,0.08499750,0.08499433
0.37493384,0.08499941,0.08499433
0.37503384,0.08499887,0.08499433
0.37513385,0.08499847,0.08499433
0.37523386,0.08499791,0.08499453
0.37533386,0.08499768,0.08499544
0.37543390,0.08499740,0.08499594
0.37553391,0.08499731,0.08499619
0.37563391,0.08499726,0.08499648
0.37573392,0.08499726,0.08499667
0.37583392,0.08499721,0.08499677
0.37593393,0.08499723,0.08499683
0.37603394,0.08499721,0.08499685
0.37613394,0.08499721,0.08499691
0.37623395,0.08499722,0.08499693
0.37633395,0.08499720,0.08499695
0.37643399,0.08499720,0.08499695
0.37653400,0.08499721,0.08499697
0.37663400,0.08499721,0.08499697
0.37673401,0.08499721,0.08499697
0.37683401,0.08499722,0.08499694
0.37693402,0.08499723,0.08499693
0.37703403,0.08499723,0.08499692
0.37713403,0.08499723,0.08499693
0.37723404,0.08499724,0.08499692
0.37733405,0.08499723,0.08499690
0.37743405,0.08499724,0.08499691
0.37753409,0.08499723,0.08499688
0.37763409,0.08499724,0.08499689
0.37773410,0.08499724,0.08499692
0.37783411,0.08499724,0.08499691
0.37793411,0.08499724,0.08499688
0.37803412,0.08499723,0.08499686
0.37813412,0.08499727,0.08499686
0.37823413,0.08499727,0.08499686
0.37833414,0.08499724,0.08499682
0.37843414,0.08499727,0.08499681
0.37853418,0.08499726,0.08499681
0.37863419,0.08499729,0.08499680
0.37873419,0.08499727,0.08499682
0.37883420,0.08499724,0.08499682
0.37893420,0.08499730,0.08499676
0.37903421,0.08499728,0.08499683
0.37913422,0.08499730,0.08499678
0.37923422,0.08499728,0.08499675
0.37933423,0.08499731,0.08499680
0.37943423,0.08499730,0.08499677
0.37953424,0.08499727,0.08499681
0.37963428,0.08499730,0.08499677
0.37973428,0.08499731,0.08499676
0.37983429,0.08499731,0.08499683
0.37993430,0.08499733,0.08499680
0.38003430,0.08499730,0.08499680
0.38013431,0.08499731,0.08499686
0.38023431,0.08499732,0.08499683
0.38033432,0.08499733,0.08499677
0.38043433,0.08499733,0.08499689
0.38053433,0.08499731,0.08499690
0.38063434,0.08499729,0.08499685
0.38073438,0.08499728,0.08499693
0.38083438,0.08499730,0.08499692
0.38093439,0.08499727,0.08499695
0.38103439,0.08499727,0.08499694
0.38113440,0.08499727,0.08499696
0.38123441,0.08499729,0.08499692
0.38133441,0.08499727,0.08499699
0.38143442,0.08499728,0.08499695
0.38153442,0.08499729,0.08499701
0.38163443,0.08499726,0.08499699
0.38173447,0.08499727,0.08499695
0.38183447,0.08499727,0.08499701
0.38193448,0.08499726,0.08499696
0.38203448,0.08499726,0.08499701
0.38213449,0.08499725,0.08499701
0.38223450,0.08499726,0.08499703
0.38233450,0.08499727,0.08499703
0.38243451,0.08499726,0.08499701
0.38253452,0.08499725,0.08499701
0.38263452,0.08499725,0.08499703
0.38273453,0.08499724,0.08499704
0.38283456,0.08499724,0.08499704
0.38293457,0.08499724,0.08499704
0.38303458,0.08499724,0.08499704
0.38313458,0.08499724,0.08499704
0.38323459,0.08499723,0.08499704
0.38333459,0.08499724,0.08499704
0.38343460,0.08499724,0.08499706
0.38353461,0.08499723,0.08499706
0.38363461,0.08499723,0.08499706
0.38373462,0.08499724,0.08499705
0.38383466,0.08499724,0.08499706
0.38393466,0.08499722,0.08499707
0.38403467,0.08499723,0.08499706
0.38413467,0.08499724,0.08499706
0.38423468,0.08499723,0.08499707
0.38433469,0.08499723,0.08499707
0.38443469,0.08499723,0.08499707
0.38453470,0.08499722,0.08499707
0.38463470,0.08499723,0.08499707
0.38473471,0.08499722,0.08499707
0.38483472,0.08499722,0.08499707
0.38493475,0.08499722,0.08499707
0.38503476,0.08499722,0.08499707
0.38513477,0.08499723,0.08499707
0.38523477,0.08499722,0.08499707
0.38533478,0.08499722,0.08499708
0.38543478,0.08499722,0.08499707
0.38553479,0.08499721,0.08499707
0.38563480,0.08499722,0.08499708
0.38573480,0.08499722,0.08499708
0.38583481,0.08499721,0.08499708
0.38593484,0.08499722,0.08499708
0.38603485,0.08499723,0.08499708
0.38613486,0.08499722,0.08499708
0.38623486,0.08499721,0.08499709
0.38633487,0.08499721,0.08499709
0.38643488,0.08499721,0.08499709
0.38653488,0.08499721,0.08499709
0.38663489,0.08499721,0.08499709
0.38673489,0.08499721,0.08499709
0.38683490,0.08499721,0.08499710
0.38693491,0.08499720,0.08499710
0.38703494,0.08499719,0.08499710
0.38713495,0.08499719,0.08499711
0.38723495,0.08499720,0.08499710
0.38733496,0.08499722,0.08499707
0.38743497,0.08499720,0.08499702
0.38753497,0.08499724,0.08499712
0.38763498,0.08499738,0.08499733
0.38773499,0.08499757,0.08499772
0.38783499,0.08499771,0.08499804
0.38793500,0.08499785,0.08499823
0.38803503,0.08499788,0.08499836
0.38813504,0.08499801,0.08499870
0.38823505,0.08499794,0.08499902
0.38833505,0.08499813,0.08499921
0.38843506,0.08499812,0.08499946
0.38853506,0.08499840,0.08499967
0.38863507,0.08499865,0.08499975
0.38873508,0.08499889,0.08499987
0.38883508,0.08499897,0.08500000
0.38893509,0.08499850,0.08499987
0.38903510,0.08499860,0.08499976
0.38913513,0.08499817,0.08499713
0.38923514,0.08499796,0.08497619
0.38933514,0.08499767,0.08497658
0.38943515,0.08499777,0.08497592
0.38953516,-0.01563362,0.02690721
0.38963516,-0.00508591,0.02040582
0.38973517,0.00389633,0.01485866
0.38983517,0.01026882,0.01040161
0.38993518,0.01438994,0.00720786
0.39003519,0.01597548,0.00538032
0.39013522,0.01648462,0.00394858
0.39023523,0.01668008,0.00379981
0.39033524,0.01599798,0.00318766
0.39043524,0.01562733,0.00273062
0.39053525,0.01570712,0.00261541
0.39063525,0.01648843,0.00203863
0.39073526,0.01739900,0.00154136
0.39083527,0.01806427,0.00090975
0.39093527,0.01816377,0.00062944
0.39103528,0.02038545,0.00028468
0.39113528,0.02080192,-0.00003148
0.39123532,0.02314429,-0.00047022
0.39133533,0.02298988,-0.00065594
0.39143533,0.02482005,-0.00103889
0.39153534,0.02531391,-0.00131954
0.39163535,0.02634343,-0.00194329
0.39173535,0.02806722,-0.00240406
0.39183536,0.02794395,-0.00201141
0.39193536,0.03043333,-0.00206350
0.39203537,0.02967642,-0.00160386
0.39213538,0.03193044,-0.00153863
0.39223541,0.03279577,-0.00121602
0.39233542,0.03255341,-0.00077124
0.39243542,0.03230404,-0.00022708
0.39253543,0.03314653,-0.00013270
0.39263544,0.03107544,0.00046982
0.39273544,0.03237393,0.00039285
0.39283545,0.03038707,0.00044831
0.39293546,0.03323039,0.00033040
0.39303546,0.03142370,0.00038614
0.39313547,0.03436915,-0.00000727
0.39323547,0.02751589,0.00117447
0.39333551,0.02614518,0.00167615
0.39343552,0.02447541,0.00174262
0.39353552,0.02436708,0.00183827
0.39363553,0.02252860,0.00181979
0.39373553,0.02356211,0.00164229
0.39383554,0.02103355,0.00174977
0.39393555,0.02158042,0.00143687
0.39403555,0.01956796,0.00138331
0.39413556,0.01822423,0.00136288
0.39423557,0.01834742,0.00136117
0.39433560,0.01907592,0.00115142
0.39443561,0.01736482,0.00083242
0.39453561,0.01632494,0.00105139
0.39463562,0.01461436,0.00080765
0.39473563,0.01362238,0.00067326
0.39483563,0.01052987,0.00071028
0.39493564,0.00673826,0.00047224
0.39503564,0.00599779,0.00025800
0.39513565,0.00562498,0.00009679
0.39523566,0.00441585,0.00026480
0.39533566,0.00352070,0.00034002
0.39543570,0.00435340,0.00028599
0.39553571,0.00408292,0.00014979
0.39563571,0.00493235,-0.00014369
0.39573572,0.00374343,-0.00019067
0.39583572,0.00351224,-0.00009212
0.39593573,0.00303936,-0.00028680
0.39603574,0.00337341,-0.00038789
0.39613574,0.00310536,-0.00050729
0.39623575,0.00249950,-0.00045806
0.39633575,0.00162659,-0.00030574
0.39643579,0.00204792,-0.00066135
0.39653580,0.00209377,-0.00060565
0.39663580,0.00240177,-0.00089258
0.39673581,0.00155210,-0.00070577
0.39683582,0.00246029,-0.00114811
0.39693582,0.00243030,-0.00107972
0.39703583,0.00207101,-0.00091244
0.39713583,0.00200715,-0.00068787
0.39723584,0.00332436,-0.00076651
0.39733585,0.00241236,-0.00029056
0.39743585,0.00341752,-0.00054025
0.39753589,0.00274054,-0.00025876
0.39763589,0.00302025,-0.00022449
0.39773590,0.00250239,-0.00017555
0.39783591,0.00284512,-0.00009627
0.39793591,0.00309924,-0.00018517
0.39803592,0.00332957,-0.00023479
0.39813593,0.00374379,-0.00025487
0.39823593,0.00401700,-0.00037541
0.39833594,0.00412251,-0.00042653
0.39843594,0.00464746,-0.00038041
0.39853598,0.00447275,-0.00035031
0.39863599,0.00406119,-0.00036961
0.39873599,0.00294731,0.00013965
0.39883600,0.00358150,0.00003681
0.39893600,0.00392747,-0.00006014
0.39903601,0.00456519,-0.00021670
0.39913602,0.00453269,0.00001609
0.39923602,0.00591410,-0.00011662
0.39933603,0.00619656,-0.00011622
0.39943604,0.00624774,0.00002810
0.39953604,0.00675961,-0.00034570
0.39963608,0.00695990,-0.00045251
0.39973608,0.00670744,-0.00015415
0.39983609,0.00660821,-0.00035461
0.39993610,0.00676109,-0.00047485
0.40003610,0.00712980,-0.00065293
0.40013611,0.00701012,-0.00077188
0.40023611,0.00788611,-0.00064957
0.40033612,0.00762266,-0.00042606
0.40043613,0.00933761,-0.00047979
0.40053613,0.00881940,-0.00007851
0.40063614,0.00987103,-0.00014209
0.40073618,0.00964470,0.00010442
0.40083618,0.00858116,0.00006135
0.40093619,0.00952271,-0.00011204
0.40103619,0.00988915,-0.00001298
0.40113620,0.00958901,0.00028605
0.40123621,0.01033040,0.00030740
0.40133621,0.01020549,0.00014601
0.40143622,0.01135692,-0.00004515
0.40153622,0.01135601,-0.00016519
0.40163623,0.01110098,-0.00008522
0.40173627,0.01023543,-0.00028410
0.40183627,0.01090155,-0.00015545
0.40193628,0.01059080,-0.00012750
0.40203629,0.01141191,-0.00026957
0.40213629,0.01176998,-0.00023156
0.40223630,0.01225503,-0.00012603
0.40233630,0.01226702,-0.00017522
0.40243631,0.01115577,0.00017466
0.40253632,0.01187961,0.00024742
0.40263632,0.01298515,-0.00000965
0.40273633,0.01249339,0.00001646
0.40283636,0.01331955,-0.00007310
0.40293637,0.01333816,-0.00033002
0.40303638,0.01252366,-0.00017590
0.40313638,0.01287089,-0.00033396
0.40323639,0.01348836,-0.00079873
0.40333640,0.01335230,-0.00044457
0.40343640,0.01263698,-0.00049829
0.40353641,0.01394081,-0.00036287
0.40363641,0.01363490,-0.00030928
0.40373642,0.01452993,-0.00016545
0.40383646,0.01509895,-0.00040776
0.40393646,0.01523799,-0.00018819
0.40403647,0.01535518,-0.00015712
0.40413647,0.01559878,-0.00004677
0.40423648,0.01489706,0.00024937
0.40433649,0.01571513,0.00008181
0.40443649,0.01540280,0.00015441
0.40453650,0.01556654,0.00030214
0.40463651,0.01555692,0.00006240
0.40473651,0.01529307,0.00006443
0.40483652,0.01591249,-0.00002227
0.40493655,0.01779323,-0.00053061
0.40503656,0.01721773,-0.00041326
0.40513657,0.01744885,-0.00032763
0.40523657,0.01713916,-0.00041406
0.40533658,0.01761521,-0.00014798
0.40543658,0.01773997,-0.00001097
0.40553659,0.01830600,-0.00006926
0.40563660,0.01823416,0.00009876
0.40573660,0.01725482,0.00006459
0.40583661,0.01834160,-0.00019203
0.40593665,0.01792595,-0.00005478
0.40603665,0.01873690,-0.00012029
0.40613666,0.01833503,0.00007015
0.40623666,0.01822662,-0.00016526
0.40633667,0.01836157,-0.00003046
0.40643668,0.01944700,-0.00010084
0.40653668,0.01940714,-0.00020230
0.40663669,0.01986787,-0.00033991
0.40673669,0.01947957,-0.00036438
0.40683670,0.02036297,-0.00051402
0.40693671,0.01783564,-0.00029955
0.40703674,0.01998955,-0.00019504
0.40713675,0.01914702,0.00003629
0.40723676,0.01923753,0.00007598
0.40733676,0.01943341,0.00028200
0.40743677,0.01873717,0.00037296
0.40753677,0.01911022,0.00051126
0.40763678,0.01884520,0.00034216
0.40773679,0.01991353,0.00011567
0.40783679,0.01941777,0.00030117
0.40793680,0.01966080,0.00006556
0.40803683,0.01911466,0.00017723
0.40813684,0.02044437,-0.00020209
0.40823685,0.01902098,-0.00007405
0.40833685,0.01841721,-0.00006363
0.40843686,0.01888463,-0.00016057
0.40853687,0.01682897,0.00022886
0.40863687,0.01785839,0.00002060
0.40873688,0.01739599,0.00040869
0.40883688,0.01654398,0.00040879
0.40893689,0.01683301,0.00043347
0.40903690,0.01741576,0.00030598
0.40913693,0.01733567,0.00057742
0.40923694,0.01864950,0.00046946
0.40933694,0.01765018,0.00018619
0.40943695,0.01670319,0.00021582
0.40953696,0.01647459,0.00032146
0.40963696,0.01615366,0.00005989
0.40973697,0.01679546,0.00014045
0.40983698,0.01692843,-0.00004249
0.40993698,0.01815415,-0.00040325
0.41003699,0.01794052,-0.00050061
0.41013702,0.01915306,-0.00072728
0.41023703,0.01830276,-0.00070189
0.41033704,0.01872336,-0.00058163
0.41043704,0.01833942,-0.00043466
0.41053705,0.01868663,-0.00010249
0.41063705,0.01768415,0.00004189
0.41073706,0.01836192,0.00016908
0.41083707,0.01728386,0.00008037
0.41093707,0.01673622,0.00007606
0.41103708,0.01668853,0.00038152
0.41113708,0.01675376,0.00029770
0.41123712,0.01807112,0.00011008
0.41133713,0.01713039,0.00047551
0.41143713,0.01821633,0.00020385
0.41153714,0.01707312,0.00048528
0.41163715,0.01841577,0.00002699
0.41173715,0.01748948,-0.00002430
0.41183716,0.01722934,-0.00010551
0.41193716,0.01673086,0.00026422
0.41203717,0.01701560,0.00017448
0.41213718,0.01516587,0.00044505
0.41223721,0.01378459,0.00046635
0.41233722,0.01535883,0.00046834
0.41243723,0.01512937,0.00054514
0.41253723,0.01697149,0.00032865
0.41263724,0.01576380,0.00045502
0.41273724,0.01657887,0.00020226
0.41283725,0.01490763,0.00033931
0.41293726,0.01537919,0.00012632
0.41303726,0.01542216,0.00018812
0.41313727,0.01529776,-0.00011775
0.41323727,0.01474627,-0.00025021
0.41333731,0.01526853,-0.00033996
0.41343732,0.01534805,-0.00020934
0.41353732,0.01529148,-0.00011920
0.41363733,0.01506212,-0.00014372
0.41373734,0.01480056,-0.00010850
0.41383734,0.01333726,0.00004471
0.41393735,0.01219263,-0.00007287
0.41403735,0.01251239,-0.00020160
0.41413736,0.01090899,-0.00008704
0.41423737,0.00937970,0.00011848
0.41433740,0.00940119,-0.00034808
0.41443741,0.00973156,-0.00045194
0.41453741,0.01047885,-0.00060755
0.41463742,0.00947506,-0.00071834
0.41473743,0.00909685,-0.00067428
0.41483743,0.00926020,-0.00081314
0.41493744,0.01276911,-0.00111386
0.41503745,0.01276632,-0.00110837
0.41513745,0.01427561,-0.00206728
0.41523746,0.01427980,-0.00316807
0.41533746,0.01017004,-0.00213040
0.41543750,0.00436635,-0.00256324
0.41553751,-0.00284440,-0.00266301
0.41563751,0.08499712,0.08496934
0.41573752,0.08499698,0.08496775
0.41583752,0.08499699,0.08499689
0.41593753,0.08499700,0.08499683
0.41603754,0.08499725,0.08499565
0.41613754,0.08499711,0.08499533
0.41623755,0.08499716,0.08499487
0.41633755,0.08499742,0.08499433
0.41643759,0.08499928,0.08499433
0.41653760,0.08499894,0.08499433
0.41663760,0.08499843,0.08499433
0.41673761,0.08499817,0.08499433
0.41683762,0.08499792,0.08499494
0.41693762,0.08499774,0.08499562
0.41703763,0.08499759,0.08499594
0.41713763,0.08499739,0.08499618
0.41723764,0.08499743,0.08499644
0.41733765,0.08499731,0.08499652
0.41743765,0.08499737,0.08499660
0.41753769,0.08499730,0.08499665
0.41763770,0.08499723,0.08499669
0.41773770,0.08499729,0.08499670
0.41783771,0.08499725,0.08499674
0.41793771,0.08499724,0.08499677
0.41803772,0.08499724,0.08499674
0.41813773,0.08499724,0.08499672
0.41823773,0.08499720,0.08499679
0.41833774,0.08499724,0.08499677
0.41843774,0.08499724,0.08499678
0.41853778,0.08499720,0.08499679
0.41863779,0.08499721,0.08499678
0.41873779,0.08499723,0.08499676
0.41883780,0.08499720,0.08499675
0.41893781,0.08499721,0.08499671
0.41903781,0.08499724,0.08499676
0.41913782,0.08499727,0.08499672
0.41923782,0.08499727,0.08499672
0.41933783,0.08499727,0.08499674
0.41943784,0.08499731,0.08499670
0.41953784,0.08499732,0.08499670
0.41963788,0.08499730,0.08499675
0.41973788,0.08499728,0.08499671
0.41983789,0.08499729,0.08499671
0.41993790,0.08499730,0.08499671
0.42003790,0.08499728,0.08499670
0.42013791,0.08499730,0.08499667
0.42023792,0.08499729,0.08499667
0.42033792,0.08499730,0.08499664
0.42043793,0.08499733,0.08499666
0.42053793,0.08499735,0.08499663
0.42063794,0.08499736,0.08499660
0.42073798,0.08499734,0.08499669
0.42083798,0.08499735,0.08499667
0.42093799,0.08499736,0.08499663
0.42103799,0.08499733,0.08499668
0.42113800,0.08499735,0.08499671
0.42123801,0.08499736,0.08499668
0.42133801,0.08499731,0.08499669
0.42143802,0.08499732,0.08499667
0.42153802,0.08499733,0.08499673
0.42163803,0.08499730,0.08499671
0.42173807,0.08499734,0.08499674
0.42183807,0.08499732,0.08499670
0.42193808,0.08499738,0.08499662
0.42203809,0.08499733,0.08499674
0.42213809,0.08499730,0.08499677
0.42223810,0.08499730,0.08499680
0.42233810,0.08499731,0.08499679
0.42243811,0.08499730,0.08499683
0.42253812,0.08499732,0.08499683
0.42263812,0.08499730,0.08499686
0.42273813,0.08499729,0.08499688
0.42283817,0.08499730,0.08499690
0.42293817,0.08499729,0.08499690
0.42303818,0.08499728,0.08499692
0.42313818,0.08499730,0.08499692
0.42323819,0.08499730,0.08499691
0.42333820,0.08499727,0.08499695
0.42343820,0.08499727,0.08499696
0.42353821,0.08499726,0.08499698
0.42363821,0.08499725,0.08499697
0.42373822,0.08499726,0.08499698
0.42383826,0.08499727,0.08499698
0.42393826,0.08499726,0.08499700
0.42403827,0.08499724,0.08499702
0.42413828,0.08499725,0.08499700
0.42423828,0.08499726,0.08499701
0.42433829,0.08499726,0.08499701
0.42443829,0.08499725,0.08499702
0.42453830,0.08499724,0.08499704
0.42463831,0.08499724,0.08499703
0.42473831,0.08499724,0.08499704
0.42483832,0.08499724,0.08499703
0.42493835,0.08499724,0.08499704
0.42503836,0.08499724,0.08499706
0.42513837,0.08499724,0.08499704
0.42523837,0.08499723,0.08499705
0.42533838,0.08499723,0.08499706
0.42543839,0.08499723,0.08499705
0.42553839,0.08499724,0.08499705
0.42563840,0.08499723,0.08499707
0.42573840,0.08499724,0.08499707
0.42583841,0.08499722,0.08499707
0.42593845,0.08499723,0.08499707
0.42603845,0.08499723,0.08499707
0.42613846,0.08499723,0.08499707
0.42623846,0.08499722,0.08499707
0.42633847,0.08499722,0.08499707
0.42643848,0.08499723,0.08499707
0.42653848,0.08499722,0.08499707
0.42663849,0.08499722,0.08499708
0.42673849,0.08499721,0.08499708
0.42683850,0.08499721,0.08499708
0.42693851,0.08499721,0.08499709
0.42703854,0.08499721,0.08499709
0.42713855,0.08499721,0.08499709
0.42723856,0.08499721,0.08499709
0.42733856,0.08499722,0.08499709
0.42743857,0.08499721,0.08499710
0.42753857,0.08499721,0.08499710
0.42763858,0.08499721,0.08499710
0.42773859,0.08499721,0.08499710
0.42783859,0.08499721,0.08499710
0.42793860,0.08499721,0.08499710
0.42803864,0.08499721,0.08499710
0.42813864,0.08499721,0.08499710
0.42823865,0.08499720,0.08499710
0.42833865,0.08499720,0.08499710
0.42843866,0.08499719,0.08499711
0.42853867,0.08499719,0.08499712
0.42863867,0.08499718,0.08499712
0.42873868,0.08499718,0.08499711
0.42883868,0.08499718,0.08499709
0.42893869,0.08499719,0.08499714
0.42903870,0.08499731,0.08499724
0.42913873,0.08499742,0.08499748
0.42923874,0.08499752,0.08499772
0.42933875,0.08499759,0.08499782
0.42943875,0.08499771,0.08499806
0.42953876,0.08499773,0.08499825
0.42963876,0.08499784,0.08499861
0.42973877,0.08499775,0.08499886
0.42983878,0.08499790,0.08499919
0.42993878,0.08499805,0.08499963
0.43003879,0.08499809,0.08499945
0.43013882,0.08499822,0.08499961
0.43023883,0.08499830,0.08499964
0.43033884,0.08499835,0.08499958
0.43043884,0.08499818,0.08499951
0.43053885,0.08499825,0.08499956
0.43063885,0.08499843,0.08499973
0.43073886,0.08499799,0.08499721
0.43083887,0.08499789,0.08497930
0.43093887,0.08499782,0.08497586
0.43103888,0.08499825,0.08497454
0.43113889,-0.00450611,0.02188717
0.43123892,0.00877776,0.01478668
0.43133893,0.01731174,0.01090804
0.43143893,0.02195896,0.00731734
0.43153894,0.02388122,0.00470362
0.43163895,0.02400200,0.00337231
0.43173895,0.02427715,0.00246860
0.43183896,0.02250442,0.00152820
0.43193896,0.02259002,0.00134485
0.43203897,0.02146868,0.00186261
0.43213898,0.02048801,0.00154751
0.43223901,0.02019608,0.00151461
0.43233902,0.01983166,0.00120052
0.43243903,0.01949046,0.00110522
0.43253903,0.01997851,0.00070147
0.43263904,0.01997989,0.00040204
0.43273904,0.02106707,0.00011135
0.43283905,0.02097927,-0.00011345
0.43293906,0.02330009,-0.00059935
0.43303906,0.02365994,-0.00075751
0.43313907,0.02407157,-0.00138503
0.43323907,0.02542198,-0.00166823
0.43333911,0.02504831,-0.00200990
0.43343912,0.02727944,-0.00203623
0.43353912,0.02685241,-0.00163619
0.43363913,0.02891177,-0.00150528
0.43373914,0.02791672,-0.00091557
0.43383914,0.02881401,-0.00066389
0.43393915,0.02735396,-0.00014576
0.43403915,0.02517428,0.00050005
0.43413916,0.02674599,0.00055368
0.43423917,0.02752915,0.00051198
0.43433920,0.02611731,0.00069421
0.43443921,0.02663260,0.00091987
0.43453922,0.02472500,0.00103717
0.43463922,0.02221080,0.00099440
0.43473923,0.02278132,0.00105495
0.43483923,0.02211777,0.00103479
0.43493924,0.01961868,0.00137121
0.43503925,0.01588398,0.00164630
0.43513925,0.01529905,0.00149297
0.43523926,0.01446651,0.00123782
0.43533926,0.01464414,0.00132142
0.43543930,0.01154351,0.00135885
0.43553931,0.01201202,0.00117104
0.43563931,0.01147847,0.00105409
0.43573932,0.01150363,0.00096740
0.43583932,0.00996373,0.00090622
0.43593933,0.00881478,0.00087994
0.43603934,0.00857248,0.00056750
0.43613934,0.00772115,0.00042501
0.43623935,0.00896231,-0.00010124
0.43633936,0.00864829,-0.00032306
0.43643939,0.00673146,-0.00032126
0.43653940,0.00649395,-0.00074780
0.43663940,0.00654566,-0.00091476
0.43673941,0.00638275,-0.00082666
0.43683942,0.00635190,-0.00087658
0.43693942,0.00621762,-0.00102250
0.43703943,0.00591103,-0.00072503
0.43713943,0.00300677,0.00001338
0.43723944,0.00378101,-0.00012410
0.43733945,0.00351788,-0.00016203
0.43743945,0.00423425,-0.00044014
0.43753949,0.00438701,-0.00040176
0.43763950,0.00513641,-0.00045843
0.43773950,0.00534169,-0.00056440
0.43783951,0.00517498,-0.00053433
0.43793951,0.00639247,-0.00073042
0.43803952,0.00575186,-0.00030384
0.43813953,0.00628975,-0.00050988
0.43823953,0.00556340,-0.00032112
0.43833954,0.00519935,-0.00020693
0.43843954,0.00600005,-0.00065245
0.43853958,0.00713508,-0.00064069
0.43863959,0.00788160,-0.00048089
0.43873959,0.00740871,-0.00026616
0.43883960,0.00775156,-0.00017154
0.43893961,0.00751807,0.00008690
0.43903961,0.00832922,0.00000044
0.43913962,0.00762143,-0.00003985
0.43923962,0.00739626,-0.00008581
0.43933963,0.00714975,0.00035384
0.43943964,0.00754785,0.00025973
0.43953964,0.00820018,-0.00026908
0.43963968,0.00797297,0.00006162
0.43973969,0.00887037,-0.00039682
0.43983969,0.00801111,-0.00032242
0.43993970,0.00770331,-0.00011886
0.44003970,0.00812957,-0.00037325
0.44013971,0.00851875,-0.00038383
0.44023972,0.00823794,-0.00043379
0.44033972,0.00989950,-0.00055557
0.44043973,0.00913310,-0.00020456
0.44053973,0.00986745,-0.00047523
0.44063974,0.00993982,-0.00019832
0.44073978,0.00904791,0.00011113
0.44083978,0.00902718,-0.00015735
0.44093979,0.00909615,0.00016354
0.44103979,0.00920501,0.00018550
0.44113980,0.01020875,-0.00033795
0.44123981,0.01070302,-0.00011415
0.44133981,0.01023981,0.00002068
0.44143982,0.01012258,0.00008908
0.44153983,0.00960266,0.00000328
0.44163983,0.01050873,-0.00030772
0.44173987,0.01036380,0.00003486
0.44183987,0.01121276,-0.00022776
0.44193988,0.01099771,-0.00002540
0.44203989,0.01057870,-0.00015460
0.44213989,0.01143018,-0.00001026
0.44223990,0.01115849,0.00006479
0.44233990,0.01194391,-0.00001144
0.44243991,0.01163322,-0.00010241
0.44253992,0.01202691,0.00001202
0.44263992,0.01187261,-0.00007740
0.44273993,0.01228831,-0.00027803
0.44283997,0.01247213,-0.00035130
0.44293997,0.01193373,-0.00013659
0.44303998,0.01268600,-0.00025859
0.44313998,0.01192466,-0.00008266
0.44323999,0.01154457,-0.00015492
0.44334000,0.01227453,-0.00049758
0.44344000,0.01220570,-0.00066349
0.44354001,0.01283401,-0.00036359
0.44364001,0.01347481,-0.00074992
0.44374002,0.01375318,-0.00036586
0.44384006,0.01408947,-0.00027578
0.44394006,0.01472003,-0.00044220
0.44404007,0.01437034,-0.00027494
0.44414008,0.01498768,0.00004278
0.44424008,0.01428781,0.00001100
0.44434009,0.01440702,0.00023503
0.44444009,0.01510390,-0.00010378
0.44454010,0.01489685,-0.00006112
0.44464011,0.01572786,-0.00018775
0.44474011,0.01519218,-0.00005293
0.44484012,0.01598505,-0.00033545
0.44494016,0.01606952,-0.00030540
0.44504016,0.01669579,-0.00027852
0.44514017,0.01573324,0.00011895
0.44524017,0.01652043,-0.00005990
0.44534018,0.01576386,0.00025839
0.44544019,0.01611848,0.00009573
0.44554019,0.01771336,-0.00009520
0.44564020,0.01695529,-0.00011280
0.44574020,0.01737399,-0.00010735
0.44584021,0.01747380,0.00008704
0.44594025,0.01760223,0.00009335
0.44604025,0.01688771,0.00037223
0.44614026,0.01594519,0.00015961
0.44624026,0.01826303,-0.00010876
0.44634027,0.01710376,-0.00001918
0.44644028,0.01778417,-0.00010166
0.44654028,0.01687350,-0.00038446
0.44664029,0.01765096,-0.00057291
0.44674030,0.01837526,-0.00059082
0.44684030,0.01753875,-0.00057757
0.44694031,0.01896967,-0.00047317
0.44704034,0.01811830,-0.00034658
0.44714035,0.01850181,-0.00013504
0.44724036,0.01800696,0.00003768
0.44734036,0.01770877,-0.00002189
0.44744037,0.01769457,0.00031402
0.44754037,0.01696029,0.00006078
0.44764038,0.01815216,0.00015988
0.44774039,0.01800331,0.00018915
0.44784039,0.01884955,-0.00003536
0.44794040,0.01901391,-0.00007591
0.44804044,0.01909380,0.00006629
0.44814044,0.01878658,0.00001526
0.44824045,0.01820196,0.00029155
0.44834045,0.01805581,0.00013574
0.44844046,0.01731985,0.00009186
0.44854047,0.01790597,0.00000095
0.44864047,0.01737958,-0.00019362
0.44874048,0.01916480,0.00018154
0.44884048,0.01899097,0.00005310
0.44894049,0.01778740,0.00038487
0.44904050,0.01741190,0.00045180
0.44914053,0.01787822,0.00052848
0.44924054,0.01793305,0.00037343
0.44934055,0.01678851,0.00068607
0.44944055,0.01707440,0.00040091
0.44954056,0.01837720,-0.00003926
0.44964056,0.01664280,0.00004490
0.44974057,0.01663069,-0.00004606
0.44984058,0.01753628,-0.00010607
0.44994058,0.01822294,-0.00031950
0.45004059,0.01727166,-0.00048960
0.45014063,0.01792734,-0.00067700
0.45024063,0.01758591,-0.00023549
0.45034064,0.01783757,-0.00028966
0.45044064,0.01776367,-0.00040539
0.45054065,0.01680033,-0.00010055
0.45064066,0.01774395,-0.00008239
0.45074066,0.01667026,0.00022879
0.45084067,0.01617959,0.00014592
0.45094067,0.01662839,0.00027710
0.45104068,0.01629187,0.00041074
0.45114069,0.01734385,0.00043766
0.45124072,0.01666243,0.00048589
0.45134073,0.01741580,0.00019581
0.45144073,0.01707342,0.00021336
0.45154074,0.01806759,-0.00010910
0.45164075,0.01804143,-0.00011442
0.45174075,0.01702241,-0.00023720
0.45184076,0.01689081,0.00001326
0.45194077,0.01706304,-0.00012636
0.45204077,0.01615298,0.00031608
0.45214078,0.01671976,0.00028306
0.45224081,0.01595631,0.00059929
0.45234082,0.01678456,0.00039824
0.45244083,0.01605830,0.00060896
0.45254083,0.01739807,0.00037042
0.45264084,0.01613090,0.00044311
0.45274084,0.01578234,0.00066014
0.45284085,0.01535889,0.00051635
0.45294086,0.01554559,0.00026294
0.45304086,0.01522554,0.00014025
0.45314087,0.01482869,0.00010703
0.45324088,0.01667655,-0.00015275
0.45334091,0.01657314,-0.00029171
0.45344092,0.01791232,-0.00048237
0.45354092,0.01716019,-0.00026988
0.45364093,0.01665562,-0.00030095
0.45374094,0.01573748,0.00005721
0.45384094,0.01583923,0.00008662
0.45394095,0.01622503,-0.00015718
0.45404095,0.01512066,0.00004602
0.45414096,0.01520675,0.00023570
0.45424097,0.01539400,0.00003726
0.45434100,0.01514366,0.00011730
0.45444101,0.01520240,-0.00001042
0.45454102,0.01599962,-0.00008690
0.45464102,0.01661096,-0.00017677
0.45474103,0.01565994,-0.00024996
0.45484103,0.01691409,-0.00039601
0.45494104,0.01592019,-0.00022316
0.45504105,0.01645508,-0.00019584
0.45514105,0.01599961,-0.00023021
0.45524106,0.01690320,-0.00023400
0.45534106,0.01574329,0.00022804
0.45544110,0.01425975,0.00003849
0.45554111,0.01251053,0.00018579
0.45564111,0.01257411,-0.00004673
0.45574112,0.01176868,0.00013046
0.45584113,0.01256282,-0.00042383
0.45594113,0.01153886,-0.00019862
0.45604114,0.01132065,-0.00045347
0.45614114,0.01058591,-0.00057905
0.45624115,0.00967607,-0.00061255
0.45634116,0.01001595,-0.00066675
0.45644119,0.00941097,-0.00061981
0.45654120,0.01193752,-0.00037171
0.45664120,0.01382023,-0.00153618
0.45674121,0.01349344,-0.00183023
0.45684122,0.01102049,-0.00254858
0.45694122,0.00743552,-0.00286346
0.45704123,0.00260661,-0.00249262
0.45714124,-0.00331351,-0.00327797
0.45724124,-0.01583591,-0.00366733
0.45734125,0.08499698,0.08496766
0.45744125,0.08499703,0.08499687
0.45754129,0.08499703,0.08499687
0.45764130,0.08499727,0.08499589
0.45774130,0.08499701,0.08499564
0.45784131,0.08499731,0.08495413
0.45794131,0.08499725,0.01553764
0.45804132,0.08499724,0.01782281
0.45814133,0.08499739,0.08494338
0.45824133,0.08500000,0.08499433
0.45834134,0.08499894,0.08499433
0.45844135,0.08499816,0.08499433
0.45854138,0.08499788,0.08499466
0.45864139,0.08499782,0.08499525
0.45874139,0.08499776,0.08499563
0.45884140,0.08499762,0.08499593
0.45894141,0.08499753,0.08499609
0.45904141,0.08499745,0.08499631
0.45914142,0.08499742,0.08499644
0.45924142,0.08499734,0.08499659
0.45934143,0.08499739,0.08499654
0.45944144,0.08499730,0.08499661
0.45954144,0.08499724,0.08499665
0.45964148,0.08499727,0.08499667
0.45974149,0.08499724,0.08499669
0.45984149,0.08499720,0.08499669
0.45994150,0.08499726,0.08499672
0.46004150,0.08499725,0.08499672
0.46014151,0.08499722,0.08499672
0.46024152,0.08499723,0.08499674
0.46034152,0.08499722,0.08499674
0.46044153,0.08499722,0.08499673
0.46054153,0.08499723,0.08499674
0.46064154,0.08499724,0.08499674
0.46074158,0.08499723,0.08499672
0.46084158,0.08499727,0.08499674
0.46094159,0.08499730,0.08499674
0.46104160,0.08499728,0.08499673
0.46114160,0.08499728,0.08499674
0.46124161,0.08499728,0.08499677
0.46134161,0.08499730,0.08499673
0.46144162,0.08499730,0.08499674
0.46154163,0.08499730,0.08499674
0.46164163,0.08499729,0.08499673
0.46174167,0.08499729,0.08499674
0.46184167,0.08499731,0.08499675
0.46194168,0.08499726,0.08499674
0.46204169,0.08499730,0.08499673
0.46214169,0.08499728,0.08499678
0.46224170,0.08499731,0.08499672
0.46234171,0.08499728,0.08499678
0.46244171,0.08499730,0.08499678
0.46254172,0.08499727,0.08499677
0.46264172,0.08499732,0.08499680
0.46274173,0.08499730,0.08499682
0.46284177,0.08499728,0.08499684
0.46294177,0.08499729,0.08499681
0.46304178,0.08499730,0.08499677
0.46314178,0.08499730,0.08499683
0.46324179,0.08499727,0.08499686
0.46334180,0.08499727,0.08499682
0.46344180,0.08499730,0.08499682
0.46354181,0.08499729,0.08499686
0.46364182,0.08499727,0.08499683
0.46374182,0.08499727,0.08499688
0.46384186,0.08499728,0.08499692
0.46394186,0.08499727,0.08499692
0.46404187,0.08499726,0.08499692
0.46414188,0.08499727,0.08499692
0.46424188,0.08499727,0.08499693
0.46434189,0.08499727,0.08499696
0.46444189,0.08499727,0.08499694
0.46454190,0.08499727,0.08499693
0.46464191,0.08499726,0.08499695
0.46474191,0.08499727,0.08499696
0.46484192,0.08499725,0.08499698
0.46494196,0.08499726,0.08499699
0.46504196,0.08499726,0.08499698
0.46514197,0.08499725,0.08499701
0.46524197,0.08499725,0.08499701
0.46534198,0.08499725,0.08499702
0.46544199,0.08499726,0.08499701
0.46554199,0.08499726,0.08499701
0.46564200,0.08499725,0.08499702
0.46574200,0.08499724,0.08499702
0.46584201,0.08499725,0.08499704
0.46594205,0.08499725,0.08499704
0.46604205,0.08499724,0.08499704
0.46614206,0.08499724,0.08499705
0.46624207,0.08499725,0.08499705
0.46634207,0.08499723,0.08499705
0.46644208,0.08499723,0.08499705
0.46654208,0.08499724,0.08499707
0.46664209,0.08499723,0.08499706
0.46674210,0.08499724,0.08499706
0.46684210,0.08499723,0.08499707
0.46694211,0.08499724,0.08499707
0.46704214,0.08499722,0.08499707
0.46714215,0.08499724,0.08499707
0.46724216,0.08499722,0.08499707
0.46734216,0.08499723,0.08499707
0.46744217,0.08499722,0.08499707
0.46754218,0.08499722,0.08499707
0.46764218,0.08499722,0.08499708
0.46774219,0.08499722,0.08499709
0.46784219,0.08499722,0.08499708
0.46794220,0.08499721,0.08499709
0.46804224,0.08499721,0.08499709
0.46814224,0.08499721,0.08499708
0.46824225,0.08499721,0.08499709
0.46834225,0.08499721,0.08499710
0.46844226,0.08499721,0.08499710
0.46854227,0.08499721,0.08499709
0.46864227,0.08499721,0.08499710
0.46874228,0.08499721,0.08499709
0.46884229,0.08499721,0.08499710
0.46894229,0.08499721,0.08499710
0.46904230,0.08499722,0.08499710
0.46914233,0.08499721,0.08499710
0.46924234,0.08499721,0.08499710
0.46934235,0.08499721,0.08499710
0.46944235,0.08499721,0.08499710
0.46954236,0.08499721,0.08499710
0.46964236,0.08499721,0.08499710
0.46974237,0.08499721,0.08499710
0.46984238,0.08499720,0.08499711
0.46994238,0.08499720,0.08499710
0.47004239,0.08499721,0.08499711
0.47014243,0.08499721,0.08499711
0.47024243,0.08499720,0.08499711
0.47034244,0.08499720,0.08499711
0.47044244,0.08499720,0.08499711
0.47054245,0.08499720,0.08499711
0.47064246,0.08499720,0.08499712
0.47074246,0.08499721,0.08499711
0.47084247,0.08499721,0.08499712
0.47094247,0.08499720,0.08499712
0.47104248,0.08499720,0.08499712
0.47114249,0.08499720,0.08499712
0.47124252,0.08499720,0.08499712
0.47134253,0.08499720,0.08499712
0.47144254,0.08499719,0.08499713
0.47154254,0.08499718,0.08499713
0.47164255,0.08499718,0.08499714
0.47174255,0.08499718,0.08499712
0.47184256,0.08499718,0.08499712
0.47194257,0.08499721,0.08499714
0.47204257,0.08499725,0.08499719
0.47214258,0.08499733,0.08499730
0.47224261,0.08499739,0.08499739
0.47234262,0.08499744,0.08499760
0.47244263,0.08499752,0.08499780
0.47254263,0.08499756,0.08499791
0.47264264,0.08499765,0.08499817
0.47274265,0.08499771,0.08499831
0.47284265,0.08499771,0.08499859
0.47294266,0.08499777,0.08499897
0.47304266,0.08499775,0.08499916
0.47314267,0.08499807,0.08499911
0.47324268,0.08499812,0.08499943
0.47334271,0.08499821,0.08499955
0.47344272,0.08499819,0.08499954
0.47354272,0.08499841,0.08499969
0.47364273,0.08499822,0.08499946
0.47374274,0.08499829,0.08499953
0.47384274,0.08499841,0.08499978
0.47394275,0.08499823,0.08499970
0.47404276,0.08499840,0.08499975
0.47414276,0.08499809,0.08499746
0.47424277,0.08499799,0.08499742
0.47434280,0.08499796,0.08499762
0.47444281,0.08499791,0.08497596
0.47454282,0.08499792,0.08497686
0.47464282,0.08499820,0.08497634
0.47474283,-0.01826674,0.02451711
0.47484283,-0.01095930,0.01974253
0.47494284,-0.00603536,0.01706035
0.47504285,-0.00210574,0.01471781
0.47514285,0.00061303,0.01360631
0.47524286,0.00223168,0.01182567
0.47534286,0.00192483,0.01116963
0.47544290,0.00215961,0.00921091
0.47554291,0.00219691,0.00867048
0.47564291,0.00253546,0.00805247
0.47574292,0.00242470,0.00686979
0.47584293,0.00226818,0.00657678
0.47594293,0.00288652,0.00612558
0.47604294,0.00317772,0.00552299
0.47614294,0.00354565,0.00497005
0.47624295,0.00346765,0.00459374
0.47634296,0.00432210,0.00427068
0.47644299,0.00449637,0.00341477
0.47654300,0.00631094,0.00300087
0.47664301,0.00573445,0.00284420
0.47674301,0.00729060,0.00239365
0.47684302,0.00848201,0.00177868
0.47694302,0.00849296,0.00156545
0.47704303,0.00948741,0.00132090
0.47714304,0.00988725,0.00123981
0.47724304,0.01053685,0.00093202
0.47734305,0.01174967,0.00096668
0.47744305,0.01230107,0.00040922
0.47754309,0.01325826,0.00022622
0.47764310,0.01300423,0.00009741
0.47774310,0.01255597,-0.00008044
0.47784311,0.01189908,-0.00018405
0.47794312,0.01123341,-0.00019149
0.47804312,0.01130577,-0.00032342
0.47814313,0.01076496,-0.00046938
0.47824313,0.01146868,-0.00040999
0.47834314,0.01124468,-0.00051482
0.47844315,0.01285550,-0.00096250
0.47854315,0.01242449,-0.00099487
0.47864319,0.01294226,-0.00130388
0.47874319,0.01171011,-0.00088739
0.47884320,0.01261256,-0.00097701
0.47894321,0.01234156,-0.00056019
0.47904321,0.01287531,-0.00063213
0.47914322,0.01235401,-0.00030583
0.47924323,0.01338625,-0.00054246
0.47934323,0.01220558,0.00003356
0.47944324,0.01192651,0.00002280
0.47954324,0.01159233,0.00000268
0.47964328,0.01208386,-0.00008737
0.47974329,0.01226070,-0.00053670
0.47984329,0.01180324,-0.00034238
0.47994330,0.01252909,-0.00054897
0.48004330,0.01081636,-0.00013102
0.48014331,0.01181744,-0.00017098
0.48024332,0.01174915,-0.00027874
0.48034332,0.01225368,-0.00026466
0.48044333,0.01161243,0.00011350
0.48054333,0.01265903,-0.00004342
0.48064334,0.01227319,-0.00006217
0.48074338,0.01311283,0.00019475
0.48084338,0.01266129,-0.00017791
0.48094339,0.01254875,-0.00002631
0.48104340,0.01200943,0.00034093
0.48114340,0.01283753,0.00033929
0.48124341,0.01409166,-0.00021467
0.48134341,0.01330807,-0.00019150
0.48144342,0.01429974,-0.00008898
0.48154343,0.01337668,-0.00024281
0.48164343,0.01391549,-0.00037868
0.48174347,0.01365296,-0.00050545
0.48184348,0.01398746,-0.00066924
0.48194348,0.01350508,-0.00015559
0.48204349,0.01275955,-0.00011697
0.48214349,0.01371279,0.00018825
0.48224350,0.01324327,0.00055580
0.48234351,0.01357084,0.00030062
0.48244351,0.01369511,0.00038356
0.48254352,0.01450705,0.00007348
0.48264352,0.01454670,0.00003511
0.48274353,0.01484156,-0.00023526
0.48284357,0.01470741,-0.00000326
0.48294357,0.01521907,-0.00003536
0.48304358,0.01471029,-0.00010126
0.48314359,0.01539365,-0.00031669
0.48324359,0.01523046,-0.00044484
0.48334360,0.01509687,-0.00002209
0.48344360,0.01459518,-0.00004951
0.48354361,0.01389297,-0.00033155
0.48364362,0.01480451,-0.00002209
0.48374362,0.01448059,0.00021477
0.48384366,0.01542828,-0.00019506
0.48394366,0.01481501,0.00015016
0.48404367,0.01521444,0.00020049
0.48414368,0.01508278,0.00020599
0.48424368,0.01481000,0.00026952
0.48434369,0.01438179,0.00043291
0.48444370,0.01442980,0.00001377
0.48454370,0.01402487,0.00011837
0.48464371,0.01433353,-0.00018738
0.48474371,0.01467847,-0.00024133
0.48484372,0.01477743,-0.00038353
0.48494376,0.01599219,-0.00077954
0.48504376,0.01554886,-0.00042775
0.48514377,0.01593221,-0.00048391
0.48524377,0.01553058,-0.00027083
0.48534378,0.01519567,-0.00002805
0.48544379,0.01509951,0.00014058
0.48554379,0.01466076,0.00028800
0.48564380,0.01532783,0.00008836
0.48574380,0.01538442,0.00032583
0.48584381,0.01645461,0.00001910
0.48594385,0.01528551,-0.00005034
0.48604385,0.01649599,0.00014094
0.48614386,0.01507067,0.00010447
0.48624387,0.01594642,0.00000495
0.48634387,0.01566772,0.00005339
0.48644388,0.01482593,0.00014081
0.48654388,0.01566851,-0.00019520
0.48664389,0.01577363,-0.00043004
0.48674390,0.01665735,-0.00046333
0.48684390,0.01530423,-0.00038555
0.48694391,0.01586311,-0.00049186
0.48704395,0.01524905,-0.00010622
0.48714395,0.01618224,-0.00001697
0.48724396,0.01551952,-0.00009653
0.48734396,0.01507409,0.00044295
0.48744397,0.01490516,0.00022991
0.48754398,0.01460092,0.00038046
0.48764398,0.01512496,0.00018029
0.48774399,0.01545422,-0.00003268
0.48784399,0.01568034,0.00004506
0.48794400,0.01564415,0.00009782
0.48804404,0.01572328,0.00008867
0.48814404,0.01554606,0.00000046
0.48824405,0.01623410,-0.00000714
0.48834406,0.01631324,-0.00024900
0.48844406,0.01604553,-0.00023486
0.48854407,0.01566119,-0.00011098
0.48864407,0.01569897,-0.00014703
0.48874408,0.01650702,0.00004611
0.48884409,0.01568945,0.00011076
0.48894409,0.01632371,0.00003962
0.48904410,0.01562078,0.00029293
0.48914413,0.01596260,0.00017194
0.48924414,0.01490857,0.00026647
0.48934415,0.01568378,0.00013077
0.48944415,0.01489660,0.00002922
0.48954416,0.01638076,-0.00009790
0.48964417,0.01550222,-0.00011751
0.48974417,0.01499882,-0.00014091
0.48984418,0.01538427,-0.00043012
0.48994418,0.01678219,-0.00045407
0.49004419,0.01656762,-0.00063649
0.49014423,0.01423319,-0.00026526
0.49024423,0.01463793,-0.00015170
0.49034424,0.01423745,-0.00014784
0.49044424,0.01546827,-0.00002287
0.49054425,0.01524050,0.00006692
0.49064426,0.01597274,0.00027178
0.49074426,0.01575823,-0.00009317
0.49084427,0.01642515,-0.00019282
0.49094427,0.01569617,0.00019000
0.49104428,0.01509670,0.00013205
0.49114429,0.01611196,0.00005401
0.49124432,0.01486062,0.00024686
0.49134433,0.01482327,0.00021937
0.49144434,0.01408895,0.00019274
0.49154434,0.01523388,-0.00003957
0.49164435,0.01567555,-0.00040712
0.49174435,0.01640023,-0.00023670
0.49184436,0.01543245,-0.00028857
0.49194437,0.01504130,0.00015877
0.49204437,0.01558316,0.00002435
0.49214438,0.01504465,0.00005769
0.49224442,0.01505855,0.00025331
0.49234442,0.01475356,0.00029038
0.49244443,0.01573429,0.00023260
0.49254443,0.01522937,0.00029706
0.49264444,0.01479860,0.00039557
0.49274445,0.01487726,0.00014251
0.49284445,0.01519201,0.00021572
0.49294446,0.01552833,0.00009635
0.49304446,0.01590434,-0.00000899
0.49314447,0.01546167,-0.00019025
0.49324448,0.01358648,-0.00010010
0.49334451,0.01399076,0.00018730
0.49344452,0.01414442,-0.00010754
0.49354453,0.01431979,0.00013450
0.49364453,0.01404934,-0.00008536
0.49374454,0.01412555,0.00024551
0.49384454,0.01480551,-0.00025104
0.49394455,0.01495669,-0.00006616
0.49404456,0.01590394,-0.00012795
0.49414456,0.01445188,0.00008006
0.49424457,0.01450623,0.00016617
0.49434460,0.01434629,0.00012764
0.49444461,0.01550630,0.00003699
0.49454462,0.01497657,0.00004608
0.49464462,0.01474449,0.00018710
0.49474463,0.01412194,0.00018513
0.49484464,0.01380575,-0.00010549
0.49494464,0.01452042,-0.00048864
0.49504465,0.01444081,-0.00031434
0.49514465,0.01490939,-0.00012408
0.49524466,0.01410369,-0.00011747
0.49534467,0.01492113,0.00016115
0.49544470,0.01382700,0.00018857
0.49554471,0.01400161,0.00022727
0.49564471,0.01419435,0.00024776
0.49574472,0.01458189,0.00007401
0.49584473,0.01493392,-0.00033076
0.49594473,0.01461126,-0.00022282
0.49604474,0.01457928,-0.00008573
0.49614474,0.01470018,-0.00021741
0.49624475,0.01580746,-0.00028244
0.49634476,0.01489245,-0.00006106
0.49644479,0.01610702,-0.00046258
0.49654480,0.01541292,-0.00035307
0.49664481,0.01511452,-0.00063782
0.49674481,0.01516740,-0.00041835
0.49684482,0.01418093,-0.00024611
0.49694482,0.01538640,-0.00013095
0.49704483,0.01432655,-0.00013436
0.49714484,0.01434775,0.00007256
0.49724484,0.01435099,0.00029613
0.49734485,0.01319089,0.00023889
0.49744485,0.01400385,0.00045843
0.49754489,0.01459955,0.00051016
0.49764490,0.01593510,0.00021716
0.49774490,0.01500907,0.00008859
0.49784491,0.01385153,0.00056967
0.49794492,0.01446404,0.00025189
0.49804492,0.01482284,0.00003724
0.49814493,0.01470533,0.00006744
0.49824493,0.01487204,-0.00034221
0.49834494,0.01647111,-0.00047700
0.49844495,0.01557178,-0.00040463
0.49854495,0.01474497,-0.00020780
0.49864499,0.01600752,-0.00024564
0.49874500,0.01575703,0.00001906
0.49884500,0.01588052,-0.00029930
0.49894501,0.01535303,-0.00003407
0.49904501,0.01412165,0.00001131
0.49914502,0.01313835,-0.00000362
0.49924503,0.01241160,0.00006898
0.49934503,0.01238021,0.00009567
0.49944504,0.01144954,-0.00012062
0.49954504,0.01105233,-0.00039433
0.49964508,0.01074977,-0.00075984
0.49974509,0.00986802,-0.00059428
0.49984509,0.01032235,-0.00113555
0.49994510,0.00937586,-0.00103005
0.50004510,0.00945907,-0.00093473
0.50014511,0.01155253,-0.00150991
0.50024512,0.01104038,-0.00144042
0.50034512,0.01244624,-0.00177527
0.50044513,0.01002005,-0.00143381
0.50054514,0.00482880,-0.00003683
0.50064514,-0.00137190,0.00003534
0.50074518,-0.00628445,-0.00018956
0.50084518,0.08499708,0.08497031
0.50094519,0.08499710,0.08496907
0.50104520,0.08499704,0.08499692
0.50114520,0.08499698,0.08499677
0.50124521,0.08499727,0.08499588
0.50134521,0.08499709,0.08499560
0.50144522,0.08499721,0.08495132
0.50154523,0.08499710,0.08494641
0.50164523,0.08499849,0.08499433
0.50174527,0.08499908,0.08499433
0.50184528,0.08499873,0.08499433
0.50194528,0.08499850,0.08499433
0.50204529,0.08499827,0.08499433
0.50214529,0.08499813,0.08499482
0.50224530,0.08499773,0.08499531
0.50234531,0.08499761,0.08499563
0.50244531,0.08499751,0.08499597
0.50254532,0.08499744,0.08499600
0.50264532,0.08499733,0.08499626
0.50274533,0.08499731,0.08499628
0.50284537,0.08499731,0.08499635
0.50294537,0.08499723,0.08499639
0.50304538,0.08499715,0.08499644
0.50314539,0.08499718,0.08499645
0.50324539,0.08499719,0.08499646
0.50334540,0.08499717,0.08499646
0.50344540,0.08499715,0.08499648
0.50354541,0.08499715,0.08499641
0.50364542,0.08499720,0.08499641
0.50374542,0.08499724,0.08499645
0.50384546,0.08499721,0.08499642
0.50394547,0.08499730,0.08499638
0.50404547,0.08499725,0.08499648
0.50414548,0.08499729,0.08499648
0.50424548,0.08499733,0.08499646
0.50434549,0.08499727,0.08499646
0.50444550,0.08499731,0.08499644
0.50454550,0.08499731,0.08499643
0.50464551,0.08499736,0.08499642
0.50474551,0.08499739,0.08499639
0.50484552,0.08499733,0.08499639
0.50494556,0.08499735,0.08499635
0.50504556,0.08499736,0.08499631
0.50514557,0.08499740,0.08499642
0.50524557,0.08499739,0.08499639
0.50534558,0.08499742,0.08499635
0.50544559,0.08499740,0.08499643
0.50554559,0.08499742,0.08499642
0.50564560,0.08499739,0.08499645
0.50574561,0.08499739,0.08499640
0.50584561,0.08499745,0.08499641
0.50594565,0.08499742,0.08499638
0.50604565,0.08499740,0.08499634
0.50614566,0.08499741,0.08499638
0.50624567,0.08499741,0.08499651
0.50634567,0.08499743,0.08499637
0.50644568,0.08499740,0.08499635
0.50654568,0.08499736,0.08499647
0.50664569,0.08499738,0.08499645
0.50674570,0.08499742,0.08499642
0.50684570,0.08499737,0.08499652
0.50694571,0.08499742,0.08499644
0.50704575,0.08499741,0.08499640
0.50714575,0.08499737,0.08499654
0.50724576,0.08499741,0.08499656
0.50734576,0.08499727,0.08499663
0.50744577,0.08499736,0.08499660
0.50754578,0.08499736,0.08499663
0.50764578,0.08499727,0.08499669
0.50774579,0.08499730,0.08499672
0.50784579,0.08499733,0.08499673
0.50794580,0.08499731,0.08499674
0.50804584,0.08499733,0.08499678
0.50814584,0.08499725,0.08499680
0.50824585,0.08499730,0.08499682
0.50834586,0.08499730,0.08499681
0.50844586,0.08499729,0.08499685
0.50854587,0.08499726,0.08499685
0.50864587,0.08499727,0.08499688
0.50874588,0.08499729,0.08499689
0.50884589,0.08499729,0.08499692
0.50894589,0.08499726,0.08499692
0.50904590,0.08499727,0.08499692
0.50914594,0.08499728,0.08499693
0.50924594,0.08499730,0.08499695
0.50934595,0.08499727,0.08499693
0.50944595,0.08499727,0.08499695
0.50954596,0.08499725,0.08499698
0.50964597,0.08499725,0.08499698
0.50974597,0.08499726,0.08499700
0.50984598,0.08499725,0.08499699
0.50994598,0.08499725,0.08499701
0.51004599,0.08499727,0.08499701
0.51014603,0.08499725,0.08499702
0.51024603,0.08499725,0.08499702
0.51034604,0.08499725,0.08499702
0.51044604,0.08499724,0.08499703
0.51054605,0.08499724,0.08499705
0.51064606,0.08499724,0.08499704
0.51074606,0.08499724,0.08499706
0.51084607,0.08499724,0.08499705
0.51094608,0.08499723,0.08499704
0.51104608,0.08499723,0.08499706
0.51114609,0.08499724,0.08499707
0.51124612,0.08499723,0.08499707
0.51134613,0.08499722,0.08499707
0.51144614,0.08499723,0.08499708
0.51154614,0.08499723,0.08499707
0.51164615,0.08499721,0.08499708
0.51174615,0.08499721,0.08499708
0.51184616,0.08499722,0.08499708
0.51194617,0.08499722,0.08499708
0.51204620,0.08499722,0.08499709
0.51214618,0.08499721,0.08499709
0.51224622,0.08499721,0.08499709
0.51234619,0.08499721,0.08499709
0.51244623,0.08499721,0.08499710
0.51254620,0.08499722,0.08499710
0.51264624,0.08499721,0.08499710
0.51274622,0.08499721,0.08499710
0.51284625,0.08499721,0.08499710
0.51294629,0.08499721,0.08499710
0.51304626,0.08499720,0.08499710
0.51314630,0.08499721,0.08499710
0.51324628,0.08499721,0.08499711
0.51334631,0.08499721,0.08499710
0.51344629,0.08499721,0.08499711
0.51354633,0.08499721,0.08499711
0.51364630,0.08499720,0.08499711
0.51374634,0.08499720,0.08499711
0.51384637,0.08499720,0.08499711
0.51394635,0.08499720,0.08499711
0.51404639,0.08499720,0.08499711
0.51414636,0.08499720,0.08499711
0.51424640,0.08499721,0.08499712
0.51434637,0.08499720,0.08499712
0.51444641,0.08499720,0.08499712
0.51454639,0.08499721,0.08499712
0.51464642,0.08499719,0.08499712
0.51474640,0.08499719,0.08499712
0.51484644,0.08499719,0.08499712
0.51494647,0.08499720,0.08499712
0.51504645,0.08499720,0.08499712
0.51514648,0.08499719,0.08499712
0.51524646,0.08499720,0.08499712
0.51534650,0.08499720,0.08499712
0.51544647,0.08499719,0.08499712
0.51554651,0.08499718,0.08499713
0.51564648,0.08499718,0.08499714
0.51574652,0.08499718,0.08499715
0.51584650,0.08499718,0.08499714
0.51594653,0.08499718,0.08499712
0.51604657,0.08499719,0.08499714
0.51614655,0.08499722,0.08499718
0.51624658,0.08499730,0.08499725
0.51634656,0.08499735,0.08499732
0.51644659,0.08499739,0.08499742
0.51654657,0.08499745,0.08499753
0.51664661,0.08499750,0.08499788
0.51674658,0.08499753,0.08499787
0.51684662,0.08499759,0.08499812
0.51694659,0.08499757,0.08499827
0.51704663,0.08499764,0.08499869
0.51714667,0.08499768,0.08499870
0.51724664,0.08499784,0.08499905
0.51734668,0.08499788,0.08499921
0.51744666,0.08499791,0.08499918
0.51754669,0.08499802,0.08499930
0.51764667,0.08499814,0.08499952
0.51774670,0.08499817,0.08499946
0.51784668,0.08499836,0.08499948
0.51794672,0.08499821,0.08499952
0.51804675,0.08499813,0.08499962
0.51814673,0.08499834,0.08499934
0.51824677,0.08499797,0.08499715
0.51834674,0.08499796,0.08499734
0.51844678,0.08499791,0.08499741
0.51854675,0.08499786,0.08499739
0.51864679,0.08499779,0.08499758
0.51874677,0.08499774,0.08497684
0.51884680,0.08499768,0.08497551
0.51894678,0.08499765,0.08497558
0.51904681,0.08499765,0.08497672
0.51914685,-0.02098132,0.02388982
0.51924683,-0.01607062,0.02089661
0.51934686,-0.01065338,0.01923484
0.51944684,-0.00699872,0.01745919
0.51954687,-0.00351401,0.01506541
0.51964685,-0.00177682,0.01263197
0.51974689,-0.00028421,0.01125046
0.51984686,-0.00040469,0.00919611
0.51994690,0.00031067,0.00831104
0.52004688,0.00048973,0.00725898
0.52014691,0.00080667,0.00661470
0.52024695,0.00122974,0.00582684
0.52034692,0.00127748,0.00519299
0.52044696,0.00180188,0.00503743
0.52054694,0.00224264,0.00435466
0.52064697,0.00268526,0.00425928
0.52074695,0.00329160,0.00381786
0.52084698,0.00337129,0.00351902
0.52094696,0.00427105,0.00334561
0.52104700,0.00428711,0.00313639
0.52114697,0.00568298,0.00283915
0.52124701,0.00489207,0.00274109
0.52134705,0.00579689,0.00273436
0.52144702,0.00765779,0.00146301
0.52154706,0.00887732,0.00101429
0.52164703,0.00968183,0.00042878
0.52174707,0.01047931,0.00033033
0.52184705,0.01064628,0.00000298
0.52194708,0.01071850,-0.00030212
0.52204706,0.01114248,-0.00042863
0.52214709,0.01089074,-0.00024688
0.52224713,0.01116335,-0.00028473
0.52234711,0.01115260,-0.00036730
0.52244714,0.01165322,-0.00066814
0.52254712,0.01155430,-0.00066018
0.52264716,0.01207377,-0.00072849
0.52274713,0.01107952,-0.00076934
0.52284717,0.01207178,-0.00091894
0.52294714,0.01231583,-0.00100946
0.52304718,0.01149587,-0.00089645
0.52314716,0.01113669,-0.00055053
0.52324719,0.01143774,-0.00074832
0.52334723,0.01212502,-0.00081197
0.52344720,0.01218414,-0.00108083
0.52354724,0.01281153,-0.00083833
0.52364722,0.01210562,-0.00018313
0.52374725,0.01255130,-0.00012970
0.52384723,0.01167164,-0.00020650
0.52394727,0.01253772,-0.00007949
0.52404724,0.01174375,-0.00000054
0.52414728,0.01232669,0.00019905
0.52424725,0.01183757,0.00024287
0.52434729,0.01183124,0.00017300
0.52444733,0.01203024,0.00037186
0.52454730,0.01145230,0.00019451
0.52464734,0.01176349,0.00015416
0.52474731,0.01120047,0.00023564
0.52484735,0.01272613,-0.00038537
0.52494733,0.01229916,-0.00059566
0.52504736,0.01235382,-0.00032140
0.52514734,0.01254650,-0.00027318
0.52524738,0.01189999,-0.00034276
0.52534735,0.01220624,0.00001822
0.52544739,0.01310126,-0.00026394
0.52554742,0.01322473,-0.00013823
0.52564740,0.01282599,0.00028657
0.52574744,0.01277305,-0.00005168
0.52584741,0.01306456,-0.00011832
0.52594745,0.01280484,0.00015819
0.52604742,0.01301152,0.00014995
0.52614746,0.01256659,-0.00013518
0.52624744,0.01205366,0.00000851
0.52634747,0.01337225,-0.00038797
0.52644751,0.01342985,-0.00058043
0.52654749,0.01383720,-0.00029791
0.52664752,0.01385770,-0.00039725
0.52674750,0.01327626,-0.00049157
0.52684753,0.01329396,-0.00056640
0.52694751,0.01357969,-0.00046322
0.52704755,0.01352868,-0.00042312
0.52714752,0.01357163,-0.00028882
0.52724756,0.01404031,-0.00018779
0.52734753,0.01343713,-0.00010447
0.52744757,0.01473834,-0.00014410
0.52754761,0.01469251,-0.00017818
0.52764758,0.01582618,0.00002731
0.52774762,0.01485188,0.00014386
0.52784760,0.01395762,0.00046062
0.52794763,0.01461366,0.00018423
0.52804761,0.01444118,-0.00014813
0.52814764,0.01524822,-0.00031333
0.52824762,0.01385171,0.00006767
0.52834766,0.01493037,-0.00027635
0.52844763,0.01456955,0.00018904
0.52854767,0.01502761,-0.00004939
0.52864771,0.01543454,-0.00001586
0.52874768,0.01457291,0.00023654
0.52884772,0.01529493,-0.00001212
0.52894769,0.01372125,0.00039698
0.52904773,0.01474490,0.00037585
0.52914771,0.01452930,0.00023206
0.52924774,0.01431318,0.00035729
0.52934772,0.01459044,0.00026469
0.52944775,0.01444449,-0.00009799
0.52954773,0.01614676,-0.00026626
0.52964777,0.01494679,-0.00027071
0.52974780,0.01575384,-0.00048544
0.52984778,0.01500293,-0.00020109
0.52994781,0.01586520,-0.00050187
0.53004779,0.01521345,-0.00054038
0.53014783,0.01597887,-0.00071324
0.53024780,0.01514893,-0.00033724
0.53034784,0.01401991,-0.00013951
0.53044781,0.01424107,-0.00019477
0.53054785,0.01391065,-0.00001140
0.53064783,0.01509477,0.00009514
0.53074786,0.01513766,0.00003960
0.53084790,0.01468645,0.00011390
0.53094788,0.01487627,0.00044318
0.53104791,0.01428510,0.00025727
0.53114789,0.01469658,-0.00021411
0.53124792,0.01431216,-0.00016417
0.53134790,0.01491265,0.00015725
0.53144794,0.01458467,0.00000500
0.53154791,0.01527240,-0.00031101
0.53164795,0.01474771,0.00007397
0.53174799,0.01435220,-0.00023135
0.53184796,0.01574042,-0.00006943
0.53194800,0.01453642,0.00013561
0.53204797,0.01587169,-0.00003853
0.53214801,0.01563287,0.00001509
0.53224799,0.01706406,-0.00041785
0.53234802,0.01546580,-0.00008340
0.53244800,0.01518364,0.00029438
0.53254803,0.01547392,0.00030404
0.53264801,0.01422400,0.00044656
0.53274805,0.01617216,0.00027033
0.53284808,0.01574623,0.00006408
0.53294806,0.01618738,0.00007859
0.53304810,0.01605074,-0.00011382
0.53314807,0.01685140,-0.00034949
0.53324811,0.01590351,-0.00025610
0.53334808,0.01563082,-0.00014737
0.53344812,0.01619876,-0.00058575
0.53354810,0.01629944,-0.00029616
0.53364813,0.01695594,-0.00008223
0.53374811,0.01609208,0.00012225
0.53384814,0.01611100,0.00027549
0.53394818,0.01632730,0.00005481
0.53404816,0.01648319,0.00025046
0.53414819,0.01572448,0.00012709
0.53424817,0.01654362,0.00011834
0.53434821,0.01629291,0.00030297
0.53444818,0.01564031,0.00015295
0.53454822,0.01549637,0.00026291
0.53464819,0.01533742,0.00050796
0.53474823,0.01608632,0.00010849
0.53484821,0.01635285,0.00015298
0.53494824,0.01576425,-0.00006119
0.53504828,0.01586968,0.00001779
0.53514825,0.01523390,-0.00015111
0.53524829,0.01588172,0.00008593
0.53534827,0.01559814,0.00015295
0.53544830,0.01529868,0.00032244
0.53554828,0.01422194,0.00049275
0.53564832,0.01519920,0.00039332
0.53574829,0.01548067,0.00035864
0.53584833,0.01585885,0.00005033
0.53594836,0.01631755,-0.00000384
0.53604834,0.01602241,-0.00014247
0.53614838,0.01617523,-0.00019721
0.53624835,0.01567133,-0.00042344
0.53634839,0.01577148,-0.00033355
0.53644836,0.01551098,-0.00047526
0.53654840,0.01650175,-0.00056046
0.53664838,0.01563151,-0.00070954
0.53674841,0.01587442,-0.00046459
0.53684839,0.01468721,-0.00022655
0.53694843,0.01466238,-0.00056594
0.53704846,0.01532418,-0.00033100
0.53714844,0.01493960,-0.00025083
0.53724847,0.01566785,-0.00019308
0.53734845,0.01518516,-0.00005990
0.53744849,0.01442830,0.00030859
0.53754846,0.01567488,-0.00002050
0.53764850,0.01549990,0.00002209
0.53774847,0.01639063,0.00008751
0.53784851,0.01580597,0.00000899
0.53794849,0.01695576,0.00002431
0.53804852,0.01635207,0.00011726
0.53814856,0.01731822,-0.00009693
0.53824854,0.01604587,-0.00011210
0.53834857,0.01562209,0.00003170
0.53844855,0.01556667,-0.00011984
0.53854858,0.01606136,0.00028457
0.53864856,0.01523003,0.00020142
0.53874860,0.01470035,0.00021277
0.53884857,0.01506674,0.00032337
0.53894861,0.01430682,0.00064445
0.53904858,0.01527886,0.00030009
0.53914862,0.01477076,0.00020233
0.53924866,0.01593299,0.00007722
0.53934863,0.01583984,-0.00007818
0.53944867,0.01599570,0.00012850
0.53954865,0.01431405,0.00017672
0.53964868,0.01474215,0.00003478
0.53974866,0.01524939,0.00004825
0.53984869,0.01307018,0.00011462
0.53994867,0.01501126,-0.00006632
0.54004871,0.01462753,-0.00023628
0.54014874,0.01484345,-0.00030199
0.54024872,0.01387528,-0.00025968
0.54034875,0.01293871,-0.00015837
0.54044873,0.01350884,-0.00009719
0.54054877,0.01390838,-0.00005553
0.54064874,0.01532362,-0.00010298
0.54074878,0.01540119,0.00002198
0.54084875,0.01577736,0.00016977
0.54094879,0.01552692,0.00020554
0.54104877,0.01532262,0.00052476
0.54114880,0.01507739,0.00015352
0.54124884,0.01622880,0.00014174
0.54134882,0.01531466,0.00002846
0.54144885,0.01492617,0.00022195
0.54154883,0.01520397,-0.00012831
0.54164886,0.01443560,-0.00012342
0.54174884,0.01568231,0.00008311
0.54184888,0.01546862,0.00001480
0.54194885,0.01624504,-0.00007376
0.54204889,0.01535724,-0.00020363
0.54214886,0.01563974,0.00007786
0.54224890,0.01553493,0.00011925
0.54234894,0.01475588,0.00008739
0.54244891,0.01559378,-0.00005041
0.54254895,0.01490328,0.00004587
0.54264893,0.01579492,0.00010371
0.54274896,0.01438752,0.00035841
0.54284894,0.01517435,0.00021416
0.54294897,0.01478513,-0.00003084
0.54304895,0.01531859,-0.00014840
0.54314899,0.01431878,0.00003294
0.54324896,0.01494310,-0.00035092
0.54334900,0.01367634,-0.00038148
0.54344904,0.01250898,-0.00011969
0.54354901,0.01122787,0.00019343
0.54364905,0.01171373,-0.00011672
0.54374902,0.01105738,-0.00018081
0.54384906,0.01152980,-0.00038016
0.54394904,0.01045225,0.00002562
0.54404907,0.01090303,-0.00036975
0.54414905,0.01025324,-0.00058598
0.54424908,0.01103104,-0.00060965
0.54434912,0.01014940,-0.00073248
0.54444910,0.00943310,-0.00066246
0.54454913,0.01212319,-0.00068163
0.54464911,0.01635200,-0.00138084
0.54474915,0.01754218,-0.00234047
0.54484912,0.01575318,-0.00249555
0.54494916,0.01436285,-0.00320281
0.54504913,0.00446879,-0.00181922
0.54514917,-0.00189695,-0.00237774
0.54524915,0.08499708,0.08497194
0.54534918,0.08499717,0.08499712
0.54544922,0.08499712,0.08499693
0.54554919,0.08499702,0.08499654
0.54564923,0.08499713,0.08499575
0.54574921,0.08499711,0.08495450
0.54584924,0.08499715,0.08494850
0.54594922,0.08499803,0.08494335
0.54604926,0.08499902,0.08499433
0.54614923,0.08499859,0.08499433
0.54624927,0.08499809,0.08499433
0.54634924,0.08499818,0.08499433
0.54644928,0.08499787,0.08499478
0.54654932,0.08499737,0.08499559
0.54664929,0.08499734,0.08499589
0.54674933,0.08499728,0.08499614
0.54684930,0.08499721,0.08499637
0.54694934,0.08499725,0.08499647
0.54704932,0.08499718,0.08499658
0.54714935,0.08499721,0.08499660
0.54724933,0.08499720,0.08499664
0.54734937,0.08499716,0.08499674
0.54744934,0.08499719,0.08499674
0.54754938,0.08499717,0.08499675
0.54764941,0.08499719,0.08499681
0.54774939,0.08499715,0.08499679
0.54784943,0.08499719,0.08499677
0.54794940,0.08499720,0.08499677
0.54804944,0.08499717,0.08499678
0.54814941,0.08499716,0.08499677
0.54824945,0.08499721,0.08499674
0.54834943,0.08499723,0.08499675
0.54844946,0.08499721,0.08499680
0.54854944,0.08499723,0.08499679
0.54864948,0.08499721,0.08499672
0.54874951,0.08499721,0.08499677
0.54884949,0.08499724,0.08499677
0.54894952,0.08499727,0.08499676
0.54904950,0.08499724,0.08499677
0.54914954,0.08499724,0.08499674
0.54924951,0.08499724,0.08499674
0.54934955,0.08499725,0.08499674
0.54944952,0.08499727,0.08499671
0.54954956,0.08499728,0.08499671
0.54964960,0.08499726,0.08499670
0.54974957,0.08499729,0.08499670
0.54984961,0.08499728,0.08499677
0.54994958,0.08499732,0.08499673
0.55004962,0.08499730,0.08499669
0.55014960,0.08499727,0.08499669
0.55024963,0.08499736,0.08499669
0.55034961,0.08499724,0.08499674
0.55044965,0.08499732,0.08499669
0.55054962,0.08499731,0.08499664
0.55064966,0.08499727,0.08499674
0.55074969,0.08499736,0.08499669
0.55084967,0.08499733,0.08499669
0.55094971,0.08499727,0.08499675
0.55104968,0.08499731,0.08499674
0.55114972,0.08499734,0.08499674
0.55124969,0.08499727,0.08499671
0.55134973,0.08499732,0.08499674
0.55144971,0.08499733,0.08499671
0.55154974,0.08499733,0.08499680
0.55164972,0.08499731,0.08499682
0.55174976,0.08499729,0.08499682
0.55184979,0.08499730,0.08499685
0.55194977,0.08499724,0.08499686
0.55204980,0.08499726,0.08499688
0.55214978,0.08499727,0.08499690
0.55224982,0.08499728,0.08499687
0.55234979,0.08499727,0.08499689
0.55244983,0.08499726,0.08499692
0.55254980,0.08499726,0.08499693
0.55264984,0.08499724,0.08499691
0.55274982,0.08499727,0.08499695
0.55284985,0.08499727,0.08499695
0.55294989,0.08499727,0.08499698
0.55304987,0.08499727,0.08499698
0.55314990,0.08499725,0.08499698
0.55324988,0.08499727,0.08499699
0.55334991,0.08499726,0.08499699
0.55344989,0.08499724,0.08499700
0.55354993,0.08499724,0.08499701
0.55364990,0.08499724,0.08499701
0.55374994,0.08499724,0.08499700
0.55384998,0.08499725,0.08499701
0.55394995,0.08499724,0.08499701
0.55404999,0.08499725,0.08499704
0.55414996,0.08499724,0.08499704
0.55425000,0.08499723,0.08499704
0.55434998,0.08499723,0.08499704
0.55445001,0.08499723,0.08499705
0.55454999,0.08499724,0.08499704
0.55465002,0.08499724,0.08499704
0.55475000,0.08499724,0.08499705
0.55485004,0.08499723,0.08499706
0.55495007,0.08499723,0.08499706
0.55505005,0.08499724,0.08499707
0.55515009,0.08499724,0.08499707
0.55525006,0.08499722,0.08499707
0.55535010,0.08499723,0.08499707
0.55545007,0.08499722,0.08499707
0.55555011,0.08499723,0.08499708
0.55565009,0.08499722,0.08499707
0.55575012,0.08499722,0.08499707
0.55585010,0.08499722,0.08499707
0.55595013,0.08499722,0.08499707
0.55605017,0.08499722,0.08499709
0.55615015,0.08499721,0.08499708
0.55625018,0.08499722,0.08499708
0.55635016,0.08499721,0.08499708
0.55645020,0.08499721,0.08499709
0.55655017,0.08499722,0.08499709
0.55665021,0.08499721,0.08499709
0.55675018,0.08499721,0.08499709
0.55685022,0.08499721,0.08499709
0.55695020,0.08499721,0.08499709
0.55705023,0.08499720,0.08499709
0.55715027,0.08499721,0.08499709
0.55725024,0.08499721,0.08499710
0.55735028,0.08499721,0.08499710
0.55745026,0.08499721,0.08499710
0.55755029,0.08499721,0.08499710
0.55765027,0.08499721,0.08499710
0.55775031,0.08499721,0.08499710
0.55785028,0.08499721,0.08499710
0.55795032,0.08499721,0.08499710
0.55805035,0.08499721,0.08499710
0.55815033,0.08499720,0.08499710
0.55825037,0.08499721,0.08499710
0.55835034,0.08499721,0.08499710
0.55845038,0.08499720,0.08499710
0.55855035,0.08499721,0.08499711
0.55865039,0.08499720,0.08499710
0.55875037,0.08499721,0.08499711
0.55885040,0.08499721,0.08499711
0.55895038,0.08499721,0.08499711
0.55905042,0.08499721,0.08499711
0.55915045,0.08499721,0.08499711
0.55925043,0.08499720,0.08499711
0.55935046,0.08499719,0.08499711
0.55945044,0.08499720,0.08499711
0.55955048,0.08499721,0.08499712
0.55965045,0.08499720,0.08499711
0.55975049,0.08499719,0.08499712
0.55985046,0.08499720,0.08499712
0.55995050,0.08499720,0.08499712
0.56005048,0.08499720,0.08499712
0.56015051,0.08499720,0.08499712
0.56025055,0.08499720,0.08499712
0.56035052,0.08499720,0.08499712
0.56045056,0.08499719,0.08499712
0.56055054,0.08499718,0.08499713
0.56065057,0.08499718,0.08499713
0.56075055,0.08499718,0.08499713
0.56085059,0.08499718,0.08499712
0.56095056,0.08499720,0.08499710
0.56105060,0.08499721,0.08499713
0.56115057,0.08499728,0.08499724
0.56125061,0.08499736,0.08499736
0.56135065,0.08499743,0.08499752
0.56145062,0.08499751,0.08499776
0.56155066,0.08499759,0.08499788
0.56165063,0.08499766,0.08499802
0.56175067,0.08499768,0.08499825
0.56185065,0.08499770,0.08499841
0.56195068,0.08499778,0.08499864
0.56205066,0.08499777,0.08499888
0.56215070,0.08499783,0.08499916
0.56225073,0.08499800,0.08499924
0.56235071,0.08499813,0.08499938
0.56245074,0.08499838,0.08499955
0.56255072,0.08499847,0.08499972
0.56265076,0.08499860,0.08499953
0.56275073,0.08499844,0.08499983
0.56285077,0.08499864,0.08499988
0.56295074,0.08499846,0.08499984
0.56305078,0.08499872,0.08499985
0.56315076,0.08499852,0.08499978
0.56325079,0.08499865,0.08500000
0.56335083,0.08499858,0.08499996
0.56345081,0.08499845,0.08499831
0.56355084,0.08499800,0.08499746
0.56365082,0.08499771,0.08497956
0.56375085,0.08499771,0.08497545
0.56385083,-0.01134573,0.02759753
0.56395087,-0.00083514,0.02132176
0.56405084,0.00871017,0.01600421
0.56415088,0.01593110,0.01100701
0.56425085,0.02026790,0.00791223
0.56435089,0.02234774,0.00602942
0.56445093,0.02308193,0.00462768
0.56455090,0.02226334,0.00352179
0.56465094,0.02202130,0.00307748
0.56475092,0.02079182,0.00296599
0.56485095,0.02008010,0.00221929
0.56495093,0.02006790,0.00187912
0.56505096,0.02043091,0.00162500
0.56515094,0.02081995,0.00088847
0.56525098,0.02148755,0.00082935
0.56535095,0.02172636,0.00051139
0.56545099,0.02226022,0.00032438
0.56555103,0.02524417,-0.00030122
0.56565100,0.02494754,-0.00038667
0.56575104,0.02699654,-0.00093988
0.56585101,0.02805816,-0.00116216
0.56595105,0.02918418,-0.00145710
0.56605103,0.02918826,-0.00158854
0.56615106,0.02820493,-0.00112815
0.56625104,0.02631424,-0.00096096
0.56635107,0.02796253,-0.00108679
0.56645105,0.02660832,-0.00103591
0.56655109,0.02785562,-0.00097663
0.56665112,0.02673747,-0.00065586
0.56675110,0.02858282,-0.00095582
0.56685114,0.02742746,-0.00060880
0.56695111,0.02857785,-0.00040452
0.56705115,0.02766253,0.00002606
0.56715112,0.02905282,-0.00002829
0.56725116,0.02766994,0.00043386
0.56735114,0.02737265,0.00057695
0.56745117,0.02724723,0.00041657
0.56755121,0.02563988,0.00073344
0.56765118,0.02828652,0.00051938
0.56775122,0.02563832,0.00092792
0.56785120,0.02460766,0.00112792
0.56795123,0.02394265,0.00100888
0.56805121,0.02461441,0.00107356
0.56815125,0.02412491,0.00080882
0.56825122,0.02268482,0.00079449
0.56835126,0.02199883,0.00063086
0.56845123,0.01896234,0.00061814
0.56855127,0.01938749,0.00081386
0.56865131,0.01841167,0.00079874
0.56875128,0.01943410,0.00082458
0.56885132,0.01866172,0.00085919
0.56895129,0.01960796,0.00080758
0.56905133,0.01739357,0.00091305
0.56915131,0.01547030,0.00115554
0.56925134,0.01520013,0.00062135
0.56935132,0.01356432,0.00054715
0.56945135,0.01318936,0.00038874
0.56955133,0.01148261,0.00026364
0.56965137,0.01123543,0.00010539
0.56975140,0.00960960,0.00015727
0.56985138,0.00814738,0.00002025
0.56995142,0.00594314,0.00025683
0.57005139,0.00591760,-0.00000239
0.57015143,0.00499982,-0.00016406
0.57025140,0.00469551,-0.00017930
0.57035144,0.00507161,0.00015832
0.57045142,0.00663484,-0.00035358
0.57055145,0.00547123,-0.00025479
0.57065143,0.00514365,-0.00000777
0.57075146,0.00512941,0.00002732
0.57085150,0.00560112,-0.00007999
0.57095148,0.00535575,0.00008692
0.57105151,0.00550373,-0.00000701
0.57115149,0.00377385,-0.00003463
0.57125153,0.00351985,0.00005010
0.57135150,0.00289348,0.00018252
0.57145154,0.00210464,0.00003399
0.57155151,0.00297684,-0.00032013
0.57165155,0.00341081,-0.00042520
0.57175159,0.00356849,-0.00062475
0.57185156,0.00188929,-0.00036761
0.57195160,0.00218618,-0.00015041
0.57205157,0.00153016,0.00011328
0.57215161,0.00183790,0.00011145
0.57225159,0.00110764,0.00013737
0.57235162,0.00217910,0.00005370
0.57245160,0.00279511,-0.00026437
0.57255164,0.00384841,-0.00038772
0.57265161,0.00367615,-0.00053342
0.57275165,0.00317448,-0.00027254
0.57285168,0.00216524,-0.00028084
0.57295166,0.00251621,-0.00041139
0.57305170,0.00094346,-0.00011661
0.57315167,0.00113403,-0.00013437
0.57325171,0.00150474,-0.00042148
0.57335168,0.00242268,-0.00058058
0.57345172,0.00270525,-0.00048109
0.57355170,0.00262886,-0.00042091
0.57365173,0.00345037,-0.00063179
0.57375171,0.00383697,-0.00042474
0.57385175,0.00460171,-0.00040749
0.57395178,0.00393195,-0.00027934
0.57405176,0.00445102,-0.00025483
0.57415179,0.00483101,-0.00030863
0.57425177,0.00514515,-0.00014385
0.57435181,0.00506402,0.00006794
0.57445178,0.00473418,-0.00007235
0.57455182,0.00475290,0.00011417
0.57465179,0.00532049,-0.00027838
0.57475183,0.00516128,-0.00023720
0.57485181,0.00586683,-0.00041087
0.57495184,0.00637460,-0.00046683
0.57505188,0.00614544,-0.00042312
0.57515186,0.00657991,-0.00044966
0.57525189,0.00703154,-0.00037921
0.57535187,0.00699676,-0.00017405
0.57545190,0.00699369,-0.00014030
0.57555188,0.00768042,0.00012056
0.57565192,0.00765329,-0.00013732
0.57575189,0.00727711,-0.00008137
0.57585193,0.00869737,-0.00033494
0.57595197,0.00821465,-0.00022273
0.57605194,0.00855445,-0.00050279
0.57615198,0.00866928,-0.00028690
0.57625195,0.00826193,-0.00008259
0.57635199,0.00843232,-0.00034410
0.57645197,0.00931734,-0.00068807
0.57655200,0.00911700,-0.00051203
0.57665198,0.00962063,-0.00048598
0.57675201,0.00986669,-0.00082368
0.57685199,0.00957071,-0.00061185
0.57695203,0.01093106,-0.00064466
0.57705206,0.01051974,-0.00056630
0.57715204,0.01079790,-0.00016464
0.57725208,0.01112466,-0.00039085
0.57735205,0.01165055,0.00010933
0.57745209,0.01091741,0.00033944
0.57755206,0.01107998,0.00013239
0.57765210,0.01154961,0.00020826
0.57775208,0.01161236,-0.00014667
0.57785211,0.01308651,-0.00032594
0.57795209,0.01195229,-0.00001030
0.57805212,0.01257570,-0.00008760
0.57815216,0.01273622,-0.00028437
0.57825214,0.01338837,-0.00022084
0.57835217,0.01254601,-0.00038033
0.57845215,0.01316611,-0.00046471
0.57855219,0.01203507,0.00016996
0.57865216,0.01360867,-0.00014098
0.57875220,0.01335245,-0.00002150
0.57885217,0.01324156,0.00013309
0.57895221,0.01498771,-0.00017559
0.57905219,0.01378441,0.00032518
0.57915222,0.01412764,0.00003231
0.57925226,0.01370302,0.00021131
0.57935223,0.01329018,0.00033858
0.57945227,0.01380006,0.00002174
0.57955225,0.01442790,0.00006162
0.57965228,0.01306101,0.00038822
0.57975226,0.01407037,-0.00004652
0.57985229,0.01498976,-0.00043648
0.57995227,0.01393329,-0.00041572
0.58005231,0.01468108,-0.00046931
0.58015234,0.01510395,-0.00057336
0.58025232,0.01633346,-0.00067752
0.58035236,0.01587149,-0.00062100
0.58045233,0.01595258,-0.00031995
0.58055237,0.01581665,-0.00012158
0.58065234,0.01586216,0.00008038
0.58075238,0.01663376,-0.00000078
0.58085236,0.01656409,0.00004094
0.58095239,0.01660614,0.00005988
0.58105237,0.01715102,0.00007777
0.58115240,0.01567061,0.00021312
0.58125244,0.01514049,0.00047261
0.58135242,0.01614592,0.00003862
0.58145245,0.01615668,-0.00022227
0.58155243,0.01691031,-0.00029270
0.58165247,0.01731201,-0.00021263
0.58175244,0.01798196,-0.00036973
0.58185248,0.01779088,-0.00020078
0.58195245,0.01769381,-0.00017772
0.58205249,0.01780459,-0.00016089
0.58215247,0.01783297,-0.00001325
0.58225250,0.01778453,0.00002514
0.58235254,0.01762243,0.00010503
0.58245251,0.01798632,0.00008647
0.58255255,0.01767793,0.00020776
0.58265253,0.01864906,0.00021434
0.58275256,0.01764673,0.00018383
0.58285254,0.01751530,0.00015799
0.58295258,0.01731622,0.00009479
0.58305255,0.01819222,-0.00020080
0.58315259,0.01871533,-0.00036998
0.58325256,0.01778025,-0.00027157
0.58335260,0.01888352,-0.00045042
0.58345264,0.01781909,-0.00025305
0.58355261,0.01838163,-0.00024657
0.58365265,0.01794047,-0.00009603
0.58375262,0.01802002,-0.00004612
0.58385266,0.01824594,0.00002423
0.58395264,0.01727671,0.00024035
0.58405267,0.01880627,0.00042502
0.58415265,0.01703645,0.00040172
0.58425269,0.01803298,0.00026633
0.58435272,0.01673311,0.00033201
0.58445270,0.01647634,0.00036983
0.58455273,0.01770073,0.00004373
0.58465271,0.01746799,-0.00013468
0.58475275,0.01980147,-0.00033702
0.58485272,0.01792743,-0.00012525
0.58495276,0.01852964,-0.00007072
0.58505273,0.01825598,0.00006561
0.58515277,0.01794487,-0.00004129
0.58525275,0.02007444,-0.00020822
0.58535278,0.01860066,0.00003554
0.58545282,0.01949864,-0.00008476
0.58555280,0.01754803,0.00025157
0.58565283,0.01704768,0.00029883
0.58575281,0.01802055,0.00030498
0.58585284,0.01778669,0.00041574
0.58595282,0.01866706,0.00027287
0.58605286,0.01812257,0.00014337
0.58615283,0.01840675,-0.00001969
0.58625287,0.01697380,0.00025667
0.58635284,0.01766042,0.00005144
0.58645288,0.01842911,-0.00023738
0.58655292,0.01694976,-0.00018300
0.58665289,0.01793170,-0.00006560
0.58675293,0.01661057,-0.00008597
0.58685291,0.01722062,-0.00034589
0.58695294,0.01662671,-0.00023016
0.58705292,0.01614613,-0.00000492
0.58715295,0.01717555,0.00000257
0.58725293,0.01644708,0.00022973
0.58735297,0.01782854,0.00019224
0.58745294,0.01771167,0.00023022
0.58755298,0.01873542,0.00026645
0.58765302,0.01726351,0.00035467
0.58775299,0.01619436,0.00001430
0.58785303,0.01678384,0.00015564
0.58795300,0.01719377,0.00021628
0.58805304,0.01692918,0.00007988
0.58815302,0.01559770,0.00023977
0.58825305,0.01326019,0.00014407
0.58835303,0.01161971,0.00000927
0.58845306,0.01272120,-0.00021953
0.58855304,0.01248774,-0.00016808
0.58865308,0.01186469,-0.00020248
0.58875311,0.01073563,-0.00035511
0.58885309,0.01086771,-0.00043231
0.58895312,0.01111975,-0.00063553
0.58905310,0.01048331,-0.00073734
0.58915314,0.01035930,-0.00048513
0.58925311,0.01264222,-0.00094114
0.58935315,0.01553550,-0.00134813
0.58945313,0.01860437,-0.00255644
0.58955316,0.01905824,-0.00395343
0.58965320,0.01527176,-0.00410524
0.58975317,0.00439347,-0.00112657
0.58985321,-0.00156279,-0.00215735
0.58995319,-0.01062884,-0.00441653
0.59005322,0.08499700,0.08499678
0.59015320,0.08499701,0.08499686
0.59025323,0.08499710,0.08499689
0.59035321,0.08499724,0.08499590
0.59045325,0.08499701,0.08495671
0.59055322,0.08499718,0.08495437
0.59065326,0.08499752,0.01662682
0.59075330,0.08499710,0.01876006
0.59085327,0.08499750,0.08494335
0.59095331,0.08499963,0.08499433
0.59105328,0.08499902,0.08499433
0.59115332,0.08499808,0.08499433
0.59125330,0.08499806,0.08499467
0.59135333,0.08499793,0.08499517
0.59145331,0.08499766,0.08499575
0.59155334,0.08499766,0.08499595
0.59165332,0.08499763,0.08499568
0.59175336,0.08499742,0.08499567
0.59185339,0.08499748,0.08499631
0.59195337,0.08499744,0.08499642
0.59205341,0.08499730,0.08499581
0.59215338,0.08499712,0.08499586
0.59225342,0.08499714,0.08499587
0.59235339,0.08499710,0.08499587
0.59245343,0.08499707,0.08499584
0.59255341,0.08499704,0.08499596
0.59265344,0.08499705,0.08499600
0.59275342,0.08499710,0.08499607
0.59285345,0.08499707,0.08499598
0.59295349,0.08499711,0.08499609
0.59305347,0.08499710,0.08499605
0.59315350,0.08499714,0.08499619
0.59325348,0.08499711,0.08499597
0.59335352,0.08499715,0.08499610
0.59345349,0.08499711,0.08499615
0.59355353,0.08499718,0.08499608
0.59365350,0.08499718,0.08499616
0.59375354,0.08499715,0.08499614
0.59385358,0.08499725,0.08499616
0.59395355,0.08499724,0.08499613
0.59405359,0.08499720,0.08499619
0.59415356,0.08499727,0.08499618
0.59425360,0.08499724,0.08499612
0.59435358,0.08499723,0.08499616
0.59445361,0.08499727,0.08499613
0.59455359,0.08499726,0.08499614
0.59465363,0.08499728,0.08499622
0.59475360,0.08499724,0.08499616
0.59485364,0.08499726,0.08499622
0.59495367,0.08499722,0.08499620
0.59505365,0.08499724,0.08499628
0.59515369,0.08499724,0.08499624
0.59525366,0.08499725,0.08499626
0.59535370,0.08499730,0.08499628
0.59545367,0.08499724,0.08499631
0.59555371,0.08499724,0.08499631
0.59565369,0.08499728,0.08499635
0.59575372,0.08499728,0.08499642
0.59585370,0.08499725,0.08499631
0.59595374,0.08499728,0.08499635
0.59605377,0.08499726,0.08499639
0.59615375,0.08499727,0.08499645
0.59625378,0.08499727,0.08499642
0.59635376,0.08499727,0.08499650
0.59645380,0.08499727,0.08499650
0.59655377,0.08499724,0.08499656
0.59665381,0.08499727,0.08499655
0.59675378,0.08499726,0.08499657
0.59685382,0.08499725,0.08499656
0.59695380,0.08499722,0.08499663
0.59705383,0.08499724,0.08499657
0.59715387,0.08499727,0.08499663
0.59725385,0.08499727,0.08499669
0.59735388,0.08499724,0.08499667
0.59745386,0.08499726,0.08499670
0.59755389,0.08499726,0.08499672
0.59765387,0.08499726,0.08499674
0.59775391,0.08499726,0.08499675
0.59785388,0.08499724,0.08499675
0.59795392,0.08499725,0.08499677
0.59805396,0.08499724,0.08499674
0.59815393,0.08499724,0.08499677
0.59825397,0.08499726,0.08499681
0.59835394,0.08499724,0.08499679
0.59845398,0.08499724,0.08499681
0.59855396,0.08499725,0.08499681
0.59865399,0.08499725,0.08499684
0.59875397,0.08499726,0.08499683
0.59885400,0.08499725,0.08499688
0.59895398,0.08499724,0.08499686
0.59905402,0.08499724,0.08499688
0.59915405,0.08499724,0.08499689
0.59925403,0.08499723,0.08499691
0.59935406,0.08499723,0.08499690
0.59945404,0.08499723,0.08499692
0.59955408,0.08499722,0.08499692
0.59965405,0.08499722,0.08499693
0.59975409,0.08499722,0.08499694
0.59985406,0.08499721,0.08499693
0.59995410,0.08499721,0.08499694
0.60005408,0.08499721,0.08499695
0.60015411,0.08499721,0.08499695
0.60025415,0.08499721,0.08499696
0.60035413,0.08499721,0.08499695
0.60045416,0.08499721,0.08499697
0.60055414,0.08499721,0.08499696
0.60065417,0.08499721,0.08499697
0.60075415,0.08499721,0.08499697
0.60085419,0.08499721,0.08499698
0.60095416,0.08499721,0.08499697
0.60105420,0.08499721,0.08499699
0.60115417,0.08499721,0.08499698
0.60125421,0.08499721,0.08499699
0.60135425,0.08499721,0.08499699
0.60145422,0.08499721,0.08499700
0.60155426,0.08499720,0.08499700
0.60165424,0.08499720,0.08499700
0.60175427,0.08499720,0.08499700
0.60185425,0.08499720,0.08499701
0.60195428,0.08499720,0.08499701
0.60205426,0.08499720,0.08499701
0.60215430,0.08499720,0.08499701
0.60225433,0.08499720,0.08499702
0.60235431,0.08499720,0.08499702
0.60245435,0.08499719,0.08499702
0.60255432,0.08499720,0.08499702
0.60265436,0.08499721,0.08499703
0.60275433,0.08499719,0.08499703
0.60285437,0.08499719,0.08499703
0.60295435,0.08499719,0.08499703
0.60305438,0.08499720,0.08499704
0.60315436,0.08499720,0.08499704
0.60325439,0.08499720,0.08499704
0.60335443,0.08499720,0.08499704
0.60345441,0.08499719,0.08499704
0.60355444,0.08499719,0.08499705
0.60365442,0.08499720,0.08499705
0.60375446,0.08499719,0.08499705
0.60385443,0.08499719,0.08499705
0.60395447,0.08499720,0.08499706
0.60405444,0.08499719,0.08499706
0.60415448,0.08499719,0.08499707
0.60425446,0.08499719,0.08499707
0.60435449,0.08499719,0.08499707
0.60445453,0.08499719,0.08499707
0.60455450,0.08499719,0.08499707
0.60465454,0.08499718,0.08499708
0.60475452,0.08499718,0.08499709
0.60485455,0.08499718,0.08499710
0.60495453,0.08499717,0.08499710
0.60505457,0.08499717,0.08499708
0.60515454,0.08499715,0.08499707
0.60525458,0.08499717,0.08499714
0.60535455,0.08499722,0.08499727
0.60545459,0.08499729,0.08499739
0.60555463,0.08499735,0.08499744
0.60565460,0.08499740,0.08499752
0.60575464,0.08499746,0.08499758
0.60585461,0.08499752,0.08499770
0.60595465,0.08499757,0.08499788
0.60605463,0.08499762,0.08499806
0.60615466,0.08499762,0.08499824
0.60625464,0.08499767,0.08499832
0.60635468,0.08499765,0.08499864
0.60645465,0.08499768,0.08499885
0.60655469,0.08499774,0.08499882
0.60665472,0.08499774,0.08499912
0.60675470,0.08499778,0.08499920
0.60685474,0.08499803,0.08499918
0.60695471,0.08499803,0.08499943
0.60705475,0.08499813,0.08499935
0.60715472,0.08499832,0.08499946
0.60725476,0.08499827,0.08499953
0.60735474,0.08499814,0.08499946
0.60745477,0.08499831,0.08499967
0.60755481,0.08499820,0.08499952
0.60765479,0.08499826,0.08499965
0.60775482,0.08499824,0.08499952
0.60785480,0.08499829,0.08499967
0.60795483,0.08499812,0.08499752
0.60805481,0.08499799,0.08499723
0.60815485,0.08499794,0.08499745
0.60825482,0.08499788,0.08499750
0.60835486,0.08499782,0.08499768
0.60845483,0.08499767,0.08499797
0.60855487,0.08499764,0.08497658
0.60865491,0.08499756,0.08497752
0.60875488,-0.02266163,0.02413819
0.60885492,-0.01683498,0.02109175
0.60895490,-0.01132584,0.01884030
0.60905493,-0.00660562,0.01659394
0.60915491,-0.00408649,0.01409800
0.60925494,-0.00178919,0.01269680
0.60935492,-0.00080637,0.01165516
0.60945496,-0.00003237,0.00964686
0.60955493,0.00031245,0.00861143
0.60965497,0.00029541,0.00717282
0.60975500,0.00090755,0.00666160
0.60985498,0.00051137,0.00565770
0.60995502,0.00182740,0.00510668
0.61005499,0.00172960,0.00443465
0.61015503,0.00242801,0.00400024
0.61025500,0.00285430,0.00388201
0.61035504,0.00294270,0.00390601
0.61045502,0.00421710,0.00341926
0.61055505,0.00416843,0.00308498
0.61065503,0.00562975,0.00256662
0.61075507,0.00606119,0.00211215
0.61085510,0.00688584,0.00196039
0.61095508,0.00776103,0.00167603
0.61105511,0.00896193,0.00156705
0.61115509,0.00971160,0.00109495
0.61125513,0.00924902,0.00098001
0.61135510,0.01027266,0.00068860
0.61145514,0.01063167,0.00015482
0.61155511,0.01158233,-0.00027788
0.61165515,0.01172003,-0.00045365
0.61175519,0.01187691,-0.00067043
0.61185516,0.01121404,-0.00069611
0.61195520,0.01125074,-0.00061928
0.61205518,0.01107969,-0.00045950
0.61215521,0.01224289,-0.00053368
0.61225519,0.01195475,-0.00030793
0.61235522,0.01250501,-0.00008398
0.61245520,0.01162397,0.00000423
0.61255524,0.01213956,-0.00008056
0.61265521,0.01188043,-0.00036830
0.61275525,0.01116502,-0.00033363
0.61285529,0.01201274,-0.00055958
0.61295526,0.01136473,-0.00063455
0.61305530,0.01074299,-0.00029685
0.61315527,0.01094399,-0.00049631
0.61325531,0.01161617,-0.00037303
0.61335529,0.01212959,-0.00065836
0.61345532,0.01136813,-0.00002622
0.61355530,0.01059654,-0.00016107
0.61365533,0.01192323,-0.00034028
0.61375531,0.01184958,-0.00012385
0.61385535,0.01286325,-0.00055248
0.61395538,0.01193329,0.00028927
0.61405536,0.01151782,0.00006445
0.61415540,0.01181983,0.00003827
0.61425537,0.01147881,0.00028490
0.61435541,0.01222517,0.00055336
0.61445538,0.01171961,0.00019699
0.61455542,0.01242588,0.00002246
0.61465540,0.01262196,-0.00009022
0.61475543,0.01160954,-0.00043029
0.61485541,0.01245627,-0.00054529
0.61495544,0.01160016,-0.00050879
0.61505548,0.01089868,-0.00034400
0.61515546,0.01153550,-0.00063662
0.61525549,0.01231797,-0.00034430
0.61535547,0.01366555,-0.00029547
0.61545551,0.01336828,-0.00000402
0.61555548,0.01427133,-0.00018066
0.61565552,0.01355708,-0.00025214
0.61575549,0.01403372,0.00001419
0.61585553,0.01239396,-0.00012732
0.61595557,0.01254321,0.00004409
0.61605554,0.01224663,-0.00007929
0.61615558,0.01258055,-0.00012276
0.61625555,0.01357729,-0.00012352
0.61635559,0.01291796,-0.00000672
0.61645557,0.01355696,-0.00018263
0.61655560,0.01308607,-0.00050072
0.61665558,0.01410048,-0.00073817
0.61675562,0.01276872,-0.00056674
0.61685559,0.01277857,-0.00067743
0.61695563,0.01307916,-0.00062283
0.61705566,0.01376741,-0.00042931
0.61715564,0.01336653,-0.00015007
0.61725568,0.01373943,-0.00001571
0.61735565,0.01359571,0.00012212
0.61745569,0.01357664,0.00019622
0.61755566,0.01354224,0.00013797
0.61765570,0.01513654,-0.00006534
0.61775568,0.01446252,-0.00019552
0.61785571,0.01463111,0.00002405
0.61795569,0.01481017,-0.00007470
0.61805573,0.01443442,0.00011358
0.61815576,0.01459135,-0.00009196
0.61825574,0.01416328,0.00004200
0.61835577,0.01522158,-0.00003231
0.61845575,0.01435012,-0.00012557
0.61855579,0.01460029,-0.00001225
0.61865576,0.01405744,0.00015977
0.61875580,0.01483114,0.00022670
0.61885577,0.01438855,-0.00002041
0.61895581,0.01473525,0.00036285
0.61905579,0.01515454,-0.00005296
0.61915582,0.01480777,0.00014164
0.61925586,0.01605402,0.00026361
0.61935583,0.01381615,0.00078213
0.61945587,0.01441087,0.00033693
0.61955585,0.01450655,-0.00008690
0.61965588,0.01481980,-0.00018453
0.61975586,0.01499628,-0.00029511
0.61985590,0.01494343,-0.00044699
0.61995587,0.01547153,-0.00055852
0.62005591,0.01482850,-0.00048252
0.62015594,0.01515196,-0.00046574
0.62025592,0.01502973,-0.00029283
0.62035596,0.01513375,0.00021490
0.62045593,0.01556582,-0.00000790
0.62055597,0.01570011,-0.00003154
0.62065594,0.01568232,-0.00023845
0.62075598,0.01498251,-0.00005810
0.62085596,0.01552436,0.00007403
0.62095599,0.01449968,0.00017156
0.62105597,0.01570217,0.00029142
0.62115601,0.01533929,-0.00004025
0.62125604,0.01573470,0.00025616
0.62135602,0.01588437,0.00001552
0.62145605,0.01509292,-0.00007332
0.62155603,0.01606487,-0.00026485
0.62165607,0.01543106,-0.00035224
0.62175604,0.01646271,-0.00051235
0.62185608,0.01571394,-0.00052244
0.62195605,0.01646183,-0.00022666
0.62205609,0.01646047,-0.00005722
0.62215607,0.01737768,-0.00010071
0.62225610,0.01718698,0.00013724
0.62235614,0.01578986,0.00043812
0.62245612,0.01587479,0.00026352
0.62255615,0.01581506,0.00019911
0.62265613,0.01619990,0.00019784
0.62275616,0.01586017,0.00004788
0.62285614,0.01730958,-0.00022213
0.62295618,0.01732983,-0.00027935
0.62305615,0.01716917,-0.00021211
0.62315619,0.01680686,-0.00025432
0.62325616,0.01559712,0.00012718
0.62335620,0.01657634,-0.00024302
0.62345624,0.01576634,-0.00007318
0.62355621,0.01581670,0.00001181
0.62365625,0.01629405,0.00015386
0.62375623,0.01706453,-0.00003698
0.62385626,0.01612790,0.00013885
0.62395624,0.01512871,0.00034781
0.62405627,0.01561462,0.00048269
0.62415625,0.01538169,0.00054074
0.62425629,0.01615375,0.00065474
0.62435632,0.01505051,0.00071221
0.62445630,0.01621334,0.00028799
0.62455634,0.01567370,0.00023557
0.62465631,0.01552424,0.00000127
0.62475635,0.01668574,-0.00031781
0.62485632,0.01508678,-0.00057307
0.62495636,0.01593840,-0.00043309
0.62505634,0.01513083,-0.00034338
0.62515637,0.01375559,0.00017785
0.62525635,0.01532350,0.00012145
0.62535638,0.01627953,-0.00002761
0.62545642,0.01650545,0.00016486
0.62555640,0.01780074,-0.00013905
0.62565643,0.01502732,0.00059002
0.62575641,0.01394928,0.00053992
0.62585645,0.01502272,0.00025503
0.62595642,0.01456833,0.00006400
0.62605646,0.01386266,0.00025476
0.62615643,0.01467981,0.00011399
0.62625647,0.01555894,-0.00009328
0.62635645,0.01608147,-0.00031945
0.62645648,0.01592278,-0.00035496
0.62655652,0.01540760,-0.00030439
0.62665649,0.01498295,-0.00054404
0.62675653,0.01494069,-0.00069439
0.62685651,0.01459418,-0.00061692
0.62695654,0.01503540,-0.00042288
0.62705652,0.01577548,-0.00052911
0.62715656,0.01533442,-0.00016547
0.62725653,0.01587370,-0.00006896
0.62735657,0.01613351,0.00009370
0.62745654,0.01665086,0.00012032
0.62755658,0.01626089,-0.00012688
0.62765662,0.01497251,0.00013924
0.62775659,0.01434502,0.00008001
0.62785663,0.01435827,0.00008414
0.62795660,0.01501580,-0.00004862
0.62805664,0.01439960,-0.00016084
0.62815662,0.01548882,-0.00002516
0.62825665,0.01506025,0.00004669
0.62835663,0.01575584,0.00002536
0.62845667,0.01498396,0.00006267
0.62855664,0.01579929,0.00015967
0.62865668,0.01616499,-0.00013819
0.62875671,0.01712481,-0.00017916
0.62885669,0.01629917,-0.00007999
0.62895673,0.01501326,0.00026876
0.62905670,0.01530056,0.00028267
0.62915674,0.01449183,0.00038261
0.62925671,0.01496322,0.00038087
0.62935675,0.01535035,0.00015448
0.62945673,0.01618448,0.00002570
0.62955676,0.01549238,0.00011111
0.62965680,0.01474778,0.00010942
0.62975677,0.01509290,-0.00024853
0.62985681,0.01493271,-0.00033124
0.62995679,0.01572170,-0.00056384
0.63005682,0.01499893,-0.00027463
0.63015680,0.01589375,-0.00028451
0.63025684,0.01522432,0.00002860
0.63035681,0.01635858,-0.00020016
0.63045685,0.01559472,0.00025341
0.63055682,0.01604281,0.00018650
0.63065686,0.01572790,-0.00012842
0.63075690,0.01468267,0.00022910
0.63085687,0.01565951,0.00019333
0.63095691,0.01253512,0.00047933
0.63105688,0.01381482,0.00048623
0.63115692,0.01415579,0.00048963
0.63125690,0.01487639,0.00028000
0.63135693,0.01487901,0.00015724
0.63145691,0.01600971,-0.00001693
0.63155695,0.01579132,-0.00008989
0.63165692,0.01447887,-0.00015445
0.63175696,0.01587133,-0.00043929
0.63185699,0.01536908,-0.00041784
0.63195697,0.01603018,-0.00019526
0.63205701,0.01537001,0.00012122
0.63215698,0.01489206,0.00034339
0.63225702,0.01427623,0.00041887
0.63235699,0.01478530,0.00045384
0.63245703,0.01486160,0.00035836
0.63255701,0.01417325,0.00022164
0.63265704,0.01526880,0.00003094
0.63275702,0.01453857,-0.00018715
0.63285706,0.01483910,0.00008033
0.63295709,0.01387388,0.00000036
0.63305707,0.01245586,0.00021682
0.63315710,0.01264045,-0.00016671
0.63325708,0.01159084,-0.00007342
0.63335712,0.01116596,-0.00041087
0.63345709,0.01123071,-0.00047826
0.63355713,0.01167390,-0.00062549
0.63365710,0.01102885,-0.00063189
0.63375714,0.01084904,-0.00056836
0.63385718,0.01073499,-0.00092540
0.63395715,0.00979646,-0.00077073
0.63405719,0.01054542,-0.00072673
0.63415717,0.01349120,-0.00090436
0.63425720,0.01520742,-0.00120210
0.63435718,0.01453737,-0.00122146
0.63445721,0.01222562,-0.00109658
0.63455719,0.00593521,-0.00023018
0.63465723,-0.00085749,0.00125027
0.63475720,-0.00423896,0.00082677
0.63485724,-0.01145236,-0.00098206
0.63495728,0.08499696,0.08499680
0.63505725,0.08499697,0.08499690
0.63515729,0.08499702,0.08499672
0.63525726,0.08499723,0.08499570
0.63535730,0.08499712,0.08495510
0.63545728,0.08499715,0.08494917
0.63555731,0.08499774,0.08494335
0.63565729,0.08499890,0.08499433
0.63575732,0.08499870,0.08499433
0.63585730,0.08499818,0.08499433
0.63595734,0.08499794,0.08499433
0.63605737,0.08499818,0.08499433
0.63615735,0.08499743,0.08499440
0.63625739,0.08499718,0.08499458
0.63635736,0.08499720,0.08499506
0.63645740,0.08499705,0.08499528
0.63655737,0.08499712,0.08499545
0.63665741,0.08499698,0.08499552
0.63675739,0.08499698,0.08499580
0.63685742,0.08499705,0.08499589
0.63695740,0.08499700,0.08499597
0.63705743,0.08499692,0.08499609
0.63715747,0.08499698,0.08499610
0.63725745,0.08499699,0.08499615
0.63735748,0.08499698,0.08499623
0.63745746,0.08499700,0.08499623
0.63755750,0.08499698,0.08499621
0.63765747,0.08499698,0.08499621
0.63775751,0.08499704,0.08499624
0.63785748,0.08499704,0.08499623
0.63795752,0.08499707,0.08499623
0.63805756,0.08499704,0.08499622
0.63815753,0.08499708,0.08499624
0.63825757,0.08499712,0.08499622
0.63835754,0.08499713,0.08499619
0.63845758,0.08499710,0.08499622
0.63855756,0.08499716,0.08499623
0.63865759,0.08499712,0.08499619
0.63875757,0.08499709,0.08499614
0.63885760,0.08499712,0.08499616
0.63895758,0.08499717,0.08499615
0.63905762,0.08499719,0.08499611
0.63915765,0.08499716,0.08499610
0.63925763,0.08499719,0.08499614
0.63935767,0.08499717,0.08499613
0.63945764,0.08499719,0.08499607
0.63955768,0.08499721,0.08499614
0.63965765,0.08499721,0.08499601
0.63975769,0.08499715,0.08499610
0.63985767,0.08499724,0.08499601
0.63995770,0.08499726,0.08499601
0.64005768,0.08499724,0.08499606
0.64015771,0.08499726,0.08499604
0.64025775,0.08499730,0.08499603
0.64035773,0.08499726,0.08499616
0.64045776,0.08499727,0.08499614
0.64055774,0.08499725,0.08499612
0.64065778,0.08499721,0.08499613
0.64075775,0.08499729,0.08499613
0.64085779,0.08499722,0.08499616
0.64095776,0.08499727,0.08499613
0.64105780,0.08499726,0.08499612
0.64115778,0.08499723,0.08499617
0.64125781,0.08499728,0.08499624
0.64135785,0.08499727,0.08499633
0.64145782,0.08499725,0.08499639
0.64155786,0.08499724,0.08499639
0.64165784,0.08499727,0.08499638
0.64175787,0.08499724,0.08499642
0.64185785,0.08499727,0.08499647
0.64195789,0.08499727,0.08499651
0.64205786,0.08499723,0.08499652
0.64215790,0.08499724,0.08499651
0.64225793,0.08499727,0.08499656
0.64235791,0.08499725,0.08499656
0.64245795,0.08499722,0.08499659
0.64255792,0.08499725,0.08499659
0.64265796,0.08499724,0.08499664
0.64275793,0.08499726,0.08499661
0.64285797,0.08499724,0.08499672
0.64295795,0.08499723,0.08499666
0.64305798,0.08499724,0.08499670
0.64315796,0.08499723,0.08499673
0.64325800,0.08499722,0.08499672
0.64335803,0.08499721,0.08499673
0.64345801,0.08499722,0.08499674
0.64355804,0.08499722,0.08499676
0.64365802,0.08499722,0.08499679
0.64375806,0.08499722,0.08499676
0.64385803,0.08499723,0.08499679
0.64395807,0.08499721,0.08499680
0.64405804,0.08499724,0.08499683
0.64415808,0.08499724,0.08499681
0.64425806,0.08499722,0.08499683
0.64435809,0.08499721,0.08499686
0.64445813,0.08499723,0.08499686
0.64455811,0.08499722,0.08499687
0.64465814,0.08499723,0.08499689
0.64475812,0.08499722,0.08499689
0.64485815,0.08499721,0.08499689
0.64495813,0.08499721,0.08499690
0.64505817,0.08499721,0.08499689
0.64515814,0.08499722,0.08499689
0.64525818,0.08499722,0.08499691
0.64535815,0.08499721,0.08499692
0.64545819,0.08499721,0.08499692
0.64555823,0.08499721,0.08499692
0.64565820,0.08499722,0.08499693
0.64575824,0.08499722,0.08499693
0.64585822,0.08499721,0.08499694
0.64595825,0.08499721,0.08499695
0.64605823,0.08499721,0.08499695
0.64615826,0.08499721,0.08499695
0.64625824,0.08499721,0.08499695
0.64635828,0.08499721,0.08499696
0.64645825,0.08499721,0.08499695
0.64655829,0.08499721,0.08499695
0.64665833,0.08499721,0.08499697
0.64675830,0.08499721,0.08499697
0.64685834,0.08499721,0.08499697
0.64695831,0.08499721,0.08499698
0.64705835,0.08499720,0.08499698
0.64715833,0.08499721,0.08499698
0.64725836,0.08499720,0.08499698
0.64735834,0.08499720,0.08499698
0.64745837,0.08499720,0.08499698
0.64755841,0.08499720,0.08499699
0.64765839,0.08499721,0.08499699
0.64775842,0.08499721,0.08499699
0.64785840,0.08499720,0.08499700
0.64795844,0.08499720,0.08499700
0.64805841,0.08499720,0.08499700
0.64815845,0.08499720,0.08499701
0.64825842,0.08499720,0.08499701
0.64835846,0.08499720,0.08499701
0.64845844,0.08499720,0.08499701
0.64855847,0.08499719,0.08499701
0.64865851,0.08499720,0.08499701
0.64875848,0.08499720,0.08499701
0.64885852,0.08499720,0.08499701
0.64895850,0.08499719,0.08499701
0.64905853,0.08499720,0.08499702
0.64915851,0.08499721,0.08499702
0.64925854,0.08499720,0.08499702
0.64935852,0.08499719,0.08499703
0.64945856,0.08499720,0.08499703
0.64955853,0.08499720,0.08499703
0.64965857,0.08499720,0.08499703
0.64975861,0.08499719,0.08499704
0.64985858,0.08499719,0.08499704
0.64995862,0.08499720,0.08499704
0.65005859,0.08499720,0.08499704
0.65015863,0.08499720,0.08499704
0.65025861,0.08499719,0.08499705
0.65035864,0.08499719,0.08499704
0.65045862,0.08499719,0.08499706
0.65055865,0.08499718,0.08499707
0.65065863,0.08499718,0.08499708
0.65075867,0.08499718,0.08499709
0.65085870,0.08499718,0.08499705
0.65095868,0.08499717,0.08499703
0.65105872,0.08499718,0.08499712
0.65115869,0.08499723,0.08499728
0.65125873,0.08499734,0.08499748
0.65135870,0.08499743,0.08499754
0.65145874,0.08499748,0.08499762
0.65155872,0.08499755,0.08499776
0.65165875,0.08499761,0.08499786
0.65175879,0.08499765,0.08499795
0.65185876,0.08499771,0.08499818
0.65195880,0.08499772,0.08499832
0.65205878,0.08499770,0.08499857
0.65215881,0.08499775,0.08499876
0.65225879,0.08499782,0.08499904
0.65235883,0.08499794,0.08499935
0.65245880,0.08499800,0.08499935
0.65255884,0.08499819,0.08499946
0.65265881,0.08499821,0.08499940
0.65275885,0.08499840,0.08499947
0.65285889,0.08499863,0.08499973
0.65295886,0.08499850,0.08499981
0.65305890,0.08499864,0.08499973
0.65315887,0.08499861,0.08499981
0.65325891,0.08499842,0.08499976
0.65335889,0.08499857,0.08499992
0.65345892,0.08499854,0.08499997
0.65355890,0.08499818,0.08499733
0.65365894,0.08499816,0.08499724
0.65375891,0.08499806,0.08499741
0.65385895,0.08499774,0.08499801
0.65395898,0.08499769,0.08499754
0.65405896,-0.01294825,0.03017519
0.65415900,-0.00175860,0.02389118
0.65425897,0.00834391,0.01808026
0.65435901,0.01639114,0.01270521
0.65445898,0.02116008,0.00905547
0.65455902,0.02380075,0.00687731
0.65465900,0.02440612,0.00508155
0.65475903,0.02345131,0.00356524
0.65485901,0.02294631,0.00273560
0.65495905,0.02214454,0.00234700
0.65505908,0.02097020,0.00244429
0.65515906,0.02017825,0.00207692
0.65525909,0.02093794,0.00207529
0.65535907,0.02135766,0.00191740
0.65545911,0.02197009,0.00160616
0.65555908,0.02188333,0.00119063
0.65565912,0.02216988,0.00068583
0.65575909,0.02460799,0.00026123
0.65585913,0.02459503,-0.00012827
0.65595917,0.02665860,-0.00054158
0.65605914,0.02625996,-0.00072486
0.65615918,0.02796486,-0.00119101
0.65625916,0.02771443,-0.00105223
0.65635919,0.02987058,-0.00124384
0.65645917,0.02917985,-0.00133259
0.65655920,0.03202711,-0.00165409
0.65665918,0.03099765,-0.00156659
0.65675922,0.03331619,-0.00173390
0.65685919,0.03124058,-0.00132458
0.65695923,0.03114603,-0.00082889
0.65705927,0.02518601,0.00027690
0.65715924,0.01872059,0.00177814
0.65725928,0.01988285,0.00164417
0.65735925,0.01897216,0.00198118
0.65745929,0.02087593,0.00172920
0.65755927,0.02106980,0.00125893
0.65765930,0.02332465,0.00065929
0.65775928,0.02286660,0.00065748
0.65785931,0.02461812,0.00001910
0.65795929,0.02416076,-0.00019190
0.65805933,0.02307886,0.00008596
0.65815936,0.02465506,0.00005140
0.65825934,0.02210107,0.00017159
0.65835937,0.01809555,0.00072700
0.65845935,0.01592198,0.00094238
0.65855939,0.01789295,0.00043030
0.65865936,0.01721561,0.00056351
0.65875940,0.01732366,0.00047251
0.65885938,0.01854693,-0.00004526
0.65895941,0.01770886,0.00007575
0.65905939,0.01881704,-0.00004042
0.65915942,0.01718150,0.00015361
0.65925946,0.01865102,-0.00006072
0.65935944,0.01757507,0.00024432
0.65945947,0.01926658,-0.00002883
0.65955945,0.01848246,-0.00009438
0.65965948,0.01761027,-0.00001662
0.65975946,0.01853390,-0.00065426
0.65985950,0.01436427,-0.00014243
0.65995947,0.01607863,-0.00037766
0.66005951,0.01507749,-0.00037912
0.66015955,0.01723785,-0.00061845
0.66025952,0.01695124,-0.00018524
0.66035956,0.01624884,0.00034279
0.66045953,0.01508026,0.00070750
0.66055957,0.01609505,0.00037887
0.66065955,0.01581282,0.00020582
0.66075958,0.01800703,0.00000683
0.66085956,0.01723400,-0.00008243
0.66095959,0.01759874,-0.00034015
0.66105957,0.01784683,-0.00036804
0.66115961,0.01649092,0.00022410
0.66125964,0.01727455,0.00024390
0.66135962,0.01566888,0.00047121
0.66145966,0.01494676,0.00056320
0.66155963,0.01656890,-0.00010087
0.66165967,0.01541223,0.00002517
0.66175964,-0.00536050,0.00240116
0.66185968,-0.00757971,0.00278890
0.66195966,-0.00818784,0.00213454
0.66205969,-0.00733884,0.00199234
0.66215967,-0.00641854,0.00170548
0.66225970,-0.00559745,0.00156022
0.66235974,-0.00511774,0.00128197
0.66245972,-0.00411420,0.00063754
0.66255975,-0.00342988,0.00024018
0.66265973,-0.00230304,-0.00020905
0.66275977,-0.00248371,-0.00043251
0.66285974,-0.00263154,-0.00074368
0.66295978,-0.00280805,-0.00108046
0.66305975,-0.00355497,-0.00082656
0.66315979,-0.00315542,-0.00117591
0.66325977,-0.00303562,-0.00117914
0.66335980,-0.00168181,-0.00138973
0.66345984,-0.00083257,-0.00147213
0.66355981,0.00024412,-0.00139364
0.66365985,-0.00064829,-0.00112249
0.66375983,-0.00104925,-0.00116315
0.66385986,-0.00067113,-0.00109352
0.66395984,0.00045915,-0.00124597
0.66405988,0.00105216,-0.00091782
0.66415985,0.00134643,-0.00066262
0.66425989,0.00059851,-0.00035127
0.66435986,0.00132542,-0.00043667
0.66445990,0.00159518,-0.00015709
0.66455994,0.00086577,0.00034843
0.66465991,0.00117660,0.00003949
0.66475995,0.00272499,-0.00063276
0.66485992,0.00328897,-0.00077998
0.66495996,0.00354119,-0.00073887
0.66505994,0.00415782,-0.00054798
0.66515997,0.00411476,-0.00038499
0.66525995,0.00516189,-0.00049720
0.66535999,0.00440782,0.00002013
0.66546002,0.00507952,0.00011973
0.66556000,0.00430996,0.00044928
0.66566003,0.00465238,0.00036008
0.66576001,0.00394297,0.00026346
0.66586005,0.00279392,0.00039100
0.66596002,0.00369069,-0.00009449
0.66606006,0.00434074,-0.00019171
0.66616003,0.00532702,-0.00025181
0.66626007,0.00584639,-0.00021163
0.66636005,0.00658417,-0.00050505
0.66646008,0.00544669,-0.00028891
0.66656012,0.00660648,-0.00046643
0.66666010,0.00685544,-0.00068158
0.66676013,0.00763316,-0.00088266
0.66686011,0.00713314,-0.00090195
0.66696014,0.00725396,-0.00074694
0.66706012,0.00746644,-0.00060374
0.66716016,0.00776509,-0.00014305
0.66726013,0.00850802,-0.00002682
0.66736017,0.00788171,0.00061373
0.66746014,0.00921028,-0.00000652
0.66756018,0.00870578,0.00013564
0.66766022,0.00913972,0.00029345
0.66776019,0.00838435,0.00020313
0.66786023,0.00699386,0.00015923
0.66796021,0.00691993,0.00004987
0.66806024,0.00810215,-0.00032347
0.66816022,0.00891945,-0.00031525
0.66826025,0.00906203,-0.00013913
0.66836023,0.00928918,-0.00019618
0.66846027,0.00962505,0.00017779
0.66856024,0.00949218,-0.00007884
0.66866028,0.00939588,0.00010307
0.66876031,0.00935683,-0.00025985
0.66886029,0.01059777,-0.00041492
0.66896033,0.00836092,0.00021907
0.66906030,0.00937959,0.00016656
0.66916034,0.00954298,0.00002135
0.66926031,0.00994697,-0.00004935
0.66936035,0.00967137,0.00010788
0.66946033,0.00965190,-0.00002960
0.66956036,0.00966923,0.00000933
0.66966040,0.01022821,-0.00016015
0.66976038,0.01098857,-0.00044399
0.66986041,0.01109525,-0.00088276
0.66996039,0.01137928,-0.00069647
0.67006042,0.01121132,-0.00066421
0.67016040,0.01157572,-0.00070802
0.67026044,0.01290968,-0.00066897
0.67036041,0.01247714,-0.00046058
0.67046045,0.01217276,-0.00005246
0.67056042,0.01232419,0.00004333
0.67066046,0.01302312,0.00017145
0.67076050,0.01257837,-0.00002200
0.67086047,0.01313197,0.00002062
0.67096051,0.01296316,-0.00001117
0.67106049,0.01294874,-0.00029800
0.67116052,0.01400927,-0.00013464
0.67126050,0.01254447,-0.00011557
0.67136053,0.01403938,-0.00004557
0.67146051,0.01345079,0.00015165
0.67156055,0.01350290,0.00010845
0.67166052,0.01416254,-0.00008284
0.67176056,0.01361349,-0.00016834
0.67186060,0.01368180,-0.00024282
0.67196057,0.01337774,-0.00027847
0.67206061,0.01416783,0.00006962
0.67216058,0.01373866,0.00014147
0.67226062,0.01589504,-0.00007062
0.67236060,0.01488882,0.00034215
0.67246063,0.01501343,0.00049950
0.67256061,0.01554860,0.00019716
0.67266064,0.01465765,0.00018376
0.67276062,0.01469212,-0.00000420
0.67286066,0.01488004,-0.00028201
0.67296069,0.01606228,-0.00051969
0.67306067,0.01596218,-0.00047197
0.67316071,0.01640997,-0.00055531
0.67326068,0.01587626,-0.00039102
0.67336072,0.01558428,-0.00034137
0.67346069,0.01614528,-0.00029593
0.67356073,0.01615264,-0.00015405
0.67366071,0.01715034,-0.00046370
0.67376074,0.01601052,-0.00007760
0.67386078,0.01689001,-0.00002856
0.67396075,0.01617033,0.00012950
0.67406079,0.01562657,0.00009591
0.67416077,0.01668343,-0.00004658
0.67426080,0.01718127,0.00013140
0.67436078,0.01752982,0.00023169
0.67446082,0.01812976,0.00013558
0.67456079,0.01759684,0.00004856
0.67466083,0.01804852,0.00017319
0.67476080,0.01746617,-0.00038191
0.67486084,0.01660994,0.00009576
0.67496088,0.01608140,-0.00012996
0.67506085,0.01693401,-0.00013104
0.67516089,0.01693092,0.00000362
0.67526086,0.01746147,0.00003657
0.67536090,0.01750085,0.00014137
0.67546088,0.01780471,0.00030629
0.67556091,0.01754956,0.00030813
0.67566089,0.01847839,0.00037099
0.67576093,0.01828285,0.00001229
0.67586090,0.01669036,0.00017881
0.67596094,0.01752796,-0.00006893
0.67606097,0.01776644,-0.00021851
0.67616095,0.01887599,-0.00006041
0.67626099,0.01858881,-0.00032494
0.67636096,0.01913612,-0.00008953
0.67646100,0.01814445,-0.00025556
0.67656097,0.01747649,-0.00034182
0.67666101,0.01864996,-0.00040070
0.67676099,0.01895414,-0.00056647
0.67686102,0.01808763,-0.00068156
0.67696100,0.01782057,-0.00056154
0.67706104,0.01758867,-0.00018756
0.67716107,0.01805153,-0.00019475
0.67726105,0.01699043,0.00002970
0.67736108,0.01781954,0.00030378
0.67746106,0.01783184,0.00017097
0.67756110,0.01705118,0.00054033
0.67766107,0.01736040,0.00024702
0.67776111,0.01756902,0.00005168
0.67786108,0.01857931,0.00003377
0.67796112,0.01785349,0.00003392
0.67806116,0.01895223,-0.00002734
0.67816113,0.01834148,-0.00010593
0.67826117,0.01708527,-0.00025141
0.67836115,0.01725100,-0.00025294
0.67846118,0.01478177,-0.00016288
0.67856116,0.01292694,-0.00008795
0.67866119,0.01169430,0.00006913
0.67876117,0.01189399,-0.00032174
0.67886121,0.01093062,-0.00040208
0.67896118,0.01176704,-0.00074832
0.67906122,0.01181649,-0.00118567
0.67916125,0.01207225,-0.00120746
0.67926123,0.01109758,-0.00101973
0.67936127,0.01051746,-0.00057952
0.67946124,0.01269095,-0.00087592
0.67956128,0.01360402,-0.00105895
0.67966125,0.01602830,-0.00223343
0.67976129,0.01344463,-0.00231003
0.67986127,0.01035113,-0.00324854
0.67996130,0.00325741,-0.00201462
0.68006128,-0.00241580,-0.00345407
0.68016132,-0.01386621,-0.00606328
0.68026135,0.08499701,0.08499686
0.68036133,0.08499704,0.08499686
0.68046136,0.08499703,0.08499687
0.68056134,0.08499724,0.08499585
0.68066138,0.08499704,0.08495606
0.68076135,0.08499715,0.08495300
0.68086139,0.08499718,0.08494880
0.68096136,0.08499722,0.08494335
0.68106140,0.08499951,0.08499433
0.68116138,0.08499864,0.08499433
0.68126141,0.08499844,0.08499433
0.68136145,0.08499824,0.08499433
0.68146143,0.08499809,0.08499433
0.68156146,0.08499777,0.08499492
0.68166144,0.08499774,0.08499555
0.68176147,0.08499759,0.08499518
0.68186145,0.08499756,0.08499510
0.68196149,0.08499745,0.08499533
0.68206146,0.08499738,0.08499544
0.68216150,0.08499740,0.08499552
0.68226154,0.08499724,0.08499568
0.68236151,0.08499722,0.08499569
0.68246155,0.08499720,0.08499577
0.68256152,0.08499708,0.08499587
0.68266156,0.08499712,0.08499581
0.68276154,0.08499706,0.08499584
0.68286157,0.08499706,0.08499587
0.68296155,0.08499707,0.08499585
0.68306158,0.08499709,0.08499585
0.68316156,0.08499709,0.08499581
0.68326160,0.08499710,0.08499588
0.68336163,0.08499714,0.08499576
0.68346161,0.08499715,0.08499583
0.68356165,0.08499717,0.08499626
0.68366162,0.08499711,0.08499591
0.68376166,0.08499718,0.08499579
0.68386163,0.08499716,0.08499575
0.68396167,0.08499721,0.08499633
0.68406165,0.08499726,0.08499593
0.68416168,0.08499715,0.08499579
0.68426166,0.08499724,0.08499574
0.68436169,0.08499724,0.08499627
0.68446173,0.08499732,0.08499605
0.68456171,0.08499727,0.08499575
0.68466174,0.08499728,0.08499581
0.68476172,0.08499733,0.08499623
0.68486176,0.08499731,0.08499627
0.68496173,0.08499732,0.08499577
0.68506177,0.08499724,0.08499568
0.68516174,0.08499733,0.08499577
0.68526178,0.08499734,0.08499572
0.68536176,0.08499731,0.08499585
0.68546179,0.08499736,0.08499573
0.68556183,0.08499728,0.08499584
0.68566180,0.08499730,0.08499574
0.68576184,0.08499733,0.08499572
0.68586182,0.08499731,0.08499587
0.68596185,0.08499733,0.08499631
0.68606183,0.08499727,0.08499612
0.68616187,0.08499736,0.08499587
0.68626184,0.08499727,0.08499616
0.68636188,0.08499737,0.08499648
0.68646185,0.08499735,0.08499632
0.68656189,0.08499735,0.08499607
0.68666193,0.08499724,0.08499634
0.68676190,0.08499731,0.08499665
0.68686194,0.08499728,0.08499636
0.68696191,0.08499725,0.08499626
0.68706195,0.08499730,0.08499628
0.68716193,0.08499728,0.08499674
0.68726196,0.08499730,0.08499639
0.68736194,0.08499721,0.08499637
0.68746198,0.08499729,0.08499641
0.68756201,0.08499731,0.08499645
0.68766199,0.08499727,0.08499645
0.68776202,0.08499725,0.08499651
0.68786200,0.08499728,0.08499654
0.68796204,0.08499726,0.08499686
0.68806201,0.08499728,0.08499691
0.68816205,0.08499727,0.08499663
0.68826202,0.08499729,0.08499680
0.68836206,0.08499726,0.08499696
0.68846204,0.08499727,0.08499697
0.68856207,0.08499726,0.08499669
0.68866211,0.08499727,0.08499667
0.68876208,0.08499724,0.08499672
0.68886212,0.08499727,0.08499677
0.68896210,0.08499726,0.08499674
0.68906213,0.08499727,0.08499677
0.68916211,0.08499726,0.08499681
0.68926215,0.08499726,0.08499681
0.68936212,0.08499724,0.08499683
0.68946216,0.08499725,0.08499685
0.68956213,0.08499725,0.08499686
0.68966217,0.08499724,0.08499689
0.68976221,0.08499724,0.08499689
0.68986218,0.08499723,0.08499689
0.68996222,0.08499723,0.08499704
0.69006219,0.08499722,0.08499689
0.69016223,0.08499723,0.08499689
0.69026221,0.08499723,0.08499704
0.69036224,0.08499722,0.08499707
0.69046222,0.08499721,0.08499691
0.69056226,0.08499723,0.08499692
0.69066223,0.08499722,0.08499695
0.69076227,0.08499722,0.08499696
0.69086230,0.08499721,0.08499696
0.69096228,0.08499722,0.08499696
0.69106232,0.08499721,0.08499696
0.69116229,0.08499721,0.08499697
0.69126233,0.08499721,0.08499696
0.69136230,0.08499721,0.08499698
0.69146234,0.08499721,0.08499698
0.69156232,0.08499721,0.08499698
0.69166235,0.08499721,0.08499700
0.69176239,0.08499721,0.08499699
0.69186237,0.08499721,0.08499699
0.69196240,0.08499720,0.08499700
0.69206238,0.08499720,0.08499700
0.69216241,0.08499720,0.08499700
0.69226239,0.08499720,0.08499701
0.69236243,0.08499720,0.08499701
0.69246240,0.08499720,0.08499701
0.69256244,0.08499720,0.08499702
0.69266241,0.08499720,0.08499701
0.69276245,0.08499720,0.08499703
0.69286249,0.08499720,0.08499703
0.69296246,0.08499719,0.08499703
0.69306250,0.08499719,0.08499702
0.69316248,0.08499719,0.08499702
0.69326251,0.08499721,0.08499702
0.69336249,0.08499720,0.08499703
0.69346252,0.08499719,0.08499704
0.69356250,0.08499719,0.08499704
0.69366254,0.08499719,0.08499704
0.69376251,0.08499719,0.08499704
0.69386255,0.08499719,0.08499704
0.69396259,0.08499720,0.08499704
0.69406256,0.08499719,0.08499705
0.69416260,0.08499719,0.08499707
0.69426257,0.08499719,0.08499704
0.69436261,0.08499719,0.08499705
0.69446259,0.08499719,0.08499707
0.69456262,0.08499719,0.08499712
0.69466260,0.08499719,0.08499704
0.69476263,0.08499720,0.08499706
0.69486261,0.08499719,0.08499707
0.69496265,0.08499719,0.08499708
0.69506268,0.08499718,0.08499712
0.69516266,0.08499718,0.08499705
0.69526270,0.08499718,0.08499707
0.69536267,0.08499718,0.08499709
0.69546271,0.08499718,0.08499710
0.69556268,0.08499718,0.08499710
0.69566272,0.08499718,0.08499710
0.69576270,0.08499717,0.08499710
0.69586273,0.08499716,0.08499712
0.69596277,0.08499717,0.08499714
0.69606274,0.08499725,0.08499730
0.69616278,0.08499731,0.08499735
0.69626276,0.08499734,0.08499732
0.69636279,0.08499739,0.08499751
0.69646277,0.08499745,0.08499761
0.69656281,0.08499749,0.08499764
0.69666278,0.08499756,0.08499780
0.69676282,0.08499756,0.08499789
0.69686279,0.08499762,0.08499807
0.69696283,0.08499765,0.08499834
0.69706287,0.08499764,0.08499838
0.69716284,0.08499760,0.08499860
0.69726288,0.08499771,0.08499880
0.69736285,0.08499777,0.08499914
0.69746289,0.08499784,0.08499926
0.69756287,0.08499791,0.08499929
0.69766290,0.08499789,0.08499952
0.69776288,0.08499841,0.08499946
0.69786292,0.08499807,0.08499943
0.69796289,0.08499835,0.08499955
0.69806293,0.08499818,0.08499955
0.69816296,0.08499826,0.08499961
0.69826294,0.08499824,0.08499965
0.69836298,0.08499819,0.08499965
0.69846295,0.08499805,0.08499867
0.69856299,0.08499791,0.08499719
0.69866296,0.08499795,0.08499733
0.69876300,0.08499794,0.08499755
0.69886298,0.08499788,0.08499763
0.69896301,0.08499787,0.08499773
0.69906299,0.08499769,0.08499779
0.69916302,0.08499765,0.08499783
0.69926306,0.08499758,0.08499765
0.69936304,0.08499759,0.08499770
0.69946307,-0.01986837,0.02412837
0.69956305,-0.01274734,0.01963991
0.69966309,-0.00887321,0.01777744
0.69976306,-0.00499725,0.01450869
0.69986310,-0.00260780,0.01204280
0.69996307,-0.00115286,0.01045515
0.70006311,-0.00002401,0.00975009
0.70016315,0.00063642,0.00908835
0.70026312,0.00087388,0.00847100
0.70036316,0.00083275,0.00747187
0.70046313,0.00118417,0.00706180
0.70056317,0.00161282,0.00637468
0.70066315,0.00157603,0.00560611
0.70076318,0.00224869,0.00515639
0.70086316,0.00213086,0.00485495
0.70096320,0.00342287,0.00440886
0.70106317,0.00374349,0.00429890
0.70116321,0.00448405,0.00379699
0.70126324,0.00420396,0.00351266
0.70136322,0.00549377,0.00295110
0.70146326,0.00603674,0.00243732
0.70156323,0.00634611,0.00231808
0.70166327,0.00751916,0.00178302
0.70176324,0.00828042,0.00099117
0.70186328,0.00879793,0.00089468
0.70196326,0.00930021,0.00090073
0.70206329,0.00940642,0.00085316
0.70216327,0.00925052,0.00091633
0.70226331,0.01062842,0.00048087
0.70236334,0.01129714,0.00002649
0.70246332,0.01109730,0.00030638
0.70256335,0.01129139,-0.00007803
0.70266333,0.01200950,-0.00058025
0.70276337,0.01210569,-0.00063478
0.70286334,0.01349861,-0.00107543
0.70296338,0.01329177,-0.00105156
0.70306335,0.01403771,-0.00103875
0.70316339,0.01267782,-0.00065456
0.70326337,0.01140976,-0.00041719
0.70336340,0.01176393,-0.00064178
0.70346344,0.01163941,-0.00080022
0.70356342,0.01167329,-0.00048745
0.70366345,0.01151608,-0.00053969
0.70376343,0.01168801,-0.00053978
0.70386346,0.01151140,-0.00055601
0.70396344,0.01220033,-0.00015941
0.70406348,0.01250049,-0.00011214
0.70416345,0.01232301,0.00011758
0.70426349,0.01251204,0.00024742
0.70436346,0.01148572,0.00036496
0.70446350,0.01153229,0.00015885
0.70456354,0.01128565,-0.00008555
0.70466351,0.01235044,-0.00011745
0.70476355,0.01121456,-0.00025936
0.70486353,0.01088205,-0.00044878
0.70496356,0.01146759,-0.00032745
0.70506354,0.01152220,-0.00043152
0.70516357,0.01235315,-0.00005939
0.70526355,0.01187081,-0.00003129
0.70536359,0.01290585,0.00036690
0.70546362,0.01176006,0.00002310
0.70556360,0.01284746,0.00036097
0.70566364,0.01287977,0.00001608
0.70576361,0.01296840,-0.00037500
0.70586365,0.01330381,-0.00021303
0.70596362,0.01399371,-0.00058146
0.70606366,0.01327504,-0.00022689
0.70616364,0.01420571,-0.00039692
0.70626367,0.01388615,-0.00061742
0.70636365,0.01458291,-0.00019991
0.70646368,0.01464167,-0.00037782
0.70656372,0.01461697,-0.00038606
0.70666370,0.01412418,-0.00039402
0.70676373,0.01339236,-0.00072402
0.70686371,0.01459940,-0.00077064
0.70696375,0.01356545,-0.00024527
0.70706372,0.01461171,-0.00015292
0.70716376,0.01358320,0.00007595
0.70726373,0.01383948,0.00031548
0.70736377,0.01435938,0.00025309
0.70746375,0.01466548,0.00022074
0.70756378,0.01432850,0.00022966
0.70766382,0.01339314,0.00015541
0.70776379,0.01431309,0.00003269
0.70786383,0.01278498,0.00041615
0.70796381,0.01309461,-0.00000502
0.70806384,0.01271118,0.00014014
0.70816382,0.01275189,-0.00035270
0.70826385,0.01388978,-0.00041011
0.70836383,0.01329970,0.00005817
0.70846387,0.01374236,-0.00020208
0.70856384,0.01362464,-0.00017092
0.70866388,0.01356431,-0.00005253
0.70876392,0.01442565,-0.00025416
0.70886389,0.01350206,-0.00030701
0.70896393,0.01424451,-0.00010745
0.70906390,0.01420893,0.00011738
0.70916394,0.01511714,0.00019827
0.70926392,0.01336946,0.00043238
0.70936395,0.01398484,0.00010342
0.70946393,0.01470879,-0.00013015
0.70956396,0.01437279,-0.00005645
0.70966400,0.01521063,-0.00030070
0.70976398,0.01437017,-0.00034936
0.70986401,0.01590179,-0.00064277
0.70996399,0.01435120,-0.00060872
0.71006403,0.01400797,-0.00038969
0.71016400,0.01421521,0.00002410
0.71026404,0.01438609,-0.00007990
0.71036401,0.01470819,-0.00000566
0.71046405,0.01458629,-0.00005855
0.71056403,0.01409134,0.00013096
0.71066406,0.01450067,0.00022533
0.71076410,0.01529172,0.00019369
0.71086407,0.01441139,0.00013977
0.71096411,0.01469211,0.00031559
0.71106409,0.01478220,0.00038264
0.71116412,0.01508207,0.00018618
0.71126410,0.01601908,0.00018563
0.71136414,0.01503706,0.00012992
0.71146411,0.01341819,0.00020813
0.71156415,0.01490746,0.00025433
0.71166412,0.01494371,-0.00009362
0.71176416,0.01558214,-0.00024208
0.71186420,0.01474608,-0.00032480
0.71196417,0.01515526,-0.00024600
0.71206421,0.01467585,-0.00012538
0.71216418,0.01434012,0.00004813
0.71226422,0.01576376,0.00011375
0.71236420,0.01538818,0.00040773
0.71246423,0.01549488,0.00041160
0.71256421,0.01533656,-0.00000070
0.71266425,0.01485312,0.00019724
0.71276422,0.01533325,-0.00036162
0.71286426,0.01594585,-0.00043121
0.71296429,0.01571057,-0.00049225
0.71306427,0.01483734,-0.00046904
0.71316431,0.01568220,-0.00042032
0.71326428,0.01457159,-0.00049795
0.71336432,0.01474811,-0.00016467
0.71346429,0.01536552,-0.00023880
0.71356433,0.01603927,-0.00016720
0.71366431,0.01651373,-0.00020017
0.71376434,0.01573198,0.00002294
0.71386438,0.01624600,-0.00017764
0.71396436,0.01585213,0.00000973
0.71406439,0.01685218,0.00000449
0.71416437,0.01527230,0.00056935
0.71426440,0.01628830,0.00051807
0.71436438,0.01690524,0.00020037
0.71446442,0.01499455,0.00040235
0.71456439,0.01577364,0.00025768
0.71466443,0.01513789,0.00030576
0.71476440,0.01581384,0.00020982
0.71486444,0.01604896,-0.00034488
0.71496448,0.01671586,-0.00050124
0.71506445,0.01577714,-0.00026050
0.71516449,0.01528807,-0.00028636
0.71526447,0.01612208,-0.00016101
0.71536450,0.01463865,0.00019928
0.71546448,0.01652893,-0.00002356
0.71556451,0.01590982,0.00002850
0.71566449,0.01528542,0.00018329
0.71576453,0.01521583,0.00032776
0.71586450,0.01523487,0.00005347
0.71596454,0.01632948,0.00000413
0.71606458,0.01608319,-0.00004674
0.71616455,0.01583192,-0.00012211
0.71626459,0.01450554,-0.00014045
0.71636456,0.01563758,-0.00008189
0.71646460,0.01458340,-0.00000711
0.71656458,0.01565227,-0.00013930
0.71666461,0.01638506,-0.00045511
0.71676459,0.01574853,-0.00047078
0.71686462,0.01538996,-0.00041908
0.71696460,0.01310773,-0.00033824
0.71706464,0.01405533,0.00030896
0.71716467,0.01456755,0.00015889
0.71726465,0.01600610,0.00011134
0.71736469,0.01627949,0.00021027
0.71746466,0.01509237,0.00051785
0.71756470,0.01576974,0.00053929
0.71766467,0.01491137,0.00034152
0.71776471,0.01646340,0.00018940
0.71786469,0.01646962,-0.00028580
0.71796472,0.01675755,-0.00019344
0.71806476,0.01708257,-0.00047453
0.71816473,0.01731692,-0.00050945
0.71826477,0.01625271,-0.00039630
0.71836475,0.01552200,-0.00014244
0.71846478,0.01656139,0.00005169
0.71856476,0.01535773,0.00021261
0.71866479,0.01615954,0.00036830
0.71876477,0.01664289,0.00020533
0.71886481,0.01611261,0.00022889
0.71896478,0.01581623,0.00017690
0.71906482,0.01642561,0.00009181
0.71916486,0.01636852,-0.00005852
0.71926483,0.01542480,0.00026623
0.71936487,0.01636604,0.00018475
0.71946484,0.01588610,0.00005153
0.71956488,0.01608111,-0.00008041
0.71966486,0.01597770,-0.00020477
0.71976489,0.01534594,-0.00018215
0.71986487,0.01543240,-0.00040737
0.71996490,0.01548802,-0.00043680
0.72006488,0.01591524,-0.00062769
0.72016492,0.01387676,-0.00007288
0.72026495,0.01549111,-0.00024896
0.72036493,0.01525705,-0.00003642
0.72046497,0.01544388,0.00028593
0.72056494,0.01577315,0.00019280
0.72066498,0.01414111,0.00034611
0.72076495,0.01588445,0.00026702
0.72086499,0.01498759,0.00024434
0.72096497,0.01651592,-0.00011294
0.72106500,0.01583582,0.00019340
0.72116498,0.01477123,0.00033947
0.72126501,0.01572203,0.00032128
0.72136505,0.01523260,0.00005687
0.72146503,0.01566928,0.00022962
0.72156506,0.01568780,0.00012065
0.72166504,0.01544483,0.00032944
0.72176508,0.01449949,0.00003181
0.72186505,0.01483621,0.00025227
0.72196509,0.01509276,0.00004080
0.72206506,0.01449250,0.00037175
0.72216510,0.01369456,0.00019086
0.72226514,0.01449499,0.00024161
0.72236511,0.01557006,0.00030308
0.72246515,0.01494638,0.00019198
0.72256512,0.01600809,0.00044709
0.72266516,0.01418653,0.00027906
0.72276514,0.01469949,0.00005698
0.72286517,0.01480854,-0.00017528
0.72296515,0.01417156,-0.00028036
0.72306519,0.01501516,-0.00061603
0.72316516,0.01467805,-0.00055778
0.72326520,0.01490782,-0.00046502
0.72336523,0.01397889,-0.00025491
0.72346521,0.01377682,-0.00009977
0.72356525,0.01426915,-0.00000802
0.72366522,0.01434405,0.00001305
0.72376526,0.01286657,0.00016989
0.72386523,0.01252968,0.00004829
0.72396527,0.01202657,-0.00007476
0.72406525,0.01184289,-0.00010088
0.72416528,0.01146325,-0.00026560
0.72426526,0.01088241,-0.00017220
0.72436530,0.01029889,-0.00012184
0.72446533,0.00981259,-0.00019845
0.72456531,0.00979130,-0.00066730
0.72466534,0.01002745,-0.00075001
0.72476532,0.01014402,-0.00070163
0.72486536,0.01270134,-0.00103187
0.72496533,0.01240651,-0.00104737
0.72506537,0.01313293,-0.00186402
0.72516534,0.01154149,-0.00208867
0.72526538,0.00769910,-0.00051122
0.72536536,0.00263810,0.00007015
0.72546539,-0.00326155,0.00141217
0.72556543,-0.01137328,0.00010626
0.72566541,0.08499700,0.08499679
0.72576544,0.08499718,0.08499699
0.72586542,0.08499703,0.08499655
0.72596545,0.08499717,0.08495826
0.72606543,0.08499710,0.08495446
0.72616547,0.08499714,0.08494857
0.72626544,0.08499790,0.08494335
0.72636548,0.08499894,0.08499433
0.72646545,0.08499876,0.08499433
0.72656549,0.08499875,0.08499433
0.72666553,0.08499830,0.08499433
0.72676550,0.08499784,0.08499433
0.72686554,0.08499757,0.08499444
0.72696552,0.08499732,0.08499482
0.72706555,0.08499717,0.08499502
0.72716553,0.08499706,0.08499521
0.72726556,0.08499696,0.08499554
0.72736554,0.08499698,0.08499563
0.72746558,0.08499698,0.08499573
0.72756561,0.08499686,0.08499593
0.72766559,0.08499691,0.08499599
0.72776562,0.08499698,0.08499604
0.72786560,0.08499692,0.08499610
0.72796564,0.08499694,0.08499615
0.72806561,0.08499701,0.08499619
0.72816565,0.08499702,0.08499619
0.72826563,0.08499699,0.08499620
0.72836566,0.08499701,0.08499621
0.72846564,0.08499705,0.08499618
0.72856567,0.08499707,0.08499614
0.72866571,0.08499710,0.08499626
0.72876569,0.08499708,0.08499628
0.72886572,0.08499714,0.08499624
0.72896570,0.08499713,0.08499628
0.72906573,0.08499712,0.08499624
0.72916571,0.08499717,0.08499621
0.72926575,0.08499708,0.08499618
0.72936572,0.08499710,0.08499617
0.72946576,0.08499713,0.08499616
0.72956573,0.08499715,0.08499615
0.72966577,0.08499720,0.08499611
0.72976581,0.08499713,0.08499613
0.72986578,0.08499718,0.08499601
0.72996582,0.08499718,0.08499611
0.73006580,0.08499718,0.08499610
0.73016583,0.08499717,0.08499606
0.73026581,0.08499723,0.08499609
0.73036584,0.08499718,0.08499604
0.73046582,0.08499725,0.08499605
0.73056586,0.08499718,0.08499611
0.73066583,0.08499723,0.08499610
0.73076587,0.08499724,0.08499603
0.73086591,0.08499721,0.08499613
0.73096588,0.08499724,0.08499612
0.73106592,0.08499727,0.08499613
0.73116589,0.08499728,0.08499616
0.73126593,0.08499721,0.08499611
0.73136591,0.08499725,0.08499619
0.73146594,0.08499724,0.08499614
0.73156592,0.08499728,0.08499610
0.73166595,0.08499725,0.08499622
0.73176599,0.08499725,0.08499609
0.73186597,0.08499726,0.08499623
0.73196600,0.08499727,0.08499621
0.73206598,0.08499724,0.08499633
0.73216602,0.08499726,0.08499637
0.73226599,0.08499727,0.08499642
0.73236603,0.08499727,0.08499644
0.73246600,0.08499724,0.08499648
0.73256604,0.08499728,0.08499649
0.73266602,0.08499723,0.08499649
0.73276605,0.08499727,0.08499658
0.73286609,0.08499723,0.08499652
0.73296606,0.08499721,0.08499657
0.73306610,0.08499725,0.08499659
0.73316608,0.08499722,0.08499660
0.73326611,0.08499723,0.08499661
0.73336609,0.08499724,0.08499666
0.73346613,0.08499723,0.08499666
0.73356610,0.08499724,0.08499666
0.73366614,0.08499723,0.08499670
0.73376611,0.08499723,0.08499672
0.73386615,0.08499724,0.08499675
0.73396619,0.08499724,0.08499673
0.73406616,0.08499724,0.08499674
0.73416620,0.08499723,0.08499679
0.73426617,0.08499722,0.08499677
0.73436621,0.08499724,0.08499677
0.73446619,0.08499724,0.08499680
0.73456622,0.08499723,0.08499680
0.73466620,0.08499724,0.08499683
0.73476624,0.08499723,0.08499685
0.73486621,0.08499721,0.08499685
0.73496625,0.08499723,0.08499686
0.73506628,0.08499723,0.08499688
0.73516626,0.08499721,0.08499689
0.73526630,0.08499722,0.08499689
0.73536627,0.08499722,0.08499689
0.73546631,0.08499722,0.08499690
0.73556628,0.08499722,0.08499690
0.73566632,0.08499722,0.08499692
0.73576630,0.08499721,0.08499692
0.73586633,0.08499721,0.08499692
0.73596637,0.08499721,0.08499692
0.73606635,0.08499721,0.08499692
0.73616638,0.08499721,0.08499694
0.73626636,0.08499721,0.08499694
0.73636639,0.08499721,0.08499694
0.73646637,0.08499721,0.08499694
0.73656641,0.08499721,0.08499695
0.73666638,0.08499721,0.08499695
0.73676642,0.08499721,0.08499695
0.73686639,0.08499721,0.08499696
0.73696643,0.08499721,0.08499696
0.73706647,0.08499721,0.08499697
0.73716644,0.08499721,0.08499696
0.73726648,0.08499721,0.08499697
0.73736646,0.08499721,0.08499698
0.73746649,0.08499720,0.08499698
0.73756647,0.08499721,0.08499698
0.73766650,0.08499720,0.08499698
0.73776648,0.08499720,0.08499698
0.73786652,0.08499719,0.08499699
0.73796649,0.08499720,0.08499699
0.73806653,0.08499721,0.08499699
0.73816656,0.08499720,0.08499700
0.73826654,0.08499720,0.08499701
0.73836658,0.08499720,0.08499701
0.73846655,0.08499721,0.08499701
0.73856659,0.08499720,0.08499701
0.73866656,0.08499720,0.08499701
0.73876660,0.08499719,0.08499701
0.73886658,0.08499720,0.08499701
0.73896661,0.08499720,0.08499701
0.73906659,0.08499720,0.08499701
0.73916663,0.08499720,0.08499701
0.73926666,0.08499720,0.08499701
0.73936664,0.08499720,0.08499702
0.73946667,0.08499720,0.08499702
0.73956665,0.08499720,0.08499702
0.73966669,0.08499720,0.08499702
0.73976666,0.08499720,0.08499703
0.73986670,0.08499720,0.08499703
0.73996667,0.08499719,0.08499704
0.74006671,0.08499719,0.08499703
0.74016675,0.08499720,0.08499704
0.74026672,0.08499720,0.08499704
0.74036676,0.08499719,0.08499704
0.74046674,0.08499720,0.08499704
0.74056677,0.08499720,0.08499704
0.74066675,0.08499720,0.08499704
0.74076678,0.08499721,0.08499704
0.74086676,0.08499720,0.08499705
0.74096680,0.08499719,0.08499706
0.74106677,0.08499720,0.08499705
0.74116681,0.08499719,0.08499706
0.74126685,0.08499719,0.08499705
0.74136682,0.08499718,0.08499707
0.74146686,0.08499718,0.08499707
0.74156683,0.08499717,0.08499709
0.74166687,0.08499717,0.08499710
0.74176685,0.08499717,0.08499707
0.74186688,0.08499717,0.08499704
0.74196686,0.08499718,0.08499712
0.74206689,0.08499724,0.08499735
0.74216687,0.08499734,0.08499746
0.74226691,0.08499741,0.08499753
0.74236694,0.08499748,0.08499763
0.74246692,0.08499754,0.08499775
0.74256696,0.08499762,0.08499789
0.74266693,0.08499766,0.08499803
0.74276697,0.08499767,0.08499809
0.74286694,0.08499770,0.08499834
0.74296698,0.08499774,0.08499856
0.74306696,0.08499777,0.08499879
0.74316699,0.08499778,0.08499891
0.74326697,0.08499798,0.08499918
0.74336700,0.08499793,0.08499946
0.74346704,0.08499808,0.08499946
0.74356702,0.08499811,0.08499938
0.74366705,0.08499831,0.08499941
0.74376703,0.08499860,0.08499970
0.74386707,0.08499858,0.08499949
0.74396704,0.08499849,0.08499970
0.74406708,0.08499837,0.08499962
0.74416705,0.08499839,0.08499989
0.74426709,0.08499859,0.08499982
0.74436707,0.08499830,0.08499929
0.74446710,0.08499804,0.08499718
0.74456714,0.08499808,0.08499724
0.74466711,0.08499806,0.08499780
0.74476715,0.08499781,0.08499800
0.74486713,0.08499781,0.08499764
0.74496716,-0.01342433,0.02944788
0.74506714,-0.00190289,0.02222079
0.74516718,0.00853038,0.01596110
0.74526715,0.01600516,0.01127915
0.74536719,0.02030181,0.00839996
0.74546722,0.02273869,0.00685132
0.74556720,0.02311742,0.00538971
0.74566724,0.02295624,0.00417682
0.74576721,0.02179267,0.00364798
0.74586725,0.02159294,0.00354499
0.74596722,0.01993177,0.00331031
0.74606726,0.01994008,0.00259423
0.74616724,0.01971619,0.00244780
0.74626727,0.01943443,0.00200512
0.74636725,0.01978872,0.00166649
0.74646729,0.02032110,0.00127251
0.74656732,0.02037840,0.00079103
0.74666730,0.02037576,0.00036643
0.74676733,0.02309664,-0.00014045
0.74686731,0.02364655,-0.00053284
0.74696735,0.02557971,-0.00092736
0.74706732,0.02520912,-0.00103644
0.74716736,0.02742779,-0.00149577
0.74726733,0.02655733,-0.00106384
0.74736737,0.02857860,-0.00077639
0.74746735,0.02830475,-0.00081450
0.74756738,0.03014535,-0.00099459
0.74766742,0.02910378,-0.00065743
0.74776740,0.03105822,-0.00087667
0.74786743,0.03022534,-0.00068828
0.74796741,0.02689356,0.00002184
0.74806744,0.02037853,0.00107438
0.74816742,0.01779136,0.00141103
0.74826746,0.01751820,0.00118885
0.74836743,0.01526341,0.00162231
0.74846747,0.01597664,0.00164334
0.74856744,0.01548712,0.00138685
0.74866748,0.01596115,0.00135002
0.74876752,0.01454601,0.00127199
0.74886749,0.01507260,0.00111979
0.74896753,0.01468847,0.00087130
0.74906750,0.01405907,0.00087525
0.74916754,0.01290849,0.00073802
0.74926752,0.01188367,0.00071499
0.74936755,0.01253652,0.00030932
0.74946753,0.01160630,0.00015111
0.74956757,0.01192706,-0.00038775
0.74966760,0.01048272,-0.00030159
0.74976758,0.00942014,-0.00023812
0.74986761,0.00966418,-0.00073012
0.74996759,0.01005804,-0.00085225
0.75006763,0.00879949,-0.00074541
0.75016760,0.00797504,-0.00065428
0.75026764,0.00670699,-0.00012841
0.75036761,0.00597921,-0.00002183
0.75046765,0.00656639,-0.00017913
0.75056763,0.00656469,0.00001875
0.75066766,0.00698145,-0.00020201
0.75076770,0.00702822,-0.00027535
0.75086768,0.00650536,-0.00018097
0.75096771,0.00537257,0.00022649
0.75106769,0.00555150,-0.00010213
0.75116772,0.00628673,-0.00005781
0.75126770,0.00593570,-0.00017541
0.75136774,0.00633377,-0.00013600
0.75146771,0.00651138,-0.00026269
0.75156775,0.00725104,-0.00074683
0.75166772,0.00673605,-0.00056782
0.75176776,0.00675318,-0.00038550
0.75186780,0.00643422,-0.00054692
0.75196777,0.00590391,-0.00012209
0.75206781,0.00640032,0.00011869
0.75216779,0.00651114,-0.00008400
0.75226782,0.00743809,-0.00021372
0.75236780,0.00703508,0.00007259
0.75246783,0.00782616,0.00005405
0.75256781,0.00725093,0.00023430
0.75266785,0.00822186,-0.00003100
0.75276782,0.00800976,-0.00023866
0.75286786,0.00765446,-0.00033277
0.75296790,0.00790507,-0.00042611
0.75306787,0.00787273,-0.00021806
0.75316791,0.00782488,-0.00029285
0.75326788,0.00802679,-0.00032481
0.75336792,0.00892850,-0.00042476
0.75346790,0.00849314,0.00003675
0.75356793,0.00856917,-0.00002703
0.75366791,0.00919446,-0.00021337
0.75376794,0.00909457,-0.00025472
0.75386798,0.00969231,-0.00015237
0.75396796,0.01019963,-0.00019954
0.75406799,0.00985868,0.00000206
0.75416797,0.00971989,-0.00001830
0.75426801,0.00914205,0.00036763
0.75436798,0.01024675,-0.00010782
0.75446802,0.01081741,0.00006814
0.75456799,0.01087484,-0.00032207
0.75466803,0.01156522,-0.00045435
0.75476801,0.01104120,-0.00035474
0.75486804,0.01078250,-0.00026327
0.75496808,0.01031188,-0.00024492
0.75506805,0.01062122,-0.00052700
0.75516809,0.01093218,-0.00027833
0.75526807,0.01092481,-0.00010108
0.75536810,0.01111249,0.00007174
0.75546808,0.01025695,0.00003150
0.75556812,0.01084878,0.00036009
0.75566809,0.01107270,0.00000710
0.75576813,0.01105433,-0.00015278
0.75586810,0.01145917,-0.00028337
0.75596814,0.01152873,-0.00013682
0.75606818,0.01269932,-0.00051913
0.75616815,0.01212928,-0.00041595
0.75626819,0.01237171,-0.00024192
0.75636816,0.01251765,-0.00036142
0.75646820,0.01360822,-0.00036325
0.75656818,0.01319948,-0.00066698
0.75666821,0.01292931,-0.00052900
0.75676819,0.01315606,-0.00049852
0.75686823,0.01250573,-0.00044744
0.75696820,0.01346195,-0.00038553
0.75706824,0.01294184,0.00000299
0.75716827,0.01341786,0.00020030
0.75726825,0.01290086,-0.00006445
0.75736829,0.01332495,0.00021615
0.75746826,0.01374984,0.00021302
0.75756830,0.01417275,-0.00007376
0.75766827,0.01367905,-0.00014151
0.75776831,0.01344100,0.00000934
0.75786829,0.01436146,-0.00028794
0.75796832,0.01441940,-0.00040083
0.75806836,0.01506733,-0.00064214
0.75816833,0.01502997,-0.00059961
0.75826837,0.01601558,-0.00058671
0.75836835,0.01557503,-0.00027259
0.75846838,0.01600010,0.00003817
0.75856836,0.01542115,0.00012034
0.75866840,0.01563542,0.00017731
0.75876837,0.01483129,0.00038181
0.75886841,0.01389987,0.00014018
0.75896838,0.01491948,0.00057541
0.75906842,0.01569674,0.00020481
0.75916846,0.01622778,0.00008977
0.75926843,0.01676226,0.00007873
0.75936847,0.01784322,0.00017139
0.75946844,0.01673444,0.00012744
0.75956848,0.01659227,-0.00020744
0.75966846,0.01641942,-0.00015766
0.75976849,0.01666655,-0.00032438
0.75986847,0.01822631,-0.00064430
0.75996851,0.01729013,-0.00059626
0.76006848,0.01792692,-0.00052724
0.76016852,0.01789648,-0.00043290
0.76026855,0.01715974,-0.00015978
0.76036853,0.01794602,-0.00002399
0.76046857,0.01751191,0.00025946
0.76056854,0.01824774,0.00014372
0.76066858,0.01768531,0.00017060
0.76076855,0.01776618,0.00003205
0.76086859,0.01673883,0.00019193
0.76096857,0.01734549,0.00013838
0.76106860,0.01716477,0.00028725
0.76116858,0.01764878,0.00027077
0.76126862,0.01742223,0.00018877
0.76136865,0.01661255,0.00032099
0.76146863,0.01748602,0.00024097
0.76156866,0.01791971,-0.00002142
0.76166864,0.01892622,-0.00012481
0.76176868,0.01839408,-0.00033497
0.76186865,0.01775784,-0.00014576
0.76196869,0.01839486,-0.00015519
0.76206866,0.01699492,0.00014648
0.76216870,0.01793806,0.00021332
0.76226868,0.01739211,0.00034113
0.76236871,0.01837356,0.00035541
0.76246875,0.01764740,0.00035092
0.76256873,0.01700391,0.00019776
0.76266876,0.01849465,-0.00016779
0.76276874,0.01686082,-0.00005207
0.76286877,0.01762599,0.00014491
0.76296875,0.01752552,-0.00015685
0.76306879,0.01700329,-0.00010091
0.76316876,0.01805288,-0.00034784
0.76326880,0.01819495,-0.00048252
0.76336884,0.01824578,-0.00032345
0.76346881,0.01741561,-0.00034730
0.76356885,0.01763734,-0.00021913
0.76366882,0.01707682,-0.00019067
0.76376886,0.01741383,-0.00004127
0.76386884,0.01654419,0.00008136
0.76396887,0.01729058,0.00009025
0.76406885,0.01633262,0.00028416
0.76416888,0.01711612,0.00041939
0.76426886,0.01651437,0.00002728
0.76436890,0.01640973,0.00042285
0.76446893,0.01765259,0.00010628
0.76456891,0.01710684,0.00027174
0.76466895,0.01795451,0.00002531
0.76476892,0.01655824,-0.00007065
0.76486896,0.01738179,-0.00022105
0.76496893,0.01636006,-0.00012455
0.76506897,0.01661686,0.00004862
0.76516895,0.01727699,0.00005132
0.76526898,0.01484145,0.00037584
0.76536896,0.01708130,0.00024410
0.76546899,0.01687470,0.00028312
0.76556903,0.01744943,0.00050722
0.76566901,0.01678381,0.00011935
0.76576904,0.01674888,0.00022437
0.76586902,0.01721756,0.00001221
0.76596906,0.01742430,0.00001873
0.76606903,0.01725298,-0.00008556
0.76616907,0.01612600,-0.00012688
0.76626904,0.01693445,-0.00033024
0.76636908,0.01614464,-0.00001039
0.76646906,0.01675434,-0.00011320
0.76656909,0.01546613,-0.00000671
0.76666913,0.01482911,-0.00014976
0.76676910,0.01594573,-0.00020831
0.76686914,0.01622453,-0.00028657
0.76696912,0.01682374,-0.00027966
0.76706915,0.01494469,0.00015027
0.76716913,0.01608177,0.00028596
0.76726917,0.01600986,0.00010459
0.76736914,0.01751445,0.00043756
0.76746918,0.01592159,0.00043459
0.76756921,0.01538512,0.00035248
0.76766919,0.01619462,0.00022599
0.76776923,0.01636508,-0.00003990
0.76786920,0.01605825,-0.00017359
0.76796924,0.01593493,-0.00025659
0.76806921,0.01620018,-0.00014291
0.76816925,0.01635042,-0.00033732
0.76826923,0.01500772,-0.00012035
0.76836926,0.01565221,-0.00021280
0.76846924,0.01522325,0.00001393
0.76856927,0.01615124,0.00013923
0.76866931,0.01510783,0.00021153
0.76876929,0.01587557,-0.00000567
0.76886932,0.01525645,-0.00002864
0.76896930,0.01520630,0.00004212
0.76906934,0.01455288,0.00016005
0.76916931,0.01424592,0.00000377
0.76926935,0.01159783,0.00030927
0.76936932,0.01151403,0.00037095
0.76946936,0.01099182,0.00014736
0.76956934,0.01161605,-0.00008836
0.76966937,0.01067706,-0.00044755
0.76976941,0.01059419,-0.00069241
0.76986938,0.01016663,-0.00099598
0.76996942,0.01030230,-0.00128849
0.77006940,0.00962443,-0.00160600
0.77016943,0.00888246,-0.00119160
0.77026941,0.00998974,-0.00126849
0.77036945,0.01406734,-0.00178881
0.77046942,0.01509590,-0.00178067
0.77056946,0.01594333,-0.00235170
0.77066943,0.01579807,-0.00260107
0.77076947,0.01076404,-0.00264895
0.77086951,0.00276416,-0.00174365
0.77096948,-0.00258177,-0.00304897
0.77106952,-0.01589027,-0.00475242
0.77116949,0.08499714,0.08499704
0.77126953,0.08499709,0.08499691
0.77136951,0.08499704,0.08499666
0.77146954,0.08499718,0.08495799
0.77156952,0.08499711,0.08495541
0.77166956,0.08499719,0.08494979
0.77176959,0.08499724,0.08494335
0.77186957,0.08499885,0.08494335
0.77196960,0.08499894,0.08499433
0.77206958,0.08499860,0.08499433
0.77216962,0.08499844,0.08499433
0.77226959,0.08499812,0.08499464
0.77236963,0.08499771,0.08499537
0.77246960,0.08499775,0.08499555
0.77256964,0.08499752,0.08499499
0.77266962,0.08499730,0.08499518
0.77276965,0.08499721,0.08499529
0.77286969,0.08499722,0.08499563
0.77296967,0.08499711,0.08499549
0.77306970,0.08499704,0.08499568
0.77316968,0.08499703,0.08499567
0.77326971,0.08499706,0.08499574
0.77336969,0.08499703,0.08499587
0.77346973,0.08499707,0.08499581
0.77356970,0.08499702,0.08499594
0.77366974,0.08499701,0.08499587
0.77376971,0.08499703,0.08499599
0.77386975,0.08499708,0.08499590
0.77396979,0.08499704,0.08499593
0.77406976,0.08499707,0.08499593
0.77416980,0.08499706,0.08499596
0.77426978,0.08499712,0.08499590
0.77436981,0.08499711,0.08499595
0.77446979,0.08499718,0.08499590
0.77456982,0.08499721,0.08499590
0.77466980,0.08499721,0.08499582
0.77476984,0.08499721,0.08499588
0.77486981,0.08499721,0.08499588
0.77496985,0.08499721,0.08499584
0.77506989,0.08499724,0.08499579
0.77516986,0.08499719,0.08499579
0.77526990,0.08499730,0.08499584
0.77536987,0.08499722,0.08499581
0.77546991,0.08499732,0.08499575
0.77556989,0.08499727,0.08499584
0.77566992,0.08499729,0.08499579
0.77576990,0.08499735,0.08499572
0.77586993,0.08499729,0.08499584
0.77596997,0.08499727,0.08499584
0.77606995,0.08499733,0.08499579
0.77616998,0.08499729,0.08499578
0.77626996,0.08499730,0.08499580
0.77637000,0.08499731,0.08499582
0.77646997,0.08499723,0.08499576
0.77657001,0.08499736,0.08499575
0.77666998,0.08499730,0.08499582
0.77677002,0.08499734,0.08499578
0.77687000,0.08499734,0.08499576
0.77697003,0.08499732,0.08499590
0.77707007,0.08499727,0.08499584
0.77717004,0.08499729,0.08499592
0.77727008,0.08499728,0.08499584
0.77737006,0.08499737,0.08499583
0.77747009,0.08499725,0.08499607
0.77757007,0.08499734,0.08499595
0.77767010,0.08499731,0.08499609
0.77777008,0.08499726,0.08499620
0.77787012,0.08499730,0.08499616
0.77797009,0.08499733,0.08499611
0.77807013,0.08499724,0.08499625
0.77817017,0.08499730,0.08499631
0.77827014,0.08499727,0.08499637
0.77837018,0.08499724,0.08499639
0.77847015,0.08499727,0.08499642
0.77857019,0.08499729,0.08499644
0.77867017,0.08499721,0.08499648
0.77877020,0.08499727,0.08499651
0.77887018,0.08499732,0.08499648
0.77897021,0.08499723,0.08499652
0.77907019,0.08499729,0.08499660
0.77917023,0.08499728,0.08499658
0.77927026,0.08499724,0.08499660
0.77937024,0.08499727,0.08499663
0.77947028,0.08499727,0.08499670
0.77957025,0.08499727,0.08499668
0.77967029,0.08499727,0.08499672
0.77977026,0.08499728,0.08499673
0.77987030,0.08499725,0.08499676
0.77997028,0.08499726,0.08499677
0.78007031,0.08499724,0.08499679
0.78017035,0.08499724,0.08499681
0.78027032,0.08499725,0.08499680
0.78037036,0.08499724,0.08499683
0.78047034,0.08499724,0.08499686
0.78057037,0.08499724,0.08499685
0.78067035,0.08499724,0.08499684
0.78077039,0.08499724,0.08499687
0.78087036,0.08499724,0.08499689
0.78097040,0.08499723,0.08499692
0.78107037,0.08499724,0.08499689
0.78117041,0.08499723,0.08499692
0.78127045,0.08499723,0.08499692
0.78137042,0.08499722,0.08499693
0.78147046,0.08499721,0.08499693
0.78157043,0.08499721,0.08499695
0.78167047,0.08499721,0.08499695
0.78177045,0.08499721,0.08499695
0.78187048,0.08499721,0.08499695
0.78197046,0.08499721,0.08499697
0.78207050,0.08499721,0.08499697
0.78217047,0.08499721,0.08499698
0.78227051,0.08499721,0.08499698
0.78237054,0.08499721,0.08499698
0.78247052,0.08499720,0.08499698
0.78257056,0.08499721,0.08499699
0.78267053,0.08499721,0.08499699
0.78277057,0.08499720,0.08499700
0.78287054,0.08499719,0.08499700
0.78297058,0.08499720,0.08499700
0.78307056,0.08499721,0.08499701
0.78317059,0.08499720,0.08499701
0.78327057,0.08499720,0.08499701
0.78337061,0.08499719,0.08499701
0.78347064,0.08499719,0.08499701
0.78357062,0.08499719,0.08499701
0.78367065,0.08499720,0.08499702
0.78377063,0.08499719,0.08499701
0.78387067,0.08499720,0.08499703
0.78397064,0.08499719,0.08499702
0.78407068,0.08499719,0.08499703
0.78417065,0.08499719,0.08499703
0.78427069,0.08499720,0.08499704
0.78437067,0.08499719,0.08499704
0.78447070,0.08499719,0.08499704
0.78457074,0.08499719,0.08499704
0.78467072,0.08499719,0.08499704
0.78477075,0.08499719,0.08499705
0.78487073,0.08499719,0.08499705
0.78497076,0.08499719,0.08499705
0.78507074,0.08499719,0.08499705
0.78517078,0.08499719,0.08499705
0.78527075,0.08499719,0.08499705
0.78537079,0.08499719,0.08499706
0.78547083,0.08499719,0.08499707
0.78557080,0.08499719,0.08499707
0.78567084,0.08499718,0.08499707
0.78577081,0.08499719,0.08499707
0.78587085,0.08499718,0.08499708
0.78597083,0.08499718,0.08499709
0.78607086,0.08499718,0.08499710
0.78617084,0.08499717,0.08499710
0.78627087,0.08499715,0.08499708
0.78637085,0.08499715,0.08499706
0.78647089,0.08499716,0.08499715
0.78657092,0.08499721,0.08499721
0.78667090,0.08499730,0.08499739
0.78677094,0.08499735,0.08499742
0.78687091,0.08499740,0.08499750
0.78697095,0.08499745,0.08499756
0.78707092,0.08499752,0.08499774
0.78717096,0.08499759,0.08499786
0.78727094,0.08499758,0.08499805
0.78737097,0.08499762,0.08499814
0.78747095,0.08499762,0.08499838
0.78757098,0.08499770,0.08499864
0.78767102,0.08499777,0.08499865
0.78777100,0.08499769,0.08499894
0.78787103,0.08499774,0.08499905
0.78797101,0.08499794,0.08499917
0.78807104,0.08499810,0.08499924
0.78817102,0.08499824,0.08499929
0.78827106,0.08499820,0.08499944
0.78837103,0.08499809,0.08499929
0.78847107,0.08499826,0.08499942
0.78857104,0.08499810,0.08499943
0.78867108,0.08499815,0.08499949
0.78877112,0.08499824,0.08499957
0.78887109,0.08499800,0.08499717
0.78897113,0.08499794,0.08499714
0.78907111,0.08499796,0.08499724
0.78917114,0.08499792,0.08499748
0.78927112,0.08499788,0.08499751
0.78937115,0.08499782,0.08499753
0.78947113,0.08499772,0.08499753
0.78957117,0.08499763,0.08499760
0.78967120,0.08499767,0.08499750
0.78977118,0.08499772,0.08499750
0.78987122,-0.01886461,0.02012078
0.78997119,-0.01414420,0.01711291
0.79007123,-0.00925757,0.01472176
0.79017120,-0.00512142,0.01327496
0.79027124,-0.00275950,0.01212583
0.79037122,-0.00041686,0.01175732
0.79047125,0.00081532,0.01058729
0.79057123,0.00127153,0.01015508
0.79067126,0.00157118,0.00821633
0.79077130,0.00126400,0.00756542
0.79087128,0.00162474,0.00665192
0.79097131,0.00145903,0.00619893
0.79107129,0.00183647,0.00528676
0.79117133,0.00208475,0.00514607
0.79127130,0.00289502,0.00483303
0.79137134,0.00329467,0.00436476
0.79147131,0.00362931,0.00419855
0.79157135,0.00362458,0.00376051
0.79167133,0.00460107,0.00330649
0.79177136,0.00449575,0.00291307
0.79187140,0.00588077,0.00241563
0.79197137,0.00589901,0.00221745
0.79207141,0.00754679,0.00180863
0.79217139,0.00843649,0.00145132
0.79227142,0.00984476,0.00117833
0.79237140,0.00986913,0.00110351
0.79247144,0.00977993,0.00091968
0.79257141,0.00999997,0.00065636
0.79267145,0.01058586,0.00012356
0.79277142,0.01185674,-0.00033904
0.79287146,0.01136324,-0.00102372
0.79297150,0.01295820,-0.00138189
0.79307147,0.01201423,-0.00129849
0.79317151,0.01300334,-0.00133391
0.79327148,0.01228114,-0.00122744
0.79337152,0.01246536,-0.00081836
0.79347150,0.01187907,-0.00036344
0.79357153,0.01136423,-0.00039358
0.79367151,0.01191566,-0.00051092
0.79377155,0.01177765,-0.00060944
0.79387158,0.01227140,-0.00072843
0.79397156,0.01203493,-0.00057486
0.79407159,0.01310222,-0.00061726
0.79417157,0.01198812,-0.00042449
0.79427161,0.01313415,-0.00034651
0.79437158,0.01186979,0.00014926
0.79447162,0.01201318,0.00033000
0.79457159,0.01150682,0.00030691
0.79467163,0.01138403,0.00013111
0.79477161,0.01186488,-0.00026185
0.79487164,0.01136812,-0.00038877
0.79497168,0.01240178,-0.00050508
0.79507166,0.01386469,-0.00077518
0.79517169,0.01259822,-0.00036536
0.79527167,0.01299826,-0.00008944
0.79537170,0.01268412,0.00026608
0.79547168,0.01213630,0.00042790
0.79557172,0.01177193,0.00078956
0.79567169,0.01261424,0.00081551
0.79577173,0.01347401,-0.00003786
0.79587170,0.01278202,-0.00024097
0.79597174,0.01308343,-0.00055640
0.79607178,0.01270667,-0.00057225
0.79617175,0.01264470,-0.00037338
0.79627179,0.01324131,-0.00022979
0.79637177,0.01285012,-0.00029880
0.79647180,0.01248355,-0.00010744
0.79657178,0.01347783,-0.00069873
0.79667181,0.01321175,-0.00063172
0.79677179,0.01262825,0.00018563
0.79687183,0.01242536,-0.00064921
0.79697180,0.01338339,-0.00038008
0.79707184,0.01327346,-0.00046213
0.79717187,0.01413815,-0.00035567
0.79727185,0.01483687,-0.00036051
0.79737189,0.01400392,0.00027257
0.79747186,0.01478077,0.00044304
0.79757190,0.01351881,0.00048324
0.79767188,0.01413392,0.00016639
0.79777191,0.01340922,0.00029193
0.79787189,0.01337141,0.00008202
0.79797192,0.01449006,-0.00009125
0.79807196,0.01390240,-0.00042882
0.79817194,0.01346678,-0.00028125
0.79827197,0.01292410,-0.00006028
0.79837195,0.01346598,0.00007051
0.79847198,0.01324750,0.00008232
0.79857196,0.01340036,0.00054461
0.79867200,0.01411295,0.00028178
0.79877197,0.01311906,-0.00000938
0.79887201,0.01467356,0.00009422
0.79897198,0.01292065,0.00039560
0.79907202,0.01327332,-0.00001119
0.79917206,0.01417180,-0.00022489
0.79927203,0.01434546,-0.00037480
0.79937207,0.01490107,-0.00007082
0.79947205,0.01485809,-0.00008099
0.79957208,0.01462041,-0.00009612
0.79967206,0.01481639,-0.00027412
0.79977209,0.01480519,-0.00043586
0.79987207,0.01465165,-0.00059384
0.79997211,0.01431481,-0.00078277
0.80007208,0.01537518,-0.00075314
0.80017212,0.01379674,-0.00052720
0.80027216,0.01425943,-0.00040357
0.80037213,0.01564937,-0.00031841
0.80047217,0.01592741,0.00008202
0.80057214,0.01542246,0.00014287
0.80067218,0.01447262,0.00026725
0.80077216,0.01469003,0.00022595
0.80087219,0.01433078,0.00021301
0.80097217,0.01464531,0.00031154
0.80107220,0.01470949,0.00003069
0.80117218,0.01546225,-0.00013539
0.80127222,0.01545907,-0.00008455
0.80137225,0.01399214,0.00006334
0.80147223,0.01561582,0.00010361
0.80157227,0.01543934,0.00018771
0.80167224,0.01616868,-0.00001156
0.80177228,0.01562875,0.00014806
0.80187225,0.01485934,-0.00012530
0.80197229,0.01565895,-0.00006629
0.80207227,0.01413502,0.00006230
0.80217230,0.01537341,0.00025167
0.80227228,0.01390380,0.00055819
0.80237231,0.01403758,0.00046904
0.80247235,0.01455596,0.00036941
0.80257233,0.01485967,0.00030442
0.80267236,0.01563099,0.00023951
0.80277234,0.01524653,0.00049031
0.80287238,0.01656164,-0.00036790
0.80297235,0.01484928,-0.00032989
0.80307239,0.01481301,-0.00049800
0.80317236,0.01423882,-0.00058545
0.80327240,0.01465140,-0.00076877
0.80337244,0.01449566,-0.00039165
0.80347241,0.01477958,-0.00016268
0.80357245,0.01507392,-0.00010995
0.80367242,0.01560989,-0.00006702
0.80377246,0.01663125,-0.00015015
0.80387244,0.01605304,-0.00021755
0.80397247,0.01608712,-0.00027995
0.80407245,0.01620578,-0.00003386
0.80417249,0.01626283,-0.00012612
0.80427246,0.01554829,0.00005168
0.80437250,0.01563704,0.00024564
0.80447253,0.01501872,0.00025068
0.80457251,0.01588369,0.00016320
0.80467255,0.01611405,0.00024708
0.80477252,0.01610825,0.00025197
0.80487256,0.01630805,-0.00030541
0.80497253,0.01571340,-0.00020019
0.80507257,0.01533052,-0.00012290
0.80517255,0.01512594,-0.00038304
0.80527258,0.01588476,-0.00027776
0.80537256,0.01448465,0.00030301
0.80547260,0.01540588,0.00065129
0.80557263,0.01447922,0.00091950
0.80567261,0.01408583,0.00071720
0.80577264,0.01600532,0.00012546
0.80587262,0.01485389,0.00023150
0.80597266,0.01477718,0.00025840
0.80607263,0.01484872,-0.00048054
0.80617267,0.01625150,-0.00056102
0.80627264,0.01577536,-0.00060157
0.80637268,0.01456147,-0.00011631
0.80647266,0.01522487,-0.00015077
0.80657269,0.01558708,-0.00046821
0.80667273,0.01710970,-0.00047485
0.80677271,0.01669344,-0.00042113
0.80687274,0.01634687,-0.00041729
0.80697272,0.01597706,-0.00044257
0.80707275,0.01555275,-0.00013626
0.80717273,0.01601348,-0.00049571
0.80727277,0.01529725,-0.00022205
0.80737274,0.01584425,0.00012699
0.80747278,0.01616110,0.00007785
0.80757281,0.01699887,0.00032426
0.80767279,0.01608880,0.00067939
0.80777283,0.01578261,0.00050612
0.80787280,0.01593814,0.00021650
0.80797284,0.01447278,0.00024961
0.80807281,0.01596033,-0.00030787
0.80817285,0.01591110,-0.00016210
0.80827283,0.01655912,0.00007023
0.80837286,0.01597244,-0.00007807
0.80847284,0.01610706,0.00005342
0.80857288,0.01651607,0.00011517
0.80867291,0.01607069,0.00043916
0.80877289,0.01695795,0.00027406
0.80887292,0.01593960,0.00034325
0.80897290,0.01645767,0.00034141
0.80907294,0.01563117,0.00007804
0.80917291,0.01646846,-0.00015836
0.80927295,0.01588742,0.00008430
0.80937292,0.01503259,0.00043825
0.80947296,0.01533500,0.00027062
0.80957294,0.01541900,0.00010797
0.80967297,0.01526166,0.00024272
0.80977301,0.01517622,-0.00007622
0.80987299,0.01495948,-0.00033886
0.80997302,0.01634637,-0.00058480
0.81007300,0.01627730,-0.00079493
0.81017303,0.01696902,-0.00077104
0.81027301,0.01558289,-0.00065057
0.81037305,0.01528341,-0.00014182
0.81047302,0.01449307,0.00012421
0.81057306,0.01423181,0.00041563
0.81067303,0.01509386,0.00040864
0.81077307,0.01513501,0.00017428
0.81087311,0.01530792,0.00021530
0.81097308,0.01523258,0.00008952
0.81107312,0.01494138,-0.00004709
0.81117310,0.01578308,-0.00035667
0.81127313,0.01508694,-0.00018443
0.81137311,0.01504505,-0.00020759
0.81147314,0.01474663,0.00026557
0.81157312,0.01583355,-0.00012443
0.81167316,0.01480575,0.00024654
0.81177319,0.01430596,0.00021528
0.81187317,0.01415551,0.00028270
0.81197321,0.01413896,0.00024944
0.81207318,0.01505096,0.00005604
0.81217322,0.01436555,-0.00000466
0.81227319,0.01546002,0.00008751
0.81237323,0.01480542,0.00018446
0.81247321,0.01404096,0.00057368
0.81257324,0.01484542,0.00030792
0.81267322,0.01524685,0.00037934
0.81277325,0.01592453,0.00013325
0.81287329,0.01524936,-0.00000608
0.81297327,0.01536166,-0.00005774
0.81307330,0.01480072,-0.00025795
0.81317328,0.01528614,-0.00066230
0.81327332,0.01514202,-0.00059316
0.81337329,0.01376517,-0.00033868
0.81347333,0.01454344,-0.00010083
0.81357330,0.01386101,0.00020170
0.81367334,0.01379667,0.00041152
0.81377332,0.01419886,0.00045022
0.81387335,0.01487441,0.00020075
0.81397339,0.01494455,0.00009870
0.81407336,0.01464826,0.00015625
0.81417340,0.01280824,0.00045222
0.81427338,0.01233552,0.00027571
0.81437341,0.01171214,0.00004572
0.81447339,0.01195927,0.00012788
0.81457343,0.01160647,-0.00018688
0.81467340,0.01188285,-0.00019670
0.81477344,0.01078391,-0.00042206
0.81487341,0.01141143,-0.00054795
0.81497345,0.01039191,-0.00073151
0.81507349,0.00969358,-0.00091366
0.81517346,0.00928132,-0.00043092
0.81527350,0.01248738,-0.00084027
0.81537347,0.01507506,-0.00111246
0.81547351,0.01535331,-0.00144027
0.81557349,0.01415686,-0.00102540
0.81567352,0.00916726,-0.00022231
0.81577350,0.00197465,0.00137285
0.81587354,-0.00344449,0.00223055
0.81597357,0.08499694,0.08497044
0.81607355,0.08499714,0.08499696
0.81617358,0.08499712,0.08499690
0.81627356,0.08499703,0.08496703
0.81637360,0.08499722,0.08495875
0.81647357,0.08499707,0.08495485
0.81657361,0.08499713,0.08495069
0.81667358,0.08499712,0.08494335
0.81677362,0.08499847,0.08494335
0.81687360,0.08499915,0.08494335
0.81697363,0.08499838,0.08499433
0.81707367,0.08499818,0.08499433
0.81717365,0.08499804,0.08499433
0.81727368,0.08499748,0.08499433
0.81737366,0.08499713,0.08499453
0.81747369,0.08499698,0.08499468
0.81757367,0.08499689,0.08499482
0.81767371,0.08499693,0.08499525
0.81777368,0.08499694,0.08499546
0.81787372,0.08499695,0.08499553
0.81797369,0.08499686,0.08499567
0.81807373,0.08499685,0.08499579
0.81817377,0.08499697,0.08499588
0.81827374,0.08499698,0.08499619
0.81837378,0.08499706,0.08499651
0.81847375,0.08499703,0.08499621
0.81857379,0.08499703,0.08499602
0.81867377,0.08499706,0.08499655
0.81877380,0.08499710,0.08499675
0.81887378,0.08499707,0.08499634
0.81897382,0.08499716,0.08499607
0.81907379,0.08499707,0.08499663
0.81917383,0.08499715,0.08499673
0.81927386,0.08499722,0.08499630
0.81937384,0.08499712,0.08499636
0.81947388,0.08499721,0.08499669
0.81957385,0.08499724,0.08499673
0.81967389,0.08499721,0.08499674
0.81977386,0.08499721,0.08499672
0.81987390,0.08499725,0.08499675
0.81997388,0.08499722,0.08499672
0.82007391,0.08499730,0.08499670
0.82017395,0.08499722,0.08499670
0.82027393,0.08499726,0.08499674
0.82037396,0.08499733,0.08499673
0.82047394,0.08499726,0.08499670
0.82057397,0.08499731,0.08499670
0.82067395,0.08499724,0.08499669
0.82077399,0.08499725,0.08499673
0.82087396,0.08499733,0.08499666
0.82097400,0.08499730,0.08499674
0.82107397,0.08499730,0.08499674
0.82117401,0.08499733,0.08499672
0.82127405,0.08499720,0.08499677
0.82137402,0.08499725,0.08499675
0.82147406,0.08499727,0.08499672
0.82157404,0.08499727,0.08499670
0.82167407,0.08499733,0.08499673
0.82177405,0.08499722,0.08499679
0.82187408,0.08499730,0.08499622
0.82197406,0.08499730,0.08499599
0.82207410,0.08499716,0.08499623
0.82217407,0.08499733,0.08499659
0.82227411,0.08499724,0.08499645
0.82237415,0.08499729,0.08499619
0.82247412,0.08499726,0.08499660
0.82257416,0.08499724,0.08499678
0.82267413,0.08499727,0.08499660
0.82277417,0.08499726,0.08499638
0.82287415,0.08499728,0.08499642
0.82297418,0.08499722,0.08499645
0.82307416,0.08499725,0.08499642
0.82317419,0.08499723,0.08499645
0.82327417,0.08499724,0.08499669
0.82337421,0.08499724,0.08499656
0.82347424,0.08499720,0.08499655
0.82357422,0.08499724,0.08499657
0.82367426,0.08499724,0.08499652
0.82377423,0.08499724,0.08499661
0.82387427,0.08499725,0.08499666
0.82397424,0.08499724,0.08499663
0.82407428,0.08499727,0.08499665
0.82417426,0.08499725,0.08499669
0.82427429,0.08499724,0.08499672
0.82437427,0.08499724,0.08499674
0.82447430,0.08499724,0.08499674
0.82457434,0.08499724,0.08499694
0.82467432,0.08499724,0.08499676
0.82477435,0.08499723,0.08499678
0.82487433,0.08499724,0.08499679
0.82497437,0.08499724,0.08499680
0.82507434,0.08499723,0.08496806
0.82517438,0.08499724,0.08496832
0.82527435,0.08499723,0.08499680
0.82537439,0.08499722,0.08499685
0.82547443,0.08499724,0.08499686
0.82557440,0.08499723,0.08499686
0.82567444,0.08499722,0.08499689
0.82577441,0.08499722,0.08499690
0.82587445,0.08499723,0.08499690
0.82597443,0.08499722,0.08499691
0.82607446,0.08499722,0.08499691
0.82617444,0.08499721,0.08499692
0.82627448,0.08499721,0.08499692
0.82637445,0.08499722,0.08499691
0.82647449,0.08499721,0.08499692
0.82657452,0.08499721,0.08499694
0.82667450,0.08499720,0.08499693
0.82677454,0.08499721,0.08499694
0.82687451,0.08499721,0.08499695
0.82697455,0.08499721,0.08499695
0.82707452,0.08499721,0.08499695
0.82717456,0.08499721,0.08499695
0.82727454,0.08499721,0.08499695
0.82737457,0.08499720,0.08499696
0.82747455,0.08499720,0.08499696
0.82757458,0.08499721,0.08499697
0.82767462,0.08499720,0.08499698
0.82777460,0.08499720,0.08499697
0.82787463,0.08499721,0.08499698
0.82797461,0.08499721,0.08499698
0.82807465,0.08499721,0.08499698
0.82817462,0.08499720,0.08499699
0.82827466,0.08499721,0.08499698
0.82837463,0.08499720,0.08499699
0.82847467,0.08499720,0.08499700
0.82857465,0.08499720,0.08499701
0.82867468,0.08499720,0.08499700
0.82877472,0.08499719,0.08499701
0.82887469,0.08499720,0.08497006
0.82897473,0.08499721,0.08499700
0.82907471,0.08499720,0.08499701
0.82917474,0.08499721,0.08499701
0.82927472,0.08499720,0.08499701
0.82937476,0.08499720,0.08499701
0.82947473,0.08499721,0.08499701
0.82957477,0.08499720,0.08497023
0.82967480,0.08499720,0.08499702
0.82977478,0.08499720,0.08497025
0.82987482,0.08499720,0.08499703
0.82997479,0.08499719,0.08497030
0.83007483,0.08499719,0.08499703
0.83017480,0.08499720,0.08499704
0.83027484,0.08499720,0.08499704
0.83037482,0.08499719,0.08499704
0.83047485,0.08499720,0.08499704
0.83057483,0.08499720,0.08499704
0.83067487,0.08499720,0.08499704
0.83077490,0.08499719,0.08497047
0.83087488,0.08499719,0.08499704
0.83097491,0.08499720,0.08497047
0.83107489,0.08499720,0.08499705
0.83117493,0.08499719,0.08497053
0.83127490,0.08499719,0.08497050
0.83137494,0.08499719,0.08497047
0.83147491,0.08499719,0.08497056
0.83157495,0.08499720,0.08497062
0.83167493,0.08499719,0.08499707
0.83177496,0.08499719,0.08497062
0.83187500,0.08499720,0.08497068
0.83197498,0.08499719,0.08497112
0.83207501,0.08499718,0.08497123
0.83217499,0.08499717,0.08497075
0.83227502,0.08499718,0.08497097
0.83237500,0.08499717,0.08497071
0.83247504,0.08499717,0.08497050
0.83257501,0.08499718,0.08497127
0.83267505,0.08499723,0.08497338
0.83277502,0.08499732,0.08499745
0.83287506,0.08499739,0.08499751
0.83297510,0.08499745,0.08499759
0.83307507,0.08499750,0.08499765
0.83317511,0.08499756,0.08499780
0.83327509,0.08499762,0.08499791
0.83337512,0.08499766,0.08499809
0.83347510,0.08499767,0.08499815
0.83357513,0.08499772,0.08499850
0.83367511,0.08499774,0.08499862
0.83377515,0.08499781,0.08499876
0.83387518,0.08499776,0.08499920
0.83397516,0.08499792,0.08499926
0.83407520,0.08499806,0.08499930
0.83417517,0.08499825,0.08499940
0.83427521,0.08499839,0.08499929
0.83437518,0.08499830,0.08499957
0.83447522,0.08499835,0.08499970
0.83457520,0.08499844,0.08499961
0.83467523,0.08499835,0.08499961
0.83477521,0.08499850,0.08499964
0.83487524,0.08499864,0.08499981
0.83497528,0.08499855,0.08499988
0.83507526,0.08499864,0.08499988
0.83517529,0.08499843,0.08499986
0.83527527,0.08499855,0.08499987
0.83537531,0.08499821,0.08499707
0.83547528,0.08499815,0.08499724
0.83557532,0.08499801,0.08499788
0.83567529,0.08499781,0.08499768
0.83577533,-0.01748597,0.03525947
0.83587531,-0.00596698,0.02774509
0.83597534,0.00536771,0.01986167
0.83607538,0.01398853,0.01297231
0.83617535,0.01984218,0.00879485
0.83627539,0.02253589,0.00623665
0.83637537,0.02393091,0.00494206
0.83647540,0.02377026,0.00407670
0.83657538,0.02303955,0.00308975
0.83667542,0.02177549,0.00254061
0.83677539,0.02094298,0.00255225
0.83687543,0.02002276,0.00207486
0.83697540,0.01992588,0.00159167
0.83707544,0.01980730,0.00142898
0.83717548,0.02009879,0.00117898
0.83727545,0.02060876,0.00055735
0.83737549,0.02073584,0.00058153
0.83747546,0.01928771,0.00061956
0.83757550,0.02003450,0.00057199
0.83767548,0.02240589,0.00011284
0.83777551,0.02233434,-0.00022887
0.83787549,0.02471440,-0.00079365
0.83797552,0.02434586,-0.00093815
0.83807556,0.02576979,-0.00129724
0.83817554,0.02491641,-0.00138659
0.83827557,0.02642744,-0.00129113
0.83837555,0.02586376,-0.00105991
0.83847559,0.02766421,-0.00091109
0.83857556,0.02723343,-0.00058086
0.83867560,0.02950542,-0.00057198
0.83877557,0.02874727,-0.00017482
0.83887561,0.02785843,-0.00003633
0.83897559,0.02896373,-0.00014693
0.83907562,0.02731474,0.00023982
0.83917566,0.02859005,-0.00003142
0.83927563,0.02629598,0.00041600
0.83937567,0.02684211,0.00039387
0.83947565,0.02510633,0.00062788
0.83957568,0.02369888,0.00108304
0.83967566,0.01355714,0.00215163
0.83977570,0.01233729,0.00210977
0.83987567,0.01249574,0.00166034
0.83997571,0.01098270,0.00167974
0.84007568,0.01061415,0.00146214
0.84017572,0.01011939,0.00096906
0.84027576,0.01050245,0.00107850
0.84037573,0.01101146,0.00099034
0.84047577,0.01080643,0.00061682
0.84057574,0.01035531,0.00079697
0.84067578,0.00828078,0.00074843
0.84077576,0.00722350,0.00071312
0.84087579,0.00794456,0.00021240
0.84097577,0.00882155,-0.00025134
0.84107581,0.00839857,-0.00014216
0.84117578,0.00809215,-0.00040501
0.84127582,0.00712506,-0.00056247
0.84137585,0.00678375,-0.00040207
0.84147583,0.00685631,-0.00055655
0.84157587,0.00616796,-0.00044753
0.84167584,0.00588589,-0.00051977
0.84177588,0.00589259,-0.00047254
0.84187585,0.00529224,-0.00023993
0.84197589,0.00534863,-0.00016781
0.84207587,0.00514403,-0.00020581
0.84217590,0.00471117,-0.00033575
0.84227588,0.00546436,-0.00025323
0.84237592,0.00653394,-0.00043442
0.84247595,0.00649124,-0.00032723
0.84257593,0.00591138,-0.00012652
0.84267596,0.00586934,-0.00022148
0.84277594,0.00588172,-0.00027379
0.84287598,0.00647695,-0.00028272
0.84297595,0.00632111,-0.00050284
0.84307599,0.00678410,-0.00082129
0.84317596,0.00586554,-0.00065317
0.84327600,0.00646788,-0.00085221
0.84337604,0.00704965,-0.00078009
0.84347601,0.00795902,-0.00054150
0.84357605,0.00815437,-0.00035085
0.84367603,0.00876813,-0.00041875
0.84377606,0.00889282,-0.00025797
0.84387604,0.00839160,0.00010204
0.84397607,0.00803194,0.00028565
0.84407605,0.00831813,0.00021595
0.84417609,0.00798272,0.00002420
0.84427606,0.00770569,0.00000282
0.84437610,0.00835472,-0.00003084
0.84447614,0.00787548,0.00022084
0.84457611,0.00865349,-0.00014390
0.84467615,0.00779360,0.00043234
0.84477612,0.00875065,0.00018295
0.84487616,0.00818680,-0.00016314
0.84497614,0.00774563,0.00009780
0.84507617,0.00870754,-0.00035758
0.84517615,0.00803891,-0.00033523
0.84527618,0.00921707,-0.00016372
0.84537616,0.00844166,-0.00004497
0.84547620,0.00886527,0.00007640
0.84557623,0.00939953,-0.00023019
0.84567621,0.00888196,0.00007014
0.84577625,0.00918681,-0.00000257
0.84587622,0.00951278,-0.00037453
0.84597626,0.01051515,-0.00033113
0.84607623,0.01009923,-0.00024260
0.84617627,0.01038507,-0.00048220
0.84627625,0.01031357,-0.00058403
0.84637628,0.01007957,-0.00040733
0.84647626,0.01017200,-0.00047292
0.84657629,0.01001102,-0.00070882
0.84667633,0.01140006,-0.00059065
0.84677631,0.01180696,-0.00068997
0.84687634,0.01143575,-0.00044575
0.84697632,0.01138032,-0.00018825
0.84707635,0.01186469,-0.00030997
0.84717633,0.01102358,-0.00011983
0.84727637,0.01140597,-0.00023047
0.84737634,0.01152766,0.00018954
0.84747638,0.01096167,0.00015527
0.84757642,0.01285611,-0.00011063
0.84767639,0.01246944,0.00002618
0.84777643,0.01256905,0.00011574
0.84787640,0.01262166,0.00006696
0.84797644,0.01277935,-0.00008808
0.84807642,0.01372240,-0.00033914
0.84817645,0.01311982,-0.00025114
0.84827643,0.01308492,-0.00037885
0.84837646,0.01363364,-0.00064541
0.84847644,0.01406162,-0.00023762
0.84857648,0.01350939,0.00005690
0.84867651,0.01256691,0.00000795
0.84877649,0.01373722,0.00010152
0.84887653,0.01399474,0.00022143
0.84897650,0.01455244,0.00002921
0.84907654,0.01424973,-0.00009812
0.84917651,0.01528506,-0.00032740
0.84927655,0.01446522,-0.00016594
0.84937653,0.01395452,-0.00021217
0.84947656,0.01505824,-0.00022789
0.84957654,0.01470036,-0.00017585
0.84967657,0.01675995,-0.00029714
0.84977661,0.01560979,-0.00027937
0.84987659,0.01695116,-0.00066089
0.84997662,0.01594500,-0.00047055
0.85007660,0.01573043,-0.00051491
0.85017664,0.01633111,-0.00048237
0.85027661,0.01561601,-0.00040356
0.85037665,0.01605038,-0.00000105
0.85047662,0.01739851,-0.00013919
0.85057666,0.01853229,-0.00005855
0.85067664,0.01798874,0.00000449
0.85077667,0.01650970,0.00025370
0.85087671,0.01671946,0.00023562
0.85097668,0.01629825,0.00031130
0.85107672,0.01649955,0.00038677
0.85117670,0.01647614,0.00001686
0.85127673,0.01616467,0.00004394
0.85137671,0.01679636,-0.00007664
0.85147675,0.01778381,-0.00019581
0.85157672,0.01822898,-0.00025263
0.85167676,0.01798731,-0.00035426
0.85177679,0.01932842,-0.00009298
0.85187677,0.01768525,0.00013526
0.85197681,0.01838681,0.00010271
0.85207678,0.01740092,0.00042967
0.85217682,0.01795650,0.00012248
0.85227679,0.01702254,0.00049040
0.85237683,0.01646667,0.00031606
0.85247681,0.01862576,0.00012058
0.85257684,0.01783851,0.00041987
0.85267682,0.01765887,0.00024125
0.85277686,0.01852910,0.00025186
0.85287689,0.01766857,0.00004657
0.85297687,0.01756497,-0.00008797
0.85307690,0.01691425,-0.00010348
0.85317688,0.01833520,-0.00054051
0.85327692,0.01842140,-0.00039785
0.85337689,0.01893091,-0.00068257
0.85347693,0.01894287,-0.00011063
0.85357690,0.01825170,-0.00014642
0.85367694,0.01772576,0.00013231
0.85377692,0.01742228,0.00024637
0.85387695,0.01831219,0.00014652
0.85397699,0.01711383,0.00038817
0.85407697,0.01663793,0.00010280
0.85417700,0.01776879,0.00015981
0.85427698,0.01777851,0.00014465
0.85437701,0.01843800,0.00009146
0.85447699,0.01754997,0.00022176
0.85457703,0.01833469,0.00008980
0.85467700,0.01789593,0.00014835
0.85477704,0.01733977,0.00018046
0.85487701,0.01711338,0.00008575
0.85497705,0.01765346,-0.00021966
0.85507709,0.01925362,-0.00015200
0.85517706,0.01814694,-0.00012348
0.85527710,0.01755437,0.00030560
0.85537708,0.01739702,0.00021236
0.85547711,0.01616121,0.00041505
0.85557709,0.01773301,0.00014207
0.85567712,0.01709908,0.00003595
0.85577710,0.01791217,0.00028110
0.85587714,0.01712831,0.00012418
0.85597717,0.01727235,0.00005672
0.85607715,0.01725779,-0.00009009
0.85617719,0.01508038,0.00008254
0.85627716,0.01594417,-0.00007021
0.85637720,0.01625153,-0.00017816
0.85647717,0.01700635,-0.00023014
0.85657721,0.01605541,-0.00020424
0.85667719,0.01570463,-0.00041059
0.85677722,0.01759415,-0.00034762
0.85687720,0.01753885,-0.00031156
0.85697723,0.01789707,-0.00025208
0.85707727,0.01670911,-0.00014614
0.85717725,0.01482161,0.00026338
0.85727728,0.01542120,0.00049464
0.85737726,0.01577801,0.00010796
0.85747729,0.01720190,0.00009827
0.85757727,0.01585549,0.00007840
0.85767731,0.01551721,0.00027692
0.85777728,0.01601030,0.00012637
0.85787732,0.01609216,-0.00001833
0.85797729,0.01658408,-0.00005386
0.85807733,0.01611345,-0.00002568
0.85817737,0.01678954,-0.00004696
0.85827734,0.01622383,-0.00002326
0.85837738,0.01706159,0.00004476
0.85847736,0.01642173,0.00008354
0.85857739,0.01621176,0.00022566
0.85867737,0.01681552,0.00036553
0.85877740,0.01601692,0.00029599
0.85887738,0.01696744,0.00015892
0.85897742,0.01621088,0.00039866
0.85907739,0.01722292,0.00055867
0.85917743,0.01583969,0.00064935
0.85927747,0.01625947,0.00028801
0.85937744,0.01517839,0.00020115
0.85947748,0.01530413,-0.00000868
0.85957745,0.01605964,-0.00006708
0.85967749,0.01552185,-0.00021425
0.85977747,0.01572690,-0.00038834
0.85987750,0.01529739,-0.00046097
0.85997748,0.01465431,-0.00078226
0.86007751,0.01318568,-0.00050257
0.86017749,0.01189606,-0.00063830
0.86027753,0.00989701,-0.00018718
0.86037756,0.01106855,-0.00049005
0.86047754,0.01087618,-0.00052658
0.86057758,0.01056017,-0.00079506
0.86067755,0.01122415,-0.00091078
0.86077759,0.01087790,-0.00120573
0.86087756,0.01083575,-0.00116274
0.86097760,0.00980647,-0.00112579
0.86107758,0.01062629,-0.00092954
0.86117761,0.01152393,-0.00076909
0.86127765,0.01373473,-0.00164078
0.86137762,0.01447016,-0.00232150
0.86147766,0.01390777,-0.00298727
0.86157764,0.01075455,-0.00266027
0.86167767,0.00496229,-0.00252686
0.86177765,0.00123573,-0.00569826
0.86187769,0.08499704,0.08499700
0.86197766,0.08499707,0.08499717
0.86207770,0.08499712,0.08499696
0.86217767,0.08499703,0.08496880
0.86227771,0.08499718,0.08495755
0.86237775,0.08499710,0.08495387
0.86247772,0.08499714,0.08494933
0.86257776,0.08499730,0.08494335
0.86267773,0.08499915,0.08494335
0.86277777,0.08499889,0.08494335
0.86287775,0.08499882,0.08494335
0.86297778,0.08499824,0.08494335
0.86307776,0.08499800,0.08494335
0.86317780,0.08499781,0.08494478
0.86327777,0.08499756,0.08499584
0.86337781,0.08499735,0.08496249
0.86347784,0.08499740,0.08499566
0.86357782,0.08499733,0.08499547
0.86367786,0.08499723,0.08496316
0.86377783,0.08499731,0.08496613
0.86387787,0.08499718,0.08496095
0.86397784,0.08499710,0.08495986
0.86407788,0.08499712,0.08496636
0.86417786,0.08499714,0.08496751
0.86427789,0.08499715,0.08496314
0.86437787,0.08499704,0.08496069
0.86447791,0.08499698,0.08496198
0.86457794,0.08499698,0.08496164
0.86467792,0.08499698,0.08499611
0.86477795,0.08499698,0.08496163
0.86487793,0.08499697,0.08496136
0.86497797,0.08499702,0.08496154
0.86507794,0.08499697,0.08496120
0.86517798,0.08499704,0.08496110
0.86527795,0.08499704,0.08496125
0.86537799,0.08499699,0.08496054
0.86547803,0.08499702,0.08496023
0.86557800,0.08499709,0.08496077
0.86567804,0.08499704,0.08495993
0.86577802,0.08499711,0.08495992
0.86587805,0.08499704,0.08496065
0.86597803,0.08499707,0.08496004
0.86607806,0.08499712,0.08496004
0.86617804,0.08499711,0.08496007
0.86627808,0.08499712,0.08496026
0.86637805,0.08499718,0.08495978
0.86647809,0.08499712,0.08495939
0.86657812,0.08499716,0.08495942
0.86667810,0.08499723,0.08495943
0.86677814,0.08499715,0.08495944
0.86687811,0.08499718,0.08495901
0.86697815,0.08499721,0.08495981
0.86707813,0.08499724,0.08495934
0.86717816,0.08499721,0.08499592
0.86727814,0.08499718,0.08496291
0.86737817,0.08499726,0.08496622
0.86747815,0.08499726,0.08496677
0.86757819,0.08499718,0.08496121
0.86767822,0.08499730,0.08499601
0.86777820,0.08499715,0.08496077
0.86787823,0.08499727,0.08499596
0.86797821,0.08499731,0.08499597
0.86807825,0.08499721,0.08499592
0.86817822,0.08499721,0.08499610
0.86827826,0.08499730,0.08499600
0.86837823,0.08499724,0.08499619
0.86847827,0.08499721,0.08496241
0.86857825,0.08499726,0.08496175
0.86867828,0.08499725,0.08496249
0.86877832,0.08499723,0.08496372
0.86887830,0.08499727,0.08496334
0.86897833,0.08499724,0.08496299
0.86907831,0.08499724,0.08496474
0.86917834,0.08499723,0.08496369
0.86927832,0.08499724,0.08496509
0.86937836,0.08499727,0.08496577
0.86947833,0.08499722,0.08496522
0.86957837,0.08499724,0.08496574
0.86967841,0.08499724,0.08496591
0.86977838,0.08499721,0.08496591
0.86987842,0.08499724,0.08496621
0.86997839,0.08499724,0.08496648
0.87007843,0.08499723,0.08496646
0.87017841,0.08499724,0.08499666
0.87027844,0.08499725,0.08496688
0.87037842,0.08499724,0.08496708
0.87047845,0.08499724,0.08496727
0.87057843,0.08499724,0.08496719
0.87067847,0.08499725,0.08496739
0.87077850,0.08499724,0.08496778
0.87087848,0.08499723,0.08496775
0.87097852,0.08499723,0.08496771
0.87107849,0.08499722,0.08496771
0.87117853,0.08499723,0.08496813
0.87127850,0.08499723,0.08496812
0.87137854,0.08499724,0.08496831
0.87147852,0.08499722,0.08496827
0.87157855,0.08499724,0.08496831
0.87167853,0.08499724,0.08496831
0.87177856,0.08499721,0.08496842
0.87187860,0.08499723,0.08496871
0.87197858,0.08499723,0.08496893
0.87207861,0.08499722,0.08496881
0.87217859,0.08499722,0.08496884
0.87227863,0.08499722,0.08496908
0.87237860,0.08499721,0.08496916
0.87247864,0.08499721,0.08496920
0.87257861,0.08499721,0.08496926
0.87267865,0.08499721,0.08496930
0.87277863,0.08499721,0.08496944
0.87287866,0.08499721,0.08496939
0.87297870,0.08499721,0.08496943
0.87307867,0.08499721,0.08496943
0.87317871,0.08499721,0.08496944
0.87327869,0.08499721,0.08496962
0.87337872,0.08499721,0.08496949
0.87347870,0.08499721,0.08496952
0.87357874,0.08499721,0.08496957
0.87367871,0.08499721,0.08496964
0.87377875,0.08499720,0.08496968
0.87387878,0.08499721,0.08496961
0.87397876,0.08499721,0.08496974
0.87407880,0.08499720,0.08496967
0.87417877,0.08499720,0.08496968
0.87427881,0.08499720,0.08496980
0.87437878,0.08499721,0.08496977
0.87447882,0.08499721,0.08497000
0.87457880,0.08499721,0.08496989
0.87467883,0.08499720,0.08496986
0.87477881,0.08499720,0.08496980
0.87487885,0.08499721,0.08496987
0.87497888,0.08499721,0.08497003
0.87507886,0.08499720,0.08496994
0.87517889,0.08499720,0.08496992
0.87527887,0.08499720,0.08496998
0.87537891,0.08499720,0.08497009
0.87547888,0.08499719,0.08497007
0.87557892,0.08499720,0.08497005
0.87567889,0.08499720,0.08497005
0.87577893,0.08499721,0.08497012
0.87587891,0.08499720,0.08497012
0.87597894,0.08499720,0.08497015
0.87607898,0.08499720,0.08497009
0.87617896,0.08499720,0.08497020
0.87627899,0.08499720,0.08497021
0.87637897,0.08499720,0.08497028
0.87647900,0.08499720,0.08497021
0.87657898,0.08499720,0.08497032
0.87667902,0.08499720,0.08497028
0.87677899,0.08499720,0.08497031
0.87687903,0.08499721,0.08497036
0.87697900,0.08499720,0.08497038
0.87707904,0.08499719,0.08497042
0.87717908,0.08499721,0.08497254
0.87727905,0.08499728,0.08497459
0.87737909,0.08499732,0.08497433
0.87747906,0.08499734,0.08497413
0.87757910,0.08499736,0.08497419
0.87767908,0.08499738,0.08497426
0.87777911,0.08499739,0.08497445
0.87787909,0.08499740,0.08497453
0.87797913,0.08499742,0.08497476
0.87807916,0.08499742,0.08497502
0.87817914,0.08499743,0.08497515
0.87827917,0.08499742,0.08497484
0.87837915,0.08499742,0.08497529
0.87847919,0.08499742,0.08497509
0.87857916,0.08499739,0.08497493
0.87867920,0.08499737,0.08497415
0.87877917,0.08499735,0.08497440
0.87887921,0.08499733,0.08497410
0.87897919,0.08499731,0.08497385
0.87907922,0.08499729,0.08497275
0.87917926,0.08499727,0.08497341
0.87927924,0.08499727,0.08497333
0.87937927,0.08499726,0.08497313
0.87947925,0.08499724,0.08497228
0.87957928,0.08499723,0.08497261
0.87967926,0.08499723,0.08497276
0.87977930,0.08499722,0.08497268
0.87987927,0.08499721,0.08497213
0.87997931,0.08499721,0.08497229
0.88007928,0.08499721,0.08497237
0.88017932,0.08499720,0.08497230
0.88027936,0.08499720,0.08497205
0.88037933,0.08499719,0.08497211
0.88047937,0.08499719,0.08497211
0.88057935,0.08499718,0.08497203
0.88067938,0.08499718,0.08497199
0.88077936,0.08499718,0.08497196
0.88087939,0.08499718,0.08497194
0.88097937,0.08499718,0.08497191
0.88107941,0.08499718,0.08497185
0.88117938,0.08499718,0.08497185
0.88127942,0.08499718,0.08497185
0.88137946,0.08499718,0.08497182
0.88147943,0.08499717,0.08497182
0.88157947,0.08499717,0.08497178
0.88167944,0.08499717,0.08497181
0.88177948,0.08499717,0.08497180
0.88187946,0.08499717,0.08497176
0.88197949,0.08499717,0.08497172
0.88207947,0.08499717,0.08497178
0.88217950,0.08499717,0.08497174
0.88227948,0.08499717,0.08497172
0.88237952,0.08499717,0.08497169
0.88247955,0.08499717,0.08497172
0.88257953,0.08499717,0.08497170
0.88267957,0.08499717,0.08497170
0.88277954,0.08499717,0.08497169
0.88287958,0.08499717,0.08497168
0.88297955,0.08499717,0.08497169
0.88307959,0.08499717,0.08497168
0.88317957,0.08499717,0.08497168
0.88327960,0.08499717,0.08497168
0.88337964,0.08499717,0.08497169
0.88347961,0.08499717,0.08497168
0.88357965,0.08499717,0.08497168
0.88367963,0.08499717,0.08497168
0.88377966,0.08499717,0.08497167
0.88387964,0.08499717,0.08497168
0.88397968,0.08499717,0.08497167
0.88407965,0.08499717,0.08497167
0.88417969,0.08499717,0.08497167
0.88427966,0.08499717,0.08497167
0.88437970,0.08499717,0.08497168
0.88447974,0.08499717,0.08497167
0.88457971,0.08499717,0.08497167
0.88467975,0.08499717,0.08497168
0.88477972,0.08499717,0.08497167
0.88487976,0.08499717,0.08497168
0.88497974,0.08499717,0.08497168
0.88507977,0.08499717,0.08497168
0.88517975,0.08499717,0.08497168
0.88527979,0.08499717,0.08497167
0.88537976,0.08499717,0.08497168
0.88547980,0.08499717,0.08497168
0.88557983,0.08499717,0.08497167
0.88567981,0.08499717,0.08497167
0.88577985,0.08499717,0.08497168
0.88587982,0.08499717,0.08497167
0.88597986,0.08499717,0.08497168
0.88607983,0.08499717,0.08497168
0.88617987,0.08499717,0.08497168
0.88627985,0.08499717,0.08497168
0.88637988,0.08499717,0.08497168
0.88647986,0.08499717,0.08497167
0.88657990,0.08499717,0.08497167
0.88667993,0.08499717,0.08497168
0.88677991,0.08499717,0.08497168
0.88687994,0.08499717,0.08497168
0.88697992,0.08499717,0.08497168
0.88707996,0.08499717,0.08497168
0.88717993,0.08499717,0.08497167
0.88727997,0.08499717,0.08497167
0.88737994,0.08499717,0.08497168
0.88747998,0.08499717,0.08497167
0.88758002,0.08499717,0.08497167
0.88767999,0.08499717,0.08497167
0.88778003,0.08499717,0.08497168
0.88788000,0.08499717,0.08497168
0.88798004,0.08499717,0.08497167
0.88808002,0.08499717,0.08497167
0.88818005,0.08499717,0.08497167
0.88828003,0.08499717,0.08499717
0.88838007,0.08499717,0.08499717
0.88848004,0.08499717,0.08497167
0.88858008,0.08499717,0.08497167
0.88868011,0.08499717,0.08497167
0.88878009,0.08499717,0.08497168
0.88888013,0.08499717,0.08497167
0.88898010,0.08499717,0.08497167
0.88908014,0.08499717,0.08497167
0.88918011,0.08499717,0.08497167
0.88928015,0.08499717,0.08497167
0.88938013,0.08499717,0.08497168
0.88948016,0.08499717,0.08497167
0.88958014,0.08499717,0.08497167
0.88968018,0.08499717,0.08497167
0.88978021,0.08499717,0.08497167
0.88988019,0.08499717,0.08497167
0.88998022,0.08499717,0.08497168
0.89008020,0.08499717,0.08497168
0.89018024,0.08499717,0.08499717
0.89028021,0.08499717,0.08497168
0.89038025,0.08499717,0.08497168
0.89048022,0.08499717,0.08497167
0.89058026,0.08499717,0.08497167
0.89068024,0.08499717,0.08497167
0.89078027,0.08499717,0.08497167
0.89088031,0.08499717,0.08497167
0.89098029,0.08499717,0.08497168
0.89108032,0.08499717,0.08497167
0.89118030,0.08499717,0.08497168
0.89128033,0.08499717,0.08497167
0.89138031,0.08499717,0.08497167
0.89148035,0.08499717,0.08497168
0.89158032,0.08499717,0.08497168
0.89168036,0.08499717,0.08497168
0.89178040,0.08499717,0.08497168
0.89188037,0.08499717,0.08497168
0.89198041,0.08499717,0.08497168
0.89208038,0.08499717,0.08497167
0.89218042,0.08499717,0.08497167
0.89228040,0.08499717,0.08497167
0.89238043,0.08499717,0.08497167
0.89248041,0.08499717,0.08497168
0.89258044,0.08499717,0.08497167
0.89268042,0.08499717,0.08497167
0.89278046,0.08499717,0.08497167
0.89288049,0.08499717,0.08497167
0.89298047,0.08499717,0.08497167
0.89308051,0.08499717,0.08497167
0.89318048,0.08499717,0.08497168
0.89328052,0.08499717,0.08497168
0.89338049,0.08499717,0.08497168
0.89348053,0.08499717,0.08497168
0.89358051,0.08499717,0.08497168
0.89368054,0.08499717,0.08497167
0.89378052,0.08499717,0.08497168
0.89388055,0.08499717,0.08497167
0.89398059,0.08499717,0.08497167
0.89408057,0.08499717,0.08497168
0.89418060,0.08499717,0.08497167
0.89428058,0.08499717,0.08497167
0.89438062,0.08499717,0.08497167
0.89448059,0.08499717,0.08497167
0.89458063,0.08499717,0.08497168
0.89468060,0.08499717,0.08497167
0.89478064,0.08499717,0.08497167
0.89488062,0.08499717,0.08497168
0.89498065,0.08499717,0.08497167
0.89508069,0.08499717,0.08497168
0.89518066,0.08499717,0.08497168
0.89528070,0.08499717,0.08497167
0.89538068,0.08499717,0.08497167
0.89548071,0.08499717,0.08497167
0.89558069,0.08499717,0.08497167
0.89568073,0.08499717,0.08497167
0.89578070,0.08499717,0.08497167
0.89588074,0.08499717,0.08497167
0.89598077,0.08499717,0.08497167
0.89608075,0.08499717,0.08497167
0.89618079,0.08499717,0.08497167
0.89628076,0.08499717,0.08497167
0.89638080,0.08499717,0.08497167
0.89648077,0.08499717,0.08497168
0.89658081,0.08499717,0.08497168
0.89668079,0.08499717,0.08497167
0.89678082,0.08499717,0.08497168
0.89688080,0.08499717,0.08497167
0.89698083,0.08499717,0.08497167
0.89708087,0.08499717,0.08497168
0.89718085,0.08499717,0.08497167
0.89728088,0.08499717,0.08497167
0.89738086,0.08499717,0.08497168
0.89748090,0.08499717,0.08497167
0.89758087,0.08499717,0.08497168
0.89768091,0.08499717,0.08497167
0.89778088,0.08499717,0.08497167
0.89788092,0.08499717,0.08497167
0.89798090,0.08499717,0.08497167
0.89808093,0.08499717,0.08497167
0.89818097,0.08499717,0.08497168
0.89828094,0.08499717,0.08497168
0.89838098,0.08499717,0.08497168
0.89848096,0.08499717,0.08497168
0.89858099,0.08499717,0.08497167
0.89868097,0.08499717,0.08497167
0.89878101,0.08499717,0.08497167
0.89888098,0.08499717,0.08497167
0.89898102,0.08499717,0.08497167
0.89908099,0.08499717,0.08497168
0.89918103,0.08499717,0.08497168
0.89928107,0.08499717,0.08497167
0.89938104,0.08499717,0.08497168
0.89948108,0.08499717,0.08497168
0.89958105,0.08499717,0.08497167
0.89968109,0.08499717,0.08497167
0.89978107,0.08499717,0.08497167
0.89988110,0.08499717,0.08497167
0.89998108,0.08499717,0.08497168
0.90008112,0.08499717,0.08497168
0.90018109,0.08499717,0.08497168
0.90028113,0.08499717,0.08497167
0.90038116,0.08499717,0.08497167
0.90048114,0.08499717,0.08497167
0.90058118,0.08499717,0.08497167
0.90068115,0.08499717,0.08497167
0.90078119,0.08499717,0.08497167
0.90088116,0.08499717,0.08497167
0.90098120,0.08499717,0.08497167
0.90108118,0.08499717,0.08497167
0.90118121,0.08499717,0.08497168
0.90128125,0.08499717,0.08497168
0.90138123,0.08499717,0.08497167
0.90148126,0.08499717,0.08497168
0.90158124,0.08499717,0.08497168
0.90168127,0.08499717,0.08497168
0.90178125,0.08499717,0.08497168
0.90188129,0.08499717,0.08497167
0.90198126,0.08499717,0.08497167
0.90208130,0.08499717,0.08497168
0.90218127,0.08499717,0.08497168
0.90228131,0.08499717,0.08497167
0.90238135,0.08499717,0.08497168
0.90248132,0.08499717,0.08497167
0.90258136,0.08499717,0.08497168
0.90268134,0.08499717,0.08497167
0.90278137,0.08499717,0.08497168
0.90288135,0.08499717,0.08497167
0.90298138,0.08499717,0.08497168
0.90308136,0.08499717,0.08497168
0.90318140,0.08499717,0.08497167
0.90328137,0.08499717,0.08497168
0.90338141,0.08499717,0.08497168
0.90348145,0.08499717,0.08497168
0.90358142,0.08499717,0.08497168
0.90368146,0.08499717,0.08497167
0.90378143,0.08499717,0.08497167
0.90388147,0.08499717,0.08497168
0.90398145,0.08499717,0.08497168
0.90408148,0.08499717,0.08497168
0.90418146,0.08499717,0.08497168
0.90428149,0.08499717,0.08497168
0.90438147,0.08499717,0.08497168
0.90448151,0.08499717,0.08497168
0.90458154,0.08499717,0.08497167
0.90468152,0.08499717,0.08497167
0.90478156,0.08499717,0.08497167
0.90488153,0.08499717,0.08497168
0.90498157,0.08499717,0.08497168
0.90508154,0.08499717,0.08497168
0.90518158,0.08499717,0.08497168
0.90528156,0.08499717,0.08497168
0.90538159,0.08499717,0.08497167
0.90548163,0.08499717,0.08497167
0.90558160,0.08499717,0.08497167
0.90568164,0.08499717,0.08497167
0.90578162,0.08499717,0.08497167
0.90588165,0.08499717,0.08497168
0.90598163,0.08499717,0.08497167
0.90608167,0.08499717,0.08497167
0.90618164,0.08499717,0.08497167
0.90628168,0.08499717,0.08497167
0.90638165,0.08499717,0.08497167
0.90648169,0.08499717,0.08497167
0.90658173,0.08499717,0.08497168
0.90668170,0.08499717,0.08497167
0.90678174,0.08499717,0.08497168
0.90688171,0.08499717,0.08497167
0.90698175,0.08499717,0.08497168
0.90708173,0.08499717,0.08497168
0.90718176,0.08499717,0.08497167
0.90728174,0.08499717,0.08497167
0.90738177,0.08499717,0.08497167
0.90748175,0.08499717,0.08497167
0.90758179,0.08499717,0.08497168
0.90768182,0.08499717,0.08497167
0.90778180,0.08499717,0.08497167
0.90788184,0.08499717,0.08497168
0.90798181,0.08499717,0.08497167
0.90808185,0.08499717,0.08497167
0.90818182,0.08499717,0.08497168
0.90828186,0.08499717,0.08497168
0.90838184,0.08499717,0.08497167
0.90848187,0.08499717,0.08497168
0.90858185,0.08499717,0.08497168
0.90868188,0.08499717,0.08497167
0.90878192,0.08499717,0.08497167
0.90888190,0.08499717,0.08497168
0.90898193,0.08499717,0.08497168
0.90908191,0.08499717,0.08497167
0.90918195,0.08499717,0.08497168
0.90928192,0.08499717,0.08497167
0.90938196,0.08499717,0.08497167
0.90948193,0.08499717,0.08497167
0.90958197,0.08499717,0.08497167
0.90968201,0.08499717,0.08497167
0.90978198,0.08499717,0.08497167
0.90988202,0.08499717,0.08497167
0.90998199,0.08499717,0.08497168
0.91008203,0.08499717,0.08497167
0.91018201,0.08499717,0.08497168
0.91028204,0.08499717,0.08497168
0.91038202,0.08499717,0.08497167
0.91048206,0.08499717,0.08497168
0.91058203,0.08499717,0.08497167
0.91068207,0.08499717,0.08497167
0.91078210,0.08499717,0.08497167
0.91088208,0.08499717,0.08497167
0.91098212,0.08499717,0.08497168
0.91108209,0.08499717,0.08497167
0.91118213,0.08499717,0.08497167
0.91128210,0.08499717,0.08497167
0.91138214,0.08499717,0.08497167
0.91148212,0.08499717,0.08497167
0.91158215,0.08499717,0.08497167
0.91168213,0.08499717,0.08497168
0.91178217,0.08499717,0.08497168
0.91188220,0.08499717,0.08497168
0.91198218,0.08499717,0.08497168
0.91208221,0.08499717,0.08497167
0.91218219,0.08499717,0.08497167
0.91228223,0.08499717,0.08497167
0.91238220,0.08499717,0.08497167
0.91248224,0.08499717,0.08497167
0.91258221,0.08499717,0.08497167
0.91268225,0.08499717,0.08497167
0.91278223,0.08499717,0.08497167
0.91288226,0.08499717,0.08497168
0.91298230,0.08499717,0.08497167
0.91308228,0.08499717,0.08497167
0.91318231,0.08499717,0.08497168
0.91328229,0.08499717,0.08497168
0.91338232,0.08499717,0.08497168
0.91348230,0.08499717,0.08497168
0.91358234,0.08499717,0.08497167
0.91368231,0.08499717,0.08497167
0.91378235,0.08499717,0.08497168
0.91388239,0.08499717,0.08497167
0.91398236,0.08499717,0.08497168
0.91408240,0.08499717,0.08497167
0.91418237,0.08499717,0.08497167
0.91428241,0.08499717,0.08497167
0.91438239,0.08499717,0.08497168
0.91448242,0.08499717,0.08497167
0.91458240,0.08499717,0.08497167
0.91468243,0.08499717,0.08497167
0.91478241,0.08499717,0.08497167
0.91488245,0.08499717,0.08497168
0.91498248,0.08499717,0.08497167
0.91508246,0.08499717,0.08497167
0.91518250,0.08499717,0.08497167
0.91528247,0.08499717,0.08497168
0.91538251,0.08499717,0.08497168
0.91548248,0.08499717,0.08497167
0.91558252,0.08499717,0.08497167
0.91568250,0.08499717,0.08497167
0.91578253,0.08499717,0.08497167
0.91588251,0.08499717,0.08497167
0.91598254,0.08499717,0.08497167
0.91608258,0.08499717,0.08497167
0.91618256,0.08499717,0.08497167
0.91628259,0.08499717,0.08497167
0.91638257,0.08499717,0.08497167
0.91648260,0.08499717,0.08497168
0.91658258,0.08499717,0.08497168
0.91668262,0.08499717,0.08497168
0.91678259,0.08499717,0.08497168
0.91688263,0.08499717,0.08497168
0.91698260,0.08499717,0.08497167
0.91708264,0.08499717,0.08497167
0.91718268,0.08499717,0.08497167
0.91728265,0.08499717,0.08497167
0.91738269,0.08499717,0.08497167
0.91748267,0.08499717,0.08497168
0.91758270,0.08499717,0.08497167
0.91768268,0.08499717,0.08497167
0.91778271,0.08499717,0.08497167
0.91788269,0.08499717,0.08497168
0.91798273,0.08499717,0.08497167
0.91808276,0.08499717,0.08497167
0.91818274,0.08499717,0.08497167
0.91828278,0.08499717,0.08497168
0.91838275,0.08499717,0.08497168
0.91848279,0.08499717,0.08497168
0.91858276,0.08499717,0.08497167
0.91868280,0.08499717,0.08497168
0.91878278,0.08499717,0.08497168
0.91888281,0.08499717,0.08497168
0.91898279,0.08499717,0.08497168
0.91908282,0.08499717,0.08497168
0.91918286,0.08499717,0.08497167
0.91928284,0.08499717,0.08497168
0.91938287,0.08499717,0.08497168
0.91948285,0.08499717,0.08497167
0.91958289,0.08499717,0.08497167
0.91968286,0.08499717,0.08497167
0.91978290,0.08499717,0.08497168
0.91988287,0.08499717,0.08497167
0.91998291,0.08499717,0.08497168
0.92008289,0.08499717,0.08497168
0.92018292,0.08499717,0.08497168
0.92028296,0.08499717,0.08497168
0.92038293,0.08499717,0.08497168
0.92048297,0.08499717,0.08497167
0.92058295,0.08499717,0.08497168
0.92068298,0.08499717,0.08497167
0.92078296,0.08499717,0.08497168
0.92088300,0.08499717,0.08497167
0.92098297,0.08499717,0.08497167
0.92108301,0.08499717,0.08497168
0.92118298,0.08499717,0.08497168
0.92128302,0.08499717,0.08497167
0.92138306,0.08499717,0.08497168
0.92148303,0.08499717,0.08497168
0.92158307,0.08499717,0.08497168
0.92168304,0.08499717,0.08497168
0.92178308,0.08499717,0.08497168
0.92188306,0.08499717,0.08497168
0.92198309,0.08499717,0.08497167
0.92208307,0.08499717,0.08497167
0.92218311,0.08499717,0.08497167
0.92228308,0.08499717,0.08497167
0.92238312,0.08499717,0.08497168
0.92248315,0.08499717,0.08497168
0.92258313,0.08499717,0.08497167
0.92268317,0.08499717,0.08497167
0.92278314,0.08499717,0.08497168
0.92288318,0.08499717,0.08497167
0.92298315,0.08499717,0.08497168
0.92308319,0.08499717,0.08497167
0.92318317,0.08499717,0.08497168
0.92328320,0.08499717,0.08497168
0.92338324,0.08499717,0.08497168
0.92348322,0.08499717,0.08497168
0.92358325,0.08499717,0.08497168
0.92368323,0.08499717,0.08497168
0.92378326,0.08499717,0.08497167
0.92388324,0.08499717,0.08497168
0.92398328,0.08499717,0.08497168
0.92408325,0.08499717,0.08497167
0.92418329,0.08499717,0.08497167
0.92428326,0.08499717,0.08497167
0.92438330,0.08499717,0.08497167
0.92448334,0.08499717,0.08497167
0.92458331,0.08499717,0.08497167
0.92468335,0.08499717,0.08497167
0.92478333,0.08499717,0.08497167
0.92488336,0.08499717,0.08497168
0.92498334,0.08499717,0.08497168
0.92508337,0.08499717,0.08497168
0.92518335,0.08499717,0.08497167
0.92528339,0.08499717,0.08497167
0.92538336,0.08499717,0.08497167
0.92548340,0.08499717,0.08497167
0.92558344,0.08499717,0.08497167
0.92568341,0.08499717,0.08497167
0.92578345,0.08499717,0.08497168
0.92588342,0.08499717,0.08497167
0.92598346,0.08499717,0.08497167
0.92608344,0.08499717,0.08497167
0.92618347,0.08499717,0.08497167
0.92628345,0.08499717,0.08497167
0.92638348,0.08499717,0.08497167
0.92648346,0.08499717,0.08497167
0.92658350,0.08499717,0.08497167
0.92668353,0.08499717,0.08497168
0.92678351,0.08499717,0.08497168
0.92688354,0.08499717,0.08497168
0.92698352,0.08499717,0.08497167
0.92708356,0.08499717,0.08497167
0.92718353,0.08499717,0.08497167
0.92728357,0.08499717,0.08497167
0.92738354,0.08499717,0.08497167
0.92748358,0.08499717,0.08497167
0.92758362,0.08499717,0.08497167
0.92768359,0.08499717,0.08497167
0.92778363,0.08499717,0.08497167
0.92788361,0.08499717,0.08497167
0.92798364,0.08499717,0.08497167
0.92808362,0.08499717,0.08497167
0.92818365,0.08499717,0.08497167
0.92828363,0.08499717,0.08497168
0.92838367,0.08499717,0.08497167
0.92848364,0.08499717,0.08497168
0.92858368,0.08499717,0.08497167
0.92868372,0.08499717,0.08497167
0.92878369,0.08499717,0.08497167
0.92888373,0.08499717,0.08497167
0.92898370,0.08499717,0.08497167
0.92908374,0.08499717,0.08497167
0.92918372,0.08499717,0.08497167
0.92928375,0.08499717,0.08497167
0.92938373,0.08499717,0.08497167
0.92948376,0.08499717,0.08497167
0.92958374,0.08499717,0.08497167
0.92968378,0.08499717,0.08497168
0.92978381,0.08499717,0.08497167
0.92988379,0.08499717,0.08497167
0.92998383,0.08499717,0.08497168
0.93008380,0.08499717,0.08497167
0.93018384,0.08499717,0.08497168
0.93028381,0.08499717,0.08497167
0.93038385,0.08499717,0.08497167
0.93048383,0.08499717,0.08497167
0.93058386,0.08499717,0.08497167
0.93068384,0.08499717,0.08497167
0.93078387,0.08499717,0.08497167
0.93088391,0.08499717,0.08497167
0.93098389,0.08499717,0.08497167
0.93108392,0.08499717,0.08497167
0.93118390,0.08499717,0.08497167
0.93128394,0.08499717,0.08497167
0.93138391,0.08499717,0.08497167
0.93148395,0.08499717,0.08497167
0.93158392,0.08499717,0.08497168
0.93168396,0.08499717,0.08497167
0.93178400,0.08499717,0.08497168
0.93188397,0.08499717,0.08497167
0.93198401,0.08499717,0.08497167
0.93208398,0.08499717,0.08497167
0.93218402,0.08499717,0.08497167
0.93228400,0.08499717,0.08497167
0.93238403,0.08499717,0.08497167
0.93248401,0.08499717,0.08497167
0.93258405,0.08499717,0.08497167
0.93268402,0.08499717,0.08497167
0.93278406,0.08499717,0.08497167
0.93288409,0.08499717,0.08497167
0.93298407,0.08499717,0.08497167
0.93308411,0.08499717,0.08497167
0.93318408,0.08499717,0.08497168
0.93328412,0.08499717,0.08497168
0.93338409,0.08499717,0.08497168
0.93348413,0.08499717,0.08497168
0.93358411,0.08499717,0.08497167
0.93368414,0.08499717,0.08497167
0.93378412,0.08499717,0.08497168
0.93388416,0.08499717,0.08497167
0.93398419,0.08499717,0.08497167
0.93408417,0.08499717,0.08497167
0.93418420,0.08499717,0.08497167
0.93428418,0.08499717,0.08497167
0.93438422,0.08499717,0.08497167
0.93448419,0.08499717,0.08497167
0.93458423,0.08499717,0.08497167
0.93468420,0.08499717,0.08497167
0.93478424,0.08499717,0.08497167
0.93488422,0.08499717,0.08497168
0.93498425,0.08499717,0.08497167
0.93508429,0.08499717,0.08497168
0.93518427,0.08499717,0.08497168
0.93528430,0.08499717,0.08497168
0.93538428,0.08499717,0.08497167
0.93548431,0.08499717,0.08497167
0.93558429,0.08499717,0.08497167
0.93568433,0.08499717,0.08497167
0.93578430,0.08499717,0.08497168
0.93588434,0.08499717,0.08497167
0.93598437,0.08499717,0.08497167
0.93608435,0.08499717,0.08497167
0.93618439,0.08499717,0.08497167
0.93628436,0.08499717,0.08497167
0.93638440,0.08499717,0.08497167
0.93648438,0.08499717,0.08497167
0.93658441,0.08499717,0.08497168
0.93668439,0.08499717,0.08497168
0.93678442,0.08499717,0.08497168
0.93688440,0.08499717,0.08497167
0.93698444,0.08499717,0.08497167
0.93708447,0.08499717,0.08497167
0.93718445,0.08499717,0.08497167
0.93728448,0.08499717,0.08497167
0.93738446,0.08499717,0.08497167
0.93748450,0.08499717,0.08497167
0.93758447,0.08499717,0.08497167
0.93768451,0.08499717,0.08497167
0.93778448,0.08499717,0.08497167
0.93788452,0.08499717,0.08497167
0.93798450,0.08499717,0.08497167
0.93808453,0.08499717,0.08497167
0.93818457,0.08499717,0.08497167
0.93828455,0.08499717,0.08497167
0.93838458,0.08499717,0.08497168
0.93848456,0.08499717,0.08497168
0.93858459,0.08499717,0.08497167
0.93868457,0.08499717,0.08497167
0.93878461,0.08499717,0.08497167
0.93888458,0.08499717,0.08497168
0.93898462,0.08499717,0.08497167
0.93908459,0.08499717,0.08497168
0.93918463,0.08499717,0.08497167
0.93928467,0.08499717,0.08497168
0.93938464,0.08499717,0.08497167
0.93948468,0.08499717,0.08497167
0.93958466,0.08499717,0.08497167
0.93968469,0.08499717,0.08497167
0.93978467,0.08499717,0.08497167
0.93988470,0.08499717,0.08497168
0.93998468,0.08499717,0.08497168
0.94008472,0.08499717,0.08497168
0.94018469,0.08499717,0.08497168
0.94028473,0.08499717,0.08497167
0.94038477,0.08499717,0.08497168
0.94048474,0.08499717,0.08497167
0.94058478,0.08499717,0.08497167
0.94068475,0.08499717,0.08497167
0.94078479,0.08499717,0.08497167
0.94088477,0.08499717,0.08497168
0.94098480,0.08499717,0.08497167
0.94108478,0.08499717,0.08497167
0.94118481,0.08499717,0.08497167
0.94128485,0.08499717,0.08497167
0.94138483,0.08499717,0.08497167
0.94148486,0.08499717,0.08497167
0.94158484,0.08499717,0.08497167
0.94168488,0.08499717,0.08497167
0.94178485,0.08499717,0.08497168
0.94188489,0.08499717,0.08497168
0.94198486,0.08499717,0.08497167
0.94208490,0.08499717,0.08497168
0.94218488,0.08499717,0.08497167
0.94228491,0.08499717,0.08497167
0.94238495,0.08499717,0.08497167
0.94248492,0.08499717,0.08497168
0.94258496,0.08499717,0.08497167
0.94268494,0.08499717,0.08497167
0.94278497,0.08499717,0.08497168
0.94288495,0.08499717,0.08497168
0.94298499,0.08499717,0.08497167
0.94308496,0.08499717,0.08497168
0.94318500,0.08499717,0.08497168
0.94328497,0.08499717,0.08497168
0.94338501,0.08499717,0.08497168
0.94348505,0.08499717,0.08497168
0.94358502,0.08499717,0.08497168
0.94368506,0.08499717,0.08497167
0.94378503,0.08499717,0.08497167
0.94388507,0.08499717,0.08497168
0.94398505,0.08499717,0.08497167
0.94408508,0.08499717,0.08497167
0.94418506,0.08499717,0.08497167
0.94428510,0.08499717,0.08497167
0.94438507,0.08499717,0.08497167
0.94448511,0.08499717,0.08497167
0.94458514,0.08499717,0.08497167
0.94468512,0.08499717,0.08497167
0.94478516,0.08499717,0.08497167
0.94488513,0.08499717,0.08497168
0.94498517,0.08499717,0.08497167
0.94508514,0.08499717,0.08497168
0.94518518,0.08499717,0.08497168
0.94528516,0.08499717,0.08497167
0.94538519,0.08499717,0.08497167
0.94548523,0.08499717,0.08497167
0.94558521,0.08499717,0.08497167
0.94568524,0.08499717,0.08497167
0.94578522,0.08499717,0.08497167
0.94588525,0.08499717,0.08497167
0.94598523,0.08499717,0.08497167
0.94608527,0.08499717,0.08497167
0.94618524,0.08499717,0.08497167
0.94628528,0.08499717,0.08497167
0.94638525,0.08499717,0.08497167
0.94648529,0.08499717,0.08497167
0.94658533,0.08499717,0.08497168
0.94668530,0.08499717,0.08497167
0.94678534,0.08499717,0.08497168
0.94688531,0.08499717,0.08497168
0.94698535,0.08499717,0.08497167
0.94708533,0.08499717,0.08497168
0.94718536,0.08499717,0.08497168
0.94728534,0.08499717,0.08497167
0.94738538,0.08499717,0.08497168
0.94748535,0.08499717,0.08497168
0.94758539,0.08499717,0.08497167
0.94768542,0.08499717,0.08497168
0.94778540,0.08499717,0.08497167
0.94788544,0.08499717,0.08497167
0.94798541,0.08499717,0.08497167
0.94808545,0.08499717,0.08497167
0.94818542,0.08499717,0.08497167
0.94828546,0.08499717,0.08497168
0.94838544,0.08499717,0.08497168
0.94848547,0.08499717,0.08497168
0.94858545,0.08499717,0.08497167
0.94868549,0.08499717,0.08497167
0.94878552,0.08499717,0.08497167
0.94888550,0.08499717,0.08497167
0.94898553,0.08499717,0.08497167
0.94908551,0.08499717,0.08497168
0.94918555,0.08499717,0.08497167
0.94928552,0.08499717,0.08497167
0.94938556,0.08499717,0.08497167
0.94948553,0.08499717,0.08497167
0.94958557,0.08499717,0.08497167
0.94968561,0.08499717,0.08497168
0.94978558,0.08499717,0.08497167
0.94988562,0.08499717,0.08497167
0.94998560,0.08499717,0.08497168
0.95008563,0.08499717,0.08497168
0.95018561,0.08499717,0.08497168
0.95028564,0.08499717,0.08497168
0.95038562,0.08499717,0.08497167
0.95048566,0.08499717,0.08497167
0.95058563,0.08499717,0.08497167
0.95068567,0.08499717,0.08497167
0.95078571,0.08499717,0.08497167
0.95088568,0.08499717,0.08497167
0.95098572,0.08499717,0.08497167
0.95108569,0.08499717,0.08497167
0.95118573,0.08499717,0.08497167
0.95128571,0.08499717,0.08497167
0.95138574,0.08499717,0.08497167
0.95148572,0.08499717,0.08497168
0.95158575,0.08499717,0.08497168
0.95168573,0.08499717,0.08497167
0.95178577,0.08499717,0.08497168
0.95188580,0.08499717,0.08497168
0.95198578,0.08499717,0.08497168
0.95208582,0.08499717,0.08497167
0.95218579,0.08499717,0.08497167
0.95228583,0.08499717,0.08497167
0.95238580,0.08499717,0.08497167
0.95248584,0.08499717,0.08497168
0.95258582,0.08499717,0.08497167
0.95268585,0.08499717,0.08497167
0.95278583,0.08499717,0.08497167
0.95288586,0.08499717,0.08497167
0.95298590,0.08499717,0.08497167
0.95308588,0.08499717,0.08497167
0.95318591,0.08499717,0.08497168
0.95328589,0.08499717,0.08497168
0.95338593,0.08499717,0.08497168
0.95348590,0.08499717,0.08497168
0.95358594,0.08499717,0.08497168
0.95368591,0.08499717,0.08497168
0.95378595,0.08499717,0.08497167
0.95388599,0.08499717,0.08497167
0.95398596,0.08499717,0.08497167
0.95408600,0.08499717,0.08497167
0.95418597,0.08499717,0.08497167
0.95428601,0.08499717,0.08497167
0.95438599,0.08499717,0.08497167
0.95448602,0.08499717,0.08497167
0.95458600,0.08499717,0.08497167
0.95468604,0.08499717,0.08497168
0.95478601,0.08499717,0.08497167
0.95488605,0.08499717,0.08497168
0.95498608,0.08499717,0.08497167
0.95508606,0.08499717,0.08497168
0.95518610,0.08499717,0.08497168
0.95528607,0.08499717,0.08497167
0.95538611,0.08499717,0.08497168
0.95548608,0.08499717,0.08497167
0.95558612,0.08499717,0.08497168
0.95568610,0.08499717,0.08497167
0.95578613,0.08499717,0.08497167
0.95588611,0.08499717,0.08497168
0.95598615,0.08499717,0.08497167
0.95608618,0.08499717,0.08497167
0.95618616,0.08499717,0.08497167
0.95628619,0.08499717,0.08497168
0.95638617,0.08499717,0.08497167
0.95648621,0.08499717,0.08497167
0.95658618,0.08499717,0.08497168
0.95668622,0.08499717,0.08497167
0.95678619,0.08499717,0.08497167
0.95688623,0.08499717,0.08497167
0.95698621,0.08499717,0.08497168
0.95708624,0.08499717,0.08497167
0.95718628,0.08499717,0.08497167
0.95728625,0.08499717,0.08497167
0.95738629,0.08499717,0.08497167
0.95748627,0.08499717,0.08497167
0.95758630,0.08499717,0.08497167
0.95768628,0.08499717,0.08497167
0.95778632,0.08499717,0.08497167
0.95788629,0.08499717,0.08497168
0.95798633,0.08499717,0.08497167
0.95808630,0.08499717,0.08497167
0.95818634,0.08499717,0.08497168
0.95828638,0.08499717,0.08497167
0.95838635,0.08499717,0.08497168
0.95848639,0.08499717,0.08497168
0.95858636,0.08499717,0.08497168
0.95868640,0.08499717,0.08497167
0.95878638,0.08499717,0.08497168
0.95888641,0.08499717,0.08497167
0.95898639,0.08499717,0.08497167
0.95908643,0.08499717,0.08497167
0.95918646,0.08499717,0.08497167
0.95928644,0.08499717,0.08497168
0.95938647,0.08499717,0.08497167
0.95948645,0.08499717,0.08497167
0.95958649,0.08499717,0.08497167
0.95968646,0.08499717,0.08497167
0.95978650,0.08499717,0.08497168
0.95988647,0.08499717,0.08497168
0.95998651,0.08499717,0.08497168
0.96008649,0.08499717,0.08497168
0.96018652,0.08499717,0.08497168
0.96028656,0.08499717,0.08497168
0.96038654,0.08499717,0.08497168
0.96048657,0.08499717,0.08497167
0.96058655,0.08499717,0.08497167
0.96068658,0.08499717,0.08497167
0.96078656,0.08499717,0.08497168
0.96088660,0.08499717,0.08497167
0.96098657,0.08499717,0.08497168
0.96108661,0.08499717,0.08497167
0.96118658,0.08499717,0.08497167
0.96128662,0.08499717,0.08497167
0.96138666,0.08499717,0.08497167
0.96148663,0.08499717,0.08497168
0.96158667,0.08499717,0.08497168
0.96168665,0.08499717,0.08497168
0.96178668,0.08499717,0.08497168
0.96188666,0.08499717,0.08497167
0.96198669,0.08499717,0.08497167
0.96208667,0.08499717,0.08497167
0.96218671,0.08499717,0.08497168
0.96228668,0.08499717,0.08497168
0.96238672,0.08499717,0.08497167
0.96248676,0.08499717,0.08497167
0.96258673,0.08499717,0.08497167
0.96268677,0.08499717,0.08497167
0.96278674,0.08499717,0.08497167
0.96288678,0.08499717,0.08497167
0.96298676,0.08499717,0.08497168
0.96308679,0.08499717,0.08497167
0.96318677,0.08499717,0.08497168
0.96328680,0.08499717,0.08497168
0.96338684,0.08499717,0.08497168
0.96348682,0.08499717,0.08497168
0.96358685,0.08499717,0.08497168
0.96368683,0.08499717,0.08497168
0.96378687,0.08499717,0.08497168
0.96388684,0.08499717,0.08497168
0.96398688,0.08499717,0.08497167
0.96408685,0.08499717,0.08497168
0.96418689,0.08499717,0.08497168
0.96428687,0.08499717,0.08497167
0.96438690,0.08499717,0.08497167
0.96448694,0.08499717,0.08497167
0.96458691,0.08499717,0.08497167
0.96468695,0.08499717,0.08497167
0.96478693,0.08499717,0.08497168
0.96488696,0.08499717,0.08497168
0.96498694,0.08499717,0.08497167
0.96508698,0.08499717,0.08497168
0.96518695,0.08499717,0.08497167
0.96528699,0.08499717,0.08497167
0.96538696,0.08499717,0.08497167
0.96548700,0.08499717,0.08497167
0.96558704,0.08499717,0.08497167
0.96568701,0.08499717,0.08497167
0.96578705,0.08499717,0.08497167
0.96588702,0.08499717,0.08497167
0.96598706,0.08499717,0.08497168
0.96608704,0.08499717,0.08497167
0.96618707,0.08499717,0.08497167
0.96628705,0.08499717,0.08497168
0.96638708,0.08499717,0.08497167
0.96648706,0.08499717,0.08497167
0.96658710,0.08499717,0.08497168
0.96668713,0.08499717,0.08497168
0.96678711,0.08499717,0.08497168
0.96688715,0.08499717,0.08497167
0.96698712,0.08499717,0.08497168
0.96708716,0.08499717,0.08497167
0.96718713,0.08499717,0.08497167
0.96728717,0.08499717,0.08497167
0.96738715,0.08499717,0.08497167
0.96748718,0.08499717,0.08497167
0.96758722,0.08499717,0.08497167
0.96768719,0.08499717,0.08497167
0.96778723,0.08499717,0.08497167
0.96788721,0.08499717,0.08497167
0.96798724,0.08499717,0.08497167
0.96808722,0.08499717,0.08497167
0.96818726,0.08499717,0.08497168
0.96828723,0.08499717,0.08497167
0.96838727,0.08499717,0.08497168
0.96848724,0.08499717,0.08497167
0.96858728,0.08499717,0.08497167
0.96868732,0.08499717,0.08497167
0.96878729,0.08499717,0.08497167
0.96888733,0.08499717,0.08497167
0.96898730,0.08499717,0.08497167
0.96908734,0.08499717,0.08497167
0.96918732,0.08499717,0.08497167
0.96928735,0.08499717,0.08497167
0.96938733,0.08499717,0.08497167
0.96948737,0.08499717,0.08497167
0.96958734,0.08499717,0.08497167
0.96968738,0.08499717,0.08497167
0.96978741,0.08499717,0.08497167
0.96988739,0.08499717,0.08497167
0.96998743,0.08499717,0.08497168
0.97008740,0.08499717,0.08497168
0.97018744,0.08499717,0.08497168
0.97028741,0.08499717,0.08497167
0.97038745,0.08499717,0.08497167
0.97048743,0.08499717,0.08497167
0.97058746,0.08499717,0.08497167
0.97068744,0.08499717,0.08497167
0.97078748,0.08499717,0.08497167
0.97088751,0.08499717,0.08497167
0.97098749,0.08499717,0.08497167
0.97108752,0.08499717,0.08497167
0.97118750,0.08499717,0.08497167
0.97128754,0.08499717,0.08497167
0.97138751,0.08499717,0.08497167
0.97148755,0.08499717,0.08497168
0.97158752,0.08499717,0.08497167
0.97168756,0.08499717,0.08497168
0.97178760,0.08499717,0.08497168
0.97188757,0.08499717,0.08497167
0.97198761,0.08499717,0.08497167
0.97208759,0.08499717,0.08497167
0.97218762,0.08499717,0.08497167
0.97228760,0.08499717,0.08497167
0.97238763,0.08499717,0.08497167
0.97248761,0.08499717,0.08497167
0.97258765,0.08499717,0.08497167
0.97268762,0.08499717,0.08497167
0.97278766,0.08499717,0.08497167
0.97288770,0.08499717,0.08497167
0.97298767,0.08499717,0.08497167
0.97308771,0.08499717,0.08497167
0.97318768,0.08499717,0.08497168
0.97328772,0.08499717,0.08497167
0.97338770,0.08499717,0.08497168
0.97348773,0.08499717,0.08497167
0.97358771,0.08499717,0.08497168
0.97368774,0.08499717,0.08497167
0.97378772,0.08499717,0.08497167
0.97388776,0.08499717,0.08497167
0.97398779,0.08499717,0.08497167
0.97408777,0.08499717,0.08497167
0.97418781,0.08499717,0.08497167
0.97428778,0.08499717,0.08497167
0.97438782,0.08499717,0.08497168
0.97448779,0.08499717,0.08497167
0.97458783,0.08499717,0.08497167
0.97468781,0.08499717,0.08497167
0.97478784,0.08499717,0.08497168
0.97488782,0.08499717,0.08497168
0.97498785,0.08499717,0.08497168
0.97508789,0.08499717,0.08497168
0.97518787,0.08499717,0.08497167
0.97528790,0.08499717,0.08497167
0.97538788,0.08499717,0.08497168
0.97548792,0.08499717,0.08497168
0.97558789,0.08499717,0.08497167
0.97568793,0.08499717,0.08497168
0.97578790,0.08499717,0.08497167
0.97588794,0.08499717,0.08497167
0.97598798,0.08499717,0.08497168
0.97608795,0.08499717,0.08497167
0.97618799,0.08499717,0.08497167
0.97628796,0.08499717,0.08497167
0.97638800,0.08499717,0.08497167
0.97648798,0.08499717,0.08497167
0.97658801,0.08499717,0.08497168
0.97668799,0.08499717,0.08497167
0.97678802,0.08499717,0.08497168
0.97688800,0.08499717,0.08497167
0.97698804,0.08499717,0.08497168
0.97708807,0.08499717,0.08497167
0.97718805,0.08499717,0.08497168
0.97728809,0.08499717,0.08497167
0.97738806,0.08499717,0.08497167
0.97748810,0.08499717,0.08497167
0.97758807,0.08499717,0.08497167
0.97768811,0.08499717,0.08497167
0.97778809,0.08499717,0.08497167
0.97788812,0.08499717,0.08497167
0.97798810,0.08499717,0.08497167
0.97808813,0.08499717,0.08497167
0.97818817,0.08499717,0.08497168
0.97828815,0.08499717,0.08497167
0.97838818,0.08499717,0.08497168
0.97848816,0.08499717,0.08497168
0.97858820,0.08499717,0.08497167
0.97868817,0.08499717,0.08497167
0.97878821,0.08499717,0.08497168
0.97888818,0.08499717,0.08497168
0.97898822,0.08499717,0.08497167
0.97908820,0.08499717,0.08497167
0.97918823,0.08499717,0.08497167
0.97928827,0.08499717,0.08497168
0.97938824,0.08499717,0.08497167
0.97948828,0.08499717,0.08497167
0.97958826,0.08499717,0.08497167
0.97968829,0.08499717,0.08497167
0.97978827,0.08499717,0.08497167
0.97988831,0.08499717,0.08497168
0.97998828,0.08499717,0.08497168
0.98008832,0.08499717,0.08497168
0.98018829,0.08499717,0.08497168
0.98028833,0.08499717,0.08497167
0.98038837,0.08499717,0.08497167
0.98048834,0.08499717,0.08497168
0.98058838,0.08499717,0.08497167
0.98068835,0.08499717,0.08497167
0.98078839,0.08499717,0.08497168
0.98088837,0.08499717,0.08497167
0.98098840,0.08499717,0.08497167
0.98108838,0.08499717,0.08497167
0.98118842,0.08499717,0.08497167
0.98128845,0.08499717,0.08497168
0.98138843,0.08499717,0.08497167
0.98148846,0.08499717,0.08497168
0.98158844,0.08499717,0.08497168
0.98168848,0.08499717,0.08497168
0.98178845,0.08499717,0.08497168
0.98188849,0.08499717,0.08497168
0.98198846,0.08499717,0.08497167
0.98208850,0.08499717,0.08497168
0.98218848,0.08499717,0.08497168
0.98228851,0.08499717,0.08497167
0.98238855,0.08499717,0.08497167
0.98248853,0.08499717,0.08497167
0.98258856,0.08499717,0.08497167
0.98268854,0.08499717,0.08497168
0.98278857,0.08499717,0.08497167
0.98288855,0.08499717,0.08497167
0.98298859,0.08499717,0.08497167
0.98308856,0.08499717,0.08497167
0.98318860,0.08499717,0.08497168
0.98328857,0.08499717,0.08497168
0.98338861,0.08499717,0.08497168
0.98348865,0.08499717,0.08497167
0.98358862,0.08499717,0.08497168
0.98368866,0.08499717,0.08497167
0.98378864,0.08499717,0.08497167
0.98388867,0.08499717,0.08497167
0.98398865,0.08499717,0.08497167
0.98408868,0.08499717,0.08497167
0.98418866,0.08499717,0.08497167
0.98428870,0.08499717,0.08497167
0.98438867,0.08499717,0.08497167
0.98448871,0.08499717,0.08497167
0.98458875,0.08499717,0.08497167
0.98468872,0.08499717,0.08497167
0.98478876,0.08499717,0.08497168
0.98488873,0.08499717,0.08497168
0.98498877,0.08499717,0.08497168
0.98508875,0.08499717,0.08497168
0.98518878,0.08499717,0.08497168
0.98528876,0.08499717,0.08497168
0.98538879,0.08499717,0.08497168
0.98548883,0.08499717,0.08497167
0.98558881,0.08499717,0.08497168
0.98568884,0.08499717,0.08497167
0.98578882,0.08499717,0.08497167
0.98588885,0.08499717,0.08497167
0.98598883,0.08499717,0.08497167
0.98608887,0.08499717,0.08497167
0.98618884,0.08499717,0.08497167
0.98628888,0.08499717,0.08497167
0.98638885,0.08499717,0.08497167
0.98648889,0.08499717,0.08497168
0.98658893,0.08499717,0.08497168
0.98668890,0.08499717,0.08497168
0.98678894,0.08499717,0.08497168
0.98688892,0.08499717,0.08497168
0.98698895,0.08499717,0.08497168
0.98708893,0.08499717,0.08497167
0.98718896,0.08499717,0.08497167
0.98728894,0.08499717,0.08497168
0.98738898,0.08499717,0.08497167
0.98748895,0.08499717,0.08497167
0.98758899,0.08499717,0.08497167
0.98768903,0.08499717,0.08497168
0.98778900,0.08499717,0.08497167
0.98788904,0.08499717,0.08497167
0.98798901,0.08499717,0.08497167
0.98808905,0.08499717,0.08497167
0.98818903,0.08499717,0.08497168
0.98828906,0.08499717,0.08497168
0.98838904,0.08499717,0.08497168
0.98848907,0.08499717,0.08497167
0.98858905,0.08499717,0.08497167
0.98868909,0.08499717,0.08497167
0.98878912,0.08499717,0.08497167
0.98888910,0.08499717,0.08497167
0.98898914,0.08499717,0.08497167
0.98908911,0.08499717,0.08497167
0.98918915,0.08499717,0.08497167
0.98928912,0.08499717,0.08497167
0.98938916,0.08499717,0.08497167
0.98948914,0.08499717,0.08497167
0.98958917,0.08499717,0.08497167
0.98968921,0.08499717,0.08497167
0.98978918,0.08499717,0.08497167
0.98988922,0.08499717,0.08497167
0.98998920,0.08499717,0.08497167
0.99008923,0.08499717,0.08497168
0.99018921,0.08499717,0.08497168
0.99028925,0.08499717,0.08497168
0.99038922,0.08499717,0.08497167
0.99048926,0.08499717,0.08497168
0.99058923,0.08499717,0.08497167
0.99068927,0.08499717,0.08497167
0.99078931,0.08499717,0.08497167
0.99088928,0.08499717,0.08497167
0.99098932,0.08499717,0.08497167
0.99108929,0.08499717,0.08497167
0.99118933,0.08499717,0.08497167
0.99128931,0.08499717,0.08497167
0.99138934,0.08499717,0.08497167
0.99148932,0.08499717,0.08497168
0.99158936,0.08499717,0.08497167
0.99168933,0.08499717,0.08497168
0.99178937,0.08499717,0.08497167
0.99188940,0.08499717,0.08497167
0.99198938,0.08499717,0.08497167
0.99208942,0.08499717,0.08497167
0.99218939,0.08499717,0.08497167
0.99228943,0.08499717,0.08497167
0.99238940,0.08499717,0.08497167
0.99248944,0.08499717,0.08497167
0.99258942,0.08499717,0.08497168
0.99268945,0.08499717,0.08497167
0.99278943,0.08499717,0.08497167
0.99288947,0.08499717,0.08497167
0.99298950,0.08499717,0.08497167
0.99308948,0.08499717,0.08497167
0.99318951,0.08499717,0.08497168
0.99328949,0.08499717,0.08497167
0.99338953,0.08499717,0.08497168
0.99348950,0.08499717,0.08497167
0.99358954,0.08499717,0.08497167
0.99368951,0.08499717,0.08497167
0.99378955,0.08499717,0.08497167
0.99388959,0.08499717,0.08497167
0.99398956,0.08499717,0.08497167
0.99408960,0.08499717,0.08497167
0.99418958,0.08499717,0.08497167
0.99428961,0.08499717,0.08497167
0.99438959,0.08499717,0.08497167
0.99448962,0.08499717,0.08497167
0.99458960,0.08499717,0.08497167
0.99468964,0.08499717,0.08497167
0.99478961,0.08499717,0.08497167
0.99488965,0.08499717,0.08497168
0.99498969,0.08499717,0.08497167
0.99508966,0.08499717,0.08497168
0.99518970,0.08499717,0.08497167
0.99528967,0.08499717,0.08497167
0.99538971,0.08499717,0.08497167
0.99548969,0.08499717,0.08497167
0.99558972,0.08499717,0.08497168
0.99568970,0.08499717,0.08497167
0.99578973,0.08499717,0.08497168
0.99588971,0.08499717,0.08497167
0.99598975,0.08499717,0.08497167
0.99608978,0.08499717,0.08497167
0.99618976,0.08499717,0.08497167
0.99628979,0.08499717,0.08497167
0.99638977,0.08499717,0.08497167
0.99648981,0.08499717,0.08497168
0.99658978,0.08499717,0.08497168
0.99668982,0.08499717,0.08497167
0.99678979,0.08499717,0.08497168
0.99688983,0.08499717,0.08497167
0.99698981,0.08499717,0.08497167
0.99708984,0.08499717,0.08497167
0.99718988,0.08499717,0.08497167
0.99728986,0.08499717,0.08497168
0.99738989,0.08499717,0.08497167
0.99748987,0.08499717,0.08497167
0.99758990,0.08499717,0.08497167
0.99768988,0.08499717,0.08497167
0.99778992,0.08499717,0.08497167
0.99788989,0.08499717,0.08497167
0.99798993,0.08499717,0.08497167
0.99808990,0.08499717,0.08497167
0.99818994,0.08499717,0.08497168
0.99828998,0.08499717,0.08497168
0.99838995,0.08499717,0.08497168
0.99848999,0.08499717,0.08497167
0.99858997,0.08499717,0.08497168
0.99869000,0.08499717,0.08497167
0.99878998,0.08499717,0.08497167
0.99889001,0.08499717,0.08497167
0.99898999,0.08499717,0.08497167
0.99909003,0.08499717,0.08497167
0.99919006,0.08499717,0.08497167
0.99929004,0.08499717,0.08497167
0.99939008,0.08499717,0.08497167
0.99949005,0.08499717,0.08497168
0.99959009,0.08499717,0.08497167
0.99969006,0.08499717,0.08497167
0.99979010,0.08499717,0.08497168
0.99989008,0.08499717,0.08497168
0.99999011,0.08499717,0.08497168
1.00009009,0.08499717,0.08497168
1.00019012,0.08499717,0.08497168
1.00029016,0.08499717,0.08497168
1.00039014,0.08499717,0.08497168
1.00049017,0.08499717,0.08497167
1.00059015,0.08499717,0.08497167
1.00069019,0.08499717,0.08497167
1.00079016,0.08499717,0.08497167
1.00089020,0.08499717,0.08497167
1.00099017,0.08499717,0.08497167
1.00109021,0.08499717,0.08497167
1.00119019,0.08499717,0.08497167
1.00129022,0.08499717,0.08497167
1.00139026,0.08499717,0.08497167
1.00149023,0.08499717,0.08497168
1.00159027,0.08499717,0.08497167
1.00169025,0.08499717,0.08497168
1.00179028,0.08499717,0.08497168
1.00189026,0.08499717,0.08497168
1.00199030,0.08499717,0.08497167
1.00209027,0.08499717,0.08497167
1.00219031,0.08499717,0.08497167
1.00229028,0.08499717,0.08497167
1.00239032,0.08499717,0.08497168
1.00249036,0.08499717,0.08497167
1.00259033,0.08499717,0.08497167
1.00269037,0.08499717,0.08497168
1.00279034,0.08499717,0.08497168
1.00289038,0.08499717,0.08497167
1.00299036,0.08499717,0.08497167
1.00309039,0.08499717,0.08497167
1.00319037,0.08499717,0.08497168
1.00329041,0.08499717,0.08497167
1.00339044,0.08499717,0.08497168
1.00349042,0.08499717,0.08497168
1.00359045,0.08499717,0.08497167
1.00369043,0.08499717,0.08497167
1.00379047,0.08499717,0.08497167
1.00389044,0.08499717,0.08497167
1.00399048,0.08499717,0.08497168
1.00409045,0.08499717,0.08497167
1.00419049,0.08499717,0.08497167
1.00429047,0.08499717,0.08497167
1.00439050,0.08499717,0.08497168
1.00449054,0.08499717,0.08497167
1.00459052,0.08499717,0.08497167
1.00469055,0.08499717,0.08497168
1.00479053,0.08499717,0.08497168
1.00489056,0.08499717,0.08497168
1.00499054,0.08499717,0.08497168
1.00509058,0.08499717,0.08497167
1.00519055,0.08499717,0.08497168
1.00529059,0.08499717,0.08497168
1.00539056,0.08499717,0.08497168
1.00549060,0.08499717,0.08497167
1.00559064,0.08499717,0.08497167
1.00569061,0.08499717,0.08497167
1.00579065,0.08499717,0.08497167
1.00589062,0.08499717,0.08497167
1.00599066,0.08499717,0.08497168
1.00609064,0.08499717,0.08497167
1.00619067,0.08499717,0.08497167
1.00629065,0.08499717,0.08497167
1.00639069,0.08499717,0.08497167
1.00649066,0.08499717,0.08497168
1.00659070,0.08499717,0.08497168
1.00669073,0.08499717,0.08497168
1.00679071,0.08499717,0.08497168
1.00689075,0.08499717,0.08497168
1.00699072,0.08499717,0.08497167
1.00709076,0.08499717,0.08497167
1.00719073,0.08499717,0.08497167
1.00729077,0.08499717,0.08497167
1.00739075,0.08499717,0.08497167
1.00749078,0.08499717,0.08497167
1.00759082,0.08499717,0.08497167
1.00769080,0.08499717,0.08497167
1.00779083,0.08499717,0.08497167
1.00789081,0.08499717,0.08497167
1.00799084,0.08499717,0.08497168
1.00809082,0.08499717,0.08497167
1.00819086,0.08499717,0.08497168
1.00829083,0.08499717,0.08497168
1.00839087,0.08499717,0.08497168
1.00849084,0.08499717,0.08497167
1.00859088,0.08499717,0.08497167
1.00869092,0.08499717,0.08497167
1.00879089,0.08499717,0.08497167
1.00889093,0.08499717,0.08497167
1.00899091,0.08499717,0.08497167
1.00909094,0.08499717,0.08497167
1.00919092,0.08499717,0.08497167
1.00929095,0.08499717,0.08497167
1.00939093,0.08499717,0.08497167
1.00949097,0.08499717,0.08497167
1.00959094,0.08499717,0.08497167
1.00969098,0.08499717,0.08497167
1.00979102,0.08499717,0.08497167
1.00989099,0.08499717,0.08497168
1.00999103,0.08499717,0.08497168
1.01009100,0.08499717,0.08497168
1.01019104,0.08499717,0.08497168
1.01029102,0.08499717,0.08497167
1.01039105,0.08499717,0.08497168
1.01049103,0.08499717,0.08497167
1.01059106,0.08499717,0.08497167
1.01069104,0.08499717,0.08497167
1.01079108,0.08499717,0.08497167
1.01089111,0.08499717,0.08497167
1.01099109,0.08499717,0.08497167
1.01109113,0.08499717,0.08497167
1.01119110,0.08499717,0.08497167
1.01129114,0.08499717,0.08497167
1.01139111,0.08499717,0.08497167
1.01149115,0.08499717,0.08497167
1.01159113,0.08499717,0.08497167
1.01169116,0.08499717,0.08497168
1.01179120,0.08499717,0.08497167
1.01189117,0.08499717,0.08497167
1.01199121,0.08499717,0.08497167
1.01209119,0.08499717,0.08497167
1.01219122,0.08499717,0.08497167
1.01229120,0.08499717,0.08497167
1.01239124,0.08499717,0.08497167
1.01249121,0.08499717,0.08497167
1.01259125,0.08499717,0.08497167
1.01269122,0.08499717,0.08497167
1.01279126,0.08499717,0.08497167
1.01289130,0.08499717,0.08497167
1.01299127,0.08499717,0.08497167
1.01309131,0.08499717,0.08497167
1.01319128,0.08499717,0.08497167
1.01329132,0.08499717,0.08497167
1.01339130,0.08499717,0.08497168
1.01349133,0.08499717,0.08497168
1.01359131,0.08499717,0.08497167
1.01369135,0.08499717,0.08497167
1.01379132,0.08499717,0.08497167
1.01389136,0.08499717,0.08497167
1.01399139,0.08499717,0.08497167
1.01409137,0.08499717,0.08497167
1.01419141,0.08499717,0.08497167
1.01429138,0.08499717,0.08497167
1.01439142,0.08499717,0.08497167
1.01449139,0.08499717,0.08497167
1.01459143,0.08499717,0.08497167
1.01469141,0.08499717,0.08497167
1.01479144,0.08499717,0.08497167
1.01489142,0.08499717,0.08497168
1.01499146,0.08499717,0.08497167
1.01509149,0.08499717,0.08497167
1.01519147,0.08499717,0.08497168
1.01529150,0.08499717,0.08497167
1.01539148,0.08499717,0.08497167
1.01549152,0.08499717,0.08497167
1.01559149,0.08499717,0.08497167
1.01569153,0.08499717,0.08497167
1.01579150,0.08499717,0.08497167
1.01589154,0.08499717,0.08497167
1.01599158,0.08499717,0.08497167
1.01609155,0.08499717,0.08497167
1.01619159,0.08499717,0.08497167
1.01629156,0.08499717,0.08497167
1.01639160,0.08499717,0.08497167
1.01649158,0.08499717,0.08497168
1.01659161,0.08499717,0.08497167
1.01669159,0.08499717,0.08497167
1.01679163,0.08499717,0.08497168
1.01689160,0.08499717,0.08497168
1.01699164,0.08499717,0.08497167
1.01709167,0.08499717,0.08497167
1.01719165,0.08499717,0.08497167
1.01729169,0.08499717,0.08497167
1.01739166,0.08499717,0.08497167
1.01749170,0.08499717,0.08497167
1.01759167,0.08499717,0.08497167
1.01769171,0.08499717,0.08497167
1.01779169,0.08499717,0.08497167
1.01789172,0.08499717,0.08497167
1.01799170,0.08499717,0.08497167
1.01809174,0.08499717,0.08497167
1.01819177,0.08499717,0.08497167
1.01829175,0.08499717,0.08497167
1.01839178,0.08499717,0.08497168
1.01849176,0.08499717,0.08497167
1.01859180,0.08499717,0.08497167
1.01869177,0.08499717,0.08497167
1.01879181,0.08499717,0.08497167
1.01889178,0.08499717,0.08497167
1.01899182,0.08499717,0.08497167
1.01909180,0.08499717,0.08497167
1.01919183,0.08499717,0.08497167
1.01929187,0.08499717,0.08497168
1.01939185,0.08499717,0.08497167
1.01949188,0.08499717,0.08497168
1.01959186,0.08499717,0.08497168
1.01969189,0.08499717,0.08497167
1.01979187,0.08499717,0.08497167
1.01989191,0.08499717,0.08497168
1.01999188,0.08499717,0.08497167
1.02009192,0.08499717,0.08497168
1.02019189,0.08499717,0.08497168
1.02029193,0.08499717,0.08497167
1.02039197,0.08499717,0.08497168
1.02049194,0.08499717,0.08497168
1.02059198,0.08499717,0.08497167
1.02069196,0.08499717,0.08497168
1.02079199,0.08499717,0.08497167
1.02089197,0.08499717,0.08497167
1.02099200,0.08499717,0.08497167
1.02109198,0.08499717,0.08497167
1.02119202,0.08499717,0.08497168
1.02129205,0.08499717,0.08497167
1.02139203,0.08499717,0.08497168
1.02149207,0.08499717,0.08497168
1.02159204,0.08499717,0.08497168
1.02169208,0.08499717,0.08497168
1.02179205,0.08499717,0.08497168
1.02189209,0.08499717,0.08497168
1.02199207,0.08499717,0.08497167
1.02209210,0.08499717,0.08497168
1.02219208,0.08499717,0.08497168
1.02229211,0.08499717,0.08497168
1.02239215,0.08499717,0.08497167
1.02249213,0.08499717,0.08497167
1.02259216,0.08499717,0.08497167
1.02269214,0.08499717,0.08497168
1.02279218,0.08499717,0.08497167
1.02289215,0.08499717,0.08497168
1.02299219,0.08499717,0.08497167
1.02309216,0.08499717,0.08497168
1.02319220,0.08499717,0.08497168
1.02329218,0.08499717,0.08497168
1.02339221,0.08499717,0.08497168
1.02349225,0.08499717,0.08497168
1.02359222,0.08499717,0.08497168
1.02369226,0.08499717,0.08497168
1.02379224,0.08499717,0.08497167
1.02389227,0.08499717,0.08497167
1.02399225,0.08499717,0.08497167
1.02409229,0.08499717,0.08497167
1.02419226,0.08499717,0.08497168
1.02429224,0.08499717,0.08497168
1.02439233,0.08499717,0.08497168
1.02449231,0.08499717,0.08497168
1.02459229,0.08499717,0.08497167
1.02469238,0.08499717,0.08497167
1.02479236,0.08499717,0.08497168
1.02489233,0.08499717,0.08497168
1.02499231,0.08499717,0.08497168
1.02509241,0.08499717,0.08497167
1.02519238,0.08499717,0.08497167
1.02529236,0.08499717,0.08497167
1.02539233,0.08499717,0.08497167
1.02549243,0.08499717,0.08497167
1.02559241,0.08499717,0.08497167
1.02569238,0.08499717,0.08497167
1.02579248,0.08499717,0.08497167
1.02589246,0.08499717,0.08497167
1.02599243,0.08499717,0.08497167
1.02609241,0.08499717,0.08497167
1.02619250,0.08499717,0.08497167
1.02629248,0.08499717,0.08497168
1.02639246,0.08499717,0.08497167
1.02649243,0.08499717,0.08497168
1.02659253,0.08499717,0.08497168
1.02669250,0.08499717,0.08497168
1.02679248,0.08499717,0.08497168
1.02689258,0.08499717,0.08497168
1.02699255,0.08499717,0.08497168
1.02709253,0.08499717,0.08497168
1.02719250,0.08499717,0.08497167
1.02729260,0.08499717,0.08497168
1.02739258,0.08499717,0.08497167
1.02749255,0.08499717,0.08497168
1.02759265,0.08499717,0.08497168
1.02769263,0.08499717,0.08497167
1.02779260,0.08499717,0.08497167
1.02789258,0.08499717,0.08497167
1.02799268,0.08499717,0.08497167
1.02809265,0.08499717,0.08497167
1.02819263,0.08499717,0.08497168
1.02829260,0.08499717,0.08497168
1.02839270,0.08499717,0.08497168
1.02849268,0.08499717,0.08497168
1.02859265,0.08499717,0.08497168
1.02869275,0.08499717,0.08497167
1.02879272,0.08499717,0.08497167
1.02889270,0.08499717,0.08497167
1.02899268,0.08499717,0.08497167
1.02909277,0.08499717,0.08497167
1.02919275,0.08499717,0.08497167
1.02929272,0.08499717,0.08497167
1.02939270,0.08499717,0.08497167
1.02949280,0.08499717,0.08497167
1.02959277,0.08499717,0.08497167
1.02969275,0.08499717,0.08497167
1.02979285,0.08499717,0.08497167
1.02989282,0.08499717,0.08497168
1.02999280,0.08499717,0.08497167
1.03009277,0.08499717,0.08497168
1.03019287,0.08499717,0.08497168
1.03029285,0.08499717,0.08497167
1.03039282,0.08499717,0.08497167
1.03049280,0.08499717,0.08497167
1.03059290,0.08499717,0.08497167
1.03069287,0.08499717,0.08497167
1.03079285,0.08499717,0.08497167
1.03089294,0.08499717,0.08497167
1.03099292,0.08499717,0.08497167
1.03109290,0.08499717,0.08497167
1.03119287,0.08499717,0.08497167
1.03129297,0.08499717,0.08497167
1.03139294,0.08499717,0.08497167
1.03149292,0.08499717,0.08497167
1.03159290,0.08499717,0.08497167
1.03169299,0.08499717,0.08497168
1.03179297,0.08499717,0.08497167
1.03189294,0.08499717,0.08497167
1.03199304,0.08499717,0.08497167
1.03209302,0.08499717,0.08497167
1.03219299,0.08499717,0.08497167
1.03229297,0.08499717,0.08497167
1.03239307,0.08499717,0.08497167
1.03249304,0.08499717,0.08497167
1.03259302,0.08499717,0.08497167
1.03269299,0.08499717,0.08497167
1.03279309,0.08499717,0.08497167
1.03289307,0.08499717,0.08497167
1.03299304,0.08499717,0.08497167
1.03309314,0.08499717,0.08497167
1.03319312,0.08499717,0.08497168
1.03329309,0.08499717,0.08497168
1.03339307,0.08499717,0.08497168
1.03349316,0.08499717,0.08497167
1.03359314,0.08499717,0.08497167
1.03369312,0.08499717,0.08497167
1.03379309,0.08499717,0.08497167
1.03389319,0.08499717,0.08497167
1.03399316,0.08499717,0.08497167
1.03409314,0.08499717,0.08497167
1.03419324,0.08499717,0.08497167
1.03429321,0.08499717,0.08497167
1.03439319,0.08499717,0.08497167
1.03449316,0.08499717,0.08497167
1.03459326,0.08499717,0.08497167
1.03469324,0.08499717,0.08497167
1.03479321,0.08499717,0.08497168
1.03489319,0.08499717,0.08497167
1.03499329,0.08499717,0.08497168
1.03509326,0.08499717,0.08497167
1.03519324,0.08499717,0.08497167
1.03529333,0.08499717,0.08497167
1.03539331,0.08499717,0.08497167
1.03549329,0.08499717,0.08497167
1.03559326,0.08499717,0.08497167
1.03569336,0.08499717,0.08497167
1.03579333,0.08499717,0.08497167
1.03589331,0.08499717,0.08497167
1.03599329,0.08499717,0.08497167
1.03609338,0.08499717,0.08497167
1.03619336,0.08499717,0.08497167
1.03629333,0.08499717,0.08497167
1.03639343,0.08499717,0.08497167
1.03649341,0.08499717,0.08497168
1.03659338,0.08499717,0.08497168
1.03669336,0.08499717,0.08497167
1.03679346,0.08499717,0.08497168
1.03689343,0.08499717,0.08497168
1.03699341,0.08499717,0.08497167
1.03709351,0.08499717,0.08497167
1.03719348,0.08499717,0.08497167
1.03729346,0.08499717,0.08497167
1.03739343,0.08499717,0.08497167
1.03749353,0.08499717,0.08497167
1.03759351,0.08499717,0.08497167
1.03769348,0.08499717,0.08497167
1.03779346,0.08499717,0.08497167
1.03789355,0.08499717,0.08497167
1.03799353,0.08499717,0.08497167
1.03809351,0.08499717,0.08497167
1.03819360,0.08499717,0.08497167
1.03829358,0.08499717,0.08497167
1.03839355,0.08499717,0.08497168
1.03849353,0.08499717,0.08497167
1.03859363,0.08499717,0.08497167
1.03869360,0.08499717,0.08497167
1.03879358,0.08499717,0.08497168
1.03889355,0.08499717,0.08497167
1.03899365,0.08499717,0.08497167
1.03909363,0.08499717,0.08497167
1.03919360,0.08499717,0.08497167
1.03929370,0.08499717,0.08497167
1.03939368,0.08499717,0.08497167
1.03949365,0.08499717,0.08497167
1.03959363,0.08499717,0.08497167
1.03969373,0.08499717,0.08497168
1.03979370,0.08499717,0.08497168
1.03989368,0.08499717,0.08497168
1.03999365,0.08499717,0.08497168
1.04009375,0.08499717,0.08497168
1.04019373,0.08499717,0.08497168
1.04029370,0.08499717,0.08497167
1.04039380,0.08499717,0.08497167
1.04049377,0.08499717,0.08497167
1.04059375,0.08499717,0.08497167
1.04069373,0.08499717,0.08497168
1.04079382,0.08499717,0.08497167
1.04089380,0.08499717,0.08497168
1.04099377,0.08499717,0.08497167
1.04109375,0.08499717,0.08497167
1.04119385,0.08499717,0.08497167
1.04129382,0.08499717,0.08497168
1.04139380,0.08499717,0.08497168
1.04149390,0.08499717,0.08497168
1.04159387,0.08499717,0.08497168
1.04169385,0.08499717,0.08497168
1.04179382,0.08499717,0.08497167
1.04189392,0.08499717,0.08497167
1.04199390,0.08499717,0.08497168
1.04209387,0.08499717,0.08497167
1.04219385,0.08499717,0.08497167
1.04229395,0.08499717,0.08497168
1.04239392,0.08499717,0.08497167
1.04249390,0.08499717,0.08497167
1.04259399,0.08499717,0.08497167
1.04269397,0.08499717,0.08497167
1.04279395,0.08499717,0.08497168
1.04289392,0.08499717,0.08497167
1.04299402,0.08499717,0.08497167
1.04309399,0.08499717,0.08497167
1.04319397,0.08499717,0.08497168
1.04329395,0.08499717,0.08497168
1.04339404,0.08499717,0.08497168
1.04349402,0.08499717,0.08497168
1.04359399,0.08499717,0.08497167
1.04369409,0.08499717,0.08497167
1.04379407,0.08499717,0.08497167
1.04389404,0.08499717,0.08497167
1.04399402,0.08499717,0.08497167
1.04409412,0.08499717,0.08497168
1.04419409,0.08499717,0.08497167
1.04429407,0.08499717,0.08497167
1.04439404,0.08499717,0.08497167
1.04449414,0.08499717,0.08497167
1.04459412,0.08499717,0.08497168
1.04469409,0.08499717,0.08497167
1.04479419,0.08499717,0.08497168
1.04489417,0.08499717,0.08497168
1.04499414,0.08499717,0.08497168
1.04509412,0.08499717,0.08497168
1.04519421,0.08499717,0.08497167
1.04529419,0.08499717,0.08497167
1.04539417,0.08499717,0.08497168
1.04549426,0.08499717,0.08497168
1.04559424,0.08499717,0.08497168
1.04569421,0.08499717,0.08497167
1.04579419,0.08499717,0.08497168
1.04589429,0.08499717,0.08497168
1.04599426,0.08499717,0.08497167
1.04609424,0.08499717,0.08497168
1.04619421,0.08499717,0.08497168
1.04629431,0.08499717,0.08497168
1.04639429,0.08499717,0.08497167
1.04649426,0.08499717,0.08497168
1.04659436,0.08499717,0.08497168
1.04669434,0.08499717,0.08497168
1.04679431,0.08499717,0.08497168
1.04689429,0.08499717,0.08497168
1.04699438,0.08499717,0.08497167
1.04709436,0.08499717,0.08497167
1.04719434,0.08499717,0.08497168
1.04729431,0.08499717,0.08497167
1.04739441,0.08499717,0.08497168
1.04749438,0.08499717,0.08497167
1.04759436,0.08499717,0.08497167
1.04769446,0.08499717,0.08497167
1.04779443,0.08499717,0.08497167
1.04789441,0.08499717,0.08497167
1.04799438,0.08499717,0.08497168
1.04809448,0.08499717,0.08497167
1.04819446,0.08499717,0.08497168
1.04829443,0.08499717,0.08497167
1.04839441,0.08499717,0.08497168
1.04849451,0.08499717,0.08497167
1.04859448,0.08499717,0.08497167
1.04869446,0.08499717,0.08497167
1.04879456,0.08499717,0.08497167
1.04889453,0.08499717,0.08497167
1.04899451,0.08499717,0.08497167
1.04909448,0.08499717,0.08497167
1.04919458,0.08499717,0.08497167
1.04929456,0.08499717,0.08497167
1.04939453,0.08499717,0.08497167
1.04949451,0.08499717,0.08497167
1.04959460,0.08499717,0.08497167
1.04969458,0.08499717,0.08497167
1.04979456,0.08499717,0.08497167
1.04989465,0.08499717,0.08497167
1.04999463,0.08499717,0.08497167
1.05009460,0.08499717,0.08497168
1.05019458,0.08499717,0.08497168
1.05029468,0.08499717,0.08497167
1.05039465,0.08499717,0.08497167
1.05049463,0.08499717,0.08497167
1.05059460,0.08499717,0.08497167
1.05069470,0.08499717,0.08497167
1.05079468,0.08499717,0.08497167
1.05089465,0.08499717,0.08497167
1.05099475,0.08499717,0.08497167
1.05109473,0.08499717,0.08497168
1.05119470,0.08499717,0.08497167
1.05129468,0.08499717,0.08497167
1.05139478,0.08499717,0.08497167
1.05149475,0.08499717,0.08497167
1.05159473,0.08499717,0.08497167
1.05169470,0.08499717,0.08497168
1.05179480,0.08499717,0.08497168
1.05189478,0.08499717,0.08497168
1.05199475,0.08499717,0.08497167
1.05209485,0.08499717,0.08497167
1.05219482,0.08499717,0.08497167
1.05229480,0.08499717,0.08497167
1.05239478,0.08499717,0.08497167
1.05249487,0.08499717,0.08497167
1.05259485,0.08499717,0.08497167
1.05269482,0.08499717,0.08497167
1.05279480,0.08499717,0.08497167
1.05289490,0.08499717,0.08497167
1.05299487,0.08499717,0.08497167
1.05309485,0.08499717,0.08497167
1.05319495,0.08499717,0.08497167
1.05329492,0.08499717,0.08497168
1.05339490,0.08499717,0.08497168
1.05349487,0.08499717,0.08497167
1.05359497,0.08499717,0.08497167
1.05369495,0.08499717,0.08497168
1.05379492,0.08499717,0.08497168
1.05389502,0.08499717,0.08497167
1.05399500,0.08499717,0.08497167
1.05409497,0.08499717,0.08497167
1.05419495,0.08499717,0.08497167
1.05429504,0.08499717,0.08497167
1.05439502,0.08499717,0.08497167
1.05449500,0.08499717,0.08497168
1.05459497,0.08499717,0.08497168
1.05469507,0.08499717,0.08497168
1.05479504,0.08499717,0.08497168
1.05489502,0.08499717,0.08497168
1.05499512,0.08499717,0.08497168
1.05509509,0.08499717,0.08497167
1.05519507,0.08499717,0.08497168
1.05529504,0.08499717,0.08497167
1.05539514,0.08499717,0.08497167
1.05549512,0.08499717,0.08497167
1.05559509,0.08499717,0.08497167
1.05569507,0.08499717,0.08497167
1.05579517,0.08499717,0.08497167
1.05589514,0.08499717,0.08497167
1.05599512,0.08499717,0.08497167
1.05609521,0.08499717,0.08497167
1.05619519,0.08499717,0.08497167
1.05629517,0.08499717,0.08497167
1.05639514,0.08499717,0.08497167
1.05649524,0.08499717,0.08497168
1.05659521,0.08499717,0.08497168
1.05669519,0.08499717,0.08497168
1.05679517,0.08499717,0.08497168
1.05689526,0.08499717,0.08497168
1.05699524,0.08499717,0.08497168
1.05709521,0.08499717,0.08497167
1.05719531,0.08499717,0.08497167
1.05729529,0.08499717,0.08497167
1.05739526,0.08499717,0.08497167
1.05749524,0.08499717,0.08497168
1.05759534,0.08499717,0.08497167
1.05769531,0.08499717,0.08497167
1.05779529,0.08499717,0.08497167
1.05789526,0.08499717,0.08497167
1.05799536,0.08499717,0.08497167
1.05809534,0.08499717,0.08497168
1.05819531,0.08499717,0.08497168
1.05829541,0.08499717,0.08497168
1.05839539,0.08499717,0.08497167
1.05849536,0.08499717,0.08497168
1.05859534,0.08499717,0.08497167
1.05869543,0.08499717,0.08497167
1.05879541,0.08499717,0.08497167
1.05889539,0.08499717,0.08497167
1.05899536,0.08499717,0.08497167
1.05909546,0.08499717,0.08497168
1.05919543,0.08499717,0.08497167
1.05929541,0.08499717,0.08497167
1.05939551,0.08499717,0.08497168
1.05949548,0.08499717,0.08497167
1.05959546,0.08499717,0.08497167
1.05969543,0.08499717,0.08497167
1.05979553,0.08499717,0.08497167
1.05989551,0.08499717,0.08497168
1.05999548,0.08499717,0.08497168
1.06009546,0.08499717,0.08497168
1.06019556,0.08499717,0.08497168
1.06029553,0.08499717,0.08497167
1.06039551,0.08499717,0.08497167
1.06049561,0.08499717,0.08497168
1.06059558,0.08499717,0.08497167
1.06069556,0.08499717,0.08497167
1.06079553,0.08499717,0.08497167
1.06089563,0.08499717,0.08497167
1.06099561,0.08499717,0.08497168
1.06109558,0.08499717,0.08497167
1.06119556,0.08499717,0.08497167
1.06129565,0.08499717,0.08497167
1.06139563,0.08499717,0.08497168
1.06149561,0.08499717,0.08497168
1.06159570,0.08499717,0.08497168
1.06169568,0.08499717,0.08497168
1.06179565,0.08499717,0.08497168
1.06189563,0.08499717,0.08497168
1.06199573,0.08499717,0.08497167
1.06209570,0.08499717,0.08497167
1.06219568,0.08499717,0.08497168
1.06229565,0.08499717,0.08497168
1.06239575,0.08499717,0.08497167
1.06249573,0.08499717,0.08497167
1.06259570,0.08499717,0.08497167
1.06269580,0.08499717,0.08497167
1.06279578,0.08499717,0.08497168
1.06289575,0.08499717,0.08497167
1.06299573,0.08499717,0.08497168
1.06309583,0.08499717,0.08497168
1.06319580,0.08499717,0.08497168
1.06329578,0.08499717,0.08497168
1.06339587,0.08499717,0.08497168
1.06349585,0.08499717,0.08497168
1.06359583,0.08499717,0.08497168
1.06369580,0.08499717,0.08497167
1.06379590,0.08499717,0.08497167
1.06389587,0.08499717,0.08497167
1.06399585,0.08499717,0.08497167
1.06409583,0.08499717,0.08497167
1.06419592,0.08499717,0.08497167
1.06429590,0.08499717,0.08497168
1.06439587,0.08499717,0.08497167
1.06449597,0.08499717,0.08497167
1.06459595,0.08499717,0.08497168
1.06469592,0.08499717,0.08497167
1.06479590,0.08499717,0.08497168
1.06489600,0.08499717,0.08497167
1.06499597,0.08499717,0.08497168
1.06509595,0.08499717,0.08497168
1.06519592,0.08499717,0.08497167
1.06529602,0.08499717,0.08497167
1.06539600,0.08499717,0.08497167
1.06549597,0.08499717,0.08497167
1.06559607,0.08499717,0.08497168
1.06569604,0.08499717,0.08497167
1.06579602,0.08499717,0.08497167
1.06589600,0.08499717,0.08497167
1.06599609,0.08499717,0.08497167
1.06609607,0.08499717,0.08497167
1.06619604,0.08499717,0.08497167
1.06629602,0.08499717,0.08497167
1.06639612,0.08499717,0.08497167
1.06649609,0.08499717,0.08497168
1.06659607,0.08499717,0.08497167
1.06669617,0.08499717,0.08497168
1.06679614,0.08499717,0.08497168
1.06689612,0.08499717,0.08497167
1.06699609,0.08499717,0.08497168
1.06709619,0.08499717,0.08497167
1.06719617,0.08499717,0.08497167
1.06729614,0.08499717,0.08497167
1.06739612,0.08499717,0.08497167
1.06749622,0.08499717,0.08497167
1.06759619,0.08499717,0.08497167
1.06769617,0.08499717,0.08497167
1.06779626,0.08499717,0.08497167
1.06789624,0.08499717,0.08497167
1.06799622,0.08499717,0.08497167
1.06809619,0.08499717,0.08497167
1.06819629,0.08499717,0.08497168
1.06829626,0.08499717,0.08497168
1.06839624,0.08499717,0.08497168
1.06849622,0.08499717,0.08497167
1.06859631,0.08499717,0.08497167
1.06869629,0.08499717,0.08497167
1.06879626,0.08499717,0.08497167
1.06889636,0.08499717,0.08497167
1.06899634,0.08499717,0.08497167
1.06909631,0.08499717,0.08497167
1.06919629,0.08499717,0.08497167
1.06929639,0.08499717,0.08497167
1.06939636,0.08499717,0.08497167
1.06949634,0.08499717,0.08497167
1.06959631,0.08499717,0.08497167
1.06969641,0.08499717,0.08497167
1.06979639,0.08499717,0.08497167
1.06989636,0.08499717,0.08497168
1.06999646,0.08499717,0.08497167
1.07009644,0.08499717,0.08497168
1.07019641,0.08499717,0.08497167
1.07029639,0.08499717,0.08497167
1.07039648,0.08499717,0.08497167
1.07049646,0.08499717,0.08497167
1.07059644,0.08499717,0.08497167
1.07069641,0.08499717,0.08497167
1.07079651,0.08499717,0.08497167
1.07089648,0.08499717,0.08497167
1.07099646,0.08499717,0.08497167
1.07109656,0.08499717,0.08497167
1.07119653,0.08499717,0.08497167
1.07129651,0.08499717,0.08497167
1.07139648,0.08499717,0.08497168
1.07149658,0.08499717,0.08497167
1.07159656,0.08499717,0.08497168
1.07169653,0.08499717,0.08497168
1.07179663,0.08499717,0.08497167
1.07189661,0.08499717,0.08497167
1.07199658,0.08499717,0.08497167
1.07209656,0.08499717,0.08497167
1.07219666,0.08499717,0.08497167
1.07229663,0.08499717,0.08497167
1.07239661,0.08499717,0.08497167
1.07249658,0.08499717,0.08497167
1.07259668,0.08499717,0.08497167
1.07269666,0.08499717,0.08497167
1.07279663,0.08499717,0.08497167
1.07289673,0.08499717,0.08497167
1.07299670,0.08499717,0.08497167
1.07309668,0.08499717,0.08497168
1.07319666,0.08499717,0.08497167
1.07329675,0.08499717,0.08497168
1.07339673,0.08499717,0.08497168
1.07349670,0.08499717,0.08497167
1.07359668,0.08499717,0.08497167
1.07369678,0.08499717,0.08497167
1.07379675,0.08499717,0.08497167
1.07389673,0.08499717,0.08497168
1.07399683,0.08499717,0.08497167
1.07409680,0.08499717,0.08497167
1.07419678,0.08499717,0.08497167
1.07429675,0.08499717,0.08497167
1.07439685,0.08499717,0.08497167
1.07449683,0.08499717,0.08497167
1.07459680,0.08499717,0.08497167
1.07469678,0.08499717,0.08497167
1.07479688,0.08499717,0.08497168
1.07489685,0.08499717,0.08497167
1.07499683,0.08499717,0.08497167
1.07509692,0.08499717,0.08497167
1.07519690,0.08499717,0.08497167
1.07529688,0.08499717,0.08497167
1.07539685,0.08499717,0.08497167
1.07549695,0.08499717,0.08497167
1.07559692,0.08499717,0.08497167
1.07569690,0.08499717,0.08497167
1.07579687,0.08499717,0.08497167
1.07589697,0.08499717,0.08497167
1.07599695,0.08499717,0.08497167
1.07609692,0.08499717,0.08497167
1.07619702,0.08499717,0.08497167
1.07629700,0.08499717,0.08497167
1.07639697,0.08499717,0.08497167
1.07649695,0.08499717,0.08497168
1.07659705,0.08499717,0.08497168
1.07669702,0.08499717,0.08497168
1.07679700,0.08499717,0.08497168
1.07689697,0.08499717,0.08497167
1.07699707,0.08499717,0.08497167
1.07709705,0.08499717,0.08497167
1.07719702,0.08499717,0.08497167
1.07729712,0.08499717,0.08497167
1.07739709,0.08499717,0.08497167
1.07749707,0.08499717,0.08497167
1.07759705,0.08499717,0.08497167
1.07769714,0.08499717,0.08497167
1.07779712,0.08499717,0.08497167
1.07789709,0.08499717,0.08497167
1.07799707,0.08499717,0.08497168
1.07809717,0.08499717,0.08497168
1.07819714,0.08499717,0.08497168
1.07829712,0.08499717,0.08497168
1.07839722,0.08499717,0.08497168
1.07849719,0.08499717,0.08497168
1.07859717,0.08499717,0.08497167
1.07869714,0.08499717,0.08497167
1.07879724,0.08499717,0.08497167
1.07889722,0.08499717,0.08497167
1.07899719,0.08499717,0.08497168
1.07909717,0.08499717,0.08497167
1.07919727,0.08499717,0.08497168
1.07929724,0.08499717,0.08497167
1.07939722,0.08499717,0.08497167
1.07949731,0.08499717,0.08497167
1.07959729,0.08499717,0.08497167
1.07969727,0.08499717,0.08497167
1.07979724,0.08499717,0.08497168
1.07989734,0.08499717,0.08497168
1.07999731,0.08499717,0.08497168
1.08009729,0.08499717,0.08497168
1.08019727,0.08499717,0.08497168
1.08029736,0.08499717,0.08497168
1.08039734,0.08499717,0.08497168
1.08049731,0.08499717,0.08497168
1.08059741,0.08499717,0.08497168
1.08069739,0.08499717,0.08497167
1.08079736,0.08499717,0.08497167
1.08089734,0.08499717,0.08497167
1.08099744,0.08499717,0.08497167
1.08109741,0.08499717,0.08497167
1.08119739,0.08499717,0.08497168
1.08129749,0.08499717,0.08497167
1.08139746,0.08499717,0.08497168
1.08149744,0.08499717,0.08497168
1.08159741,0.08499717,0.08497168
1.08169751,0.08499717,0.08497168
1.08179749,0.08499717,0.08497168
1.08189746,0.08499717,0.08497167
1.08199744,0.08499717,0.08497167
1.08209753,0.08499717,0.08497167
1.08219751,0.08499717,0.08497167
1.08229749,0.08499717,0.08497167
1.08239758,0.08499717,0.08497167
1.08249756,0.08499717,0.08497167
1.08259753,0.08499717,0.08497167
1.08269751,0.08499717,0.08497167
1.08279761,0.08499717,0.08497167
1.08289758,0.08499717,0.08497167
1.08299756,0.08499717,0.08497167
1.08309753,0.08499717,0.08497168
1.08319763,0.08499717,0.08497168
1.08329761,0.08499717,0.08497168
1.08339758,0.08499717,0.08497168
1.08349768,0.08499717,0.08497167
1.08359766,0.08499717,0.08497167
1.08369763,0.08499717,0.08497168
1.08379761,0.08499717,0.08497167
1.08389771,0.08499717,0.08497168
1.08399768,0.08499717,0.08497167
1.08409766,0.08499717,0.08497167
1.08419763,0.08499717,0.08497168
1.08429773,0.08499717,0.08497168
1.08439771,0.08499717,0.08497167
1.08449768,0.08499717,0.08497167
1.08459778,0.08499717,0.08497168
1.08469775,0.08499717,0.08497168
1.08479773,0.08499717,0.08497168
1.08489771,0.08499717,0.08497167
1.08499780,0.08499717,0.08497168
1.08509778,0.08499717,0.08497168
1.08519775,0.08499717,0.08497168
1.08529773,0.08499717,0.08497168
1.08539783,0.08499717,0.08497167
1.08549780,0.08499717,0.08497168
1.08559778,0.08499717,0.08497167
1.08569788,0.08499717,0.08497168
1.08579785,0.08499717,0.08497167
1.08589783,0.08499717,0.08497167
1.08599780,0.08499717,0.08497168
1.08609790,0.08499717,0.08497167
1.08619788,0.08499717,0.08497168
1.08629785,0.08499717,0.08497168
1.08639783,0.08499717,0.08497167
1.08649792,0.08499717,0.08497168
1.08659790,0.08499717,0.08497168
1.08669788,0.08499717,0.08497168
1.08679797,0.08499717,0.08497168
1.08689795,0.08499717,0.08497167
1.08699792,0.08499717,0.08497167
1.08709790,0.08499717,0.08497168
1.08719800,0.08499717,0.08497168
1.08729797,0.08499717,0.08497167
1.08739795,0.08499717,0.08497167
1.08749792,0.08499717,0.08497168
1.08759802,0.08499717,0.08497167
1.08769800,0.08499717,0.08497168
1.08779797,0.08499717,0.08497167
1.08789807,0.08499717,0.08497167
1.08799805,0.08499717,0.08497167
1.08809802,0.08499717,0.08497167
1.08819800,0.08499717,0.08497167
1.08829810,0.08499717,0.08497168
1.08839807,0.08499717,0.08497167
1.08849805,0.08499717,0.08497167
1.08859802,0.08499717,0.08497167
1.08869812,0.08499717,0.08497167
1.08879810,0.08499717,0.08497167
1.08889807,0.08499717,0.08497167
1.08899817,0.08499717,0.08497167
1.08909814,0.08499717,0.08497167
1.08919812,0.08499717,0.08497167
1.08929810,0.08499717,0.08497167
1.08939819,0.08499717,0.08497167
1.08949817,0.08499717,0.08497167
1.08959814,0.08499717,0.08497167
1.08969824,0.08499717,0.08497167
1.08979822,0.08499717,0.08497167
1.08989819,0.08499717,0.08497167
1.08999817,0.08499717,0.08497167
1.09009827,0.08499717,0.08497168
1.09019824,0.08499717,0.08497167
1.09029822,0.08499717,0.08497167
1.09039819,0.08499717,0.08497167
1.09049829,0.08499717,0.08497168
1.09059827,0.08499717,0.08497167
1.09069824,0.08499717,0.08497168
1.09079834,0.08499717,0.08497167
1.09089832,0.08499717,0.08497167
1.09099829,0.08499717,0.08497167
1.09109827,0.08499717,0.08497167
1.09119836,0.08499717,0.08497167
1.09129834,0.08499717,0.08497167
1.09139832,0.08499717,0.08497167
1.09149829,0.08499717,0.08497168
1.09159839,0.08499717,0.08497167
1.09169836,0.08499717,0.08497167
1.09179834,0.08499717,0.08497167
1.09189844,0.08499717,0.08497168
1.09199841,0.08499717,0.08499717
1.09209839,0.08499717,0.08497167
1.09219836,0.08499717,0.08497168
1.09229846,0.08499717,0.08497167
1.09239844,0.08499717,0.08497167
1.09249841,0.08499717,0.08497167
1.09259839,0.08499717,0.08497168
1.09269849,0.08499717,0.08497167
1.09279846,0.08499717,0.08497167
1.09289844,0.08499717,0.08497167
1.09299854,0.08499717,0.08497167
1.09309851,0.08499717,0.08497168
1.09319849,0.08499717,0.08497167
1.09329846,0.08499717,0.08497167
1.09339856,0.08499717,0.08497167
1.09349854,0.08499717,0.08497167
1.09359851,0.08499717,0.08497167
1.09369849,0.08499717,0.08497167
1.09379858,0.08499717,0.08497167
1.09389856,0.08499717,0.08497167
1.09399854,0.08499717,0.08497167
1.09409863,0.08499717,0.08497167
1.09419861,0.08499717,0.08497167
1.09429858,0.08499717,0.08497167
1.09439856,0.08499717,0.08497167
1.09449866,0.08499717,0.08497167
1.09459863,0.08499717,0.08497167
1.09469861,0.08499717,0.08497167
1.09479858,0.08499717,0.08497167
1.09489868,0.08499717,0.08497167
1.09499866,0.08499717,0.08497167
1.09509863,0.08499717,0.08497167
1.09519873,0.08499717,0.08497167
1.09529871,0.08499717,0.08497167
1.09539868,0.08499717,0.08497167
1.09549866,0.08499717,0.08497167
1.09559875,0.08499717,0.08497167
1.09569873,0.08499717,0.08497167
1.09579871,0.08499717,0.08497168
1.09589868,0.08499717,0.08497168
1.09599878,0.08499717,0.08497167
1.09609875,0.08499717,0.08497167
1.09619873,0.08499717,0.08497167
1.09629883,0.08499717,0.08497167
1.09639880,0.08499717,0.08497168
1.09649878,0.08499717,0.08497168
1.09659875,0.08499717,0.08497168
1.09669885,0.08499717,0.08497168
1.09679883,0.08499717,0.08497168
1.09689880,0.08499717,0.08497167
1.09699878,0.08499717,0.08497167
1.09709888,0.08499717,0.08497168
1.09719885,0.08499717,0.08497167
1.09729883,0.08499717,0.08497167
1.09739893,0.08499717,0.08497168
1.09749890,0.08499717,0.08497167
1.09759888,0.08499717,0.08497167
1.09769885,0.08499717,0.08497167
1.09779895,0.08499717,0.08497167
1.09789893,0.08499717,0.08497167
1.09799890,0.08499717,0.08497168
1.09809888,0.08499717,0.08497167
1.09819897,0.08499717,0.08497167
1.09829895,0.08499717,0.08497167
1.09839893,0.08499717,0.08497167
1.09849902,0.08499717,0.08497167
1.09859900,0.08499717,0.08497168
1.09869897,0.08499717,0.08497167
1.09879895,0.08499717,0.08497167
1.09889905,0.08499717,0.08497167
1.09899902,0.08499717,0.08497167
1.09909900,0.08499717,0.08497168
1.09919910,0.08499717,0.08497168
1.09929907,0.08499717,0.08497167
1.09939905,0.08499717,0.08497168
1.09949902,0.08499717,0.08497168
1.09959912,0.08499717,0.08497168
1.09969910,0.08499717,0.08497168
1.09979907,0.08499717,0.08497168
1.09989905,0.08499717,0.08497167
1.09999915,0.08499717,0.08497168
1.10009912,0.08499717,0.08497167
1.10019910,0.08499717,0.08497168
1.10029919,0.08499717,0.08497168
1.10039917,0.08499717,0.08497168
1.10049915,0.08499717,0.08497168
1.10059912,0.08499717,0.08497168
1.10069922,0.08499717,0.08497168
1.10079919,0.08499717,0.08497167
1.10089917,0.08499717,0.08497167
1.10099915,0.08499717,0.08497168
1.10109924,0.08499717,0.08497168
1.10119922,0.08499717,0.08497168
1.10129919,0.08499717,0.08497168
1.10139929,0.08499717,0.08497168
1.10149927,0.08499717,0.08497168
1.10159924,0.08499717,0.08497168
1.10169922,0.08499717,0.08497168
1.10179932,0.08499717,0.08497168
1.10189929,0.08499717,0.08497168
1.10199927,0.08499717,0.08497168
1.10209924,0.08499717,0.08497168
1.10219934,0.08499717,0.08497168
1.10229932,0.08499717,0.08497168
1.10239929,0.08499717,0.08497168
1.10249939,0.08499717,0.08497167
1.10259937,0.08499717,0.08497168
1.10269934,0.08499717,0.08497168
1.10279932,0.08499717,0.08497167
1.10289941,0.08499717,0.08497168
1.10299939,0.08499717,0.08497168
1.10309937,0.08499717,0.08497167
1.10319934,0.08499717,0.08497168
1.10329944,0.08499717,0.08497168
1.10339941,0.08499717,0.08497167
1.10349939,0.08499717,0.08497168
1.10359949,0.08499717,0.08497168
1.10369946,0.08499717,0.08497167
1.10379944,0.08499717,0.08497168
1.10389941,0.08499717,0.08497168
1.10399951,0.08499717,0.08497168
1.10409949,0.08499717,0.08497168
1.10419946,0.08499717,0.08497168
1.10429944,0.08499717,0.08497168
1.10439954,0.08499717,0.08497168
1.10449951,0.08499717,0.08497168
1.10459949,0.08499717,0.08497168
1.10469958,0.08499717,0.08497167
1.10479956,0.08499717,0.08497168
1.10489954,0.08499717,0.08497168
1.10499951,0.08499717,0.08497168
1.10509961,0.08499717,0.08497168
1.10519958,0.08499717,0.08497168
1.10529956,0.08499717,0.08497168
1.10539954,0.08499717,0.08497168
1.10549963,0.08499717,0.08497168
1.10559961,0.08499717,0.08497168
1.10569958,0.08499717,0.08497168
1.10579968,0.08499717,0.08497168
1.10589966,0.08499717,0.08497168
1.10599963,0.08499717,0.08497168
1.10609961,0.08499717,0.08497168
1.10619971,0.08499717,0.08497168
1.10629968,0.08499717,0.08497168
1.10639966,0.08499717,0.08497168
1.10649963,0.08499717,0.08497168
1.10659973,0.08499717,0.08497168
1.10669971,0.08499717,0.08497168
1.10679968,0.08499717,0.08497168
1.10689978,0.08499717,0.08497168
1.10699976,0.08499717,0.08497167
1.10709973,0.08499717,0.08497168
1.10719971,0.08499717,0.08497168
1.10729980,0.08499717,0.08497168
1.10739978,0.08499717,0.08497168
1.10749976,0.08499717,0.08497168
1.10759985,0.08499717,0.08497167
1.10769983,0.08499717,0.08497167
1.10779980,0.08499717,0.08497167
1.10789978,0.08499717,0.08497167
1.10799988,0.08499717,0.08497167
1.10809985,0.08499717,0.08497167
1.10819983,0.08499717,0.08497168
1.10829980,0.08499717,0.08497167
1.10839990,0.08499717,0.08497167
1.10849988,0.08499717,0.08497168
1.10859985,0.08499717,0.08497168
1.10869995,0.08499717,0.08497167
1.10879993,0.08499717,0.08497168
1.10889990,0.08499717,0.08497168
1.10899988,0.08499717,0.08497168
1.10909998,0.08499717,0.08497168
1.10919995,0.08499717,0.08497167
1.10929993,0.08499717,0.08497167
1.10939990,0.08499717,0.08497167
1.10950000,0.08499717,0.08497167
1.10959998,0.08499717,0.08497168
1.10969995,0.08499717,0.08497167
1.10980005,0.08499717,0.08497167
1.10990002,0.08499717,0.08497167
