#timeI (float64)[1],PositionR (float64)[1],PositionZ (float64)[1]
-0.0010000000000000,0.0000000000000000,0.0000000000000000
-0.0008999871481815,0.0000000000000000,0.0000000000000000
-0.0007999742963629,0.0000000000000000,0.0000000000000000
-0.0006999614445444,0.0000000000000000,0.0000000000000000
-0.0005999485927259,0.0000000000000000,0.0000000000000000
-0.0004999357409073,0.0000000000000000,0.0000000000000000
-0.0003999228890888,0.0000000000000000,0.0000000000000000
-0.0002999100372703,0.0000000000000000,0.0000000000000000
-0.0001998971854517,0.0000085806850620,0.0000004765988137
-0.0000998843336332,0.0000009517669923,-0.0000033380990772
0.0000001285181853,0.0000009517669923,0.0000004765988137
0.0001001413700039,-0.0000524540009792,-0.0000033379790239
0.0002001542218224,-0.0000181217201316,-0.0000071527961154
0.0003001670736409,-0.0000028629299322,0.0000004765988137
0.0004001799254595,0.0000047664639169,0.0000004765988137
0.0005001927772780,0.0000047664639169,0.0000004765988137
0.0006002056290965,-0.0000104923301478,0.0000004765988137
0.0007002184809150,-0.0000028629299322,0.0000004765988137
0.0008002313327336,-0.0000104923301478,0.0000004765988137
0.0009002441845521,-0.0000028629299322,0.0000004765988137
0.0010002570363706,-0.0000028629299322,0.0000004765988137
0.0011002698881892,0.0000047664639169,-0.0000071527961154
0.0012002827400077,0.0000047659877964,0.0000004765988137
0.0013002955918262,0.0000085806850620,0.0000042912961362
0.0014003084436448,-0.0000028629299322,0.0000004765988137
0.0015003212954633,0.0000047664639169,0.0000004765988137
0.0016003341472818,0.0000009517669923,0.0000004765988137
0.0017003469991004,0.0000009517669923,-0.0000033380990772
0.0018003598509189,0.0000543589594599,0.0000004767179860
0.0019003727027374,-0.0000181217201316,0.0000004765988137
0.0020003855545560,-0.0000028629299322,-0.0000033380990772
0.0021003984063745,0.0000009517669923,0.0000004765988137
0.0022004112581930,-0.0000104923301478,-0.0000033380990772
0.0023004241100116,0.0000009517669923,0.0000042912961362
0.0024004369618301,-0.0000066776278800,-0.0000033380990772
0.0025004498136486,0.0000009517669923,-0.0000033380990772
0.0026004626654672,-0.0000028629299322,0.0000004765988137
0.0027004755172857,0.0000009517669923,-0.0000033380990772
0.0028004883691042,0.0000047659877964,-0.0000033380990772
0.0029005012209228,0.0000047664639169,0.0000004765988137
0.0030005140727413,0.0000009531975138,-0.0000033378601074
0.0031005269245598,-0.0000028629299322,-0.0000033380990772
0.0032005397763784,0.0000009517669923,-0.0000033380990772
0.0033005526281969,0.0000047664639169,-0.0000033380990772
0.0034005654800154,0.0000123953795992,-0.0000033378601074
0.0035005783318340,0.0000162100805028,0.0000081059934018
0.0036005911836525,-0.0000066761967901,0.0000920290985960
0.0037006040354710,-0.0008077606908046,0.0000691410314175
0.0038006168872896,-0.0052747600711882,0.0009503337787464
0.0039006297391081,-0.0151433600112796,0.0071453847922385
0.0040006425909266,-0.0355595611035824,0.0266308095306158
0.0041006554427451,-0.0374325700104237,0.0512202791869640
0.0042006682945637,-0.0169133692979813,0.0140575999394059
0.0043006811463822,-0.0293759498745203,0.0431445799767971
0.0044006939982007,-0.0200642999261618,0.0290149897336960
0.0045007068500193,-0.0052404268644750,0.0091976867988706
0.0046007197018378,-0.0032224580645561,0.0015149069949985
0.0047007325536563,-0.0238026995211840,0.0281414203345776
0.0048007454054749,-0.0003423691960052,0.0264667700976133
0.0049007582572934,-0.0084142470732331,0.0231861397624016
0.0050007711091119,-0.0045461552217603,0.0263447090983391
0.0051007839609305,0.0082826372236013,-0.0296701602637768
0.0052007968127490,0.0116128595545888,-0.0347169898450375
0.0053008096645675,0.0106744403019547,-0.0440629683434963
0.0054008225163861,0.0171021893620491,-0.0429452694952488
0.0055008353682046,-0.0118436496704817,-0.0392602793872356
0.0056008482200231,0.0038041940424591,-0.0333093702793121
0.0057008610718417,0.0142869502305984,-0.0398210398852825
0.0058008739236602,0.0122193899005651,-0.0431855991482735
0.0059008867754787,0.0101594598963857,-0.0446542501449585
0.0060008996272973,0.0073098922148347,-0.0448068417608738
0.0061009124791158,0.0014352729776874,-0.0439981184899807
0.0062009253309343,0.0017938549863175,-0.0425637997686863
0.0063009381827529,0.0026750480756164,-0.0422052182257175
0.0064009510345714,0.0095300413668156,-0.0397371202707291
0.0065009638863899,0.0101556498557329,-0.0345415100455284
0.0066009767382085,0.0094003407284617,-0.0342325195670128
0.0067009895900270,0.0109529197216034,-0.0307268295437098
0.0068010024418455,0.0201577600091696,-0.0191835798323154
0.0069010152936641,0.0215730108320713,-0.0086588626727462
0.0070010281454826,0.0259484499692917,-0.0099100805819035
0.0071010409973011,0.0223397593945265,0.0058903540484607
0.0072010538491197,0.0201043505221605,0.0008473373018205
0.0073010667009382,0.0117921503260732,-0.0060648759827018
0.0074010795527567,0.0134667996317148,-0.0002322193031432
0.0075010924045752,0.0094461170956492,0.0001072879967978
0.0076011052563938,0.0010652500204742,-0.0088991876691580
0.0077011181082123,0.0097551057115197,-0.0080828452482820
0.0078011309600308,0.0009088483056985,-0.0109324203804135
0.0079011438118494,0.0309266205877066,-0.0017962410347536
0.0080011566636679,-0.0091924434527755,-0.0033907799515873
0.0081011695154864,-0.0064496849663556,-0.0053782318718731
0.0082011823673050,0.0016565270489082,0.0067181400954723
0.0083011952191235,0.0012063930043951,0.0031895549036562
0.0084012080709420,0.0181550495326519,0.0069432067684829
0.0085012209227606,0.0046129091642797,0.0029454149771482
0.0086012337745791,0.0120858801528811,0.0102581698447466
0.0087012466263976,-0.0028295470401645,0.0057682842016220
0.0088012594782162,-0.0078458571806550,0.0106472698971629
0.0089012723300347,-0.0038061069790274,0.0213703494518995
0.0090012851818532,-0.0016164740081877,0.0193027891218662
0.0091012980336718,-0.0043325331062078,0.0226063095033169
0.0092013108854903,-0.0045003788545728,0.0157360602170229
0.0093013237373088,0.0040597789920866,-0.0092119919136167
0.0094013365891274,-0.0054654949344695,0.0139126395806670
0.0095013494409459,-0.0050229909829795,0.0189327690750360
0.0096013622927644,0.0058641261421144,-0.0088114505633712
0.0097013751445830,-0.0117635400965810,0.0173878204077482
0.0098013879964015,0.0023851310834289,0.0041432268917561
0.0099014008482200,-0.0102147804573178,0.0268863905221224
0.0100014137000386,0.0038881190121174,-0.0181269198656082
0.0101014265518571,-0.0146512603387237,0.0158199798315763
0.0102014394036756,0.0019502559443936,-0.0071711349301040
0.0103014522554942,-0.0053586829453707,0.0058712800964713
0.0104014651073127,-0.0151967601850629,0.0226025003939867
0.0105014779591312,-0.0093488451093435,0.0065846270881593
0.0106014908109497,-0.0041646868921816,0.0077214031480253
0.0107015036627683,0.0060052690096200,-0.0140909804031253
0.0108015165145868,-0.0158986598253250,0.0185436699539423
0.0109015293664053,0.0030259978957474,-0.0003466597117949
0.0110015422182239,0.0018625200027600,-0.0019144959514961
0.0111015550700424,0.0002984981983900,-0.0009798976825550
0.0112015679218609,0.0075998078100383,-0.0019869750831276
0.0113015807736795,-0.0028638769872487,0.0093807922676206
0.0114015936254980,0.0064248847775161,-0.0031847869977355
0.0115016064773165,0.0046357959508896,0.0019612261094153
0.0116016193291351,-0.0073957280255854,0.0082249417901039
0.0117016321809536,0.0003480873128865,-0.0002589219075162
0.0118016450327721,-0.0056485990062356,0.0184368602931499
0.0119016578845907,0.0032014721073210,-0.0005412090104073
0.0120016707364092,-0.0003881459124386,-0.0076021938584745
0.0121016835882277,-0.0046071889810264,0.0015454250387847
0.0122016964400463,-0.0072927279397845,0.0142674101516604
0.0123017092918648,-0.0112981498241425,0.0174297802150249
0.0124017221436833,-0.0009298315271735,0.0047993529587984
0.0125017349955019,-0.0078458590433002,0.0156216202303767
0.0126017478473204,-0.0010976770427078,0.0123791396617889
0.0127017606991389,-0.0161160994321108,0.0199818108230829
0.0128017735509575,0.0074395928531885,-0.0031123079825193
0.0129017864027760,-0.0014410009607673,-0.0057368120178580
0.0130017992545945,0.0026636030524969,0.0005726796225645
0.0131018121064131,-0.0120687196031213,0.0227627102285624
0.0132018249582316,0.0040750368498266,0.0039715659804642
0.0133018378100501,-0.0174245405942202,0.0138935698196292
0.0134018506618687,-0.0032796780578792,0.0079235816374421
0.0135018635136872,0.0036096470430493,0.0063595599494874
0.0136018763655057,-0.0002813350874931,0.0025372430682182
0.0137018892173243,0.0001420964981662,0.0086292987689376
0.0138019020691428,-0.0026578849647194,0.0140690403059125
0.0139019149209613,-0.0037259969394654,0.0131344404071569
0.0140019277727798,0.0010461750207469,-0.0096583105623722
0.0141019406245984,-0.0036115560214967,0.0002980222052429
0.0142019534764169,-0.0042104627937078,0.0053067058324814
0.0143019663282354,-0.0112104099243879,0.0120510701090097
0.0144019791800540,-0.0030736878979951,0.0132793998345733
0.0145019920318725,-0.0038824009243399,0.0117611596360803
0.0146020048836910,0.0033807659056038,-0.0004382122133393
0.0147020177355096,0.0007028526742943,-0.0016894299769774
0.0148020305873281,-0.0004606237926055,0.0123943900689483
0.0149020434391466,-0.0030546130146831,0.0031781110446900
0.0150020562909652,0.0028200049418956,-0.0092653986066580
0.0151020691427837,-0.0006704331026413,0.0116276396438479
0.0152020819946022,-0.0122518204152584,0.0139965601265430
0.0153020948464208,-0.0090131526812911,0.0200466606765985
0.0154021076982393,-0.0001020451018121,0.0083546405658126
0.0155021205500578,-0.0066137169487774,0.0071491999551654
0.0156021334018764,-0.0082921786233783,0.0154079999774694
0.0157021462536949,-0.0024785930290818,0.0091938721016049
0.0158021591055134,-0.0117177702486515,0.0121006602421403
0.0159021719573320,-0.0030164651107043,0.0188068803399801
0.0160021848091505,0.0064782900735736,0.0059971651062369
0.0161021976609690,-0.0050573227927089,0.0112805096432567
0.0162022105127876,-0.0042676818557084,0.0096668936312199
0.0163022233646061,0.0088014360517263,-0.0022768909111619
0.0164022362164246,0.0017442629905418,0.0066418470814824
0.0165022490682432,-0.0029935790225863,0.0146297998726368
0.0166022619200617,-0.0101537397131324,0.0169987194240093
0.0167022747718802,-0.0084829125553370,0.0084156766533852
0.0168022876236988,0.0045518740080297,0.0041584861464798
0.0169023004755173,0.0020570668857545,-0.0011134119704366
0.0170023133273358,-0.0058126309886575,0.0040478589944541
0.0171023261791543,-0.0096921678632498,0.0099415509030223
0.0172023390309729,-0.0033559740986675,0.0039715659804642
0.0173023518827914,-0.0012922269525006,0.0017247149953619
0.0174023647346099,-0.0024518920108676,0.0098042218014598
0.0175023775864285,0.0038652280345559,0.0045246961526573
0.0176023904382470,-0.0080098910257220,0.0115627897903323
0.0177024032900655,-0.0034437119029462,0.0083966022357345
0.0178024161418841,-0.0109014203771949,0.0157742109149694
0.0179024289937026,0.0043344357982278,-0.0000491141108796
0.0180024418455211,-0.0049466979689896,0.0173229705542326
0.0181024546973397,-0.0131444595754147,0.0120701501145959
0.0182024675491582,-0.0026884039398283,0.0033917329274118
0.0183024804009767,-0.0102224098518491,0.0132259996607900
0.0184024932527953,-0.0004377375007607,-0.0050692418590188
0.0185025061046138,0.0012102089822292,0.0042920000851154
0.0186025189564323,-0.0043134582228959,0.0010647739982232
0.0187025318082509,0.0017824090318754,0.0121769597753882
0.0188025446600694,-0.0022268239408731,-0.0023570000194013
0.0189025575118879,-0.0132512701675296,0.0144772101193666
0.0190025703637065,-0.0092153325676918,0.0090679870918393
0.0191025832155250,-0.0030507990159094,0.0021557749714702
0.0192025960673435,-0.0025815919507295,0.0066609201021492
0.0193026089191621,-0.0011167520424351,0.0025753900408745
0.0194026217709806,-0.0040769488550723,0.0048413150943816
0.0195026346227991,-0.0069188890047371,0.0036930940113962
0.0196026474746177,-0.0110273100435734,0.0093464590609074
0.0197026603264362,0.0005769691779278,-0.0003962506889366
0.0198026731782547,-0.0066175311803818,0.0057797268964350
0.0199026860300733,-0.0053205369040370,-0.0022578178904951
0.0200026988818918,-0.0141400899738073,0.0079655433073640
0.0201027117337103,-0.0045957472175360,0.0050549372099340
0.0202027245855289,-0.0117482896894217,0.0136723099276423
0.0203027374373474,-0.0003385544114280,-0.0037836930714548
0.0204027502891659,-0.0063466858118773,0.0114788701757789
0.0205027631409845,-0.0057439659722149,0.0104260202497244
0.0206027759928030,-0.0036115578841418,-0.0006518349982798
0.0207027888446215,-0.0124006001278758,0.0138134602457285
0.0208028016964400,-0.0084371371194720,0.0046086190268397
0.0209028145482586,-0.0087537541985512,0.0065808119252324
0.0210028274000771,-0.0078038959763944,0.0063023399561644
0.0211028402518956,-0.0098600145429373,0.0017590470379218
0.0212028531037142,-0.0009298329823650,0.0007367111975327
0.0213028659555327,0.0056314310058951,0.0039791949093342
0.0214028788073512,-0.0034856731072068,0.0074810781516135
0.0215028916591698,-0.0155820399522781,0.0099568096920848
0.0216029045109883,0.0031175510957837,0.0075802598148584
0.0217029173628068,-0.0160741396248341,0.0194630101323128
0.0218029302146254,0.0146493501961231,0.0013890230329707
0.0219029430664439,0.0019197389483452,0.0069317631423473
0.0220029559182624,-0.0050763972103596,-0.0007319432916120
0.0221029687700810,-0.0090589299798012,0.0054211472161114
0.0222029816218995,-0.0154103897511959,0.0104412697255611
0.0223029944737180,-0.0017538029933348,0.0084728961810470
0.0224030073255366,-0.0022726010065526,0.0108456304296851
0.0225030201773551,-0.0053930138237774,0.0064778150990605
0.0226030330291736,-0.0258855093270540,0.0180248692631721
0.0227030458809922,-0.0061826561577618,0.0032238869462162
0.0228030587328107,0.0063485908322036,-0.0019564579706639
0.0229030715846292,0.0020608808845282,0.0149731198325753
0.0230030844364478,-0.0027151049580425,0.0085301166400313
0.0231030972882663,-0.0042028320021927,-0.0001254080998478
0.0232031101400848,-0.0207318700850010,0.0080914273858070
0.0233031229919034,-0.0226582903414965,0.0099339224398136
0.0234031358437219,-0.0086507564410567,0.0150379696860909
0.0235031486955404,-0.0069837411865592,0.0187763702124357
0.0236031615473590,-0.0093869920819998,0.0193600095808506
0.0237031743991775,0.0025567919947207,0.0053868140093982
0.0238031872509960,-0.0024061140138656,-0.0041918638162315
0.0239032001028145,-0.0143270101398230,0.0172199700027704
0.0240032129546331,-0.0026235529221594,0.0093350159004331
0.0241032258064516,-0.0086087947711349,0.0084042316302657
0.0242032386582701,-0.0064306091517210,0.0015835720114410
0.0243032515100887,-0.0044927489943802,0.0035366909578443
0.0244032643619072,-0.0019025780493394,0.0013928370317444
0.0245032772137257,-0.0039052870124578,-0.0058855861425400
0.0246032900655443,-0.0098561970517039,0.0051922649145126
0.0247033029173628,-0.0104551101103425,0.0080570951104164
0.0248033157691813,-0.0054998248815536,0.0084919696673751
0.0249033286209999,-0.0156659707427025,0.0088352905586362
0.0250033414728184,-0.0021276411134750,-0.0003085129137617
0.0251033543246369,-0.0053663118742406,-0.0013956989860162
0.0252033671764555,-0.0081395898014307,0.0062146019190550
0.0253033800282740,0.0004091254086234,-0.0027308389544487
0.0254033928800925,-0.0014142990112305,-0.0054201940074563
0.0255034057319111,-0.0049352548085153,0.0037350549828261
0.0256034185837296,0.0000658035278320,0.0033612160477787
0.0257034314355481,-0.0143575295805931,0.0167088098824024
0.0258034442873667,-0.0015478120185435,0.0035786530934274
0.0259034571391852,-0.0064802011474967,0.0067410278134048
0.0260034699910037,-0.0129346502944827,0.0103382803499699
0.0261034828428223,-0.0083989882841706,0.0044026249088347
0.0262034956946408,0.0065316972322762,0.0056271399371326
0.0263035085464593,-0.0128659904003143,0.0118183800950646
0.0264035213982779,-0.0032987510785460,0.0103039499372244
0.0265035342500964,-0.0072240661829710,0.0139164598658681
0.0266035471019149,-0.0041379821486771,0.0097202984616160
0.0267035599537335,-0.0088071599602699,0.0151447802782059
0.0268035728055520,-0.0000829710988910,0.0138134602457285
0.0269035856573705,-0.0077123441733420,0.0058827241882682
0.0270035985091890,-0.0058469641953707,0.0040669329464436
0.0271036113610076,-0.0051603182218969,0.0057988008484244
0.0272036242128261,-0.0068998150527477,0.0151905603706837
0.0273036370646446,-0.0188741199672222,0.0209888797253370
0.0274036499164632,0.0018167450325564,0.0082554593682289
0.0275036627682817,-0.0061902841553092,0.0085949655622244
0.0276036756201002,-0.0049810269847512,0.0184292308986187
0.0277036884719188,-0.0018682429799810,0.0132412500679493
0.0278037013237373,-0.0109853502362967,0.0129055604338646
0.0279037141755558,0.0004930447903462,0.0109905898571014
0.0280037270273744,-0.0002965955936816,0.0026402398943901
0.0281037398791929,-0.0033292688895017,0.0095677124336362
0.0282037527310114,-0.0051488759927452,0.0090946899726987
0.0283037655828300,-0.0081968121230602,0.0124935796484351
0.0284037784346485,0.0030107409693301,0.0022740298882127
0.0285037912864670,-0.0020818659104407,0.0099568096920848
0.0286038041382856,-0.0075750150717795,0.0071301260031760
0.0287038169901041,0.0188722107559443,0.0080761685967445
0.0288038298419226,-0.0104627301916480,0.0185665600001812
0.0289038426937412,0.0079355007037520,0.0008282638737001
0.0290038555455597,0.0121163995936513,0.0120587004348636
0.0291038683973782,-0.0021505299955606,0.0014538730029017
0.0292038812491968,-0.0013074839953333,-0.0005869849119335
0.0293038941010153,-0.0174016505479813,0.0195278599858284
0.0294039069528338,-0.0103292204439640,0.0038533110637218
0.0295039198046524,-0.0078496728092432,0.0049710138700902
0.0296039326564709,-0.0130414599552751,0.0102429101243615
0.0297039455082894,-0.0018682429799810,0.0152630396187305
0.0298039583601080,-0.0030317229684442,0.0029301559552550
0.0299039712119265,-0.0107145002111793,0.0175747405737638
0.0300039840637450,-0.0127400998026133,0.0038952720351517
0.0301039969155636,-0.0024671501014382,0.0039181602187455
0.0302040097673821,-0.0083112493157387,0.0070309448055923
0.0303040226192006,-0.0030240940395743,0.0114140203222632
0.0304040354710192,-0.0133580798283219,0.0139927500858903
0.0305040483228377,-0.0059728468768299,0.0270046498626471
0.0306040611746562,0.0136499004438519,0.0109982201829553
0.0307040740264747,-0.0049352548085153,0.0149120902642608
0.0308040868782933,-0.0091161513701081,0.0127110099419951
0.0309040997301118,-0.0057859290391207,0.0145916501060128
0.0310041125819303,-0.0239934306591749,0.0184902604669333
0.0311041254337489,0.0026750480756164,0.0115818697959185
0.0312041382855674,0.0024919440038502,0.0193600095808506
0.0313041511373859,-0.0106611000373960,0.0178303197026253
0.0314041639892045,0.0089273201301694,0.0138134602457285
0.0315041768410230,0.0003786048910115,0.0089077707380056
0.0316041896928415,-0.0086126103997231,0.0186466705054045
0.0317042025446601,0.0028810410294682,0.0168041698634624
0.0318042153964786,-0.0003728886076715,0.0117764202877879
0.0319042282482971,-0.0073308758437634,0.0201076902449131
0.0320042411001157,-0.0174779407680035,0.0243152901530266
0.0321042539519342,-0.0083799147978425,0.0181126091629267
0.0322042668037527,-0.0097455745562911,0.0103649804368615
0.0323042796555713,-0.0144414501264691,0.0206531900912523
0.0324042925073898,-0.0040693189948797,0.0144199896603823
0.0325043053592083,-0.0024824079591781,0.0040287859737873
0.0326043182110269,-0.0143689801916480,0.0140232704579830
0.0327043310628454,-0.0073613929562271,0.0059819058515131
0.0328043439146639,-0.0180882904678583,0.0204777196049690
0.0329043567664825,-0.0082006230950356,0.0140347098931670
0.0330043696183010,-0.0045270808041096,0.0102848699316382
0.0331043824701195,-0.0061635831370950,0.0145916501060128
0.0332043953219381,0.0032358081080019,0.0067715458571911
0.0333044081737566,0.0053300699219108,0.0070347599685192
0.0334044210255751,0.0098619172349572,0.0160107202827930
0.0335044338773937,0.0164880305528641,0.0111622503027320
0.0336044467292122,-0.0023755980655551,-0.0104403197765350
0.0337044595810307,-0.0108022401109338,-0.0149378404021263
0.0338044724328493,0.0074815531261265,-0.0543244816362858
0.0339044852846678,0.0244874302297831,-0.0585778616368771
0.0340044981364863,0.0234765391796827,-0.0724633187055588
0.0341045109883048,0.0251511801034212,-0.0480493195354939
0.0342045238401234,0.0152368098497391,-0.0245203301310539
0.0343045366919419,0.0167398005723953,-0.0089144464582205
0.0344045495437604,0.0082902666181326,0.0004887572722510
0.0345045623955790,0.0012941310415044,0.0038113479968160
0.0346045752473975,0.0004548997967504,0.0057339509949088
0.0347045880992160,-0.0006361003033817,0.0078968787565827
0.0348046009510346,0.0029840369243175,0.0094341970980167
0.0349046138028531,0.0014314589789137,0.0096096731722355
0.0350046266546716,0.0056733908131719,0.0111813200637698
0.0351046395064902,0.0071458611637354,0.0128140095621347
0.0352046523583087,0.0102891596034169,0.0151485996320844
0.0353046652101272,0.0093278624117374,0.0164341498166323
0.0354046780619458,0.0056772069074214,0.0177082493901253
0.0355046909137643,0.0051126321777701,0.0182079803198576
0.0356047037655828,0.0052766641601920,0.0198673699051142
0.0357047166174014,0.0054445099085569,0.0230755191296339
0.0358047294692199,0.0079812770709395,0.0267528798431158
0.0359047423210384,0.0063371472060680,0.0264095496386290
0.0360047551728570,0.0056962799280882,0.0270923804491758
0.0361047680246755,0.0052461470477283,0.0285648498684168
0.0362047808764940,0.0045022820122540,0.0289310608059168
0.0363047937283126,0.0044412468560040,0.0278934706002474
0.0364048065801311,0.0052423318848014,0.0299953594803810
0.0365048194319496,0.0054254368878901,0.0334858000278473
0.0366048322837682,0.0070466790348291,0.0431712903082371
0.0367048451355867,0.0090455738827586,0.0616610795259476
0.0368048579874052,0.0110826203599572,0.0747607126832008
0.0369048708392238,0.0103845298290253,0.0805056318640709
0.0370048836910423,0.0123185804113746,0.0850000008940697
0.0371048965428608,0.0094613768160343,0.0850000008940697
0.0372049093946793,0.0129060400649905,0.0850000008940697
0.0373049222464979,0.0098275849595666,0.0850000008940697
0.0374049350983164,0.0079812780022621,0.0850000008940697
0.0375049479501349,0.0058145360089839,0.0663989186286926
0.0376049608019535,-0.0011625259649009,0.0582660101354122
0.0377049736537720,-0.0245656296610832,0.0480578988790512
0.0378049865055905,-0.0049390681087971,0.0211796201765537
0.0379049993574091,0.0072831888683140,-0.0167536307126284
0.0380050122092276,0.0036210899706930,-0.0279077701270580
0.0381050250610461,0.0012750580208376,-0.0340303406119347
0.0382050379128647,0.0039453390054405,-0.0387491099536419
0.0383050507646832,0.0054712127894163,-0.0313142910599709
0.0384050636165017,0.0055169891566038,-0.0297426395118237
0.0385050764683203,0.0103692701086402,-0.0254587400704622
0.0386050893201388,0.0080842748284340,-0.0233225207775831
0.0387051021719573,0.0152406301349401,-0.0248216893523932
0.0388051150237759,0.0087213274091482,-0.0252870805561543
0.0389051278755944,0.0134210195392370,-0.0201029200106859
0.0390051407274129,0.0234269406646490,-0.0171923208981752
0.0391051535792315,0.0166711304336786,-0.0142244901508093
0.0392051664310500,0.0315255299210548,-0.0127367600798607
0.0393051792828685,0.0246171299368143,-0.0187258198857307
0.0394051921346871,0.0280045699328184,-0.0191149208694696
0.0395052049865056,0.0180596802383661,-0.0184626094996929
0.0396052178383241,0.0329331494867802,-0.0164827890694141
0.0397052306901427,0.0411309115588665,-0.0128321303054690
0.0398052435419612,0.0379952304065228,-0.0118059795349836
0.0399052563937797,0.0307969208806753,-0.0164064895361662
0.0400052692455983,0.0369919687509537,-0.0163111202418804
0.0401052820974168,0.0373162217438221,-0.0173067599534988
0.0402052949492353,0.0152902202680707,-0.0151552697643638
0.0403053078010538,0.0313958302140236,-0.0196680501103401
0.0404053206528724,0.0292939301580191,-0.0248293206095695
0.0405053335046909,0.0149354496970773,-0.0157465506345034
0.0406053463565094,0.0246934201568365,-0.0146555500105023
0.0407053592083280,0.0190896391868591,-0.0228418707847595
0.0408053720601465,0.0211762804538012,-0.0259470194578171
0.0409053849119650,0.0186852905899286,-0.0226053595542908
0.0410053977637836,0.0113725299015641,-0.0203661397099495
0.0411054106156021,0.0039033759385347,-0.0155977802351117
0.0412054234674206,0.0096521107479930,-0.0199617799371481
0.0413054363192392,0.0170983802527189,-0.0186113808304071
0.0414054491710577,0.0075845490209758,-0.0226282496005297
0.0415054620228762,0.0106134098023176,-0.0180925801396370
0.0416054748746948,0.0148744201287627,-0.0207323506474495
0.0417054877265133,0.0130662498995662,-0.0123896300792694
0.0418055005783318,0.0049943770281971,-0.0240015406161547
0.0419055134301504,0.0081949001178145,-0.0231241490691900
0.0420055262819689,0.0118264798074961,-0.0172724295407534
0.0421055391337874,0.0052080010063946,-0.0172113906592131
0.0422055519856060,0.0080919014289975,-0.0042834170162678
0.0423055648374245,0.0078515773639083,-0.0177454501390457
0.0424055776892430,0.0080690141767263,-0.0111002596095204
0.0425055905410616,0.0117311095818877,-0.0067934808321297
0.0426056033928801,0.0104341199621558,-0.0117754600942135
0.0427056162446986,0.0084390388801694,-0.0129274995997548
0.0428056290965172,0.0142449904233217,-0.0044627068564296
0.0429056419483357,0.0180024597793818,-0.0039706127718091
0.0430056548001542,0.0117730796337128,-0.0015673600137234
0.0431056676519728,0.0092210499569774,0.0008053759229369
0.0432056805037913,0.0050783008337021,0.0086636310443282
0.0433056933556098,0.0152711402624846,0.0020146309398115
0.0434057062074284,0.0017709690146148,0.0020222610328346
0.0435057190592469,0.0016336370026693,0.0034794709645212
0.0436057319110654,0.0141038503497839,-0.0006785375881009
0.0437057447628840,0.0119599997997284,0.0074505610391498
0.0438057576147025,0.0063485908322036,0.0040287859737873
0.0439057704665210,0.0192880108952522,0.0061154197901487
0.0440057833183395,0.0262116696685553,0.0097965933382511
0.0441057961701581,0.0087899910286069,0.0045361388474703
0.0442058090219766,0.0106095997616649,0.0059361290186644
0.0443058218737951,0.0129899596795440,0.0018353409832343
0.0444058347256137,0.0227135997265577,0.0037503140047193
0.0445058475774322,0.0041246288456023,0.0099453656002879
0.0446058604292507,0.0180253498256207,0.0044941781088710
0.0447058732810693,0.0108728101477027,0.0088009592145681
0.0448058861328878,0.0155877601355314,0.0026554989162832
0.0449058989847063,-0.0068616718053818,0.0200542900711298
0.0450059118365249,-0.0066556772217155,-0.0009112335974351
0.0451059246883434,0.0078820958733559,0.0058102449402213
0.0452059375401619,0.0074357772246003,0.0025486880913377
0.0453059503919805,-0.0041646878235042,0.0122379902750254
0.0454059632437990,-0.0104703595861793,0.0067028817720711
0.0455059760956175,0.0115823401138186,0.0035366909578443
0.0456059889474361,0.0201386790722609,0.0035977261140943
0.0457060017992546,0.0091790892183781,0.0091099487617612
0.0458060146510731,0.0151643296703696,0.0059590181335807
0.0459060275028917,0.0204400401562452,-0.0079302573576570
0.0460060403547102,-0.0104436604306102,0.0081372037529945
0.0461060532065287,0.0141191100701690,0.0060200528241694
0.0462060660583473,0.0059289750643075,-0.0121721895411611
0.0463060789101658,-0.0146970301866531,0.0060429410077631
0.0464060917619843,0.0070466781035066,0.0100521799176931
0.0465061046138029,-0.0265225693583488,0.0095982290804386
0.0466061174656214,-0.0165471602231264,-0.0041079409420490
0.0467061303174399,-0.0119657199829817,-0.0087351566180587
0.0468061431692585,-0.0190076306462288,0.0039524920284748
0.0469061560210770,-0.0063695749267936,0.0055966218933463
0.0470061688728955,-0.0259885098785162,0.0102238403633237
0.0471061817247140,-0.0063085388392210,0.0031666669528931
0.0472061945765326,0.0113572804257274,-0.0064501590095460
0.0473062074283511,-0.0105657298117876,0.0056423991918564
0.0474062202801697,-0.0148648796603084,0.0002064698055619
0.0475062331319882,-0.0149716902524233,0.0082859769463539
0.0476062459838067,0.0111817996948957,0.0102925002574921
0.0477062588356252,0.0018396310042590,0.0027851979248226
0.0478062716874438,0.0084619279950857,0.0135693196207285
0.0479062845392623,-0.0152921304106712,0.0051617478020489
0.0480062973910808,-0.0155553398653865,0.0063328570686281
0.0481063102428994,0.0077714701183140,0.0030980019364506
0.0482063230947179,-0.0155210103839636,0.0121578797698021
0.0483063359465364,-0.0052327979356050,-0.0050616129301488
0.0484063487983550,-0.0148496301844716,0.0113300997763872
0.0485063616501735,0.0209245104342699,0.0035862820222974
0.0486063745019920,0.0120248496532440,0.0078129554167390
0.0487063873538106,-0.0198316108435392,0.0139469699934125
0.0488064002056291,-0.0140256499871612,0.0242733303457499
0.0489064130574476,-0.0099973408505321,0.0120167396962643
0.0490064259092662,-0.0033826739527285,0.0118412701413035
0.0491064387610847,-0.0096463905647397,0.0133175496011972
0.0492064516129032,0.0016069359844550,-0.0012850729981437
0.0493064644647218,0.0235566403716803,0.0037732019554824
0.0494064773165403,-0.0130719803273678,0.0126499803736806
0.0495064901683588,0.0168885700404644,-0.0031046778894961
0.0496065030201774,-0.0230817198753357,0.0147022800520062
0.0497065158719959,-0.0038404359947890,0.0013279879931360
0.0498065287238144,-0.0023450800217688,0.0061611961573362
0.0499065415756329,-0.0157498903572559,0.0139698600396514
0.0500065544274515,0.0041665900498629,0.0040516741573811
0.0501065672792700,0.0188607592135668,-0.0047335489653051
0.0502065801310886,0.0008439989760518,0.0053601120598614
0.0503065929829071,0.0226678196340799,-0.0019907900132239
0.0504066058347256,-0.0282162893563509,0.0065846270881593
0.0505066186865442,-0.0162038393318653,0.0090870605781674
0.0506066315383627,-0.0217503905296326,0.0058140601031482
0.0507066443901812,-0.0087499404326081,0.0097698904573917
0.0508066572419997,-0.0136098498478532,0.0027317919302732
0.0509066700938183,0.0026063839904964,0.0132488897070289
0.0510066829456368,-0.0223988909274340,0.0084004169330001
0.0511066957974553,0.0027055658865720,-0.0018115000566468
0.0512067086492739,0.0208558496087790,-0.0120272301137447
0.0513067215010924,0.0136079397052526,0.0058636511676013
0.0514067343529109,0.0227403007447720,0.0032048139255494
0.0515067472047295,0.0196580290794373,-0.0135950697585940
0.0516067600565480,0.0170526001602411,0.0039372341707349
0.0517067729083665,-0.0169820394366980,-0.0030970489606261
0.0518067857601851,-0.0206708405166864,0.0032925510313362
0.0519067986120036,0.0200738292187452,-0.0051836827769876
0.0520068114638221,-0.0087995305657387,0.0085148578509688
0.0521068243156407,-0.0155972996726632,0.0048336847685277
0.0522068371674592,-0.0124959601089358,0.0135426204651594
0.0523068500192777,0.0231675505638123,-0.0078501487150788
0.0524068628710963,-0.0181150007992983,0.0138592300936580
0.0525068757229148,-0.0154714202508330,0.0144695797935128
0.0526068885747333,0.0007524471729994,-0.0005297646857798
0.0527069014265519,-0.0159978494048119,0.0140919303521514
0.0528069142783704,-0.0031042050104588,0.0116047495976090
0.0529069271301889,-0.0082311406731606,0.0178417693823576
0.0530069399820075,0.0054178070276976,0.0016331629594788
0.0531069528338260,-0.0134381903335452,0.0100521799176931
0.0532069656856445,0.0001268360938411,0.0034527690149844
0.0533069785374631,-0.0028753220103681,0.0028347889892757
0.0534069913892816,-0.0053014648146927,0.0109753301367164
0.0535070042411001,0.0025453479029238,-0.0091471420601010
0.0536070170929186,0.0035791289992630,0.0038304219488055
0.0537070299447372,-0.0038595111109316,0.0138401603326201
0.0538070427965557,0.0043306211009622,-0.0042185671627522
0.0539070556483742,-0.0086507573723793,0.0163273401558399
0.0540070685001928,-0.0090436693280935,0.0041241529397666
0.0541070813520113,-0.0004568109870888,0.0234493594616652
0.0542070942038298,0.0035829439293593,-0.0011401149677113
0.0543071070556484,-0.0116910599172115,0.0180935394018888
0.0544071199074669,-0.0119886100292206,0.0143246296793222
0.0545071327592854,-0.0069112600758672,0.0154079999774694
0.0546071456111040,-0.0083989873528481,0.0132298097014427
0.0547071584629225,-0.0039281770586967,0.0141720399260521
0.0548071713147410,-0.0015325540443882,-0.0056605190038681
0.0549071841665596,-0.0024328180588782,0.0025372439995408
0.0550071970183781,0.0029268169309944,-0.0075220870785415
0.0551072098701966,0.0003976793086622,-0.0047793271951377
0.0552072227220152,-0.0092954393476248,0.0183147899806499
0.0553072355738337,0.0026559750549495,-0.0047335498966277
0.0554072484256522,-0.0050916550680995,0.0024685789830983
0.0555072612774708,-0.0061597670428455,0.0132145499810576
0.0556072741292893,-0.0050840261392295,0.0087742563337088
0.0557072869811078,-0.0037259969394654,-0.0002322192012798
0.0558072998329264,0.0029115600045770,-0.0124773699790239
0.0559073126847449,0.0017480789683759,0.0069927978329360
0.0560073255365634,0.0015878609847277,0.0002827633870766
0.0561073383883820,-0.0087613854557276,0.0129208201542497
0.0562073512402005,-0.0158109292387962,0.0165981799364090
0.0563073640920190,0.0000276556002063,0.0077786240726709
0.0564073769438376,0.0002336473989999,0.0072331228293478
0.0565073897956561,-0.0290517006069422,0.0154079999774694
0.0566074026474746,-0.0053281672298908,0.0157207995653152
0.0567074154992931,0.0018510760273784,0.0052800029516220
0.0568074283511117,-0.0036268150433898,0.0015912010567263
0.0569074412029302,-0.0272549893707037,0.0105328299105167
0.0570074540547487,0.0076837330125272,-0.0005869850283489
0.0571074669065673,0.0057382420636714,-0.0091089960187674
0.0572074797583858,-0.0239972397685051,0.0258487891405821
0.0573074926102043,-0.0053624999709427,0.0104565303772688
0.0574075054620229,-0.0015020349528641,0.0038876431062818
0.0575075183138414,0.0082750078290701,-0.0003390306083020
0.0576075311656599,-0.0157079305499792,0.0114063899964094
0.0577075440174785,-0.0087041631340981,0.0152897397056222
0.0578075568692970,-0.0016393630066887,0.0101284701377153
0.0579075697211155,-0.0077008991502225,0.0157856494188309
0.0580075825729341,-0.0019826849456877,0.0095448233187199
0.0581075954247526,0.0047426079399884,-0.0079417014494538
0.0582076082765711,-0.0051870220340788,0.0053486679680645
0.0583076211283897,-0.0092954384163022,0.0106320101767778
0.0584076339802082,0.0082406755536795,-0.0030932340305299
0.0585076468320267,-0.0196103490889072,0.0143932895734906
0.0586076596838453,-0.0257520005106926,0.0141834802925587
0.0587076725356638,-0.0057287081144750,0.0120663298293948
0.0588076853874823,-0.0224141497164965,0.0164036303758621
0.0589076982393009,-0.0080632949247956,0.0005078301182948
0.0590077110911194,-0.0061406930908561,-0.0030817899387330
0.0591077239429379,0.0224313102662563,-0.0018229429842904
0.0592077367947565,-0.0049085509963334,-0.0023035940248519
0.0593077496465750,-0.0113629996776581,0.0121311796829104
0.0594077624983935,0.0043077329173684,0.0093579040840268
0.0595077753502121,-0.0113324802368879,0.0049595697782934
0.0596077882020306,0.0092439390718937,-0.0048022139817476
0.0597078010538491,0.0027170090470463,0.0077900667674839
0.0598078139056677,0.0104074198752642,0.0002942077117041
0.0599078267574862,0.0063333329744637,0.0114788701757789
0.0600078396093047,-0.0177258998155594,0.0037999050691724
0.0601078524611233,-0.0168294496834278,-0.0055842250585556
0.0602078653129418,-0.0233830790966749,0.0061993431299925
0.0603078781647603,-0.0064840139821172,-0.0052065709605813
0.0604078910165788,-0.0070562199689448,-0.0013956989860162
0.0605079038683974,-0.0224255900830030,0.0027775689959526
0.0606079167202159,-0.0041494271717966,-0.0020174928940833
0.0607079295720344,0.0254372805356979,-0.0120386797934771
0.0608079424238530,-0.0181264393031597,0.0092930542305112
0.0609079552756715,-0.0209340509027243,0.0070957951247692
0.0610079681274900,0.0021715089678764,0.0026631280779839
0.0611079809793086,-0.0198621191084385,0.0126080196350813
0.0612079938311271,0.0117272995412350,0.0007290823268704
0.0613080066829456,-0.0134229296818376,0.0067677311599255
0.0614080195347642,-0.0126142203807831,-0.0003733627090696
0.0615080323865827,-0.0048208120279014,0.0102276504039764
0.0616080452384012,-0.0150479897856712,0.0144657697528601
0.0617080580902198,-0.0230931602418423,0.0133137302473187
0.0618080709420383,-0.0018682440277189,0.0190586503595114
0.0619080837938568,-0.0031309060286731,0.0130886696279049
0.0620080966456754,-0.0097875343635678,0.0077633648179471
0.0621081094974939,-0.0212773699313402,0.0110478103160858
0.0622081223493124,-0.0169210005551577,-0.0019602719694376
0.0623081352011310,-0.0117864301428199,-0.0023226679768413
0.0624081480529495,-0.0049314359202981,-0.0014262159820646
0.0625081609047680,-0.0020017600618303,0.0048680179752409
0.0626081737565866,-0.0158605091273785,0.0027813829947263
0.0627081866084051,-0.0218572095036507,0.0023045479319990
0.0628081994602236,-0.0020093899220228,0.0049748290330172
0.0629082123120421,-0.0055265291593969,0.0072293090634048
0.0630082251638607,-0.0093602892011404,0.0081448331475258
0.0631082380156792,-0.0028982108924538,0.0105404602363706
0.0632082508674977,-0.0066594909876585,0.0098118511959910
0.0633082637193163,-0.0055570481345057,0.0135349901393056
0.0634082765711348,-0.0023221930023283,0.0185627397149801
0.0635082894229533,0.0007829634123482,0.0124134700745344
0.0636083022747719,0.0008935878868215,0.0014882039977238
0.0637083151265904,0.0100755402818322,-0.0112795503810048
0.0638083279784089,0.0081300493329763,-0.0191225502640009
0.0639083408302275,-0.0012884120224044,-0.0422319211065769
0.0640083536820460,0.0115747097879648,-0.0479615889489651
0.0641083665338645,0.0140618896111846,-0.0613663904368877
0.0642083793856831,0.0202874597162008,-0.0548699796199799
0.0643083922375016,0.0231370292603970,-0.0419153012335300
0.0644084050893201,0.0192079003900290,-0.0310510806739330
0.0645084179411387,0.0141191100701690,-0.0228418707847595
0.0646084307929572,0.0094880778342485,-0.0166162997484207
0.0647084436447757,0.0068368730135262,-0.0074648661538959
0.0648084564965943,0.0046739438548684,-0.0021815239451826
0.0649084693484128,0.0045289839617908,0.0058979829773307
0.0650084822002313,0.0061006369069219,0.0204243101179600
0.0651084950520499,0.0097207743674517,0.0278286207467318
0.0652085079038684,0.0108804395422339,0.0255779493600130
0.0653085207556869,-0.0126905096694827,0.0160145293921232
0.0654085336075055,-0.0097989784553647,0.0187611095607281
0.0655085464593240,0.0075654760003090,0.0176090691238642
0.0656085593111425,0.0108766201883554,0.0164570398628712
0.0657085721629611,-0.0075635719113052,0.0174336005002260
0.0658085850147796,0.0069856420159340,0.0170368701219559
0.0659085978665981,0.0089463908225298,0.0133938398212194
0.0660086107184167,0.0087403999641538,0.0116886803880334
0.0661086235702352,0.0089311357587576,0.0102352797985077
0.0662086364220537,0.0081186043098569,0.0095143057405949
0.0663086492738722,0.0078935381025076,0.0093693481758237
0.0664086621256908,0.0053987340070307,0.0090794321149588
0.0665086749775093,0.0061502289026976,0.0080837979912758
0.0666086878293278,0.0065469550900161,0.0078968787565827
0.0667087006811464,0.0058526820503175,0.0077709942124784
0.0668087135329649,0.0057306122034788,0.0082516446709633
0.0669087263847834,0.0053300699219108,0.0076870708726346
0.0670087392366020,0.0051660388708115,0.0074314870871603
0.0671087520884205,0.0054330672137439,0.0074848919175565
0.0672087649402390,0.0055246190167964,0.0073323049582541
0.0673087777920576,0.0059480499476194,0.0085568204522133
0.0674087906438761,0.0062799281440675,0.0096783377230167
0.0675088034956946,0.0068330569192767,0.0114369103685021
0.0676088163475132,0.0070695681497455,0.0111012198030949
0.0677088291993317,0.0070237917825580,0.0133900297805667
0.0678088420511502,0.0071038999594748,0.0124821299687028
0.0679088549029688,0.0076989908702672,0.0175442192703485
0.0680088677547873,0.0097589222714305,0.0239796005189419
0.0681088806066058,0.0128221204504371,0.0236210208386183
0.0682088934584244,0.0201615691184998,0.0201153196394444
0.0683089063102429,0.0295533295720816,0.0225948691368103
0.0684089191620614,0.0356034189462662,0.0184444896876812
0.0685089320138800,0.0351189598441124,0.0144810304045677
0.0686089448656985,0.0167779494076967,0.0191845390945673
0.0687089577175170,0.0168809406459332,0.0112614296376705
0.0688089705693356,0.0289391707628965,0.0058865370228887
0.0689089834211541,0.0313576795160770,0.0061383107677102
0.0690089962729726,0.0330056212842464,0.0020871099550277
0.0691090091247912,0.0376023203134537,0.0003819476114586
0.0692090219766097,0.0402382686734200,-0.0050120227970183
0.0693090348284282,0.0414818488061428,-0.0059161027893424
0.0694090476802468,0.0414093807339668,-0.0076899328269064
0.0695090605320653,0.0415543317794800,-0.0106157995760441
0.0696090733838838,0.0417794100940228,-0.0105318799614906
0.0697090862357024,0.0420273616909981,-0.0078654093667865
0.0698090990875209,0.0406693294644356,-0.0080408854410052
0.0699091119393394,0.0395783297717571,-0.0093989102169871
0.0700091247911580,0.0415428914129734,-0.0097460476681590
0.0701091376429765,0.0397499911487103,-0.0035281099844724
0.0702091504947950,0.0377434603869915,-0.0055384510196745
0.0703091633466136,0.0382317490875721,-0.0032954129856080
0.0704091761984321,0.0389069505035877,-0.0056071118451655
0.0705091890502506,0.0355080589652061,-0.0060496171936393
0.0706092019020692,0.0354279503226280,-0.0100207095965743
0.0707092147538877,0.0353363901376724,-0.0173105709254742
0.0708092276057062,0.0333832800388336,-0.0175280105322599
0.0709092404575248,0.0305146295577288,-0.0054583428427577
0.0710092533093433,0.0274056699126959,-0.0021433779038489
0.0711092661611618,0.0266579892486334,-0.0002131451037712
0.0712092790129803,0.0234460197389126,0.0049595688469708
0.0713092918647989,0.0213136095553637,0.0011944740545005
0.0714093047166174,0.0216912608593702,0.0131230000406504
0.0715093175684359,0.0212144199758768,0.0127911204472184
0.0716093304202545,0.0202760100364685,0.0115131996572018
0.0717093432720730,0.0182351600378752,0.0118183800950646
0.0718093561238915,0.0187615808099508,0.0175861790776253
0.0719093689757101,0.0179070997983217,0.0190357603132725
0.0720093818275286,0.0170602295547724,0.0237240195274353
0.0721093946793471,0.0182618591934443,0.0213627200573683
0.0722094075311657,0.0191773790866137,0.0134701402857900
0.0723094203829842,0.0183114502578974,0.0250858608633280
0.0724094332348027,0.0171517804265022,0.0173840001225471
0.0725094460866213,0.0213212408125401,0.0101894997060299
0.0726094589384398,0.0235261302441359,-0.0009837121469900
0.0727094717902583,0.0188645794987679,0.0259479805827141
0.0728094846420769,0.0245446506887674,-0.0158838797360659
0.0729094974938954,0.0283707808703184,-0.0086283450946212
0.0730095103457139,0.0225343108177185,0.0154575901106000
0.0731095231975325,0.0219811797142029,-0.0192102808505297
0.0732095360493510,0.0253075901418924,-0.0146364802494645
0.0733095489011695,0.0229195896536112,0.0012516949791461
0.0734095617529881,0.0211533904075623,-0.0261072404682636
0.0735095746048066,0.0227708201855421,0.0133251799270511
0.0736095874566251,0.0182237103581429,0.0309909898787737
0.0737096003084436,0.0119256703183055,0.0115704201161861
0.0738096131602622,0.0116433799266815,-0.0043368218466640
0.0739096260120807,0.0145463598892093,-0.0415643490850925
0.0740096388638992,0.0203141607344151,-0.0357965491712093
0.0741096517157178,0.0206536706537008,-0.0415567196905613
0.0742096645675363,0.0218362193554640,-0.0046610711142421
0.0743096774193548,0.0194291491061449,-0.0332063697278500
0.0744096902711734,0.0177735798060894,-0.0493501313030720
0.0745097031229919,0.0214776396751404,-0.0423692502081394
0.0746097159748104,0.0129289301112294,0.0256542507559061
0.0747097288266290,0.0041246279142797,0.0278782099485397
0.0748097416784475,-0.0001630801998544,0.0366100296378136
0.0749097545302660,0.0012674269964918,0.0379184707999229
0.0750097673820846,-0.0007162112742662,0.0220989603549242
0.0751097802339031,0.0023584270384163,-0.0231584906578064
0.0752097930857216,0.0123834302648902,-0.0396837107837200
0.0753098059375402,0.0145082101225853,-0.0328859388828278
0.0754098187893587,0.0132722500711679,-0.0334428809583187
0.0755098316411772,0.0126237496733665,-0.0384897105395794
0.0756098444929958,0.0117807099595666,-0.0329813100397587
0.0757098573448143,0.0104264896363020,-0.0304254703223705
0.0758098701966328,0.0090646483004093,-0.0275949705392122
0.0759098830484514,0.0088166911154985,-0.0284380093216896
0.0760098959002699,0.0088586546480656,-0.0253137908875942
0.0761099087520884,0.0098237693309784,-0.0243829991668463
0.0762099216039070,0.0095796305686235,-0.0216097291558981
0.0763099344557255,0.0092515675351024,-0.0218576807528734
0.0764099473075440,0.0089044291526079,-0.0216707605868578
0.0765099601593626,0.0083703752607107,-0.0239481292665005
0.0766099730111811,0.0079316878691316,-0.0218729395419359
0.0767099858629996,0.0072030802257359,-0.0206331592053175
0.0768099987148182,0.0070276060141623,-0.0167116709053516
0.0769100115666367,0.0065965470857918,-0.0146708097308874
0.0770100244184552,0.0057496870867908,-0.0151476496830583
0.0771100372702738,0.0051622251048684,-0.0140413902699947
0.0772100501220923,0.0047540511004627,-0.0129808997735381
0.0773100629739108,0.0041971071623266,-0.0122904498130083
0.0774100758257293,0.0037431600503623,-0.0106691997498274
0.0775100886775479,0.0035066490527242,-0.0090937372297049
0.0776101015293664,0.0031671430915594,-0.0083422437310219
0.0777101143811849,0.0027131950482726,-0.0077433381229639
0.0778101272330035,0.0025377199053764,-0.0064005679450929
0.0779101400848220,0.0021600660402328,-0.0056414459832013
0.0780101529366405,0.0020418108906597,-0.0046114800497890
0.0781101657884591,0.0018587060039863,-0.0038142099510878
0.0782101786402776,0.0017328199464828,-0.0027003220748156
0.0783101914920961,0.0016450820257887,-0.0022921499330550
0.0784102043439147,0.0015001239953563,-0.0022692619822919
0.0785102171957332,0.0014581619761884,-0.0023150378838181
0.0786102300475517,0.0014123859582469,-0.0019488279940560
0.0787102428993703,0.0013475359883159,-0.0020022341050208
0.0788102557511888,0.0012941299937665,-0.0016398390289396
0.0789102686030073,0.0011682460317388,-0.0016016920562834
0.0790102814548259,0.0011110260384157,-0.0014643629547209
0.0791102943066444,0.0011835050536320,-0.0012392969802022
0.0792103071584629,0.0010652489727363,-0.0011820760555565
0.0793103200102815,0.0010766939958557,-0.0011401149677113
0.0794103328621000,0.0011224700137973,-0.0011095970403403
0.0795103457139185,0.0009355503134429,-0.0009684538235888
0.0796103585657371,0.0009851407958195,-0.0010142299579456
0.0797103714175556,0.0009202915243804,-0.0008845307165757
0.0798103842693741,0.0009012179798447,-0.0009074189001694
0.0799103971211926,0.0024881279096007,-0.0008120517013595
0.0800104099730112,0.0011072120396420,-0.0008578281267546
0.0801104228248297,0.0008821444935165,-0.0007510164869018
0.0802104356766482,0.0009546236833557,-0.0007700903224759
0.0803104485284668,0.0008325534290634,-0.0006747227744199
0.0804104613802853,0.0008096651872620,-0.0006632786826231
0.0805104742321038,0.0008058504899964,-0.0006365760928020
0.0806104870839224,0.0012636129977182,-0.0005335794994608
0.0807104999357409,0.0007905922248028,-0.0004992472240701
0.0808105127875594,0.0007142982794903,-0.0004458416951820
0.0809105256393780,0.0007104835822247,-0.0004725446051452
0.0810105384911965,0.0006799660040997,-0.0003733627090696
0.0811105513430150,0.0007333718240261,-0.0003809921036009
0.0812105641948336,0.0006837807013653,-0.0003733627090696
0.0813105770466521,0.0007028541876934,-0.0003237717901357
0.0814105898984706,0.0006341895787045,-0.0002818102075253
0.0815106027502892,0.0005426374264061,-0.0002398484939476
0.0816106156021077,0.0005426374264061,-0.0002741808129940
0.0817106284539262,0.0006036725244485,-0.0002741808129940
0.0818106413057448,0.0005426374264061,-0.0002322190994164
0.0819106541575633,0.0005426374264061,-0.0002856249047909
0.0820106670093818,0.0005006756982766,-0.0002322190994164
0.0821106798612004,0.0005540815182030,-0.0003771774063352
0.0822106927130189,0.0005197491846047,-0.0003352157073095
0.0823107055648374,0.0005845989799127,-0.0004305829061195
0.0824107184166560,0.0004816022119485,-0.0003466597991064
0.0825107312684745,0.0004701580910478,-0.0003008834028151
0.0826107441202930,0.0005044903955422,-0.0003352157073095
0.0827107569721116,0.0004358257865533,-0.0003085127973463
0.0828107698239301,0.0004625286965165,-0.0003352157073095
0.0829107826757486,0.0004548993019853,-0.0003008834028151
0.0830107955275672,0.0004930463037454,-0.0003352157073095
0.0831108083793857,0.0004701585858129,-0.0004076946934219
0.0832108212312042,0.0004587144940160,-0.0003886214981321
0.0833108340830228,0.0004892316064797,-0.0003924359043594
0.0834108469348413,0.0004816022119485,-0.0004076950135641
0.0835108597866598,0.0028276359662414,-0.0004458416951820
0.0836108726384783,0.0029001149814576,-0.0005183207103983
0.0837108854902969,0.0007982220849954,-0.0005030619213358
0.0838108983421154,0.0005540815182030,-0.0006251320010051
0.0839109111939339,0.0005044903955422,-0.0007967929122970
0.0840109240457525,0.0004968610010110,-0.0006594639853574
0.0841109368975710,0.0006227460107766,-0.0005946144228801
0.0842109497493895,0.0005884136771783,-0.0007128698052838
0.0843109626012081,0.0005998578271829,-0.0008616424747743
0.0844109754530266,0.0005159344873391,-0.0007853488205001
0.0845109883048451,0.0004930463037454,-0.0007929782150313
0.0846110011566637,0.0006189313135110,-0.0009951567044482
0.0847110140084822,0.0006647076806985,-0.0009493802790530
0.0848110268603007,0.0005502668209374,-0.0009379361872561
0.0849110397121193,0.0005273785791360,-0.0008959748083726
0.0850110525639378,0.0005502668209374,-0.0008845307165757
0.0851110654157563,0.0006303754053079,-0.0010104150278494
0.0852110782675749,0.0006113019189797,-0.0009493802790530
0.0853110911193934,0.0005578962154686,-0.0010104150278494
0.0854111039712119,0.0005426374264061,-0.0010981529485434
0.0855111168230305,0.0005807842826471,-0.0010294889798388
0.0856111296748490,0.0006570782861672,-0.0011553739896044
0.0857111425266675,0.0006227460107766,-0.0009112335974351
0.0858111553784861,0.0005617109127343,-0.0010104150278494
0.0859111682303046,0.0005426374264061,-0.0012240379583091
0.0860111810821231,0.0006341901025735,-0.0012888869969174
0.0861111939339416,0.0005998578271829,-0.0011210410157219
0.0862112067857602,0.0006036725244485,-0.0010447480017319
0.0863112196375787,0.0005693401908502,-0.0010333029786125
0.0864112324893972,0.0005235638818704,-0.0011744470102713
0.0865112453412158,0.0005807842826471,-0.0011553739896044
0.0866112581930343,0.0005845989799127,-0.0010142299579456
0.0867112710448529,0.0005350079736672,-0.0008540130802430
0.0868112838966714,0.0004663433937822,-0.0008425689884461
0.0869112967484899,0.0005235638818704,-0.0010828949743882
0.0870113096003085,0.0005578962154686,-0.0010943380184472
0.0871113224521270,0.0005273785791360,-0.0010828940430656
0.0872113353039455,0.0005197491846047,-0.0008578277775086
0.0873113481557640,0.0004548993019853,-0.0009036040282808
0.0874113610075826,0.0004739727883134,-0.0011286709923297
0.0875113738594011,0.0004739727883134,-0.0009875270770863
0.0876113867112196,0.0004625286965165,-0.0009341217810288
0.0877113995630382,0.0004510846047197,-0.0008349397103302
0.0878114124148567,0.0003862348094117,-0.0008616424747743
0.0879114252666752,0.0004281965084374,-0.0010218590032309
0.0880114381184938,0.0004358257865533,-0.0009760832181200
0.0881114509703123,0.0004091229930054,-0.0010142299579456
0.0882114638221308,0.0003862367011607,-0.0009188629919663
0.0883114766739494,0.0004014954902232,-0.0010409329552203
0.0884114895257679,0.0004053101874888,-0.0010638210223988
0.0885115023775864,0.0004549013101496,-0.0010294889798388
0.0886115152294050,-0.0000715255664545,-0.0003008836938534
0.0887115280812235,-0.0004186625883449,0.0003399839915801
0.0888115409330420,-0.0005903235287406,0.0005688650999218
0.0889115537848606,-0.0006093964911997,0.0005459769163281
0.0890115666366791,-0.0006017670966685,0.0005459769163281
0.0891115794884976,-0.0005407324060798,0.0005726797971874
0.0892115923403162,-0.0005331030115485,0.0005917532253079
0.0893116051921347,-0.0005407324060798,0.0005688649835065
0.0894116180439532,-0.0006170258857310,0.0005383475800045
0.0895116308957718,-0.0005521764978766,0.0004963860264979
0.0896116437475903,-0.0004873265861534,0.0004620536928996
0.0897116565994088,-0.0004491797008086,0.0004277217958588
0.0898116694512273,-0.0003843303129543,0.0004391655966174
0.0899116823030459,-0.0003538127057254,0.0004544243856799
0.0900116951548644,-0.0003805155865848,0.0004353508993518
0.0901117080066829,-0.0003385538875591,0.0004162774130236
0.0902117208585015,-0.0002546306059230,0.0004124630067963
0.0903117337103200,-0.0002050400071312,0.0004239068075549
0.0904117465621385,-0.0001897812035168,0.0003666866105050
0.0905117594139571,-0.0001897812035168,0.0003781307023019
0.0906117722657756,-0.0001821517944336,0.0003895749105141
0.0907117851175941,-0.0001630782935536,0.0003437985142227
0.0908117979694127,-0.0001516342017567,0.0003437985142227
0.0909118108212312,-0.0001401900954079,0.0003476132114884
0.0910118236730497,-0.0001249313063454,0.0003209103888366
0.0911118365248683,-0.0001325607008766,0.0003323545097373
0.0912118493766868,-0.0011968610342592,0.0003170954878442
0.0913118622285053,-0.0002775191969704,0.0003476132114884
0.0914118750803239,-0.0000944137573242,0.0003819453122560
0.0915118879321424,-0.0000562667883059,0.0003743158886209
0.0916119007839609,-0.0000638961791992,0.0003628720005509
0.0917119136357795,-0.0000677108764648,0.0003285398124717
0.0918119264875980,-0.0000715255664545,0.0003437985142227
0.0919119393394165,-0.0000600814892096,0.0003018369025085
0.0920119521912351,-0.0000867843700689,0.0003056515997741
0.0921119650430536,-0.0000562667883059,0.0002942075952888
0.0922119778948721,-0.0000677108764648,0.0002751341089606
0.0923119907466907,-0.0001058579000528,0.0003705013077706
0.0924120035985092,-0.0001897812035168,0.0004544245020952
0.0925120164503277,-0.0003538127057254,0.0005497916135937
0.0926120293021463,-0.0004568090953398,0.0006947498186491
0.0927120421539648,-0.0004949559806846,0.0008358932100236
0.0928120550057833,-0.0002775187895168,0.0010876619489864
0.0929120678576019,-0.0002737040922511,0.0013241729466245
0.0930120807094204,-0.0005292883142829,0.0017399740172550
0.0931120935612389,-0.0003728861920536,0.0019268939504400
0.0932121064130575,-0.0000677113566780,0.0024990970268846
0.0933121192648760,0.0000009531975138,0.0027623099740595
0.0934121321166945,-0.0001363753981423,0.0031514079310000
0.0935121449685130,-0.0018453559605405,0.0034565830137581
0.0936121578203316,-0.0020780509803444,0.0038151640910655
0.0937121706721501,-0.0023565241135657,0.0038533110637218
0.0938121835239686,-0.0023679679725319,0.0040135271847248
0.0939121963757872,-0.0021696039475501,0.0042805559933186
0.0940122092276057,-0.0026273669209331,0.0049900868907571
0.0941122220794242,-0.0026464399416000,0.0052571147680283
0.0942122349312428,-0.0018491710070521,0.0059399441815913
0.0943122477830613,-0.0024976690765470,0.0071835322305560
0.0944122606348798,-0.0032224569004029,0.0084271198138595
0.0945122734866984,-0.0040426151826978,0.0108265597373247
0.0946122863385169,-0.0055799339897931,0.0130581501871347
0.0947122991903354,-0.0058050011284649,0.0166668407618999
0.0948123120421540,-0.0067663020454347,0.0176701098680496
0.0949123248939725,-0.0106763597577810,0.0198559202253819
0.0950123377457910,-0.0129804303869605,0.0237430892884731
0.0951123505976096,-0.0135793304070830,0.0290912799537182
0.0952123634494281,-0.0168180000036955,0.0379680506885052
0.0953123763012466,-0.0225591100752354,0.0408557690680027
0.0954123891530652,-0.0359334014356136,0.0463413000106812
0.0955124020048837,-0.0298146400600672,0.0538142696022987
0.0956124148567022,-0.0189618598669767,0.0640147402882576
0.0957124277085208,-0.0284451693296432,0.0727885067462921
0.0958124405603393,-0.0334652997553349,0.0850000008940697
0.0959124534121578,-0.0700595900416374,0.0819399505853653
0.0960124662639763,-0.0528858713805676,0.0850000008940697
0.0961124791157949,-0.0481213293969631,0.0850000008940697
0.0962124919676134,-0.0419339016079903,0.0850000008940697
0.0963125048194319,-0.0492771789431572,0.0850000008940697
0.0964125176712505,-0.0486134216189384,0.0850000008940697
0.0965125305230690,-0.0441845692694187,0.0850000008940697
0.0966125433748875,-0.0448292493820190,0.0850000008940697
0.0967125562267061,-0.0379399210214615,0.0850000008940697
0.0968125690785246,-0.0344800092279911,0.0850000008940697
0.0969125819303431,-0.0331868194043636,0.0850000008940697
0.0970125947821617,-0.0328702107071877,0.0850000008940697
0.0971126076339802,-0.0309361591935158,0.0850000008940697
0.0972126204857987,-0.0362423881888390,0.0850000008940697
0.0973126333376173,-0.0339688286185265,0.0850000008940697
0.0974126461894358,-0.0276021193712950,0.0850000008940697
0.0975126590412543,-0.0412777811288834,0.0850000008940697
0.0976126718930729,-0.0377606302499771,0.0850000008940697
0.0977126847448914,-0.0437039211392403,0.0850000008940697
0.0978126975967099,-0.0379475504159927,0.0850000008940697
0.0979127104485285,-0.0335911810398102,0.0850000008940697
0.0980127233003470,-0.0370091386139393,0.0850000008940697
0.0981127361521655,-0.0363568291068077,0.0850000008940697
0.0982127490039841,-0.0347203314304352,0.0850000008940697
0.0983127618558026,-0.0240811705589294,0.0850000008940697
0.0984127747076211,-0.0511120408773422,0.0850000008940697
0.0985127875594397,-0.0287083797156811,0.0688517615199089
0.0986128004112582,-0.0068120779469609,0.0238613393157721
0.0987128132630767,-0.0111493803560734,0.0171932708472013
0.0988128261148953,-0.0095472112298012,0.0109028499573469
0.0989128389667138,-0.0048742191866040,0.0116352699697018
0.0990128518185323,-0.0072240661829710,0.0035290620289743
0.0991128646703509,-0.0002775207103696,0.0062374901026487
0.0992128775221694,-0.0045308959670365,0.0095791555941105
0.0993128903739879,-0.0209569390863180,0.0328029692173004
0.0994129032258065,-0.0247563701122999,0.0026936449576169
0.0995129160776250,-0.0100392997264862,0.0126385297626257
0.0996129289294435,0.0057229818776250,0.0156025495380163
0.0997129417812620,-0.0068769278004766,0.0056919888593256
0.0998129546330806,-0.0113935200497508,0.0164875499904156
0.0999129674848991,-0.0235318504273891,0.0034870998933911
0.1000129803367176,-0.0198583099991083,0.0013356170384213
0.1001129931885362,0.0312127191573381,0.0179447606205940
0.1002130060403547,-0.0043706810101867,0.0193905308842659
0.1003130188921732,-0.0139951398596168,0.0260929390788078
0.1004130317439918,-0.0132131204009056,0.0281376093626022
0.1005130445958103,0.0000200250196940,0.0215801596641541
0.1006130574476288,-0.0027036599349231,0.0284733008593321
0.1007130702994474,0.0030527019407600,0.0271991994231939
0.1008130831512659,0.0013093899469823,0.0268024709075689
0.1009130960030844,0.0140466298907995,0.0218967795372009
0.1010131088549030,0.0061731152236462,0.0334591008722782
0.1011131217067215,0.0054979179985821,0.0147480601444840
0.1012131345585400,-0.0018339110538363,0.0061459369026124
0.1013131474103586,-0.0091924415901303,0.0229267496615648
0.1014131602621771,-0.0076665701344609,0.0272564198821783
0.1015131731139956,-0.0095700966194272,0.0200275797396898
0.1016131859658142,-0.0148000298067927,0.0149921998381615
0.1017131988176327,-0.0250996891409159,-0.0055193752050400
0.1018132116694512,-0.0041685001924634,0.0275730304419994
0.1019132245212698,-0.0221585705876350,-0.0089831110090017
0.1020132373730883,-0.0200681202113628,-0.0091356979683042
0.1021132502249068,-0.0162419900298119,0.0259594190865755
0.1022132630767254,-0.0233105998486280,-0.0134424800053239
0.1023132759285439,-0.0200909990817308,-0.0005793555756100
0.1024132887803624,-0.0130948703736067,0.0278896503150463
0.1025133016321810,-0.0149564296007156,0.0207218602299690
0.1026133144839995,-0.0100698200985789,0.0153812896460295
0.1027133273358180,-0.0131902396678925,0.0199436601251364
0.1028133401876366,-0.0099019771441817,0.0192188695073128
0.1029133530394551,-0.0219373106956482,0.0091061349958181
0.1030133658912736,-0.0188550502061844,0.0259288996458054
0.1031133787430921,-0.0075712031684816,-0.0040545351803303
0.1032133915949107,-0.0164021998643875,0.0255932100117207
0.1033134044467292,-0.0053586838766932,0.0023655830882490
0.1034134172985477,-0.0091123348101974,0.0218281205743551
0.1035134301503663,-0.0236729998141527,0.0117954900488257
0.1036134430021848,-0.0121297501027584,0.0252308193594217
0.1037134558540033,-0.0093068853020668,0.0260471608489752
0.1038134687058219,-0.0224141497164965,0.0212749894708395
0.1039134815576404,-0.0082044405862689,0.0165867395699024
0.1040134944094589,-0.0208615697920322,0.0308193303644657
0.1041135072612775,-0.0284985806792974,0.0095524527132511
0.1042135201130960,-0.0290517006069422,0.0241359993815422
0.1043135329649145,-0.0262364707887173,0.0203861594200134
0.1044135458167331,-0.0144605301320553,0.0170292407274246
0.1045135586685516,-0.0239323992282152,0.0354656204581261
0.1046135715203701,-0.0232037901878357,0.0096211172640324
0.1047135843721887,-0.0299481507390738,0.0165905505418777
0.1048135972240072,-0.0241612792015076,0.0052304128184915
0.1049136100758257,-0.0299138203263283,0.0182804595679045
0.1050136229276443,-0.0226964298635721,0.0108837801963091
0.1051136357794628,-0.0073385071009398,0.0216488298028708
0.1052136486312813,-0.0234174095094204,0.0073399338871241
0.1053136614830999,-0.0208119805902243,0.0203365702182055
0.1054136743349184,-0.0239819791167974,0.0313076116144657
0.1055136871867369,-0.0139569900929928,0.0264324396848679
0.1056137000385555,-0.0074300589039922,0.0218853391706944
0.1057137128903740,-0.0266026705503464,0.0180096104741096
0.1058137257421925,-0.0020818680059165,0.0186733696609735
0.1059137385940111,-0.0251149497926235,0.0266689509153366
0.1060137514458296,-0.0204343292862177,0.0176433995366096
0.1061137642976481,-0.0110769001767039,0.0004086486005690
0.1062137771494667,-0.0184087306261063,0.0182766392827034
0.1063137900012852,-0.0143041200935841,0.0229152999818325
0.1064138028531037,-0.0287122000008821,0.0221714396029711
0.1065138157049223,-0.0133924102410674,0.0211529191583395
0.1066138285567408,-0.0068273358047009,0.0148434201255441
0.1067138414085593,-0.0099248634651303,0.0317844487726688
0.1068138542603779,-0.0227002501487732,0.0231746993958950
0.1069138671121964,-0.0088681941851974,0.0286602191627026
0.1070138799640149,-0.0111188599839807,0.0222629904747009
0.1071138928158334,-0.0034589669667184,0.0098271099850535
0.1072139056676520,-0.0071668461896479,0.0104527203366160
0.1073139185194705,-0.0249356608837843,0.0264057405292988
0.1074139313712890,-0.0154370898380876,0.0267948396503925
0.1075139442231076,0.0003900495066773,0.0042843702249229
0.1076139570749261,-0.0058851088397205,0.0255130995064974
0.1077139699267446,-0.0053892000578344,0.0189327690750360
0.1078139827785632,-0.0107640996575356,0.0190319493412971
0.1079139956303817,-0.0075368690304458,0.0154881095513701
0.1080140084822002,-0.0235814396291971,0.0224842391908169
0.1081140213340188,-0.0278004892170429,0.0256885793060064
0.1082140341858373,-0.0231618303805590,0.0286373291164637
0.1083140470376558,-0.0156049299985170,0.0272602308541536
0.1084140598894744,-0.0252179391682148,0.0253605209290981
0.1085140727412929,-0.0032682330347598,0.0185474809259176
0.1086140855931114,-0.0152997598052025,0.0014805749524385
0.1087140984449300,-0.0240468308329582,0.0147366104647517
0.1088141112967485,-0.0100660100579262,0.0067906188778579
0.1089141241485670,-0.0196141693741083,0.0202221293002367
0.1090141370003856,-0.0097417607903481,0.0090946899726987
0.1091141498522041,-0.0139379100874066,0.0262836702167988
0.1092141627040226,-0.0110120503231883,0.0291065406054258
0.1093141755558412,-0.0203084405511618,0.0311588402837515
0.1094141884076597,-0.0144376400858164,0.0156521406024694
0.1095142012594782,-0.0106916204094887,0.0127262696623802
0.1096142141112968,-0.0341900885105133,0.0192684605717659
0.1097142269631153,-0.0172566901892424,0.0125088300555944
0.1098142398149338,-0.0093946233391762,0.0222515501081944
0.1099142526667524,-0.0140561703592539,0.0217708908021450
0.1100142655185709,-0.0111493803560734,0.0262226406484842
0.1101142783703894,-0.0200108904391527,0.0226215701550245
0.1102142912222080,-0.0222424902021885,0.0275272596627474
0.1103143040740265,-0.0197057202458382,0.0273632295429707
0.1104143169258450,-0.0147046698257327,0.0305523108690977
0.1105143297776636,-0.0039281737990677,0.0194744504988194
0.1106143426294821,-0.0278043001890182,0.0126423500478268
0.1107143554813006,-0.0144681604579091,0.0169224292039871
0.1108143683331191,-0.0112027795985341,0.0243267398327589
0.1109143811849377,-0.0185307990759611,0.0148319797590375
0.1110143940367562,-0.0093412166461349,0.0293850097805262
0.1111144068885747,-0.0146703300997615,0.0126003902405500
0.1112144197403933,-0.0307034607976675,0.0244297292083502
0.1113144325922118,-0.0048589599318802,0.0152592202648520
0.1114144454440303,-0.0273083895444870,0.0233196597546339
0.1115144582958489,-0.0213918108493090,0.0161823797971010
0.1116144711476674,-0.0056066378019750,0.0072827138938010
0.1117144839994859,-0.0247525498270988,0.0169338695704937
0.1118144968513045,-0.0208386797457933,0.0232319198548794
0.1119145097031230,-0.0197171606123447,0.0125431697815657
0.1120145225549415,-0.0021734209731221,0.0173725597560406
0.1121145354067601,-0.0117139499634504,0.0214733500033617
0.1122145482585786,-0.0191602203994989,0.0222973208874464
0.1123145611103971,-0.0157766006886959,0.0156559497117996
0.1124145739622157,-0.0270718801766634,0.0190929807722569
0.1125145868140342,-0.0258778799325228,0.0265087392181158
0.1126145996658527,-0.0136823300272226,0.0259670503437519
0.1127146125176713,-0.0079374117776752,0.0177921801805496
0.1128146253694898,-0.0245618205517530,0.0137981995940208
0.1129146382213083,-0.0199956391006708,0.0122112901881337
0.1130146510731269,-0.0171308107674122,0.0223163906484842
0.1131146639249454,-0.0137052200734615,0.0086331125348806
0.1132146767767639,-0.0295094698667526,0.0172543097287416
0.1133146896285824,-0.0081662926822901,0.0097698904573917
0.1134147024804010,-0.0105847995728254,0.0121464403346181
0.1135147153322195,-0.0235318504273891,0.0132908504456282
0.1136147281840380,-0.0097875352948904,0.0078663611784577
0.1137147410358566,-0.0170583296567202,0.0131992902606726
0.1138147538876751,-0.0158605203032494,0.0202335808426142
0.1139147667394936,-0.0319546796381474,0.0188183300197124
0.1140147795913122,-0.0023870409931988,0.0119480798020959
0.1141147924431307,-0.0200452301651239,0.0108647104352713
0.1142148052949492,-0.0312527790665627,0.0104603497311473
0.1143148181467678,-0.0034704140853137,0.0079388404265046
0.1144148309985863,-0.0234021507203579,0.0249866805970669
0.1145148438504048,-0.0140294702723622,0.0108303697779775
0.1146148567022234,-0.0101766297593713,0.0133595103397965
0.1147148695540419,-0.0169400703161955,0.0085491901263595
0.1148148824058604,-0.0274533499032259,0.0123867699876428
0.1149148952576790,-0.0188054498285055,0.0131115596741438
0.1150149081094975,-0.0190114490687847,0.0219158492982388
0.1151149209613160,-0.0258778799325228,0.0144009198993444
0.1152149338131346,-0.0214909892529249,0.0091480957344174
0.1153149466649531,-0.0262975003570318,0.0123829497024417
0.1154149595167716,-0.0267133004963398,0.0161327905952930
0.1155149723685902,-0.0157575197517872,0.0102734295651317
0.1156149852204087,-0.0209989007562399,0.0108990399166942
0.1157149980722272,-0.0206250604242086,0.0157017298042774
0.1158150109240458,-0.0199574902653694,0.0030789289157838
0.1159150237758643,-0.0197743792086840,0.0045666568912566
0.1160150366276828,-0.0199841894209385,0.0013585049891844
0.1161150494795014,-0.0161695107817650,0.0201992392539978
0.1162150623313199,-0.0273618008941412,0.0132717704400420
0.1163150751831384,-0.0217198692262173,0.0137715004384518
0.1164150880349570,-0.0106000602245331,0.0051808208227158
0.1165151008867755,-0.0081510348245502,0.0013966519618407
0.1166151137385940,-0.0092458482831717,0.0096592642366886
0.1167151265904126,-0.0059079988859594,0.0094265686348081
0.1168151394422311,-0.0091466661542654,0.0105595299974084
0.1169151522940496,-0.0099324928596616,0.0142178097739816
0.1170151651458681,-0.0054998272098601,0.0184597503393888
0.1171151779976867,-0.0062589491717517,0.0196232292801142
0.1172151908495052,-0.0058164461515844,0.0282978191971779
0.1173152037013237,-0.0023870419245213,0.0368808694183826
0.1174152165531423,-0.0013418180169538,0.0368007607758045
0.1175152294049608,-0.0006856917752884,0.0343898795545101
0.1176152422567793,0.0033121008891612,-0.0270571000874043
0.1177152551085979,0.0055322479456663,-0.0284723509103060
0.1178152679604164,-0.0023260070011020,-0.0410951487720013
0.1179152808122349,-0.0017881359672174,-0.0441507101058960
0.1180152936640535,0.0000390983805119,-0.0447267293930054
0.1181153065158720,0.0031480689067394,-0.0378488488495350
0.1182153193676905,0.0074891829863191,-0.0230860095471144
0.1183153322195091,0.0062646679580212,-0.0124621102586389
0.1184153450713276,0.0042199958115816,-0.0069804009981453
0.1185153579231461,0.0029802229255438,-0.0047030327841640
0.1186153707749647,0.0018472609808668,-0.0027384681161493
0.1187153836267832,0.0005769701092504,-0.0014796219766140
0.1188153964786017,0.0005464524729177,-0.0006785374716856
0.1189154093304203,0.0002527208125684,-0.0002322190994164
0.1190154221822388,0.0001611686020624,-0.0000872610835359
0.1191154350340573,0.0000886893321876,-0.0000376701391360
0.1192154478858759,0.0000696158531355,-0.0000414848400396
0.1193154607376944,0.0001039480994223,-0.0000414848400396
0.1194154735895129,0.0001878710027086,-0.0000643730236334
0.1195154864413314,0.0002832403115463,-0.0000796318126959
0.1196154992931500,0.0003519029996824,-0.0001139640007750
0.1197155121449685,0.0004358257865533,-0.0001559254014865
0.1198155249967870,0.0006341901025735,-0.0001025199017022
0.1199155378486056,0.0009088477818295,-0.0003619185881689
0.1200155507004241,0.0014162020524964,0.0002675048017409
0.1201155635522426,0.0016260090051219,-0.0003733623889275
0.1202155764040612,0.0017290059477091,-0.0020594540983438
0.1203155892558797,0.0019006639486179,0.0019726699683815
0.1204156021076982,0.0034608729183674,0.0253147408366203
0.1205156149595168,0.0052423309534788,0.0200390294194221
0.1206156278113353,0.0061921891756356,0.0203060600906610
0.1207156406631538,0.0089692808687687,0.0164265204221010
0.1208156535149724,0.0129289301112294,0.0151562299579382
0.1209156663667909,0.0173501502722502,0.0166172496974468
0.1210156792186094,0.0236482005566359,0.0172886401414871
0.1211156920704280,0.0263566207140684,0.0151676703244448
0.1212157049222465,0.0267495401203632,0.0194172300398350
0.1213157177740650,0.0270737800747156,0.0190624706447124
0.1214157306258836,0.0262536294758320,0.0180096104741096
0.1215157434777021,0.0151452599093318,0.0196308493614197
0.1216157563295206,0.0147332800552249,0.0200008805841208
0.1217157691813392,0.0233163200318813,0.0201191306114197
0.1218157820331577,0.0232095103710890,0.0177959892898798
0.1219157948849762,0.0227135997265577,0.0183796398341656
0.1220158077367948,0.0255631692707539,0.0180859100073576
0.1221158205886133,0.0310181695967913,0.0099796978756785
0.1222158334404318,0.0302208997309208,0.0115170199424028
0.1223158462922504,0.0288323592394590,0.0056729181669652
0.1224158591440689,0.0351037010550499,-0.0008196820272133
0.1225158719958874,0.0258073098957539,0.0025639471132308
0.1226158848477060,0.0185174401849508,0.0045628407970071
0.1227158976995245,0.0136193800717592,0.0187878105789423
0.1228159105513430,0.0094232317060232,-0.0077814860269427
0.1229159234031616,0.0188111700117588,-0.0440896712243557
0.1230159362549801,0.0290192794054747,-0.0457757711410522
0.1231159491067986,0.0281838607043028,-0.0397256687283516
0.1232159619586171,0.0264748800545931,-0.0366281494498253
0.1233159748104357,0.0239495597779751,-0.0290102194994688
0.1234159876622542,0.0235261302441359,-0.0253977105021477
0.1235160005140727,0.0239457394927740,-0.0287737101316452
0.1236160133658913,0.0238541904836893,-0.0301050301641226
0.1237160262177098,0.0203713793307543,-0.0300478097051382
0.1238160390695283,0.0209474004805088,-0.0295900497585535
0.1239160519213469,0.0183000098913908,-0.0351785682141781
0.1240160647731654,0.0164727699011564,-0.0273698996752501
0.1241160776249839,0.0145082101225853,-0.0290483608841896
0.1242160904768025,0.0131959598511457,-0.0273813493549824
0.1243161033286210,0.0121202096343040,-0.0252641905099154
0.1244161161804395,0.0099038816988468,-0.0198282692581415
0.1245161290322581,0.0096139628440142,-0.0209078192710876
0.1246161418840766,0.0089807249605656,-0.0199961103498936
0.1247161547358951,0.0068902759812772,-0.0192942097783089
0.1248161675877137,0.0060472311452031,-0.0152391996234655
0.1249161804395322,0.0052995518781245,-0.0138468397781253
0.1250161932913507,0.0043153618462384,-0.0128512000665069
0.1251162061431693,0.0036973829846829,-0.0110506704077125
0.1252162189949878,0.0034189110156149,-0.0106844604015350
0.1253162318468063,0.0027704150415957,-0.0099673001095653
0.1254162446986249,0.0027208239771426,-0.0080408835783601
0.1255162575504434,0.0024042059667408,-0.0072092809714377
0.1256162704022619,0.0021676949691027,-0.0067324452102184
0.1257162832540805,0.0020074779167771,-0.0053706029430032
0.1258162961058990,0.0017747819656506,-0.0052523468621075
0.1259163089577175,0.0016336389817297,-0.0040430920198560
0.1260163218095361,0.0015840480336919,-0.0040430920198560
0.1261163346613546,0.0014505339786410,-0.0033907799515873
0.1262163475131731,0.0014238320291042,-0.0030093109235168
0.1263163603649917,0.0013780540321022,-0.0024981428869069
0.1264163732168102,0.0013132039457560,-0.0021548210643232
0.1265163860686287,0.0012712429743260,-0.0019488279940560
0.1266163989204473,0.0014352749567479,-0.0018496470293030
0.1267164117722658,0.0011796900071204,-0.0018000559648499
0.1268164246240843,0.0011186549672857,-0.0016856150468811
0.1269164374759028,0.0010156580246985,-0.0014681780012324
0.1270164503277214,0.0009775119833648,-0.0012354820501059
0.1271164631795399,0.0009050326771103,-0.0011591879883781
0.1272164760313584,0.0008516269153915,-0.0010294889798388
0.1273164888831770,0.0008363685919903,-0.0008807160193101
0.1274165017349955,0.0007638892857358,-0.0008845307165757
0.1275165145868140,0.0007524453103542,-0.0008997895056382
0.1276165274386326,0.0008096657111309,-0.0009303069091402
0.1277165402904511,0.0007944069220684,-0.0008540130802430
0.1278165531422696,0.0008287386735901,-0.0007739047287032
0.1279165659940882,0.0007638892857358,-0.0008845307165757
0.1280165788459067,0.0007448159158230,-0.0008273104904220
0.1281165916977252,0.0007677039830014,-0.0007166845025495
0.1282166045495438,0.0007371865212917,-0.0005564676830545
0.1283166174013623,0.0007181129767559,-0.0005259501049295
0.1284166302531808,0.0007448159158230,-0.0007395726861432
0.1285166431049994,0.0007829627720639,-0.0006480201845989
0.1286166559568179,0.0007333718240261,-0.0006442054873332
0.1287166688086364,0.0007333718240261,-0.0008769013220444
0.1288166816604550,0.0007028541876934,-0.0007739047287032
0.1289166945122735,0.0007142982794903,-0.0006976110162213
0.1290167073640920,0.0007066688849591,-0.0006937963189557
0.1291167202159106,0.0006608925177716,-0.0007777194259688
0.1292167330677291,0.0006341901025735,-0.0007014257134870
0.1293167459195476,0.0006799660040997,-0.0007853491115384
0.1294167587713662,0.0007295571267605,-0.0008196810958907
0.1295167716231847,0.0007257423712872,-0.0006976110162213
0.1296167844750032,0.0007104835822247,-0.0007090551080182
0.1297167973268218,0.0006952247931622,-0.0005984291201457
0.1298168101786403,0.0006914100958966,-0.0007243138970807
0.1299168230304588,0.0007219276740216,-0.0008769013220444
0.1300168358822774,0.0041551450267434,-0.0007395726861432
0.1301168487340959,0.0011033950140700,-0.0005602823803201
0.1302168615859144,0.0006418194971047,-0.0005297648021951
0.1303168744377329,0.0005731548881158,-0.0005488382885233
0.1304168872895515,0.0005998578271829,-0.0004687299078796
0.1305169001413700,0.0005464521236718,-0.0004649152106140
0.1306169129931886,0.0015001250430942,-0.0004458416951820
0.1307169258450071,0.0006761517724954,-0.0003962506016251
0.1308169386968256,0.0005426374264061,-0.0004534710897133
0.1309169515486441,0.0005159344873391,-0.0003314010100439
0.1310169644004627,0.0005197491846047,-0.0003619185881689
0.1311169772522812,0.0005655256099999,-0.0004801739996765
0.1312169901040997,0.0005159344873391,-0.0003695480118040
0.1313170029559183,0.0004968610010110,-0.0003695480118040
0.1314170158077368,0.0004892316064797,-0.0003428453055676
0.1315170286595553,0.0004968610010110,-0.0002818102075253
0.1316170415113739,0.0004930463037454,-0.0003542891936377
0.1317170543631924,0.0004587139992509,-0.0004496563924477
0.1318170672150109,0.0004358263104223,-0.0003428453055676
0.1319170800668295,0.0004434552101884,-0.0003962508926634
0.1320170929186480,0.0004358263104223,-0.0003657333145384
0.1321171057704665,0.0004816022119485,-0.0005526529857889
0.1322171186222851,0.0004434557049535,-0.0005335794994608
0.1323171314741036,0.0004472704022191,-0.0004687295877375
0.1324171443259221,0.0004358263104223,-0.0004763590113726
0.1325171571777407,0.0004396410076879,-0.0004916177713312
0.1326171700295592,0.0004358263104223,-0.0004839884059038
0.1327171828813777,0.0004434557049535,-0.0005831702728756
0.1328171957331963,0.0004396410076879,-0.0006289465236478
0.1329172085850148,0.0004625286965165,-0.0005755408783443
0.1330172214368333,0.0004281968867872,-0.0006213173037395
0.1331172342886519,0.0004472704022191,-0.0005755408783443
0.1332172471404704,0.0005235638818704,-0.0006480201845989
0.1333172599922889,0.0004396410076879,-0.0006403906154446
0.1334172728441075,0.0005044903955422,-0.0008654571720399
0.1335172856959260,0.0005006756982766,-0.0008349397103302
0.1336172985477445,0.0004663433937822,-0.0009837126126513
0.1337173113995631,0.0005235638818704,-0.0008425689884461
0.1338173242513816,0.0004663438885473,-0.0007815341232345
0.1339173371032001,0.0005121197900735,-0.0009913417743519
0.1340173499550186,0.0005350079736672,-0.0010333029786125
0.1341173628068372,0.0005197491846047,-0.0009188628173433
0.1342173756586557,0.0006151166162454,-0.0011019679950550
0.1343173885104743,0.0006074872217141,-0.0009417508845218
0.1344174013622928,0.0005464521236718,-0.0010371180251241
0.1345174142141113,0.0006036725244485,-0.0010371180251241
0.1346174270659298,0.0005731548881158,-0.0010638210223988
0.1347174399177484,0.0005464521236718,-0.0010943380184472
0.1348174527695669,0.0005578962154686,-0.0010333029786125
0.1349174656213854,0.0004930463037454,-0.0008540130802430
0.1350174784732040,0.0005121197900735,-0.0011477440129966
0.1351174913250225,0.0005845989799127,-0.0010218590032309
0.1352175041768410,0.0004892316064797,-0.0009341214899905
0.1353175170286595,0.0005350079736672,-0.0011134119704366
0.1354175298804781,0.0005426374264061,-0.0009455655817874
0.1355175427322966,0.0004892316064797,-0.0010142299579456
0.1356175555841152,0.0005540815182030,-0.0010523770470172
0.1357175684359337,0.0005617109127343,-0.0010142299579456
0.1358175812877522,0.0005121197900735,-0.0010485620005056
0.1359175941395707,0.0005845989799127,-0.0012087790528312
0.1360176069913893,0.0005693401908502,-0.0008730866247788
0.1361176198432078,0.0005388226709329,-0.0010256740497425
0.1362176326950263,0.0005083050928079,-0.0009379361872561
0.1363176455468449,0.0005350079736672,-0.0009913417743519
0.1364176583986634,0.0005197491846047,-0.0009341214899905
0.1365176712504819,0.0004968610010110,-0.0010790800442919
0.1366176841023005,0.0005235638818704,-0.0010180450044572
0.1367176969541190,0.0005121197900735,-0.0010523770470172
0.1368177098059375,0.0004701580910478,-0.0009913420071825
0.1369177226577561,0.0005083050928079,-0.0011095970403403
0.1370177355095746,0.0004816022119485,-0.0009150481200777
0.1371177483613931,0.0004396405129228,-0.0008349397103302
0.1372177612132117,0.0004320110892877,-0.0008730866247788
0.1373177740650302,0.0004548993019853,-0.0009226775146089
0.1374177869168487,0.0005044903955422,-0.0009989711688831
0.1375177997686673,0.0004281965084374,-0.0008692722185515
0.1376178126204858,0.0004472699074540,-0.0010485620005056
0.1377178254723043,0.0004892316064797,-0.0010218590032309
0.1378178383241229,0.0004930463037454,-0.0009684538235888
0.1379178511759414,0.0004205671139061,-0.0008692719275132
0.1380178640277600,0.0004205671139061,-0.0009455655817874
0.1381178768795785,0.0004854169092141,-0.0009112335974351
0.1382178897313970,0.0005083050928079,-0.0008997892728075
0.1383179025832155,0.0004396405129228,-0.0008311250130646
0.1384179154350341,0.0004281984001864,-0.0008959748083726
0.1385179282868526,0.0004892335273325,-0.0010294889798388
0.1386179411386711,0.0005083050928079,-0.0009684538235888
0.1387179539904897,0.0005044923163950,-0.0009264922118746
0.1388179668423082,0.0004167543083895,-0.0008501983829774
0.1389179796941267,0.0004396424919832,-0.0010180450044572
0.1390179925459452,0.0005083070136607,-0.0009798976825550
0.1391180053977638,0.0005197505815886,-0.0008654575212859
0.1392180182495823,0.0004396424919832,-0.0007395725115202
0.1393180311014009,0.0004281984001864,-0.0008311250130646
0.1394180439532194,0.0005121211870573,-0.0008807160193101
0.1395180568050379,0.0005044923163950,-0.0007929782150313
0.1396180696568564,0.0005006776191294,-0.0006937963189557
0.1397180825086750,0.0004243837029207,-0.0006594639853574
0.1398180953604935,0.0004663452855311,-0.0007662752759643
0.1399181082123120,0.0005044923163950,-0.0008425692794845
0.1400181210641306,0.0005197505815886,-0.0008273104904220
0.1401181339159491,0.0004739747091662,-0.0006670933798887
0.1402181467677676,0.0004472718865145,-0.0006327613955364
0.1403181596195862,0.0004854188009631,-0.0008082370040938
0.1404181724714047,0.0005006776191294,-0.0007472017896362
0.1405181853232232,0.0005044923163950,-0.0008006073767319
0.1406181981750418,0.0005006776191294,-0.0007166845025495
0.1407182110268603,0.0004129396111239,-0.0006709084264003
0.1408182238786788,0.0004014954902232,-0.0008730869158171
0.1409182367304974,0.0004472718865145,-0.0007586461724713
0.1410182495823159,0.0004816041036975,-0.0006136880838312
0.1411182624341344,0.0004816041036975,-0.0007166845025495
0.1412182752859530,0.0003900513984263,-0.0006937966099940
0.1413182881377715,0.0003900513984263,-0.0006327613955364
0.1414183009895900,0.0004472718865145,-0.0007014257134870
0.1415183138414086,0.0004663452855311,-0.0005946147139184
0.1416183266932271,0.0004930482245982,-0.0006213173037395
0.1417183395450456,0.0004549013101496,-0.0006556495791301
0.1418183523968642,0.0004129396111239,-0.0006899816216901
0.1419183652486827,0.0004472718865145,-0.0006861669244245
0.1420183781005012,0.0004472718865145,-0.0006632789736614
0.1421183909523198,0.0004549013101496,-0.0005946147139184
0.1422184038041383,0.0004243837029207,-0.0005106914904900
0.1423184166559568,0.0003633484884631,-0.0005259501049295
0.1424184295077754,0.0003328314051032,-0.0006518348818645
0.1425184423595939,0.0003595337911975,-0.0006442054873332
0.1426184552114124,0.0003404603048693,-0.0006556495791301
0.1427184680632309,0.0003290167078376,-0.0005640970775858
0.1428184809150495,0.0003747926093638,-0.0005640970775858
0.1429184937668680,0.0003595337911975,-0.0005450235912576
0.1430185066186866,0.0001039499984472,-0.0001559254014865
0.1431185194705051,-0.0001440048072254,0.0000691410314175
0.1432185323223236,-0.0002126694016624,0.0002179138973588
0.1433185451741421,-0.0003309244930279,0.0002522460126784
0.1434185580259607,-0.0003080363094341,0.0002331724972464
0.1435185708777792,-0.0002813334867824,0.0002217284054495
0.1436185837295977,-0.0002470012113918,0.0002179137954954
0.1437185965814163,-0.0002012252953136,0.0002179137954954
0.1438186094332348,-0.0001974105980480,0.0002255431027152
0.1439186222850533,-0.0002012252953136,0.0002179137954954
0.1440186351368719,-0.0002393718023086,0.0002179137954954
0.1441186479886904,-0.0002393718023086,0.0002331724972464
0.1442186608405089,-0.0002126694016624,0.0002255431027152
0.1443186736923275,-0.0001859665062511,0.0002255431027152
0.1444186865441460,-0.0002660746977199,0.0002255431027152
0.1445186993959645,-0.0002202987961937,0.0002140990982298
0.1446187122477831,-0.0001707077026367,0.0002102844009642
0.1447187250996016,-0.0001630782935536,0.0001912110019475
0.1448187379514201,-0.0001554488990223,0.0001797668955987
0.1449187508032387,-0.0001516342017567,0.0001759521983331
0.1450187636550572,-0.0001516342017567,0.0001683230948402
0.1451187765068757,-0.0001592635962879,0.0001645083975745
0.1452187893586943,-0.0001173018972622,0.0001568790030433
0.1453188022105128,-0.0001096725973184,0.0001530643057777
0.1454188150623313,-0.0001173018972622,0.0001416201994289
0.1455188279141499,-0.0001134873018600,0.0001416201994289
0.1456188407659684,-0.0001249313063454,0.0001416201994289
0.1457188536177869,-0.0001020432027872,0.0001301760930801
0.1458188664696055,-0.0001211166018038,0.0001416200975655
0.1459188793214240,-0.0001211166018038,0.0001416201994289
0.1460188921732425,-0.0001325607008766,0.0001378055021632
0.1461189050250611,-0.0001249313063454,0.0001378055021632
0.1462189178768796,-0.0001249313063454,0.0001378055021632
0.1463189307286981,-0.0000982284618658,0.0001301760930801
0.1464189435805166,-0.0000944137573242,0.0001225466985488
0.1465189564323352,-0.0001096725973184,0.0001187320012832
0.1466189692841537,-0.0000867843700689,0.0001187320012832
0.1467189821359723,-0.0000791549828136,0.0001072879022104
0.1468189949877908,-0.0001173018972622,0.0001721375010675
0.1469190078396093,-0.0000486373901367,0.0001759521983331
0.1470190206914278,-0.0000638961791992,0.0002179138973588
0.1471190335432463,-0.0000982284618658,0.0002675048017409
0.1472190463950649,-0.0002164840989280,0.0003094662970398
0.1473190592468834,-0.0003499980084598,0.0004162774130236
0.1474190720987020,-0.0004148473963141,0.0005116448155604
0.1475190849505205,-0.0003995891020168,0.0006108267116360
0.1476190978023390,-0.0002813334867824,0.0006489735096693
0.1477191106541575,-0.0002431869943393,0.0007672287756577
0.1478191235059761,-0.0001821517944336,0.0010418860474601
0.1479191363577946,-0.0002126694016624,0.0012516940478235
0.1480191492096132,-0.0001821517944336,0.0013394319685176
0.1481191620614317,-0.0000753407512093,0.0016827540239319
0.1482191749132502,-0.0008611680241302,0.0019612261094153
0.1483191877650687,-0.0002202987961937,0.0021290720906109
0.1484192006168873,-0.0002775191969704,0.0024151729885489
0.1485192134687058,-0.0004034037992824,0.0024533199612051
0.1486192263205244,-0.0007886873208918,0.0026173519436270
0.1487192391723429,-0.0009145718067884,0.0026287960354239
0.1488192520241614,-0.0003957744047511,0.0027356070932001
0.1489192648759800,-0.0008382779196836,0.0029263410251588
0.1490192777277985,-0.0009069424122572,0.0029263419564813
0.1491192905796170,-0.0010633450001478,0.0029454149771482
0.1492193034314356,-0.0014524429570884,0.0030980031006038
0.1493193162832541,-0.0021123839542270,0.0032086279243231
0.1494193291350726,-0.0025739609263837,0.0032200720161200
0.1495193419868912,-0.0027379919774830,0.0031208910513669
0.1496193548387097,-0.0028867649380118,0.0032772929407656
0.1497193676905282,-0.0031766819301993,0.0033306980039924
0.1498193805423468,-0.0030546120833606,0.0039677508175373
0.1499193933941653,-0.0034208230208606,0.0045399540103972
0.1500194062459838,-0.0037870330270380,0.0048146122135222
0.1501194190978023,-0.0038442509248853,0.0059819058515131
0.1502194319496209,-0.0038061051163822,0.0071759028360248
0.1503194448014394,-0.0051565039902925,0.0089993225410581
0.1504194576532580,-0.0050077307969332,0.0112919500097632
0.1505194705050765,-0.0064077209681273,0.0142254400998354
0.1506194833568950,-0.0069875540211797,0.0157322492450476
0.1507194962087135,-0.0096158748492599,0.0179943591356277
0.1508195090605320,-0.0114354798570275,0.0234760604798794
0.1509195219123506,-0.0101461196318269,0.0249675996601582
0.1510195347641691,-0.0127858798950911,0.0320972502231598
0.1511195476159877,-0.0203160699456930,0.0315364897251129
0.1512195604678062,-0.0216702893376350,0.0382732301950455
0.1513195733196247,-0.0268391892313957,0.0434688404202461
0.1514195861714432,-0.0270718801766634,0.0559581182897091
0.1515195990232618,-0.0361546501517296,0.0569232404232025
0.1516196118750803,-0.0433491505682468,0.0655253529548645
0.1517196247268989,-0.0510777011513710,0.0716708227992058
0.1518196375787174,-0.0501583702862263,0.0772440731525421
0.1519196504305359,-0.0452221594750881,0.0850000008940697
0.1520196632823544,-0.0454472303390503,0.0850000008940697
0.1521196761341730,-0.0435780286788940,0.0850000008940697
0.1522196889859915,-0.0485371202230453,0.0850000008940697
0.1523197018378100,-0.0434941090643406,0.0850000008940697
0.1524197146896286,-0.0446232594549656,0.0850000008940697
0.1525197275414471,-0.0400761514902115,0.0850000008940697
0.1526197403932656,-0.0407971292734146,0.0850000008940697
0.1527197532450842,-0.0454663001000881,0.0850000008940697
0.1528197660969027,-0.0463627502322197,0.0850000008940697
0.1529197789487212,-0.0502995103597641,0.0850000008940697
0.1530197918005398,-0.0519550889730453,0.0850000008940697
0.1531198046523583,-0.0534428097307682,0.0850000008940697
0.1532198175041768,-0.0501583702862263,0.0850000008940697
0.1533198303559954,-0.0461338683962822,0.0850000008940697
0.1534198432078139,-0.0540188290178776,0.0850000008940697
0.1535198560596324,-0.0446919202804565,0.0850000008940697
0.1536198689114510,-0.0429219081997871,0.0850000008940697
0.1537198817632695,-0.0490711815655231,0.0850000008940697
0.1538198946150880,-0.0530460812151432,0.0850000008940697
0.1539199074669066,-0.0392216593027115,0.0850000008940697
0.1540199203187251,-0.0478657409548759,0.0850000008940697
0.1541199331705436,-0.0364331193268299,0.0850000008940697
0.1542199460223622,-0.0529964901506901,0.0850000008940697
0.1543199588741807,-0.0447300709784031,0.0850000008940697
0.1544199717259992,-0.0442951917648315,0.0850000008940697
0.1545199845778178,-0.0378331094980240,0.0850000008940697
0.1546199974296363,-0.0363720916211605,0.0850000008940697
0.1547200102814548,-0.0475681908428669,0.0850000008940697
0.1548200231332734,0.0002641649043653,0.0401843897998333
0.1549200359850919,-0.0105008799582720,0.0201992392539978
0.1550200488369104,-0.0053663118742406,0.0124516198411584
0.1551200616887290,-0.0031309060286731,0.0029225270263851
0.1552200745405475,-0.0050763972103596,0.0053334091790020
0.1553200873923660,-0.0010671609779820,0.0075306692160666
0.1554201002441846,-0.0061216200701892,0.0110478103160858
0.1555201130960031,-0.0209760107100010,0.0202717203646898
0.1556201259478216,-0.0157575197517872,0.0008130050846376
0.1557201387996401,-0.0077314199879766,0.0030369670130312
0.1558201516514587,0.0030488870106637,0.0085987811908126
0.1559201645032772,-0.0020666080527008,-0.0066294488497078
0.1560201773550957,-0.0137929599732161,0.0230945907533169
0.1561201902069143,-0.0160359907895327,0.0081143174320459
0.1562202030587328,-0.0223531108349562,0.0073284897953272
0.1563202159105513,-0.0106801697984338,0.0143017396330833
0.1564202287623699,-0.0104474695399404,0.0209049601107836
0.1565202416141884,-0.0096730934455991,0.0293468590825796
0.1566202544660069,-0.0050725829787552,0.0370067507028580
0.1567202673178255,-0.0061979140155017,0.0324481986463070
0.1568202801696440,-0.0017881359672174,0.0257305391132832
0.1569202930214625,-0.0015592559939250,0.0275387000292540
0.1570203058732811,0.0027780430391431,0.0286564007401466
0.1571203187250996,0.0101403901353478,0.0319027006626129
0.1572203315769181,0.0156716909259558,0.0255703199654818
0.1573203444287367,-0.0070257000625134,0.0200504697859287
0.1574203572805552,0.0105638196691871,0.0128254499286413
0.1575203701323737,0.0057649440132082,0.0184330400079489
0.1576203829841923,-0.0049657691270113,0.0128178298473358
0.1577203958360108,-0.0031843099277467,0.0205387491732836
0.1578204086878293,-0.0044088279828429,0.0269359797239304
0.1579204215396479,0.0156907606869936,0.0101856896653771
0.1580204343914664,-0.0051565058529377,0.0235943198204041
0.1581204472432849,-0.0308407898992300,-0.0057902177795768
0.1582204600951035,-0.0195989105850458,0.0212635397911072
0.1583204729469220,-0.0135221099480987,0.0138287199661136
0.1584204857987405,-0.0223302301019430,-0.0137743595987558
0.1585204986505591,-0.0059614051133394,0.0165295191109180
0.1586205115023776,-0.0101613700389862,0.0326923392713070
0.1587205243541961,-0.0204266998916864,-0.0083346143364906
0.1588205372060147,-0.0123967798426747,0.0024228030815721
0.1589205500578332,-0.0146550796926022,0.0367740616202354
0.1590205629096517,-0.0077390479855239,-0.0039286511018872
0.1591205757614703,-0.0117787998169661,0.0302776508033276
0.1592205886132888,-0.0129575403407216,0.0204586405307055
0.1593206014651073,-0.0208386797457933,0.0225567203015089
0.1594206143169259,-0.0256909690797329,0.0243725106120110
0.1595206271687444,-0.0204648394137621,0.0070385742001235
0.1596206400205629,-0.0143346395343542,0.0207371208816767
0.1597206528723814,-0.0082769189029932,0.0078282142058015
0.1598206657242000,-0.0180081892758608,0.0238270107656717
0.1599206785760185,-0.0256146695464849,0.0188755504786968
0.1600206914278371,-0.0107412002980709,0.0241321902722120
0.1601207042796556,-0.0276936795562506,0.0243725106120110
0.1602207171314741,-0.0208196099847555,0.0189785398542881
0.1603207299832926,-0.0144948596134782,0.0147747602313757
0.1604207428351112,-0.0240468308329582,0.0200428403913975
0.1605207556869297,-0.0159062892198563,0.0189098808914423
0.1606207685387482,-0.0251721702516079,0.0154575901106000
0.1607207813905668,-0.0159291792660952,0.0084614520892501
0.1608207942423853,-0.0261525399982929,0.0259594190865755
0.1609208070942038,-0.0247525498270988,0.0142941102385521
0.1610208199460224,-0.0181760303676128,0.0095028616487980
0.1611208327978409,-0.0201520398259163,0.0100712496787310
0.1612208456496594,-0.0042104627937078,0.0143437003716826
0.1613208585014780,-0.0082807326689363,0.0208706296980381
0.1614208713532965,-0.0063733910210431,0.0183414891362190
0.1615208842051150,-0.0096959844231606,0.0230183005332947
0.1616208970569336,-0.0160245504230261,0.0209202207624912
0.1617209099087521,0.0048799379728734,0.0054020727984607
0.1618209227605706,-0.0011777880135924,0.0138516100123525
0.1619209356123892,-0.0137853296473622,0.0302204303443432
0.1620209484642077,-0.0156316403299570,0.0198139604181051
0.1621209613160262,-0.0325802899897099,0.0195354893803596
0.1622209741678448,-0.0207318700850010,0.0187801793217659
0.1623209870196633,-0.0110769001767039,0.0144161796197295
0.1624209998714818,-0.0202741101384163,0.0284427795559168
0.1625210127233004,-0.0177678596228361,0.0203518308699131
0.1626210255751189,-0.0150136603042483,0.0069355769082904
0.1627210384269374,-0.0150785101577640,0.0258869398385286
0.1628210512787560,-0.0095243193209171,0.0028729359619319
0.1629210641305745,-0.0155705995857716,0.0292514991015196
0.1630210769823930,-0.0163487903773785,0.0247768703848124
0.1631210898342116,-0.0188207104802132,0.0138134602457285
0.1632211026860301,-0.0189046394079924,0.0257992092519999
0.1633211155378486,-0.0154866799712181,0.0173649303615093
0.1634211283896671,-0.0121144903823733,0.0318378508090973
0.1635211412414857,-0.0070638479664922,0.0184978898614645
0.1636211540933042,-0.0161962099373341,0.0291523095220327
0.1637211669451228,-0.0261182095855474,0.0191540196537971
0.1638211797969413,-0.0093869948759675,0.0098118511959910
0.1639211926487598,-0.0052709439769387,0.0114254597574472
0.1640212055005783,-0.0243977792561054,0.0144009198993444
0.1641212183523969,-0.0282887704670429,0.0218853391706944
0.1642212312042154,-0.0177907496690750,0.0203441996127367
0.1643212440560340,-0.0320233404636383,0.0153240701183677
0.1644212569078525,-0.0242070499807596,0.0239567104727030
0.1645212697596710,0.0024652390275151,0.0104069402441382
0.1646212826114895,-0.0144109297543764,0.0199322197586298
0.1647212954633080,-0.0152806900441647,0.0133099202066660
0.1648213083151266,-0.0052251699380577,0.0229114908725023
0.1649213211669451,-0.0230473894625902,0.0210117697715759
0.1650213340187637,-0.0113019598647952,0.0071377558633685
0.1651213468705822,-0.0101384799927473,0.0233196597546339
0.1652213597224007,-0.0176915694028139,0.0223698001354933
0.1653213725742192,-0.0309781208634377,0.0127148302271962
0.1654213854260378,-0.0079870047047734,0.0183529406785965
0.1655213982778563,-0.0125569999217987,0.0250171907246113
0.1656214111296749,-0.0262669809162617,0.0185780003666878
0.1657214239814934,-0.0296124592423439,0.0256962105631828
0.1658214368333119,-0.0089025264605880,0.0139546003192663
0.1659214496851305,-0.0113591803237796,0.0180935394018888
0.1660214625369490,-0.0298299007117748,0.0254673305898905
0.1661214753887675,-0.0245084092020988,0.0172848198562860
0.1662214882405861,-0.0198125299066305,0.0236973091959953
0.1663215010924046,-0.0185346100479364,0.0193562004715204
0.1664215139442231,-0.0253705307841301,0.0165409594774246
0.1665215267960417,-0.0204991791397333,0.0189022496342659
0.1666215396478602,-0.0153188295662403,0.0097050406038761
0.1667215524996787,-0.0150136603042483,0.0034069919493049
0.1668215653514973,0.0003290137974545,0.0135845802724361
0.1669215782033158,-0.0157384499907494,0.0193676408380270
0.1670215910551343,-0.0161008406430483,0.0296291504055262
0.1671216039069528,-0.0076017212122679,0.0082897916436195
0.1672216167587714,0.0014123870059848,0.0140156401321292
0.1673216296105899,-0.0103978803381324,0.0159534998238087
0.1674216424624085,-0.0257520005106926,0.0126881301403046
0.1675216553142270,-0.0305737592279911,0.0116238296031952
0.1676216681660455,-0.0050611388869584,0.0107273804023862
0.1677216810178640,-0.0251225791871548,0.0179256908595562
0.1678216938696826,-0.0030088340863585,0.0233730599284172
0.1679217067215011,-0.0060872901231050,0.0207981504499912
0.1680217195733197,-0.0234250407665968,0.0184025298804045
0.1681217324251382,-0.0205487702041864,0.0140308998525143
0.1682217452769567,-0.0265683401376009,0.0176662895828485
0.1683217581287752,-0.0151929501444101,0.0162662994116545
0.1684217709805937,-0.0110158603638411,0.0174183398485184
0.1685217838324123,-0.0220365002751350,0.0236057601869106
0.1686217966842308,-0.0093450332060456,0.0048069818876684
0.1687218095360494,-0.0151586197316647,0.0215305704623461
0.1688218223878679,-0.0178021900355816,0.0061306790448725
0.1689218352396864,-0.0084180636331439,0.0178455803543329
0.1690218480915049,-0.0187253504991531,0.0197986997663975
0.1691218609433235,-0.0266484506428242,0.0250133797526360
0.1692218737951420,-0.0314778499305248,0.0162853691726923
0.1693218866469605,-0.0266446396708488,0.0161060895770788
0.1694218994987791,-0.0199498608708382,0.0100216595456004
0.1695219123505976,-0.0092382198199630,0.0112576195970178
0.1696219252024161,-0.0220097899436951,0.0081219449639320
0.1697219380542347,-0.0152921304106712,0.0022358829155564
0.1698219509060532,-0.0209760107100010,0.0113758696243167
0.1699219637578717,-0.0268010403960943,0.0025219849776477
0.1700219766096903,-0.0216779094189405,0.0102925002574921
0.1701219894615088,-0.0143804196268320,0.0075421128422022
0.1702220023133273,-0.0209187902510166,0.0000042911769924
0.1703220151651459,-0.0208806507289410,0.0157246198505163
0.1704220280169644,-0.0107221296057105,0.0059323147870600
0.1705220408687829,-0.0164136495441198,0.0081562772393227
0.1706220537206015,-0.0119809797033668,0.0134510602802038
0.1707220665724200,-0.0080442223697901,0.0137142799794674
0.1708220794242385,-0.0149640599265695,0.0072483820840716
0.1709220922760571,-0.0092954402789474,0.0074238581582904
0.1710221051278756,-0.0065641230903566,0.0194057896733284
0.1711221179796941,-0.0035238179843873,0.0178494006395340
0.1712221308315127,-0.0088834539055824,0.0186695493757725
0.1713221436833312,-0.0040311720222235,0.0333408415317535
0.1714221565351497,-0.0146359996870160,0.0535548701882362
0.1715221693869683,-0.0012350060278550,0.0390857607126236
0.1716221822387868,-0.0026388110127300,0.0358737893402576
0.1717221950906054,0.0053567718714476,0.0099186627194285
0.1718222079424239,0.0025491630658507,-0.0459169112145901
0.1719222207942424,-0.0024251879658550,-0.0455125495791435
0.1720222336460609,-0.0082959914579988,-0.0453752316534519
0.1721222464978794,-0.0081090731546283,-0.0385049693286419
0.1722222593496980,-0.0067090820521116,-0.0303262807428837
0.1723222722015165,-0.0034818560816348,-0.0230020899325609
0.1724222850533351,-0.0023870440199971,-0.0152201196178794
0.1725222979051536,-0.0014791470021009,-0.0088610416278243
0.1726223107569721,-0.0006437296979129,-0.0049853189848363
0.1727223236087906,-0.0002698898024391,-0.0025134019088000
0.1728223364606092,-0.0000905990673346,-0.0011439289664850
0.1729223493124277,-0.0000257496794802,-0.0005602820892818
0.1730223621642462,0.0000352854694938,-0.0001978871005122
0.1731223750160648,0.0000314707795042,-0.0000720022871974
0.1732223878678833,0.0000200266804313,-0.0000338554382324
0.1733224007197018,0.0000162100805028,-0.0000147819500853
0.1734224135715204,0.0000085806850620,-0.0000109672600956
0.1735224264233389,0.0000085806850620,-0.0000109672600956
0.1736224392751574,0.0000047659877964,-0.0000071527961154
0.1737224521269760,0.0000085806850620,-0.0000033378601074
0.1738224649787945,0.0000009517669923,-0.0000071527961154
0.1739224778306130,-0.0000257492101809,0.0000004765988137
0.1740224906824316,-0.0000104923301478,-0.0000071527961154
0.1741225035342501,-0.0000257511092059,-0.0000033380990772
0.1742225163860686,-0.0000066776278800,0.0000004765988137
0.1743225292378872,-0.0000448227001471,0.0000004765988137
0.1744225420897057,-0.0000295639092656,-0.0000033380990772
0.1745225549415242,-0.0000028629299322,0.0000042912961362
0.1746225677933428,-0.0000066776278800,-0.0000033380990772
0.1747225806451613,-0.0000066776278800,-0.0000033380990772
0.1748225934969798,-0.0000066776278800,0.0000004765988137
0.1749226063487984,-0.0000028629299322,0.0000004765988137
0.1750226192006169,-0.0000104923301478,0.0000004765988137
0.1751226320524354,-0.0000066776278800,0.0000004765988137
0.1752226449042540,-0.0000066776278800,-0.0000033380990772
0.1753226577560725,-0.0000066776278800,0.0000004765988137
0.1754226706078910,-0.0000066776278800,0.0000004765988137
0.1755226834597096,-0.0000028629299322,-0.0000033380990772
0.1756226963115281,-0.0000104923301478,0.0000004765988137
0.1757227091633466,-0.0000066776278800,0.0000004765988137
0.1758227220151651,-0.0000066776278800,0.0000004765988137
0.1759227348669837,-0.0000104923301478,0.0000004765988137
0.1760227477188022,-0.0000066776278800,-0.0000033380990772
0.1761227605706208,-0.0000028629299322,0.0000004765988137
0.1762227734224393,-0.0000028629299322,0.0000004765988137
0.1763227862742578,-0.0000028629299322,0.0000004765988137
0.1764227991260763,-0.0000066776278800,0.0000042912961362
0.1765228119778949,-0.0000066776278800,0.0000004765988137
0.1766228248297134,-0.0000066776278800,0.0000004765988137
0.1767228376815319,0.0000009517669923,0.0000004765988137
0.1768228505333505,-0.0000028629299322,0.0000004765988137
0.1769228633851690,0.0000009517669923,0.0000042912961362
0.1770228762369875,-0.0000028629299322,0.0000004765988137
0.1771228890888061,-0.0000066776278800,0.0000042912961362
0.1772229019406246,0.0000009517669923,-0.0000033380990772
0.1773229147924431,-0.0000104923301478,-0.0000033380990772
0.1774229276442617,-0.0000066776278800,0.0000004765988137
0.1775229404960802,-0.0000104923301478,0.0000004765988137
0.1776229533478987,-0.0000028629299322,-0.0000033380990772
0.1777229661997173,-0.0000028629299322,0.0000042912961362
0.1778229790515358,0.0000009517669923,0.0000042912961362
0.1779229919033543,-0.0000028629299322,-0.0000033380990772
0.1780230047551729,0.0000009517669923,0.0000004765988137
0.1781230176069914,-0.0000028629299322,0.0000004765988137
0.1782230304588099,-0.0000028629299322,-0.0000033380990772
0.1783230433106285,0.0000047664639169,0.0000004765988137
0.1784230561624470,-0.0000028629299322,0.0000004765988137
0.1785230690142655,-0.0000028629299322,0.0000004765988137
0.1786230818660841,0.0000009517669923,0.0000004765988137
0.1787230947179026,0.0000009517669923,0.0000004765988137
0.1788231075697211,0.0000047664639169,0.0000004765988137
0.1789231204215397,-0.0000066776278800,0.0000004765988137
0.1790231332733582,0.0000009517669923,0.0000042912961362
0.1791231461251767,-0.0000028629299322,-0.0000033380990772
0.1792231589769953,-0.0000028629299322,0.0000042912961362
0.1793231718288138,0.0000085811616373,0.0000004765988137
0.1794231846806323,0.0000009517669923,-0.0000071527961154
0.1795231975324508,0.0000009517669923,0.0000004765988137
0.1796232103842694,0.0000009517669923,0.0000004765988137
0.1797232232360879,-0.0000028629299322,0.0000004765988137
0.1798232360879065,-0.0000028629299322,-0.0000033380990772
0.1799232489397250,0.0000047664639169,-0.0000033380990772
0.1800232617915435,0.0000009517669923,0.0000004765988137
0.1801232746433620,0.0000009517669923,-0.0000033380990772
0.1802232874951806,-0.0000028629299322,-0.0000033380990772
0.1803233003469991,0.0000009517669923,0.0000004765988137
0.1804233131988176,0.0000047664639169,-0.0000033380990772
0.1805233260506362,0.0000009517669923,-0.0000033380990772
0.1806233389024547,0.0000009517669923,0.0000004765988137
0.1807233517542732,-0.0000066776278800,-0.0000033380990772
0.1808233646060917,-0.0000143070201375,0.0000004765988137
0.1809233774579103,-0.0000028629299322,-0.0000033380990772
0.1810233903097288,0.0000009517669923,0.0000004765988137
0.1811234031615474,0.0000009517669923,-0.0000033380990772
0.1812234160133659,0.0000047659877964,0.0000042912961362
0.1813234288651844,0.0000047659877964,0.0000004765988137
0.1814234417170029,0.0000009517669923,-0.0000033378601074
0.1815234545688215,0.0000047659877964,0.0000004765988137
0.1816234674206400,0.0000047659877964,0.0000004765988137
0.1817234802724585,0.0000047659877964,0.0000004765988137
0.1818234931242771,0.0000047659877964,0.0000004765988137
0.1819235059760956,0.0000009517669923,0.0000004765988137
0.1820235188279141,0.0000009517669923,0.0000004765988137
0.1821235316797327,0.0000009517669923,0.0000004765988137
0.1822235445315512,-0.0000104923301478,0.0000004765988137
0.1823235573833697,-0.0000028629299322,0.0000004765988137
0.1824235702351883,-0.0000066776278800,0.0000004765988137
0.1825235830870068,0.0000009517669923,0.0000004765988137
0.1826235959388254,0.0000009517669923,0.0000004765988137
0.1827236087906439,0.0000009517669923,0.0000004765988137
0.1828236216424624,0.0000009517669923,0.0000042912961362
0.1829236344942810,0.0000009517669923,0.0000004765988137
0.1830236473460995,0.0000047659877964,0.0000042912961362
0.1831236601979180,0.0000009517669923,0.0000004765988137
0.1832236730497365,0.0000047659877964,0.0000004765988137
0.1833236859015551,0.0000009517669923,0.0000004765988137
0.1834236987533736,0.0000047664639169,-0.0000033380990772
0.1835237116051922,0.0000047659877964,0.0000004765988137
0.1836237244570107,0.0000047659877964,0.0000004765988137
0.1837237373088292,0.0000009517669923,0.0000004765988137
0.1838237501606477,0.0000009531975138,0.0000004765988137
0.1839237630124663,-0.0000753402709961,0.0000004765988137
0.1840237758642848,-0.0000371932983398,-0.0000033380990772
0.1841237887161033,-0.0000219364192162,0.0000004765988137
0.1842238015679219,-0.0000028629299322,-0.0000033380990772
0.1843238144197404,0.0000009517669923,-0.0000033380990772
0.1844238272715589,0.0000009517669923,-0.0000033380990772
0.1845238401233774,0.0000009517669923,0.0000004765988137
0.1846238529751960,0.0000047659877964,0.0000004765988137
0.1847238658270145,0.0000047664639169,0.0000004765988137
0.1848238786788331,0.0000009517669923,0.0000004765988137
0.1849238915306516,0.0000047664639169,0.0000004765988137
0.1850239043824701,0.0000009517669923,0.0000004765988137
0.1851239172342886,-0.0000028629299322,0.0000004765988137
0.1852239300861072,0.0000047664639169,0.0000004765988137
0.1853239429379257,0.0000009517669923,0.0000004765988137
0.1854239557897442,-0.0000028629299322,0.0000004765988137
0.1855239686415628,0.0000009517669923,0.0000004765988137
0.1856239814933813,-0.0000104923301478,0.0000004765988137
0.1857239943451998,0.0000009517669923,0.0000004765988137
0.1858240071970184,-0.0000028629299322,-0.0000033380990772
0.1859240200488369,-0.0000028629299322,0.0000042912961362
0.1860240329006554,0.0000009517669923,0.0000042912961362
0.1861240457524740,0.0000047664639169,-0.0000033380990772
0.1862240586042925,0.0000009517669923,0.0000004765988137
0.1863240714561110,0.0000009517669923,-0.0000033380990772
0.1864240843079296,-0.0000028629299322,-0.0000033380990772
0.1865240971597481,-0.0000028629299322,0.0000004765988137
0.1866241100115666,0.0000009517669923,0.0000004765988137
0.1867241228633852,-0.0000028610229492,0.0000004765988137
0.1868241357152037,0.0000009517669923,0.0000042912961362
0.1869241485670222,-0.0000028629299322,0.0000042912961362
0.1870241614188408,0.0000009517669923,0.0000004765988137
0.1871241742706593,-0.0000066757211243,-0.0000033380990772
0.1872241871224778,0.0000009517669923,0.0000004765988137
0.1873241999742964,-0.0000181217201316,0.0000004765988137
0.1874242128261149,-0.0000028629299322,0.0000004765988137
0.1875242256779334,-0.0000028629299322,-0.0000033380990772
0.1876242385297520,-0.0000028629299322,0.0000004765988137
0.1877242513815705,0.0000009517669923,0.0000004765988137
0.1878242642333890,0.0000009517669923,0.0000004765988137
0.1879242770852076,-0.0000066776278800,-0.0000033380990772
0.1880242899370261,-0.0000028629299322,-0.0000033380990772
0.1881243027888446,-0.0000028610229492,0.0000004765988137
0.1882243156406631,0.0000009517669923,0.0000042912961362
0.1883243284924817,-0.0000028629299322,0.0000004765988137
0.1884243413443002,-0.0000066776278800,-0.0000033380990772
0.1885243541961188,-0.0000028629299322,0.0000004765988137
0.1886243670479373,-0.0000028629299322,0.0000004765988137
0.1887243798997558,0.0000009517669923,0.0000004765988137
0.1888243927515743,-0.0000028629299322,0.0000004765988137
0.1889244056033929,-0.0000104923301478,-0.0000033380990772
0.1890244184552114,-0.0000028629299322,0.0000004765988137
0.1891244313070299,-0.0000104923301478,0.0000004765988137
0.1892244441588485,-0.0000066776278800,-0.0000033380990772
0.1893244570106670,-0.0000028629299322,-0.0000033380990772
0.1894244698624855,-0.0000028629299322,-0.0000033380990772
0.1895244827143041,-0.0000066776278800,0.0000004765988137
0.1896244955661226,-0.0000028629299322,0.0000042912961362
0.1897245084179411,-0.0000028629299322,-0.0000033380990772
0.1898245212697597,-0.0000066776278800,0.0000004765988137
0.1899245341215782,-0.0000028629299322,0.0000004765988137
0.1900245469733967,-0.0000066776278800,0.0000004765988137
0.1901245598252153,-0.0000028629299322,0.0000004765988137
0.1902245726770338,-0.0000066776278800,0.0000004765988137
0.1903245855288523,-0.0000028629299322,0.0000004765988137
0.1904245983806709,-0.0000066776278800,0.0000004765988137
0.1905246112324894,-0.0000028629299322,0.0000004765988137
0.1906246240843079,0.0000009517669923,0.0000004765988137
0.1907246369361265,-0.0000104923301478,0.0000004765988137
0.1908246497879450,-0.0000143070201375,0.0000004765988137
0.1909246626397635,-0.0000104923301478,0.0000004765988137
0.1910246754915821,-0.0000066776278800,0.0000004765988137
0.1911246883434006,-0.0000028629299322,0.0000004765988137
0.1912247011952191,-0.0000028629299322,0.0000004765988137
0.1913247140470377,-0.0000104923301478,0.0000042912961362
0.1914247268988562,-0.0000028629299322,0.0000004765988137
0.1915247397506747,-0.0000066776278800,0.0000004765988137
0.1916247526024933,-0.0000028629299322,0.0000004765988137
0.1917247654543118,-0.0000028629299322,0.0000004765988137
0.1918247783061303,-0.0000066776278800,-0.0000033380990772
0.1919247911579489,-0.0000066776278800,-0.0000033380990772
0.1920248040097674,-0.0000066776278800,-0.0000033380990772
0.1921248168615859,-0.0000143051202031,0.0000004765988137
0.1922248297134045,-0.0000333786010742,0.0000004765988137
0.1923248425652230,-0.0000104923301478,0.0000004765988137
0.1924248554170415,-0.0000143070201375,0.0000004765988137
0.1925248682688600,-0.0000066776278800,0.0000042912961362
0.1926248811206786,-0.0000028629299322,0.0000004765988137
0.1927248939724971,-0.0000028629299322,-0.0000033380990772
0.1928249068243156,-0.0000028629299322,-0.0000033380990772
0.1929249196761342,-0.0000028629299322,-0.0000071527961154
0.1930249325279527,-0.0000066776278800,-0.0000033380990772
0.1931249453797712,-0.0000028629299322,-0.0000033380990772
0.1932249582315898,-0.0000295639092656,-0.0000033380990772
0.1933249710834083,-0.0000104923301478,-0.0000033380990772
0.1934249839352268,-0.0000066776278800,0.0000004765988137
0.1935249967870454,-0.0000066776278800,0.0000004765988137
0.1936250096388639,-0.0000028629299322,0.0000042912961362
0.1937250224906824,-0.0000028629299322,-0.0000071527961154
0.1938250353425010,-0.0000028629299322,0.0000004765988137
0.1939250481943195,-0.0000028629299322,0.0000004765988137
0.1940250610461380,-0.0000066776278800,0.0000004765988137
0.1941250738979566,-0.0000143070201375,0.0000004765988137
0.1942250867497751,-0.0000104923301478,0.0000004765988137
0.1943250996015936,0.0000009517669923,0.0000004765988137
0.1944251124534122,-0.0000066776278800,0.0000004765988137
0.1945251253052307,-0.0000066776278800,0.0000004765988137
0.1946251381570492,-0.0000028629299322,0.0000004765988137
0.1947251510088678,-0.0000028629299322,-0.0000033380990772
0.1948251638606863,-0.0000028629299322,0.0000004765988137
0.1949251767125048,-0.0000028629299322,0.0000004765988137
0.1950251895643234,-0.0000066776278800,0.0000042912961362
0.1951252024161419,-0.0000028629299322,-0.0000033380990772
0.1952252152679604,0.0000009517669923,-0.0000033380990772
0.1953252281197790,-0.0000028629299322,0.0000004765988137
0.1954252409715975,-0.0000028629299322,0.0000004765988137
0.1955252538234160,-0.0000066776278800,-0.0000033380990772
0.1956252666752346,-0.0000143070201375,0.0000004765988137
0.1957252795270531,-0.0000028629299322,-0.0000033380990772
0.1958252923788716,-0.0000104923301478,-0.0000033380990772
0.1959253052306902,-0.0000066776278800,-0.0000033380990772
0.1960253180825087,-0.0000028629299322,0.0000004765988137
0.1961253309343272,-0.0000028629299322,0.0000004765988137
0.1962253437861458,-0.0000028629299322,-0.0000033380990772
0.1963253566379643,-0.0000028629299322,0.0000042912961362
0.1964253694897828,-0.0000028629299322,0.0000042912961362
0.1965253823416013,-0.0000028629299322,0.0000004765988137
0.1966253951934199,0.0000009517669923,0.0000004765988137
0.1967254080452384,0.0000009517669923,0.0000004765988137
0.1968254208970570,-0.0000028629299322,0.0000004765988137
0.1969254337488755,-0.0000028629299322,0.0000004765988137
0.1970254466006940,-0.0000066776278800,0.0000004765988137
0.1971254594525125,0.0000009517669923,0.0000042912961362
0.1972254723043311,0.0000009517669923,0.0000004765988137
0.1973254851561496,-0.0000066776278800,0.0000004765988137
0.1974254980079681,-0.0000066776278800,-0.0000033380990772
0.1975255108597867,-0.0000066776278800,0.0000004765988137
0.1976255237116052,-0.0000028629299322,0.0000004765988137
0.1977255365634237,0.0000009517669923,0.0000042912961362
0.1978255494152422,-0.0000028629299322,0.0000004765988137
0.1979255622670608,0.0000009517669923,0.0000004765988137
0.1980255751188793,0.0000009517669923,0.0000004765988137
0.1981255879706979,0.0000009517669923,0.0000004765988137
0.1982256008225164,0.0000009517669923,0.0000004765988137
0.1983256136743349,0.0000047664639169,0.0000004765988137
0.1984256265261534,-0.0000028629299322,-0.0000033380990772
0.1985256393779720,0.0000047664639169,0.0000004765988137
0.1986256522297905,0.0000009517669923,0.0000004765988137
0.1987256650816091,0.0000009517669923,-0.0000033380990772
0.1988256779334276,0.0000047664639169,-0.0000033380990772
0.1989256907852461,-0.0000066776278800,0.0000004765988137
0.1990257036370646,0.0000009517669923,0.0000004765988137
0.1991257164888832,-0.0000028629299322,0.0000004765988137
0.1992257293407017,0.0000009517669923,0.0000004765988137
0.1993257421925202,0.0000009517669923,0.0000004765988137
0.1994257550443388,0.0000047664639169,0.0000004765988137
0.1995257678961573,0.0000009517669923,0.0000042912961362
0.1996257807479759,0.0000009517669923,0.0000004765988137
0.1997257935997944,-0.0000028629299322,0.0000004765988137
0.1998258064516129,0.0000047664639169,0.0000004765988137
0.1999258193034315,0.0000009517669923,0.0000004765988137
0.2000258321552500,-0.0000028629299322,0.0000004765988137
0.2001258450070685,0.0000009517669923,0.0000004765988137
0.2002258578588870,0.0000009517669923,-0.0000033380990772
0.2003258707107056,0.0000009517669923,0.0000004765988137
0.2004258835625241,0.0000009517669923,0.0000004765988137
0.2005258964143427,0.0000047664639169,-0.0000033378601074
0.2006259092661612,0.0000047664639169,0.0000042912961362
0.2007259221179797,-0.0000028629299322,-0.0000033380990772
0.2008259349697982,-0.0000143070201375,-0.0000033380990772
0.2009259478216168,0.0000009517669923,-0.0000033380990772
0.2010259606734353,0.0000009517669923,0.0000004765988137
0.2011259735252539,0.0000009517669923,0.0000004765988137
0.2012259863770724,-0.0000028629299322,-0.0000033378601074
0.2013259992288909,-0.0000028629299322,0.0000004765988137
0.2014260120807094,-0.0000028629299322,0.0000004765988137
0.2015260249325279,0.0000009517669923,0.0000004765988137
0.2016260377843465,0.0000009517669923,0.0000004765988137
0.2017260506361650,0.0000009517669923,-0.0000033380990772
0.2018260634879836,0.0000047664639169,0.0000004765988137
0.2019260763398021,-0.0000028629299322,-0.0000033380990772
0.2020260891916206,0.0000009517669923,0.0000042912961362
0.2021261020434391,0.0000009517669923,0.0000004765988137
0.2022261148952577,-0.0000028629299322,-0.0000033380990772
0.2023261277470762,-0.0000028629299322,-0.0000033380990772
0.2024261405988948,-0.0000143070201375,0.0000004765988137
0.2025261534507133,-0.0000028629299322,-0.0000033380990772
0.2026261663025318,-0.0000066757211243,0.0000004765988137
0.2027261791543503,0.0000009517669923,0.0000004765988137
0.2028261920061689,0.0000009517669923,-0.0000033378601074
0.2029262048579874,0.0000047664639169,-0.0000033380990772
0.2030262177098059,0.0000009517669923,-0.0000033378601074
0.2031262305616245,0.0000009517669923,0.0000004765988137
0.2032262434134430,0.0000009517669923,0.0000004765988137
0.2033262562652615,-0.0000028629299322,-0.0000033380990772
0.2034262691170801,-0.0000028629299322,-0.0000033380990772
0.2035262819688986,0.0000009517669923,0.0000004765988137
0.2036262948207171,-0.0000028629299322,0.0000004765988137
0.2037263076725357,0.0000009517669923,0.0000004765988137
0.2038263205243542,0.0000009517669923,0.0000004765988137
0.2039263333761727,0.0000009517669923,0.0000004765988137
0.2040263462279913,-0.0000066776278800,0.0000004765988137
0.2041263590798098,-0.0000143070201375,0.0000004765988137
0.2042263719316283,-0.0000066776278800,0.0000004765988137
0.2043263847834469,0.0000009517669923,-0.0000033380990772
0.2044263976352654,0.0000009517669923,-0.0000033380990772
0.2045264104870839,0.0000009517669923,0.0000004765988137
0.2046264233389025,-0.0000028629299322,-0.0000033380990772
0.2047264361907210,-0.0000028629299322,0.0000004765988137
0.2048264490425395,-0.0000028629299322,0.0000004765988137
0.2049264618943581,-0.0000028629299322,-0.0000033380990772
0.2050264747461766,-0.0000028629299322,-0.0000033380990772
0.2051264875979951,-0.0000028629299322,0.0000042912961362
0.2052265004498136,0.0000009517669923,-0.0000033380990772
0.2053265133016322,0.0000047664639169,-0.0000033380990772
0.2054265261534507,0.0000009517669923,-0.0000033380990772
0.2055265390052693,0.0000009517669923,0.0000004765988137
0.2056265518570878,-0.0000066776278800,0.0000004765988137
0.2057265647089063,-0.0000104904202090,0.0000004765988137
0.2058265775607248,-0.0000066776278800,-0.0000033380990772
0.2059265904125434,0.0000009517669923,-0.0000033380990772
0.2060266032643619,-0.0000028629299322,-0.0000033380990772
0.2061266161161805,0.0000009517669923,0.0000004765988137
0.2062266289679990,-0.0000028629299322,-0.0000033380990772
0.2063266418198175,0.0000009517669923,-0.0000033380990772
0.2064266546716360,-0.0000028629299322,0.0000042912961362
0.2065266675234546,-0.0000028629299322,0.0000004765988137
0.2066266803752731,0.0000009517669923,-0.0000033380990772
0.2067266932270916,0.0000009517669923,0.0000004765988137
0.2068267060789102,-0.0000028629299322,0.0000004765988137
0.2069267189307287,0.0000009517669923,0.0000004765988137
0.2070267317825472,-0.0000028629299322,-0.0000033380990772
0.2071267446343658,0.0000009517669923,-0.0000033380990772
0.2072267574861843,0.0000009517669923,-0.0000033380990772
0.2073267703380028,-0.0000143070201375,0.0000004765988137
0.2074267831898214,-0.0000028629299322,0.0000004765988137
0.2075267960416399,-0.0000066776278800,-0.0000033380990772
0.2076268088934584,0.0000009517669923,0.0000004765988137
0.2077268217452770,-0.0000066776278800,0.0000004765988137
0.2078268345970955,-0.0000028629299322,0.0000004765988137
0.2079268474489140,-0.0000066776278800,0.0000004765988137
0.2080268603007326,-0.0000028629299322,0.0000004765988137
0.2081268731525511,-0.0000028629299322,-0.0000033380990772
0.2082268860043696,-0.0000028629299322,-0.0000033380990772
0.2083268988561882,-0.0000028629299322,0.0000004765988137
0.2084269117080067,-0.0000028629299322,0.0000004765988137
0.2085269245598252,0.0000009517669923,0.0000042912961362
0.2086269374116438,-0.0000028629299322,0.0000004765988137
0.2087269502634623,-0.0000066776278800,0.0000004765988137
0.2088269631152808,-0.0000028629299322,0.0000004765988137
0.2089269759670993,-0.0000104923301478,-0.0000033380990772
0.2090269888189179,-0.0000028629299322,0.0000042912961362
0.2091270016707364,-0.0000104923301478,-0.0000033380990772
0.2092270145225550,-0.0000066776278800,0.0000004765988137
0.2093270273743735,-0.0000028629299322,0.0000004765988137
0.2094270402261920,-0.0000028629299322,0.0000004765988137
0.2095270530780105,0.0000009517669923,0.0000004765988137
0.2096270659298291,-0.0000066776278800,-0.0000033380990772
0.2097270787816476,-0.0000028629299322,0.0000004765988137
0.2098270916334662,0.0000009517669923,-0.0000033380990772
0.2099271044852847,-0.0000066776278800,0.0000004765988137
0.2100271173371032,0.0000009517669923,-0.0000033380990772
0.2101271301889217,-0.0000028629299322,-0.0000033380990772
0.2102271430407402,0.0000009517669923,0.0000004765988137
0.2103271558925588,0.0000009517669923,0.0000004765988137
0.2104271687443773,-0.0000028629299322,-0.0000033380990772
0.2105271815961959,0.0000009517669923,0.0000004765988137
0.2106271944480144,-0.0000104923301478,-0.0000033380990772
0.2107272072998329,-0.0000104923301478,-0.0000033380990772
0.2108272201516515,-0.0000143070201375,-0.0000033380990772
0.2109272330034700,-0.0000066776278800,-0.0000033380990772
0.2110272458552885,-0.0000066776278800,-0.0000033380990772
0.2111272587071071,0.0000009517669923,0.0000004765988137
0.2112272715589256,-0.0000028629299322,0.0000042912961362
0.2113272844107441,-0.0000066776278800,0.0000004765988137
0.2114272972625627,0.0000009517669923,0.0000042912961362
0.2115273101143812,-0.0000028629299322,0.0000004765988137
0.2116273229661997,-0.0000028629299322,0.0000004765988137
0.2117273358180183,-0.0000066776278800,0.0000042912961362
0.2118273486698368,-0.0000028629299322,0.0000004765988137
0.2119273615216553,-0.0000028629299322,0.0000004765988137
0.2120273743734739,-0.0000066776278800,-0.0000033380990772
0.2121273872252924,-0.0000028629299322,0.0000004765988137
0.2122274000771109,-0.0000028629299322,-0.0000033380990772
0.2123274129289295,-0.0000066776278800,-0.0000033380990772
0.2124274257807480,-0.0000104923301478,-0.0000033380990772
0.2125274386325665,-0.0000028629299322,0.0000004765988137
0.2126274514843850,-0.0000028629299322,-0.0000033380990772
0.2127274643362036,-0.0000028629299322,0.0000004765988137
0.2128274771880221,-0.0000028629299322,0.0000042912961362
0.2129274900398407,-0.0000028629299322,0.0000004765988137
0.2130275028916592,-0.0000028629299322,0.0000042912961362
0.2131275157434777,-0.0000028629299322,0.0000004765988137
0.2132275285952962,-0.0000028629299322,-0.0000033380990772
0.2133275414471148,-0.0000028629299322,-0.0000033380990772
0.2134275542989333,-0.0000028629299322,-0.0000033380990772
0.2135275671507519,-0.0000066776278800,-0.0000033380990772
0.2136275800025704,-0.0000028629299322,-0.0000033380990772
0.2137275928543889,-0.0000028629299322,0.0000004765988137
0.2138276057062074,-0.0000066776278800,-0.0000033380990772
0.2139276185580259,-0.0000028629299322,0.0000004765988137
0.2140276314098445,-0.0000066776278800,0.0000004765988137
0.2141276442616630,-0.0000181217201316,-0.0000033380990772
0.2142276571134816,-0.0000066776278800,-0.0000033380990772
0.2143276699653001,-0.0000066776278800,-0.0000033380990772
0.2144276828171186,-0.0000104923301478,0.0000004765988137
0.2145276956689371,-0.0000066776278800,-0.0000033380990772
0.2146277085207557,0.0000009517669923,0.0000004765988137
0.2147277213725742,-0.0000028629299322,-0.0000033380990772
0.2148277342243928,-0.0000028629299322,0.0000004765988137
0.2149277470762113,-0.0000066776278800,0.0000004765988137
0.2150277599280298,-0.0000028629299322,0.0000004765988137
0.2151277727798483,0.0000009517669923,-0.0000033380990772
0.2152277856316669,-0.0000028629299322,0.0000004765988137
0.2153277984834854,-0.0000066776278800,-0.0000033380990772
0.2154278113353039,-0.0000028629299322,0.0000004765988137
0.2155278241871225,-0.0000066776278800,0.0000004765988137
0.2156278370389410,-0.0000104923301478,-0.0000033380990772
0.2157278498907595,-0.0000028629299322,-0.0000033380990772
0.2158278627425781,-0.0000066776278800,0.0000004765988137
0.2159278755943966,-0.0000104923301478,-0.0000033380990772
0.2160278884462151,-0.0000028629299322,-0.0000033380990772
0.2161279012980337,-0.0000028629299322,0.0000042912961362
0.2162279141498522,0.0000009517669923,0.0000004765988137
0.2163279270016707,-0.0000028629299322,0.0000004765988137
0.2164279398534893,0.0000009517669923,-0.0000033380990772
0.2165279527053078,-0.0000028629299322,-0.0000033380990772
0.2166279655571264,-0.0000028629299322,0.0000004765988137
0.2167279784089449,0.0000047664639169,-0.0000033380990772
0.2168279912607634,-0.0000028629299322,0.0000042912961362
0.2169280041125819,-0.0000028629299322,0.0000004765988137
0.2170280169644005,-0.0000028629299322,0.0000004765988137
0.2171280298162190,-0.0000028629299322,0.0000042912961362
0.2172280426680376,-0.0000028629299322,0.0000004765988137
0.2173280555198561,-0.0000104923301478,0.0000004765988137
0.2174280683716746,-0.0000028629299322,0.0000004765988137
0.2175280812234931,-0.0000066776278800,-0.0000033380990772
0.2176280940753116,-0.0000028629299322,0.0000004765988137
0.2177281069271302,-0.0000028629299322,0.0000004765988137
0.2178281197789487,0.0000009517669923,0.0000004765988137
0.2179281326307673,0.0000009517669923,0.0000004765988137
0.2180281454825858,0.0000009517669923,0.0000004765988137
0.2181281583344043,-0.0000028629299322,0.0000004765988137
0.2182281711862228,0.0000009517669923,0.0000004765988137
0.2183281840380414,0.0000047664639169,-0.0000033380990772
0.2184281968898599,0.0000009517669923,-0.0000033380990772
0.2185282097416785,0.0000009517669923,0.0000004765988137
0.2186282225934970,0.0000047664639169,0.0000004765988137
0.2187282354453155,0.0000009517669923,0.0000042912961362
0.2188282482971340,0.0000009517669923,0.0000042912961362
0.2189282611489526,-0.0000028629299322,-0.0000033380990772
0.2190282740007711,-0.0000066776278800,0.0000004765988137
0.2191282868525896,-0.0000028629299322,0.0000004765988137
0.2192282997044082,-0.0000028629299322,0.0000004765988137
0.2193283125562267,0.0000047659877964,0.0000042912961362
0.2194283254080452,-0.0000028629299322,0.0000004765988137
0.2195283382598638,0.0000009517669923,0.0000004765988137
0.2196283511116823,0.0000047664639169,0.0000004765988137
0.2197283639635008,0.0000009517669923,-0.0000033378601074
0.2198283768153194,0.0000009517669923,0.0000004765988137
0.2199283896671379,-0.0000028629299322,0.0000004765988137
0.2200284025189564,0.0000085806850620,-0.0000071525578278
0.2201284153707750,0.0000009517669923,-0.0000071525578278
0.2202284282225935,0.0000047664639169,-0.0000033380990772
0.2203284410744120,0.0000047664639169,-0.0000033380990772
0.2204284539262306,0.0000009517669923,0.0000042912961362
0.2205284667780491,0.0000047664639169,0.0000004765988137
0.2206284796298676,0.0000047659877964,0.0000042912961362
0.2207284924816862,-0.0000066776278800,0.0000004765988137
0.2208285053335047,-0.0000219364192162,-0.0000033380990772
0.2209285181853232,-0.0000028629299322,-0.0000033380990772
0.2210285310371418,0.0000009517669923,-0.0000033380990772
0.2211285438889603,0.0000047664639169,0.0000004765988137
0.2212285567407788,0.0000009517669923,0.0000004765988137
0.2213285695925973,0.0000009517669923,0.0000004765988137
0.2214285824444159,0.0000047659877964,-0.0000033380990772
0.2215285952962344,0.0000009517669923,0.0000004765988137
0.2216286081480530,0.0000047664639169,-0.0000033380990772
0.2217286209998715,0.0000009517669923,0.0000004765988137
0.2218286338516900,0.0000009517669923,-0.0000033380990772
0.2219286467035085,0.0000009517669923,-0.0000033380990772
0.2220286595553271,0.0000047664639169,0.0000042912961362
0.2221286724071456,-0.0000028629299322,-0.0000033380990772
0.2222286852589642,-0.0000028629299322,0.0000004765988137
0.2223286981107827,-0.0000028629299322,-0.0000033380990772
0.2224287109626012,-0.0000181217201316,-0.0000033380990772
0.2225287238144197,-0.0000066776278800,0.0000004765988137
0.2226287366662383,-0.0000028629299322,0.0000004765988137
0.2227287495180568,0.0000009517669923,0.0000004765988137
0.2228287623698753,0.0000009517669923,0.0000004765988137
0.2229287752216939,0.0000009517669923,0.0000004765988137
0.2230287880735124,0.0000009517669923,0.0000004765988137
0.2231288009253309,-0.0000028629299322,-0.0000033380990772
0.2232288137771495,-0.0000028610229492,0.0000004765988137
0.2233288266289680,-0.0000028629299322,-0.0000033380990772
0.2234288394807865,-0.0000028610229492,0.0000004765988137
0.2235288523326051,0.0000009517669923,0.0000004765988137
0.2236288651844236,0.0000047664639169,0.0000004765988137
0.2237288780362421,0.0000047664639169,0.0000004765988137
0.2238288908880607,0.0000009517669923,-0.0000033380990772
0.2239289037398792,0.0000009517669923,0.0000004765988137
0.2240289165916977,-0.0000066776278800,-0.0000033380990772
0.2241289294435163,-0.0000181217201316,0.0000004765988137
0.2242289422953348,0.0000009517669923,-0.0000033380990772
0.2243289551471533,-0.0000028629299322,0.0000004765988137
0.2244289679989719,0.0000009517669923,-0.0000071527961154
0.2245289808507904,-0.0000028629299322,-0.0000033380990772
0.2246289937026089,-0.0000028629299322,0.0000042912961362
0.2247290065544275,-0.0000028629299322,-0.0000033380990772
0.2248290194062460,-0.0000028629299322,0.0000004765988137
0.2249290322580645,-0.0000028629299322,-0.0000033380990772
0.2250290451098830,0.0000009517669923,0.0000004765988137
0.2251290579617016,0.0000047664639169,-0.0000033380990772
0.2252290708135201,-0.0000028629299322,0.0000004765988137
0.2253290836653387,0.0000009517669923,-0.0000033380990772
0.2254290965171572,-0.0000028629299322,0.0000004765988137
0.2255291093689757,-0.0000028629299322,0.0000004765988137
0.2256291222207942,-0.0000104923301478,0.0000042912961362
0.2257291350726128,-0.0000028629299322,-0.0000033380990772
0.2258291479244313,-0.0000066776278800,-0.0000033380990772
0.2259291607762499,-0.0000028629299322,0.0000004765988137
0.2260291736280684,-0.0000028629299322,0.0000004765988137
0.2261291864798869,-0.0000028629299322,-0.0000033380990772
0.2262291993317054,0.0000047664639169,0.0000004765988137
0.2263292121835240,-0.0000028629299322,0.0000004765988137
0.2264292250353425,0.0000009517669923,0.0000004765988137
0.2265292378871610,-0.0000028629299322,0.0000004765988137
0.2266292507389796,0.0000009517669923,-0.0000033380990772
0.2267292635907981,0.0000009517669923,0.0000004765988137
0.2268292764426166,0.0000009517669923,-0.0000033380990772
0.2269292892944352,0.0000009517669923,0.0000004765988137
0.2270293021462537,-0.0000028629299322,-0.0000033380990772
0.2271293149980722,0.0000009517669923,0.0000004765988137
0.2272293278498908,-0.0000028629299322,0.0000004765988137
0.2273293407017093,-0.0000104923301478,0.0000004765988137
0.2274293535535278,-0.0000028629299322,0.0000004765988137
0.2275293664053464,-0.0000104923301478,0.0000004765988137
0.2276293792571649,-0.0000028629299322,-0.0000033380990772
0.2277293921089834,-0.0000066776278800,0.0000004765988137
0.2278294049608020,-0.0000066776278800,-0.0000033380990772
0.2279294178126205,-0.0000028629299322,0.0000004765988137
0.2280294306644390,0.0000009517669923,0.0000004765988137
0.2281294435162576,-0.0000066776278800,0.0000004765988137
0.2282294563680761,-0.0000028629299322,-0.0000033380990772
0.2283294692198946,-0.0000028629299322,0.0000042912961362
0.2284294820717132,-0.0000028629299322,0.0000042912961362
0.2285294949235317,-0.0000028629299322,0.0000004765988137
0.2286295077753502,-0.0000066776278800,-0.0000033380990772
0.2287295206271687,-0.0000066776278800,0.0000004765988137
0.2288295334789873,-0.0000066776278800,-0.0000033380990772
0.2289295463308058,-0.0000104923301478,-0.0000033380990772
0.2290295591826244,-0.0000066776278800,-0.0000071527961154
0.2291295720344429,-0.0000066776278800,-0.0000033380990772
0.2292295848862614,-0.0000028629299322,0.0000004765988137
0.2293295977380799,-0.0000028629299322,0.0000004765988137
0.2294296105898985,-0.0000066776278800,-0.0000033380990772
0.2295296234417170,-0.0000066776278800,-0.0000033380990772
0.2296296362935356,-0.0000028629299322,0.0000004765988137
0.2297296491453541,0.0000009517669923,0.0000004765988137
0.2298296619971726,-0.0000028629299322,0.0000004765988137
0.2299296748489911,0.0000009517669923,-0.0000033380990772
0.2300296877008097,-0.0000028629299322,0.0000004765988137
0.2301297005526282,0.0000009517669923,-0.0000033380990772
0.2302297134044467,0.0000009517669923,0.0000004765988137
0.2303297262562653,0.0000009517669923,0.0000004765988137
0.2304297391080838,-0.0000066776278800,0.0000004765988137
0.2305297519599023,-0.0000028629299322,0.0000004765988137
0.2306297648117209,-0.0000066776278800,0.0000004765988137
0.2307297776635394,-0.0000104923301478,-0.0000033380990772
0.2308297905153579,-0.0000143070201375,-0.0000033380990772
0.2309298033671765,-0.0000104923301478,0.0000004765988137
0.2310298162189950,-0.0000028629299322,-0.0000033380990772
0.2311298290708135,-0.0000028629299322,0.0000042912961362
0.2312298419226321,-0.0000028629299322,-0.0000033380990772
0.2313298547744506,-0.0000028629299322,0.0000004765988137
0.2314298676262691,-0.0000028629299322,0.0000042912961362
0.2315298804780876,-0.0000028629299322,0.0000042912961362
0.2316298933299062,0.0000009517669923,0.0000004765988137
0.2317299061817247,-0.0000066776278800,0.0000004765988137
0.2318299190335433,-0.0000028629299322,-0.0000033380990772
0.2319299318853618,0.0000009517669923,0.0000042912961362
0.2320299447371803,-0.0000028629299322,0.0000042912961362
0.2321299575889988,-0.0000028629299322,-0.0000033380990772
0.2322299704408174,-0.0000066776278800,0.0000004765988137
0.2323299832926359,-0.0000066776278800,0.0000004765988137
0.2324299961444544,-0.0000143070201375,-0.0000033380990772
0.2325300089962730,-0.0000028629299322,-0.0000033380990772
0.2326300218480915,-0.0000028629299322,-0.0000033380990772
0.2327300346999100,-0.0000028629299322,0.0000042912961362
0.2328300475517286,-0.0000028629299322,-0.0000033380990772
0.2329300604035471,-0.0000028629299322,0.0000004765988137
0.2330300732553656,-0.0000028629299322,0.0000004765988137
0.2331300861071842,-0.0000028629299322,-0.0000033380990772
0.2332300989590027,0.0000009517669923,0.0000004765988137
0.2333301118108213,-0.0000066776278800,-0.0000033380990772
0.2334301246626398,-0.0000066776278800,-0.0000033380990772
0.2335301375144583,-0.0000066776278800,0.0000004765988137
0.2336301503662768,-0.0000028629299322,-0.0000033380990772
0.2337301632180954,0.0000009517669923,0.0000004765988137
0.2338301760699139,-0.0000028629299322,-0.0000033380990772
0.2339301889217324,-0.0000028629299322,0.0000004765988137
0.2340302017735510,-0.0000143070201375,-0.0000033380990772
0.2341302146253695,-0.0000219364192162,-0.0000033380990772
0.2342302274771880,-0.0000104923301478,0.0000042912961362
0.2343302403290066,-0.0000066776278800,0.0000042912961362
0.2344302531808251,-0.0000028629299322,0.0000004765988137
0.2345302660326436,-0.0000028629299322,0.0000004765988137
0.2346302788844622,-0.0000028629299322,0.0000004765988137
0.2347302917362807,0.0000009517669923,0.0000004765988137
0.2348303045880992,-0.0000028629299322,-0.0000033380990772
0.2349303174399178,0.0000047664639169,0.0000004765988137
0.2350303302917363,-0.0000028629299322,0.0000004765988137
0.2351303431435548,-0.0000066776278800,-0.0000033380990772
0.2352303559953733,0.0000009517669923,0.0000004765988137
0.2353303688471919,0.0000047664639169,0.0000004765988137
0.2354303816990104,-0.0000028629299322,0.0000004765988137
0.2355303945508290,0.0000009517669923,0.0000004765988137
0.2356304074026475,-0.0000104923301478,0.0000042912961362
0.2357304202544660,0.0000009517669923,0.0000004765988137
0.2358304331062845,-0.0000066776278800,0.0000004765988137
0.2359304459581031,-0.0000028629299322,-0.0000033380990772
0.2360304588099216,0.0000009517669923,-0.0000033380990772
0.2361304716617401,0.0000009517669923,0.0000004765988137
0.2362304845135587,0.0000009517669923,0.0000004765988137
0.2363304973653772,-0.0000028629299322,0.0000004765988137
0.2364305102171957,-0.0000028629299322,0.0000004765988137
0.2365305230690143,0.0000009517669923,0.0000004765988137
0.2366305359208328,-0.0000028629299322,0.0000004765988137
0.2367305487726513,-0.0000028629299322,-0.0000033380990772
0.2368305616244699,-0.0000028629299322,0.0000004765988137
0.2369305744762884,-0.0000066776278800,-0.0000033380990772
0.2370305873281069,-0.0000028629299322,-0.0000033380990772
0.2371306001799255,-0.0000028629299322,0.0000042912961362
0.2372306130317440,0.0000009517669923,0.0000004765988137
0.2373306258835625,-0.0000104923301478,-0.0000033380990772
0.2374306387353811,-0.0000066776278800,0.0000004765988137
0.2375306515871996,-0.0000104923301478,0.0000004765988137
0.2376306644390181,-0.0000028629299322,0.0000004765988137
0.2377306772908367,0.0000009517669923,0.0000004765988137
0.2378306901426552,-0.0000028629299322,0.0000004765988137
0.2379307029944737,0.0000009517669923,-0.0000033380990772
0.2380307158462923,-0.0000028629299322,-0.0000033380990772
0.2381307286981108,0.0000009517669923,-0.0000033380990772
0.2382307415499293,0.0000009517669923,0.0000004765988137
0.2383307544017479,0.0000009517669923,0.0000004765988137
0.2384307672535664,0.0000009517669923,0.0000042912961362
0.2385307801053849,0.0000009517669923,0.0000004765988137
0.2386307929572035,0.0000009517669923,0.0000004765988137
0.2387308058090220,-0.0000066776278800,-0.0000033380990772
0.2388308186608405,0.0000009517669923,-0.0000071527961154
0.2389308315126590,-0.0000066776278800,-0.0000071527961154
0.2390308443644776,-0.0000028629299322,0.0000004765988137
0.2391308572162961,-0.0000028629299322,0.0000004765988137
0.2392308700681147,0.0000009517669923,0.0000004765988137
0.2393308829199332,-0.0000028629299322,-0.0000033380990772
0.2394308957717517,0.0000047664639169,0.0000004765988137
0.2395309086235702,-0.0000028629299322,0.0000004765988137
0.2396309214753888,-0.0000028629299322,-0.0000033380990772
0.2397309343272073,0.0000009517669923,0.0000004765988137
0.2398309471790258,0.0000009517669923,0.0000004765988137
0.2399309600308444,0.0000009517669923,-0.0000033380990772
0.2400309728826629,0.0000009517669923,0.0000004765988137
0.2401309857344814,0.0000009517669923,0.0000042912961362
0.2402309985863000,0.0000047664639169,0.0000004765988137
0.2403310114381185,0.0000009517669923,0.0000004765988137
0.2404310242899370,0.0000009517669923,0.0000004765988137
0.2405310371417556,0.0000047664639169,0.0000004765988137
0.2406310499935741,0.0000009517669923,0.0000042912961362
0.2407310628453926,-0.0000028629299322,0.0000004765988137
0.2408310756972112,-0.0000143070201375,0.0000004765988137
0.2409310885490297,-0.0000028629299322,0.0000004765988137
0.2410311014008482,0.0000009517669923,-0.0000033380990772
0.2411311142526668,0.0000009517669923,0.0000004765988137
0.2412311271044853,0.0000047664639169,0.0000004765988137
0.2413311399563038,-0.0000028629299322,-0.0000033380990772
0.2414311528081224,0.0000009517669923,0.0000004765988137
0.2415311656599409,0.0000009517669923,0.0000004765988137
0.2416311785117594,0.0000047664639169,0.0000004765988137
0.2417311913635780,0.0000047664639169,0.0000004765988137
0.2418312042153965,-0.0000028629299322,-0.0000033380990772
0.2419312170672150,-0.0000028629299322,0.0000004765988137
0.2420312299190336,-0.0000028629299322,0.0000042912961362
0.2421312427708521,0.0000047664639169,0.0000004765988137
0.2422312556226706,-0.0000066776278800,0.0000004765988137
0.2423312684744892,-0.0000066776278800,0.0000004765988137
0.2424312813263077,-0.0000143070201375,-0.0000033380990772
0.2425312941781262,-0.0000104923301478,0.0000004765988137
0.2426313070299447,0.0000009517669923,0.0000004765988137
0.2427313198817633,-0.0000028629299322,0.0000042912961362
0.2428313327335818,0.0000047664639169,0.0000004765988137
0.2429313455854004,-0.0000028629299322,-0.0000033380990772
0.2430313584372189,0.0000009517669923,-0.0000033380990772
0.2431313712890374,-0.0000028629299322,0.0000081059934018
0.2432313841408559,0.0000009517669923,0.0000004765988137
0.2433313969926744,0.0000047664639169,-0.0000033380990772
0.2434314098444930,0.0000047664639169,0.0000004765988137
0.2435314226963115,-0.0000028629299322,0.0000004765988137
0.2436314355481301,0.0000047664639169,-0.0000033380990772
0.2437314483999486,0.0000009517669923,0.0000042912961362
0.2438314612517671,0.0000009517669923,-0.0000033380990772
0.2439314741035856,0.0000009517669923,0.0000004765988137
0.2440314869554042,-0.0000066776278800,0.0000042912961362
0.2441314998072227,-0.0000181217201316,0.0000004765988137
0.2442315126590413,0.0000009517669923,-0.0000033380990772
0.2443315255108598,0.0000009517669923,0.0000004765988137
0.2444315383626783,-0.0000028629299322,0.0000004765988137
0.2445315512144969,0.0000047664639169,0.0000004765988137
0.2446315640663154,0.0000009517669923,0.0000004765988137
0.2447315769181339,0.0000009517669923,0.0000004765988137
0.2448315897699525,0.0000009517669923,0.0000004765988137
0.2449316026217710,-0.0000066776278800,0.0000042912961362
0.2450316154735895,0.0000009517669923,0.0000004765988137
0.2451316283254081,-0.0000028629299322,0.0000042912961362
0.2452316411772266,0.0000047664639169,0.0000004765988137
0.2453316540290451,0.0000009517669923,0.0000081059934018
0.2454316668808637,-0.0000028629299322,-0.0000033380990772
0.2455316797326822,-0.0000028629299322,-0.0000033380990772
0.2456316925845007,-0.0000028629299322,0.0000004765988137
0.2457317054363193,-0.0000066776278800,0.0000042912961362
0.2458317182881378,-0.0000028629299322,0.0000004765988137
0.2459317311399563,0.0000009517669923,0.0000004765988137
0.2460317439917749,-0.0000028629299322,-0.0000033380990772
0.2461317568435934,0.0000009517669923,-0.0000033380990772
0.2462317696954119,-0.0000028629299322,0.0000042912961362
0.2463317825472304,0.0000009517669923,0.0000004765988137
0.2464317953990490,0.0000009517669923,-0.0000033380990772
0.2465318082508675,0.0000047664639169,0.0000004765988137
0.2466318211026861,-0.0000028629299322,0.0000004765988137
0.2467318339545046,-0.0000028629299322,-0.0000033380990772
0.2468318468063231,0.0000009517669923,0.0000004765988137
0.2469318596581416,-0.0000028629299322,-0.0000033380990772
0.2470318725099601,0.0000009517669923,0.0000004765988137
0.2471318853617787,-0.0000028629299322,0.0000004765988137
0.2472318982135972,0.0000009517669923,0.0000004765988137
0.2473319110654158,-0.0000143070201375,-0.0000033380990772
0.2474319239172343,-0.0000028629299322,-0.0000033380990772
0.2475319367690528,-0.0000104923301478,0.0000004765988137
0.2476319496208713,-0.0000066776278800,-0.0000033380990772
0.2477319624726899,0.0000009517669923,0.0000042912961362
0.2478319753245084,-0.0000066776278800,0.0000004765988137
0.2479319881763270,-0.0000028629299322,0.0000004765988137
0.2480320010281455,-0.0000028629299322,-0.0000033380990772
0.2481320138799640,-0.0000028629299322,0.0000004765988137
0.2482320267317825,-0.0000028629299322,-0.0000033380990772
0.2483320395836011,0.0000009517669923,0.0000042912961362
0.2484320524354196,0.0000009517669923,-0.0000033380990772
0.2485320652872381,-0.0000028629299322,-0.0000033380990772
0.2486320781390567,-0.0000028629299322,-0.0000071527961154
0.2487320909908752,-0.0000028629299322,0.0000004765988137
0.2488321038426937,-0.0000028629299322,0.0000004765988137
0.2489321166945123,-0.0000104923301478,-0.0000033380990772
0.2490321295463308,-0.0000028629299322,-0.0000033380990772
0.2491321423981493,-0.0000066776278800,0.0000004765988137
0.2492321552499679,-0.0000028629299322,-0.0000033380990772
0.2493321681017864,-0.0000028629299322,-0.0000033380990772
0.2494321809536049,-0.0000028629299322,-0.0000033380990772
0.2495321938054235,0.0000009517669923,0.0000004765988137
0.2496322066572420,-0.0000028629299322,0.0000004765988137
0.2497322195090605,0.0000047664639169,-0.0000033380990772
0.2498322323608791,0.0000009517669923,-0.0000033380990772
0.2499322452126976,-0.0000066776278800,0.0000004765988137
0.2500322580645161,-0.0000028629299322,-0.0000033380990772
0.2501322709163347,0.0000009517669923,-0.0000033380990772
0.2502322837681532,-0.0000028629299322,0.0000004765988137
0.2503322966199718,-0.0000028629299322,0.0000004765988137
0.2504323094717902,-0.0000028629299322,0.0000004765988137
0.2505323223236088,-0.0000066776278800,-0.0000033380990772
0.2506323351754273,-0.0000028629299322,0.0000004765988137
0.2507323480272459,-0.0000104923301478,0.0000004765988137
0.2508323608790644,-0.0000104923301478,-0.0000033380990772
0.2509323737308829,-0.0000028629299322,-0.0000033380990772
0.2510323865827014,0.0000009517669923,-0.0000033380990772
0.2511323994345200,-0.0000028629299322,-0.0000033380990772
0.2512324122863385,-0.0000028629299322,0.0000004765988137
0.2513324251381571,-0.0000028629299322,0.0000004765988137
0.2514324379899756,-0.0000028629299322,0.0000004765988137
0.2515324508417941,-0.0000028629299322,0.0000004765988137
0.2516324636936126,0.0000009517669923,0.0000004765988137
0.2517324765454312,-0.0000028629299322,0.0000004765988137
0.2518324893972497,-0.0000066776278800,-0.0000033380990772
0.2519325022490683,0.0000009517669923,0.0000004765988137
0.2520325151008868,-0.0000028629299322,-0.0000033380990772
0.2521325279527053,0.0000009517669923,-0.0000033380990772
0.2522325408045238,0.0000009517669923,-0.0000033380990772
0.2523325536563424,-0.0000066776278800,0.0000004765988137
0.2524325665081609,-0.0000104923301478,0.0000004765988137
0.2525325793599795,-0.0000028629299322,-0.0000033380990772
0.2526325922117980,0.0000009517669923,-0.0000033380990772
0.2527326050636165,-0.0000028629299322,-0.0000033380990772
0.2528326179154350,0.0000009517669923,-0.0000033380990772
0.2529326307672536,0.0000009517669923,-0.0000033380990772
0.2530326436190721,-0.0000028629299322,0.0000004765988137
0.2531326564708907,0.0000009517669923,0.0000004765988137
0.2532326693227092,-0.0000066776278800,0.0000004765988137
0.2533326821745277,-0.0000028629299322,0.0000004765988137
0.2534326950263462,-0.0000028629299322,-0.0000033380990772
0.2535327078781647,0.0000009517669923,-0.0000033380990772
0.2536327207299833,0.0000009517669923,-0.0000033380990772
0.2537327335818018,-0.0000028629299322,-0.0000033380990772
0.2538327464336204,-0.0000028629299322,-0.0000033380990772
0.2539327592854389,-0.0000028629299322,0.0000004765988137
0.2540327721372574,-0.0000104923301478,-0.0000033380990772
0.2541327849890759,-0.0000143070201375,0.0000004765988137
0.2542327978408945,-0.0000066776278800,-0.0000033380990772
0.2543328106927130,-0.0000066776278800,-0.0000033380990772
0.2544328235445316,0.0000009517669923,-0.0000033380990772
0.2545328363963501,-0.0000028629299322,0.0000004765988137
0.2546328492481686,-0.0000028629299322,0.0000004765988137
0.2547328620999871,-0.0000066776278800,0.0000004765988137
0.2548328749518057,-0.0000066776278800,0.0000004765988137
0.2549328878036242,-0.0000028629299322,0.0000004765988137
0.2550329006554428,-0.0000028629299322,-0.0000033380990772
0.2551329135072612,0.0000009517669923,0.0000004765988137
0.2552329263590798,-0.0000028629299322,-0.0000071527961154
0.2553329392108983,-0.0000028629299322,0.0000004765988137
0.2554329520627169,-0.0000028629299322,-0.0000033380990772
0.2555329649145354,-0.0000028629299322,0.0000004765988137
0.2556329777663540,-0.0000143070201375,-0.0000071527961154
0.2557329906181725,-0.0000028629299322,0.0000004765988137
0.2558330034699910,-0.0000104923301478,0.0000004765988137
0.2559330163218095,0.0000009517669923,-0.0000033380990772
0.2560330291736280,-0.0000066776278800,-0.0000033380990772
0.2561330420254466,0.0000009517669923,-0.0000033380990772
0.2562330548772652,-0.0000028629299322,0.0000004765988137
0.2563330677290837,-0.0000066776278800,0.0000004765988137
0.2564330805809022,-0.0000028629299322,-0.0000071527961154
0.2565330934327207,0.0000009517669923,-0.0000033380990772
0.2566331062845393,0.0000009517669923,0.0000004765988137
0.2567331191363578,-0.0000028629299322,0.0000004765988137
0.2568331319881763,0.0000047664639169,-0.0000033380990772
0.2569331448399949,-0.0000028629299322,0.0000004765988137
0.2570331576918134,-0.0000028629299322,0.0000004765988137
0.2571331705436319,0.0000009517669923,0.0000004765988137
0.2572331833954504,-0.0000066776278800,0.0000042912961362
0.2573331962472690,-0.0000066776278800,0.0000004765988137
0.2574332090990876,-0.0000066776278800,-0.0000033380990772
0.2575332219509061,-0.0000104923301478,-0.0000071527961154
0.2576332348027246,-0.0000028629299322,0.0000042912961362
0.2577332476545431,-0.0000028629299322,0.0000004765988137
0.2578332605063617,-0.0000028629299322,0.0000004765988137
0.2579332733581802,-0.0000028629299322,0.0000042912961362
0.2580332862099987,-0.0000028629299322,0.0000004765988137
0.2581332990618173,0.0000009517669923,-0.0000033380990772
0.2582333119136357,0.0000009517669923,0.0000004765988137
0.2583333247654543,0.0000009517669923,0.0000004765988137
0.2584333376172728,0.0000009517669923,0.0000004765988137
0.2585333504690914,0.0000047664639169,0.0000004765988137
0.2586333633209099,0.0000009517669923,-0.0000033380990772
0.2587333761727285,0.0000009517669923,0.0000004765988137
0.2588333890245470,-0.0000028629299322,-0.0000033380990772
0.2589334018763655,-0.0000028629299322,-0.0000033380990772
0.2590334147281840,-0.0000028629299322,-0.0000033380990772
0.2591334275800026,0.0000009517669923,0.0000004765988137
0.2592334404318211,0.0000009517669923,-0.0000033380990772
0.2593334532836397,0.0000047664639169,-0.0000033380990772
0.2594334661354581,-0.0000028629299322,-0.0000033380990772
0.2595334789872767,0.0000009517669923,0.0000042912961362
0.2596334918390952,0.0000009517669923,0.0000004765988137
0.2597335046909138,0.0000009517669923,0.0000004765988137
0.2598335175427323,0.0000009517669923,-0.0000033380990772
0.2599335303945508,0.0000009517669923,0.0000004765988137
0.2600335432463694,0.0000009517669923,0.0000004765988137
0.2601335560981879,0.0000009517669923,-0.0000033380990772
0.2602335689500064,0.0000009517669923,-0.0000033380990772
0.2603335818018250,0.0000009517669923,0.0000004765988137
0.2604335946536435,0.0000009517669923,-0.0000033380990772
0.2605336075054621,0.0000009517669923,-0.0000033380990772
0.2606336203572805,0.0000009517669923,0.0000004765988137
0.2607336332090991,-0.0000028629299322,0.0000004765988137
0.2608336460609176,-0.0000143070201375,0.0000004765988137
0.2609336589127362,-0.0000028629299322,0.0000004765988137
0.2610336717645547,0.0000009517669923,-0.0000033380990772
0.2611336846163732,0.0000009517669923,0.0000004765988137
0.2612336974681918,-0.0000028629299322,0.0000004765988137
0.2613337103200103,-0.0000028629299322,0.0000004765988137
0.2614337231718288,0.0000009517669923,0.0000004765988137
0.2615337360236473,0.0000009517669923,-0.0000033380990772
0.2616337488754659,0.0000047664639169,0.0000004765988137
0.2617337617272845,0.0000047664639169,0.0000004765988137
0.2618337745791030,0.0000047664639169,-0.0000033380990772
0.2619337874309215,0.0000047664639169,0.0000042912961362
0.2620338002827400,0.0000047664639169,-0.0000033380990772
0.2621338131345585,0.0000009517669923,-0.0000033380990772
0.2622338259863771,-0.0000066776278800,0.0000004765988137
0.2623338388381956,0.0000009517669923,-0.0000033380990772
0.2624338516900142,-0.0000104923301478,0.0000004765988137
0.2625338645418326,-0.0000066776278800,-0.0000033380990772
0.2626338773936512,0.0000047664639169,-0.0000033380990772
0.2627338902454697,0.0000047664639169,-0.0000033380990772
0.2628339030972883,0.0000009517669923,0.0000042912961362
0.2629339159491068,0.0000009517669923,0.0000004765988137
0.2630339288009254,0.0000047664639169,0.0000004765988137
0.2631339416527439,0.0000009517669923,0.0000004765988137
0.2632339545045624,-0.0000028629299322,0.0000042912961362
0.2633339673563809,0.0000009517669923,0.0000004765988137
0.2634339802081995,-0.0000028629299322,-0.0000033380990772
0.2635339930600180,0.0000047664639169,-0.0000033380990772
0.2636340059118366,0.0000009517669923,0.0000004765988137
0.2637340187636550,0.0000009517669923,-0.0000033380990772
0.2638340316154736,0.0000009517669923,-0.0000033380990772
0.2639340444672921,0.0000009517669923,0.0000004765988137
0.2640340573191107,-0.0000028629299322,-0.0000033380990772
0.2641340701709292,-0.0000143070201375,0.0000004765988137
0.2642340830227477,-0.0000028629299322,-0.0000033380990772
0.2643340958745662,-0.0000028629299322,0.0000004765988137
0.2644341087263848,0.0000009517669923,-0.0000033380990772
0.2645341215782033,0.0000009517669923,-0.0000033380990772
0.2646341344300219,0.0000047664639169,-0.0000033380990772
0.2647341472818404,-0.0000028629299322,-0.0000033380990772
0.2648341601336590,-0.0000028629299322,0.0000004765988137
0.2649341729854774,0.0000047664639169,0.0000042912961362
0.2650341858372960,0.0000009517669923,0.0000042912961362
0.2651341986891145,-0.0000028629299322,-0.0000033380990772
0.2652342115409331,0.0000047664639169,-0.0000071527961154
0.2653342243927516,-0.0000028629299322,-0.0000033380990772
0.2654342372445701,0.0000009517669923,0.0000004765988137
0.2655342500963886,-0.0000028629299322,0.0000004765988137
0.2656342629482071,-0.0000104923301478,-0.0000033380990772
0.2657342758000257,-0.0000028629299322,-0.0000033380990772
0.2658342886518442,-0.0000066776278800,0.0000004765988137
0.2659343015036628,-0.0000028629299322,0.0000004765988137
0.2660343143554813,-0.0000028629299322,0.0000042912961362
0.2661343272072998,0.0000009517669923,0.0000004765988137
0.2662343400591184,0.0000009517669923,0.0000042912961362
0.2663343529109369,-0.0000028629299322,-0.0000033380990772
0.2664343657627554,-0.0000028629299322,0.0000004765988137
0.2665343786145740,-0.0000028629299322,0.0000004765988137
0.2666343914663925,0.0000009517669923,0.0000004765988137
0.2667344043182110,-0.0000028629299322,0.0000004765988137
0.2668344171700295,-0.0000028629299322,-0.0000033380990772
0.2669344300218481,-0.0000028629299322,0.0000004765988137
0.2670344428736666,-0.0000028629299322,0.0000004765988137
0.2671344557254852,0.0000009517669923,0.0000004765988137
0.2672344685773037,0.0000009517669923,-0.0000033380990772
0.2673344814291222,-0.0000104923301478,0.0000042912961362
0.2674344942809408,-0.0000028629299322,-0.0000033380990772
0.2675345071327593,-0.0000104923301478,-0.0000033380990772
0.2676345199845778,0.0000009517669923,0.0000004765988137
0.2677345328363964,-0.0000028629299322,0.0000004765988137
0.2678345456882149,0.0000009517669923,0.0000004765988137
0.2679345585400335,-0.0000066776278800,-0.0000033380990772
0.2680345713918519,0.0000009517669923,-0.0000033380990772
0.2681345842436705,-0.0000028629299322,0.0000004765988137
0.2682345970954890,-0.0000028629299322,-0.0000033380990772
0.2683346099473076,-0.0000028629299322,0.0000004765988137
0.2684346227991261,0.0000009517669923,0.0000004765988137
0.2685346356509446,-0.0000028629299322,0.0000004765988137
0.2686346485027631,0.0000009517669923,0.0000004765988137
0.2687346613545817,-0.0000028629299322,-0.0000033380990772
0.2688346742064002,0.0000009517669923,0.0000004765988137
0.2689346870582188,-0.0000104923301478,0.0000004765988137
0.2690346999100373,-0.0000066776278800,0.0000004765988137
0.2691347127618559,-0.0000104923301478,-0.0000033380990772
0.2692347256136743,-0.0000066776278800,0.0000004765988137
0.2693347384654929,-0.0000066776278800,0.0000004765988137
0.2694347513173114,-0.0000066776278800,0.0000004765988137
0.2695347641691299,-0.0000066776278800,-0.0000033380990772
0.2696347770209485,-0.0000066776278800,0.0000004765988137
0.2697347898727670,-0.0000028629299322,-0.0000033380990772
0.2698348027245855,-0.0000028629299322,0.0000004765988137
0.2699348155764040,0.0000009517669923,0.0000004765988137
0.2700348284282226,0.0000009517669923,0.0000004765988137
0.2701348412800412,0.0000009517669923,0.0000042912961362
0.2702348541318597,0.0000009517669923,0.0000004765988137
0.2703348669836782,0.0000009517669923,0.0000004765988137
0.2704348798354967,-0.0000028629299322,0.0000004765988137
0.2705348926873153,-0.0000028629299322,0.0000004765988137
0.2706349055391338,-0.0000066776278800,0.0000004765988137
0.2707349183909523,-0.0000104923301478,-0.0000033380990772
0.2708349312427709,-0.0000143070201375,0.0000004765988137
0.2709349440945894,-0.0000066776278800,-0.0000033380990772
0.2710349569464079,-0.0000028629299322,0.0000004765988137
0.2711349697982264,-0.0000028629299322,0.0000004765988137
0.2712349826500450,-0.0000028629299322,-0.0000033380990772
0.2713349955018635,-0.0000028629299322,-0.0000033380990772
0.2714350083536821,-0.0000028629299322,0.0000004765988137
0.2715350212055006,-0.0000028629299322,0.0000004765988137
0.2716350340573191,-0.0000028629299322,0.0000004765988137
0.2717350469091376,-0.0000028629299322,-0.0000033380990772
0.2718350597609562,-0.0000066776278800,0.0000004765988137
0.2719350726127747,-0.0000028629299322,0.0000042912961362
0.2720350854645933,-0.0000066776278800,0.0000004765988137
0.2721350983164117,-0.0000028629299322,-0.0000033380990772
0.2722351111682303,-0.0000028629299322,0.0000004765988137
0.2723351240200488,-0.0000028629299322,0.0000004765988137
0.2724351368718674,-0.0000143070201375,-0.0000033380990772
0.2725351497236859,0.0000009517669923,0.0000004765988137
0.2726351625755045,-0.0000028629299322,0.0000004765988137
0.2727351754273230,-0.0000028629299322,-0.0000033380990772
0.2728351882791415,-0.0000028629299322,-0.0000071527961154
0.2729352011309600,-0.0000028629299322,0.0000004765988137
0.2730352139827785,-0.0000028629299322,0.0000004765988137
0.2731352268345971,-0.0000028629299322,0.0000004765988137
0.2732352396864157,-0.0000028629299322,-0.0000033380990772
0.2733352525382342,-0.0000028629299322,0.0000004765988137
0.2734352653900527,-0.0000028629299322,0.0000004765988137
0.2735352782418712,-0.0000028629299322,0.0000004765988137
0.2736352910936898,-0.0000028629299322,0.0000004765988137
0.2737353039455083,-0.0000028629299322,0.0000004765988137
0.2738353167973268,-0.0000028629299322,0.0000004765988137
0.2739353296491454,-0.0000104923301478,-0.0000033380990772
0.2740353425009639,-0.0000143070201375,-0.0000033380990772
0.2741353553527824,-0.0000219364192162,-0.0000033380990772
0.2742353682046009,-0.0000104923301478,0.0000004765988137
0.2743353810564195,-0.0000028629299322,0.0000004765988137
0.2744353939082381,-0.0000028629299322,0.0000004765988137
0.2745354067600566,-0.0000028629299322,-0.0000033380990772
0.2746354196118751,-0.0000028629299322,-0.0000033380990772
0.2747354324636936,-0.0000066776278800,-0.0000033380990772
0.2748354453155122,-0.0000028629299322,-0.0000033380990772
0.2749354581673307,-0.0000066776278800,-0.0000033380990772
0.2750354710191492,-0.0000028629299322,0.0000042912961362
0.2751354838709678,0.0000009517669923,-0.0000033380990772
0.2752354967227863,0.0000009517669923,0.0000004765988137
0.2753355095746048,-0.0000028629299322,0.0000004765988137
0.2754355224264233,0.0000009517669923,0.0000004765988137
0.2755355352782419,-0.0000028629299322,-0.0000033380990772
0.2756355481300604,-0.0000104923301478,-0.0000033380990772
0.2757355609818790,-0.0000066776278800,-0.0000033380990772
0.2758355738336975,-0.0000066776278800,-0.0000033380990772
0.2759355866855160,-0.0000028629299322,-0.0000071527961154
0.2760355995373345,0.0000009517669923,0.0000004765988137
0.2761356123891531,0.0000009517669923,0.0000004765988137
0.2762356252409716,-0.0000028629299322,-0.0000033380990772
0.2763356380927902,-0.0000028629299322,0.0000004765988137
0.2764356509446086,0.0000009517669923,0.0000004765988137
0.2765356637964272,-0.0000028629299322,0.0000004765988137
0.2766356766482457,0.0000009517669923,0.0000004765988137
0.2767356895000643,0.0000009517669923,0.0000004765988137
0.2768357023518828,-0.0000028629299322,-0.0000033380990772
0.2769357152037013,0.0000009517669923,0.0000042912961362
0.2770357280555199,0.0000009517669923,0.0000004765988137
0.2771357409073384,0.0000009517669923,-0.0000033380990772
0.2772357537591569,-0.0000028629299322,-0.0000033380990772
0.2773357666109754,-0.0000104923301478,0.0000042912961362
0.2774357794627940,-0.0000066776278800,0.0000004765988137
0.2775357923146126,-0.0000066776278800,0.0000004765988137
0.2776358051664310,-0.0000028629299322,-0.0000033380990772
0.2777358180182496,0.0000047664639169,-0.0000033380990772
0.2778358308700681,0.0000009517669923,0.0000004765988137
0.2779358437218867,-0.0000028629299322,0.0000004765988137
0.2780358565737052,0.0000009517669923,0.0000004765988137
0.2781358694255237,0.0000009517669923,-0.0000033380990772
0.2782358822773423,-0.0000066776278800,0.0000004765988137
0.2783358951291608,-0.0000028629299322,0.0000004765988137
0.2784359079809793,0.0000009517669923,-0.0000033380990772
0.2785359208327978,0.0000047664639169,0.0000042912961362
0.2786359336846164,0.0000047664639169,0.0000004765988137
0.2787359465364350,-0.0000028629299322,-0.0000033380990772
0.2788359593882535,0.0000009517669923,-0.0000033380990772
0.2789359722400720,-0.0000104923301478,0.0000004765988137
0.2790359850918905,0.0000009517669923,0.0000004765988137
0.2791359979437090,-0.0000028629299322,0.0000004765988137
0.2792360107955276,0.0000047664639169,-0.0000033380990772
0.2793360236473461,0.0000009517669923,0.0000004765988137
0.2794360364991647,-0.0000028629299322,-0.0000033380990772
0.2795360493509831,0.0000009517669923,0.0000004765988137
0.2796360622028017,0.0000047664639169,0.0000004765988137
0.2797360750546202,0.0000047664639169,-0.0000033380990772
0.2798360879064388,-0.0000028629299322,0.0000004765988137
0.2799361007582573,0.0000047664639169,-0.0000033380990772
0.2800361136100759,0.0000047664639169,-0.0000033380990772
0.2801361264618944,0.0000047664639169,-0.0000033380990772
0.2802361393137129,0.0000009517669923,0.0000004765988137
0.2803361521655314,0.0000009517669923,-0.0000033380990772
0.2804361650173499,0.0000047664639169,0.0000004765988137
0.2805361778691685,0.0000047659877964,0.0000042912961362
0.2806361907209871,0.0000009517669923,-0.0000033380990772
0.2807362035728055,-0.0000104923301478,0.0000004765988137
0.2808362164246241,-0.0000181217201316,-0.0000033380990772
0.2809362292764426,-0.0000066776278800,0.0000042912961362
0.2810362421282612,-0.0000028629299322,0.0000004765988137
0.2811362549800797,0.0000009517669923,0.0000042912961362
0.2812362678318982,0.0000009517669923,-0.0000033380990772
0.2813362806837168,0.0000009517669923,0.0000004765988137
0.2814362935355353,0.0000047664639169,-0.0000033380990772
0.2815363063873538,0.0000047664639169,0.0000004765988137
0.2816363192391723,0.0000009517669923,0.0000004765988137
0.2817363320909909,0.0000047664639169,-0.0000033380990772
0.2818363449428095,0.0000009517669923,-0.0000071525578278
0.2819363577946279,0.0000009517669923,-0.0000033380990772
0.2820363706464465,0.0000009517669923,0.0000004765988137
0.2821363834982650,0.0000047664639169,-0.0000033378601074
0.2822363963500836,-0.0000104923301478,-0.0000033380990772
0.2823364092019021,-0.0000028629299322,-0.0000033380990772
0.2824364220537206,-0.0000104923301478,-0.0000033380990772
0.2825364349055391,-0.0000066776278800,0.0000004765988137
0.2826364477573577,-0.0000028629299322,0.0000004765988137
0.2827364606091762,0.0000009517669923,-0.0000033380990772
0.2828364734609947,0.0000009517669923,-0.0000033380990772
0.2829364863128133,0.0000047664639169,-0.0000033380990772
0.2830364991646318,0.0000009517669923,0.0000004765988137
0.2831365120164503,-0.0000028629299322,-0.0000033380990772
0.2832365248682689,0.0000009517669923,0.0000004765988137
0.2833365377200874,0.0000047664639169,-0.0000071525578278
0.2834365505719059,0.0000009517669923,-0.0000033380990772
0.2835365634237245,-0.0000028629299322,-0.0000033380990772
0.2836365762755430,0.0000009517669923,-0.0000033380990772
0.2837365891273615,0.0000047664639169,0.0000004765988137
0.2838366019791800,-0.0000028629299322,0.0000004765988137
0.2839366148309986,0.0000009517669923,0.0000004765988137
0.2840366276828171,0.0000009517669923,0.0000042912961362
0.2841366405346357,-0.0000181217201316,0.0000004765988137
0.2842366533864542,-0.0000028629299322,-0.0000033380990772
0.2843366662382727,0.0000009517669923,0.0000004765988137
0.2844366790900913,-0.0000028629299322,0.0000004765988137
0.2845366919419098,-0.0000028629299322,-0.0000033380990772
0.2846367047937283,0.0000009517669923,-0.0000033380990772
0.2847367176455468,-0.0000028629299322,0.0000042912961362
0.2848367304973654,0.0000009517669923,0.0000004765988137
0.2849367433491840,0.0000009517669923,0.0000004765988137
0.2850367562010024,-0.0000028629299322,0.0000004765988137
0.2851367690528210,-0.0000028629299322,-0.0000033380990772
0.2852367819046395,0.0000009517669923,-0.0000033380990772
0.2853367947564581,-0.0000028629299322,0.0000004765988137
0.2854368076082766,0.0000009517669923,-0.0000071525578278
0.2855368204600951,0.0000047664639169,0.0000004765988137
0.2856368333119136,-0.0000104923301478,-0.0000033380990772
0.2857368461637322,-0.0000066776278800,0.0000004765988137
0.2858368590155507,-0.0000028629299322,0.0000004765988137
0.2859368718673692,0.0000009517669923,0.0000042912961362
0.2860368847191878,0.0000009517669923,0.0000004765988137
0.2861368975710064,-0.0000028629299322,-0.0000033380990772
0.2862369104228248,0.0000047664639169,-0.0000033380990772
0.2863369232746434,0.0000009517669923,0.0000004765988137
0.2864369361264619,0.0000047664639169,-0.0000033380990772
0.2865369489782804,-0.0000028629299322,-0.0000033380990772
0.2866369618300990,0.0000009517669923,-0.0000033380990772
0.2867369746819175,0.0000009517669923,-0.0000033380990772
0.2868369875337360,-0.0000028629299322,-0.0000033380990772
0.2869370003855545,-0.0000028629299322,0.0000004765988137
0.2870370132373731,0.0000009517669923,0.0000004765988137
0.2871370260891916,-0.0000028610229492,-0.0000033380990772
0.2872370389410102,0.0000009517669923,0.0000004765988137
0.2873370517928287,-0.0000066776278800,-0.0000033380990772
0.2874370646446472,0.0000009517669923,0.0000004765988137
0.2875370774964658,-0.0000104923301478,0.0000004765988137
0.2876370903482843,-0.0000028629299322,0.0000004765988137
0.2877371032001028,0.0000009517669923,-0.0000033380990772
0.2878371160519213,-0.0000028629299322,-0.0000033380990772
0.2879371289037399,0.0000009517669923,0.0000004765988137
0.2880371417555584,0.0000009517669923,0.0000004765988137
0.2881371546073769,0.0000009517669923,-0.0000033380990772
0.2882371674591955,-0.0000028629299322,-0.0000033380990772
0.2883371803110140,-0.0000028629299322,0.0000004765988137
0.2884371931628326,0.0000009517669923,0.0000042912961362
0.2885372060146510,0.0000009517669923,0.0000042912961362
0.2886372188664696,0.0000009517669923,0.0000004765988137
0.2887372317182882,0.0000009517669923,0.0000004765988137
0.2888372445701067,-0.0000028629299322,-0.0000071525578278
0.2889372574219252,-0.0000104923301478,-0.0000033380990772
0.2890372702737437,-0.0000028629299322,0.0000004765988137
0.2891372831255622,-0.0000028629299322,0.0000004765988137
0.2892372959773808,-0.0000028629299322,0.0000004765988137
0.2893373088291993,0.0000009517669923,0.0000004765988137
0.2894373216810179,0.0000009517669923,-0.0000033380990772
0.2895373345328364,-0.0000028629299322,0.0000004765988137
0.2896373473846550,0.0000009517669923,-0.0000033380990772
0.2897373602364735,-0.0000028629299322,0.0000004765988137
0.2898373730882920,-0.0000028629299322,0.0000042912961362
0.2899373859401105,0.0000009517669923,-0.0000033380990772
0.2900373987919291,0.0000009517669923,0.0000004765988137
0.2901374116437476,0.0000009517669923,0.0000004765988137
0.2902374244955661,-0.0000028629299322,-0.0000033380990772
0.2903374373473847,-0.0000028629299322,0.0000004765988137
0.2904374501992032,-0.0000028629299322,0.0000004765988137
0.2905374630510217,-0.0000028629299322,0.0000004765988137
0.2906374759028403,-0.0000066776278800,0.0000004765988137
0.2907374887546588,-0.0000066776278800,-0.0000071527961154
0.2908375016064773,-0.0000143070201375,0.0000004765988137
0.2909375144582959,-0.0000066776278800,-0.0000033380990772
0.2910375273101144,-0.0000066776278800,0.0000004765988137
0.2911375401619329,-0.0000066776278800,-0.0000033380990772
0.2912375530137514,-0.0000028629299322,0.0000004765988137
0.2913375658655700,-0.0000028629299322,-0.0000033380990772
0.2914375787173885,0.0000009517669923,0.0000004765988137
0.2915375915692071,-0.0000028629299322,0.0000004765988137
0.2916376044210256,0.0000009517669923,0.0000004765988137
0.2917376172728441,-0.0000028629299322,0.0000004765988137
0.2918376301246627,-0.0000028629299322,0.0000004765988137
0.2919376429764812,-0.0000028629299322,-0.0000033380990772
0.2920376558282997,0.0000009517669923,-0.0000033380990772
0.2921376686801182,-0.0000028629299322,0.0000042912961362
0.2922376815319368,-0.0000066776278800,0.0000004765988137
0.2923376943837553,-0.0000066776278800,0.0000004765988137
0.2924377072355738,-0.0000143070201375,0.0000004765988137
0.2925377200873924,-0.0000066776278800,0.0000042912961362
0.2926377329392109,-0.0000066776278800,0.0000004765988137
0.2927377457910295,-0.0000028629299322,-0.0000033380990772
0.2928377586428480,-0.0000028629299322,-0.0000033380990772
0.2929377714946665,-0.0000028629299322,-0.0000033380990772
0.2930377843464850,-0.0000028629299322,-0.0000033380990772
0.2931377971983036,-0.0000066776278800,0.0000004765988137
0.2932378100501221,0.0000009517669923,-0.0000033380990772
0.2933378229019406,-0.0000028629299322,0.0000004765988137
0.2934378357537591,-0.0000028629299322,0.0000042912961362
0.2935378486055777,0.0000009517669923,0.0000004765988137
0.2936378614573962,-0.0000066776278800,0.0000004765988137
0.2937378743092148,0.0000009517669923,0.0000042912961362
0.2938378871610333,-0.0000028629299322,-0.0000033380990772
0.2939379000128518,-0.0000028629299322,0.0000004765988137
0.2940379128646703,-0.0000104923301478,0.0000004765988137
0.2941379257164889,-0.0000219364192162,0.0000004765988137
0.2942379385683074,-0.0000104923301478,0.0000004765988137
0.2943379514201259,-0.0000028629299322,0.0000004765988137
0.2944379642719445,-0.0000028629299322,-0.0000033380990772
0.2945379771237630,0.0000009517669923,0.0000042912961362
0.2946379899755815,0.0000009517669923,-0.0000033380990772
0.2947380028274001,-0.0000028629299322,-0.0000033380990772
0.2948380156792186,0.0000009517669923,0.0000004765988137
0.2949380285310372,-0.0000028629299322,0.0000042912961362
0.2950380413828557,-0.0000066776278800,0.0000004765988137
0.2951380542346742,-0.0000028629299322,0.0000042912961362
0.2952380670864927,0.0000009517669923,0.0000004765988137
0.2953380799383113,-0.0000028629299322,0.0000004765988137
0.2954380927901298,-0.0000028629299322,0.0000042912961362
0.2955381056419483,-0.0000028629299322,0.0000042912961362
0.2956381184937669,-0.0000143070201375,0.0000004765988137
0.2957381313455854,-0.0000066776278800,-0.0000033380990772
0.2958381441974040,-0.0000066776278800,-0.0000071527961154
0.2959381570492225,-0.0000066776278800,0.0000004765988137
0.2960381699010410,-0.0000028629299322,0.0000042912961362
0.2961381827528596,0.0000009517669923,0.0000004765988137
0.2962381956046781,-0.0000028629299322,-0.0000033380990772
0.2963382084564966,-0.0000028629299322,0.0000004765988137
0.2964382213083151,-0.0000028629299322,0.0000004765988137
0.2965382341601336,-0.0000028629299322,-0.0000033380990772
0.2966382470119522,0.0000009517669923,-0.0000071527961154
0.2967382598637707,-0.0000028629299322,0.0000042912961362
0.2968382727155893,-0.0000028629299322,0.0000004765988137
0.2969382855674078,-0.0000028629299322,0.0000004765988137
0.2970382984192264,-0.0000028629299322,0.0000004765988137
0.2971383112710449,0.0000009517669923,0.0000004765988137
0.2972383241228634,0.0000009517669923,0.0000004765988137
0.2973383369746819,-0.0000104923301478,0.0000004765988137
0.2974383498265005,-0.0000028629299322,0.0000004765988137
0.2975383626783190,-0.0000066776278800,0.0000004765988137
0.2976383755301375,-0.0000028629299322,0.0000004765988137
0.2977383883819560,-0.0000066776278800,-0.0000033380990772
0.2978384012337746,-0.0000028629299322,0.0000004765988137
0.2979384140855931,0.0000009517669923,0.0000004765988137
0.2980384269374117,0.0000009517669923,0.0000004765988137
0.2981384397892302,-0.0000028629299322,0.0000004765988137
0.2982384526410487,0.0000009517669923,0.0000004765988137
0.2983384654928672,0.0000009517669923,-0.0000033380990772
0.2984384783446858,0.0000009517669923,0.0000004765988137
0.2985384911965043,-0.0000028629299322,0.0000004765988137
0.2986385040483228,0.0000009517669923,0.0000042912961362
0.2987385169001414,0.0000047664639169,0.0000004765988137
0.2988385297519599,-0.0000028629299322,-0.0000071527961154
0.2989385426037784,-0.0000104923301478,0.0000004765988137
0.2990385554555970,0.0000009517669923,0.0000004765988137
0.2991385683074155,-0.0000066776278800,-0.0000033380990772
0.2992385811592341,0.0000009517669923,0.0000004765988137
0.2993385940110526,-0.0000028629299322,0.0000004765988137
0.2994386068628711,0.0000009517669923,0.0000004765988137
0.2995386197146896,0.0000009517669923,0.0000004765988137
0.2996386325665082,-0.0000028629299322,-0.0000033380990772
0.2997386454183267,0.0000047664639169,0.0000004765988137
0.2998386582701452,0.0000009517669923,-0.0000033380990772
0.2999386711219638,0.0000009517669923,-0.0000033380990772
0.3000386839737823,0.0000009517669923,-0.0000033380990772
0.3001386968256008,-0.0000028610229492,-0.0000033380990772
0.3002387096774194,0.0000009517669923,-0.0000033380990772
0.3003387225292379,0.0000009517669923,0.0000004765988137
0.3004387353810564,-0.0000028629299322,0.0000004765988137
0.3005387482328750,0.0000009517669923,0.0000004765988137
0.3006387610846935,0.0000047664639169,0.0000004765988137
0.3007387739365120,0.0000009517669923,-0.0000033380990772
0.3008387867883305,-0.0000181217201316,0.0000004765988137
0.3009387996401491,-0.0000066776278800,-0.0000033380990772
0.3010388124919676,0.0000047664639169,-0.0000033380990772
0.3011388253437862,-0.0000028629299322,0.0000004765988137
0.3012388381956047,0.0000009517669923,-0.0000033380990772
0.3013388510474232,0.0000009517669923,-0.0000033380990772
0.3014388638992418,0.0000047664639169,0.0000004765988137
0.3015388767510603,0.0000009517669923,0.0000004765988137
0.3016388896028788,-0.0000028629299322,0.0000004765988137
0.3017389024546973,0.0000047664639169,0.0000004765988137
0.3018389153065159,-0.0000028629299322,-0.0000033380990772
0.3019389281583344,0.0000009517669923,0.0000042912961362
0.3020389410101529,-0.0000028629299322,0.0000004765988137
0.3021389538619715,0.0000009517669923,0.0000004765988137
0.3022389667137900,-0.0000066776278800,-0.0000033380990772
0.3023389795656086,-0.0000028629299322,-0.0000033380990772
0.3024389924174271,-0.0000104923301478,-0.0000033380990772
0.3025390052692456,-0.0000066776278800,0.0000004765988137
0.3026390181210641,0.0000009517669923,0.0000004765988137
0.3027390309728827,-0.0000028629299322,0.0000004765988137
0.3028390438247012,-0.0000028629299322,0.0000004765988137
0.3029390566765197,-0.0000028629299322,-0.0000033380990772
0.3030390695283383,0.0000009517669923,-0.0000033378601074
0.3031390823801568,0.0000047664639169,-0.0000033380990772
0.3032390952319753,-0.0000028629299322,0.0000004765988137
0.3033391080837939,-0.0000028629299322,0.0000004765988137
0.3034391209356124,0.0000009517669923,0.0000042912961362
0.3035391337874310,0.0000009517669923,0.0000004765988137
0.3036391466392495,0.0000009517669923,-0.0000033380990772
0.3037391594910680,0.0000009517669923,-0.0000033380990772
0.3038391723428865,0.0000009517669923,0.0000004765988137
0.3039391851947050,0.0000009517669923,-0.0000033380990772
0.3040391980465236,-0.0000028629299322,-0.0000033380990772
0.3041392108983421,-0.0000104923301478,-0.0000033380990772
0.3042392237501607,-0.0000066776278800,0.0000004765988137
0.3043392366019791,-0.0000028629299322,-0.0000033380990772
0.3044392494537977,0.0000009517669923,0.0000004765988137
0.3045392623056163,0.0000047664639169,0.0000004765988137
0.3046392751574348,0.0000009517669923,0.0000004765988137
0.3047392880092533,-0.0000028629299322,0.0000004765988137
0.3048393008610719,0.0000047664639169,-0.0000033380990772
0.3049393137128904,0.0000047664639169,0.0000004765988137
0.3050393265647089,-0.0000028629299322,0.0000004765988137
0.3051393394165274,0.0000009517669923,0.0000042912961362
0.3052393522683460,-0.0000028629299322,-0.0000033380990772
0.3053393651201645,0.0000009517669923,0.0000042912961362
0.3054393779719831,-0.0000066776278800,0.0000004765988137
0.3055393908238015,-0.0000028629299322,0.0000004765988137
0.3056394036756201,-0.0000104923301478,-0.0000033380990772
0.3057394165274387,-0.0000028629299322,-0.0000033380990772
0.3058394293792572,-0.0000066776278800,-0.0000033380990772
0.3059394422310757,-0.0000028629299322,0.0000004765988137
0.3060394550828942,0.0000009517669923,-0.0000033380990772
0.3061394679347128,-0.0000028629299322,-0.0000033380990772
0.3062394807865313,0.0000009517669923,-0.0000033380990772
0.3063394936383498,0.0000009517669923,-0.0000033380990772
0.3064395064901684,0.0000047664639169,-0.0000033380990772
0.3065395193419869,0.0000009517669923,-0.0000033380990772
0.3066395321938055,-0.0000028629299322,-0.0000033380990772
0.3067395450456240,0.0000009517669923,-0.0000033380990772
0.3068395578974425,0.0000009517669923,-0.0000071527961154
0.3069395707492610,0.0000009517669923,-0.0000033380990772
0.3070395836010796,0.0000009517669923,0.0000004765988137
0.3071395964528981,-0.0000028629299322,-0.0000033380990772
0.3072396093047166,0.0000009517669923,-0.0000033380990772
0.3073396221565352,-0.0000104923301478,0.0000004765988137
0.3074396350083537,-0.0000028629299322,-0.0000033380990772
0.3075396478601722,-0.0000066776278800,0.0000004765988137
0.3076396607119908,-0.0000028629299322,0.0000004765988137
0.3077396735638093,-0.0000066776278800,0.0000004765988137
0.3078396864156278,-0.0000028629299322,0.0000004765988137
0.3079396992674464,-0.0000028629299322,-0.0000033380990772
0.3080397121192649,0.0000009517669923,-0.0000033380990772
0.3081397249710834,-0.0000028629299322,0.0000004765988137
0.3082397378229019,-0.0000028610229492,-0.0000033380990772
0.3083397506747205,0.0000009517669923,0.0000004765988137
0.3084397635265390,-0.0000028629299322,-0.0000033380990772
0.3085397763783576,0.0000009517669923,-0.0000033380990772
0.3086397892301760,-0.0000028629299322,-0.0000033380990772
0.3087398020819946,-0.0000066776278800,-0.0000033380990772
0.3088398149338132,-0.0000028629299322,0.0000042912961362
0.3089398277856317,-0.0000143070201375,-0.0000033380990772
0.3090398406374502,-0.0000028629299322,0.0000004765988137
0.3091398534892687,-0.0000104923301478,-0.0000071527961154
0.3092398663410873,-0.0000028629299322,0.0000004765988137
0.3093398791929058,0.0000009517669923,-0.0000033380990772
0.3094398920447243,-0.0000028629299322,0.0000004765988137
0.3095399048965429,-0.0000028629299322,0.0000004765988137
0.3096399177483614,0.0000009517669923,0.0000004765988137
0.3097399306001800,0.0000009517669923,0.0000004765988137
0.3098399434519984,-0.0000066776278800,-0.0000033380990772
0.3099399563038170,-0.0000066776278800,-0.0000033380990772
0.3100399691556355,-0.0000066776278800,0.0000004765988137
0.3101399820074541,-0.0000066776278800,-0.0000071527961154
0.3102399948592726,0.0000047664639169,0.0000004765988137
0.3103400077110911,-0.0000066776278800,-0.0000033380990772
0.3104400205629096,0.0000009517669923,-0.0000033380990772
0.3105400334147282,-0.0000028629299322,0.0000004765988137
0.3106400462665467,-0.0000066776278800,0.0000004765988137
0.3107400591183653,-0.0000066776278800,-0.0000033380990772
0.3108400719701838,-0.0000104923301478,-0.0000033380990772
0.3109400848220024,-0.0000066776278800,-0.0000033380990772
0.3110400976738208,-0.0000028629299322,-0.0000033380990772
0.3111401105256394,0.0000009517669923,0.0000004765988137
0.3112401233774579,-0.0000028629299322,0.0000004765988137
0.3113401362292764,-0.0000028629299322,-0.0000033380990772
0.3114401490810950,-0.0000028629299322,-0.0000033380990772
0.3115401619329135,-0.0000028629299322,0.0000004765988137
0.3116401747847320,0.0000009517669923,-0.0000033380990772
0.3117401876365505,-0.0000028629299322,-0.0000033380990772
0.3118402004883691,-0.0000028629299322,-0.0000033380990772
0.3119402133401877,-0.0000028629299322,0.0000004765988137
0.3120402261920062,-0.0000028629299322,-0.0000033380990772
0.3121402390438247,-0.0000028629299322,-0.0000033380990772
0.3122402518956433,-0.0000028629299322,-0.0000033380990772
0.3123402647474618,-0.0000066776278800,-0.0000033380990772
0.3124402775992803,-0.0000104923301478,-0.0000033380990772
0.3125402904510988,-0.0000066776278800,-0.0000033380990772
0.3126403033029174,-0.0000028629299322,-0.0000033380990772
0.3127403161547359,-0.0000066776278800,-0.0000033380990772
0.3128403290065545,-0.0000028629299322,0.0000042912961362
0.3129403418583729,-0.0000028629299322,0.0000042912961362
0.3130403547101915,0.0000009517669923,-0.0000033380990772
0.3131403675620101,-0.0000028629299322,0.0000004765988137
0.3132403804138286,-0.0000028629299322,-0.0000033380990772
0.3133403932656471,-0.0000028629299322,-0.0000033380990772
0.3134404061174656,-0.0000066776278800,-0.0000033380990772
0.3135404189692842,-0.0000028629299322,-0.0000033380990772
0.3136404318211027,0.0000009517669923,0.0000042912961362
0.3137404446729212,-0.0000028629299322,-0.0000033380990772
0.3138404575247398,-0.0000028629299322,-0.0000033380990772
0.3139404703765583,-0.0000028629299322,0.0000004765988137
0.3140404832283769,-0.0000066776278800,0.0000042912961362
0.3141404960801953,-0.0000143070201375,0.0000004765988137
0.3142405089320139,-0.0000104923301478,0.0000004765988137
0.3143405217838324,-0.0000066776278800,0.0000004765988137
0.3144405346356510,-0.0000028629299322,-0.0000033380990772
0.3145405474874695,-0.0000066776278800,-0.0000033380990772
0.3146405603392880,-0.0000028629299322,0.0000004765988137
0.3147405731911065,-0.0000028629299322,-0.0000033380990772
0.3148405860429251,-0.0000066776278800,-0.0000033380990772
0.3149405988947436,-0.0000028629299322,0.0000004765988137
0.3150406117465622,-0.0000028629299322,0.0000004765988137
0.3151406245983807,-0.0000028629299322,-0.0000033380990772
0.3152406374501992,0.0000009517669923,0.0000004765988137
0.3153406503020177,-0.0000066776278800,0.0000004765988137
0.3154406631538363,-0.0000066776278800,0.0000004765988137
0.3155406760056548,-0.0000028629299322,-0.0000033380990772
0.3156406888574733,-0.0000104923301478,0.0000004765988137
0.3157407017092919,-0.0000028629299322,0.0000004765988137
0.3158407145611104,-0.0000104923301478,-0.0000033380990772
0.3159407274129289,0.0000009517669923,-0.0000071527961154
0.3160407402647474,0.0000009517669923,0.0000004765988137
0.3161407531165660,-0.0000028629299322,0.0000004765988137
0.3162407659683846,-0.0000028629299322,-0.0000033380990772
0.3163407788202031,-0.0000028629299322,-0.0000033380990772
0.3164407916720216,0.0000009517669923,0.0000004765988137
0.3165408045238401,-0.0000028629299322,0.0000004765988137
0.3166408173756587,-0.0000028629299322,0.0000004765988137
0.3167408302274772,-0.0000066776278800,0.0000004765988137
0.3168408430792957,0.0000009517669923,0.0000004765988137
0.3169408559311143,-0.0000028629299322,-0.0000071527961154
0.3170408687829328,-0.0000028629299322,0.0000004765988137
0.3171408816347513,-0.0000028629299322,0.0000004765988137
0.3172408944865698,0.0000009517669923,0.0000004765988137
0.3173409073383884,-0.0000104923301478,0.0000004765988137
0.3174409201902069,-0.0000028629299322,0.0000004765988137
0.3175409330420255,-0.0000104923301478,-0.0000033380990772
0.3176409458938440,-0.0000028629299322,0.0000004765988137
0.3177409587456625,0.0000009517669923,-0.0000033380990772
0.3178409715974810,0.0000009517669923,0.0000004765988137
0.3179409844492996,0.0000009517669923,0.0000004765988137
0.3180409973011181,0.0000009517669923,0.0000004765988137
0.3181410101529367,0.0000009517669923,0.0000042912961362
0.3182410230047552,0.0000047664639169,-0.0000033380990772
0.3183410358565738,0.0000009517669923,-0.0000033380990772
0.3184410487083922,0.0000009517669923,-0.0000071527961154
0.3185410615602108,-0.0000028629299322,-0.0000033380990772
0.3186410744120293,-0.0000028629299322,0.0000004765988137
0.3187410872638478,0.0000009517669923,0.0000004765988137
0.3188411001156664,0.0000009517669923,0.0000004765988137
0.3189411129674849,-0.0000066776278800,0.0000004765988137
0.3190411258193034,-0.0000028629299322,-0.0000033380990772
0.3191411386711219,-0.0000028629299322,-0.0000071527961154
0.3192411515229405,0.0000009517669923,0.0000042912961362
0.3193411643747591,0.0000009517669923,0.0000004765988137
0.3194411772265776,-0.0000028629299322,0.0000042912961362
0.3195411900783961,0.0000009517669923,-0.0000033380990772
0.3196412029302146,0.0000047664639169,-0.0000033380990772
0.3197412157820332,0.0000009517669923,-0.0000033380990772
0.3198412286338517,0.0000047664639169,-0.0000033378601074
0.3199412414856702,0.0000047664639169,-0.0000033378601074
0.3200412543374888,0.0000009517669923,0.0000004765988137
0.3201412671893073,0.0000009517669923,0.0000042912961362
0.3202412800411258,-0.0000028610229492,0.0000004765988137
0.3203412928929443,0.0000009517669923,0.0000004765988137
0.3204413057447629,0.0000009517669923,0.0000004765988137
0.3205413185965815,0.0000009517669923,0.0000004765988137
0.3206413314484000,0.0000009517669923,-0.0000033378601074
0.3207413443002185,-0.0000028629299322,-0.0000033380990772
0.3208413571520370,-0.0000181217201316,-0.0000033380990772
0.3209413700038556,-0.0000028629299322,0.0000004765988137
0.3210413828556741,0.0000009517669923,0.0000004765988137
0.3211413957074926,0.0000047664639169,0.0000004765988137
0.3212414085593112,0.0000009517669923,-0.0000033380990772
0.3213414214111296,0.0000009517669923,0.0000004765988137
0.3214414342629482,0.0000047664639169,0.0000004765988137
0.3215414471147667,0.0000009517669923,0.0000004765988137
0.3216414599665853,0.0000009517669923,0.0000004765988137
0.3217414728184038,0.0000047664639169,-0.0000033380990772
0.3218414856702224,0.0000009517669923,0.0000004765988137
0.3219414985220409,-0.0000028629299322,0.0000004765988137
0.3220415113738594,0.0000009517669923,-0.0000033380990772
0.3221415242256779,0.0000009517669923,-0.0000033380990772
0.3222415370774965,-0.0000028629299322,0.0000004765988137
0.3223415499293150,-0.0000028629299322,0.0000004765988137
0.3224415627811336,-0.0000143070201375,0.0000004765988137
0.3225415756329520,-0.0000028629299322,-0.0000071527961154
0.3226415884847706,0.0000047664639169,-0.0000033380990772
0.3227416013365891,0.0000009517669923,-0.0000033378601074
0.3228416141884077,-0.0000028629299322,0.0000004765988137
0.3229416270402262,0.0000009517669923,-0.0000033380990772
0.3230416398920447,0.0000009517669923,0.0000004765988137
0.3231416527438633,0.0000009517669923,0.0000004765988137
0.3232416655956818,0.0000009517669923,-0.0000033378601074
0.3233416784475003,-0.0000028610229492,0.0000004765988137
0.3234416912993188,0.0000009517669923,0.0000004765988137
0.3235417041511374,-0.0000028629299322,0.0000004765988137
0.3236417170029560,0.0000009517669923,-0.0000033380990772
0.3237417298547745,-0.0000028629299322,-0.0000033380990772
0.3238417427065930,0.0000009517669923,0.0000004765988137
0.3239417555584115,0.0000009517669923,-0.0000071527961154
0.3240417684102301,-0.0000066776278800,-0.0000033380990772
0.3241417812620486,-0.0000181217201316,0.0000042912961362
0.3242417941138671,-0.0000066776278800,0.0000004765988137
0.3243418069656857,-0.0000028629299322,-0.0000033380990772
0.3244418198175042,-0.0000028629299322,-0.0000033380990772
0.3245418326693227,-0.0000028629299322,-0.0000033380990772
0.3246418455211412,-0.0000028610229492,0.0000004765988137
0.3247418583729598,-0.0000028629299322,0.0000004765988137
0.3248418712247783,-0.0000028629299322,-0.0000033380990772
0.3249418840765969,0.0000009517669923,0.0000004765988137
0.3250418969284154,-0.0000028629299322,0.0000004765988137
0.3251419097802339,-0.0000028629299322,0.0000004765988137
0.3252419226320524,-0.0000028629299322,0.0000042912961362
0.3253419354838710,0.0000009517669923,-0.0000033380990772
0.3254419483356895,-0.0000028629299322,0.0000004765988137
0.3255419611875081,0.0000009517669923,0.0000042912961362
0.3256419740393265,-0.0000143070201375,-0.0000033380990772
0.3257419868911451,-0.0000066776278800,0.0000004765988137
0.3258419997429636,-0.0000028629299322,-0.0000033380990772
0.3259420125947822,0.0000009517669923,-0.0000033380990772
0.3260420254466007,-0.0000028629299322,0.0000042912961362
0.3261420382984192,-0.0000066776278800,0.0000042912961362
0.3262420511502378,-0.0000028629299322,0.0000004765988137
0.3263420640020563,-0.0000028629299322,0.0000004765988137
0.3264420768538748,-0.0000028629299322,0.0000042912961362
0.3265420897056933,0.0000009517669923,-0.0000033380990772
0.3266421025575119,-0.0000028629299322,-0.0000033380990772
0.3267421154093305,-0.0000028629299322,-0.0000033380990772
0.3268421282611489,0.0000009517669923,0.0000004765988137
0.3269421411129675,-0.0000028629299322,0.0000004765988137
0.3270421539647860,-0.0000028629299322,0.0000004765988137
0.3271421668166046,-0.0000028629299322,-0.0000033380990772
0.3272421796684231,0.0000009517669923,-0.0000033380990772
0.3273421925202416,-0.0000143070201375,-0.0000033380990772
0.3274422053720601,0.0000009517669923,0.0000004765988137
0.3275422182238787,-0.0000066776278800,0.0000004765988137
0.3276422310756972,-0.0000028629299322,0.0000004765988137
0.3277422439275157,-0.0000028629299322,0.0000004765988137
0.3278422567793343,-0.0000028629299322,-0.0000033380990772
0.3279422696311529,-0.0000028629299322,0.0000004765988137
0.3280422824829713,-0.0000028629299322,0.0000004765988137
0.3281422953347899,-0.0000028629299322,0.0000004765988137
0.3282423081866084,0.0000009517669923,-0.0000033380990772
0.3283423210384270,-0.0000028629299322,0.0000004765988137
0.3284423338902455,-0.0000028629299322,-0.0000033380990772
0.3285423467420640,0.0000009517669923,0.0000004765988137
0.3286423595938825,0.0000009517669923,0.0000004765988137
0.3287423724457010,-0.0000028629299322,0.0000004765988137
0.3288423852975196,0.0000009517669923,0.0000004765988137
0.3289423981493381,-0.0000066776278800,-0.0000033380990772
0.3290424110011567,-0.0000066776278800,0.0000042912961362
0.3291424238529752,-0.0000066776278800,-0.0000033380990772
0.3292424367047938,-0.0000028629299322,0.0000004765988137
0.3293424495566123,0.0000009517669923,0.0000004765988137
0.3294424624084308,-0.0000028629299322,0.0000004765988137
0.3295424752602493,-0.0000028629299322,0.0000004765988137
0.3296424881120679,0.0000009517669923,0.0000004765988137
0.3297425009638864,-0.0000028629299322,-0.0000033380990772
0.3298425138157050,0.0000009517669923,0.0000004765988137
0.3299425266675234,-0.0000028629299322,0.0000004765988137
0.3300425395193420,-0.0000028629299322,0.0000004765988137
0.3301425523711605,-0.0000028629299322,-0.0000033380990772
0.3302425652229791,-0.0000066776278800,0.0000004765988137
0.3303425780747976,0.0000009517669923,0.0000004765988137
0.3304425909266161,-0.0000066776278800,0.0000004765988137
0.3305426037784347,-0.0000028629299322,0.0000042912961362
0.3306426166302532,-0.0000104923301478,-0.0000033380990772
0.3307426294820717,-0.0000104923301478,-0.0000033380990772
0.3308426423338902,-0.0000104923301478,0.0000004765988137
0.3309426551857088,-0.0000066776278800,0.0000004765988137
0.3310426680375274,-0.0000028629299322,-0.0000033380990772
0.3311426808893458,-0.0000028629299322,0.0000004765988137
0.3312426937411644,-0.0000028629299322,-0.0000033380990772
0.3313427065929829,0.0000009517669923,0.0000004765988137
0.3314427194448015,0.0000009517669923,-0.0000033380990772
0.3315427322966200,-0.0000066776278800,0.0000004765988137
0.3316427451484385,0.0000009517669923,-0.0000033380990772
0.3317427580002570,-0.0000028629299322,0.0000004765988137
0.3318427708520756,-0.0000066776278800,-0.0000033380990772
0.3319427837038941,-0.0000028629299322,-0.0000033380990772
0.3320427965557126,-0.0000028629299322,0.0000004765988137
0.3321428094075312,-0.0000028629299322,-0.0000033380990772
0.3322428222593497,-0.0000028629299322,0.0000004765988137
0.3323428351111682,-0.0000066776278800,-0.0000033380990772
0.3324428479629868,-0.0000104923301478,-0.0000033380990772
0.3325428608148053,-0.0000028629299322,0.0000004765988137
0.3326428736666238,-0.0000028629299322,-0.0000033380990772
0.3327428865184424,-0.0000028629299322,-0.0000071527961154
0.3328428993702609,-0.0000066776278800,-0.0000033380990772
0.3329429122220794,-0.0000028629299322,0.0000042912961362
0.3330429250738979,-0.0000028629299322,0.0000004765988137
0.3331429379257165,-0.0000028629299322,-0.0000033380990772
0.3332429507775350,-0.0000066776278800,0.0000004765988137
0.3333429636293536,-0.0000028629299322,0.0000004765988137
0.3334429764811721,-0.0000028629299322,0.0000004765988137
0.3335429893329906,-0.0000028629299322,0.0000004765988137
0.3336430021848092,-0.0000028629299322,0.0000004765988137
0.3337430150366277,0.0000009517669923,0.0000004765988137
0.3338430278884462,-0.0000028629299322,0.0000004765988137
0.3339430407402647,-0.0000028629299322,-0.0000033380990772
0.3340430535920833,-0.0000066776278800,0.0000042912961362
0.3341430664439018,-0.0000219364192162,0.0000004765988137
0.3342430792957203,-0.0000066776278800,0.0000004765988137
0.3343430921475389,-0.0000066776278800,-0.0000033380990772
0.3344431049993574,-0.0000028629299322,0.0000004765988137
0.3345431178511760,-0.0000028629299322,0.0000004765988137
0.3346431307029945,-0.0000028629299322,-0.0000033380990772
0.3347431435548130,-0.0000028629299322,0.0000004765988137
0.3348431564066315,-0.0000028629299322,-0.0000033380990772
0.3349431692584501,-0.0000028629299322,0.0000004765988137
0.3350431821102686,-0.0000028629299322,-0.0000033380990772
0.3351431949620871,-0.0000028629299322,0.0000004765988137
0.3352432078139057,-0.0000028629299322,-0.0000033380990772
0.3353432206657243,0.0000009517669923,-0.0000033380990772
0.3354432335175427,-0.0000028629299322,-0.0000033380990772
0.3355432463693613,-0.0000028629299322,0.0000004765988137
0.3356432592211798,-0.0000143070201375,0.0000004765988137
0.3357432720729984,-0.0000066776278800,0.0000004765988137
0.3358432849248169,-0.0000066776278800,0.0000004765988137
0.3359432977766354,-0.0000028629299322,0.0000042912961362
0.3360433106284539,0.0000009517669923,0.0000004765988137
0.3361433234802724,-0.0000028629299322,0.0000004765988137
0.3362433363320910,-0.0000028629299322,0.0000004765988137
0.3363433491839095,-0.0000028629299322,0.0000004765988137
0.3364433620357281,-0.0000028629299322,0.0000004765988137
0.3365433748875466,0.0000009517669923,0.0000004765988137
0.3366433877393651,0.0000009517669923,0.0000004765988137
0.3367434005911837,-0.0000028629299322,0.0000004765988137
0.3368434134430022,-0.0000028629299322,-0.0000033380990772
0.3369434262948207,-0.0000028629299322,0.0000004765988137
0.3370434391466393,0.0000009517669923,0.0000004765988137
0.3371434519984578,0.0000047664639169,-0.0000033380990772
0.3372434648502763,-0.0000066776278800,0.0000004765988137
0.3373434777020948,-0.0000104923301478,-0.0000033380990772
0.3374434905539134,0.0000009517669923,-0.0000033380990772
0.3375435034057319,-0.0000066776278800,0.0000004765988137
0.3376435162575505,-0.0000028629299322,-0.0000033380990772
0.3377435291093690,0.0000009517669923,0.0000004765988137
0.3378435419611875,0.0000009517669923,0.0000004765988137
0.3379435548130061,0.0000009517669923,0.0000004765988137
0.3380435676648246,-0.0000028629299322,-0.0000033380990772
0.3381435805166431,0.0000009517669923,0.0000042912961362
0.3382435933684617,0.0000009517669923,-0.0000033380990772
0.3383436062202801,-0.0000028629299322,-0.0000033380990772
0.3384436190720987,0.0000009517669923,0.0000004765988137
0.3385436319239172,0.0000009517669923,-0.0000033380990772
0.3386436447757358,0.0000009517669923,0.0000004765988137
0.3387436576275543,0.0000047664639169,-0.0000033380990772
0.3388436704793729,0.0000009517669923,-0.0000033380990772
0.3389436833311914,-0.0000104923301478,0.0000004765988137
0.3390436961830099,-0.0000028629299322,-0.0000033380990772
0.3391437090348284,-0.0000066776278800,-0.0000033380990772
0.3392437218866470,0.0000047664639169,0.0000042912961362
0.3393437347384655,-0.0000028629299322,0.0000042912961362
0.3394437475902840,0.0000009517669923,0.0000004765988137
0.3395437604421025,0.0000047664639169,-0.0000033380990772
0.3396437732939211,0.0000047664639169,0.0000042912961362
0.3397437861457396,0.0000047659877964,-0.0000033380990772
0.3398437989975582,0.0000085806850620,0.0000004765988137
0.3399438118493767,0.0000047664639169,-0.0000033380990772
0.3400438247011952,-0.0000028629299322,-0.0000033380990772
0.3401438375530138,0.0000009517669923,0.0000004765988137
0.3402438504048323,0.0000009517669923,-0.0000033380990772
0.3403438632566508,0.0000009517669923,0.0000004765988137
0.3404438761084693,0.0000009517669923,0.0000004765988137
0.3405438889602879,0.0000009517669923,0.0000004765988137
0.3406439018121064,0.0000047664639169,-0.0000033380990772
0.3407439146639250,0.0000009517669923,0.0000004765988137
0.3408439275157435,-0.0000143070201375,-0.0000033380990772
0.3409439403675620,-0.0000028629299322,0.0000004765988137
0.3410439532193806,0.0000047664639169,-0.0000033380990772
0.3411439660711991,-0.0000028629299322,-0.0000033380990772
0.3412439789230176,0.0000009517669923,-0.0000033380990772
0.3413439917748362,-0.0000028629299322,0.0000004765988137
0.3414440046266547,0.0000009517669923,0.0000004765988137
0.3415440174784732,0.0000009517669923,0.0000004765988137
0.3416440303302917,0.0000047664639169,0.0000042912961362
0.3417440431821103,0.0000009517669923,0.0000004765988137
0.3418440560339288,0.0000009517669923,-0.0000033380990772
0.3419440688857474,0.0000047664639169,0.0000004765988137
0.3420440817375659,-0.0000028629299322,0.0000004765988137
0.3421440945893844,0.0000009517669923,0.0000004765988137
0.3422441074412029,-0.0000066776278800,-0.0000033380990772
0.3423441202930215,-0.0000028629299322,0.0000004765988137
0.3424441331448400,-0.0000066776278800,0.0000042912961362
0.3425441459966586,0.0000009517669923,0.0000004765988137
0.3426441588484770,0.0000009517669923,0.0000042912961362
0.3427441717002956,0.0000009517669923,0.0000004765988137
0.3428441845521141,0.0000009517669923,0.0000042912961362
0.3429441974039327,0.0000009517669923,0.0000004765988137
0.3430442102557512,0.0000009517669923,0.0000004765988137
0.3431442231075698,0.0000047664639169,0.0000004765988137
0.3432442359593883,-0.0000028629299322,0.0000004765988137
0.3433442488112068,-0.0000028629299322,0.0000004765988137
0.3434442616630253,0.0000009517669923,0.0000004765988137
0.3435442745148438,-0.0000028629299322,0.0000004765988137
0.3436442873666624,-0.0000028629299322,0.0000042912961362
0.3437443002184809,0.0000047664639169,0.0000004765988137
0.3438443130702994,-0.0000028629299322,0.0000042912961362
0.3439443259221180,-0.0000028629299322,-0.0000033380990772
0.3440443387739365,-0.0000028629299322,0.0000004765988137
0.3441443516257551,-0.0000219364192162,-0.0000033380990772
0.3442443644775736,-0.0000028629299322,0.0000004765988137
0.3443443773293921,-0.0000028629299322,0.0000004765988137
0.3444443901812107,-0.0000028629299322,-0.0000033380990772
0.3445444030330292,-0.0000028629299322,0.0000004765988137
0.3446444158848477,-0.0000028629299322,0.0000004765988137
0.3447444287366662,-0.0000028629299322,0.0000004765988137
0.3448444415884848,-0.0000028629299322,-0.0000033380990772
0.3449444544403033,0.0000009517669923,0.0000004765988137
0.3450444672921218,0.0000009517669923,0.0000004765988137
0.3451444801439404,-0.0000066776278800,0.0000004765988137
0.3452444929957589,-0.0000028629299322,0.0000004765988137
0.3453445058475775,-0.0000028629299322,0.0000042912961362
0.3454445186993960,-0.0000066776278800,0.0000042912961362
0.3455445315512145,-0.0000028629299322,0.0000004765988137
0.3456445444030330,-0.0000143070201375,-0.0000071527961154
0.3457445572548515,-0.0000028629299322,0.0000004765988137
0.3458445701066701,-0.0000028629299322,0.0000004765988137
0.3459445829584886,-0.0000066776278800,0.0000004765988137
0.3460445958103072,-0.0000028629299322,0.0000004765988137
0.3461446086621257,-0.0000028629299322,-0.0000033380990772
0.3462446215139443,-0.0000066776278800,0.0000004765988137
0.3463446343657628,-0.0000028629299322,0.0000004765988137
0.3464446472175813,-0.0000028629299322,-0.0000033380990772
0.3465446600693998,0.0000009517669923,-0.0000071527961154
0.3466446729212184,-0.0000066776278800,0.0000004765988137
0.3467446857730369,0.0000009517669923,0.0000004765988137
0.3468446986248555,-0.0000066776278800,0.0000004765988137
0.3469447114766739,-0.0000066776278800,-0.0000033380990772
0.3470447243284925,0.0000009517669923,0.0000004765988137
0.3471447371803110,0.0000009517669923,0.0000004765988137
0.3472447500321296,0.0000009517669923,0.0000042912961362
0.3473447628839481,-0.0000143070201375,0.0000004765988137
0.3474447757357666,-0.0000028629299322,-0.0000033380990772
0.3475447885875852,-0.0000066776278800,0.0000042912961362
0.3476448014394037,-0.0000028629299322,0.0000004765988137
0.3477448142912222,0.0000009517669923,0.0000042912961362
0.3478448271430407,0.0000009517669923,-0.0000033380990772
0.3479448399948593,0.0000009517669923,0.0000004765988137
0.3480448528466779,0.0000009517669923,0.0000004765988137
0.3481448656984963,-0.0000028629299322,0.0000004765988137
0.3482448785503149,-0.0000028629299322,0.0000004765988137
0.3483448914021334,-0.0000028629299322,0.0000004765988137
0.3484449042539520,0.0000009517669923,-0.0000033380990772
0.3485449171057705,0.0000009517669923,-0.0000033380990772
0.3486449299575890,0.0000009517669923,-0.0000033380990772
0.3487449428094075,0.0000009517669923,0.0000042912961362
0.3488449556612261,-0.0000028629299322,-0.0000033380990772
0.3489449685130446,-0.0000104923301478,0.0000004765988137
0.3490449813648631,-0.0000028629299322,0.0000004765988137
0.3491449942166817,-0.0000104923301478,-0.0000033380990772
0.3492450070685002,-0.0000028629299322,0.0000004765988137
0.3493450199203187,-0.0000028629299322,-0.0000033380990772
0.3494450327721373,0.0000009517669923,0.0000004765988137
0.3495450456239558,0.0000009517669923,0.0000004765988137
0.3496450584757743,-0.0000066776278800,0.0000004765988137
0.3497450713275929,-0.0000028629299322,0.0000004765988137
0.3498450841794114,0.0000009517669923,0.0000004765988137
0.3499450970312299,-0.0000066776278800,0.0000004765988137
0.3500451098830484,-0.0000066776278800,0.0000004765988137
0.3501451227348670,-0.0000028629299322,-0.0000033380990772
0.3502451355866855,-0.0000028629299322,0.0000042912961362
0.3503451484385041,-0.0000028629299322,0.0000004765988137
0.3504451612903225,-0.0000028629299322,-0.0000033380990772
0.3505451741421411,-0.0000028629299322,0.0000004765988137
0.3506451869939597,-0.0000066776278800,-0.0000033380990772
0.3507451998457782,-0.0000104923301478,-0.0000033380990772
0.3508452126975967,-0.0000104923301478,-0.0000033380990772
0.3509452255494152,-0.0000066776278800,-0.0000033380990772
0.3510452384012338,-0.0000066776278800,0.0000004765988137
0.3511452512530523,-0.0000028629299322,0.0000004765988137
0.3512452641048708,0.0000009517669923,-0.0000033380990772
0.3513452769566894,-0.0000028629299322,0.0000004765988137
0.3514452898085079,-0.0000066776278800,0.0000004765988137
0.3515453026603265,-0.0000028629299322,-0.0000033380990772
0.3516453155121450,-0.0000028629299322,-0.0000033380990772
0.3517453283639635,0.0000009517669923,-0.0000033380990772
0.3518453412157821,-0.0000028629299322,0.0000004765988137
0.3519453540676006,-0.0000028629299322,0.0000004765988137
0.3520453669194191,-0.0000028629299322,-0.0000033380990772
0.3521453797712376,-0.0000066776278800,-0.0000033380990772
0.3522453926230562,-0.0000028629299322,-0.0000033380990772
0.3523454054748748,-0.0000028629299322,0.0000042912961362
0.3524454183266932,-0.0000104923301478,0.0000004765988137
0.3525454311785118,-0.0000028629299322,-0.0000033380990772
0.3526454440303303,0.0000009517669923,0.0000004765988137
0.3527454568821489,0.0000009517669923,0.0000004765988137
0.3528454697339674,-0.0000028629299322,0.0000042912961362
0.3529454825857859,0.0000009517669923,0.0000004765988137
0.3530454954376044,0.0000009517669923,-0.0000033380990772
0.3531455082894229,-0.0000028629299322,0.0000004765988137
0.3532455211412415,-0.0000028629299322,0.0000004765988137
0.3533455339930600,-0.0000028629299322,0.0000004765988137
0.3534455468448786,-0.0000028629299322,0.0000004765988137
0.3535455596966970,0.0000009517669923,-0.0000033380990772
0.3536455725485156,-0.0000028629299322,-0.0000033380990772
0.3537455854003342,0.0000009517669923,0.0000004765988137
0.3538455982521527,0.0000009517669923,0.0000004765988137
0.3539456111039712,-0.0000028629299322,0.0000004765988137
0.3540456239557898,-0.0000066776278800,0.0000042912961362
0.3541456368076083,-0.0000219364192162,-0.0000071527961154
0.3542456496594268,-0.0000066776278800,0.0000042912961362
0.3543456625112453,-0.0000028629299322,0.0000004765988137
0.3544456753630639,0.0000009517669923,-0.0000033380990772
0.3545456882148824,-0.0000028629299322,0.0000004765988137
0.3546457010667010,-0.0000028629299322,0.0000004765988137
0.3547457139185194,-0.0000028629299322,0.0000004765988137
0.3548457267703380,0.0000009517669923,0.0000004765988137
0.3549457396221566,0.0000047664639169,0.0000004765988137
0.3550457524739751,0.0000009517669923,0.0000004765988137
0.3551457653257936,-0.0000028629299322,0.0000004765988137
0.3552457781776121,0.0000009517669923,0.0000004765988137
0.3553457910294307,-0.0000028629299322,0.0000004765988137
0.3554458038812492,-0.0000028629299322,0.0000004765988137
0.3555458167330677,-0.0000028629299322,0.0000042912961362
0.3556458295848863,-0.0000066776278800,0.0000004765988137
0.3557458424367048,-0.0000028629299322,-0.0000033380990772
0.3558458552885234,-0.0000104923301478,0.0000004765988137
0.3559458681403418,-0.0000028629299322,0.0000004765988137
0.3560458809921604,0.0000009517669923,0.0000004765988137
0.3561458938439789,0.0000009517669923,0.0000042912961362
0.3562459066957975,0.0000009517669923,0.0000004765988137
0.3563459195476160,0.0000009517669923,0.0000004765988137
0.3564459323994345,0.0000009517669923,0.0000004765988137
0.3565459452512530,-0.0000028629299322,0.0000004765988137
0.3566459581030716,0.0000009517669923,0.0000004765988137
0.3567459709548901,-0.0000028629299322,0.0000042912961362
0.3568459838067087,0.0000009517669923,0.0000004765988137
0.3569459966585272,0.0000009517669923,0.0000004765988137
0.3570460095103457,0.0000009517669923,0.0000004765988137
0.3571460223621643,0.0000047664639169,0.0000004765988137
0.3572460352139828,0.0000009517669923,0.0000004765988137
0.3573460480658013,-0.0000104923301478,-0.0000033380990772
0.3574460609176198,-0.0000028629299322,0.0000004765988137
0.3575460737694384,-0.0000104923301478,-0.0000033380990772
0.3576460866212569,0.0000009517669923,0.0000004765988137
0.3577460994730755,0.0000009517669923,-0.0000033380990772
0.3578461123248939,0.0000009517669923,0.0000042912961362
0.3579461251767125,0.0000009517669923,0.0000004765988137
0.3580461380285311,0.0000009517669923,-0.0000033380990772
0.3581461508803496,0.0000009517669923,0.0000004765988137
0.3582461637321681,0.0000009517669923,-0.0000033380990772
0.3583461765839866,0.0000009517669923,0.0000042912961362
0.3584461894358052,0.0000009517669923,0.0000004765988137
0.3585462022876237,0.0000047664639169,0.0000004765988137
0.3586462151394422,0.0000047664639169,0.0000004765988137
0.3587462279912608,0.0000047664639169,0.0000004765988137
0.3588462408430793,0.0000009517669923,0.0000004765988137
0.3589462536948979,-0.0000066776278800,0.0000004765988137
0.3590462665467163,-0.0000028629299322,0.0000004765988137
0.3591462793985349,-0.0000028629299322,-0.0000033380990772
0.3592462922503535,0.0000009517669923,-0.0000033380990772
0.3593463051021720,-0.0000028629299322,-0.0000033380990772
0.3594463179539905,0.0000009517669923,0.0000004765988137
0.3595463308058090,0.0000009517669923,0.0000042912961362
0.3596463436576275,0.0000047664639169,0.0000004765988137
0.3597463565094461,0.0000047664639169,0.0000004765988137
0.3598463693612646,0.0000009517669923,-0.0000033380990772
0.3599463822130832,0.0000047664639169,0.0000004765988137
0.3600463950649017,0.0000009517669923,0.0000042912961362
0.3601464079167203,0.0000047664639169,0.0000004765988137
0.3602464207685387,0.0000047659877964,0.0000004765988137
0.3603464336203573,0.0000047664639169,0.0000004765988137
0.3604464464721758,0.0000009517669923,0.0000004765988137
0.3605464593239943,-0.0000028610229492,0.0000004765988137
0.3606464721758129,0.0000009517669923,0.0000004765988137
0.3607464850276314,-0.0000028629299322,0.0000004765988137
0.3608464978794499,-0.0000143070201375,0.0000042912961362
0.3609465107312685,-0.0000028629299322,0.0000042912961362
0.3610465235830870,0.0000047664639169,0.0000042912961362
0.3611465364349056,0.0000009517669923,0.0000004765988137
0.3612465492867241,0.0000009517669923,0.0000004765988137
0.3613465621385426,0.0000009517669923,0.0000004765988137
0.3614465749903611,0.0000009517669923,0.0000004765988137
0.3615465878421797,0.0000009517669923,0.0000004765988137
0.3616466006939982,0.0000009517669923,0.0000042912961362
0.3617466135458167,0.0000047664639169,0.0000042912961362
0.3618466263976353,0.0000085811616373,0.0000004765988137
0.3619466392494538,0.0000009517669923,-0.0000033380990772
0.3620466521012723,0.0000009517669923,0.0000004765988137
0.3621466649530908,0.0000009517669923,0.0000004765988137
0.3622466778049094,-0.0000028629299322,-0.0000033380990772
0.3623466906567280,-0.0000066776278800,0.0000004765988137
0.3624467035085465,-0.0000104923301478,-0.0000033380990772
0.3625467163603650,-0.0000028629299322,0.0000004765988137
0.3626467292121835,0.0000009517669923,0.0000004765988137
0.3627467420640021,0.0000009517669923,0.0000004765988137
0.3628467549158206,-0.0000028629299322,0.0000004765988137
0.3629467677676391,0.0000047664639169,0.0000004765988137
0.3630467806194577,0.0000047664639169,0.0000004765988137
0.3631467934712762,0.0000009517669923,0.0000004765988137
0.3632468063230948,0.0000009517669923,0.0000004765988137
0.3633468191749132,0.0000009517669923,-0.0000033380990772
0.3634468320267318,0.0000009517669923,0.0000042912961362
0.3635468448785503,0.0000047664639169,0.0000004765988137
0.3636468577303689,0.0000047664639169,0.0000004765988137
0.3637468705821874,0.0000009517669923,-0.0000033380990772
0.3638468834340059,-0.0000028629299322,0.0000042912961362
0.3639468962858244,-0.0000028629299322,0.0000004765988137
0.3640469091376430,-0.0000028629299322,0.0000042912961362
0.3641469219894615,-0.0000104923301478,-0.0000071527961154
0.3642469348412801,-0.0000028629299322,-0.0000033380990772
0.3643469476930986,-0.0000028629299322,0.0000004765988137
0.3644469605449171,-0.0000028629299322,0.0000042912961362
0.3645469733967356,0.0000009517669923,0.0000004765988137
0.3646469862485542,0.0000009517669923,0.0000004765988137
0.3647469991003727,-0.0000028629299322,-0.0000033380990772
0.3648470119521912,-0.0000028629299322,-0.0000033380990772
0.3649470248040098,-0.0000066776278800,0.0000004765988137
0.3650470376558283,0.0000009517669923,0.0000004765988137
0.3651470505076468,0.0000009517669923,0.0000004765988137
0.3652470633594654,-0.0000028629299322,0.0000004765988137
0.3653470762112839,-0.0000028629299322,-0.0000033380990772
0.3654470890631025,-0.0000028629299322,0.0000004765988137
0.3655471019149210,0.0000009517669923,0.0000004765988137
0.3656471147667395,-0.0000104923301478,0.0000004765988137
0.3657471276185580,-0.0000066776278800,-0.0000033380990772
0.3658471404703766,-0.0000066776278800,0.0000004765988137
0.3659471533221951,-0.0000066776278800,0.0000004765988137
0.3660471661740136,0.0000009517669923,0.0000004765988137
0.3661471790258322,0.0000009517669923,0.0000004765988137
0.3662471918776507,0.0000009517669923,-0.0000033380990772
0.3663472047294692,0.0000009517669923,-0.0000033380990772
0.3664472175812877,0.0000009517669923,-0.0000033380990772
0.3665472304331063,-0.0000028629299322,0.0000004765988137
0.3666472432849249,-0.0000028629299322,0.0000042912961362
0.3667472561367434,-0.0000028629299322,-0.0000033380990772
0.3668472689885619,-0.0000028629299322,0.0000004765988137
0.3669472818403804,-0.0000028629299322,-0.0000033380990772
0.3670472946921989,-0.0000028629299322,0.0000004765988137
0.3671473075440175,-0.0000028629299322,0.0000004765988137
0.3672473203958360,-0.0000028629299322,0.0000004765988137
0.3673473332476546,-0.0000104923301478,0.0000004765988137
0.3674473460994730,-0.0000028629299322,-0.0000033380990772
0.3675473589512916,-0.0000066776278800,0.0000004765988137
0.3676473718031101,0.0000009517669923,0.0000004765988137
0.3677473846549287,0.0000009517669923,0.0000004765988137
0.3678473975067472,-0.0000066776278800,0.0000004765988137
0.3679474103585657,-0.0000028629299322,-0.0000033380990772
0.3680474232103843,0.0000009517669923,0.0000004765988137
0.3681474360622028,0.0000009517669923,-0.0000071527961154
0.3682474489140213,0.0000009517669923,-0.0000033380990772
0.3683474617658399,0.0000009517669923,0.0000004765988137
0.3684474746176584,-0.0000028629299322,-0.0000033380990772
0.3685474874694770,0.0000047664639169,0.0000004765988137
0.3686475003212955,-0.0000028629299322,0.0000004765988137
0.3687475131731140,-0.0000028629299322,0.0000004765988137
0.3688475260249325,0.0000009517669923,0.0000004765988137
0.3689475388767511,-0.0000143070201375,0.0000004765988137
0.3690475517285696,-0.0000028629299322,-0.0000033380990772
0.3691475645803881,-0.0000104923301478,0.0000004765988137
0.3692475774322067,-0.0000028629299322,-0.0000033380990772
0.3693475902840252,-0.0000028629299322,0.0000004765988137
0.3694476031358437,-0.0000028629299322,0.0000004765988137
0.3695476159876623,0.0000009517669923,0.0000004765988137
0.3696476288394808,-0.0000028629299322,0.0000004765988137
0.3697476416912994,0.0000009517669923,0.0000004765988137
0.3698476545431179,-0.0000028629299322,-0.0000033380990772
0.3699476673949364,-0.0000028629299322,0.0000004765988137
0.3700476802467549,-0.0000028629299322,0.0000004765988137
0.3701476930985735,-0.0000066776278800,0.0000004765988137
0.3702477059503920,-0.0000066776278800,-0.0000033380990772
0.3703477188022105,-0.0000066776278800,0.0000004765988137
0.3704477316540291,-0.0000028629299322,0.0000004765988137
0.3705477445058475,-0.0000028629299322,0.0000042912961362
0.3706477573576661,-0.0000143070201375,0.0000004765988137
0.3707477702094847,-0.0000028629299322,0.0000004765988137
0.3708477830613032,-0.0000104923301478,0.0000004765988137
0.3709477959131217,-0.0000066776278800,0.0000004765988137
0.3710478087649403,-0.0000028629299322,0.0000042912961362
0.3711478216167588,-0.0000028629299322,-0.0000033380990772
0.3712478344685773,-0.0000028629299322,-0.0000033380990772
0.3713478473203958,-0.0000028629299322,0.0000042912961362
0.3714478601722144,-0.0000028629299322,0.0000004765988137
0.3715478730240329,-0.0000028629299322,0.0000042912961362
0.3716478858758515,-0.0000028629299322,0.0000004765988137
0.3717478987276699,-0.0000066776278800,-0.0000033380990772
0.3718479115794885,-0.0000028629299322,0.0000042912961362
0.3719479244313070,-0.0000028629299322,-0.0000033380990772
0.3720479372831256,-0.0000028629299322,0.0000004765988137
0.3721479501349441,-0.0000066776278800,0.0000004765988137
0.3722479629867626,-0.0000028629299322,-0.0000033380990772
0.3723479758385812,-0.0000104923301478,-0.0000033380990772
0.3724479886903997,-0.0000104923301478,0.0000004765988137
0.3725480015422182,-0.0000028629299322,-0.0000033380990772
0.3726480143940368,-0.0000066776278800,0.0000004765988137
0.3727480272458553,-0.0000028629299322,0.0000004765988137
0.3728480400976739,-0.0000028629299322,0.0000004765988137
0.3729480529494923,-0.0000028629299322,-0.0000033380990772
0.3730480658013109,-0.0000028629299322,-0.0000033380990772
0.3731480786531294,-0.0000028629299322,0.0000004765988137
0.3732480915049480,-0.0000028629299322,0.0000004765988137
0.3733481043567665,-0.0000066776278800,0.0000004765988137
0.3734481172085850,-0.0000066776278800,0.0000004765988137
0.3735481300604035,-0.0000066776278800,0.0000004765988137
0.3736481429122221,-0.0000028629299322,0.0000004765988137
0.3737481557640406,-0.0000028629299322,-0.0000033380990772
0.3738481686158592,-0.0000028629299322,0.0000004765988137
0.3739481814676777,-0.0000028629299322,0.0000004765988137
0.3740481943194963,-0.0000143070201375,-0.0000033380990772
0.3741482071713148,-0.0000143070201375,0.0000004765988137
0.3742482200231333,-0.0000104923301478,-0.0000033380990772
0.3743482328749518,-0.0000066776278800,0.0000004765988137
0.3744482457267703,-0.0000066776278800,0.0000004765988137
0.3745482585785889,-0.0000028629299322,0.0000004765988137
0.3746482714304074,-0.0000028629299322,0.0000042912961362
0.3747482842822260,-0.0000028629299322,0.0000004765988137
0.3748482971340444,-0.0000028629299322,0.0000004765988137
0.3749483099858630,-0.0000028629299322,0.0000004765988137
0.3750483228376816,-0.0000028629299322,-0.0000033380990772
0.3751483356895001,-0.0000028629299322,-0.0000033380990772
0.3752483485413186,0.0000009517669923,0.0000004765988137
0.3753483613931371,-0.0000066776278800,-0.0000033380990772
0.3754483742449557,-0.0000066776278800,-0.0000033380990772
0.3755483870967742,-0.0000028629299322,0.0000004765988137
0.3756483999485927,-0.0000104923301478,-0.0000033380990772
0.3757484128004113,-0.0000066776278800,0.0000004765988137
0.3758484256522298,-0.0000066776278800,0.0000004765988137
0.3759484385040484,-0.0000028629299322,-0.0000033380990772
0.3760484513558668,-0.0000066776278800,-0.0000033380990772
0.3761484642076854,0.0000009517669923,-0.0000033380990772
0.3762484770595039,-0.0000028629299322,0.0000004765988137
0.3763484899113225,-0.0000028629299322,0.0000004765988137
0.3764485027631410,0.0000009517669923,0.0000042912961362
0.3765485156149595,-0.0000028629299322,-0.0000033380990772
0.3766485284667780,-0.0000028629299322,0.0000042912961362
0.3767485413185966,-0.0000028629299322,0.0000004765988137
0.3768485541704151,0.0000009517669923,0.0000004765988137
0.3769485670222337,0.0000009517669923,-0.0000033380990772
0.3770485798740522,0.0000047664639169,0.0000004765988137
0.3771485927258708,-0.0000028629299322,0.0000004765988137
0.3772486055776892,0.0000009517669923,0.0000004765988137
0.3773486184295078,-0.0000104923301478,0.0000004765988137
0.3774486312813263,-0.0000028629299322,-0.0000033380990772
0.3775486441331449,-0.0000066776278800,-0.0000071527961154
0.3776486569849634,-0.0000028629299322,-0.0000033380990772
0.3777486698367819,0.0000009517669923,-0.0000033380990772
0.3778486826886004,0.0000009517669923,-0.0000033380990772
0.3779486955404189,0.0000009517669923,0.0000004765988137
0.3780487083922375,-0.0000028629299322,0.0000004765988137
0.3781487212440561,-0.0000028629299322,-0.0000033380990772
0.3782487340958746,0.0000009517669923,-0.0000033380990772
0.3783487469476931,0.0000009517669923,-0.0000033380990772
0.3784487597995116,0.0000009517669923,-0.0000033380990772
0.3785487726513302,0.0000009517669923,-0.0000033380990772
0.3786487855031487,0.0000009517669923,-0.0000033380990772
0.3787487983549672,0.0000009517669923,-0.0000033380990772
0.3788488112067858,0.0000009517669923,0.0000004765988137
0.3789488240586043,-0.0000104923301478,-0.0000033380990772
0.3790488369104228,-0.0000028629299322,0.0000004765988137
0.3791488497622413,-0.0000028629299322,0.0000004765988137
0.3792488626140599,-0.0000028629299322,-0.0000033380990772
0.3793488754658785,0.0000047664639169,-0.0000033380990772
0.3794488883176970,-0.0000028629299322,-0.0000071527961154
0.3795489011695155,0.0000047664639169,0.0000004765988137
0.3796489140213340,0.0000047664639169,-0.0000033380990772
0.3797489268731526,0.0000047664639169,0.0000004765988137
0.3798489397249711,0.0000009517669923,0.0000004765988137
0.3799489525767896,0.0000047664639169,0.0000004765988137
0.3800489654286082,0.0000009517669923,-0.0000033378601074
0.3801489782804267,0.0000047664639169,0.0000004765988137
0.3802489911322453,0.0000047664639169,0.0000004765988137
0.3803490039840637,0.0000009517669923,0.0000004765988137
0.3804490168358823,0.0000047664639169,0.0000004765988137
0.3805490296877008,0.0000047664639169,-0.0000033380990772
0.3806490425395194,0.0000009517669923,0.0000004765988137
0.3807490553913379,-0.0000028629299322,-0.0000033380990772
0.3808490682431564,-0.0000181217201316,0.0000004765988137
0.3809490810949749,-0.0000028629299322,-0.0000033380990772
0.3810490939467935,0.0000009517669923,0.0000004765988137
0.3811491067986120,0.0000009517669923,0.0000004765988137
0.3812491196504306,0.0000009517669923,-0.0000033380990772
0.3813491325022491,0.0000047664639169,-0.0000033380990772
0.3814491453540677,0.0000047664639169,0.0000004765988137
0.3815491582058861,0.0000047664639169,-0.0000033380990772
0.3816491710577047,0.0000009517669923,-0.0000033380990772
0.3817491839095232,0.0000009517669923,-0.0000033378601074
0.3818491967613417,0.0000009517669923,-0.0000033380990772
0.3819492096131603,0.0000009517669923,0.0000004765988137
0.3820492224649788,0.0000009517669923,0.0000004765988137
0.3821492353167973,0.0000009517669923,0.0000042912961362
0.3822492481686158,-0.0000066776278800,-0.0000033380990772
0.3823492610204344,0.0000009517669923,0.0000004765988137
0.3824492738722530,-0.0000066776278800,0.0000004765988137
0.3825492867240715,-0.0000028629299322,0.0000004765988137
0.3826492995758900,-0.0000028629299322,0.0000042912961362
0.3827493124277085,0.0000009517669923,-0.0000033380990772
0.3828493252795271,-0.0000028629299322,0.0000004765988137
0.3829493381313456,0.0000009517669923,-0.0000033380990772
0.3830493509831641,0.0000047659877964,-0.0000071525578278
0.3831493638349827,0.0000047664639169,0.0000004765988137
0.3832493766868012,0.0000009517669923,0.0000042912961362
0.3833493895386197,0.0000009517669923,-0.0000033380990772
0.3834494023904382,0.0000009517669923,0.0000004765988137
0.3835494152422568,0.0000009517669923,0.0000004765988137
0.3836494280940754,0.0000047664639169,0.0000004765988137
0.3837494409458939,-0.0000028629299322,0.0000004765988137
0.3838494537977124,0.0000009517669923,0.0000004765988137
0.3839494666495309,0.0000009517669923,-0.0000033380990772
0.3840494795013494,-0.0000104923301478,0.0000004765988137
0.3841494923531680,-0.0000104923301478,-0.0000033380990772
0.3842495052049865,-0.0000028629299322,0.0000004765988137
0.3843495180568051,0.0000009517669923,0.0000004765988137
0.3844495309086235,-0.0000028629299322,0.0000004765988137
0.3845495437604421,-0.0000028629299322,0.0000004765988137
0.3846495566122606,0.0000009517669923,0.0000004765988137
0.3847495694640792,0.0000047664639169,0.0000042912961362
0.3848495823158977,-0.0000028629299322,0.0000004765988137
0.3849495951677163,-0.0000028629299322,0.0000004765988137
0.3850496080195348,-0.0000028629299322,0.0000004765988137
0.3851496208713533,-0.0000028629299322,0.0000042912961362
0.3852496337231718,0.0000009517669923,0.0000004765988137
0.3853496465749903,-0.0000028629299322,-0.0000033380990772
0.3854496594268089,0.0000009517669923,-0.0000033380990772
0.3855496722786275,-0.0000028629299322,0.0000004765988137
0.3856496851304460,-0.0000104923301478,-0.0000033380990772
0.3857496979822645,-0.0000028629299322,0.0000004765988137
0.3858497108340830,-0.0000066776278800,0.0000004765988137
0.3859497236859016,-0.0000066776278800,-0.0000033380990772
0.3860497365377201,-0.0000028629299322,0.0000004765988137
0.3861497493895386,0.0000009517669923,0.0000042912961362
0.3862497622413572,-0.0000028629299322,0.0000004765988137
0.3863497750931757,0.0000009517669923,0.0000004765988137
0.3864497879449942,0.0000009517669923,0.0000004765988137
0.3865498007968127,0.0000009517669923,-0.0000033380990772
0.3866498136486313,-0.0000066776278800,-0.0000033380990772
0.3867498265004499,0.0000009517669923,0.0000004765988137
0.3868498393522684,-0.0000028629299322,0.0000004765988137
0.3869498522040869,-0.0000028629299322,0.0000004765988137
0.3870498650559054,0.0000009517669923,0.0000004765988137
0.3871498779077240,0.0000009517669923,0.0000042912961362
0.3872498907595425,-0.0000028629299322,0.0000004765988137
0.3873499036113610,-0.0000143070201375,-0.0000033380990772
0.3874499164631796,-0.0000028629299322,0.0000004765988137
0.3875499293149981,-0.0000104923301478,0.0000004765988137
0.3876499421668166,-0.0000066776278800,0.0000004765988137
0.3877499550186351,0.0000009517669923,-0.0000033380990772
0.3878499678704537,0.0000009517669923,-0.0000033380990772
0.3879499807222722,-0.0000028629299322,0.0000042912961362
0.3880499935740908,0.0000009517669923,0.0000004765988137
0.3881500064259093,0.0000009517669923,0.0000004765988137
0.3882500192777278,0.0000009517669923,-0.0000033380990772
0.3883500321295463,-0.0000066776278800,-0.0000033380990772
0.3884500449813649,-0.0000028629299322,-0.0000033380990772
0.3885500578331834,-0.0000028629299322,0.0000004765988137
0.3886500706850020,0.0000009517669923,0.0000004765988137
0.3887500835368204,0.0000009517669923,0.0000004765988137
0.3888500963886390,0.0000009517669923,0.0000004765988137
0.3889501092404575,-0.0000066776278800,0.0000004765988137
0.3890501220922761,-0.0000028629299322,0.0000042912961362
0.3891501349440946,-0.0000104923301478,0.0000004765988137
0.3892501477959131,-0.0000028629299322,0.0000004765988137
0.3893501606477317,-0.0000028629299322,0.0000004765988137
0.3894501734995502,-0.0000028629299322,0.0000042912961362
0.3895501863513687,-0.0000066776278800,0.0000004765988137
0.3896501992031872,0.0000009517669923,0.0000004765988137
0.3897502120550058,-0.0000066776278800,-0.0000033380990772
0.3898502249068244,-0.0000066776278800,0.0000004765988137
0.3899502377586428,-0.0000028629299322,0.0000004765988137
0.3900502506104614,-0.0000066776278800,0.0000004765988137
0.3901502634622799,-0.0000028629299322,0.0000004765988137
0.3902502763140985,0.0000009517669923,0.0000004765988137
0.3903502891659170,-0.0000028629299322,-0.0000033380990772
0.3904503020177355,0.0000009517669923,0.0000004765988137
0.3905503148695540,0.0000009517669923,0.0000004765988137
0.3906503277213726,-0.0000104923301478,-0.0000033380990772
0.3907503405731911,-0.0000066776278800,-0.0000033380990772
0.3908503534250096,-0.0000143070201375,0.0000004765988137
0.3909503662768282,0.0000009517669923,0.0000004765988137
0.3910503791286468,-0.0000028629299322,0.0000004765988137
0.3911503919804653,-0.0000028629299322,0.0000004765988137
0.3912504048322838,0.0000009517669923,-0.0000033380990772
0.3913504176841023,-0.0000028629299322,0.0000004765988137
0.3914504305359208,0.0000009517669923,-0.0000033380990772
0.3915504433877394,-0.0000066776278800,0.0000004765988137
0.3916504562395579,0.0000047664639169,0.0000004765988137
0.3917504690913765,0.0000009517669923,0.0000004765988137
0.3918504819431949,-0.0000028629299322,0.0000042912961362
0.3919504947950135,0.0000009517669923,0.0000004765988137
0.3920505076468320,0.0000009517669923,0.0000004765988137
0.3921505204986506,0.0000009517669923,0.0000004765988137
0.3922505333504691,-0.0000066776278800,0.0000004765988137
0.3923505462022877,-0.0000066776278800,0.0000004765988137
0.3924505590541062,-0.0000143070201375,-0.0000033380990772
0.3925505719059247,-0.0000028629299322,-0.0000033380990772
0.3926505847577432,-0.0000028629299322,0.0000004765988137
0.3927505976095617,0.0000009517669923,0.0000004765988137
0.3928506104613803,0.0000009517669923,0.0000042912961362
0.3929506233131989,0.0000009517669923,0.0000042912961362
0.3930506361650173,-0.0000028629299322,0.0000004765988137
0.3931506490168359,-0.0000028629299322,0.0000004765988137
0.3932506618686544,0.0000009517669923,0.0000004765988137
0.3933506747204730,0.0000047664639169,0.0000042912961362
0.3934506875722915,0.0000009517669923,0.0000004765988137
0.3935507004241100,-0.0000028629299322,0.0000004765988137
0.3936507132759286,0.0000009517669923,-0.0000033380990772
0.3937507261277471,-0.0000028629299322,0.0000004765988137
0.3938507389795656,0.0000009517669923,0.0000004765988137
0.3939507518313841,-0.0000028629299322,-0.0000033380990772
0.3940507646832027,-0.0000104923301478,0.0000004765988137
0.3941507775350213,-0.0000181217201316,0.0000004765988137
0.3942507903868397,-0.0000104923301478,-0.0000033380990772
0.3943508032386583,-0.0000028629299322,0.0000004765988137
0.3944508160904768,0.0000009517669923,0.0000004765988137
0.3945508289422954,-0.0000028629299322,0.0000004765988137
0.3946508417941139,-0.0000028629299322,0.0000004765988137
0.3947508546459324,0.0000009517669923,-0.0000033380990772
0.3948508674977509,-0.0000028629299322,0.0000004765988137
0.3949508803495695,0.0000047664639169,0.0000004765988137
0.3950508932013880,0.0000009517669923,-0.0000033380990772
0.3951509060532065,-0.0000028629299322,0.0000004765988137
0.3952509189050251,0.0000047664639169,0.0000004765988137
0.3953509317568436,0.0000009517669923,-0.0000033380990772
0.3954509446086621,-0.0000028629299322,0.0000004765988137
0.3955509574604807,0.0000047664639169,0.0000004765988137
0.3956509703122992,-0.0000066776278800,0.0000004765988137
0.3957509831641177,-0.0000028629299322,0.0000004765988137
0.3958509960159363,-0.0000028629299322,-0.0000071527961154
0.3959510088677548,0.0000009517669923,-0.0000033380990772
0.3960510217195733,0.0000009517669923,0.0000004765988137
0.3961510345713918,0.0000009517669923,0.0000004765988137
0.3962510474232104,0.0000009517669923,0.0000004765988137
0.3963510602750289,0.0000009517669923,0.0000004765988137
0.3964510731268475,0.0000047664639169,0.0000004765988137
0.3965510859786660,-0.0000028629299322,0.0000004765988137
0.3966510988304845,-0.0000028629299322,0.0000004765988137
0.3967511116823031,-0.0000028629299322,0.0000004765988137
0.3968511245341216,-0.0000066776278800,0.0000042912961362
0.3969511373859401,0.0000009517669923,-0.0000033380990772
0.3970511502377586,0.0000009517669923,0.0000004765988137
0.3971511630895772,0.0000009517669923,0.0000004765988137
0.3972511759413958,0.0000009517669923,0.0000004765988137
0.3973511887932142,-0.0000066776278800,0.0000004765988137
0.3974512016450328,-0.0000028629299322,-0.0000033380990772
0.3975512144968513,-0.0000104923301478,0.0000004765988137
0.3976512273486699,-0.0000028629299322,0.0000042912961362
0.3977512402004884,-0.0000066776278800,-0.0000033380990772
0.3978512530523069,0.0000009517669923,0.0000042912961362
0.3979512659041254,-0.0000028629299322,0.0000004765988137
0.3980512787559440,0.0000009517669923,0.0000004765988137
0.3981512916077625,-0.0000028629299322,0.0000004765988137
0.3982513044595810,0.0000009517669923,-0.0000033380990772
0.3983513173113996,0.0000009517669923,0.0000004765988137
0.3984513301632182,-0.0000028629299322,-0.0000033380990772
0.3985513430150366,0.0000009517669923,0.0000004765988137
0.3986513558668552,0.0000009517669923,0.0000004765988137
0.3987513687186737,-0.0000028629299322,0.0000042912961362
0.3988513815704922,0.0000009517669923,0.0000004765988137
0.3989513944223108,-0.0000066776278800,-0.0000033380990772
0.3990514072741293,0.0000009517669923,-0.0000033380990772
0.3991514201259478,-0.0000066776278800,-0.0000033380990772
0.3992514329777663,0.0000009517669923,0.0000042912961362
0.3993514458295849,0.0000009517669923,0.0000042912961362
0.3994514586814034,0.0000009517669923,0.0000004765988137
0.3995514715332220,0.0000009517669923,0.0000004765988137
0.3996514843850405,0.0000047664639169,0.0000004765988137
0.3997514972368590,0.0000047664639169,0.0000004765988137
0.3998515100886776,0.0000009517669923,0.0000004765988137
0.3999515229404961,0.0000009517669923,0.0000004765988137
0.4000515357923146,0.0000047664639169,0.0000004765988137
0.4001515486441331,0.0000009517669923,0.0000004765988137
0.4002515614959517,0.0000009517669923,0.0000004765988137
0.4003515743477702,0.0000009517669923,-0.0000033380990772
0.4004515871995887,-0.0000028629299322,0.0000004765988137
0.4005516000514073,-0.0000028629299322,-0.0000033380990772
0.4006516129032258,-0.0000028610229492,0.0000004765988137
0.4007516257550444,-0.0000028629299322,0.0000004765988137
0.4008516386068629,-0.0000143070201375,-0.0000033380990772
0.4009516514586814,-0.0000066776278800,0.0000004765988137
0.4010516643105000,0.0000009517669923,-0.0000033380990772
0.4011516771623185,-0.0000028629299322,0.0000004765988137
0.4012516900141370,0.0000009517669923,0.0000004765988137
0.4013517028659555,0.0000009517669923,0.0000004765988137
0.4014517157177740,0.0000009517669923,-0.0000033380990772
0.4015517285695926,-0.0000028629299322,0.0000042912961362
0.4016517414214111,-0.0000028629299322,-0.0000033380990772
0.4017517542732297,0.0000009517669923,0.0000004765988137
0.4018517671250482,0.0000009517669923,-0.0000033380990772
0.4019517799768668,0.0000009517669923,-0.0000033380990772
0.4020517928286853,-0.0000028629299322,-0.0000033380990772
0.4021518056805038,-0.0000028629299322,-0.0000033380990772
0.4022518185323223,-0.0000028629299322,0.0000004765988137
0.4023518313841409,-0.0000066776278800,-0.0000033380990772
0.4024518442359594,-0.0000143070201375,0.0000004765988137
0.4025518570877779,-0.0000028629299322,-0.0000033380990772
0.4026518699395965,-0.0000028629299322,0.0000004765988137
0.4027518827914150,0.0000009517669923,0.0000004765988137
0.4028518956432335,0.0000009517669923,-0.0000071527961154
0.4029519084950521,0.0000009517669923,-0.0000033380990772
0.4030519213468706,0.0000009517669923,0.0000042912961362
0.4031519341986891,-0.0000028629299322,0.0000004765988137
0.4032519470505077,-0.0000028629299322,0.0000004765988137
0.4033519599023262,-0.0000028629299322,0.0000004765988137
0.4034519727541447,-0.0000028629299322,0.0000004765988137
0.4035519856059632,-0.0000028629299322,0.0000042912961362
0.4036519984577818,-0.0000028629299322,-0.0000033380990772
0.4037520113096003,0.0000009517669923,0.0000042912961362
0.4038520241614189,0.0000009517669923,0.0000004765988137
0.4039520370132374,-0.0000028629299322,0.0000004765988137
0.4040520498650559,-0.0000066776278800,-0.0000033380990772
0.4041520627168745,-0.0000181217201316,0.0000004765988137
0.4042520755686930,-0.0000066776278800,0.0000004765988137
0.4043520884205115,-0.0000066776278800,0.0000004765988137
0.4044521012723300,-0.0000028629299322,0.0000042912961362
0.4045521141241486,-0.0000028629299322,0.0000004765988137
0.4046521269759671,0.0000009517669923,0.0000004765988137
0.4047521398277856,0.0000009517669923,0.0000004765988137
0.4048521526796042,-0.0000028629299322,0.0000004765988137
0.4049521655314227,-0.0000028629299322,0.0000004765988137
0.4050521783832413,0.0000009517669923,-0.0000033380990772
0.4051521912350598,-0.0000028629299322,0.0000004765988137
0.4052522040868783,-0.0000028629299322,0.0000004765988137
0.4053522169386968,-0.0000066776278800,0.0000042912961362
0.4054522297905154,-0.0000028629299322,-0.0000033380990772
0.4055522426423339,0.0000009517669923,-0.0000033380990772
0.4056522554941524,-0.0000143070201375,0.0000004765988137
0.4057522683459709,-0.0000104923301478,0.0000004765988137
0.4058522811977895,-0.0000104923301478,0.0000004765988137
0.4059522940496080,-0.0000066776278800,0.0000004765988137
0.4060523069014266,0.0000009517669923,0.0000004765988137
0.4061523197532451,-0.0000028629299322,0.0000004765988137
0.4062523326050636,0.0000009517669923,0.0000004765988137
0.4063523454568822,0.0000009517669923,0.0000004765988137
0.4064523583087007,-0.0000066776278800,0.0000004765988137
0.4065523711605192,0.0000009517669923,-0.0000033380990772
0.4066523840123377,-0.0000028629299322,-0.0000033380990772
0.4067523968641563,-0.0000028629299322,-0.0000033380990772
0.4068524097159748,-0.0000066776278800,0.0000004765988137
0.4069524225677933,-0.0000028629299322,-0.0000033380990772
0.4070524354196119,-0.0000028629299322,-0.0000033380990772
0.4071524482714304,-0.0000028629299322,-0.0000033380990772
0.4072524611232490,-0.0000066776278800,-0.0000033380990772
0.4073524739750675,-0.0000181217201316,0.0000004765988137
0.4074524868268860,-0.0000066776278800,-0.0000033380990772
0.4075524996787045,-0.0000104923301478,-0.0000033380990772
0.4076525125305231,-0.0000028629299322,0.0000042912961362
0.4077525253823416,-0.0000028629299322,0.0000004765988137
0.4078525382341601,0.0000009517669923,-0.0000033380990772
0.4079525510859787,-0.0000028629299322,-0.0000033380990772
0.4080525639377972,-0.0000028629299322,0.0000004765988137
0.4081525767896158,-0.0000028629299322,-0.0000033380990772
0.4082525896414343,-0.0000028629299322,0.0000004765988137
0.4083526024932528,-0.0000066776278800,0.0000004765988137
0.4084526153450714,-0.0000028629299322,0.0000004765988137
0.4085526281968899,-0.0000028629299322,0.0000004765988137
0.4086526410487084,-0.0000028629299322,0.0000042912961362
0.4087526539005269,-0.0000028629299322,0.0000042912961362
0.4088526667523454,-0.0000028629299322,-0.0000033380990772
0.4089526796041640,-0.0000143070201375,-0.0000033380990772
0.4090526924559825,-0.0000028629299322,0.0000004765988137
0.4091527053078011,-0.0000104923301478,-0.0000033380990772
0.4092527181596196,-0.0000028629299322,-0.0000033380990772
0.4093527310114382,-0.0000066776278800,0.0000004765988137
0.4094527438632567,-0.0000028629299322,0.0000004765988137
0.4095527567150752,-0.0000028629299322,0.0000004765988137
0.4096527695668937,-0.0000066776278800,0.0000004765988137
0.4097527824187123,-0.0000066776278800,0.0000004765988137
0.4098527952705308,0.0000009517669923,-0.0000033380990772
0.4099528081223493,-0.0000104923301478,0.0000004765988137
0.4100528209741678,-0.0000028629299322,-0.0000071527961154
0.4101528338259864,-0.0000066776278800,-0.0000033380990772
0.4102528466778049,-0.0000066776278800,0.0000004765988137
0.4103528595296235,-0.0000028629299322,0.0000004765988137
0.4104528723814420,-0.0000028629299322,0.0000004765988137
0.4105528852332605,-0.0000028629299322,0.0000004765988137
0.4106528980850791,-0.0000066776278800,-0.0000033380990772
0.4107529109368976,-0.0000066776278800,0.0000004765988137
0.4108529237887161,-0.0000181217201316,0.0000004765988137
0.4109529366405346,-0.0000104923301478,0.0000042912961362
0.4110529494923532,-0.0000028629299322,-0.0000033380990772
0.4111529623441717,-0.0000028629299322,0.0000042912961362
0.4112529751959902,-0.0000028629299322,0.0000004765988137
0.4113529880478088,-0.0000028629299322,0.0000004765988137
0.4114530008996273,-0.0000028629299322,0.0000004765988137
0.4115530137514459,-0.0000028629299322,0.0000004765988137
0.4116530266032644,-0.0000028629299322,0.0000004765988137
0.4117530394550829,-0.0000028629299322,-0.0000033380990772
0.4118530523069014,-0.0000066776278800,0.0000004765988137
0.4119530651587200,-0.0000028629299322,-0.0000033380990772
0.4120530780105385,-0.0000028629299322,0.0000004765988137
0.4121530908623570,-0.0000028629299322,0.0000004765988137
0.4122531037141756,-0.0000066776278800,0.0000004765988137
0.4123531165659941,-0.0000066776278800,-0.0000033380990772
0.4124531294178126,-0.0000104923301478,-0.0000033380990772
0.4125531422696312,-0.0000066776278800,0.0000004765988137
0.4126531551214497,-0.0000028629299322,-0.0000033380990772
0.4127531679732682,0.0000009517669923,0.0000042912961362
0.4128531808250868,-0.0000028629299322,0.0000042912961362
0.4129531936769053,-0.0000028629299322,0.0000004765988137
0.4130532065287238,-0.0000066776278800,0.0000004765988137
0.4131532193805423,-0.0000028629299322,0.0000004765988137
0.4132532322323609,0.0000009517669923,0.0000004765988137
0.4133532450841794,0.0000009517669923,0.0000004765988137
0.4134532579359980,-0.0000028629299322,0.0000004765988137
0.4135532707878165,0.0000009517669923,0.0000004765988137
0.4136532836396350,-0.0000028629299322,-0.0000033380990772
0.4137532964914536,-0.0000066776278800,0.0000004765988137
0.4138533093432721,-0.0000028629299322,0.0000004765988137
0.4139533221950906,-0.0000066776278800,-0.0000033380990772
0.4140533350469091,-0.0000104923301478,0.0000004765988137
0.4141533478987277,-0.0000181217201316,0.0000004765988137
0.4142533607505462,-0.0000104923301478,-0.0000033380990772
0.4143533736023647,-0.0000066776278800,-0.0000033380990772
0.4144533864541833,-0.0000028629299322,-0.0000033380990772
0.4145533993060018,-0.0000028629299322,0.0000042912961362
0.4146534121578204,-0.0000066776278800,0.0000004765988137
0.4147534250096389,0.0000009517669923,0.0000004765988137
0.4148534378614574,-0.0000028629299322,0.0000004765988137
0.4149534507132759,0.0000009517669923,0.0000004765988137
0.4150534635650945,0.0000009517669923,0.0000004765988137
0.4151534764169130,0.0000009517669923,-0.0000033380990772
0.4152534892687315,0.0000009517669923,0.0000004765988137
0.4153535021205501,0.0000009517669923,-0.0000033380990772
0.4154535149723686,-0.0000028629299322,0.0000004765988137
0.4155535278241871,0.0000009517669923,0.0000004765988137
0.4156535406760057,-0.0000104923301478,-0.0000033380990772
0.4157535535278242,-0.0000028629299322,-0.0000033380990772
0.4158535663796428,-0.0000066776278800,-0.0000033380990772
0.4159535792314613,-0.0000028629299322,-0.0000033380990772
0.4160535920832798,0.0000009517669923,0.0000004765988137
0.4161536049350983,0.0000009517669923,0.0000004765988137
0.4162536177869168,0.0000009517669923,0.0000004765988137
0.4163536306387354,0.0000009517669923,-0.0000033380990772
0.4164536434905539,-0.0000066776278800,0.0000004765988137
0.4165536563423725,0.0000009517669923,0.0000004765988137
0.4166536691941909,-0.0000028629299322,0.0000004765988137
0.4167536820460095,-0.0000028629299322,0.0000004765988137
0.4168536948978281,0.0000009517669923,0.0000004765988137
0.4169537077496466,-0.0000028629299322,0.0000004765988137
0.4170537206014651,0.0000009517669923,-0.0000033380990772
0.4171537334532837,-0.0000028629299322,0.0000004765988137
0.4172537463051022,0.0000009517669923,0.0000004765988137
0.4173537591569207,-0.0000066776278800,0.0000004765988137
0.4174537720087392,-0.0000066776278800,0.0000004765988137
0.4175537848605578,-0.0000104923301478,0.0000004765988137
0.4176537977123763,-0.0000028629299322,0.0000004765988137
0.4177538105641949,-0.0000028629299322,0.0000004765988137
0.4178538234160133,0.0000009517669923,0.0000004765988137
0.4179538362678319,0.0000009517669923,-0.0000033380990772
0.4180538491196505,0.0000009517669923,0.0000004765988137
0.4181538619714690,0.0000009517669923,0.0000004765988137
0.4182538748232875,0.0000009517669923,0.0000004765988137
0.4183538876751060,0.0000009517669923,0.0000004765988137
0.4184539005269246,0.0000047664639169,-0.0000033380990772
0.4185539133787431,0.0000009517669923,0.0000004765988137
0.4186539262305616,0.0000009517669923,-0.0000033380990772
0.4187539390823802,0.0000047664639169,-0.0000033380990772
0.4188539519341987,0.0000047664639169,-0.0000033380990772
0.4189539647860173,-0.0000104923301478,-0.0000033380990772
0.4190539776378358,-0.0000028629299322,-0.0000033380990772
0.4191539904896543,-0.0000028629299322,-0.0000071527961154
0.4192540033414728,0.0000009517669923,-0.0000033380990772
0.4193540161932914,0.0000009517669923,-0.0000033380990772
0.4194540290451099,0.0000009517669923,-0.0000033380990772
0.4195540418969284,0.0000009517669923,0.0000004765988137
0.4196540547487470,0.0000047664639169,-0.0000033378601074
0.4197540676005655,0.0000009517669923,0.0000042912961362
0.4198540804523840,0.0000009517669923,-0.0000033380990772
0.4199540933042026,0.0000009517669923,-0.0000033380990772
0.4200541061560211,0.0000047664639169,0.0000004765988137
0.4201541190078396,-0.0000028629299322,0.0000004765988137
0.4202541318596582,0.0000009517669923,0.0000004765988137
0.4203541447114767,0.0000009517669923,0.0000004765988137
0.4204541575632952,0.0000009517669923,0.0000004765988137
0.4205541704151137,0.0000009517669923,0.0000004765988137
0.4206541832669323,0.0000047659877964,0.0000004765988137
0.4207541961187508,-0.0000028629299322,-0.0000033380990772
0.4208542089705694,-0.0000104923301478,-0.0000033380990772
0.4209542218223878,-0.0000066776278800,0.0000004765988137
0.4210542346742064,0.0000009517669923,0.0000004765988137
0.4211542475260250,0.0000009517669923,0.0000004765988137
0.4212542603778435,0.0000047664639169,0.0000042912961362
0.4213542732296620,0.0000009517669923,0.0000004765988137
0.4214542860814805,0.0000009517669923,-0.0000033380990772
0.4215542989332991,0.0000009517669923,0.0000004765988137
0.4216543117851176,0.0000009517669923,0.0000004765988137
0.4217543246369361,0.0000009517669923,0.0000004765988137
0.4218543374887547,0.0000009517669923,0.0000004765988137
0.4219543503405732,-0.0000028629299322,0.0000004765988137
0.4220543631923918,0.0000009517669923,0.0000004765988137
0.4221543760442102,-0.0000028629299322,0.0000042912961362
0.4222543888960288,0.0000009517669923,0.0000004765988137
0.4223544017478473,-0.0000066776278800,0.0000004765988137
0.4224544145996659,-0.0000143070201375,-0.0000033380990772
0.4225544274514844,-0.0000066776278800,-0.0000033380990772
0.4226544403033029,-0.0000028629299322,-0.0000033380990772
0.4227544531551214,-0.0000028629299322,0.0000004765988137
0.4228544660069400,-0.0000028629299322,0.0000004765988137
0.4229544788587585,0.0000009517669923,-0.0000033380990772
0.4230544917105771,0.0000009517669923,-0.0000033380990772
0.4231545045623956,-0.0000028629299322,0.0000004765988137
0.4232545174142142,-0.0000028629299322,-0.0000033380990772
0.4233545302660326,-0.0000066757211243,0.0000004765988137
0.4234545431178512,-0.0000028629299322,-0.0000033380990772
0.4235545559696697,-0.0000066757211243,-0.0000033380990772
0.4236545688214882,-0.0000028610229492,0.0000042912961362
0.4237545816733068,0.0000009517669923,-0.0000033380990772
0.4238545945251253,0.0000047664639169,0.0000004765988137
0.4239546073769438,0.0000009517669923,-0.0000033380990772
0.4240546202287623,-0.0000066776278800,-0.0000033380990772
0.4241546330805809,-0.0000181217201316,0.0000004765988137
0.4242546459323995,-0.0000066776278800,-0.0000033380990772
0.4243546587842180,0.0000009517669923,0.0000004765988137
0.4244546716360365,0.0000009517669923,-0.0000033380990772
0.4245546844878550,0.0000009517669923,-0.0000033380990772
0.4246546973396736,0.0000009517669923,-0.0000033380990772
0.4247547101914921,-0.0000028629299322,-0.0000033380990772
0.4248547230433106,-0.0000028629299322,0.0000004765988137
0.4249547358951292,-0.0000028629299322,-0.0000033380990772
0.4250547487469477,0.0000009517669923,-0.0000033380990772
0.4251547615987663,0.0000009517669923,-0.0000071527961154
0.4252547744505847,-0.0000028629299322,-0.0000033380990772
0.4253547873024033,-0.0000028629299322,-0.0000033380990772
0.4254548001542219,-0.0000028629299322,0.0000004765988137
0.4255548130060404,0.0000009517669923,-0.0000033380990772
0.4256548258578589,-0.0000143070201375,0.0000004765988137
0.4257548387096774,-0.0000066776278800,0.0000004765988137
0.4258548515614960,-0.0000066776278800,0.0000004765988137
0.4259548644133145,-0.0000028629299322,0.0000004765988137
0.4260548772651330,-0.0000028629299322,0.0000004765988137
0.4261548901169516,-0.0000028629299322,-0.0000033380990772
0.4262549029687701,-0.0000028629299322,0.0000004765988137
0.4263549158205887,-0.0000028629299322,0.0000004765988137
0.4264549286724071,-0.0000028629299322,0.0000042912961362
0.4265549415242257,-0.0000028629299322,0.0000004765988137
0.4266549543760442,-0.0000028629299322,0.0000004765988137
0.4267549672278628,-0.0000066776278800,-0.0000033380990772
0.4268549800796813,0.0000009517669923,0.0000004765988137
0.4269549929314998,-0.0000028629299322,0.0000004765988137
0.4270550057833183,-0.0000028629299322,0.0000004765988137
0.4271550186351369,-0.0000028629299322,0.0000004765988137
0.4272550314869554,-0.0000028629299322,0.0000042912961362
0.4273550443387740,-0.0000219364192162,-0.0000033380990772
0.4274550571905925,-0.0000028629299322,-0.0000033380990772
0.4275550700424110,-0.0000104923301478,0.0000004765988137
0.4276550828942295,-0.0000066776278800,0.0000004765988137
0.4277550957460481,-0.0000066776278800,0.0000004765988137
0.4278551085978666,-0.0000066776278800,0.0000004765988137
0.4279551214496851,-0.0000066776278800,0.0000004765988137
0.4280551343015037,0.0000009517669923,-0.0000071527961154
0.4281551471533222,0.0000047664639169,0.0000004765988137
0.4282551600051407,-0.0000066776278800,-0.0000033380990772
0.4283551728569592,-0.0000066776278800,0.0000042912961362
0.4284551857087778,-0.0000066776278800,0.0000004765988137
0.4285551985605964,-0.0000028629299322,0.0000004765988137
0.4286552114124149,-0.0000028629299322,0.0000004765988137
0.4287552242642334,-0.0000066776278800,0.0000004765988137
0.4288552371160519,0.0000009517669923,0.0000004765988137
0.4289552499678705,-0.0000104923301478,0.0000004765988137
0.4290552628196890,-0.0000028629299322,0.0000004765988137
0.4291552756715075,-0.0000104923301478,0.0000004765988137
0.4292552885233261,-0.0000028629299322,0.0000004765988137
0.4293553013751446,-0.0000066776278800,0.0000004765988137
0.4294553142269631,-0.0000028629299322,0.0000004765988137
0.4295553270787816,-0.0000028629299322,0.0000004765988137
0.4296553399306002,-0.0000028629299322,0.0000004765988137
0.4297553527824187,0.0000009517669923,0.0000004765988137
0.4298553656342373,-0.0000066776278800,0.0000004765988137
0.4299553784860558,-0.0000028629299322,0.0000004765988137
0.4300553913378743,-0.0000028629299322,-0.0000033380990772
0.4301554041896928,-0.0000028629299322,-0.0000033380990772
0.4302554170415114,-0.0000028629299322,-0.0000033380990772
0.4303554298933299,-0.0000066776278800,0.0000042912961362
0.4304554427451485,-0.0000066776278800,0.0000042912961362
0.4305554555969670,-0.0000066776278800,-0.0000033380990772
0.4306554684487855,-0.0000028629299322,-0.0000033380990772
0.4307554813006040,-0.0000104923301478,-0.0000033380990772
0.4308554941524226,-0.0000181217201316,0.0000004765988137
0.4309555070042411,-0.0000104923301478,-0.0000033380990772
0.4310555198560596,-0.0000066776278800,-0.0000033380990772
0.4311555327078782,-0.0000028629299322,-0.0000033380990772
0.4312555455596967,-0.0000066776278800,0.0000004765988137
0.4313555584115152,-0.0000028629299322,-0.0000033380990772
0.4314555712633337,-0.0000028629299322,0.0000004765988137
0.4315555841151523,-0.0000028629299322,-0.0000033380990772
0.4316555969669709,-0.0000028629299322,0.0000004765988137
0.4317556098187894,-0.0000028629299322,0.0000004765988137
0.4318556226706079,-0.0000028629299322,-0.0000033380990772
0.4319556355224264,-0.0000028629299322,0.0000004765988137
0.4320556483742450,-0.0000028629299322,-0.0000033380990772
0.4321556612260635,-0.0000104923301478,-0.0000033380990772
0.4322556740778820,-0.0000066776278800,-0.0000033380990772
0.4323556869297006,-0.0000104923301478,-0.0000071527961154
0.4324556997815191,-0.0000143070201375,-0.0000033380990772
0.4325557126333376,-0.0000104923301478,-0.0000033380990772
0.4326557254851561,-0.0000066776278800,0.0000004765988137
0.4327557383369747,0.0000009517669923,0.0000004765988137
0.4328557511887933,-0.0000066776278800,0.0000004765988137
0.4329557640406118,-0.0000066776278800,-0.0000033380990772
0.4330557768924303,-0.0000028629299322,0.0000004765988137
0.4331557897442488,-0.0000028629299322,-0.0000033380990772
0.4332558025960674,-0.0000066776278800,-0.0000033380990772
0.4333558154478859,-0.0000028629299322,-0.0000033380990772
0.4334558282997044,-0.0000028629299322,-0.0000033380990772
0.4335558411515230,-0.0000028629299322,0.0000004765988137
0.4336558540033414,-0.0000028629299322,-0.0000033380990772
0.4337558668551600,-0.0000028629299322,0.0000004765988137
0.4338558797069785,-0.0000028629299322,0.0000004765988137
0.4339558925587971,0.0000009517669923,0.0000004765988137
0.4340559054106156,-0.0000143070201375,0.0000004765988137
0.4341559182624342,-0.0000143070201375,0.0000004765988137
0.4342559311142527,-0.0000104923301478,0.0000004765988137
0.4343559439660712,-0.0000066776278800,-0.0000033380990772
0.4344559568178897,-0.0000028629299322,-0.0000033380990772
0.4345559696697083,-0.0000028629299322,-0.0000033380990772
0.4346559825215268,-0.0000028629299322,-0.0000033380990772
0.4347559953733454,-0.0000104923301478,0.0000042912961362
0.4348560082251638,-0.0000028629299322,0.0000004765988137
0.4349560210769824,-0.0000066776278800,0.0000004765988137
0.4350560339288009,-0.0000066776278800,-0.0000033380990772
0.4351560467806195,-0.0000066776278800,-0.0000033380990772
0.4352560596324380,0.0000009517669923,0.0000004765988137
0.4353560724842565,-0.0000066776278800,0.0000004765988137
0.4354560853360751,0.0000009517669923,-0.0000033380990772
0.4355560981878936,-0.0000028629299322,0.0000004765988137
0.4356561110397121,-0.0000104923301478,-0.0000033380990772
0.4357561238915306,-0.0000028629299322,0.0000004765988137
0.4358561367433492,-0.0000104923301478,0.0000004765988137
0.4359561495951678,-0.0000066776278800,0.0000004765988137
0.4360561624469863,0.0000009517669923,0.0000004765988137
0.4361561752988048,0.0000009517669923,0.0000004765988137
0.4362561881506233,-0.0000066776278800,0.0000004765988137
0.4363562010024419,0.0000009517669923,0.0000004765988137
0.4364562138542604,-0.0000028629299322,0.0000004765988137
0.4365562267060789,-0.0000028629299322,0.0000004765988137
0.4366562395578975,-0.0000066776278800,0.0000042912961362
0.4367562524097160,0.0000009517669923,0.0000004765988137
0.4368562652615345,0.0000009517669923,0.0000004765988137
0.4369562781133530,-0.0000028629299322,0.0000004765988137
0.4370562909651716,0.0000009517669923,0.0000004765988137
0.4371563038169901,0.0000009517669923,0.0000004765988137
0.4372563166688087,0.0000009517669923,0.0000004765988137
0.4373563295206272,-0.0000143070201375,0.0000004765988137
0.4374563423724457,-0.0000028629299322,-0.0000033380990772
0.4375563552242642,-0.0000104923301478,0.0000004765988137
0.4376563680760828,-0.0000028629299322,-0.0000033380990772
0.4377563809279013,-0.0000028629299322,-0.0000033380990772
0.4378563937797199,-0.0000028629299322,-0.0000033380990772
0.4379564066315383,-0.0000028629299322,0.0000042912961362
0.4380564194833569,0.0000009517669923,0.0000004765988137
0.4381564323351754,-0.0000028629299322,0.0000004765988137
0.4382564451869940,-0.0000028629299322,-0.0000033380990772
0.4383564580388125,0.0000009517669923,-0.0000033380990772
0.4384564708906310,0.0000047664639169,0.0000004765988137
0.4385564837424496,-0.0000028629299322,-0.0000033380990772
0.4386564965942681,0.0000047664639169,0.0000004765988137
0.4387565094460866,0.0000009517669923,0.0000042912961362
0.4388565222979052,-0.0000028629299322,-0.0000033380990772
0.4389565351497237,-0.0000104923301478,0.0000004765988137
0.4390565480015423,-0.0000028629299322,-0.0000033380990772
0.4391565608533607,-0.0000066776278800,0.0000004765988137
0.4392565737051793,-0.0000028629299322,0.0000004765988137
0.4393565865569978,0.0000009517669923,0.0000004765988137
0.4394565994088164,-0.0000028629299322,0.0000004765988137
0.4395566122606349,0.0000009517669923,0.0000004765988137
0.4396566251124534,0.0000009517669923,0.0000004765988137
0.4397566379642719,0.0000009517669923,0.0000004765988137
0.4398566508160905,0.0000047664639169,-0.0000033380990772
0.4399566636679090,-0.0000028610229492,0.0000004765988137
0.4400566765197275,0.0000009517669923,0.0000004765988137
0.4401566893715461,0.0000009517669923,0.0000042912961362
0.4402567022233647,0.0000009517669923,0.0000004765988137
0.4403567150751831,0.0000009517669923,-0.0000071527961154
0.4404567279270017,0.0000009517669923,0.0000042912961362
0.4405567407788202,0.0000009517669923,0.0000004765988137
0.4406567536306388,0.0000009517669923,0.0000004765988137
0.4407567664824573,-0.0000028629299322,-0.0000033380990772
0.4408567793342758,-0.0000219364192162,-0.0000033380990772
0.4409567921860943,-0.0000028629299322,0.0000004765988137
0.4410568050379128,0.0000009517669923,0.0000042912961362
0.4411568178897314,0.0000009517669923,0.0000004765988137
0.4412568307415499,0.0000009517669923,0.0000042912961362
0.4413568435933685,0.0000009517669923,0.0000042912961362
0.4414568564451870,0.0000009517669923,-0.0000033380990772
0.4415568692970055,0.0000047664639169,0.0000004765988137
0.4416568821488241,0.0000009517669923,0.0000004765988137
0.4417568950006426,0.0000009517669923,0.0000042912961362
0.4418569078524611,0.0000009517669923,-0.0000033380990772
0.4419569207042797,-0.0000028610229492,-0.0000033380990772
0.4420569335560982,0.0000009517669923,0.0000004765988137
0.4421569464079168,0.0000009517669923,0.0000004765988137
0.4422569592597352,0.0000009517669923,-0.0000033380990772
0.4423569721115538,-0.0000028629299322,-0.0000071527961154
0.4424569849633723,-0.0000143070201375,-0.0000033380990772
0.4425569978151909,-0.0000066776278800,0.0000042912961362
0.4426570106670094,-0.0000066757211243,0.0000004765988137
0.4427570235188279,0.0000009517669923,0.0000042912961362
0.4428570363706465,0.0000009517669923,0.0000042912961362
0.4429570492224650,-0.0000066757211243,-0.0000033380990772
0.4430570620742835,0.0000009517669923,0.0000004765988137
0.4431570749261021,-0.0000028629299322,0.0000004765988137
0.4432570877779206,0.0000009517669923,0.0000042912961362
0.4433571006297392,0.0000009517669923,0.0000042912961362
0.4434571134815576,-0.0000028629299322,0.0000004765988137
0.4435571263333762,0.0000009517669923,-0.0000033380990772
0.4436571391851947,-0.0000028610229492,-0.0000033380990772
0.4437571520370133,0.0000009517669923,-0.0000033380990772
0.4438571648888318,-0.0000028629299322,0.0000004765988137
0.4439571777406503,0.0000009517669923,0.0000004765988137
0.4440571905924688,-0.0000104923301478,0.0000004765988137
0.4441572034442874,-0.0000181217201316,0.0000004765988137
0.4442572162961059,-0.0000066776278800,0.0000042912961362
0.4443572291479244,-0.0000028629299322,0.0000004765988137
0.4444572419997430,-0.0000028629299322,-0.0000033380990772
0.4445572548515615,0.0000009517669923,-0.0000033380990772
0.4446572677033800,0.0000009517669923,-0.0000033380990772
0.4447572805551986,-0.0000028629299322,0.0000042912961362
0.4448572934070171,0.0000009517669923,0.0000004765988137
0.4449573062588356,-0.0000028629299322,0.0000042912961362
0.4450573191106542,-0.0000028629299322,0.0000004765988137
0.4451573319624727,-0.0000028629299322,0.0000004765988137
0.4452573448142912,0.0000009517669923,0.0000004765988137
0.4453573576661097,-0.0000028629299322,0.0000004765988137
0.4454573705179283,-0.0000028629299322,0.0000042912961362
0.4455573833697468,-0.0000028629299322,0.0000004765988137
0.4456573962215654,-0.0000143070201375,0.0000042912961362
0.4457574090733839,-0.0000066776278800,0.0000004765988137
0.4458574219252024,-0.0000104923301478,-0.0000033380990772
0.4459574347770210,-0.0000028629299322,0.0000042912961362
0.4460574476288395,-0.0000066757211243,0.0000004765988137
0.4461574604806580,-0.0000066757211243,0.0000004765988137
0.4462574733324766,-0.0000028629299322,0.0000004765988137
0.4463574861842951,-0.0000028629299322,0.0000004765988137
0.4464574990361136,-0.0000028629299322,0.0000004765988137
0.4465575118879321,-0.0000028629299322,0.0000004765988137
0.4466575247397507,-0.0000028629299322,-0.0000033380990772
0.4467575375915692,0.0000009517669923,0.0000042912961362
0.4468575504433878,-0.0000066776278800,0.0000004765988137
0.4469575632952063,-0.0000028629299322,0.0000004765988137
0.4470575761470248,-0.0000028629299322,0.0000004765988137
0.4471575889988433,-0.0000028629299322,0.0000004765988137
0.4472576018506619,-0.0000028629299322,0.0000004765988137
0.4473576147024804,-0.0000143070201375,-0.0000033380990772
0.4474576275542990,-0.0000066776278800,-0.0000033380990772
0.4475576404061175,-0.0000104923301478,0.0000004765988137
0.4476576532579361,-0.0000028629299322,0.0000042912961362
0.4477576661097545,-0.0000028629299322,0.0000004765988137
0.4478576789615731,-0.0000104923301478,0.0000004765988137
0.4479576918133916,-0.0000066776278800,0.0000004765988137
0.4480577046652102,-0.0000066776278800,0.0000004765988137
0.4481577175170287,-0.0000028629299322,-0.0000033380990772
0.4482577303688472,0.0000009517669923,-0.0000033380990772
0.4483577432206657,-0.0000066776278800,-0.0000033380990772
0.4484577560724842,-0.0000066776278800,0.0000042912961362
0.4485577689243028,-0.0000028629299322,-0.0000033380990772
0.4486577817761214,-0.0000066776278800,0.0000004765988137
0.4487577946279399,-0.0000028629299322,-0.0000033380990772
0.4488578074797584,-0.0000066776278800,0.0000042912961362
0.4489578203315769,-0.0000104923301478,0.0000004765988137
0.4490578331833955,-0.0000028629299322,0.0000042912961362
0.4491578460352140,-0.0000066776278800,0.0000004765988137
0.4492578588870325,-0.0000066776278800,0.0000004765988137
0.4493578717388511,-0.0000028629299322,-0.0000033380990772
0.4494578845906696,-0.0000028629299322,0.0000042912961362
0.4495578974424881,-0.0000028629299322,-0.0000033380990772
0.4496579102943066,-0.0000066776278800,-0.0000033380990772
0.4497579231461252,-0.0000028629299322,-0.0000033380990772
0.4498579359979437,-0.0000028629299322,-0.0000033380990772
0.4499579488497623,-0.0000066776278800,0.0000004765988137
0.4500579617015808,-0.0000028629299322,-0.0000033380990772
0.4501579745533993,-0.0000028629299322,-0.0000033380990772
0.4502579874052179,-0.0000028629299322,-0.0000033380990772
0.4503580002570364,-0.0000028629299322,-0.0000033380990772
0.4504580131088549,-0.0000028629299322,-0.0000033380990772
0.4505580259606735,-0.0000028629299322,0.0000042912961362
0.4506580388124919,-0.0000066776278800,0.0000042912961362
0.4507580516643105,-0.0000028629299322,0.0000042912961362
0.4508580645161290,-0.0000143070201375,0.0000004765988137
0.4509580773679476,-0.0000104923301478,-0.0000033380990772
0.4510580902197661,-0.0000028629299322,0.0000004765988137
0.4511581030715847,-0.0000066776278800,0.0000004765988137
0.4512581159234032,-0.0000066776278800,0.0000004765988137
0.4513581287752217,-0.0000066776278800,0.0000042912961362
0.4514581416270402,-0.0000066776278800,0.0000004765988137
0.4515581544788588,-0.0000028629299322,0.0000004765988137
0.4516581673306773,-0.0000028629299322,0.0000004765988137
0.4517581801824959,-0.0000066776278800,0.0000042912961362
0.4518581930343143,-0.0000066776278800,0.0000004765988137
0.4519582058861329,-0.0000028629299322,0.0000004765988137
0.4520582187379514,0.0000009517669923,0.0000004765988137
0.4521582315897700,-0.0000028629299322,-0.0000033380990772
0.4522582444415885,-0.0000028629299322,0.0000042912961362
0.4523582572934070,-0.0000143070201375,0.0000004765988137
0.4524582701452256,-0.0000181217201316,0.0000004765988137
0.4525582829970441,-0.0000104923301478,0.0000004765988137
0.4526582958488626,-0.0000066776278800,0.0000004765988137
0.4527583087006811,-0.0000028629299322,-0.0000033380990772
0.4528583215524997,-0.0000028629299322,0.0000004765988137
0.4529583344043183,-0.0000028629299322,0.0000004765988137
0.4530583472561368,-0.0000028629299322,0.0000004765988137
0.4531583601079553,-0.0000066776278800,0.0000004765988137
0.4532583729597738,-0.0000028629299322,-0.0000033380990772
0.4533583858115924,-0.0000028629299322,-0.0000033380990772
0.4534583986634109,-0.0000028629299322,-0.0000033380990772
0.4535584115152294,-0.0000028629299322,0.0000004765988137
0.4536584243670480,-0.0000028629299322,-0.0000033380990772
0.4537584372188665,-0.0000028629299322,0.0000004765988137
0.4538584500706850,-0.0000066776278800,0.0000004765988137
0.4539584629225035,-0.0000028629299322,0.0000004765988137
0.4540584757743221,-0.0000104923301478,0.0000042912961362
0.4541584886261406,-0.0000066776278800,0.0000004765988137
0.4542585014779592,-0.0000143070201375,0.0000004765988137
0.4543585143297777,-0.0000028629299322,0.0000042912961362
0.4544585271815962,-0.0000028629299322,0.0000004765988137
0.4545585400334147,-0.0000028629299322,0.0000004765988137
0.4546585528852333,-0.0000028629299322,0.0000004765988137
0.4547585657370518,0.0000009517669923,0.0000042912961362
0.4548585785888704,-0.0000028629299322,-0.0000033380990772
0.4549585914406888,0.0000009517669923,0.0000004765988137
0.4550586042925074,0.0000009517669923,0.0000004765988137
0.4551586171443259,-0.0000028629299322,0.0000004765988137
0.4552586299961445,-0.0000028629299322,0.0000004765988137
0.4553586428479630,-0.0000028629299322,0.0000004765988137
0.4554586556997816,-0.0000028629299322,-0.0000033380990772
0.4555586685516001,0.0000009517669923,-0.0000033380990772
0.4556586814034186,-0.0000104923301478,0.0000004765988137
0.4557586942552371,-0.0000066776278800,-0.0000033380990772
0.4558587071070556,-0.0000104923301478,-0.0000033380990772
0.4559587199588742,-0.0000028629299322,0.0000004765988137
0.4560587328106928,0.0000009517669923,0.0000042912961362
0.4561587456625112,0.0000009517669923,0.0000004765988137
0.4562587585143298,-0.0000028629299322,-0.0000033380990772
0.4563587713661483,0.0000009517669923,0.0000081059934018
0.4564587842179669,0.0000047664639169,0.0000004765988137
0.4565587970697854,0.0000009517669923,0.0000042912961362
0.4566588099216039,0.0000009517669923,0.0000042912961362
0.4567588227734225,0.0000009517669923,0.0000042912961362
0.4568588356252410,0.0000009517669923,-0.0000033380990772
0.4569588484770595,-0.0000028629299322,0.0000042912961362
0.4570588613288780,-0.0000028629299322,0.0000004765988137
0.4571588741806966,0.0000009517669923,0.0000004765988137
0.4572588870325152,0.0000009517669923,-0.0000033380990772
0.4573588998843336,-0.0000066776278800,0.0000004765988137
0.4574589127361522,-0.0000028629299322,0.0000004765988137
0.4575589255879707,-0.0000066776278800,0.0000004765988137
0.4576589384397893,-0.0000028629299322,-0.0000033380990772
0.4577589512916078,0.0000009517669923,-0.0000033380990772
0.4578589641434263,0.0000009517669923,0.0000004765988137
0.4579589769952448,0.0000009517669923,0.0000004765988137
0.4580589898470633,-0.0000028629299322,0.0000004765988137
0.4581590026988819,0.0000009517669923,0.0000042912961362
0.4582590155507004,0.0000047664639169,0.0000004765988137
0.4583590284025190,0.0000047664639169,0.0000042912961362
0.4584590412543375,0.0000009517669923,-0.0000033380990772
0.4585590541061560,0.0000047659877964,-0.0000033380990772
0.4586590669579746,0.0000009517669923,0.0000004765988137
0.4587590798097931,0.0000047659877964,0.0000004765988137
0.4588590926616116,0.0000009517669923,0.0000004765988137
0.4589591055134302,-0.0000066776278800,0.0000004765988137
0.4590591183652487,-0.0000028629299322,0.0000004765988137
0.4591591312170673,-0.0000066776278800,0.0000042912961362
0.4592591440688857,0.0000047664639169,0.0000004765988137
0.4593591569207043,-0.0000028629299322,0.0000004765988137
0.4594591697725228,0.0000047659877964,0.0000042912961362
0.4595591826243414,0.0000009517669923,0.0000004765988137
0.4596591954761599,0.0000009517669923,0.0000042912961362
0.4597592083279784,0.0000009517669923,0.0000042912961362
0.4598592211797970,0.0000009517669923,0.0000004765988137
0.4599592340316155,0.0000085806850620,0.0000042912961362
0.4600592468834340,0.0000085806850620,0.0000004765988137
0.4601592597352525,0.0000009517669923,0.0000004765988137
0.4602592725870711,0.0000009517669923,-0.0000033378601074
0.4603592854388897,0.0000047659877964,0.0000004765988137
0.4604592982907081,-0.0000028610229492,0.0000004765988137
0.4605593111425267,0.0000085806850620,0.0000004765988137
0.4606593239943452,0.0000047659877964,0.0000004765988137
0.4607593368461638,-0.0000066776278800,-0.0000033380990772
0.4608593496979823,-0.0000143070201375,0.0000004765988137
0.4609593625498008,-0.0000028629299322,0.0000004765988137
0.4610593754016193,0.0000009517669923,0.0000042912961362
0.4611593882534379,0.0000047664639169,-0.0000033380990772
0.4612594011052564,0.0000047659877964,-0.0000033380990772
0.4613594139570749,0.0000047659877964,0.0000004765988137
0.4614594268088935,0.0000047664639169,0.0000004765988137
0.4615594396607121,0.0000009517669923,0.0000004765988137
0.4616594525125305,0.0000047659877964,-0.0000033380990772
0.4617594653643491,0.0000009517669923,0.0000004765988137
0.4618594782161676,0.0000047664639169,0.0000004765988137
0.4619594910679861,0.0000047659877964,0.0000004765988137
0.4620595039198047,0.0000009517669923,0.0000004765988137
0.4621595167716232,0.0000047664639169,0.0000004765988137
0.4622595296234417,0.0000009517669923,0.0000042912961362
0.4623595424752602,-0.0000066776278800,0.0000004765988137
0.4624595553270788,-0.0000143070201375,0.0000004765988137
0.4625595681788973,-0.0000028629299322,0.0000004765988137
0.4626595810307159,0.0000009517669923,0.0000004765988137
0.4627595938825343,0.0000009517669923,0.0000004765988137
0.4628596067343529,0.0000047664639169,0.0000004765988137
0.4629596195861715,0.0000009517669923,0.0000004765988137
0.4630596324379900,0.0000009517669923,0.0000004765988137
0.4631596452898085,-0.0000028629299322,0.0000004765988137
0.4632596581416270,0.0000047664639169,0.0000004765988137
0.4633596709934456,-0.0000028629299322,0.0000042912961362
0.4634596838452641,0.0000009517669923,0.0000042912961362
0.4635596966970826,0.0000047664639169,0.0000004765988137
0.4636597095489012,0.0000047664639169,0.0000004765988137
0.4637597224007197,0.0000009517669923,0.0000004765988137
0.4638597352525383,0.0000047664639169,0.0000004765988137
0.4639597481043568,0.0000047664639169,0.0000004765988137
0.4640597609561753,-0.0000066776278800,0.0000042912961362
0.4641597738079939,-0.0000143070201375,0.0000004765988137
0.4642597866598124,-0.0000066776278800,-0.0000033380990772
0.4643597995116309,0.0000009517669923,0.0000004765988137
0.4644598123634494,0.0000009517669923,0.0000004765988137
0.4645598252152680,-0.0000028610229492,-0.0000033380990772
0.4646598380670866,0.0000009517669923,0.0000004765988137
0.4647598509189050,0.0000047664639169,0.0000004765988137
0.4648598637707236,-0.0000028629299322,0.0000004765988137
0.4649598766225421,-0.0000028629299322,0.0000004765988137
0.4650598894743607,-0.0000028629299322,-0.0000033380990772
0.4651599023261792,-0.0000028629299322,0.0000004765988137
0.4652599151779977,-0.0000028629299322,0.0000042912961362
0.4653599280298162,0.0000009517669923,-0.0000033380990772
0.4654599408816347,0.0000047664639169,-0.0000033380990772
0.4655599537334533,0.0000009517669923,0.0000004765988137
0.4656599665852718,-0.0000104923301478,-0.0000033380990772
0.4657599794370904,-0.0000028629299322,-0.0000033380990772
0.4658599922889089,-0.0000143070201375,-0.0000033380990772
0.4659600051407274,-0.0000066776278800,0.0000004765988137
0.4660600179925460,0.0000009517669923,0.0000004765988137
0.4661600308443645,0.0000009517669923,0.0000004765988137
0.4662600436961830,-0.0000028629299322,0.0000004765988137
0.4663600565480016,-0.0000028629299322,0.0000004765988137
0.4664600693998201,-0.0000028629299322,-0.0000033380990772
0.4665600822516386,-0.0000028629299322,0.0000004765988137
0.4666600951034571,-0.0000028629299322,0.0000042912961362
0.4667601079552757,-0.0000028629299322,0.0000042912961362
0.4668601208070942,-0.0000028629299322,0.0000004765988137
0.4669601336589128,-0.0000028629299322,-0.0000033380990772
0.4670601465107312,0.0000009517669923,0.0000004765988137
0.4671601593625498,-0.0000028629299322,-0.0000033380990772
0.4672601722143684,0.0000009517669923,0.0000004765988137
0.4673601850661869,-0.0000181217201316,0.0000042912961362
0.4674601979180054,-0.0000066776278800,0.0000042912961362
0.4675602107698239,-0.0000104923301478,0.0000004765988137
0.4676602236216425,-0.0000028629299322,-0.0000033380990772
0.4677602364734610,-0.0000028629299322,0.0000004765988137
0.4678602493252795,-0.0000028629299322,0.0000042912961362
0.4679602621770981,-0.0000028629299322,0.0000004765988137
0.4680602750289166,0.0000009517669923,0.0000004765988137
0.4681602878807352,-0.0000028629299322,0.0000004765988137
0.4682603007325536,-0.0000028629299322,0.0000042912961362
0.4683603135843722,0.0000009517669923,0.0000004765988137
0.4684603264361907,-0.0000028629299322,0.0000004765988137
0.4685603392880093,0.0000009517669923,0.0000004765988137
0.4686603521398278,-0.0000028629299322,0.0000004765988137
0.4687603649916463,0.0000009517669923,0.0000004765988137
0.4688603778434648,-0.0000028629299322,0.0000004765988137
0.4689603906952834,-0.0000143070201375,0.0000004765988137
0.4690604035471019,-0.0000104923301478,0.0000004765988137
0.4691604163989205,-0.0000066776278800,0.0000004765988137
0.4692604292507390,-0.0000066776278800,0.0000004765988137
0.4693604421025575,-0.0000028629299322,0.0000042912961362
0.4694604549543760,-0.0000028629299322,0.0000004765988137
0.4695604678061946,-0.0000028629299322,-0.0000033380990772
0.4696604806580131,0.0000009517669923,-0.0000033380990772
0.4697604935098316,-0.0000028629299322,0.0000004765988137
0.4698605063616502,-0.0000028629299322,-0.0000033380990772
0.4699605192134687,-0.0000028629299322,0.0000004765988137
0.4700605320652873,0.0000009517669923,0.0000042912961362
0.4701605449171058,-0.0000028629299322,-0.0000033380990772
0.4702605577689243,0.0000009517669923,0.0000004765988137
0.4703605706207429,-0.0000066776278800,0.0000004765988137
0.4704605834725614,-0.0000028629299322,0.0000004765988137
0.4705605963243799,-0.0000028629299322,-0.0000033380990772
0.4706606091761984,-0.0000066776278800,-0.0000033380990772
0.4707606220280170,-0.0000104923301478,0.0000004765988137
0.4708606348798355,-0.0000181217201316,0.0000042912961362
0.4709606477316540,-0.0000104923301478,0.0000004765988137
0.4710606605834726,-0.0000028629299322,0.0000004765988137
0.4711606734352911,-0.0000028629299322,0.0000042912961362
0.4712606862871097,-0.0000028629299322,0.0000042912961362
0.4713606991389282,-0.0000066776278800,0.0000042912961362
0.4714607119907467,0.0000009517669923,0.0000042912961362
0.4715607248425653,-0.0000028629299322,0.0000004765988137
0.4716607376943838,0.0000009517669923,0.0000004765988137
0.4717607505462023,-0.0000028629299322,0.0000004765988137
0.4718607633980208,-0.0000028629299322,0.0000004765988137
0.4719607762498393,-0.0000028629299322,0.0000004765988137
0.4720607891016579,0.0000009517669923,0.0000004765988137
0.4721608019534764,0.0000047664639169,0.0000004765988137
0.4722608148052950,-0.0000028629299322,-0.0000033380990772
0.4723608276571135,-0.0000066776278800,-0.0000033380990772
0.4724608405089321,-0.0000143070201375,-0.0000033380990772
0.4725608533607505,-0.0000066776278800,-0.0000033380990772
0.4726608662125691,0.0000009517669923,-0.0000033380990772
0.4727608790643876,-0.0000066776278800,-0.0000033380990772
0.4728608919162061,-0.0000028629299322,-0.0000033380990772
0.4729609047680247,-0.0000028629299322,0.0000004765988137
0.4730609176198432,-0.0000028629299322,-0.0000033380990772
0.4731609304716617,0.0000009517669923,-0.0000033380990772
0.4732609433234803,-0.0000028629299322,-0.0000033380990772
0.4733609561752988,-0.0000028629299322,-0.0000033380990772
0.4734609690271174,-0.0000028629299322,-0.0000033380990772
0.4735609818789359,-0.0000028629299322,0.0000042912961362
0.4736609947307544,-0.0000028629299322,0.0000004765988137
0.4737610075825729,0.0000009517669923,-0.0000033380990772
0.4738610204343915,-0.0000028629299322,0.0000004765988137
0.4739610332862100,-0.0000028629299322,0.0000042912961362
0.4740610461380285,-0.0000143070201375,0.0000004765988137
0.4741610589898471,-0.0000143070201375,0.0000004765988137
0.4742610718416656,-0.0000066776278800,0.0000004765988137
0.4743610846934841,0.0000009517669923,0.0000004765988137
0.4744610975453027,0.0000009517669923,0.0000004765988137
0.4745611103971212,0.0000009517669923,0.0000004765988137
0.4746611232489398,-0.0000028629299322,-0.0000033380990772
0.4747611361007583,-0.0000028629299322,0.0000042912961362
0.4748611489525768,-0.0000028629299322,0.0000042912961362
0.4749611618043953,0.0000009517669923,0.0000004765988137
0.4750611746562139,-0.0000028629299322,0.0000004765988137
0.4751611875080324,-0.0000028629299322,-0.0000033380990772
0.4752612003598509,0.0000009517669923,0.0000042912961362
0.4753612132116695,0.0000009517669923,-0.0000033380990772
0.4754612260634880,0.0000009517669923,0.0000004765988137
0.4755612389153066,0.0000009517669923,0.0000004765988137
0.4756612517671251,-0.0000104923301478,-0.0000033380990772
0.4757612646189436,0.0000009517669923,0.0000004765988137
0.4758612774707621,-0.0000104923301478,0.0000004765988137
0.4759612903225807,0.0000009517669923,-0.0000033380990772
0.4760613031743992,-0.0000028629299322,0.0000004765988137
0.4761613160262177,0.0000009517669923,0.0000004765988137
0.4762613288780362,-0.0000028629299322,-0.0000033380990772
0.4763613417298548,-0.0000028629299322,-0.0000033380990772
0.4764613545816733,0.0000009517669923,0.0000042912961362
0.4765613674334919,0.0000009517669923,0.0000004765988137
0.4766613802853104,-0.0000028629299322,0.0000004765988137
0.4767613931371289,0.0000009517669923,0.0000004765988137
0.4768614059889474,-0.0000028629299322,-0.0000033380990772
0.4769614188407660,0.0000009517669923,0.0000004765988137
0.4770614316925845,0.0000009517669923,0.0000004765988137
0.4771614445444030,0.0000009517669923,0.0000004765988137
0.4772614573962216,0.0000009517669923,0.0000004765988137
0.4773614702480401,-0.0000104923301478,0.0000042912961362
0.4774614830998586,0.0000009517669923,0.0000004765988137
0.4775614959516772,-0.0000028629299322,0.0000042912961362
0.4776615088034957,-0.0000028629299322,0.0000004765988137
0.4777615216553143,0.0000009517669923,0.0000004765988137
0.4778615345071328,0.0000009517669923,0.0000042912961362
0.4779615473589513,0.0000009517669923,0.0000004765988137
0.4780615602107698,0.0000047664639169,0.0000004765988137
0.4781615730625884,0.0000009517669923,-0.0000033380990772
0.4782615859144069,0.0000009517669923,0.0000004765988137
0.4783615987662254,0.0000047664639169,0.0000004765988137
0.4784616116180440,0.0000009517669923,0.0000004765988137
0.4785616244698625,0.0000047664639169,0.0000004765988137
0.4786616373216810,0.0000047664639169,0.0000042912961362
0.4787616501734996,0.0000047664639169,0.0000004765988137
0.4788616630253181,-0.0000028629299322,0.0000004765988137
0.4789616758771367,-0.0000066776278800,0.0000004765988137
0.4790616887289552,-0.0000028629299322,0.0000004765988137
0.4791617015807737,-0.0000066776278800,0.0000004765988137
0.4792617144325922,0.0000009517669923,0.0000004765988137
0.4793617272844107,0.0000009517669923,0.0000004765988137
0.4794617401362293,0.0000047664639169,-0.0000033380990772
0.4795617529880478,0.0000047664639169,-0.0000033380990772
0.4796617658398664,0.0000009517669923,0.0000004765988137
0.4797617786916848,0.0000009517669923,-0.0000033380990772
0.4798617915435034,0.0000009517669923,0.0000004765988137
0.4799618043953220,0.0000085806850620,0.0000004765988137
0.4800618172471405,0.0000009517669923,0.0000004765988137
0.4801618300989590,-0.0000028610229492,-0.0000033380990772
0.4802618429507775,0.0000047664639169,0.0000004765988137
0.4803618558025961,0.0000009517669923,0.0000004765988137
0.4804618686544146,0.0000009517669923,0.0000004765988137
0.4805618815062331,0.0000009517669923,0.0000004765988137
0.4806618943580517,0.0000009517669923,0.0000004765988137
0.4807619072098702,-0.0000028629299322,0.0000042912961362
0.4808619200616888,-0.0000066776278800,0.0000004765988137
0.4809619329135073,-0.0000028629299322,0.0000042912961362
0.4810619457653258,0.0000047664639169,0.0000042912961362
0.4811619586171444,0.0000009517669923,0.0000004765988137
0.4812619714689629,0.0000009517669923,0.0000004765988137
0.4813619843207814,0.0000009517669923,0.0000042912961362
0.4814619971725999,0.0000047664639169,0.0000004765988137
0.4815620100244185,0.0000009517669923,0.0000081059934018
0.4816620228762370,0.0000009517669923,-0.0000033380990772
0.4817620357280555,0.0000047664639169,0.0000004765988137
0.4818620485798741,0.0000009517669923,0.0000004765988137
0.4819620614316926,0.0000009517669923,0.0000004765988137
0.4820620742835112,0.0000009517669923,-0.0000033380990772
0.4821620871353297,0.0000009517669923,-0.0000033380990772
0.4822620999871482,0.0000009517669923,0.0000004765988137
0.4823621128389667,-0.0000066776278800,0.0000004765988137
0.4824621256907853,-0.0000104923301478,0.0000004765988137
0.4825621385426038,-0.0000028629299322,-0.0000033380990772
0.4826621513944223,-0.0000028629299322,0.0000004765988137
0.4827621642462409,-0.0000028629299322,0.0000004765988137
0.4828621770980593,0.0000009517669923,0.0000042912961362
0.4829621899498779,0.0000009517669923,0.0000042912961362
0.4830622028016965,0.0000009517669923,-0.0000033380990772
0.4831622156535150,0.0000009517669923,0.0000004765988137
0.4832622285053335,0.0000009517669923,0.0000004765988137
0.4833622413571521,-0.0000028629299322,0.0000004765988137
0.4834622542089706,0.0000009517669923,0.0000004765988137
0.4835622670607891,0.0000009517669923,0.0000004765988137
0.4836622799126076,0.0000009517669923,0.0000042912961362
0.4837622927644262,-0.0000028629299322,0.0000042912961362
0.4838623056162447,0.0000009517669923,0.0000004765988137
0.4839623184680633,0.0000009517669923,0.0000004765988137
0.4840623313198817,-0.0000066776278800,0.0000004765988137
0.4841623441717003,-0.0000181217201316,0.0000042912961362
0.4842623570235189,-0.0000028629299322,0.0000004765988137
0.4843623698753374,0.0000009517669923,0.0000004765988137
0.4844623827271559,0.0000047664639169,-0.0000033380990772
0.4845623955789744,0.0000009517669923,-0.0000033380990772
0.4846624084307930,-0.0000028629299322,-0.0000033380990772
0.4847624212826115,0.0000047664639169,0.0000004765988137
0.4848624341344300,0.0000009517669923,0.0000042912961362
0.4849624469862486,-0.0000028629299322,0.0000004765988137
0.4850624598380671,0.0000009517669923,0.0000004765988137
0.4851624726898857,-0.0000028629299322,0.0000004765988137
0.4852624855417041,0.0000009517669923,0.0000004765988137
0.4853624983935227,-0.0000028629299322,0.0000004765988137
0.4854625112453412,-0.0000028629299322,0.0000004765988137
0.4855625240971598,0.0000009517669923,0.0000004765988137
0.4856625369489783,-0.0000028629299322,0.0000004765988137
0.4857625498007968,-0.0000028629299322,-0.0000033380990772
0.4858625626526153,-0.0000104923301478,0.0000004765988137
0.4859625755044339,-0.0000066776278800,0.0000004765988137
0.4860625883562524,0.0000009517669923,0.0000004765988137
0.4861626012080710,0.0000009517669923,0.0000004765988137
0.4862626140598895,0.0000009517669923,0.0000004765988137
0.4863626269117081,0.0000009517669923,0.0000004765988137
0.4864626397635265,-0.0000028629299322,0.0000042912961362
0.4865626526153451,-0.0000028629299322,0.0000004765988137
0.4866626654671636,-0.0000028629299322,0.0000042912961362
0.4867626783189821,-0.0000028629299322,0.0000004765988137
0.4868626911708007,0.0000009517669923,0.0000042912961362
0.4869627040226192,0.0000009517669923,-0.0000033380990772
0.4870627168744378,-0.0000028629299322,0.0000042912961362
0.4871627297262562,0.0000009517669923,0.0000004765988137
0.4872627425780748,-0.0000028629299322,0.0000004765988137
0.4873627554298934,-0.0000143070201375,0.0000004765988137
0.4874627682817119,-0.0000028629299322,0.0000042912961362
0.4875627811335304,-0.0000104923301478,0.0000042912961362
0.4876627939853489,0.0000009517669923,0.0000042912961362
0.4877628068371675,0.0000009517669923,0.0000042912961362
0.4878628196889860,-0.0000028629299322,0.0000004765988137
0.4879628325408045,-0.0000028629299322,0.0000042912961362
0.4880628453926231,0.0000009517669923,-0.0000033380990772
0.4881628582444416,-0.0000028629299322,0.0000004765988137
0.4882628710962602,-0.0000028629299322,0.0000042912961362
0.4883628839480786,0.0000009517669923,0.0000004765988137
0.4884628967998972,-0.0000028629299322,-0.0000033380990772
0.4885629096517158,-0.0000028629299322,0.0000042912961362
0.4886629225035343,0.0000009517669923,0.0000042912961362
0.4887629353553528,-0.0000028629299322,0.0000004765988137
0.4888629482071713,0.0000009517669923,0.0000004765988137
0.4889629610589898,-0.0000143070201375,0.0000004765988137
0.4890629739108084,-0.0000028629299322,-0.0000033380990772
0.4891629867626269,-0.0000143070201375,0.0000042912961362
0.4892629996144455,-0.0000028629299322,-0.0000033380990772
0.4893630124662640,-0.0000028629299322,0.0000004765988137
0.4894630253180826,-0.0000028629299322,0.0000004765988137
0.4895630381699010,-0.0000066776278800,-0.0000033380990772
0.4896630510217196,-0.0000028629299322,0.0000004765988137
0.4897630638735381,0.0000009517669923,0.0000004765988137
0.4898630767253567,-0.0000066776278800,0.0000004765988137
0.4899630895771752,-0.0000066776278800,0.0000004765988137
0.4900631024289937,-0.0000066776278800,-0.0000033380990772
0.4901631152808122,-0.0000066776278800,0.0000004765988137
0.4902631281326307,-0.0000066776278800,0.0000042912961362
0.4903631409844493,-0.0000028629299322,0.0000004765988137
0.4904631538362679,0.0000009517669923,0.0000004765988137
0.4905631666880864,0.0000009517669923,0.0000004765988137
0.4906631795399049,-0.0000066776278800,0.0000042912961362
0.4907631923917234,-0.0000104923301478,0.0000004765988137
0.4908632052435420,-0.0000181217201316,0.0000004765988137
0.4909632180953605,-0.0000104923301478,0.0000004765988137
0.4910632309471790,-0.0000028629299322,0.0000004765988137
0.4911632437989976,-0.0000028629299322,0.0000004765988137
0.4912632566508161,0.0000009517669923,0.0000042912961362
0.4913632695026346,-0.0000066776278800,0.0000042912961362
0.4914632823544531,-0.0000028629299322,0.0000004765988137
0.4915632952062717,-0.0000066776278800,0.0000004765988137
0.4916633080580903,0.0000009517669923,0.0000004765988137
0.4917633209099088,-0.0000028629299322,0.0000042912961362
0.4918633337617273,-0.0000066776278800,0.0000004765988137
0.4919633466135458,-0.0000028629299322,-0.0000033380990772
0.4920633594653644,-0.0000028629299322,0.0000004765988137
0.4921633723171829,-0.0000028629299322,0.0000004765988137
0.4922633851690014,-0.0000028629299322,0.0000004765988137
0.4923633980208200,-0.0000066776278800,-0.0000033380990772
0.4924634108726385,-0.0000181217201316,0.0000004765988137
0.4925634237244571,-0.0000066776278800,0.0000004765988137
0.4926634365762755,-0.0000028629299322,-0.0000033380990772
0.4927634494280941,-0.0000028629299322,0.0000004765988137
0.4928634622799126,-0.0000028629299322,-0.0000033380990772
0.4929634751317312,-0.0000028629299322,0.0000004765988137
0.4930634879835497,-0.0000028629299322,0.0000004765988137
0.4931635008353682,-0.0000028629299322,0.0000004765988137
0.4932635136871867,-0.0000028629299322,-0.0000033380990772
0.4933635265390053,-0.0000028629299322,0.0000004765988137
0.4934635393908238,-0.0000028629299322,-0.0000033380990772
0.4935635522426424,-0.0000028629299322,-0.0000071527961154
0.4936635650944609,-0.0000028629299322,0.0000004765988137
0.4937635779462795,-0.0000028629299322,0.0000042912961362
0.4938635907980979,-0.0000028629299322,0.0000004765988137
0.4939636036499165,-0.0000028629299322,0.0000004765988137
0.4940636165017350,-0.0000104923301478,-0.0000033380990772
0.4941636293535535,-0.0000104923301478,0.0000004765988137
0.4942636422053721,-0.0000104923301478,0.0000004765988137
0.4943636550571906,-0.0000028629299322,0.0000042912961362
0.4944636679090091,-0.0000066776278800,-0.0000033380990772
0.4945636807608276,-0.0000028629299322,0.0000004765988137
0.4946636936126462,-0.0000028629299322,-0.0000033380990772
0.4947637064644648,0.0000009517669923,0.0000004765988137
0.4948637193162833,-0.0000028629299322,0.0000004765988137
0.4949637321681018,-0.0000028629299322,0.0000042912961362
0.4950637450199203,0.0000009517669923,0.0000004765988137
0.4951637578717389,0.0000009517669923,0.0000004765988137
0.4952637707235574,0.0000009517669923,0.0000004765988137
0.4953637835753759,0.0000047664639169,0.0000004765988137
0.4954637964271945,0.0000009517669923,0.0000004765988137
0.4955638092790130,-0.0000066776278800,0.0000004765988137
0.4956638221308315,-0.0000143070201375,-0.0000033380990772
0.4957638349826500,-0.0000066776278800,0.0000004765988137
0.4958638478344686,-0.0000066776278800,0.0000004765988137
0.4959638606862872,-0.0000028629299322,-0.0000033380990772
0.4960638735381057,0.0000009517669923,0.0000004765988137
0.4961638863899242,0.0000009517669923,0.0000004765988137
0.4962638992417427,0.0000009517669923,0.0000004765988137
0.4963639120935612,0.0000009517669923,0.0000004765988137
0.4964639249453798,0.0000009517669923,0.0000042912961362
0.4965639377971983,0.0000009517669923,0.0000004765988137
0.4966639506490169,0.0000009517669923,-0.0000033380990772
0.4967639635008353,0.0000009517669923,0.0000004765988137
0.4968639763526539,0.0000009517669923,0.0000004765988137
0.4969639892044724,0.0000009517669923,0.0000042912961362
0.4970640020562910,0.0000047664639169,0.0000042912961362
0.4971640149081095,0.0000009517669923,0.0000004765988137
0.4972640277599281,0.0000009517669923,0.0000042912961362
0.4973640406117466,-0.0000066776278800,0.0000004765988137
0.4974640534635651,-0.0000028629299322,0.0000042912961362
0.4975640663153836,-0.0000066776278800,0.0000004765988137
0.4976640791672021,-0.0000028629299322,0.0000042912961362
0.4977640920190207,0.0000009517669923,0.0000004765988137
0.4978641048708393,0.0000009517669923,-0.0000033380990772
0.4979641177226578,0.0000009517669923,-0.0000033380990772
0.4980641305744763,0.0000009517669923,0.0000004765988137
0.4981641434262948,0.0000009517669923,0.0000004765988137
0.4982641562781134,0.0000009517669923,-0.0000033380990772
0.4983641691299319,0.0000009517669923,0.0000042912961362
0.4984641819817504,0.0000009517669923,-0.0000033380990772
0.4985641948335690,0.0000047664639169,0.0000081059934018
0.4986642076853875,-0.0000028629299322,0.0000004765988137
0.4987642205372060,0.0000047659877964,0.0000004765988137
0.4988642333890245,0.0000009517669923,0.0000004765988137
0.4989642462408431,-0.0000066776278800,0.0000004765988137
0.4990642590926617,0.0000009517669923,-0.0000033380990772
0.4991642719444802,-0.0000066776278800,0.0000004765988137
0.4992642847962987,0.0000009517669923,0.0000042912961362
0.4993642976481172,0.0000009517669923,0.0000004765988137
0.4994643104999358,0.0000009517669923,0.0000004765988137
0.4995643233517543,0.0000047659877964,0.0000004765988137
0.4996643362035728,0.0000047659877964,-0.0000033378601074
0.4997643490553914,0.0000047659877964,0.0000004765988137
0.4998643619072099,0.0000047659877964,0.0000004768372150
0.4999643747590284,0.0000047659877964,0.0000004765988137
0.5000643876108469,0.0000047659877964,0.0000004765988137
0.5001644004626654,0.0000009517669923,0.0000004765988137
0.5002644133144840,0.0000009517669923,0.0000004765988137
0.5003644261663026,0.0000009517669923,0.0000004765988137
0.5004644390181211,0.0000009531975138,0.0000004765988137
0.5005644518699396,0.0000047659877964,-0.0000033378601074
0.5006644647217581,-0.0000028610229492,0.0000004765988137
0.5007644775735767,-0.0000028629299322,-0.0000033380990772
0.5008644904253953,-0.0000219364192162,0.0000004765988137
0.5009645032772138,-0.0000028629299322,-0.0000033380990772
0.5010645161290322,0.0000009517669923,0.0000004765988137
0.5011645289808508,0.0000009517669923,0.0000004765988137
0.5012645418326693,0.0000047664639169,-0.0000033378601074
0.5013645546844878,0.0000009517669923,-0.0000033378601074
0.5014645675363064,0.0000047659877964,0.0000004765988137
0.5015645803881249,0.0000047659877964,0.0000042912961362
0.5016645932399435,0.0000009517669923,0.0000004765988137
0.5017646060917620,0.0000009517669923,-0.0000033378601074
0.5018646189435805,0.0000009517669923,0.0000042912961362
0.5019646317953991,0.0000009517669923,-0.0000033378601074
0.5020646446472177,0.0000009517669923,0.0000004765988137
0.5021646574990362,0.0000009517669923,0.0000004765988137
0.5022646703508546,0.0000047664639169,0.0000042912961362
0.5023646832026731,-0.0000028629299322,0.0000004765988137
0.5024646960544917,-0.0000143070201375,0.0000004765988137
0.5025647089063102,-0.0000028629299322,-0.0000033380990772
0.5026647217581288,-0.0000028629299322,-0.0000033380990772
0.5027647346099473,0.0000047664639169,-0.0000033380990772
0.5028647474617658,0.0000009517669923,0.0000004765988137
0.5029647603135844,-0.0000028629299322,0.0000004765988137
0.5030647731654029,0.0000047659877964,-0.0000033380990772
0.5031647860172215,0.0000009517669923,-0.0000033380990772
0.5032647988690400,-0.0000066757211243,0.0000004765988137
0.5033648117208586,0.0000009517669923,-0.0000033378601074
0.5034648245726770,0.0000009517669923,-0.0000033380990772
0.5035648374244955,0.0000009517669923,0.0000004765988137
0.5036648502763141,0.0000009517669923,0.0000004765988137
0.5037648631281326,0.0000009517669923,-0.0000033380990772
0.5038648759799512,-0.0000028610229492,0.0000004765988137
0.5039648888317697,0.0000009517669923,-0.0000033380990772
0.5040649016835882,-0.0000104923301478,0.0000004765988137
0.5041649145354068,-0.0000143070201375,-0.0000033380990772
0.5042649273872253,-0.0000066776278800,0.0000004765988137
0.5043649402390439,0.0000009517669923,-0.0000033380990772
0.5044649530908624,0.0000009517669923,0.0000004765988137
0.5045649659426809,0.0000009517669923,-0.0000033380990772
0.5046649787944995,0.0000009517669923,0.0000004765988137
0.5047649916463179,0.0000009517669923,0.0000004765988137
0.5048650044981365,-0.0000028629299322,0.0000004765988137
0.5049650173499550,-0.0000028629299322,0.0000004765988137
0.5050650302017735,0.0000009517669923,-0.0000033380990772
0.5051650430535921,-0.0000028629299322,0.0000042912961362
0.5052650559054106,-0.0000028629299322,-0.0000033380990772
0.5053650687572292,-0.0000028629299322,-0.0000033380990772
0.5054650816090477,0.0000009517669923,-0.0000071527961154
0.5055650944608663,-0.0000028629299322,-0.0000033380990772
0.5056651073126848,-0.0000104923301478,-0.0000033380990772
0.5057651201645033,-0.0000028629299322,0.0000004765988137
0.5058651330163219,-0.0000104923301478,0.0000004765988137
0.5059651458681403,-0.0000066776278800,0.0000042912961362
0.5060651587199589,0.0000009517669923,0.0000004765988137
0.5061651715717774,-0.0000028629299322,0.0000004765988137
0.5062651844235959,-0.0000028629299322,0.0000004765988137
0.5063651972754145,-0.0000028629299322,0.0000004765988137
0.5064652101272330,0.0000009517669923,-0.0000033380990772
0.5065652229790516,-0.0000028629299322,0.0000042912961362
0.5066652358308701,-0.0000028629299322,-0.0000033380990772
0.5067652486826886,-0.0000028629299322,0.0000004765988137
0.5068652615345072,0.0000009517669923,0.0000004765988137
0.5069652743863257,0.0000009517669923,0.0000004765988137
0.5070652872381443,-0.0000028629299322,0.0000004765988137
0.5071653000899627,-0.0000028629299322,0.0000004765988137
0.5072653129417813,-0.0000028629299322,0.0000042912961362
0.5073653257935998,-0.0000181217201316,0.0000004765988137
0.5074653386454183,-0.0000066776278800,0.0000004765988137
0.5075653514972369,-0.0000104923301478,0.0000004765988137
0.5076653643490554,-0.0000028629299322,-0.0000033380990772
0.5077653772008740,-0.0000066776278800,0.0000004765988137
0.5078653900526925,-0.0000028629299322,-0.0000033380990772
0.5079654029045110,0.0000009517669923,0.0000042912961362
0.5080654157563295,-0.0000028629299322,0.0000004765988137
0.5081654286081481,-0.0000028629299322,0.0000004765988137
0.5082654414599667,-0.0000028629299322,0.0000004765988137
0.5083654543117851,0.0000009517669923,-0.0000033380990772
0.5084654671636036,-0.0000028629299322,-0.0000033380990772
0.5085654800154222,-0.0000028629299322,0.0000004765988137
0.5086654928672407,-0.0000028629299322,0.0000004765988137
0.5087655057190592,-0.0000066776278800,-0.0000033380990772
0.5088655185708778,0.0000009517669923,0.0000004765988137
0.5089655314226963,-0.0000104923301478,-0.0000033380990772
0.5090655442745149,-0.0000028629299322,0.0000004765988137
0.5091655571263334,-0.0000066776278800,-0.0000033380990772
0.5092655699781519,-0.0000066776278800,0.0000004765988137
0.5093655828299705,-0.0000066776278800,0.0000042912961362
0.5094655956817891,-0.0000028629299322,0.0000042912961362
0.5095656085336076,-0.0000028629299322,0.0000004765988137
0.5096656213854260,-0.0000028629299322,0.0000042912961362
0.5097656342372445,-0.0000028629299322,0.0000042912961362
0.5098656470890631,-0.0000028629299322,0.0000004765988137
0.5099656599408816,-0.0000066776278800,-0.0000033380990772
0.5100656727927002,-0.0000028629299322,-0.0000033380990772
0.5101656856445187,-0.0000066776278800,0.0000042912961362
0.5102656984963372,-0.0000028629299322,0.0000042912961362
0.5103657113481558,-0.0000028629299322,0.0000042912961362
0.5104657241999743,-0.0000028629299322,0.0000042912961362
0.5105657370517929,-0.0000028629299322,0.0000004765988137
0.5106657499036114,-0.0000028629299322,0.0000004765988137
0.5107657627554300,-0.0000104923301478,-0.0000033380990772
0.5108657756072484,-0.0000143070201375,0.0000004765988137
0.5109657884590669,-0.0000028629299322,0.0000042912961362
0.5110658013108855,-0.0000066776278800,0.0000004765988137
0.5111658141627040,-0.0000028629299322,-0.0000033380990772
0.5112658270145225,0.0000009517669923,-0.0000033380990772
0.5113658398663411,-0.0000066776278800,0.0000042912961362
0.5114658527181597,-0.0000028629299322,-0.0000033380990772
0.5115658655699782,-0.0000028629299322,0.0000042912961362
0.5116658784217967,0.0000009517669923,0.0000004765988137
0.5117658912736153,-0.0000028629299322,-0.0000033380990772
0.5118659041254338,-0.0000028629299322,-0.0000033380990772
0.5119659169772522,-0.0000028629299322,0.0000042912961362
0.5120659298290708,-0.0000028629299322,0.0000004765988137
0.5121659426808893,-0.0000028629299322,0.0000004765988137
0.5122659555327079,-0.0000028629299322,-0.0000033380990772
0.5123659683845264,-0.0000104923301478,0.0000004765988137
0.5124659812363450,-0.0000104923301478,0.0000042912961362
0.5125659940881635,-0.0000066776278800,-0.0000033380990772
0.5126660069399820,0.0000009517669923,-0.0000033380990772
0.5127660197918006,-0.0000028629299322,-0.0000033380990772
0.5128660326436191,0.0000047664639169,0.0000042912961362
0.5129660454954376,-0.0000028629299322,-0.0000033380990772
0.5130660583472560,-0.0000028629299322,0.0000004765988137
0.5131660711990748,-0.0000028629299322,0.0000004765988137
0.5132660840508932,-0.0000028629299322,-0.0000071527961154
0.5133660969027117,-0.0000028629299322,0.0000004765988137
0.5134661097545303,-0.0000028629299322,-0.0000033380990772
0.5135661226063488,-0.0000028629299322,0.0000004765988137
0.5136661354581673,-0.0000028629299322,0.0000004765988137
0.5137661483099859,0.0000009517669923,0.0000004765988137
0.5138661611618044,0.0000009517669923,0.0000042912961362
0.5139661740136229,-0.0000028629299322,0.0000004765988137
0.5140661868654415,-0.0000104923301478,0.0000042912961362
0.5141661997172601,-0.0000066776278800,0.0000004765988137
0.5142662125690786,-0.0000066776278800,-0.0000033380990772
0.5143662254208970,-0.0000028629299322,0.0000004765988137
0.5144662382727156,0.0000009517669923,-0.0000033380990772
0.5145662511245341,-0.0000066776278800,-0.0000033380990772
0.5146662639763526,-0.0000028629299322,0.0000004765988137
0.5147662768281711,0.0000009517669923,-0.0000033380990772
0.5148662896799897,-0.0000066776278800,0.0000004765988137
0.5149663025318083,0.0000009517669923,0.0000042912961362
0.5150663153836268,-0.0000066776278800,0.0000004765988137
0.5151663282354454,0.0000009517669923,0.0000004765988137
0.5152663410872639,0.0000009517669923,-0.0000033380990772
0.5153663539390824,-0.0000028629299322,0.0000004765988137
0.5154663667909009,-0.0000028629299322,0.0000004765988137
0.5155663796427195,0.0000009517669923,0.0000042912961362
0.5156663924945379,-0.0000143070201375,0.0000042912961362
0.5157664053463565,-0.0000028629299322,0.0000042912961362
0.5158664181981751,-0.0000104923301478,-0.0000033380990772
0.5159664310499936,-0.0000028629299322,0.0000004765988137
0.5160664439018121,0.0000047664639169,-0.0000033380990772
0.5161664567536307,0.0000047664639169,0.0000004765988137
0.5162664696054492,-0.0000028629299322,0.0000042912961362
0.5163664824572677,0.0000009517669923,0.0000042912961362
0.5164664953090862,0.0000009517669923,0.0000042912961362
0.5165665081609048,0.0000009517669923,0.0000004765988137
0.5166665210127234,-0.0000028629299322,-0.0000033380990772
0.5167665338645419,0.0000009517669923,0.0000042912961362
0.5168665467163605,-0.0000028629299322,0.0000004765988137
0.5169665595681789,0.0000009517669923,0.0000004765988137
0.5170665724199974,0.0000009517669923,-0.0000033380990772
0.5171665852718159,-0.0000028629299322,0.0000004765988137
0.5172665981236345,-0.0000028629299322,0.0000042912961362
0.5173666109754530,-0.0000104923301478,0.0000004765988137
0.5174666238272715,-0.0000028629299322,-0.0000033380990772
0.5175666366790902,-0.0000066776278800,0.0000004765988137
0.5176666495309087,-0.0000028629299322,0.0000004765988137
0.5177666623827272,0.0000009517669923,0.0000004765988137
0.5178666752345457,-0.0000028629299322,0.0000004765988137
0.5179666880863643,-0.0000028629299322,0.0000042912961362
0.5180667009381827,-0.0000028629299322,0.0000004765988137
0.5181667137900012,0.0000009517669923,0.0000042912961362
0.5182667266418198,-0.0000028629299322,0.0000042912961362
0.5183667394936384,-0.0000028629299322,0.0000004765988137
0.5184667523454569,0.0000009517669923,0.0000042912961362
0.5185667651972754,0.0000047664639169,0.0000004765988137
0.5186667780490940,0.0000009517669923,0.0000042912961362
0.5187667909009125,0.0000047664639169,0.0000004765988137
0.5188668037527310,0.0000009517669923,0.0000004765988137
0.5189668166045496,0.0000009517669923,0.0000004765988137
0.5190668294563681,-0.0000028629299322,-0.0000033380990772
0.5191668423081865,-0.0000104923301478,0.0000004765988137
0.5192668551600053,-0.0000028629299322,0.0000004765988137
0.5193668680118237,0.0000047664639169,0.0000004765988137
0.5194668808636422,0.0000047664639169,0.0000004765988137
0.5195668937154607,0.0000009517669923,0.0000004765988137
0.5196669065672793,-0.0000028629299322,0.0000004765988137
0.5197669194190978,0.0000047664639169,0.0000004765988137
0.5198669322709163,0.0000085806850620,0.0000004765988137
0.5199669451227349,0.0000009517669923,0.0000004765988137
0.5200669579745534,0.0000047659877964,0.0000004765988137
0.5201669708263720,0.0000047664639169,0.0000004765988137
0.5202669836781905,0.0000047664639169,0.0000042912961362
0.5203669965300091,0.0000047664639169,0.0000042912961362
0.5204670093818276,0.0000009517669923,-0.0000033378601074
0.5205670222336460,0.0000047664639169,0.0000004768372150
0.5206670350854646,0.0000009517669923,0.0000004765988137
0.5207670479372831,-0.0000028629299322,0.0000004765988137
0.5208670607891016,-0.0000143070201375,0.0000004765988137
0.5209670736409201,-0.0000028629299322,0.0000042912961362
0.5210670864927388,0.0000047664639169,0.0000004765988137
0.5211670993445573,0.0000047664639169,0.0000004765988137
0.5212671121963758,0.0000047664639169,0.0000042912961362
0.5213671250481944,0.0000009517669923,0.0000004765988137
0.5214671379000129,0.0000009517669923,0.0000004765988137
0.5215671507518314,0.0000009517669923,0.0000004765988137
0.5216671636036498,0.0000009517669923,0.0000004765988137
0.5217671764554684,-0.0000028629299322,0.0000004765988137
0.5218671893072870,0.0000009517669923,0.0000042912961362
0.5219672021591055,0.0000009517669923,0.0000004765988137
0.5220672150109241,0.0000047664639169,0.0000004765988137
0.5221672278627426,0.0000009517669923,0.0000004765988137
0.5222672407145611,0.0000047664639169,-0.0000033380990772
0.5223672535663797,-0.0000028629299322,-0.0000033380990772
0.5224672664181982,-0.0000143070201375,0.0000004765988137
0.5225672792700167,0.0000009517669923,0.0000004765988137
0.5226672921218352,-0.0000028629299322,-0.0000033380990772
0.5227673049736539,-0.0000028629299322,0.0000004765988137
0.5228673178254724,0.0000009517669923,0.0000042912961362
0.5229673306772908,0.0000009517669923,0.0000004765988137
0.5230673435291094,0.0000009517669923,0.0000004765988137
0.5231673563809279,-0.0000028629299322,0.0000004765988137
0.5232673692327464,0.0000047664639169,0.0000004765988137
0.5233673820845649,-0.0000028629299322,0.0000004765988137
0.5234673949363835,0.0000009517669923,0.0000004765988137
0.5235674077882020,0.0000009517669923,-0.0000033378601074
0.5236674206400206,0.0000009517669923,0.0000004765988137
0.5237674334918392,0.0000009517669923,-0.0000033380990772
0.5238674463436577,-0.0000028610229492,0.0000004765988137
0.5239674591954762,-0.0000028629299322,-0.0000033380990772
0.5240674720472946,-0.0000066776278800,0.0000004765988137
0.5241674848991132,-0.0000143070201375,0.0000004765988137
0.5242674977509317,-0.0000028629299322,0.0000004765988137
0.5243675106027502,-0.0000028629299322,-0.0000033380990772
0.5244675234545689,0.0000009517669923,-0.0000033380990772
0.5245675363063874,-0.0000028629299322,-0.0000033380990772
0.5246675491582059,-0.0000028629299322,0.0000004765988137
0.5247675620100245,0.0000009517669923,0.0000004765988137
0.5248675748618430,0.0000009517669923,-0.0000033380990772
0.5249675877136615,-0.0000028629299322,0.0000004765988137
0.5250676005654800,0.0000009517669923,-0.0000033380990772
0.5251676134172986,0.0000009517669923,0.0000004765988137
0.5252676262691170,-0.0000028629299322,0.0000004765988137
0.5253676391209356,0.0000009517669923,-0.0000033380990772
0.5254676519727542,-0.0000028629299322,0.0000004765988137
0.5255676648245727,-0.0000028629299322,0.0000004765988137
0.5256676776763912,-0.0000104923301478,0.0000004765988137
0.5257676905282097,-0.0000028629299322,0.0000004765988137
0.5258677033800283,-0.0000104923301478,0.0000004765988137
0.5259677162318468,0.0000009517669923,0.0000004765988137
0.5260677290836653,0.0000009517669923,-0.0000033380990772
0.5261677419354839,-0.0000028629299322,0.0000004765988137
0.5262677547873025,0.0000047664639169,0.0000004765988137
0.5263677676391210,0.0000009517669923,-0.0000033380990772
0.5264677804909395,-0.0000028629299322,-0.0000033380990772
0.5265677933427581,0.0000009517669923,0.0000042912961362
0.5266678061945765,-0.0000066757211243,-0.0000033380990772
0.5267678190463950,0.0000009517669923,0.0000042912961362
0.5268678318982136,-0.0000028629299322,0.0000004765988137
0.5269678447500321,0.0000009517669923,-0.0000033380990772
0.5270678576018507,0.0000009517669923,0.0000042912961362
0.5271678704536693,-0.0000028629299322,-0.0000033380990772
0.5272678833054878,0.0000009517669923,-0.0000033380990772
0.5273678961573063,-0.0000181217201316,-0.0000071527961154
0.5274679090091248,-0.0000066776278800,0.0000042912961362
0.5275679218609434,-0.0000104923301478,0.0000004765988137
0.5276679347127619,-0.0000028629299322,0.0000004765988137
0.5277679475645803,-0.0000028629299322,0.0000004765988137
0.5278679604163989,-0.0000028629299322,0.0000004765988137
0.5279679732682175,-0.0000028629299322,-0.0000033380990772
0.5280679861200360,-0.0000028629299322,0.0000004765988137
0.5281679989718545,-0.0000028629299322,0.0000042912961362
0.5282680118236731,-0.0000028629299322,0.0000004765988137
0.5283680246754916,0.0000009517669923,-0.0000033380990772
0.5284680375273101,-0.0000028629299322,0.0000004765988137
0.5285680503791287,-0.0000028629299322,0.0000004765988137
0.5286680632309472,-0.0000028629299322,-0.0000033380990772
0.5287680760827657,0.0000009517669923,0.0000004765988137
0.5288680889345843,-0.0000028629299322,0.0000004765988137
0.5289681017864029,-0.0000143070201375,0.0000004765988137
0.5290681146382213,-0.0000066776278800,-0.0000033380990772
0.5291681274900398,-0.0000143070201375,-0.0000033380990772
0.5292681403418584,-0.0000066776278800,-0.0000033380990772
0.5293681531936769,-0.0000028629299322,0.0000004765988137
0.5294681660454954,-0.0000028629299322,0.0000004765988137
0.5295681788973139,-0.0000066776278800,0.0000004765988137
0.5296681917491325,-0.0000066776278800,0.0000004765988137
0.5297682046009511,-0.0000066776278800,0.0000004765988137
0.5298682174527696,-0.0000028629299322,0.0000004765988137
0.5299682303045882,-0.0000028629299322,0.0000004765988137
0.5300682431564067,-0.0000066776278800,-0.0000033380990772
0.5301682560082251,0.0000009517669923,0.0000004765988137
0.5302682688600437,-0.0000066776278800,-0.0000033380990772
0.5303682817118622,-0.0000066776278800,-0.0000033380990772
0.5304682945636807,-0.0000028629299322,0.0000004765988137
0.5305683074154993,-0.0000028629299322,0.0000004765988137
0.5306683202673179,-0.0000028629299322,0.0000004765988137
0.5307683331191364,-0.0000066776278800,0.0000004765988137
0.5308683459709549,-0.0000143070201375,0.0000004765988137
0.5309683588227735,-0.0000104923301478,-0.0000033380990772
0.5310683716745920,-0.0000028629299322,0.0000004765988137
0.5311683845264105,-0.0000028629299322,0.0000004765988137
0.5312683973782290,-0.0000028629299322,-0.0000033380990772
0.5313684102300475,-0.0000028629299322,-0.0000033380990772
0.5314684230818661,-0.0000066776278800,0.0000004765988137
0.5315684359336846,0.0000009517669923,0.0000004765988137
0.5316684487855032,0.0000009517669923,0.0000004765988137
0.5317684616373217,0.0000009517669923,0.0000004765988137
0.5318684744891402,-0.0000028629299322,-0.0000033380990772
0.5319684873409587,0.0000009517669923,0.0000004765988137
0.5320685001927773,-0.0000066776278800,0.0000004765988137
0.5321685130445958,0.0000009517669923,-0.0000033380990772
0.5322685258964143,-0.0000028629299322,-0.0000033380990772
0.5323685387482330,-0.0000066776278800,-0.0000033380990772
0.5324685516000515,-0.0000066776278800,-0.0000033380990772
0.5325685644518700,-0.0000066776278800,0.0000042912961362
0.5326685773036884,-0.0000028629299322,0.0000004765988137
0.5327685901555070,-0.0000028629299322,-0.0000033380990772
0.5328686030073255,-0.0000028629299322,-0.0000033380990772
0.5329686158591440,-0.0000028629299322,0.0000004765988137
0.5330686287109626,-0.0000028629299322,0.0000004765988137
0.5331686415627812,-0.0000028629299322,0.0000004765988137
0.5332686544145997,-0.0000066776278800,-0.0000033380990772
0.5333686672664183,0.0000009517669923,0.0000004765988137
0.5334686801182368,-0.0000028629299322,-0.0000033380990772
0.5335686929700553,-0.0000028629299322,0.0000004765988137
0.5336687058218738,-0.0000066776278800,0.0000004765988137
0.5337687186736924,-0.0000028629299322,0.0000042912961362
0.5338687315255108,-0.0000028629299322,0.0000004765988137
0.5339687443773293,-0.0000028629299322,0.0000004765988137
0.5340687572291480,-0.0000104923301478,-0.0000033380990772
0.5341687700809665,-0.0000028629299322,-0.0000033380990772
0.5342687829327850,-0.0000066776278800,-0.0000033380990772
0.5343687957846035,-0.0000028629299322,-0.0000033380990772
0.5344688086364221,-0.0000028629299322,0.0000004765988137
0.5345688214882406,-0.0000028629299322,-0.0000033380990772
0.5346688343400591,-0.0000028629299322,0.0000004765988137
0.5347688471918777,-0.0000028629299322,-0.0000033380990772
0.5348688600436962,-0.0000028629299322,-0.0000033380990772
0.5349688728955148,-0.0000028629299322,0.0000004765988137
0.5350688857473332,0.0000009517669923,0.0000004765988137
0.5351688985991518,-0.0000028629299322,0.0000042912961362
0.5352689114509703,0.0000009517669923,-0.0000033380990772
0.5353689243027888,-0.0000028629299322,0.0000042912961362
0.5354689371546074,-0.0000028629299322,0.0000004765988137
0.5355689500064259,0.0000085811616373,0.0000004765988137
0.5356689628582444,-0.0000104923301478,0.0000004765988137
0.5357689757100629,-0.0000066776278800,0.0000004765988137
0.5358689885618816,-0.0000066776278800,-0.0000033380990772
0.5359690014137001,-0.0000028629299322,0.0000004765988137
0.5360690142655186,0.0000009517669923,0.0000004765988137
0.5361690271173372,-0.0000028629299322,0.0000004765988137
0.5362690399691556,-0.0000028629299322,-0.0000033380990772
0.5363690528209741,0.0000009517669923,0.0000004765988137
0.5364690656727927,-0.0000066776278800,-0.0000033380990772
0.5365690785246112,-0.0000028629299322,0.0000004765988137
0.5366690913764298,0.0000009517669923,0.0000004765988137
0.5367691042282483,-0.0000028629299322,-0.0000033380990772
0.5368691170800669,-0.0000028629299322,-0.0000033380990772
0.5369691299318854,-0.0000028629299322,0.0000004765988137
0.5370691427837039,0.0000009517669923,-0.0000033380990772
0.5371691556355225,0.0000009517669923,0.0000081059934018
0.5372691684873410,0.0000009517669923,0.0000004765988137
0.5373691813391595,-0.0000104923301478,0.0000004765988137
0.5374691941909779,-0.0000028629299322,0.0000004765988137
0.5375692070427966,-0.0000066776278800,-0.0000033380990772
0.5376692198946151,-0.0000066776278800,0.0000004765988137
0.5377692327464336,0.0000009517669923,-0.0000033380990772
0.5378692455982522,-0.0000028629299322,0.0000042912961362
0.5379692584500707,0.0000009517669923,0.0000004765988137
0.5380692713018892,0.0000009517669923,0.0000042912961362
0.5381692841537077,-0.0000028629299322,0.0000004765988137
0.5382692970055263,0.0000009517669923,0.0000004765988137
0.5383693098573448,-0.0000028629299322,0.0000004765988137
0.5384693227091634,0.0000009517669923,-0.0000033380990772
0.5385693355609820,-0.0000028629299322,0.0000004765988137
0.5386693484128005,0.0000009517669923,0.0000004765988137
0.5387693612646189,0.0000047664639169,0.0000004765988137
0.5388693741164375,0.0000047664639169,0.0000042912961362
0.5389693869682560,-0.0000066776278800,0.0000004765988137
0.5390693998200745,-0.0000066776278800,-0.0000071527961154
0.5391694126718930,-0.0000104923301478,0.0000004765988137
0.5392694255237117,-0.0000028629299322,0.0000004765988137
0.5393694383755302,0.0000009517669923,0.0000042912961362
0.5394694512273487,0.0000047664639169,0.0000042912961362
0.5395694640791673,0.0000047664639169,-0.0000033380990772
0.5396694769309858,0.0000009517669923,-0.0000033380990772
0.5397694897828043,0.0000009517669923,0.0000042912961362
0.5398695026346227,0.0000047664639169,-0.0000033380990772
0.5399695154864413,0.0000047664639169,0.0000042912961362
0.5400695283382598,0.0000047664639169,0.0000004765988137
0.5401695411900784,0.0000009517669923,0.0000004765988137
0.5402695540418970,0.0000009517669923,0.0000004765988137
0.5403695668937155,0.0000009517669923,0.0000042912961362
0.5404695797455340,0.0000009517669923,0.0000004765988137
0.5405695925973525,0.0000009517669923,-0.0000033380990772
0.5406696054491711,0.0000009517669923,0.0000004765988137
0.5407696183009896,-0.0000066776278800,-0.0000033380990772
0.5408696311528081,-0.0000066776278800,0.0000004765988137
0.5409696440046267,-0.0000066776278800,0.0000042912961362
0.5410696568564453,-0.0000028629299322,-0.0000033380990772
0.5411696697082637,-0.0000028629299322,0.0000004765988137
0.5412696825600822,0.0000009517669923,0.0000004765988137
0.5413696954119008,0.0000047664639169,0.0000004765988137
0.5414697082637193,0.0000009517669923,0.0000004765988137
0.5415697211155378,0.0000009517669923,0.0000004765988137
0.5416697339673564,0.0000009517669923,0.0000004765988137
0.5417697468191749,-0.0000028629299322,0.0000004765988137
0.5418697596709935,0.0000047664639169,0.0000004765988137
0.5419697725228121,0.0000047664639169,0.0000004765988137
0.5420697853746306,-0.0000028629299322,0.0000004765988137
0.5421697982264491,0.0000009517669923,-0.0000033380990772
0.5422698110782675,0.0000047664639169,0.0000004765988137
0.5423698239300861,-0.0000028629299322,0.0000004765988137
0.5424698367819046,-0.0000066776278800,0.0000004765988137
0.5425698496337231,0.0000009517669923,0.0000042912961362
0.5426698624855417,0.0000047664639169,0.0000004765988137
0.5427698753373603,0.0000047664639169,0.0000042912961362
0.5428698881891788,-0.0000028629299322,0.0000004765988137
0.5429699010409973,0.0000009517669923,0.0000004765988137
0.5430699138928159,0.0000047659877964,0.0000042912961362
0.5431699267446344,-0.0000028629299322,-0.0000033380990772
0.5432699395964529,0.0000009517669923,0.0000004765988137
0.5433699524482715,-0.0000028629299322,-0.0000071527961154
0.5434699653000900,0.0000009517669923,-0.0000033380990772
0.5435699781519084,0.0000009517669923,-0.0000033380990772
0.5436699910037270,0.0000047659877964,0.0000042912961362
0.5437700038555456,-0.0000028610229492,-0.0000033380990772
0.5438700167073641,0.0000009517669923,-0.0000033380990772
0.5439700295591826,-0.0000028629299322,-0.0000033380990772
0.5440700424110012,-0.0000066776278800,0.0000004765988137
0.5441700552628197,-0.0000143070201375,0.0000004765988137
0.5442700681146382,-0.0000028629299322,0.0000004765988137
0.5443700809664567,-0.0000028629299322,0.0000004765988137
0.5444700938182753,0.0000009517669923,0.0000042912961362
0.5445701066700939,0.0000009517669923,0.0000042912961362
0.5446701195219124,0.0000009517669923,0.0000004765988137
0.5447701323737310,-0.0000028629299322,0.0000004765988137
0.5448701452255494,0.0000009517669923,0.0000042912961362
0.5449701580773679,-0.0000028629299322,-0.0000033380990772
0.5450701709291865,0.0000009517669923,0.0000042912961362
0.5451701837810050,-0.0000028629299322,0.0000004765988137
0.5452701966328235,-0.0000028629299322,0.0000004765988137
0.5453702094846421,0.0000009517669923,0.0000004765988137
0.5454702223364607,-0.0000028629299322,0.0000004765988137
0.5455702351882792,0.0000009517669923,0.0000042912961362
0.5456702480400977,-0.0000066776278800,0.0000004765988137
0.5457702608919163,-0.0000066776278800,0.0000004765988137
0.5458702737437348,-0.0000066776278800,0.0000042912961362
0.5459702865955532,-0.0000028629299322,-0.0000033380990772
0.5460702994473717,-0.0000028629299322,0.0000004765988137
0.5461703122991903,-0.0000028629299322,-0.0000033380990772
0.5462703251510089,-0.0000028629299322,0.0000004765988137
0.5463703380028274,0.0000009517669923,0.0000004765988137
0.5464703508546460,0.0000009517669923,0.0000004765988137
0.5465703637064645,-0.0000028629299322,0.0000004765988137
0.5466703765582830,-0.0000028629299322,0.0000042912961362
0.5467703894101015,-0.0000028629299322,0.0000004765988137
0.5468704022619201,-0.0000028629299322,0.0000004765988137
0.5469704151137386,-0.0000028629299322,0.0000004765988137
0.5470704279655570,-0.0000028629299322,0.0000004765988137
0.5471704408173758,-0.0000028629299322,0.0000004765988137
0.5472704536691942,-0.0000028629299322,0.0000004765988137
0.5473704665210127,-0.0000181217201316,0.0000004765988137
0.5474704793728313,-0.0000066776278800,-0.0000033380990772
0.5475704922246498,-0.0000066776278800,-0.0000033380990772
0.5476705050764683,-0.0000028629299322,0.0000004765988137
0.5477705179282868,-0.0000028629299322,0.0000004765988137
0.5478705307801054,0.0000009517669923,0.0000004765988137
0.5479705436319240,0.0000009517669923,0.0000004765988137
0.5480705564837425,-0.0000028629299322,-0.0000033380990772
0.5481705693355611,0.0000009517669923,0.0000042912961362
0.5482705821873796,0.0000009517669923,0.0000004765988137
0.5483705950391980,-0.0000028629299322,-0.0000033380990772
0.5484706078910165,0.0000009517669923,0.0000004765988137
0.5485706207428351,0.0000009517669923,-0.0000033380990772
0.5486706335946536,0.0000009517669923,0.0000004765988137
0.5487706464464721,-0.0000028629299322,0.0000004765988137
0.5488706592982908,-0.0000028629299322,0.0000004765988137
0.5489706721501093,-0.0000143070201375,0.0000004765988137
0.5490706850019278,-0.0000028629299322,-0.0000033380990772
0.5491706978537463,-0.0000104923301478,-0.0000033380990772
0.5492707107055649,-0.0000066776278800,0.0000042912961362
0.5493707235573834,-0.0000028629299322,0.0000004765988137
0.5494707364092019,0.0000009517669923,0.0000004765988137
0.5495707492610205,0.0000009517669923,0.0000004765988137
0.5496707621128389,-0.0000028629299322,0.0000004765988137
0.5497707749646575,0.0000009517669923,0.0000004765988137
0.5498707878164761,0.0000009517669923,0.0000042912961362
0.5499708006682946,-0.0000028629299322,0.0000004765988137
0.5500708135201131,-0.0000028629299322,-0.0000033380990772
0.5501708263719316,0.0000009517669923,0.0000004765988137
0.5502708392237502,0.0000009517669923,0.0000004765988137
0.5503708520755687,-0.0000066776278800,0.0000004765988137
0.5504708649273872,-0.0000066776278800,-0.0000033380990772
0.5505708777792058,-0.0000028629299322,0.0000004765988137
0.5506708906310244,-0.0000028629299322,0.0000004765988137
0.5507709034828429,-0.0000028629299322,0.0000004765988137
0.5508709163346613,-0.0000143070201375,-0.0000033380990772
0.5509709291864799,-0.0000066776278800,0.0000004765988137
0.5510709420382984,-0.0000028629299322,0.0000004765988137
0.5511709548901169,-0.0000028629299322,0.0000004765988137
0.5512709677419355,-0.0000066776278800,0.0000004765988137
0.5513709805937540,-0.0000028629299322,0.0000004765988137
0.5514709934455726,-0.0000066776278800,-0.0000071527961154
0.5515710062973911,-0.0000028629299322,0.0000004765988137
0.5516710191492097,-0.0000028629299322,0.0000004765988137
0.5517710320010282,0.0000009517669923,0.0000004765988137
0.5518710448528467,-0.0000066776278800,0.0000004765988137
0.5519710577046653,-0.0000028629299322,0.0000004765988137
0.5520710705564837,-0.0000028629299322,0.0000004765988137
0.5521710834083022,-0.0000066776278800,0.0000042912961362
0.5522710962601207,-0.0000028629299322,0.0000004765988137
0.5523711091119394,-0.0000104923301478,0.0000004765988137
0.5524711219637579,-0.0000143070201375,-0.0000071527961154
0.5525711348155764,-0.0000066776278800,0.0000042912961362
0.5526711476673950,0.0000009517669923,0.0000042912961362
0.5527711605192135,0.0000009517669923,-0.0000033380990772
0.5528711733710320,-0.0000028629299322,0.0000004765988137
0.5529711862228506,-0.0000066776278800,0.0000004765988137
0.5530711990746691,-0.0000066776278800,0.0000042912961362
0.5531712119264875,-0.0000028629299322,-0.0000033380990772
0.5532712247783061,-0.0000028629299322,-0.0000033380990772
0.5533712376301247,-0.0000028629299322,-0.0000033380990772
0.5534712504819432,0.0000009517669923,0.0000042912961362
0.5535712633337617,-0.0000028629299322,0.0000042912961362
0.5536712761855803,-0.0000028629299322,-0.0000033380990772
0.5537712890373988,-0.0000028629299322,0.0000004765988137
0.5538713018892173,-0.0000028629299322,0.0000004765988137
0.5539713147410358,-0.0000066776278800,0.0000004765988137
0.5540713275928545,-0.0000143070201375,0.0000004765988137
0.5541713404446730,-0.0000104923301478,0.0000004765988137
0.5542713532964915,-0.0000104923301478,-0.0000033380990772
0.5543713661483101,-0.0000066776278800,0.0000004765988137
0.5544713790001286,-0.0000028629299322,0.0000004765988137
0.5545713918519470,-0.0000028629299322,-0.0000033380990772
0.5546714047037655,-0.0000028629299322,-0.0000071527961154
0.5547714175555841,-0.0000028629299322,0.0000004765988137
0.5548714304074026,-0.0000028629299322,0.0000004765988137
0.5549714432592212,-0.0000028629299322,0.0000004765988137
0.5550714561110398,-0.0000028629299322,-0.0000071527961154
0.5551714689628583,-0.0000028629299322,0.0000042912961362
0.5552714818146768,0.0000009517669923,-0.0000033380990772
0.5553714946664953,-0.0000028629299322,0.0000042912961362
0.5554715075183139,-0.0000028629299322,0.0000004765988137
0.5555715203701324,0.0000009517669923,0.0000004765988137
0.5556715332219508,-0.0000181217201316,-0.0000033380990772
0.5557715460737694,-0.0000028629299322,0.0000004765988137
0.5558715589255880,-0.0000104923301478,-0.0000033380990772
0.5559715717774065,-0.0000066776278800,-0.0000033380990772
0.5560715846292251,0.0000009517669923,0.0000004765988137
0.5561715974810436,0.0000009517669923,0.0000004765988137
0.5562716103328621,0.0000009517669923,-0.0000033380990772
0.5563716231846806,0.0000009517669923,-0.0000033380990772
0.5564716360364992,0.0000009517669923,0.0000004765988137
0.5565716488883177,-0.0000028629299322,0.0000004765988137
0.5566716617401363,0.0000047664639169,-0.0000033380990772
0.5567716745919549,0.0000009517669923,-0.0000033380990772
0.5568716874437734,-0.0000028629299322,0.0000004765988137
0.5569717002955918,0.0000009517669923,0.0000042912961362
0.5570717131474103,0.0000009517669923,0.0000004765988137
0.5571717259992289,-0.0000028629299322,0.0000004765988137
0.5572717388510474,0.0000009517669923,0.0000042912961362
0.5573717517028659,-0.0000143070201375,-0.0000033380990772
0.5574717645546845,-0.0000066776278800,-0.0000033380990772
0.5575717774065031,-0.0000104923301478,0.0000004765988137
0.5576717902583216,-0.0000028629299322,0.0000004765988137
0.5577718031101401,-0.0000066776278800,0.0000004765988137
0.5578718159619587,-0.0000028629299322,0.0000004765988137
0.5579718288137772,0.0000047664639169,-0.0000033380990772
0.5580718416655956,0.0000047664639169,0.0000004765988137
0.5581718545174142,0.0000009517669923,0.0000004765988137
0.5582718673692327,0.0000009517669923,0.0000004765988137
0.5583718802210512,0.0000009517669923,0.0000004765988137
0.5584718930728699,0.0000047664639169,0.0000004765988137
0.5585719059246884,0.0000009517669923,0.0000004765988137
0.5586719187765069,0.0000009517669923,0.0000042912961362
0.5587719316283254,0.0000047664639169,-0.0000033380990772
0.5588719444801440,0.0000009517669923,0.0000004765988137
0.5589719573319625,-0.0000028629299322,-0.0000033380990772
0.5590719701837810,-0.0000028629299322,-0.0000033380990772
0.5591719830355996,-0.0000066776278800,0.0000004765988137
0.5592719958874180,0.0000009517669923,0.0000004765988137
0.5593720087392366,0.0000047664639169,-0.0000033380990772
0.5594720215910551,0.0000047664639169,-0.0000033380990772
0.5595720344428737,0.0000047664639169,0.0000004765988137
0.5596720472946922,0.0000047664639169,-0.0000033380990772
0.5597720601465107,0.0000047664639169,-0.0000033380990772
0.5598720729983293,0.0000009517669923,0.0000004765988137
0.5599720858501478,0.0000047664639169,0.0000004765988137
0.5600720987019663,0.0000047664639169,0.0000004765988137
0.5601721115537849,0.0000047659877964,0.0000042912961362
0.5602721244056035,0.0000047664639169,0.0000004765988137
0.5603721372574220,0.0000047664639169,0.0000004765988137
0.5604721501092405,0.0000047664639169,0.0000004765988137
0.5605721629610591,0.0000085806850620,0.0000004765988137
0.5606721758128775,0.0000085806850620,0.0000004765988137
0.5607721886646960,-0.0000028629299322,0.0000004765988137
0.5608722015165145,-0.0000028629299322,0.0000004765988137
0.5609722143683331,0.0000009517669923,-0.0000033380990772
0.5610722272201517,0.0000009517669923,0.0000004765988137
0.5611722400719702,0.0000047664639169,0.0000004765988137
0.5612722529237888,0.0000047664639169,0.0000004765988137
0.5613722657756073,0.0000009517669923,0.0000004765988137
0.5614722786274258,0.0000047659877964,0.0000004765988137
0.5615722914792444,0.0000047659877964,0.0000042912961362
0.5616723043310629,0.0000009517669923,0.0000042912961362
0.5617723171828813,0.0000009517669923,-0.0000033380990772
0.5618723300346998,0.0000047664639169,0.0000004765988137
0.5619723428865185,0.0000047664639169,-0.0000033380990772
0.5620723557383370,0.0000009517669923,0.0000004765988137
0.5621723685901555,0.0000009517669923,0.0000004765988137
0.5622723814419741,0.0000009517669923,0.0000004765988137
0.5623723942937926,-0.0000028629299322,0.0000004765988137
0.5624724071456111,-0.0000104923301478,0.0000042912961362
0.5625724199974296,-0.0000028629299322,0.0000004765988137
0.5626724328492482,0.0000009517669923,0.0000042912961362
0.5627724457010668,0.0000047664639169,0.0000004765988137
0.5628724585528853,0.0000047664639169,0.0000004765988137
0.5629724714047039,0.0000009517669923,0.0000042912961362
0.5630724842565223,0.0000009517669923,0.0000004765988137
0.5631724971083408,0.0000009517669923,-0.0000033380990772
0.5632725099601593,0.0000009517669923,0.0000004765988137
0.5633725228119779,0.0000047664639169,0.0000042912961362
0.5634725356637964,0.0000009517669923,0.0000042912961362
0.5635725485156149,0.0000047664639169,0.0000004765988137
0.5636725613674336,0.0000009517669923,-0.0000033380990772
0.5637725742192521,0.0000009517669923,-0.0000033380990772
0.5638725870710706,-0.0000028629299322,-0.0000033380990772
0.5639725999228891,-0.0000028610229492,0.0000004765988137
0.5640726127747077,-0.0000028629299322,0.0000004765988137
0.5641726256265261,-0.0000066776278800,0.0000004765988137
0.5642726384783446,-0.0000028629299322,-0.0000033380990772
0.5643726513301632,-0.0000028629299322,0.0000004765988137
0.5644726641819817,0.0000009517669923,0.0000004765988137
0.5645726770338003,0.0000009517669923,-0.0000033380990772
0.5646726898856189,0.0000009517669923,-0.0000033378601074
0.5647727027374374,0.0000047664639169,0.0000004765988137
0.5648727155892559,0.0000047664639169,0.0000004765988137
0.5649727284410744,-0.0000066757211243,0.0000004765988137
0.5650727412928930,0.0000009517669923,0.0000004765988137
0.5651727541447115,0.0000047664639169,0.0000004765988137
0.5652727669965300,0.0000009517669923,0.0000004765988137
0.5653727798483486,0.0000009517669923,0.0000042912961362
0.5654727927001671,0.0000009517669923,0.0000004765988137
0.5655728055519856,0.0000047664639169,0.0000042912961362
0.5656728184038041,-0.0000066776278800,0.0000042912961362
0.5657728312556227,-0.0000028629299322,0.0000004765988137
0.5658728441074412,-0.0000028629299322,0.0000004765988137
0.5659728569592597,-0.0000028629299322,-0.0000033380990772
0.5660728698110783,0.0000009517669923,0.0000042912961362
0.5661728826628968,-0.0000028629299322,0.0000042912961362
0.5662728955147154,-0.0000028629299322,0.0000004765988137
0.5663729083665339,0.0000009517669923,0.0000004765988137
0.5664729212183525,-0.0000028629299322,-0.0000033380990772
0.5665729340701710,0.0000047664639169,-0.0000033380990772
0.5666729469219894,0.0000009517669923,0.0000042912961362
0.5667729597738080,0.0000047664639169,0.0000004765988137
0.5668729726256265,0.0000009517669923,-0.0000033380990772
0.5669729854774450,0.0000009517669923,0.0000004765988137
0.5670729983292635,-0.0000028629299322,0.0000004765988137
0.5671730111810822,0.0000009517669923,0.0000004765988137
0.5672730240329007,-0.0000028629299322,0.0000042912961362
0.5673730368847192,-0.0000181217201316,-0.0000033380990772
0.5674730497365378,-0.0000028629299322,0.0000004765988137
0.5675730625883563,-0.0000066776278800,0.0000004765988137
0.5676730754401748,-0.0000066776278800,0.0000004765988137
0.5677730882919934,-0.0000028629299322,0.0000004765988137
0.5678731011438118,-0.0000028629299322,0.0000004765988137
0.5679731139956303,-0.0000028629299322,-0.0000033380990772
0.5680731268474489,0.0000009517669923,0.0000042912961362
0.5681731396992675,0.0000047664639169,0.0000004765988137
0.5682731525510860,0.0000047664639169,0.0000004765988137
0.5683731654029045,0.0000009517669923,-0.0000033380990772
0.5684731782547231,0.0000009517669923,0.0000004765988137
0.5685731911065416,-0.0000028629299322,0.0000042912961362
0.5686732039583601,0.0000009517669923,-0.0000033380990772
0.5687732168101786,-0.0000028629299322,0.0000004765988137
0.5688732296619973,0.0000009517669923,0.0000004765988137
0.5689732425138158,-0.0000104923301478,0.0000004765988137
0.5690732553656342,-0.0000028629299322,0.0000042912961362
0.5691732682174528,-0.0000104923301478,-0.0000033380990772
0.5692732810692713,-0.0000066776278800,-0.0000033380990772
0.5693732939210898,-0.0000028629299322,-0.0000033380990772
0.5694733067729083,0.0000009517669923,0.0000004765988137
0.5695733196247269,-0.0000028629299322,0.0000004765988137
0.5696733324765454,-0.0000028629299322,-0.0000033380990772
0.5697733453283640,0.0000009517669923,-0.0000033380990772
0.5698733581801826,-0.0000028629299322,-0.0000033380990772
0.5699733710320011,-0.0000028629299322,0.0000004765988137
0.5700733838838196,-0.0000028629299322,0.0000004765988137
0.5701733967356382,0.0000009517669923,-0.0000033380990772
0.5702734095874566,-0.0000028629299322,0.0000042912961362
0.5703734224392751,0.0000009517669923,0.0000004765988137
0.5704734352910936,0.0000009517669923,-0.0000033380990772
0.5705734481429122,0.0000009517669923,0.0000004765988137
0.5706734609947308,0.0000047664639169,0.0000004765988137
0.5707734738465493,-0.0000104923301478,0.0000004765988137
0.5708734866983679,-0.0000181217201316,-0.0000033380990772
0.5709734995501864,-0.0000066776278800,-0.0000033380990772
0.5710735124020049,-0.0000028629299322,-0.0000033380990772
0.5711735252538234,0.0000009517669923,0.0000004765988137
0.5712735381056420,0.0000009517669923,0.0000042912961362
0.5713735509574605,-0.0000028629299322,0.0000004765988137
0.5714735638092791,-0.0000028629299322,0.0000004765988137
0.5715735766610976,-0.0000028629299322,-0.0000033380990772
0.5716735895129161,-0.0000066776278800,-0.0000033380990772
0.5717736023647346,-0.0000028629299322,0.0000004765988137
0.5718736152165531,-0.0000028629299322,0.0000004765988137
0.5719736280683717,0.0000009517669923,-0.0000033380990772
0.5720736409201902,0.0000009517669923,-0.0000033380990772
0.5721736537720087,-0.0000028629299322,0.0000004765988137
0.5722736666238273,-0.0000028629299322,-0.0000033380990772
0.5723736794756459,-0.0000104923301478,0.0000042912961362
0.5724736923274644,-0.0000104923301478,0.0000004765988137
0.5725737051792830,-0.0000028629299322,-0.0000033380990772
0.5726737180311015,-0.0000066776278800,0.0000042912961362
0.5727737308829199,0.0000009517669923,-0.0000033380990772
0.5728737437347384,-0.0000028629299322,-0.0000033380990772
0.5729737565865570,-0.0000028629299322,-0.0000033380990772
0.5730737694383755,-0.0000028629299322,0.0000004765988137
0.5731737822901940,-0.0000028629299322,-0.0000033380990772
0.5732737951420127,0.0000009517669923,0.0000042912961362
0.5733738079938312,-0.0000028629299322,-0.0000071527961154
0.5734738208456497,-0.0000028629299322,-0.0000071527961154
0.5735738336974682,0.0000009517669923,-0.0000033380990772
0.5736738465492868,-0.0000028629299322,0.0000042912961362
0.5737738594011053,-0.0000028629299322,0.0000042912961362
0.5738738722529237,-0.0000028629299322,0.0000004765988137
0.5739738851047423,-0.0000028629299322,-0.0000033380990772
0.5740738979565608,-0.0000066776278800,0.0000004765988137
0.5741739108083794,-0.0000066776278800,-0.0000033380990772
0.5742739236601979,-0.0000104923301478,0.0000004765988137
0.5743739365120165,-0.0000028629299322,-0.0000033380990772
0.5744739493638350,-0.0000028629299322,0.0000004765988137
0.5745739622156535,-0.0000028629299322,0.0000004765988137
0.5746739750674721,0.0000009517669923,0.0000042912961362
0.5747739879192906,0.0000009517669923,0.0000004765988137
0.5748740007711091,-0.0000028629299322,0.0000042912961362
0.5749740136229277,-0.0000028629299322,0.0000004765988137
0.5750740264747463,0.0000009517669923,0.0000004765988137
0.5751740393265647,-0.0000028629299322,-0.0000033380990772
0.5752740521783832,0.0000009517669923,0.0000042912961362
0.5753740650302018,0.0000009517669923,-0.0000033380990772
0.5754740778820203,0.0000009517669923,0.0000004765988137
0.5755740907338388,0.0000009517669923,0.0000004765988137
0.5756741035856574,-0.0000104923301478,-0.0000033380990772
0.5757741164374759,-0.0000066776278800,0.0000042912961362
0.5758741292892945,-0.0000104923301478,0.0000004765988137
0.5759741421411130,-0.0000028629299322,0.0000004765988137
0.5760741549929316,-0.0000028629299322,-0.0000033380990772
0.5761741678447501,0.0000009517669923,0.0000004765988137
0.5762741806965685,0.0000009517669923,-0.0000033380990772
0.5763741935483871,0.0000009517669923,-0.0000033380990772
0.5764742064002056,0.0000009517669923,-0.0000033380990772
0.5765742192520241,0.0000009517669923,0.0000004765988137
0.5766742321038426,0.0000009517669923,0.0000004765988137
0.5767742449556613,-0.0000028629299322,0.0000004765988137
0.5768742578074798,0.0000009517669923,0.0000004765988137
0.5769742706592983,0.0000009517669923,-0.0000071527961154
0.5770742835111169,0.0000009517669923,-0.0000033380990772
0.5771742963629354,0.0000009517669923,-0.0000033380990772
0.5772743092147539,0.0000047664639169,-0.0000033380990772
0.5773743220665724,-0.0000104923301478,-0.0000033380990772
0.5774743349183910,0.0000009517669923,0.0000004765988137
0.5775743477702096,-0.0000066776278800,0.0000004765988137
0.5776743606220280,0.0000009517669923,0.0000004765988137
0.5777743734738466,0.0000047664639169,0.0000004765988137
0.5778743863256651,0.0000047664639169,0.0000004765988137
0.5779743991774836,-0.0000028629299322,0.0000004765988137
0.5780744120293021,0.0000009517669923,0.0000004765988137
0.5781744248811207,-0.0000028629299322,0.0000004765988137
0.5782744377329392,0.0000047664639169,0.0000004765988137
0.5783744505847577,0.0000009517669923,0.0000004765988137
0.5784744634365764,0.0000009517669923,-0.0000033380990772
0.5785744762883949,0.0000047664639169,0.0000004765988137
0.5786744891402134,0.0000047664639169,0.0000004765988137
0.5787745019920320,0.0000047664639169,0.0000004765988137
0.5788745148438504,0.0000047664639169,0.0000004765988137
0.5789745276956689,0.0000047664639169,0.0000004765988137
0.5790745405474874,-0.0000066776278800,-0.0000033380990772
0.5791745533993060,-0.0000104923301478,0.0000004765988137
0.5792745662511245,0.0000009517669923,0.0000004765988137
0.5793745791029431,0.0000009517669923,-0.0000033380990772
0.5794745919547617,0.0000047659877964,0.0000042912961362
0.5795746048065802,0.0000047659877964,0.0000004765988137
0.5796746176583987,0.0000009517669923,-0.0000033380990772
0.5797746305102172,0.0000047659877964,-0.0000033380990772
0.5798746433620358,0.0000085806850620,0.0000004765988137
0.5799746562138542,0.0000047664639169,-0.0000033380990772
0.5800746690656727,0.0000085806850620,0.0000004765988137
0.5801746819174913,0.0000047659877964,0.0000004765988137
0.5802746947693099,0.0000009517669923,-0.0000033380990772
0.5803747076211284,0.0000009517669923,-0.0000033380990772
0.5804747204729469,0.0000085806850620,-0.0000033380990772
0.5805747333247655,0.0000085806850620,-0.0000033380990772
0.5806747461765840,0.0000009517669923,0.0000004765988137
0.5807747590284025,-0.0000028629299322,0.0000004765988137
0.5808747718802211,-0.0000066776278800,-0.0000033380990772
0.5809747847320396,-0.0000028629299322,0.0000004765988137
0.5810747975838582,-0.0000028629299322,-0.0000033380990772
0.5811748104356768,0.0000009517669923,0.0000042912961362
0.5812748232874952,0.0000047664639169,0.0000004765988137
0.5813748361393137,0.0000085806850620,0.0000042912961362
0.5814748489911322,0.0000085806850620,0.0000004765988137
0.5815748618429508,0.0000009517669923,0.0000004765988137
0.5816748746947693,0.0000009517669923,0.0000004765988137
0.5817748875465878,0.0000009517669923,0.0000004765988137
0.5818749003984064,0.0000009517669923,-0.0000033380990772
0.5819749132502250,0.0000047664639169,0.0000004765988137
0.5820749261020435,0.0000009517669923,0.0000004765988137
0.5821749389538620,0.0000047664639169,0.0000004765988137
0.5822749518056806,0.0000047664639169,0.0000004765988137
0.5823749646574991,-0.0000066776278800,0.0000004765988137
0.5824749775093175,-0.0000066776278800,0.0000004765988137
0.5825749903611361,0.0000009517669923,-0.0000033380990772
0.5826750032129546,0.0000047664639169,-0.0000033380990772
0.5827750160647731,0.0000047664639169,0.0000004765988137
0.5828750289165917,0.0000047664639169,0.0000004765988137
0.5829750417684103,0.0000047664639169,-0.0000033380990772
0.5830750546202288,0.0000047664639169,-0.0000071525578278
0.5831750674720473,0.0000047664639169,0.0000004765988137
0.5832750803238659,0.0000047664639169,0.0000004765988137
0.5833750931756844,-0.0000028629299322,-0.0000033380990772
0.5834751060275029,0.0000047664639169,-0.0000033380990772
0.5835751188793213,0.0000009517669923,-0.0000033380990772
0.5836751317311401,0.0000047664639169,0.0000004765988137
0.5837751445829585,0.0000047664639169,-0.0000033380990772
0.5838751574347770,-0.0000028629299322,-0.0000033380990772
0.5839751702865956,0.0000009517669923,-0.0000033380990772
0.5840751831384141,-0.0000066776278800,-0.0000033380990772
0.5841751959902326,0.0000009517669923,-0.0000033380990772
0.5842752088420512,-0.0000066776278800,-0.0000033380990772
0.5843752216938697,-0.0000028629299322,-0.0000033380990772
0.5844752345456882,0.0000009517669923,0.0000004765988137
0.5845752473975068,0.0000047664639169,0.0000004765988137
0.5846752602493254,0.0000009517669923,0.0000004765988137
0.5847752731011439,0.0000009517669923,-0.0000033380990772
0.5848752859529623,0.0000009517669923,-0.0000033380990772
0.5849752988047809,0.0000009517669923,-0.0000033380990772
0.5850753116565994,0.0000047664639169,-0.0000033380990772
0.5851753245084179,0.0000009517669923,-0.0000033380990772
0.5852753373602364,0.0000047664639169,0.0000004765988137
0.5853753502120550,0.0000047664639169,-0.0000033380990772
0.5854753630638736,-0.0000028629299322,-0.0000033380990772
0.5855753759156921,0.0000047664639169,0.0000004765988137
0.5856753887675107,-0.0000028629299322,0.0000004765988137
0.5857754016193292,-0.0000028629299322,-0.0000033380990772
0.5858754144711477,-0.0000104923301478,0.0000004765988137
0.5859754273229661,0.0000009517669923,-0.0000033380990772
0.5860754401747847,0.0000047664639169,0.0000042912961362
0.5861754530266032,-0.0000028629299322,-0.0000071527961154
0.5862754658784218,0.0000047664639169,-0.0000033380990772
0.5863754787302404,-0.0000028629299322,0.0000004765988137
0.5864754915820589,-0.0000028629299322,0.0000004765988137
0.5865755044338774,0.0000047664639169,0.0000004765988137
0.5866755172856959,0.0000009517669923,-0.0000033380990772
0.5867755301375145,0.0000047664639169,0.0000004765988137
0.5868755429893330,0.0000009517669923,0.0000004765988137
0.5869755558411515,0.0000047664639169,-0.0000033380990772
0.5870755686929701,-0.0000028629299322,-0.0000033380990772
0.5871755815447887,0.0000009517669923,0.0000004765988137
0.5872755943966071,0.0000009517669923,-0.0000033380990772
0.5873756072484257,-0.0000104923301478,0.0000004765988137
0.5874756201002442,-0.0000028629299322,-0.0000033380990772
0.5875756329520627,-0.0000066776278800,0.0000004765988137
0.5876756458038812,-0.0000066776278800,0.0000004765988137
0.5877756586556998,0.0000047664639169,0.0000004765988137
0.5878756715075183,-0.0000028629299322,0.0000004765988137
0.5879756843593368,0.0000047664639169,0.0000004765988137
0.5880756972111555,0.0000009517669923,0.0000004765988137
0.5881757100629740,-0.0000028629299322,0.0000004765988137
0.5882757229147925,0.0000009517669923,0.0000004765988137
0.5883757357666110,0.0000009517669923,0.0000004765988137
0.5884757486184296,-0.0000028629299322,-0.0000033380990772
0.5885757614702480,-0.0000028629299322,-0.0000033380990772
0.5886757743220665,0.0000047664639169,0.0000042912961362
0.5887757871738851,0.0000047664639169,0.0000004765988137
0.5888758000257036,-0.0000028629299322,0.0000004765988137
0.5889758128775222,-0.0000104923301478,0.0000004765988137
0.5890758257293407,-0.0000028629299322,0.0000004765988137
0.5891758385811593,-0.0000143070201375,-0.0000033380990772
0.5892758514329778,0.0000009517669923,-0.0000033380990772
0.5893758642847963,0.0000009517669923,-0.0000033380990772
0.5894758771366149,0.0000009517669923,-0.0000033380990772
0.5895758899884334,-0.0000028629299322,0.0000004765988137
0.5896759028402518,-0.0000028629299322,0.0000004765988137
0.5897759156920706,0.0000009517669923,0.0000004765988137
0.5898759285438890,-0.0000028629299322,-0.0000033380990772
0.5899759413957075,-0.0000028629299322,-0.0000033380990772
0.5900759542475260,-0.0000028629299322,-0.0000071527961154
0.5901759670993446,0.0000047664639169,-0.0000071527961154
0.5902759799511631,-0.0000028629299322,-0.0000033380990772
0.5903759928029816,0.0000009517669923,0.0000004765988137
0.5904760056548002,0.0000009517669923,-0.0000033380990772
0.5905760185066187,0.0000047664639169,0.0000004765988137
0.5906760313584373,0.0000009517669923,-0.0000033380990772
0.5907760442102558,-0.0000104923301478,-0.0000033380990772
0.5908760570620744,-0.0000143070201375,0.0000004765988137
0.5909760699138928,-0.0000066776278800,0.0000004765988137
0.5910760827657113,0.0000009517669923,0.0000042912961362
0.5911760956175299,-0.0000028629299322,0.0000004765988137
0.5912761084693484,0.0000009517669923,-0.0000033380990772
0.5913761213211669,-0.0000028629299322,0.0000004765988137
0.5914761341729854,-0.0000028629299322,-0.0000033380990772
0.5915761470248041,-0.0000028629299322,-0.0000033380990772
0.5916761598766226,0.0000009517669923,0.0000004765988137
0.5917761727284411,0.0000009517669923,0.0000004765988137
0.5918761855802597,0.0000009517669923,0.0000004765988137
0.5919761984320782,-0.0000066776278800,-0.0000033380990772
0.5920762112838966,0.0000009517669923,0.0000004765988137
0.5921762241357151,-0.0000028629299322,0.0000004765988137
0.5922762369875337,-0.0000066776278800,-0.0000033380990772
0.5923762498393523,-0.0000104923301478,0.0000004765988137
0.5924762626911708,0.0000009517669923,0.0000004765988137
0.5925762755429894,-0.0000066776278800,-0.0000033380990772
0.5926762883948079,-0.0000028629299322,0.0000004765988137
0.5927763012466264,-0.0000028629299322,-0.0000033380990772
0.5928763140984450,-0.0000028629299322,0.0000004765988137
0.5929763269502635,0.0000009517669923,0.0000004765988137
0.5930763398020820,-0.0000028629299322,-0.0000033380990772
0.5931763526539005,0.0000009517669923,0.0000004765988137
0.5932763655057192,-0.0000066776278800,-0.0000033380990772
0.5933763783575376,-0.0000028629299322,0.0000042912961362
0.5934763912093561,-0.0000028629299322,0.0000004765988137
0.5935764040611747,0.0000009517669923,0.0000004765988137
0.5936764169129932,0.0000009517669923,0.0000042912961362
0.5937764297648117,0.0000009517669923,-0.0000033380990772
0.5938764426166302,-0.0000028629299322,0.0000004765988137
0.5939764554684488,0.0000009517669923,-0.0000033380990772
0.5940764683202673,-0.0000104923301478,0.0000004765988137
0.5941764811720859,-0.0000028629299322,0.0000042912961362
0.5942764940239045,-0.0000104923301478,0.0000004765988137
0.5943765068757230,0.0000009517669923,-0.0000033380990772
0.5944765197275415,-0.0000028629299322,0.0000004765988137
0.5945765325793599,0.0000009517669923,0.0000004765988137
0.5946765454311785,0.0000047664639169,0.0000004765988137
0.5947765582829970,0.0000009517669923,0.0000004765988137
0.5948765711348155,0.0000047664639169,0.0000004765988137
0.5949765839866341,0.0000009517669923,-0.0000033380990772
0.5950765968384527,0.0000047664639169,-0.0000033380990772
0.5951766096902712,0.0000009517669923,0.0000004765988137
0.5952766225420898,0.0000009517669923,-0.0000033380990772
0.5953766353939083,0.0000009517669923,0.0000004765988137
0.5954766482457268,0.0000009517669923,0.0000004765988137
0.5955766610975453,-0.0000028629299322,0.0000004765988137
0.5956766739493639,-0.0000143070201375,0.0000004765988137
0.5957766868011823,-0.0000028629299322,0.0000004765988137
0.5958766996530009,-0.0000104923301478,0.0000004765988137
0.5959767125048195,0.0000009517669923,0.0000004765988137
0.5960767253566380,0.0000009517669923,-0.0000033380990772
0.5961767382084565,0.0000009517669923,0.0000004765988137
0.5962767510602750,-0.0000028629299322,-0.0000033380990772
0.5963767639120936,0.0000009517669923,0.0000042912961362
0.5964767767639121,-0.0000028629299322,-0.0000033380990772
0.5965767896157306,0.0000009517669923,0.0000004765988137
0.5966768024675492,0.0000047664639169,0.0000004765988137
0.5967768153193678,0.0000009517669923,-0.0000033380990772
0.5968768281711863,0.0000009517669923,0.0000004765988137
0.5969768410230047,0.0000085811616373,-0.0000071527961154
0.5970768538748233,0.0000047664639169,-0.0000033380990772
0.5971768667266418,0.0000009517669923,0.0000004765988137
0.5972768795784603,0.0000009517669923,0.0000004765988137
0.5973768924302789,-0.0000104923301478,-0.0000033380990772
0.5974769052820974,0.0000009517669923,0.0000004765988137
0.5975769181339159,-0.0000066776278800,-0.0000033380990772
0.5976769309857345,0.0000009517669923,0.0000004765988137
0.5977769438375531,0.0000047664639169,0.0000042912961362
0.5978769566893716,0.0000009517669923,0.0000004765988137
0.5979769695411901,0.0000009517669923,0.0000004765988137
0.5980769823930087,0.0000009517669923,0.0000004765988137
0.5981769952448271,0.0000009517669923,0.0000004765988137
0.5982770080966456,0.0000009517669923,-0.0000033380990772
0.5983770209484642,0.0000009517669923,0.0000004765988137
0.5984770338002828,0.0000047664639169,-0.0000033380990772
0.5985770466521013,0.0000047664639169,0.0000004765988137
0.5986770595039198,0.0000009517669923,0.0000004765988137
0.5987770723557384,0.0000009517669923,0.0000042912961362
0.5988770852075569,0.0000047664639169,0.0000004765988137
0.5989770980593754,0.0000047664639169,0.0000004765988137
0.5990771109111940,0.0000009517669923,0.0000004765988137
0.5991771237630125,-0.0000028629299322,-0.0000033380990772
0.5992771366148310,0.0000009517669923,0.0000004765988137
0.5993771494666496,0.0000047664639169,0.0000004765988137
0.5994771623184681,0.0000009517669923,0.0000042912961362
0.5995771751702866,0.0000047664639169,0.0000004765988137
0.5996771880221051,0.0000047664639169,-0.0000033380990772
0.5997772008739237,0.0000047664639169,-0.0000033380990772
0.5998772137257422,0.0000047664639169,0.0000004765988137
0.5999772265775607,0.0000047664639169,0.0000004765988137
0.6000772394293792,0.0000047664639169,0.0000004765988137
0.6001772522811978,0.0000047664639169,0.0000004765988137
0.6002772651330164,0.0000047664639169,0.0000004765988137
0.6003772779848349,0.0000009517669923,0.0000004765988137
0.6004772908366535,0.0000047659877964,0.0000004765988137
0.6005773036884720,0.0000047659877964,0.0000004765988137
0.6006773165402904,0.0000085806850620,0.0000004765988137
0.6007773293921089,-0.0000028629299322,-0.0000033380990772
0.6008773422439275,-0.0000028629299322,0.0000004765988137
0.6009773550957460,-0.0000028629299322,0.0000042912961362
0.6010773679475646,0.0000047664639169,0.0000042912961362
0.6011773807993832,0.0000009517669923,0.0000042912961362
0.6012773936512017,0.0000009517669923,0.0000004765988137
0.6013774065030202,0.0000047659877964,0.0000004765988137
0.6014774193548388,0.0000085806850620,0.0000004765988137
0.6015774322066573,0.0000047664639169,0.0000004765988137
0.6016774450584758,0.0000047659877964,0.0000004765988137
0.6017774579102942,0.0000047659877964,0.0000004765988137
0.6018774707621128,0.0000085806850620,0.0000042912961362
0.6019774836139314,0.0000047659877964,0.0000004765988137
0.6020774964657499,0.0000085806850620,0.0000004765988137
0.6021775093175685,0.0000009517669923,0.0000042912961362
0.6022775221693870,0.0000009517669923,0.0000042912961362
0.6023775350212055,-0.0000028629299322,0.0000004765988137
0.6024775478730240,-0.0000028629299322,0.0000042912961362
0.6025775607248426,-0.0000028629299322,0.0000004765988137
0.6026775735766611,0.0000047664639169,0.0000004765988137
0.6027775864284796,0.0000047659877964,0.0000042912961362
0.6028775992802983,0.0000047659877964,-0.0000033380990772
0.6029776121321168,0.0000047659877964,-0.0000033378601074
0.6030776249839352,0.0000085806850620,0.0000042912961362
0.6031776378357537,0.0000009517669923,0.0000004765988137
0.6032776506875723,0.0000009517669923,0.0000004765988137
0.6033776635393908,0.0000047659877964,-0.0000071525578278
0.6034776763912093,0.0000009517669923,0.0000004765988137
0.6035776892430279,0.0000047659877964,0.0000004765988137
0.6036777020948464,0.0000047659877964,0.0000004765988137
0.6037777149466650,0.0000047659877964,0.0000004765988137
0.6038777277984836,0.0000009517669923,0.0000004765988137
0.6039777406503021,0.0000047659877964,-0.0000033378601074
0.6040777535021206,-0.0000066776278800,-0.0000033380990772
0.6041777663539390,-0.0000066776278800,0.0000004765988137
0.6042777792057576,-0.0000028629299322,0.0000042912961362
0.6043777920575761,0.0000047664639169,0.0000004765988137
0.6044778049093946,0.0000009517669923,0.0000042912961362
0.6045778177612133,0.0000047664639169,0.0000004765988137
0.6046778306130318,0.0000009517669923,0.0000004765988137
0.6047778434648503,0.0000009517669923,0.0000004765988137
0.6048778563166688,0.0000009517669923,-0.0000033380990772
0.6049778691684874,0.0000047659877964,0.0000042912961362
0.6050778820203059,0.0000009517669923,0.0000004765988137
0.6051778948721244,0.0000009517669923,0.0000004765988137
0.6052779077239430,0.0000009517669923,0.0000004765988137
0.6053779205757615,0.0000047664639169,-0.0000033380990772
0.6054779334275801,0.0000047664639169,0.0000004765988137
0.6055779462793985,0.0000047664639169,0.0000004765988137
0.6056779591312171,-0.0000028629299322,-0.0000033380990772
0.6057779719830356,-0.0000028629299322,-0.0000033380990772
0.6058779848348541,-0.0000066776278800,-0.0000033380990772
0.6059779976866727,0.0000009517669923,0.0000004765988137
0.6060780105384912,0.0000009517669923,0.0000004765988137
0.6061780233903097,0.0000009517669923,-0.0000033380990772
0.6062780362421282,0.0000009517669923,-0.0000033380990772
0.6063780490939469,0.0000009517669923,0.0000004765988137
0.6064780619457654,0.0000047664639169,0.0000042912961362
0.6065780747975839,-0.0000028629299322,0.0000042912961362
0.6066780876494025,0.0000009517669923,-0.0000033380990772
0.6067781005012209,0.0000009517669923,0.0000004765988137
0.6068781133530394,0.0000009517669923,-0.0000033380990772
0.6069781262048580,-0.0000066757211243,0.0000004765988137
0.6070781390566765,0.0000009517669923,0.0000004765988137
0.6071781519084951,-0.0000028629299322,-0.0000033380990772
0.6072781647603136,0.0000009517669923,0.0000004765988137
0.6073781776121322,-0.0000181217201316,-0.0000033380990772
0.6074781904639507,-0.0000066776278800,-0.0000033380990772
0.6075782033157692,-0.0000104923301478,0.0000042912961362
0.6076782161675878,-0.0000028629299322,0.0000004765988137
0.6077782290194063,0.0000009517669923,0.0000004765988137
0.6078782418712247,0.0000009517669923,0.0000004765988137
0.6079782547230432,-0.0000028629299322,-0.0000033380990772
0.6080782675748619,0.0000047664639169,-0.0000033380990772
0.6081782804266804,0.0000009517669923,0.0000004765988137
0.6082782932784989,-0.0000028629299322,0.0000004765988137
0.6083783061303175,-0.0000028629299322,0.0000004765988137
0.6084783189821360,-0.0000028629299322,0.0000004765988137
0.6085783318339545,0.0000009517669923,0.0000042912961362
0.6086783446857730,-0.0000028629299322,-0.0000033380990772
0.6087783575375916,0.0000009517669923,0.0000004765988137
0.6088783703894101,-0.0000028629299322,-0.0000033380990772
0.6089783832412287,-0.0000104923301478,-0.0000033380990772
0.6090783960930473,-0.0000066776278800,-0.0000033380990772
0.6091784089448657,-0.0000104923301478,-0.0000033380990772
0.6092784217966842,-0.0000028629299322,-0.0000033380990772
0.6093784346485027,0.0000009517669923,0.0000004765988137
0.6094784475003213,0.0000009517669923,-0.0000033380990772
0.6095784603521398,-0.0000028629299322,-0.0000033380990772
0.6096784732039583,-0.0000066776278800,0.0000004765988137
0.6097784860557769,-0.0000028629299322,-0.0000033380990772
0.6098784989075955,-0.0000028629299322,0.0000004765988137
0.6099785117594140,0.0000009517669923,0.0000004765988137
0.6100785246112326,-0.0000028629299322,0.0000042912961362
0.6101785374630511,-0.0000066776278800,0.0000004765988137
0.6102785503148696,0.0000009517669923,-0.0000033380990772
0.6103785631666880,-0.0000028629299322,-0.0000033380990772
0.6104785760185066,0.0000009517669923,0.0000004765988137
0.6105785888703251,-0.0000028629299322,0.0000004765988137
0.6106786017221437,0.0000009517669923,0.0000004765988137
0.6107786145739623,-0.0000066776278800,0.0000004765988137
0.6108786274257808,-0.0000219364192162,0.0000004765988137
0.6109786402775993,-0.0000066776278800,0.0000004765988137
0.6110786531294178,-0.0000066776278800,0.0000004765988137
0.6111786659812364,0.0000009517669923,0.0000042912961362
0.6112786788330549,-0.0000066776278800,0.0000042912961362
0.6113786916848734,-0.0000066776278800,-0.0000033380990772
0.6114787045366920,-0.0000028629299322,-0.0000033380990772
0.6115787173885106,0.0000009517669923,-0.0000033380990772
0.6116787302403290,0.0000009517669923,-0.0000033380990772
0.6117787430921475,0.0000009517669923,0.0000004765988137
0.6118787559439661,-0.0000028629299322,-0.0000033380990772
0.6119787687957846,-0.0000066776278800,0.0000042912961362
0.6120787816476031,-0.0000028629299322,0.0000042912961362
0.6121787944994217,-0.0000028629299322,-0.0000033380990772
0.6122788073512402,-0.0000066776278800,0.0000004765988137
0.6123788202030587,-0.0000104923301478,0.0000004765988137
0.6124788330548774,-0.0000104923301478,0.0000004765988137
0.6125788459066959,-0.0000066776278800,0.0000004765988137
0.6126788587585144,-0.0000066776278800,0.0000004765988137
0.6127788716103328,-0.0000028629299322,0.0000004765988137
0.6128788844621514,-0.0000028629299322,0.0000004765988137
0.6129788973139699,-0.0000028629299322,0.0000004765988137
0.6130789101657884,-0.0000066776278800,0.0000042912961362
0.6131789230176070,-0.0000028629299322,-0.0000033380990772
0.6132789358694256,-0.0000028629299322,0.0000004765988137
0.6133789487212441,0.0000009517669923,0.0000004765988137
0.6134789615730626,-0.0000028629299322,0.0000042912961362
0.6135789744248812,-0.0000028629299322,-0.0000033380990772
0.6136789872766997,-0.0000028629299322,-0.0000033380990772
0.6137790001285182,-0.0000028629299322,0.0000004765988137
0.6138790129803368,0.0000009517669923,-0.0000033380990772
0.6139790258321552,-0.0000028629299322,0.0000004765988137
0.6140790386839737,-0.0000066776278800,0.0000004765988137
0.6141790515357923,-0.0000104923301478,0.0000004765988137
0.6142790643876109,-0.0000104923301478,-0.0000071527961154
0.6143790772394294,-0.0000028629299322,0.0000004765988137
0.6144790900912479,-0.0000066776278800,0.0000004765988137
0.6145791029430665,-0.0000028629299322,0.0000004765988137
0.6146791157948850,-0.0000028629299322,0.0000004765988137
0.6147791286467035,-0.0000028629299322,0.0000004765988137
0.6148791414985220,-0.0000028629299322,0.0000042912961362
0.6149791543503406,-0.0000028629299322,0.0000004765988137
0.6150791672021592,-0.0000028629299322,0.0000004765988137
0.6151791800539776,-0.0000028629299322,0.0000004765988137
0.6152791929057962,-0.0000028629299322,-0.0000033380990772
0.6153792057576147,0.0000009517669923,0.0000004765988137
0.6154792186094332,0.0000009517669923,-0.0000033380990772
0.6155792314612518,0.0000009517669923,-0.0000033380990772
0.6156792443130703,-0.0000104923301478,-0.0000033380990772
0.6157792571648888,-0.0000028629299322,-0.0000033380990772
0.6158792700167074,-0.0000104923301478,0.0000004765988137
0.6159792828685260,0.0000009517669923,0.0000004765988137
0.6160792957203445,-0.0000028629299322,0.0000004765988137
0.6161793085721630,-0.0000028629299322,0.0000004765988137
0.6162793214239816,-0.0000028629299322,0.0000004765988137
0.6163793342758001,-0.0000028629299322,0.0000004765988137
0.6164793471276185,0.0000047664639169,0.0000004765988137
0.6165793599794370,0.0000009517669923,0.0000004765988137
0.6166793728312556,-0.0000028629299322,0.0000042912961362
0.6167793856830742,0.0000009517669923,0.0000004765988137
0.6168793985348927,0.0000009517669923,-0.0000033380990772
0.6169794113867113,0.0000009517669923,0.0000004765988137
0.6170794242385298,0.0000047664639169,0.0000004765988137
0.6171794370903483,0.0000047664639169,-0.0000033380990772
0.6172794499421668,0.0000009517669923,0.0000004765988137
0.6173794627939854,-0.0000143070201375,-0.0000071527961154
0.6174794756458039,-0.0000028629299322,0.0000042912961362
0.6175794884976223,-0.0000066776278800,0.0000004765988137
0.6176795013494411,-0.0000066776278800,-0.0000033380990772
0.6177795142012595,-0.0000028629299322,0.0000004765988137
0.6178795270530780,-0.0000028629299322,-0.0000033380990772
0.6179795399048966,-0.0000028629299322,0.0000042912961362
0.6180795527567151,0.0000047664639169,0.0000004765988137
0.6181795656085336,0.0000009517669923,0.0000004765988137
0.6182795784603521,0.0000009517669923,-0.0000033380990772
0.6183795913121707,0.0000009517669923,0.0000004765988137
0.6184796041639892,0.0000047664639169,0.0000042912961362
0.6185796170158078,0.0000047664639169,-0.0000033380990772
0.6186796298676264,0.0000009517669923,-0.0000033380990772
0.6187796427194449,0.0000009517669923,0.0000042912961362
0.6188796555712633,0.0000047664639169,0.0000004765988137
0.6189796684230818,0.0000009517669923,-0.0000033380990772
0.6190796812749004,-0.0000028629299322,0.0000004765988137
0.6191796941267189,-0.0000066776278800,0.0000004765988137
0.6192797069785374,0.0000009517669923,0.0000042912961362
0.6193797198303561,0.0000009517669923,0.0000042912961362
0.6194797326821746,0.0000047664639169,0.0000004765988137
0.6195797455339931,0.0000047664639169,0.0000042912961362
0.6196797583858116,0.0000047659877964,0.0000004765988137
0.6197797712376302,-0.0000028629299322,-0.0000033380990772
0.6198797840894487,0.0000047664639169,0.0000004765988137
0.6199797969412671,0.0000047664639169,0.0000004765988137
0.6200798097930857,0.0000009517669923,0.0000004765988137
0.6201798226449042,0.0000047664639169,0.0000004765988137
0.6202798354967228,0.0000085806850620,0.0000004765988137
0.6203798483485413,0.0000047659877964,0.0000042912961362
0.6204798612003599,0.0000047664639169,0.0000004765988137
0.6205798740521784,0.0000047664639169,0.0000004765988137
0.6206798869039969,0.0000047664639169,-0.0000033380990772
0.6207798997558155,-0.0000066776278800,0.0000042912961362
0.6208799126076340,0.0000009517669923,0.0000042912961362
0.6209799254594525,-0.0000066776278800,0.0000004765988137
0.6210799383112711,0.0000009517669923,-0.0000033380990772
0.6211799511630897,0.0000009517669923,0.0000042912961362
0.6212799640149081,0.0000047664639169,0.0000004765988137
0.6213799768667266,0.0000085806850620,0.0000004765988137
0.6214799897185452,0.0000009517669923,0.0000004765988137
0.6215800025703637,0.0000009517669923,0.0000004765988137
0.6216800154221822,0.0000009517669923,0.0000004765988137
0.6217800282740008,0.0000009517669923,0.0000004765988137
0.6218800411258193,0.0000009517669923,0.0000042912961362
0.6219800539776379,0.0000009517669923,0.0000042912961362
0.6220800668294564,0.0000047664639169,-0.0000033380990772
0.6221800796812750,0.0000009517669923,0.0000004765988137
0.6222800925330935,0.0000047664639169,0.0000042912961362
0.6223801053849120,-0.0000028629299322,0.0000004765988137
0.6224801182367306,-0.0000104923301478,0.0000004765988137
0.6225801310885490,-0.0000028629299322,-0.0000033380990772
0.6226801439403675,-0.0000028629299322,0.0000042912961362
0.6227801567921860,0.0000009517669923,0.0000042912961362
0.6228801696440047,0.0000009517669923,0.0000004765988137
0.6229801824958232,0.0000047664639169,0.0000004765988137
0.6230801953476417,0.0000047659877964,-0.0000033378601074
0.6231802081994603,-0.0000028629299322,0.0000004765988137
0.6232802210512788,0.0000047664639169,0.0000004765988137
0.6233802339030973,0.0000047664639169,0.0000004765988137
0.6234802467549158,0.0000009517669923,0.0000004765988137
0.6235802596067344,0.0000009517669923,0.0000004765988137
0.6236802724585528,-0.0000028629299322,0.0000004765988137
0.6237802853103714,0.0000009517669923,0.0000042912961362
0.6238802981621900,0.0000009517669923,-0.0000033380990772
0.6239803110140085,0.0000047659877964,-0.0000033380990772
0.6240803238658270,-0.0000066776278800,-0.0000033380990772
0.6241803367176456,-0.0000028629299322,0.0000004765988137
0.6242803495694641,-0.0000066776278800,0.0000004765988137
0.6243803624212826,-0.0000028629299322,0.0000004765988137
0.6244803752731011,0.0000009517669923,0.0000004765988137
0.6245803881249198,-0.0000028629299322,-0.0000033380990772
0.6246804009767383,-0.0000028629299322,0.0000004765988137
0.6247804138285568,0.0000009517669923,0.0000004765988137
0.6248804266803754,-0.0000028629299322,0.0000004765988137
0.6249804395321938,0.0000009517669923,0.0000004765988137
0.6250804523840123,0.0000009517669923,0.0000004765988137
0.6251804652358308,0.0000009517669923,0.0000004765988137
0.6252804780876494,-0.0000066757211243,0.0000004765988137
0.6253804909394679,0.0000009517669923,0.0000042912961362
0.6254805037912865,0.0000009517669923,0.0000004765988137
0.6255805166431051,-0.0000028629299322,0.0000004765988137
0.6256805294949236,-0.0000066776278800,-0.0000033380990772
0.6257805423467421,-0.0000028629299322,0.0000004765988137
0.6258805551985606,-0.0000104923301478,-0.0000033380990772
0.6259805680503792,-0.0000028629299322,0.0000004765988137
0.6260805809021976,0.0000047664639169,0.0000004765988137
0.6261805937540161,0.0000009517669923,-0.0000033380990772
0.6262806066058347,-0.0000028629299322,0.0000004765988137
0.6263806194576533,-0.0000028629299322,0.0000004765988137
0.6264806323094718,-0.0000028629299322,0.0000004765988137
0.6265806451612904,0.0000009517669923,-0.0000033380990772
0.6266806580131089,0.0000009517669923,-0.0000033380990772
0.6267806708649274,-0.0000028629299322,-0.0000033380990772
0.6268806837167459,-0.0000028629299322,-0.0000033380990772
0.6269806965685645,-0.0000028629299322,0.0000004765988137
0.6270807094203830,0.0000047664639169,0.0000042912961362
0.6271807222722015,-0.0000028629299322,-0.0000033380990772
0.6272807351240202,-0.0000028629299322,0.0000004765988137
0.6273807479758386,-0.0000181217201316,-0.0000071527961154
0.6274807608276571,-0.0000104923301478,0.0000004765988137
0.6275807736794756,-0.0000143070201375,-0.0000033380990772
0.6276807865312942,-0.0000028629299322,-0.0000033380990772
0.6277807993831127,0.0000009517669923,0.0000004765988137
0.6278808122349312,-0.0000028629299322,0.0000042912961362
0.6279808250867498,-0.0000028629299322,0.0000004765988137
0.6280808379385684,0.0000009517669923,0.0000004765988137
0.6281808507903869,0.0000009517669923,0.0000004765988137
0.6282808636422054,-0.0000028629299322,0.0000004765988137
0.6283808764940240,0.0000009517669923,0.0000004765988137
0.6284808893458425,0.0000009517669923,0.0000042912961362
0.6285809021976609,0.0000009517669923,0.0000004765988137
0.6286809150494795,-0.0000028629299322,-0.0000033380990772
0.6287809279012980,0.0000009517669923,-0.0000033380990772
0.6288809407531165,0.0000009517669923,0.0000004765988137
0.6289809536049351,-0.0000104923301478,0.0000042912961362
0.6290809664567537,-0.0000066776278800,0.0000004765988137
0.6291809793085722,-0.0000104923301478,0.0000004765988137
0.6292809921603907,-0.0000066776278800,0.0000004765988137
0.6293810050122093,-0.0000028629299322,0.0000004765988137
0.6294810178640278,-0.0000066776278800,0.0000004765988137
0.6295810307158463,0.0000009517669923,0.0000004765988137
0.6296810435676649,-0.0000066776278800,0.0000004765988137
0.6297810564194833,-0.0000028629299322,0.0000042912961362
0.6298810692713019,-0.0000028629299322,0.0000004765988137
0.6299810821231204,-0.0000028629299322,-0.0000033380990772
0.6300810949749390,-0.0000028629299322,0.0000042912961362
0.6301811078267575,-0.0000028629299322,0.0000004765988137
0.6302811206785760,-0.0000028629299322,0.0000004765988137
0.6303811335303946,-0.0000028629299322,0.0000042912961362
0.6304811463822131,-0.0000028629299322,0.0000004765988137
0.6305811592340316,-0.0000028629299322,-0.0000033380990772
0.6306811720858502,-0.0000028629299322,0.0000004765988137
0.6307811849376688,-0.0000104923301478,-0.0000033380990772
0.6308811977894873,-0.0000219364192162,-0.0000033380990772
0.6309812106413057,-0.0000066776278800,0.0000004765988137
0.6310812234931243,-0.0000028629299322,-0.0000033380990772
0.6311812363449428,-0.0000028629299322,0.0000004765988137
0.6312812491967613,-0.0000028629299322,-0.0000033380990772
0.6313812620485798,-0.0000028629299322,0.0000004765988137
0.6314812749003984,-0.0000066776278800,0.0000004765988137
0.6315812877522170,-0.0000066776278800,0.0000004765988137
0.6316813006040355,-0.0000066776278800,0.0000004765988137
0.6317813134558541,-0.0000028629299322,-0.0000033380990772
0.6318813263076726,0.0000009517669923,0.0000004765988137
0.6319813391594911,0.0000009517669923,-0.0000033380990772
0.6320813520113095,-0.0000028629299322,-0.0000071527961154
0.6321813648631281,-0.0000028629299322,0.0000004765988137
0.6322813777149466,-0.0000028629299322,-0.0000033380990772
0.6323813905667651,-0.0000104923301478,-0.0000033380990772
0.6324814034185838,-0.0000143070201375,0.0000004765988137
0.6325814162704023,-0.0000066776278800,0.0000004765988137
0.6326814291222208,-0.0000066776278800,0.0000004765988137
0.6327814419740394,-0.0000028629299322,-0.0000033380990772
0.6328814548258579,-0.0000066776278800,0.0000004765988137
0.6329814676776764,0.0000009517669923,0.0000004765988137
0.6330814805294949,-0.0000028629299322,0.0000042912961362
0.6331814933813135,-0.0000028629299322,0.0000042912961362
0.6332815062331320,-0.0000028629299322,-0.0000033380990772
0.6333815190849506,0.0000009517669923,0.0000004765988137
0.6334815319367691,-0.0000028629299322,0.0000004765988137
0.6335815447885876,-0.0000028629299322,-0.0000033380990772
0.6336815576404061,-0.0000066776278800,-0.0000033380990772
0.6337815704922246,-0.0000028629299322,-0.0000033380990772
0.6338815833440432,-0.0000028629299322,0.0000004765988137
0.6339815961958617,-0.0000028629299322,0.0000004765988137
0.6340816090476802,-0.0000104923301478,0.0000042912961362
0.6341816218994989,-0.0000066776278800,0.0000042912961362
0.6342816347513174,-0.0000066776278800,0.0000004765988137
0.6343816476031359,-0.0000066776278800,-0.0000033380990772
0.6344816604549544,-0.0000028629299322,-0.0000033380990772
0.6345816733067730,-0.0000028629299322,0.0000004765988137
0.6346816861585914,-0.0000028629299322,-0.0000071527961154
0.6347816990104099,-0.0000028629299322,0.0000004765988137
0.6348817118622285,-0.0000028629299322,-0.0000033380990772
0.6349817247140470,-0.0000028629299322,-0.0000033380990772
0.6350817375658656,-0.0000028629299322,0.0000004765988137
0.6351817504176842,-0.0000066776278800,0.0000004765988137
0.6352817632695027,0.0000009517669923,-0.0000033380990772
0.6353817761213212,-0.0000028629299322,-0.0000071527961154
0.6354817889731397,-0.0000028629299322,0.0000004765988137
0.6355818018249583,-0.0000028629299322,-0.0000033380990772
0.6356818146767768,-0.0000143070201375,-0.0000033380990772
0.6357818275285952,-0.0000028629299322,0.0000004765988137
0.6358818403804138,-0.0000104923301478,0.0000042912961362
0.6359818532322324,-0.0000028629299322,0.0000042912961362
0.6360818660840509,0.0000009517669923,0.0000004765988137
0.6361818789358694,-0.0000028629299322,0.0000004765988137
0.6362818917876880,-0.0000028629299322,0.0000004765988137
0.6363819046395065,0.0000009517669923,0.0000004765988137
0.6364819174913250,0.0000009517669923,0.0000004765988137
0.6365819303431436,-0.0000028629299322,0.0000004765988137
0.6366819431949621,0.0000009517669923,0.0000004765988137
0.6367819560467807,0.0000047664639169,-0.0000033380990772
0.6368819688985992,-0.0000028629299322,0.0000004765988137
0.6369819817504178,0.0000009517669923,0.0000004765988137
0.6370819946022362,-0.0000028629299322,-0.0000033380990772
0.6371820074540547,-0.0000028629299322,0.0000004765988137
0.6372820203058733,-0.0000028629299322,0.0000004765988137
0.6373820331576918,-0.0000104923301478,0.0000004765988137
0.6374820460095103,-0.0000028629299322,0.0000004765988137
0.6375820588613288,-0.0000143070201375,0.0000004765988137
0.6376820717131475,-0.0000028629299322,-0.0000033380990772
0.6377820845649660,-0.0000028629299322,-0.0000033380990772
0.6378820974167845,-0.0000028629299322,0.0000004765988137
0.6379821102686031,-0.0000028629299322,-0.0000033380990772
0.6380821231204216,0.0000009517669923,0.0000004765988137
0.6381821359722400,0.0000009517669923,0.0000004765988137
0.6382821488240586,0.0000009517669923,0.0000004765988137
0.6383821616758771,0.0000009517669923,0.0000004765988137
0.6384821745276956,0.0000047664639169,0.0000004765988137
0.6385821873795142,-0.0000028629299322,0.0000004765988137
0.6386822002313328,0.0000009517669923,-0.0000033380990772
0.6387822130831513,0.0000009517669923,0.0000042912961362
0.6388822259349698,0.0000009517669923,-0.0000033380990772
0.6389822387867884,0.0000009517669923,-0.0000033380990772
0.6390822516386069,-0.0000028629299322,0.0000004765988137
0.6391822644904254,-0.0000104923301478,0.0000004765988137
0.6392822773422439,0.0000009517669923,-0.0000033380990772
0.6393822901940626,-0.0000028629299322,0.0000004765988137
0.6394823030458811,0.0000009517669923,0.0000004765988137
0.6395823158976995,0.0000009517669923,0.0000004765988137
0.6396823287495181,0.0000009517669923,-0.0000033380990772
0.6397823416013366,0.0000047664639169,0.0000004765988137
0.6398823544531551,0.0000009517669923,-0.0000033380990772
0.6399823673049736,0.0000047664639169,0.0000004765988137
0.6400823801567922,0.0000009517669923,-0.0000033380990772
0.6401823930086107,0.0000009517669923,-0.0000033380990772
0.6402824058604293,-0.0000028629299322,0.0000004765988137
0.6403824187122479,0.0000009517669923,-0.0000033380990772
0.6404824315640664,0.0000047664639169,0.0000004765988137
0.6405824444158849,0.0000047664639169,0.0000004765988137
0.6406824572677035,0.0000047659877964,0.0000004765988137
0.6407824701195219,-0.0000028629299322,0.0000004765988137
0.6408824829713404,-0.0000181217201316,-0.0000033380990772
0.6409824958231589,-0.0000028629299322,-0.0000033380990772
0.6410825086749775,-0.0000028629299322,0.0000004765988137
0.6411825215267961,0.0000047664639169,0.0000004765988137
0.6412825343786146,0.0000009517669923,0.0000004765988137
0.6413825472304332,0.0000047664639169,0.0000004765988137
0.6414825600822517,0.0000009517669923,-0.0000033380990772
0.6415825729340702,0.0000009517669923,-0.0000033378601074
0.6416825857858887,0.0000009517669923,-0.0000033380990772
0.6417825986377073,0.0000009517669923,-0.0000033380990772
0.6418826114895257,0.0000047659877964,0.0000042912961362
0.6419826243413442,0.0000009517669923,-0.0000033380990772
0.6420826371931629,0.0000009517669923,0.0000004765988137
0.6421826500449814,0.0000009517669923,0.0000004765988137
0.6422826628967999,0.0000009517669923,0.0000004765988137
0.6423826757486184,0.0000009517669923,0.0000004765988137
0.6424826886004370,-0.0000066776278800,0.0000004765988137
0.6425827014522555,-0.0000028629299322,0.0000004765988137
0.6426827143040740,0.0000009517669923,0.0000004765988137
0.6427827271558926,0.0000009517669923,-0.0000033380990772
0.6428827400077112,-0.0000028629299322,0.0000004765988137
0.6429827528595297,0.0000009517669923,0.0000004765988137
0.6430827657113481,0.0000009517669923,0.0000004765988137
0.6431827785631667,-0.0000028629299322,0.0000004765988137
0.6432827914149852,0.0000047664639169,-0.0000033380990772
0.6433828042668037,0.0000047664639169,0.0000004765988137
0.6434828171186223,0.0000047664639169,0.0000042912961362
0.6435828299704408,-0.0000028629299322,0.0000004765988137
0.6436828428222593,0.0000009517669923,0.0000004765988137
0.6437828556740780,0.0000047664639169,0.0000004765988137
0.6438828685258965,0.0000009517669923,0.0000004765988137
0.6439828813777150,0.0000009517669923,0.0000004765988137
0.6440828942295335,-0.0000066776278800,0.0000004765988137
0.6441829070813521,-0.0000028629299322,-0.0000033380990772
0.6442829199331706,-0.0000066776278800,-0.0000033380990772
0.6443829327849890,0.0000009517669923,0.0000004765988137
0.6444829456368076,0.0000009517669923,0.0000042912961362
0.6445829584886261,0.0000009517669923,-0.0000033380990772
0.6446829713404447,0.0000009517669923,-0.0000033380990772
0.6447829841922632,0.0000009517669923,-0.0000033380990772
0.6448829970440818,0.0000047664639169,0.0000004765988137
0.6449830098959003,0.0000009517669923,0.0000004765988137
0.6450830227477188,-0.0000028629299322,0.0000004765988137
0.6451830355995374,-0.0000028629299322,-0.0000033380990772
0.6452830484513559,-0.0000028629299322,0.0000004765988137
0.6453830613031744,0.0000047664639169,0.0000004765988137
0.6454830741549930,0.0000009517669923,0.0000004765988137
0.6455830870068116,-0.0000028629299322,0.0000042912961362
0.6456830998586300,-0.0000028629299322,0.0000042912961362
0.6457831127104485,-0.0000104923301478,0.0000004765988137
0.6458831255622671,-0.0000028629299322,0.0000004765988137
0.6459831384140856,-0.0000028629299322,0.0000004765988137
0.6460831512659041,-0.0000028629299322,0.0000004765988137
0.6461831641177226,-0.0000028629299322,0.0000004765988137
0.6462831769695412,-0.0000028629299322,0.0000004765988137
0.6463831898213598,-0.0000028629299322,0.0000004765988137
0.6464832026731783,0.0000009517669923,0.0000004765988137
0.6465832155249969,-0.0000028629299322,0.0000042912961362
0.6466832283768154,-0.0000028629299322,0.0000004765988137
0.6467832412286338,-0.0000028629299322,0.0000004765988137
0.6468832540804524,0.0000009517669923,0.0000004765988137
0.6469832669322709,0.0000009517669923,0.0000004765988137
0.6470832797840894,0.0000009517669923,-0.0000033380990772
0.6471832926359079,-0.0000028629299322,0.0000042912961362
0.6472833054877266,-0.0000066776278800,-0.0000033380990772
0.6473833183395451,-0.0000104923301478,-0.0000033380990772
0.6474833311913636,-0.0000028629299322,0.0000004765988137
0.6475833440431822,-0.0000143070201375,0.0000004765988137
0.6476833568950007,-0.0000028629299322,0.0000004765988137
0.6477833697468192,-0.0000028629299322,0.0000004765988137
0.6478833825986376,0.0000009517669923,-0.0000071527961154
0.6479833954504562,0.0000047664639169,0.0000004765988137
0.6480834083022747,-0.0000028629299322,0.0000004765988137
0.6481834211540933,-0.0000028629299322,-0.0000033380990772
0.6482834340059119,0.0000047664639169,-0.0000071527961154
0.6483834468577304,-0.0000028629299322,0.0000004765988137
0.6484834597095489,-0.0000028629299322,0.0000004765988137
0.6485834725613674,-0.0000028629299322,0.0000004765988137
0.6486834854131860,0.0000009517669923,-0.0000033380990772
0.6487834982650045,0.0000009517669923,0.0000004765988137
0.6488835111168230,-0.0000028629299322,0.0000004765988137
0.6489835239686417,-0.0000143070201375,0.0000004765988137
0.6490835368204602,0.0000009517669923,-0.0000033380990772
0.6491835496722786,-0.0000104923301478,0.0000004765988137
0.6492835625240972,-0.0000066776278800,0.0000004765988137
0.6493835753759157,-0.0000028629299322,-0.0000033380990772
0.6494835882277342,-0.0000066776278800,0.0000004765988137
0.6495836010795527,-0.0000028629299322,0.0000004765988137
0.6496836139313713,-0.0000066776278800,0.0000004765988137
0.6497836267831898,0.0000009517669923,0.0000004765988137
0.6498836396350084,-0.0000066776278800,-0.0000033380990772
0.6499836524868270,-0.0000028629299322,0.0000004765988137
0.6500836653386455,-0.0000028629299322,0.0000004765988137
0.6501836781904640,0.0000009517669923,0.0000042912961362
0.6502836910422825,-0.0000028629299322,-0.0000033380990772
0.6503837038941011,0.0000009517669923,-0.0000033380990772
0.6504837167459195,0.0000009517669923,-0.0000033380990772
0.6505837295977380,-0.0000028629299322,0.0000004765988137
0.6506837424495566,-0.0000028629299322,0.0000004765988137
0.6507837553013752,-0.0000104923301478,0.0000004765988137
0.6508837681531937,-0.0000143070201375,0.0000004765988137
0.6509837810050122,-0.0000066776278800,0.0000004765988137
0.6510837938568308,-0.0000066776278800,0.0000004765988137
0.6511838067086493,-0.0000028629299322,0.0000042912961362
0.6512838195604678,-0.0000066776278800,-0.0000071527961154
0.6513838324122864,-0.0000028629299322,-0.0000033380990772
0.6514838452641049,-0.0000028629299322,-0.0000033380990772
0.6515838581159235,-0.0000028629299322,0.0000004765988137
0.6516838709677419,-0.0000028629299322,0.0000042912961362
0.6517838838195605,-0.0000028629299322,-0.0000033380990772
0.6518838966713790,-0.0000028629299322,-0.0000033380990772
0.6519839095231975,-0.0000028629299322,0.0000004765988137
0.6520839223750161,-0.0000028629299322,0.0000004765988137
0.6521839352268346,-0.0000028629299322,0.0000004765988137
0.6522839480786531,-0.0000028629299322,0.0000004765988137
0.6523839609304717,-0.0000066776278800,-0.0000033380990772
0.6524839737822903,-0.0000143070201375,0.0000004765988137
0.6525839866341088,-0.0000028629299322,-0.0000033380990772
0.6526839994859273,0.0000009517669923,0.0000004765988137
0.6527840123377459,-0.0000028629299322,0.0000004765988137
0.6528840251895643,-0.0000028629299322,0.0000004765988137
0.6529840380413828,-0.0000028629299322,0.0000004765988137
0.6530840508932014,-0.0000028629299322,0.0000004765988137
0.6531840637450199,-0.0000028629299322,0.0000004765988137
0.6532840765968384,-0.0000028629299322,-0.0000033380990772
0.6533840894486570,-0.0000028629299322,0.0000004765988137
0.6534841023004756,-0.0000028629299322,0.0000004765988137
0.6535841151522941,-0.0000028629299322,0.0000004765988137
0.6536841280041126,0.0000009517669923,0.0000042912961362
0.6537841408559312,-0.0000028629299322,0.0000004765988137
0.6538841537077497,-0.0000028629299322,0.0000004765988137
0.6539841665595681,0.0000009517669923,0.0000004765988137
0.6540841794113866,-0.0000104923301478,0.0000004765988137
0.6541841922632053,-0.0000143070201375,-0.0000033380990772
0.6542842051150238,-0.0000104923301478,0.0000004765988137
0.6543842179668423,-0.0000028629299322,0.0000004765988137
0.6544842308186609,0.0000009517669923,-0.0000033380990772
0.6545842436704794,-0.0000028629299322,0.0000004765988137
0.6546842565222979,-0.0000028629299322,-0.0000033380990772
0.6547842693741164,-0.0000028629299322,0.0000004765988137
0.6548842822259350,-0.0000028629299322,0.0000004765988137
0.6549842950777535,0.0000009517669923,0.0000004765988137
0.6550843079295721,0.0000009517669923,0.0000004765988137
0.6551843207813907,-0.0000028629299322,-0.0000033380990772
0.6552843336332091,-0.0000028629299322,-0.0000033380990772
0.6553843464850276,-0.0000028629299322,0.0000004765988137
0.6554843593368462,-0.0000028629299322,0.0000004765988137
0.6555843721886647,-0.0000028629299322,-0.0000033380990772
0.6556843850404832,-0.0000104923301478,0.0000004765988137
0.6557843978923017,-0.0000066776278800,0.0000004765988137
0.6558844107441203,-0.0000104923301478,0.0000004765988137
0.6559844235959389,-0.0000028629299322,0.0000004765988137
0.6560844364477574,-0.0000028629299322,-0.0000033380990772
0.6561844492995760,0.0000009517669923,-0.0000033380990772
0.6562844621513945,0.0000009517669923,-0.0000033380990772
0.6563844750032130,0.0000009517669923,0.0000004765988137
0.6564844878550314,0.0000009517669923,0.0000004765988137
0.6565845007068500,0.0000009517669923,0.0000042912961362
0.6566845135586685,0.0000009517669923,0.0000042912961362
0.6567845264104870,0.0000009517669923,0.0000042912961362
0.6568845392623057,-0.0000028629299322,0.0000042912961362
0.6569845521141242,-0.0000028629299322,-0.0000033380990772
0.6570845649659427,0.0000047664639169,0.0000004765988137
0.6571845778177612,0.0000009517669923,-0.0000033380990772
0.6572845906695798,0.0000009517669923,-0.0000033380990772
0.6573846035213983,-0.0000104923301478,0.0000004765988137
0.6574846163732168,-0.0000066776278800,0.0000004765988137
0.6575846292250354,-0.0000104923301478,-0.0000033380990772
0.6576846420768540,-0.0000028629299322,-0.0000033380990772
0.6577846549286724,0.0000009517669923,0.0000004765988137
0.6578846677804910,-0.0000028629299322,0.0000004765988137
0.6579846806323095,0.0000009517669923,0.0000004765988137
0.6580846934841280,-0.0000028629299322,-0.0000033380990772
0.6581847063359465,-0.0000028629299322,-0.0000033380990772
0.6582847191877651,0.0000047664639169,0.0000004765988137
0.6583847320395836,-0.0000028629299322,-0.0000033380990772
0.6584847448914021,-0.0000028629299322,-0.0000033380990772
0.6585847577432208,0.0000009517669923,-0.0000033380990772
0.6586847705950393,0.0000009517669923,0.0000042912961362
0.6587847834468578,0.0000009517669923,-0.0000033380990772
0.6588847962986762,0.0000009517669923,0.0000042912961362
0.6589848091504948,0.0000009517669923,0.0000004765988137
0.6590848220023133,-0.0000066776278800,0.0000004765988137
0.6591848348541318,-0.0000066776278800,0.0000004765988137
0.6592848477059504,0.0000009517669923,0.0000004765988137
0.6593848605577689,0.0000047664639169,-0.0000033380990772
0.6594848734095875,0.0000047664639169,0.0000042912961362
0.6595848862614060,0.0000047664639169,0.0000004765988137
0.6596848991132246,0.0000047664639169,0.0000004765988137
0.6597849119650431,0.0000009517669923,0.0000004765988137
0.6598849248168616,0.0000009517669923,-0.0000033378601074
0.6599849376686802,-0.0000028629299322,-0.0000033380990772
0.6600849505204986,0.0000009517669923,0.0000004765988137
0.6601849633723171,0.0000009517669923,0.0000042912961362
0.6602849762241358,0.0000047664639169,0.0000004765988137
0.6603849890759543,0.0000009517669923,0.0000004765988137
0.6604850019277728,0.0000009517669923,-0.0000033380990772
0.6605850147795913,0.0000047664639169,-0.0000033380990772
0.6606850276314099,0.0000047664639169,0.0000004765988137
0.6607850404832284,-0.0000066776278800,0.0000004765988137
0.6608850533350469,-0.0000066776278800,-0.0000033380990772
0.6609850661868655,-0.0000028629299322,0.0000004765988137
0.6610850790386840,0.0000009517669923,-0.0000033380990772
0.6611850918905026,0.0000009517669923,0.0000004765988137
0.6612851047423211,0.0000047664639169,0.0000042912961362
0.6613851175941396,0.0000009517669923,0.0000004765988137
0.6614851304459581,0.0000047664639169,0.0000004765988137
0.6615851432977766,0.0000009517669923,0.0000004765988137
0.6616851561495952,-0.0000028629299322,0.0000004765988137
0.6617851690014137,-0.0000028629299322,-0.0000033380990772
0.6618851818532322,0.0000009517669923,-0.0000033380990772
0.6619851947050507,0.0000047664639169,0.0000004765988137
0.6620852075568694,0.0000009517669923,0.0000004765988137
0.6621852204086879,0.0000009517669923,0.0000004765988137
0.6622852332605064,0.0000009517669923,-0.0000033380990772
0.6623852461123250,-0.0000028629299322,0.0000042912961362
0.6624852589641435,-0.0000028629299322,0.0000004765988137
0.6625852718159619,-0.0000066776278800,0.0000004765988137
0.6626852846677804,0.0000009517669923,0.0000004765988137
0.6627852975195990,0.0000009517669923,0.0000004765988137
0.6628853103714175,0.0000047664639169,0.0000042912961362
0.6629853232232361,0.0000047664639169,0.0000004765988137
0.6630853360750547,0.0000047664639169,-0.0000033378601074
0.6631853489268732,0.0000047664639169,0.0000004765988137
0.6632853617786917,-0.0000028629299322,-0.0000033380990772
0.6633853746305103,0.0000047664639169,0.0000004765988137
0.6634853874823288,0.0000009517669923,0.0000004765988137
0.6635854003341473,-0.0000028629299322,-0.0000033380990772
0.6636854131859657,0.0000009517669923,0.0000004765988137
0.6637854260377845,0.0000009517669923,-0.0000033380990772
0.6638854388896029,0.0000009517669923,-0.0000033380990772
0.6639854517414214,0.0000047659877964,0.0000004765988137
0.6640854645932400,-0.0000028629299322,0.0000004765988137
0.6641854774450585,-0.0000104923301478,-0.0000033380990772
0.6642854902968770,-0.0000066776278800,-0.0000033380990772
0.6643855031486955,0.0000009517669923,0.0000004765988137
0.6644855160005141,0.0000047664639169,-0.0000033380990772
0.6645855288523326,0.0000009517669923,-0.0000033380990772
0.6646855417041512,0.0000009517669923,0.0000004765988137
0.6647855545559698,0.0000009517669923,0.0000004765988137
0.6648855674077883,0.0000009517669923,0.0000042912961362
0.6649855802596067,0.0000009517669923,-0.0000033380990772
0.6650855931114252,0.0000009517669923,-0.0000033380990772
0.6651856059632438,0.0000009517669923,-0.0000033380990772
0.6652856188150623,0.0000047664639169,-0.0000033380990772
0.6653856316668808,-0.0000028629299322,0.0000004765988137
0.6654856445186994,0.0000009517669923,0.0000004765988137
0.6655856573705180,0.0000009517669923,-0.0000033380990772
0.6656856702223365,-0.0000104923301478,-0.0000033380990772
0.6657856830741550,-0.0000028629299322,-0.0000033380990772
0.6658856959259736,-0.0000028629299322,-0.0000033380990772
0.6659857087777921,-0.0000028629299322,0.0000004765988137
0.6660857216296105,-0.0000028629299322,0.0000004765988137
0.6661857344814291,0.0000009517669923,-0.0000033380990772
0.6662857473332476,-0.0000028629299322,-0.0000033380990772
0.6663857601850662,0.0000009517669923,0.0000004765988137
0.6664857730368848,0.0000009517669923,0.0000042912961362
0.6665857858887033,0.0000047664639169,0.0000004765988137
0.6666857987405218,0.0000009517669923,0.0000004765988137
0.6667858115923403,0.0000009517669923,0.0000004765988137
0.6668858244441589,0.0000009517669923,0.0000004765988137
0.6669858372959774,-0.0000028629299322,-0.0000033380990772
0.6670858501477959,0.0000009517669923,-0.0000033380990772
0.6671858629996145,0.0000009517669923,0.0000004765988137
0.6672858758514331,0.0000009517669923,-0.0000033380990772
0.6673858887032516,-0.0000143070201375,0.0000004765988137
0.6674859015550700,-0.0000028629299322,0.0000004765988137
0.6675859144068886,-0.0000104923301478,-0.0000033380990772
0.6676859272587071,-0.0000028629299322,0.0000004765988137
0.6677859401105256,0.0000009517669923,-0.0000033380990772
0.6678859529623442,-0.0000028629299322,0.0000042912961362
0.6679859658141627,0.0000047664639169,0.0000004765988137
0.6680859786659812,0.0000009517669923,0.0000042912961362
0.6681859915177998,-0.0000028629299322,0.0000004765988137
0.6682860043696184,-0.0000028629299322,0.0000004765988137
0.6683860172214369,0.0000047664639169,0.0000042912961362
0.6684860300732554,-0.0000028629299322,0.0000042912961362
0.6685860429250740,0.0000009517669923,0.0000004765988137
0.6686860557768924,0.0000009517669923,0.0000004765988137
0.6687860686287109,-0.0000028629299322,0.0000004765988137
0.6688860814805294,0.0000009517669923,0.0000004765988137
0.6689860943323481,-0.0000104923301478,0.0000004765988137
0.6690861071841666,-0.0000028629299322,0.0000004765988137
0.6691861200359851,-0.0000104923301478,-0.0000033380990772
0.6692861328878037,-0.0000028629299322,0.0000004765988137
0.6693861457396222,0.0000009517669923,0.0000004765988137
0.6694861585914407,-0.0000028629299322,0.0000004765988137
0.6695861714432593,0.0000009517669923,0.0000004765988137
0.6696861842950778,0.0000009517669923,0.0000004765988137
0.6697861971468962,0.0000009517669923,-0.0000033380990772
0.6698862099987148,-0.0000028629299322,0.0000042912961362
0.6699862228505334,0.0000009517669923,0.0000004765988137
0.6700862357023519,0.0000009517669923,0.0000004765988137
0.6701862485541704,-0.0000028629299322,0.0000042912961362
0.6702862614059890,-0.0000066776278800,0.0000042912961362
0.6703862742578075,0.0000009517669923,0.0000004765988137
0.6704862871096260,-0.0000028629299322,-0.0000033380990772
0.6705862999614445,0.0000009517669923,0.0000004765988137
0.6706863128132631,-0.0000028629299322,0.0000004765988137
0.6707863256650817,-0.0000104923301478,-0.0000033380990772
0.6708863385169002,-0.0000181217201316,-0.0000033380990772
0.6709863513687188,-0.0000066776278800,0.0000004765988137
0.6710863642205372,-0.0000028629299322,-0.0000033380990772
0.6711863770723557,0.0000009517669923,0.0000004765988137
0.6712863899241742,-0.0000028629299322,0.0000004765988137
0.6713864027759928,-0.0000028629299322,0.0000004765988137
0.6714864156278113,-0.0000028629299322,-0.0000033380990772
0.6715864284796298,-0.0000066776278800,0.0000004765988137
0.6716864413314485,0.0000047664639169,0.0000042912961362
0.6717864541832670,-0.0000028629299322,0.0000004765988137
0.6718864670350855,-0.0000028629299322,0.0000042912961362
0.6719864798869041,-0.0000028629299322,0.0000042912961362
0.6720864927387226,0.0000009517669923,0.0000004765988137
0.6721865055905411,0.0000009517669923,0.0000004765988137
0.6722865184423595,0.0000009517669923,0.0000042912961362
0.6723865312941781,-0.0000066776278800,0.0000004765988137
0.6724865441459967,-0.0000028629299322,-0.0000033380990772
0.6725865569978152,-0.0000104923301478,0.0000004765988137
0.6726865698496338,-0.0000028629299322,0.0000004765988137
0.6727865827014523,-0.0000028629299322,0.0000004765988137
0.6728865955532708,-0.0000028629299322,0.0000042912961362
0.6729866084050893,-0.0000028629299322,0.0000004765988137
0.6730866212569079,-0.0000028629299322,-0.0000033380990772
0.6731866341087264,-0.0000028629299322,0.0000004765988137
0.6732866469605449,0.0000047664639169,-0.0000033380990772
0.6733866598123636,0.0000009517669923,-0.0000033380990772
0.6734866726641821,0.0000009517669923,0.0000042912961362
0.6735866855160005,-0.0000028629299322,0.0000004765988137
0.6736866983678190,-0.0000028629299322,-0.0000033380990772
0.6737867112196376,-0.0000028629299322,-0.0000033380990772
0.6738867240714561,-0.0000066776278800,0.0000004765988137
0.6739867369232746,-0.0000028629299322,0.0000004765988137
0.6740867497750932,-0.0000104923301478,0.0000004765988137
0.6741867626269117,-0.0000066776278800,0.0000004765988137
0.6742867754787303,-0.0000143070201375,-0.0000033380990772
0.6743867883305488,-0.0000028629299322,0.0000004765988137
0.6744868011823674,-0.0000028629299322,0.0000042912961362
0.6745868140341859,-0.0000028629299322,0.0000042912961362
0.6746868268860043,-0.0000028629299322,0.0000042912961362
0.6747868397378229,-0.0000028629299322,-0.0000033380990772
0.6748868525896414,-0.0000028629299322,0.0000042912961362
0.6749868654414599,-0.0000028629299322,-0.0000033380990772
0.6750868782932786,-0.0000066776278800,-0.0000033380990772
0.6751868911450971,0.0000009517669923,0.0000042912961362
0.6752869039969156,0.0000009517669923,-0.0000033380990772
0.6753869168487341,0.0000009517669923,-0.0000033380990772
0.6754869297005527,-0.0000028629299322,0.0000042912961362
0.6755869425523712,0.0000009517669923,0.0000004765988137
0.6756869554041897,-0.0000181217201316,-0.0000033380990772
0.6757869682560083,-0.0000066776278800,0.0000004765988137
0.6758869811078267,-0.0000104923301478,-0.0000033380990772
0.6759869939596453,-0.0000066776278800,0.0000004765988137
0.6760870068114638,0.0000009517669923,0.0000004765988137
0.6761870196632824,-0.0000028629299322,0.0000004765988137
0.6762870325151009,0.0000009517669923,0.0000004765988137
0.6763870453669194,-0.0000028629299322,0.0000004765988137
0.6764870582187380,0.0000009517669923,0.0000004765988137
0.6765870710705565,0.0000009517669923,0.0000042912961362
0.6766870839223750,-0.0000028629299322,0.0000004765988137
0.6767870967741935,0.0000009517669923,0.0000004765988137
0.6768871096260122,0.0000009517669923,-0.0000033380990772
0.6769871224778307,-0.0000028629299322,0.0000004765988137
0.6770871353296491,0.0000009517669923,-0.0000033380990772
0.6771871481814677,-0.0000028629299322,0.0000004765988137
0.6772871610332862,0.0000009517669923,0.0000004765988137
0.6773871738851047,-0.0000104923301478,-0.0000033380990772
0.6774871867369232,-0.0000066776278800,0.0000004765988137
0.6775871995887418,-0.0000104923301478,0.0000004765988137
0.6776872124405603,0.0000009517669923,-0.0000033380990772
0.6777872252923789,0.0000009517669923,0.0000004765988137
0.6778872381441975,0.0000009517669923,0.0000004765988137
0.6779872509960160,0.0000009517669923,0.0000004765988137
0.6780872638478345,-0.0000028629299322,0.0000004765988137
0.6781872766996531,0.0000009517669923,0.0000004765988137
0.6782872895514716,0.0000009517669923,0.0000004765988137
0.6783873024032900,0.0000009517669923,-0.0000033380990772
0.6784873152551085,0.0000009517669923,-0.0000033380990772
0.6785873281069272,0.0000009517669923,0.0000042912961362
0.6786873409587457,0.0000009517669923,0.0000004765988137
0.6787873538105642,0.0000009517669923,0.0000042912961362
0.6788873666623828,0.0000009517669923,0.0000042912961362
0.6789873795142013,-0.0000028629299322,0.0000004765988137
0.6790873923660198,-0.0000066776278800,0.0000004765988137
0.6791874052178383,-0.0000104923301478,0.0000004765988137
0.6792874180696569,-0.0000028629299322,0.0000004765988137
0.6793874309214754,0.0000009517669923,0.0000004765988137
0.6794874437732940,0.0000047664639169,0.0000042912961362
0.6795874566251126,0.0000009517669923,0.0000004765988137
0.6796874694769310,0.0000009517669923,0.0000042912961362
0.6797874823287495,0.0000009517669923,0.0000004765988137
0.6798874951805680,-0.0000028629299322,-0.0000033378601074
0.6799875080323866,0.0000047664639169,-0.0000033380990772
0.6800875208842051,0.0000047664639169,0.0000004765988137
0.6801875337360236,0.0000047664639169,-0.0000033380990772
0.6802875465878422,0.0000047664639169,0.0000004765988137
0.6803875594396608,0.0000009517669923,-0.0000033380990772
0.6804875722914793,0.0000009517669923,0.0000004765988137
0.6805875851432979,0.0000009517669923,0.0000004765988137
0.6806875979951164,0.0000047664639169,0.0000004765988137
0.6807876108469348,-0.0000104923301478,-0.0000033380990772
0.6808876236987533,0.0000009517669923,0.0000004765988137
0.6809876365505719,-0.0000066776278800,-0.0000033380990772
0.6810876494023904,-0.0000028629299322,0.0000004765988137
0.6811876622542090,0.0000009517669923,0.0000042912961362
0.6812876751060276,0.0000009517669923,-0.0000033380990772
0.6813876879578461,-0.0000028629299322,-0.0000033380990772
0.6814877008096646,0.0000009517669923,0.0000004765988137
0.6815877136614831,0.0000009517669923,0.0000004765988137
0.6816877265133017,0.0000047664639169,-0.0000033378601074
0.6817877393651202,0.0000047664639169,0.0000042912961362
0.6818877522169386,0.0000009517669923,0.0000004765988137
0.6819877650687572,0.0000047664639169,0.0000042912961362
0.6820877779205758,0.0000009517669923,0.0000004765988137
0.6821877907723943,0.0000009517669923,0.0000042912961362
0.6822878036242128,0.0000009517669923,0.0000004765988137
0.6823878164760314,-0.0000028629299322,0.0000004765988137
0.6824878293278499,-0.0000104923301478,0.0000042912961362
0.6825878421796684,-0.0000028629299322,0.0000004765988137
0.6826878550314870,0.0000009517669923,0.0000042912961362
0.6827878678833055,0.0000047664639169,0.0000042912961362
0.6828878807351240,0.0000047664639169,-0.0000033380990772
0.6829878935869427,-0.0000028629299322,0.0000004765988137
0.6830879064387612,-0.0000028629299322,0.0000042912961362
0.6831879192905796,0.0000047664639169,0.0000004765988137
0.6832879321423981,-0.0000028629299322,0.0000004765988137
0.6833879449942167,0.0000047664639169,-0.0000033380990772
0.6834879578460352,-0.0000028629299322,0.0000004765988137
0.6835879706978537,0.0000009517669923,0.0000004765988137
0.6836879835496723,-0.0000028629299322,-0.0000033380990772
0.6837879964014909,0.0000047664639169,0.0000004765988137
0.6838880092533094,0.0000047664639169,0.0000042912961362
0.6839880221051279,0.0000009517669923,-0.0000033380990772
0.6840880349569465,-0.0000066776278800,-0.0000033380990772
0.6841880478087650,-0.0000028629299322,0.0000004765988137
0.6842880606605835,-0.0000028629299322,-0.0000033380990772
0.6843880735124021,-0.0000028629299322,0.0000004765988137
0.6844880863642205,0.0000009517669923,0.0000004765988137
0.6845880992160390,0.0000047664639169,0.0000004765988137
0.6846881120678576,0.0000009517669923,0.0000004765988137
0.6847881249196762,-0.0000028629299322,-0.0000033380990772
0.6848881377714947,0.0000009517669923,-0.0000033380990772
0.6849881506233132,-0.0000028629299322,0.0000004765988137
0.6850881634751318,0.0000009517669923,0.0000004765988137
0.6851881763269503,0.0000009517669923,0.0000004765988137
0.6852881891787688,0.0000009517669923,0.0000042912961362
0.6853882020305873,-0.0000028629299322,-0.0000033380990772
0.6854882148824059,0.0000009517669923,-0.0000033380990772
0.6855882277342245,0.0000009517669923,0.0000042912961362
0.6856882405860429,-0.0000028629299322,0.0000004765988137
0.6857882534378615,0.0000009517669923,0.0000042912961362
0.6858882662896800,-0.0000028629299322,-0.0000033380990772
0.6859882791414985,-0.0000066776278800,-0.0000033380990772
0.6860882919933171,-0.0000028629299322,0.0000042912961362
0.6861883048451356,-0.0000028629299322,0.0000004765988137
0.6862883176969541,-0.0000028629299322,-0.0000033380990772
0.6863883305487726,-0.0000028629299322,0.0000004765988137
0.6864883434005913,0.0000009517669923,0.0000004765988137
0.6865883562524098,-0.0000028629299322,-0.0000033380990772
0.6866883691042283,0.0000009517669923,0.0000004765988137
0.6867883819560469,-0.0000028629299322,-0.0000033378601074
0.6868883948078653,-0.0000028629299322,-0.0000033380990772
0.6869884076596838,-0.0000028629299322,0.0000004765988137
0.6870884205115023,-0.0000028629299322,-0.0000033380990772
0.6871884333633209,0.0000009517669923,0.0000004765988137
0.6872884462151395,-0.0000028629299322,0.0000004765988137
0.6873884590669580,-0.0000143070201375,0.0000004765988137
0.6874884719187766,-0.0000028629299322,0.0000042912961362
0.6875884847705951,-0.0000104923301478,0.0000004765988137
0.6876884976224136,-0.0000066776278800,0.0000004765988137
0.6877885104742321,0.0000009517669923,0.0000004765988137
0.6878885233260507,0.0000009517669923,0.0000004765988137
0.6879885361778691,-0.0000028629299322,0.0000004765988137
0.6880885490296876,0.0000009517669923,-0.0000033380990772
0.6881885618815063,-0.0000028629299322,0.0000004765988137
0.6882885747333248,-0.0000028629299322,0.0000042912961362
0.6883885875851433,0.0000009517669923,0.0000042912961362
0.6884886004369618,-0.0000028629299322,-0.0000033380990772
0.6885886132887804,-0.0000028629299322,0.0000042912961362
0.6886886261405989,-0.0000028629299322,-0.0000033380990772
0.6887886389924174,-0.0000028629299322,0.0000042912961362
0.6888886518442360,-0.0000028629299322,0.0000042912961362
0.6889886646960545,-0.0000143070201375,0.0000042912961362
0.6890886775478731,-0.0000028629299322,0.0000004765988137
0.6891886903996917,-0.0000143070201375,0.0000004765988137
0.6892887032515101,-0.0000066776278800,-0.0000033380990772
0.6893887161033286,-0.0000066776278800,0.0000042912961362
0.6894887289551471,0.0000009517669923,-0.0000033380990772
0.6895887418069657,-0.0000028629299322,0.0000004765988137
0.6896887546587842,-0.0000066776278800,-0.0000033380990772
0.6897887675106027,-0.0000028629299322,-0.0000033380990772
0.6898887803624214,-0.0000028629299322,0.0000004765988137
0.6899887932142399,0.0000009517669923,0.0000004765988137
0.6900888060660584,-0.0000028629299322,0.0000004765988137
0.6901888189178769,-0.0000028629299322,0.0000004765988137
0.6902888317696955,-0.0000028629299322,0.0000004765988137
0.6903888446215140,-0.0000066776278800,0.0000004765988137
0.6904888574733324,-0.0000028629299322,0.0000004765988137
0.6905888703251510,0.0000009517669923,0.0000004765988137
0.6906888831769695,-0.0000028629299322,-0.0000033380990772
0.6907888960287881,-0.0000143070201375,0.0000004765988137
0.6908889088806066,-0.0000181217201316,0.0000004765988137
0.6909889217324252,-0.0000104923301478,-0.0000033380990772
0.6910889345842437,-0.0000066776278800,0.0000004765988137
0.6911889474360622,-0.0000028629299322,0.0000004765988137
0.6912889602878808,-0.0000028629299322,0.0000004765988137
0.6913889731396993,-0.0000066776278800,0.0000004765988137
0.6914889859915178,-0.0000066776278800,0.0000004765988137
0.6915889988433362,0.0000009517669923,0.0000004765988137
0.6916890116951550,-0.0000028629299322,0.0000004765988137
0.6917890245469734,0.0000009517669923,0.0000004765988137
0.6918890373987919,-0.0000028629299322,-0.0000033380990772
0.6919890502506105,-0.0000028629299322,0.0000042912961362
0.6920890631024290,0.0000009517669923,0.0000004765988137
0.6921890759542475,-0.0000028629299322,0.0000042912961362
0.6922890888060661,-0.0000028629299322,0.0000004765988137
0.6923891016578846,-0.0000066776278800,-0.0000033380990772
0.6924891145097031,-0.0000104923301478,-0.0000033380990772
0.6925891273615217,-0.0000066776278800,0.0000004765988137
0.6926891402133403,-0.0000028629299322,-0.0000033380990772
0.6927891530651588,-0.0000066776278800,0.0000042912961362
0.6928891659169772,0.0000009517669923,0.0000042912961362
0.6929891787687958,-0.0000028629299322,0.0000004765988137
0.6930891916206143,-0.0000028629299322,0.0000004765988137
0.6931892044724328,0.0000009517669923,0.0000042912961362
0.6932892173242513,-0.0000028629299322,0.0000042912961362
0.6933892301760700,-0.0000028629299322,0.0000004765988137
0.6934892430278885,-0.0000028629299322,0.0000004765988137
0.6935892558797070,-0.0000028629299322,0.0000042912961362
0.6936892687315256,-0.0000066776278800,0.0000004765988137
0.6937892815833441,-0.0000066776278800,0.0000042912961362
0.6938892944351626,-0.0000028629299322,0.0000004765988137
0.6939893072869810,-0.0000028629299322,0.0000004765988137
0.6940893201387996,-0.0000143070201375,0.0000004765988137
0.6941893329906181,-0.0000066776278800,-0.0000033380990772
0.6942893458424367,-0.0000104923301478,0.0000004765988137
0.6943893586942553,-0.0000066776278800,-0.0000033380990772
0.6944893715460738,-0.0000028629299322,-0.0000033380990772
0.6945893843978923,-0.0000028629299322,0.0000042912961362
0.6946893972497109,-0.0000066776278800,0.0000042912961362
0.6947894101015294,-0.0000028629299322,0.0000004765988137
0.6948894229533479,-0.0000028629299322,0.0000042912961362
0.6949894358051664,0.0000009517669923,0.0000004765988137
0.6950894486569850,-0.0000028629299322,0.0000004765988137
0.6951894615088036,0.0000047664639169,0.0000042912961362
0.6952894743606221,-0.0000028629299322,0.0000004765988137
0.6953894872124406,-0.0000066776278800,-0.0000033380990772
0.6954895000642591,0.0000009517669923,0.0000004765988137
0.6955895129160776,-0.0000028629299322,0.0000004765988137
0.6956895257678961,-0.0000143070201375,0.0000004765988137
0.6957895386197147,-0.0000028629299322,0.0000004765988137
0.6958895514715332,-0.0000104923301478,0.0000004765988137
0.6959895643233518,-0.0000028629299322,0.0000042912961362
0.6960895771751704,-0.0000028629299322,0.0000042912961362
0.6961895900269889,-0.0000028629299322,0.0000042912961362
0.6962896028788074,-0.0000066776278800,0.0000042912961362
0.6963896157306259,0.0000047664639169,0.0000004765988137
0.6964896285824445,-0.0000066776278800,0.0000004765988137
0.6965896414342629,0.0000009517669923,0.0000004765988137
0.6966896542860814,0.0000009517669923,0.0000004765988137
0.6967896671379000,0.0000009517669923,0.0000004765988137
0.6968896799897186,0.0000009517669923,0.0000042912961362
0.6969896928415371,-0.0000028629299322,0.0000004765988137
0.6970897056933556,-0.0000028629299322,-0.0000033380990772
0.6971897185451742,0.0000009517669923,0.0000004765988137
0.6972897313969927,-0.0000028629299322,0.0000042912961362
0.6973897442488112,-0.0000143070201375,0.0000004765988137
0.6974897571006298,-0.0000066776278800,0.0000004765988137
0.6975897699524483,-0.0000104923301478,-0.0000033380990772
0.6976897828042667,-0.0000066776278800,0.0000042912961362
0.6977897956560855,-0.0000028629299322,-0.0000033380990772
0.6978898085079039,0.0000009517669923,0.0000004765988137
0.6979898213597224,-0.0000028629299322,-0.0000033380990772
0.6980898342115409,-0.0000028629299322,0.0000004765988137
0.6981898470633595,0.0000009517669923,0.0000004765988137
0.6982898599151780,-0.0000028629299322,0.0000004765988137
0.6983898727669965,-0.0000028629299322,0.0000004765988137
0.6984898856188151,-0.0000028629299322,0.0000004765988137
0.6985898984706337,0.0000009517669923,-0.0000033380990772
0.6986899113224522,0.0000047664639169,-0.0000033380990772
0.6987899241742707,0.0000009517669923,0.0000004765988137
0.6988899370260893,0.0000047664639169,-0.0000033380990772
0.6989899498779077,0.0000047664639169,0.0000004765988137
0.6990899627297262,-0.0000066776278800,-0.0000033380990772
0.6991899755815448,-0.0000104923301478,-0.0000033380990772
0.6992899884333633,-0.0000028629299322,-0.0000033380990772
0.6993900012851818,0.0000047664639169,-0.0000071525578278
0.6994900141370004,0.0000009517669923,-0.0000033380990772
0.6995900269888190,-0.0000028629299322,-0.0000033380990772
0.6996900398406375,0.0000009517669923,0.0000004765988137
0.6997900526924560,0.0000009517669923,0.0000004765988137
0.6998900655442746,0.0000009517669923,0.0000004765988137
0.6999900783960931,0.0000009517669923,-0.0000033380990772
0.7000900912479116,0.0000009517669923,0.0000004765988137
0.7001901040997300,0.0000009517669923,0.0000004765988137
0.7002901169515486,0.0000047664639169,0.0000004765988137
0.7003901298033672,0.0000047664639169,0.0000004765988137
0.7004901426551857,0.0000047664639169,-0.0000033380990772
0.7005901555070043,0.0000009517669923,0.0000042912961362
0.7006901683588228,-0.0000028629299322,0.0000004765988137
0.7007901812106413,-0.0000066776278800,-0.0000071527961154
0.7008901940624599,-0.0000104923301478,0.0000004765988137
0.7009902069142784,-0.0000066776278800,0.0000042912961362
0.7010902197660969,-0.0000028629299322,-0.0000033380990772
0.7011902326179154,0.0000009517669923,0.0000004765988137
0.7012902454697341,-0.0000028629299322,-0.0000033380990772
0.7013902583215526,-0.0000028629299322,0.0000004765988137
0.7014902711733710,0.0000047664639169,-0.0000033380990772
0.7015902840251896,0.0000047664639169,0.0000004765988137
0.7016902968770081,0.0000009517669923,0.0000004765988137
0.7017903097288266,0.0000047664639169,-0.0000033380990772
0.7018903225806451,0.0000009517669923,-0.0000033380990772
0.7019903354324637,0.0000047664639169,0.0000004765988137
0.7020903482842823,0.0000009517669923,-0.0000033380990772
0.7021903611361008,0.0000009517669923,0.0000004765988137
0.7022903739879194,0.0000047664639169,-0.0000033380990772
0.7023903868397379,-0.0000066776278800,0.0000004765988137
0.7024903996915564,-0.0000028629299322,0.0000004765988137
0.7025904125433748,-0.0000066776278800,0.0000004765988137
0.7026904253951934,0.0000009517669923,-0.0000033380990772
0.7027904382470119,-0.0000028629299322,-0.0000033380990772
0.7028904510988304,-0.0000028629299322,-0.0000033380990772
0.7029904639506491,0.0000009517669923,0.0000042912961362
0.7030904768024676,0.0000047664639169,0.0000004765988137
0.7031904896542861,-0.0000028629299322,-0.0000033380990772
0.7032905025061047,0.0000009517669923,0.0000004765988137
0.7033905153579232,0.0000009517669923,0.0000004765988137
0.7034905282097417,0.0000009517669923,-0.0000033380990772
0.7035905410615602,-0.0000028629299322,-0.0000033380990772
0.7036905539133788,0.0000009517669923,-0.0000033380990772
0.7037905667651972,-0.0000028629299322,0.0000042912961362
0.7038905796170158,0.0000009517669923,0.0000004765988137
0.7039905924688344,0.0000009517669923,0.0000042912961362
0.7040906053206529,-0.0000066776278800,0.0000042912961362
0.7041906181724714,-0.0000028629299322,0.0000042912961362
0.7042906310242899,-0.0000066776278800,-0.0000033380990772
0.7043906438761085,-0.0000028629299322,0.0000004765988137
0.7044906567279270,0.0000009517669923,0.0000042912961362
0.7045906695797455,-0.0000028629299322,0.0000042912961362
0.7046906824315642,-0.0000028629299322,0.0000042912961362
0.7047906952833827,0.0000009517669923,-0.0000033380990772
0.7048907081352012,-0.0000028629299322,0.0000042912961362
0.7049907209870196,0.0000009517669923,0.0000042912961362
0.7050907338388382,-0.0000028629299322,0.0000004765988137
0.7051907466906567,0.0000009517669923,-0.0000033380990772
0.7052907595424752,0.0000009517669923,0.0000004765988137
0.7053907723942938,-0.0000028629299322,0.0000042912961362
0.7054907852461123,0.0000047664639169,0.0000004765988137
0.7055907980979309,0.0000009517669923,0.0000004765988137
0.7056908109497495,-0.0000028629299322,0.0000004765988137
0.7057908238015680,-0.0000066776278800,0.0000004765988137
0.7058908366533865,-0.0000104923301478,-0.0000033380990772
0.7059908495052050,-0.0000028629299322,0.0000004765988137
0.7060908623570236,-0.0000028629299322,0.0000004765988137
0.7061908752088421,0.0000009517669923,0.0000004765988137
0.7062908880606605,0.0000009517669923,0.0000004765988137
0.7063909009124791,-0.0000028629299322,-0.0000033380990772
0.7064909137642977,0.0000009517669923,0.0000042912961362
0.7065909266161162,0.0000009517669923,0.0000042912961362
0.7066909394679347,-0.0000028629299322,-0.0000033380990772
0.7067909523197533,-0.0000028629299322,-0.0000033380990772
0.7068909651715718,-0.0000028629299322,0.0000004765988137
0.7069909780233903,0.0000009517669923,0.0000004765988137
0.7070909908752089,0.0000009517669923,0.0000004765988137
0.7071910037270274,0.0000009517669923,-0.0000033380990772
0.7072910165788459,0.0000009517669923,0.0000042912961362
0.7073910294306645,-0.0000104923301478,0.0000004765988137
0.7074910422824831,-0.0000028629299322,-0.0000033380990772
0.7075910551343015,-0.0000104923301478,-0.0000033380990772
0.7076910679861200,-0.0000066776278800,0.0000004765988137
0.7077910808379386,-0.0000028629299322,0.0000004765988137
0.7078910936897571,0.0000009517669923,0.0000042912961362
0.7079911065415756,0.0000009517669923,0.0000004765988137
0.7080911193933941,-0.0000028629299322,0.0000004765988137
0.7081911322452128,0.0000009517669923,-0.0000033380990772
0.7082911450970313,0.0000009517669923,-0.0000033380990772
0.7083911579488498,0.0000009517669923,0.0000004765988137
0.7084911708006684,0.0000009517669923,0.0000004765988137
0.7085911836524869,-0.0000066757211243,0.0000004765988137
0.7086911965043053,-0.0000028629299322,0.0000004765988137
0.7087912093561239,-0.0000028629299322,0.0000042912961362
0.7088912222079424,-0.0000066776278800,-0.0000033380990772
0.7089912350597609,-0.0000066776278800,-0.0000033380990772
0.7090912479115795,-0.0000028629299322,0.0000004765988137
0.7091912607633981,-0.0000066776278800,0.0000004765988137
0.7092912736152166,-0.0000028629299322,-0.0000033380990772
0.7093912864670351,-0.0000028629299322,-0.0000033380990772
0.7094912993188537,-0.0000028629299322,-0.0000033380990772
0.7095913121706722,-0.0000028629299322,0.0000004765988137
0.7096913250224907,-0.0000028629299322,0.0000004765988137
0.7097913378743091,0.0000009517669923,0.0000004765988137
0.7098913507261277,-0.0000028629299322,0.0000004765988137
0.7099913635779463,-0.0000028629299322,-0.0000071527961154
0.7100913764297648,-0.0000028629299322,0.0000004765988137
0.7101913892815834,-0.0000028629299322,0.0000004765988137
0.7102914021334019,-0.0000028629299322,0.0000042912961362
0.7103914149852204,-0.0000028629299322,-0.0000033380990772
0.7104914278370389,-0.0000066776278800,0.0000042912961362
0.7105914406888575,0.0000009517669923,0.0000042912961362
0.7106914535406760,-0.0000028629299322,0.0000004765988137
0.7107914663924946,-0.0000104923301478,0.0000004765988137
0.7108914792443132,-0.0000143070201375,-0.0000033380990772
0.7109914920961317,-0.0000066776278800,0.0000042912961362
0.7110915049479501,-0.0000028629299322,0.0000004765988137
0.7111915177997686,-0.0000028629299322,0.0000004765988137
0.7112915306515872,-0.0000028629299322,-0.0000033380990772
0.7113915435034057,-0.0000028629299322,0.0000004765988137
0.7114915563552242,-0.0000028629299322,-0.0000071527961154
0.7115915692070428,-0.0000028629299322,0.0000004765988137
0.7116915820588614,0.0000009517669923,0.0000004765988137
0.7117915949106799,-0.0000028629299322,0.0000004765988137
0.7118916077624985,-0.0000028629299322,-0.0000071527961154
0.7119916206143170,0.0000009517669923,0.0000042912961362
0.7120916334661355,-0.0000028629299322,0.0000004765988137
0.7121916463179540,0.0000009517669923,-0.0000033380990772
0.7122916591697726,-0.0000028629299322,-0.0000033380990772
0.7123916720215910,-0.0000104923301478,-0.0000033380990772
0.7124916848734095,-0.0000066776278800,0.0000004765988137
0.7125916977252282,-0.0000066776278800,0.0000004765988137
0.7126917105770467,-0.0000066776278800,0.0000004765988137
0.7127917234288652,-0.0000028629299322,-0.0000033380990772
0.7128917362806837,0.0000009517669923,0.0000042912961362
0.7129917491325023,0.0000009517669923,0.0000004765988137
0.7130917619843208,-0.0000028629299322,0.0000042912961362
0.7131917748361393,-0.0000028629299322,-0.0000033380990772
0.7132917876879579,0.0000009517669923,-0.0000033380990772
0.7133918005397765,-0.0000066776278800,0.0000004765988137
0.7134918133915950,-0.0000028629299322,0.0000004765988137
0.7135918262434134,-0.0000028629299322,0.0000004765988137
0.7136918390952320,-0.0000028629299322,-0.0000033380990772
0.7137918519470505,-0.0000028629299322,0.0000004765988137
0.7138918647988690,0.0000009517669923,0.0000004765988137
0.7139918776506876,-0.0000028629299322,0.0000004765988137
0.7140918905025061,-0.0000066776278800,-0.0000033380990772
0.7141919033543246,-0.0000066776278800,0.0000042912961362
0.7142919162061433,-0.0000143070201375,0.0000004765988137
0.7143919290579618,-0.0000066776278800,0.0000004765988137
0.7144919419097803,-0.0000028629299322,0.0000004765988137
0.7145919547615988,0.0000009517669923,0.0000042912961362
0.7146919676134174,-0.0000066776278800,0.0000042912961362
0.7147919804652358,-0.0000066776278800,0.0000042912961362
0.7148919933170543,-0.0000028629299322,-0.0000033380990772
0.7149920061688729,-0.0000028629299322,0.0000042912961362
0.7150920190206914,-0.0000066776278800,0.0000004765988137
0.7151920318725100,-0.0000028629299322,-0.0000033380990772
0.7152920447243285,-0.0000028629299322,0.0000004765988137
0.7153920575761471,-0.0000028629299322,-0.0000033380990772
0.7154920704279656,-0.0000028629299322,0.0000004765988137
0.7155920832797841,-0.0000028629299322,-0.0000033380990772
0.7156920961316027,-0.0000181217201316,0.0000004765988137
0.7157921089834212,-0.0000066776278800,-0.0000033380990772
0.7158921218352396,-0.0000104923301478,0.0000004765988137
0.7159921346870581,-0.0000066776278800,-0.0000033380990772
0.7160921475388768,-0.0000028629299322,0.0000004765988137
0.7161921603906953,0.0000009517669923,0.0000004765988137
0.7162921732425138,-0.0000028629299322,0.0000042912961362
0.7163921860943324,0.0000009517669923,-0.0000033380990772
0.7164921989461509,-0.0000028629299322,0.0000042912961362
0.7165922117979694,-0.0000028629299322,0.0000004765988137
0.7166922246497879,-0.0000028629299322,0.0000004765988137
0.7167922375016065,-0.0000028629299322,0.0000004765988137
0.7168922503534251,-0.0000028629299322,0.0000004765988137
0.7169922632052436,-0.0000066776278800,0.0000042912961362
0.7170922760570622,-0.0000028629299322,-0.0000033380990772
0.7171922889088806,-0.0000028629299322,-0.0000033380990772
0.7172923017606991,0.0000009517669923,0.0000004765988137
0.7173923146125177,-0.0000181217201316,-0.0000033380990772
0.7174923274643362,-0.0000066776278800,0.0000004765988137
0.7175923403161547,-0.0000143070201375,0.0000042912961362
0.7176923531679732,-0.0000066776278800,0.0000004765988137
0.7177923660197919,-0.0000028629299322,-0.0000033380990772
0.7178923788716104,-0.0000028629299322,-0.0000033380990772
0.7179923917234289,0.0000009517669923,0.0000004765988137
0.7180924045752475,-0.0000066776278800,0.0000004765988137
0.7181924174270660,0.0000009517669923,0.0000004765988137
0.7182924302788845,-0.0000066776278800,0.0000004765988137
0.7183924431307029,-0.0000028629299322,0.0000004765988137
0.7184924559825215,-0.0000028629299322,0.0000004765988137
0.7185924688343400,0.0000009517669923,0.0000004765988137
0.7186924816861586,0.0000009517669923,0.0000004765988137
0.7187924945379772,0.0000009517669923,0.0000004765988137
0.7188925073897957,0.0000009517669923,0.0000004765988137
0.7189925202416142,0.0000009517669923,-0.0000033380990772
0.7190925330934327,-0.0000066776278800,0.0000004765988137
0.7191925459452513,-0.0000104923301478,0.0000004765988137
0.7192925587970698,-0.0000028629299322,-0.0000033380990772
0.7193925716488883,0.0000009517669923,-0.0000033380990772
0.7194925845007070,0.0000009517669923,0.0000042912961362
0.7195925973525255,0.0000047664639169,0.0000004765988137
0.7196926102043439,-0.0000028629299322,0.0000004765988137
0.7197926230561624,0.0000047664639169,-0.0000033380990772
0.7198926359079810,0.0000009517669923,0.0000004765988137
0.7199926487597995,-0.0000028610229492,0.0000004765988137
0.7200926616116180,0.0000047664639169,0.0000042912961362
0.7201926744634366,0.0000009517669923,0.0000004765988137
0.7202926873152551,0.0000009517669923,0.0000004765988137
0.7203927001670737,-0.0000028629299322,0.0000004765988137
0.7204927130188923,0.0000009517669923,-0.0000033380990772
0.7205927258707108,0.0000009517669923,-0.0000033380990772
0.7206927387225293,0.0000047664639169,0.0000004765988137
0.7207927515743477,-0.0000104923301478,0.0000042912961362
0.7208927644261663,-0.0000066776278800,0.0000042912961362
0.7209927772779848,-0.0000066776278800,0.0000004765988137
0.7210927901298033,0.0000009517669923,0.0000004765988137
0.7211928029816219,0.0000009517669923,0.0000042912961362
0.7212928158334405,0.0000009517669923,0.0000042912961362
0.7213928286852590,-0.0000028629299322,0.0000004765988137
0.7214928415370775,0.0000009517669923,0.0000004765988137
0.7215928543888961,0.0000047664639169,0.0000004765988137
0.7216928672407146,0.0000009517669923,0.0000004765988137
0.7217928800925331,-0.0000028629299322,0.0000004765988137
0.7218928929443517,0.0000009517669923,0.0000042912961362
0.7219929057961701,-0.0000028629299322,-0.0000033380990772
0.7220929186479886,0.0000009517669923,0.0000004765988137
0.7221929314998072,0.0000009517669923,0.0000004765988137
0.7222929443516258,0.0000009517669923,-0.0000033380990772
0.7223929572034443,-0.0000066776278800,0.0000042912961362
0.7224929700552628,-0.0000104923301478,-0.0000033380990772
0.7225929829070814,-0.0000066776278800,-0.0000033380990772
0.7226929957588999,-0.0000028629299322,0.0000004765988137
0.7227930086107184,0.0000047664639169,0.0000004765988137
0.7228930214625369,-0.0000028629299322,0.0000004765988137
0.7229930343143556,0.0000009517669923,-0.0000033380990772
0.7230930471661741,0.0000047659877964,0.0000004765988137
0.7231930600179926,-0.0000028629299322,-0.0000033380990772
0.7232930728698111,0.0000009517669923,0.0000004765988137
0.7233930857216296,0.0000047664639169,0.0000004765988137
0.7234930985734481,0.0000009517669923,-0.0000033380990772
0.7235931114252667,0.0000009517669923,-0.0000033380990772
0.7236931242770852,0.0000009517669923,0.0000042912961362
0.7237931371289037,0.0000009517669923,0.0000004765988137
0.7238931499807223,0.0000009517669923,-0.0000033380990772
0.7239931628325409,0.0000047664639169,0.0000004765988137
0.7240931756843594,-0.0000028629299322,0.0000004765988137
0.7241931885361779,-0.0000066776278800,-0.0000033380990772
0.7242932013879965,-0.0000066776278800,0.0000004765988137
0.7243932142398150,-0.0000028629299322,0.0000004765988137
0.7244932270916334,0.0000009517669923,0.0000004765988137
0.7245932399434519,-0.0000028629299322,-0.0000033380990772
0.7246932527952705,0.0000009517669923,0.0000004765988137
0.7247932656470891,0.0000009517669923,0.0000004765988137
0.7248932784989076,-0.0000028629299322,0.0000004765988137
0.7249932913507262,0.0000009517669923,0.0000042912961362
0.7250933042025447,0.0000009517669923,-0.0000033380990772
0.7251933170543632,0.0000047664639169,0.0000042912961362
0.7252933299061817,-0.0000028629299322,0.0000004765988137
0.7253933427580003,-0.0000028629299322,0.0000042912961362
0.7254933556098188,-0.0000028629299322,0.0000004765988137
0.7255933684616374,0.0000009517669923,0.0000004765988137
0.7256933813134560,0.0000009517669923,0.0000004765988137
0.7257933941652744,-0.0000028629299322,-0.0000033380990772
0.7258934070170929,-0.0000066776278800,0.0000004765988137
0.7259934198689115,-0.0000066776278800,0.0000004765988137
0.7260934327207300,-0.0000028629299322,-0.0000033380990772
0.7261934455725485,-0.0000066776278800,0.0000004765988137
0.7262934584243670,-0.0000028629299322,-0.0000033380990772
0.7263934712761856,0.0000009517669923,-0.0000033380990772
0.7264934841280042,0.0000047664639169,0.0000042912961362
0.7265934969798227,-0.0000028629299322,0.0000004765988137
0.7266935098316413,-0.0000028629299322,0.0000004765988137
0.7267935226834598,0.0000009517669923,0.0000004765988137
0.7268935355352782,0.0000009517669923,0.0000004765988137
0.7269935483870967,-0.0000028629299322,0.0000042912961362
0.7270935612389153,-0.0000028629299322,0.0000004765988137
0.7271935740907338,-0.0000028629299322,-0.0000033380990772
0.7272935869425523,0.0000009517669923,0.0000004765988137
0.7273935997943710,-0.0000143070201375,-0.0000033380990772
0.7274936126461895,-0.0000028629299322,0.0000004765988137
0.7275936254980080,-0.0000104923301478,0.0000004765988137
0.7276936383498265,-0.0000104923301478,0.0000042912961362
0.7277936512016451,-0.0000028629299322,0.0000004765988137
0.7278936640534636,-0.0000028629299322,0.0000004765988137
0.7279936769052820,-0.0000028629299322,0.0000004765988137
0.7280936897571006,-0.0000028629299322,-0.0000033380990772
0.7281937026089192,-0.0000028629299322,-0.0000033380990772
0.7282937154607377,-0.0000028629299322,-0.0000033380990772
0.7283937283125563,-0.0000028629299322,0.0000004765988137
0.7284937411643748,0.0000009517669923,0.0000042912961362
0.7285937540161933,-0.0000028629299322,0.0000004765988137
0.7286937668680118,-0.0000066776278800,0.0000004765988137
0.7287937797198304,-0.0000066776278800,0.0000004765988137
0.7288937925716489,-0.0000028629299322,0.0000004765988137
0.7289938054234674,-0.0000104923301478,0.0000004765988137
0.7290938182752861,-0.0000066776278800,-0.0000033380990772
0.7291938311271046,-0.0000143070201375,0.0000004765988137
0.7292938439789231,-0.0000066776278800,0.0000042912961362
0.7293938568307415,-0.0000028629299322,-0.0000033380990772
0.7294938696825601,-0.0000066776278800,0.0000004765988137
0.7295938825343786,-0.0000028629299322,0.0000004765988137
0.7296938953861971,-0.0000066776278800,0.0000004765988137
0.7297939082380157,0.0000009517669923,0.0000004765988137
0.7298939210898342,-0.0000066776278800,-0.0000071527961154
0.7299939339416528,-0.0000028629299322,-0.0000033380990772
0.7300939467934713,-0.0000028629299322,0.0000004765988137
0.7301939596452899,-0.0000028629299322,0.0000004765988137
0.7302939724971084,-0.0000028629299322,-0.0000033380990772
0.7303939853489269,-0.0000066776278800,0.0000004765988137
0.7304939982007455,-0.0000066776278800,0.0000042912961362
0.7305940110525639,-0.0000028629299322,0.0000004765988137
0.7306940239043824,-0.0000066776278800,0.0000004765988137
0.7307940367562009,-0.0000104923301478,0.0000004765988137
0.7308940496080196,-0.0000181217201316,0.0000004765988137
0.7309940624598381,-0.0000066776278800,0.0000004765988137
0.7310940753116566,-0.0000066776278800,0.0000042912961362
0.7311940881634752,0.0000009517669923,0.0000004765988137
0.7312941010152937,-0.0000066776278800,0.0000004765988137
0.7313941138671122,-0.0000028629299322,0.0000004765988137
0.7314941267189308,-0.0000028629299322,0.0000004765988137
0.7315941395707493,-0.0000028629299322,-0.0000033380990772
0.7316941524225679,-0.0000028629299322,0.0000004765988137
0.7317941652743863,-0.0000066776278800,-0.0000033380990772
0.7318941781262049,-0.0000028629299322,-0.0000033380990772
0.7319941909780234,-0.0000028629299322,0.0000004765988137
0.7320942038298419,-0.0000028629299322,0.0000004765988137
0.7321942166816605,-0.0000028629299322,0.0000004765988137
0.7322942295334790,-0.0000104923301478,0.0000042912961362
0.7323942423852975,-0.0000104923301478,-0.0000033380990772
0.7324942552371160,-0.0000181217201316,-0.0000033380990772
0.7325942680889347,-0.0000104923301478,0.0000004765988137
0.7326942809407532,-0.0000028629299322,0.0000042912961362
0.7327942937925717,-0.0000066776278800,-0.0000033380990772
0.7328943066443903,-0.0000028629299322,0.0000042912961362
0.7329943194962087,-0.0000066776278800,0.0000004765988137
0.7330943323480272,-0.0000066776278800,0.0000004765988137
0.7331943451998457,-0.0000028629299322,0.0000004765988137
0.7332943580516643,-0.0000028629299322,-0.0000033380990772
0.7333943709034828,-0.0000066776278800,0.0000004765988137
0.7334943837553014,-0.0000066776278800,0.0000004765988137
0.7335943966071200,-0.0000028629299322,-0.0000033380990772
0.7336944094589385,-0.0000028629299322,-0.0000033380990772
0.7337944223107570,-0.0000028629299322,0.0000004765988137
0.7338944351625755,-0.0000028629299322,0.0000004765988137
0.7339944480143941,-0.0000028629299322,0.0000004765988137
0.7340944608662126,-0.0000066776278800,0.0000004765988137
0.7341944737180310,-0.0000143070201375,0.0000004765988137
0.7342944865698497,-0.0000066776278800,-0.0000033380990772
0.7343944994216682,-0.0000028629299322,-0.0000033380990772
0.7344945122734867,-0.0000028629299322,-0.0000033380990772
0.7345945251253053,-0.0000028629299322,0.0000004765988137
0.7346945379771238,-0.0000066776278800,0.0000004765988137
0.7347945508289423,-0.0000028629299322,0.0000004765988137
0.7348945636807608,-0.0000028629299322,0.0000042912961362
0.7349945765325794,-0.0000028629299322,0.0000042912961362
0.7350945893843979,-0.0000028629299322,-0.0000033380990772
0.7351946022362165,-0.0000066776278800,0.0000004765988137
0.7352946150880351,0.0000009517669923,0.0000042912961362
0.7353946279398536,-0.0000028629299322,-0.0000033380990772
0.7354946407916720,0.0000009517669923,0.0000004765988137
0.7355946536434905,0.0000009517669923,-0.0000033380990772
0.7356946664953091,-0.0000181217201316,0.0000004765988137
0.7357946793471276,-0.0000066776278800,0.0000004765988137
0.7358946921989461,-0.0000104923301478,-0.0000033380990772
0.7359947050507647,-0.0000028629299322,0.0000004765988137
0.7360947179025833,-0.0000028629299322,-0.0000033380990772
0.7361947307544018,0.0000009517669923,0.0000004765988137
0.7362947436062203,0.0000009517669923,0.0000004765988137
0.7363947564580389,-0.0000066776278800,0.0000004765988137
0.7364947693098574,-0.0000028629299322,0.0000042912961362
0.7365947821616758,-0.0000028629299322,0.0000004765988137
0.7366947950134944,0.0000047664639169,0.0000004765988137
0.7367948078653129,-0.0000028629299322,0.0000004765988137
0.7368948207171314,-0.0000028629299322,0.0000004765988137
0.7369948335689501,-0.0000028629299322,-0.0000033380990772
0.7370948464207686,-0.0000028629299322,-0.0000033380990772
0.7371948592725871,-0.0000066776278800,0.0000042912961362
0.7372948721244056,-0.0000028629299322,0.0000004765988137
0.7373948849762242,-0.0000143070201375,-0.0000033380990772
0.7374948978280427,-0.0000066776278800,-0.0000033380990772
0.7375949106798612,-0.0000104923301478,0.0000004765988137
0.7376949235316798,-0.0000066776278800,-0.0000033380990772
0.7377949363834984,0.0000009517669923,0.0000004765988137
0.7378949492353168,-0.0000028629299322,0.0000004765988137
0.7379949620871353,0.0000047664639169,0.0000004765988137
0.7380949749389539,0.0000009517669923,-0.0000033380990772
0.7381949877907724,-0.0000028629299322,0.0000004765988137
0.7382950006425909,-0.0000028629299322,0.0000004765988137
0.7383950134944095,0.0000009517669923,0.0000004765988137
0.7384950263462280,0.0000009517669923,0.0000004765988137
0.7385950391980465,0.0000009517669923,0.0000004765988137
0.7386950520498651,-0.0000028629299322,0.0000004765988137
0.7387950649016837,0.0000009517669923,0.0000004765988137
0.7388950777535022,0.0000009517669923,0.0000042912961362
0.7389950906053206,-0.0000066776278800,0.0000004765988137
0.7390951034571392,-0.0000066776278800,0.0000042912961362
0.7391951163089577,-0.0000066776278800,0.0000004765988137
0.7392951291607762,-0.0000066776278800,0.0000004765988137
0.7393951420125947,0.0000009517669923,0.0000042912961362
0.7394951548644133,0.0000009517669923,-0.0000033380990772
0.7395951677162319,0.0000009517669923,0.0000004765988137
0.7396951805680504,-0.0000028629299322,0.0000042912961362
0.7397951934198690,0.0000047664639169,0.0000004765988137
0.7398952062716875,0.0000009517669923,0.0000004765988137
0.7399952191235060,0.0000009517669923,-0.0000033380990772
0.7400952319753246,-0.0000028629299322,0.0000004765988137
0.7401952448271431,0.0000009517669923,0.0000004765988137
0.7402952576789615,-0.0000028629299322,0.0000042912961362
0.7403952705307801,0.0000009517669923,0.0000004765988137
0.7404952833825987,0.0000009517669923,-0.0000033380990772
0.7405952962344172,0.0000047664639169,0.0000004765988137
0.7406953090862357,0.0000009517669923,0.0000004768372150
0.7407953219380543,-0.0000104923301478,0.0000004765988137
0.7408953347898728,-0.0000066776278800,0.0000004765988137
0.7409953476416913,-0.0000066776278800,0.0000004765988137
0.7410953604935098,-0.0000028629299322,-0.0000033380990772
0.7411953733453284,-0.0000028629299322,0.0000004765988137
0.7412953861971470,0.0000009517669923,0.0000042912961362
0.7413953990489655,-0.0000028629299322,0.0000004765988137
0.7414954119007841,0.0000009517669923,0.0000004765988137
0.7415954247526025,0.0000009517669923,-0.0000033380990772
0.7416954376044210,0.0000009517669923,0.0000004765988137
0.7417954504562395,-0.0000028629299322,-0.0000033380990772
0.7418954633080581,0.0000009517669923,0.0000042912961362
0.7419954761598766,-0.0000028629299322,0.0000004765988137
0.7420954890116951,-0.0000028629299322,0.0000004765988137
0.7421955018635138,-0.0000028629299322,-0.0000033380990772
0.7422955147153323,-0.0000028629299322,-0.0000033380990772
0.7423955275671508,-0.0000066776278800,-0.0000033380990772
0.7424955404189693,-0.0000066776278800,-0.0000033380990772
0.7425955532707879,-0.0000028629299322,-0.0000033380990772
0.7426955661226063,0.0000009517669923,0.0000004765988137
0.7427955789744248,0.0000009517669923,0.0000004765988137
0.7428955918262434,0.0000009517669923,-0.0000033380990772
0.7429956046780620,-0.0000028629299322,0.0000004765988137
0.7430956175298805,0.0000047664639169,0.0000004765988137
0.7431956303816991,-0.0000028629299322,0.0000042912961362
0.7432956432335176,0.0000009517669923,-0.0000033380990772
0.7433956560853361,-0.0000028629299322,0.0000004765988137
0.7434956689371546,0.0000009517669923,0.0000042912961362
0.7435956817889732,-0.0000028629299322,0.0000004765988137
0.7436956946407917,0.0000009517669923,0.0000004765988137
0.7437957074926101,-0.0000028629299322,-0.0000033380990772
0.7438957203444289,0.0000009517669923,0.0000042912961362
0.7439957331962473,0.0000009517669923,0.0000004765988137
0.7440957460480658,-0.0000104923301478,0.0000004765988137
0.7441957588998843,-0.0000066776278800,0.0000004765988137
0.7442957717517029,-0.0000104923301478,-0.0000033380990772
0.7443957846035214,0.0000047664639169,0.0000004765988137
0.7444957974553399,-0.0000028629299322,-0.0000033380990772
0.7445958103071585,-0.0000028629299322,0.0000004765988137
0.7446958231589770,-0.0000028629299322,-0.0000033380990772
0.7447958360107956,-0.0000028629299322,-0.0000033380990772
0.7448958488626141,0.0000047664639169,-0.0000033380990772
0.7449958617144327,-0.0000028629299322,-0.0000033380990772
0.7450958745662511,-0.0000028629299322,-0.0000033380990772
0.7451958874180696,-0.0000066757211243,0.0000004765988137
0.7452959002698882,0.0000009517669923,0.0000004765988137
0.7453959131217067,-0.0000028629299322,0.0000004765988137
0.7454959259735252,-0.0000028629299322,0.0000042912961362
0.7455959388253437,-0.0000028629299322,0.0000042912961362
0.7456959516771624,-0.0000066776278800,0.0000004765988137
0.7457959645289809,-0.0000104923301478,0.0000004765988137
0.7458959773807994,-0.0000143070201375,0.0000004765988137
0.7459959902326180,-0.0000028629299322,0.0000004765988137
0.7460960030844365,-0.0000028629299322,0.0000004765988137
0.7461960159362550,-0.0000028629299322,0.0000042912961362
0.7462960287880736,-0.0000028629299322,0.0000004765988137
0.7463960416398920,-0.0000028629299322,0.0000004765988137
0.7464960544917106,0.0000009517669923,0.0000004765988137
0.7465960673435291,-0.0000066776278800,0.0000004765988137
0.7466960801953477,-0.0000028629299322,-0.0000033380990772
0.7467960930471662,0.0000009517669923,0.0000042912961362
0.7468961058989847,-0.0000028629299322,-0.0000033380990772
0.7469961187508033,-0.0000028629299322,0.0000042912961362
0.7470961316026218,0.0000009517669923,0.0000004765988137
0.7471961444544403,-0.0000028629299322,0.0000004765988137
0.7472961573062588,0.0000009517669923,0.0000004765988137
0.7473961701580775,-0.0000143070201375,0.0000004765988137
0.7474961830098960,-0.0000066776278800,0.0000004765988137
0.7475961958617144,-0.0000066776278800,0.0000004765988137
0.7476962087135330,-0.0000028629299322,0.0000004765988137
0.7477962215653515,0.0000009517669923,0.0000004765988137
0.7478962344171700,-0.0000028629299322,0.0000004765988137
0.7479962472689885,-0.0000028629299322,0.0000004765988137
0.7480962601208071,-0.0000028629299322,0.0000004765988137
0.7481962729726256,-0.0000028629299322,0.0000004765988137
0.7482962858244442,-0.0000028629299322,0.0000004765988137
0.7483962986762628,0.0000009517669923,0.0000042912961362
0.7484963115280813,0.0000009517669923,0.0000004765988137
0.7485963243798998,-0.0000028629299322,0.0000004765988137
0.7486963372317184,-0.0000066776278800,0.0000004765988137
0.7487963500835368,-0.0000028629299322,0.0000004765988137
0.7488963629353553,-0.0000028629299322,0.0000004765988137
0.7489963757871738,-0.0000104923301478,0.0000004765988137
0.7490963886389925,-0.0000104923301478,0.0000004765988137
0.7491964014908110,-0.0000143070201375,0.0000042912961362
0.7492964143426295,-0.0000028629299322,-0.0000033380990772
0.7493964271944481,0.0000009517669923,0.0000004765988137
0.7494964400462666,0.0000009517669923,0.0000004765988137
0.7495964528980851,0.0000009517669923,-0.0000033380990772
0.7496964657499036,0.0000047664639169,0.0000004765988137
0.7497964786017222,-0.0000028629299322,0.0000004765988137
0.7498964914535406,-0.0000028629299322,-0.0000033380990772
0.7499965043053592,0.0000009517669923,-0.0000033380990772
0.7500965171571778,-0.0000028629299322,0.0000042912961362
0.7501965300089963,-0.0000066776278800,-0.0000033380990772
0.7502965428608148,-0.0000028629299322,0.0000004765988137
0.7503965557126333,-0.0000028629299322,0.0000042912961362
0.7504965685644519,-0.0000028629299322,0.0000004765988137
0.7505965814162704,-0.0000028629299322,0.0000004765988137
0.7506965942680889,-0.0000028629299322,-0.0000033380990772
0.7507966071199075,-0.0000143070201375,0.0000004765988137
0.7508966199717261,-0.0000181217201316,-0.0000071527961154
0.7509966328235446,-0.0000104923301478,0.0000004765988137
0.7510966456753632,-0.0000028629299322,-0.0000033380990772
0.7511966585271816,-0.0000028629299322,0.0000004765988137
0.7512966713790001,-0.0000104923301478,-0.0000033380990772
0.7513966842308186,-0.0000066776278800,0.0000042912961362
0.7514966970826372,-0.0000028629299322,0.0000042912961362
0.7515967099344557,-0.0000028629299322,0.0000042912961362
0.7516967227862742,-0.0000066776278800,0.0000004765988137
0.7517967356380929,-0.0000028629299322,0.0000004765988137
0.7518967484899114,-0.0000028629299322,0.0000042912961362
0.7519967613417299,-0.0000028629299322,0.0000004765988137
0.7520967741935484,0.0000009517669923,0.0000004765988137
0.7521967870453670,0.0000009517669923,0.0000004765988137
0.7522967998971855,-0.0000028629299322,0.0000042912961362
0.7523968127490039,-0.0000104923301478,0.0000004765988137
0.7524968256008225,-0.0000066776278800,0.0000004765988137
0.7525968384526411,-0.0000066776278800,0.0000004765988137
0.7526968513044596,-0.0000066776278800,0.0000004765988137
0.7527968641562781,-0.0000028629299322,0.0000004765988137
0.7528968770080967,0.0000047664639169,0.0000004765988137
0.7529968898599152,0.0000009517669923,0.0000004765988137
0.7530969027117337,-0.0000066776278800,0.0000004765988137
0.7531969155635523,-0.0000066776278800,0.0000004765988137
0.7532969284153708,-0.0000028629299322,-0.0000033380990772
0.7533969412671893,-0.0000028629299322,-0.0000033380990772
0.7534969541190079,0.0000009517669923,0.0000004765988137
0.7535969669708265,-0.0000028629299322,0.0000004765988137
0.7536969798226449,0.0000009517669923,0.0000004765988137
0.7537969926744634,0.0000009517669923,-0.0000033380990772
0.7538970055262820,-0.0000066776278800,-0.0000033380990772
0.7539970183781005,-0.0000028629299322,0.0000004765988137
0.7540970312299190,-0.0000143070201375,-0.0000033380990772
0.7541970440817376,-0.0000066776278800,0.0000004765988137
0.7542970569335561,-0.0000143070201375,-0.0000033380990772
0.7543970697853747,-0.0000066776278800,-0.0000033380990772
0.7544970826371932,-0.0000028629299322,-0.0000033380990772
0.7545970954890118,-0.0000066776278800,-0.0000033380990772
0.7546971083408303,-0.0000028629299322,-0.0000033380990772
0.7547971211926487,-0.0000028629299322,0.0000004765988137
0.7548971340444673,-0.0000066776278800,0.0000042912961362
0.7549971468962858,-0.0000028629299322,-0.0000033380990772
0.7550971597481043,-0.0000066776278800,0.0000004765988137
0.7551971725999229,-0.0000028629299322,0.0000004765988137
0.7552971854517415,-0.0000028629299322,-0.0000033380990772
0.7553971983035600,0.0000009517669923,-0.0000033380990772
0.7554972111553785,-0.0000028629299322,-0.0000071527961154
0.7555972240071971,0.0000009517669923,0.0000042912961362
0.7556972368590156,-0.0000104923301478,-0.0000033380990772
0.7557972497108341,-0.0000066776278800,0.0000004765988137
0.7558972625626525,-0.0000066776278800,-0.0000033380990772
0.7559972754144711,-0.0000028629299322,0.0000004765988137
0.7560972882662897,-0.0000028629299322,0.0000004765988137
0.7561973011181082,0.0000009517669923,-0.0000033380990772
0.7562973139699268,-0.0000028629299322,0.0000004765988137
0.7563973268217453,-0.0000028629299322,0.0000042912961362
0.7564973396735638,0.0000009517669923,0.0000004765988137
0.7565973525253823,-0.0000028629299322,0.0000004765988137
0.7566973653772009,-0.0000028629299322,0.0000042912961362
0.7567973782290194,-0.0000028629299322,0.0000004765988137
0.7568973910808379,0.0000009517669923,-0.0000033380990772
0.7569974039326566,0.0000009517669923,0.0000004765988137
0.7570974167844751,0.0000009517669923,-0.0000033380990772
0.7571974296362936,-0.0000028629299322,0.0000004765988137
0.7572974424881121,0.0000009517669923,-0.0000033380990772
0.7573974553399306,-0.0000143070201375,-0.0000033380990772
0.7574974681917491,-0.0000066776278800,0.0000004765988137
0.7575974810435676,-0.0000104923301478,0.0000004765988137
0.7576974938953862,-0.0000066776278800,-0.0000033380990772
0.7577975067472048,-0.0000028629299322,0.0000004765988137
0.7578975195990233,0.0000009517669923,-0.0000071527961154
0.7579975324508419,-0.0000028629299322,-0.0000033380990772
0.7580975453026604,-0.0000028629299322,0.0000004765988137
0.7581975581544789,-0.0000066776278800,0.0000042912961362
0.7582975710062974,-0.0000028629299322,0.0000004765988137
0.7583975838581160,-0.0000028629299322,0.0000042912961362
0.7584975967099344,-0.0000028629299322,0.0000004765988137
0.7585976095617529,0.0000047664639169,0.0000004765988137
0.7586976224135716,0.0000009517669923,0.0000004765988137
0.7587976352653901,0.0000009517669923,0.0000042912961362
0.7588976481172086,-0.0000028629299322,0.0000004765988137
0.7589976609690271,0.0000009517669923,0.0000004765988137
0.7590976738208457,-0.0000066776278800,0.0000042912961362
0.7591976866726642,-0.0000066776278800,-0.0000033380990772
0.7592976995244827,-0.0000028629299322,0.0000004765988137
0.7593977123763013,-0.0000028629299322,0.0000004765988137
0.7594977252281198,0.0000047664639169,0.0000004765988137
0.7595977380799384,0.0000047664639169,0.0000004765988137
0.7596977509317570,0.0000009517669923,0.0000004765988137
0.7597977637835754,0.0000047664639169,0.0000004765988137
0.7598977766353939,0.0000009517669923,0.0000004765988137
0.7599977894872124,0.0000047664639169,0.0000004765988137
0.7600978023390310,0.0000047664639169,-0.0000033380990772
0.7601978151908495,-0.0000028629299322,0.0000042912961362
0.7602978280426680,-0.0000028610229492,0.0000042912961362
0.7603978408944866,0.0000047664639169,0.0000004765988137
0.7604978537463052,0.0000009517669923,0.0000004765988137
0.7605978665981237,0.0000009517669923,-0.0000033380990772
0.7606978794499422,0.0000009517669923,0.0000004765988137
0.7607978923017608,-0.0000066776278800,0.0000004765988137
0.7608979051535792,-0.0000104923301478,-0.0000033380990772
0.7609979180053977,-0.0000028629299322,-0.0000033380990772
0.7610979308572163,0.0000047664639169,0.0000004765988137
0.7611979437090348,-0.0000028629299322,-0.0000033380990772
0.7612979565608534,0.0000009517669923,0.0000004765988137
0.7613979694126719,0.0000009517669923,0.0000004765988137
0.7614979822644905,0.0000009517669923,0.0000004765988137
0.7615979951163090,0.0000009517669923,0.0000004765988137
0.7616980079681275,-0.0000028629299322,0.0000004765988137
0.7617980208199461,-0.0000028629299322,-0.0000033380990772
0.7618980336717646,0.0000009517669923,0.0000004765988137
0.7619980465235831,0.0000047664639169,-0.0000033380990772
0.7620980593754015,0.0000009517669923,0.0000004765988137
0.7621980722272202,0.0000009517669923,0.0000004765988137
0.7622980850790387,-0.0000028629299322,0.0000004765988137
0.7623980979308572,-0.0000066776278800,0.0000004765988137
0.7624981107826758,-0.0000104923301478,-0.0000033380990772
0.7625981236344943,-0.0000028629299322,-0.0000033380990772
0.7626981364863128,0.0000009517669923,0.0000004765988137
0.7627981493381314,0.0000009517669923,-0.0000033380990772
0.7628981621899499,-0.0000028629299322,0.0000004765988137
0.7629981750417684,0.0000009517669923,-0.0000033380990772
0.7630981878935870,0.0000009517669923,0.0000042912961362
0.7631982007454056,0.0000009517669923,0.0000042912961362
0.7632982135972241,-0.0000028629299322,0.0000004765988137
0.7633982264490425,0.0000047664639169,0.0000004765988137
0.7634982393008611,-0.0000028629299322,0.0000042912961362
0.7635982521526796,0.0000009517669923,-0.0000033380990772
0.7636982650044981,-0.0000028629299322,0.0000042912961362
0.7637982778563166,0.0000009517669923,0.0000004765988137
0.7638982907081353,0.0000009517669923,0.0000004765988137
0.7639983035599538,0.0000009517669923,0.0000004765988137
0.7640983164117723,-0.0000028629299322,0.0000004765988137
0.7641983292635909,-0.0000028629299322,0.0000004765988137
0.7642983421154094,-0.0000104923301478,0.0000004765988137
0.7643983549672279,-0.0000028629299322,-0.0000033380990772
0.7644983678190463,0.0000009517669923,0.0000042912961362
0.7645983806708649,-0.0000066776278800,0.0000004765988137
0.7646983935226834,-0.0000028629299322,0.0000004765988137
0.7647984063745020,0.0000009517669923,0.0000004765988137
0.7648984192263206,-0.0000028629299322,0.0000004765988137
0.7649984320781391,-0.0000066776278800,0.0000004765988137
0.7650984449299576,-0.0000028629299322,0.0000004765988137
0.7651984577817761,-0.0000066776278800,0.0000004765988137
0.7652984706335947,0.0000009517669923,0.0000004765988137
0.7653984834854132,0.0000009517669923,0.0000004765988137
0.7654984963372317,-0.0000028629299322,0.0000004765988137
0.7655985091890503,-0.0000066776278800,-0.0000071527961154
0.7656985220408689,-0.0000066776278800,0.0000004765988137
0.7657985348926873,-0.0000066776278800,0.0000004765988137
0.7658985477445059,-0.0000066776278800,-0.0000033380990772
0.7659985605963244,-0.0000028629299322,0.0000004765988137
0.7660985734481429,-0.0000028629299322,0.0000004765988137
0.7661985862999614,0.0000047664639169,0.0000042912961362
0.7662985991517800,0.0000009517669923,0.0000004765988137
0.7663986120035985,0.0000009517669923,0.0000081059934018
0.7664986248554170,0.0000009517669923,0.0000042912961362
0.7665986377072357,-0.0000066776278800,0.0000004765988137
0.7666986505590542,-0.0000028629299322,0.0000004765988137
0.7667986634108727,0.0000009517669923,0.0000004765988137
0.7668986762626911,0.0000009517669923,0.0000004765988137
0.7669986891145097,0.0000009517669923,0.0000004765988137
0.7670987019663282,-0.0000028629299322,0.0000042912961362
0.7671987148181467,-0.0000028629299322,0.0000004765988137
0.7672987276699653,-0.0000028629299322,0.0000004765988137
0.7673987405217839,-0.0000181217201316,0.0000004765988137
0.7674987533736024,-0.0000104923301478,0.0000004765988137
0.7675987662254209,-0.0000104923301478,0.0000004765988137
0.7676987790772395,-0.0000028629299322,0.0000004765988137
0.7677987919290580,0.0000009517669923,0.0000004765988137
0.7678988047808765,-0.0000028629299322,0.0000004765988137
0.7679988176326951,-0.0000066776278800,0.0000042912961362
0.7680988304845136,-0.0000028629299322,-0.0000033380990772
0.7681988433363320,-0.0000028629299322,0.0000004765988137
0.7682988561881507,-0.0000028629299322,0.0000004765988137
0.7683988690399692,0.0000009517669923,0.0000042912961362
0.7684988818917877,0.0000009517669923,-0.0000033380990772
0.7685988947436062,0.0000009517669923,0.0000042912961362
0.7686989075954248,-0.0000028629299322,0.0000004765988137
0.7687989204472433,-0.0000028629299322,0.0000042912961362
0.7688989332990618,-0.0000028629299322,-0.0000033380990772
0.7689989461508804,-0.0000181217201316,-0.0000033380990772
0.7690989590026989,-0.0000066776278800,0.0000004765988137
0.7691989718545175,-0.0000143070201375,0.0000004765988137
0.7692989847063360,-0.0000028629299322,0.0000042912961362
0.7693989975581546,-0.0000028629299322,0.0000004765988137
0.7694990104099730,-0.0000028629299322,0.0000004765988137
0.7695990232617915,0.0000009517669923,0.0000004765988137
0.7696990361136101,-0.0000028629299322,0.0000004765988137
0.7697990489654286,-0.0000028629299322,0.0000042912961362
0.7698990618172471,0.0000009517669923,-0.0000033380990772
0.7699990746690657,0.0000009517669923,-0.0000033380990772
0.7700990875208843,0.0000009517669923,-0.0000033380990772
0.7701991003727028,0.0000009517669923,-0.0000033380990772
0.7702991132245213,0.0000009517669923,-0.0000033380990772
0.7703991260763399,-0.0000066776278800,0.0000042912961362
0.7704991389281584,-0.0000028629299322,0.0000004765988137
0.7705991517799768,-0.0000066776278800,0.0000004765988137
0.7706991646317953,-0.0000066776278800,0.0000004765988137
0.7707991774836139,-0.0000066776278800,0.0000004765988137
0.7708991903354325,-0.0000143070201375,0.0000004765988137
0.7709992031872510,-0.0000104923301478,-0.0000033380990772
0.7710992160390696,-0.0000028629299322,0.0000004765988137
0.7711992288908881,-0.0000028629299322,0.0000004765988137
0.7712992417427066,-0.0000028629299322,0.0000004765988137
0.7713992545945252,-0.0000028629299322,0.0000004765988137
0.7714992674463437,0.0000009517669923,0.0000004765988137
0.7715992802981622,-0.0000028629299322,0.0000004765988137
0.7716992931499806,-0.0000028629299322,0.0000004765988137
0.7717993060017994,-0.0000028629299322,0.0000004765988137
0.7718993188536178,-0.0000066776278800,0.0000004765988137
0.7719993317054363,-0.0000028629299322,0.0000004765988137
0.7720993445572549,0.0000009517669923,0.0000004765988137
0.7721993574090734,-0.0000066776278800,-0.0000033380990772
0.7722993702608919,-0.0000028629299322,-0.0000033380990772
0.7723993831127104,-0.0000066776278800,0.0000042912961362
0.7724993959645290,0.0000009517669923,0.0000004765988137
0.7725994088163476,-0.0000066776278800,-0.0000033380990772
0.7726994216681661,-0.0000028629299322,0.0000004765988137
0.7727994345199847,-0.0000066776278800,0.0000004765988137
0.7728994473718032,-0.0000028629299322,0.0000004765988137
0.7729994602236216,-0.0000066776278800,-0.0000033380990772
0.7730994730754401,-0.0000028629299322,0.0000004765988137
0.7731994859272587,0.0000009517669923,0.0000004765988137
0.7732994987790772,0.0000009517669923,-0.0000033380990772
0.7733995116308957,0.0000009517669923,0.0000004765988137
0.7734995244827144,0.0000009517669923,-0.0000033380990772
0.7735995373345329,-0.0000028629299322,0.0000004765988137
0.7736995501863514,0.0000009517669923,0.0000004765988137
0.7737995630381700,0.0000009517669923,0.0000004765988137
0.7738995758899885,-0.0000028629299322,-0.0000033380990772
0.7739995887418070,0.0000009517669923,0.0000004765988137
0.7740996015936255,-0.0000104923301478,0.0000004765988137
0.7741996144454441,-0.0000066776278800,-0.0000033380990772
0.7742996272972625,-0.0000104923301478,-0.0000033380990772
0.7743996401490811,-0.0000028629299322,0.0000004765988137
0.7744996530008997,0.0000009517669923,-0.0000033380990772
0.7745996658527182,-0.0000028629299322,-0.0000033380990772
0.7746996787045367,-0.0000028629299322,-0.0000033380990772
0.7747996915563552,-0.0000028629299322,0.0000004765988137
0.7748997044081738,-0.0000028629299322,0.0000004765988137
0.7749997172599923,0.0000009517669923,0.0000004765988137
0.7750997301118108,-0.0000028629299322,0.0000042912961362
0.7751997429636294,0.0000009517669923,0.0000004765988137
0.7752997558154480,0.0000009517669923,0.0000004765988137
0.7753997686672665,0.0000009517669923,0.0000004765988137
0.7754997815190849,0.0000009517669923,-0.0000033380990772
0.7755997943709035,0.0000009517669923,0.0000042912961362
0.7756998072227220,-0.0000104923301478,-0.0000033380990772
0.7757998200745405,-0.0000066776278800,0.0000004765988137
0.7758998329263591,-0.0000104923301478,-0.0000033380990772
0.7759998457781776,-0.0000066776278800,-0.0000033380990772
0.7760998586299962,0.0000009517669923,0.0000042912961362
0.7761998714818147,0.0000047664639169,0.0000004765988137
0.7762998843336333,-0.0000028629299322,-0.0000033380990772
0.7763998971854518,0.0000009517669923,0.0000004765988137
0.7764999100372703,-0.0000028629299322,0.0000004765988137
0.7765999228890889,-0.0000028629299322,0.0000004765988137
0.7766999357409073,-0.0000066776278800,0.0000004765988137
0.7767999485927258,0.0000009517669923,0.0000042912961362
0.7768999614445444,-0.0000028629299322,0.0000004765988137
0.7769999742963630,-0.0000028629299322,0.0000004765988137
0.7770999871481815,0.0000009517669923,0.0000004765988137
0.7772000000000000,0.0000009517669923,-0.0000033380990772
