#timeI (float64)[1],PositionR (float64)[1],PositionZ (float64)[1]
-0.0010000000000000,0.0000000000000000,0.0000000000000000
-0.0008999805862939,0.0000000000000000,0.0000000000000000
-0.0007999611725878,0.0000000000000000,0.0000000000000000
-0.0006999417588818,0.0000000000000000,0.0000000000000000
-0.0005999223451757,0.0000000000000000,0.0000000000000000
-0.0004999029314696,0.0000000000000000,0.0000000000000000
-0.0003998835177635,0.0000000000000000,0.0000000000000000
-0.0002998641040575,0.0000000000000000,0.0000000000000000
-0.0001998446903514,-0.0000090599060059,0.0000033376220472
-0.0000998252766453,-0.0000014305120430,-0.0000004768372150
0.0000001941370608,-0.0000014305120430,0.0000033378601074
0.0001002135507668,-0.0000586509704590,-0.0000004769564157
0.0002002329644729,-0.0000128745996335,0.0000033376220472
0.0003002523781790,-0.0000014305120430,0.0000033376220472
0.0004002717918851,0.0000023841860184,-0.0000004768372150
0.0005002912055911,0.0000023841860184,-0.0000004768372150
0.0006003106192972,0.0000023841860184,-0.0000004768372150
0.0007003300330033,0.0000023841860184,0.0000033378601074
0.0008003494467094,-0.0000014305120430,-0.0000004768372150
0.0009003688604155,-0.0000014305120430,-0.0000042915339691
0.0010003882741215,0.0000023841860184,-0.0000042915339691
0.0011004076878276,-0.0000052452091950,-0.0000004768372150
0.0012004271015337,-0.0000014305120430,-0.0000004768372150
0.0013004465152398,-0.0000090599060059,-0.0000004770756163
0.0014004659289458,-0.0000205039996217,-0.0000004770756163
0.0015004853426519,-0.0000014305120430,0.0000033376220472
0.0016005047563580,0.0000023841860184,-0.0000004768372150
0.0017005241700641,0.0000023841860184,-0.0000004768372150
0.0018005435837701,0.0000023841860184,-0.0000042915339691
0.0019005629974762,0.0000023841860184,-0.0000004768372150
0.0020005824111823,0.0000023841860184,-0.0000042915339691
0.0021006018248884,0.0000061988839661,0.0000033378601074
0.0022006212385944,-0.0000014305120430,-0.0000004768372150
0.0023006406523005,0.0000023841860184,-0.0000004768372150
0.0024006600660066,-0.0000014305120430,0.0000033378601074
0.0025006794797127,0.0000023841860184,-0.0000004768372150
0.0026006988934188,-0.0000014305120430,-0.0000004768372150
0.0027007183071248,0.0000023841860184,-0.0000004768372150
0.0028007377208309,0.0000023841860184,-0.0000004768372150
0.0029007571345370,-0.0000014305120430,-0.0000004770756163
0.0030007765482431,-0.0000166893005371,-0.0000042917731662
0.0031007959619491,-0.0000052452091950,-0.0000004770756163
0.0032008153756552,-0.0000014305120430,-0.0000042915339691
0.0033008347893613,-0.0000014305120430,-0.0000004768372150
0.0034008542030674,-0.0000014305120430,0.0000033378601074
0.0035008736167734,-0.0000014305120430,0.0000033378601074
0.0036008930304795,0.0000023841860184,0.0000033376220472
0.0037009124441856,0.0000023841860184,-0.0000004768372150
0.0038009318578917,-0.0000052452091950,-0.0000004768372150
0.0039009512715977,0.0000023841860184,0.0000033376220472
0.0040009706853038,-0.0000014305120430,-0.0000042915339691
0.0041009900990099,-0.0000014305120430,-0.0000004768372150
0.0042010095127160,-0.0000014305120430,-0.0000004768372150
0.0043010289264221,-0.0000014305120430,-0.0000004768372150
0.0044010483401281,-0.0000014305120430,0.0000033376220472
0.0045010677538342,-0.0000014305120430,-0.0000004768372150
0.0046010871675403,-0.0000052452091950,-0.0000004770756163
0.0047011065812464,-0.0000166893005371,-0.0000042917731662
0.0048011259949524,-0.0000014305120430,-0.0000042917731662
0.0049011454086585,-0.0000014305120430,0.0000033376220472
0.0050011648223646,-0.0000014305120430,-0.0000004768372150
0.0051011842360707,-0.0000014305120430,0.0000033378601074
0.0052012036497767,-0.0000014305120430,0.0000033376220472
0.0053012230634828,-0.0000014305120430,-0.0000004768372150
0.0054012424771889,-0.0000014305120430,-0.0000004768372150
0.0055012618908950,0.0000023841860184,-0.0000004770756163
0.0056012813046010,-0.0000014305120430,-0.0000042915339691
0.0057013007183071,-0.0000052452091950,-0.0000004770756163
0.0058013201320132,-0.0000014305120430,-0.0000004768372150
0.0059013395457193,-0.0000014305120430,0.0000033376220472
0.0060013589594254,-0.0000014305120430,-0.0000004768372150
0.0061013783731314,-0.0000052452091950,-0.0000004768372150
0.0062013977868375,-0.0000128745996335,-0.0000042917731662
0.0063014172005436,-0.0000052452091950,-0.0000004770756163
0.0064014366142497,-0.0000090599060059,-0.0000042917731662
0.0065014560279557,-0.0000052452091950,-0.0000004770756163
0.0066014754416618,-0.0000014305120430,-0.0000004770756163
0.0067014948553679,-0.0000014305120430,0.0000033376220472
0.0068015142690740,-0.0000014305120430,-0.0000004770756163
0.0069015336827800,-0.0000014305120430,0.0000033378601074
0.0070015530964861,-0.0000014305120430,-0.0000004768372150
0.0071015725101922,-0.0000014305120430,-0.0000004768372150
0.0072015919238983,-0.0000014305120430,-0.0000042915339691
0.0073016113376043,0.0000023841860184,0.0000033376220472
0.0074016307513104,-0.0000205039996217,-0.0000042917731662
0.0075016501650165,-0.0000243187005253,-0.0000004770756163
0.0076016695787226,-0.0000205039996217,-0.0000042917731662
0.0077016889924287,-0.0000052452091950,0.0000033376220472
0.0078017084061347,-0.0000205039996217,-0.0000042917731662
0.0079017278198408,0.0000061984060267,0.0000033377409636
0.0080017472335469,0.0000176425000973,0.0000033377409636
0.0081017666472530,-0.0000243187005253,-0.0000004770756163
0.0082017860609590,-0.0000090599060059,-0.0000004770756163
0.0083018054746651,-0.0000014305120430,-0.0000004768372150
0.0084018248883712,-0.0000090599060059,-0.0000004770756163
0.0085018443020773,0.0000138278001032,-0.0000042916540224
0.0086018637157833,-0.0000281333905150,-0.0000042917731662
0.0087018831294894,-0.0000166893005371,-0.0000042917731662
0.0088019025431955,0.0000138278001032,0.0000033377409636
0.0089019219569016,-0.0000205039996217,-0.0000004770756163
0.0090019413706076,-0.0000090599060059,-0.0000004770756163
0.0091019607843137,0.0000023841860184,-0.0000004768372150
0.0092019801980198,-0.0000014305120430,-0.0000004768372150
0.0093019996117259,0.0000138278001032,-0.0000004769564157
0.0094020190254320,-0.0000243187005253,0.0000033376220472
0.0095020384391380,-0.0000357627905032,-0.0000042916540224
0.0096020578528441,0.0000176425000973,0.0000033377409636
0.0097020772665502,-0.0000243187005253,-0.0000004770756163
0.0098020966802563,-0.0000357627905032,-0.0000042916540224
0.0099021160939623,0.0000023841860184,0.0000033378601074
0.0100021355076684,-0.0000014305120430,-0.0000004768372150
0.0101021549213745,0.0000138278001032,-0.0000004769564157
0.0102021743350806,-0.0000243187005253,-0.0000004770756163
0.0103021937487866,0.0000138278001032,0.0000033377409636
0.0104022131624927,-0.0000319480895996,-0.0000042917731662
0.0105022325761988,-0.0000166893005371,-0.0000042917731662
0.0106022519899049,0.0000138278001032,-0.0000004768372150
0.0107022714036110,0.0000100131001091,0.0000033378601074
0.0108022908173170,0.0000023841860184,-0.0000004768372150
0.0109023102310231,-0.0000357627905032,-0.0000004770756163
0.0110023296447292,-0.0000128745996335,-0.0000042917731662
0.0111023490584353,0.0000100131001091,-0.0000004769564157
0.0112023684721413,0.0000214571991819,-0.0000004769564157
0.0113023878858474,-0.0000205039996217,-0.0000004770756163
0.0114024072995535,-0.0000014305120430,-0.0000004770756163
0.0115024267132596,-0.0000128745996335,-0.0000004770756163
0.0116024461269656,-0.0000281333905150,-0.0000042916540224
0.0117024655406717,-0.0000052452091950,-0.0000004770756163
0.0118024849543778,-0.0000128745996335,-0.0000004770756163
0.0119025043680839,0.0000176425000973,-0.0000042916540224
0.0120025237817899,0.0000176425000973,-0.0000042916540224
0.0121025431954960,0.0000023841860184,0.0000033378601074
0.0122025626092021,-0.0000014305120430,0.0000033376220472
0.0123025820229082,-0.0000014305120430,-0.0000004768372150
0.0124026014366143,-0.0000014305120430,-0.0000004768372150
0.0125026208503203,-0.0000014305120430,-0.0000042915339691
0.0126026402640264,-0.0000014305120430,-0.0000004768372150
0.0127026596777325,-0.0000014305120430,0.0000033376220472
0.0128026790914386,-0.0000014305120430,-0.0000004770756163
0.0129026985051446,-0.0000090599060059,0.0000033376220472
0.0130027179188507,-0.0000052452091950,-0.0000004770756163
0.0131027373325568,-0.0000090599060059,0.0000033376220472
0.0132027567462629,-0.0000014305120430,-0.0000004770756163
0.0133027761599689,-0.0000014305120430,-0.0000004770756163
0.0134027955736750,-0.0000052452091950,-0.0000042915339691
0.0135028149873811,-0.0000014305120430,-0.0000004770756163
0.0136028344010872,-0.0000014305120430,-0.0000004770756163
0.0137028538147932,-0.0000052452091950,-0.0000004770756163
0.0138028732284993,-0.0000052452091950,-0.0000004770756163
0.0139028926422054,-0.0000090599060059,-0.0000004770756163
0.0140029120559115,-0.0000090599060059,-0.0000004770756163
0.0141029314696176,-0.0000052452091950,0.0000033376220472
0.0142029508833236,-0.0000014305120430,-0.0000004770756163
0.0143029702970297,-0.0000090599060059,-0.0000042917731662
0.0144029897107358,-0.0000014305120430,0.0000033376220472
0.0145030091244419,-0.0000052452091950,-0.0000004770756163
0.0146030285381479,-0.0000090599060059,0.0000033376220472
0.0147030479518540,-0.0000205039996217,-0.0000042917731662
0.0148030673655601,-0.0000052452091950,-0.0000042917731662
0.0149030867792662,-0.0000052452091950,-0.0000042917731662
0.0150031061929722,-0.0000052452091950,-0.0000004770756163
0.0151031256066783,-0.0000052452091950,0.0000033376220472
0.0152031450203844,-0.0000014305120430,-0.0000004770756163
0.0153031644340905,-0.0000014305120430,-0.0000004770756163
0.0154031838477965,-0.0000014305120430,-0.0000004770756163
0.0155032032615026,-0.0000090599060059,-0.0000004770756163
0.0156032226752087,-0.0000052452091950,-0.0000004770756163
0.0157032420889148,-0.0000052452091950,-0.0000004770756163
0.0158032615026209,-0.0000052452091950,0.0000033376220472
0.0159032809163269,-0.0000052452091950,0.0000033376220472
0.0160033003300330,-0.0000014305120430,-0.0000004770756163
0.0161033197437391,-0.0000014305120430,-0.0000004770756163
0.0162033391574452,-0.0000128745996335,-0.0000004770756163
0.0163033585711512,-0.0000052452091950,-0.0000004770756163
0.0164033779848573,-0.0000090599060059,-0.0000004770756163
0.0165033973985634,-0.0000014305120430,-0.0000004770756163
0.0166034168122695,-0.0000014305120430,-0.0000004770756163
0.0167034362259755,-0.0000014305120430,-0.0000004770756163
0.0168034556396816,-0.0000052452091950,-0.0000004770756163
0.0169034750533877,-0.0000014305120430,-0.0000042915339691
0.0170034944670938,-0.0000052452091950,0.0000033376220472
0.0171035138807998,0.0000023841860184,0.0000033376220472
0.0172035332945059,-0.0000014305120430,-0.0000004768372150
0.0173035527082120,-0.0000014305120430,0.0000033376220472
0.0174035721219181,-0.0000014305120430,-0.0000004770756163
0.0175035915356242,-0.0000052452091950,-0.0000042915339691
0.0176036109493302,-0.0000014305120430,-0.0000004770756163
0.0177036303630363,-0.0000052452091950,-0.0000004770756163
0.0178036497767424,-0.0000052452091950,0.0000033376220472
0.0179036691904485,-0.0000128745996335,-0.0000004770756163
0.0180036886041545,-0.0000052452091950,0.0000033376220472
0.0181037080178606,-0.0000128745996335,-0.0000004770756163
0.0182037274315667,-0.0000014305120430,-0.0000042917731662
0.0183037468452728,-0.0000052452091950,-0.0000004770756163
0.0184037662589788,-0.0000014305120430,-0.0000042915339691
0.0185037856726849,0.0000023841860184,-0.0000042915339691
0.0186038050863910,0.0000023841860184,0.0000033376220472
0.0187038245000971,-0.0000014305120430,0.0000033376220472
0.0188038439138031,0.0000023841860184,-0.0000004768372150
0.0189038633275092,-0.0000052452091950,-0.0000004768372150
0.0190038827412153,0.0000023841860184,-0.0000004768372150
0.0191039021549214,0.0000023841860184,-0.0000004768372150
0.0192039215686275,-0.0000014305120430,-0.0000004768372150
0.0193039409823335,0.0000023841860184,-0.0000004768372150
0.0194039603960396,-0.0000014305120430,-0.0000004768372150
0.0195039798097457,0.0000023841860184,-0.0000004768372150
0.0196039992234518,-0.0000052452091950,-0.0000004768372150
0.0197040186371578,-0.0000052452091950,-0.0000004770756163
0.0198040380508639,-0.0000014305120430,-0.0000004770756163
0.0199040574645700,0.0000023841860184,-0.0000004768372150
0.0200040768782761,-0.0000014305120430,-0.0000004768372150
0.0201040962919821,-0.0000052452091950,-0.0000042915339691
0.0202041157056882,-0.0000014305120430,-0.0000004768372150
0.0203041351193943,0.0000023841860184,-0.0000081062316895
0.0204041545331004,0.0000023841860184,-0.0000042915339691
0.0205041739468064,0.0000023841860184,-0.0000004768372150
0.0206041933605125,0.0000023841860184,-0.0000004768372150
0.0207042127742186,0.0000023841860184,-0.0000004768372150
0.0208042321879247,-0.0000014305120430,0.0000033378601074
0.0209042516016308,0.0000061988839661,-0.0000004768372150
0.0210042710153368,0.0000023841860184,-0.0000004768372150
0.0211042904290429,-0.0000014305120430,-0.0000004768372150
0.0212043098427490,0.0000061988839661,-0.0000004768372150
0.0213043292564551,-0.0000090599060059,-0.0000004770756163
0.0214043486701611,-0.0000014305120430,-0.0000042917731662
0.0215043680838672,-0.0000052452091950,-0.0000004770756163
0.0216043874975733,-0.0000014305120430,-0.0000042915339691
0.0217044069112794,0.0000023841860184,0.0000033378601074
0.0218044263249854,-0.0000014305120430,-0.0000004768372150
0.0219044457386915,-0.0000014305120430,-0.0000042915339691
0.0220044651523976,0.0000023841860184,-0.0000004768372150
0.0221044845661037,0.0000023841860184,0.0000033378601074
0.0222045039798098,-0.0000014305120430,-0.0000004768372150
0.0223045233935158,0.0000023841860184,-0.0000004768372150
0.0224045428072219,-0.0000014305120430,-0.0000004768372150
0.0225045622209280,-0.0000014305120430,-0.0000042915339691
0.0226045816346341,0.0000023841860184,-0.0000004768372150
0.0227046010483401,-0.0000014305120430,-0.0000042915339691
0.0228046204620462,-0.0000014305120430,-0.0000042915339691
0.0229046398757523,-0.0000090599060059,-0.0000004770756163
0.0230046592894584,-0.0000128745996335,-0.0000004770756163
0.0231046787031644,-0.0000052452091950,-0.0000004770756163
0.0232046981168705,-0.0000014305120430,0.0000033376220472
0.0233047175305766,0.0000023841860184,0.0000071523190854
0.0234047369442827,-0.0000014305120430,-0.0000042915339691
0.0235047563579887,-0.0000014305120430,-0.0000004768372150
0.0236047757716948,-0.0000014305120430,-0.0000004768372150
0.0237047951854009,-0.0000014305120430,-0.0000004768372150
0.0238048145991070,0.0000023841860184,-0.0000004768372150
0.0239048340128131,0.0000023841860184,-0.0000042915339691
0.0240048534265191,-0.0000052452091950,-0.0000042915339691
0.0241048728402252,-0.0000014305120430,-0.0000042915339691
0.0242048922539313,-0.0000014305120430,-0.0000004768372150
0.0243049116676374,-0.0000014305120430,-0.0000042915339691
0.0244049310813434,0.0000023841860184,-0.0000004768372150
0.0245049504950495,-0.0000014305120430,-0.0000004768372150
0.0246049699087556,-0.0000052452091950,-0.0000042917731662
0.0247049893224617,-0.0000166893005371,-0.0000004770756163
0.0248050087361677,-0.0000052452091950,-0.0000004770756163
0.0249050281498738,-0.0000014305120430,-0.0000004770756163
0.0250050475635799,-0.0000014305120430,-0.0000004768372150
0.0251050669772860,-0.0000014305120430,-0.0000004768372150
0.0252050863909920,0.0000023841860184,0.0000033376220472
0.0253051058046981,-0.0000090599060059,-0.0000004768372150
0.0254051252184042,-0.0000014305120430,-0.0000042915339691
0.0255051446321103,-0.0000014305120430,-0.0000004768372150
0.0256051640458164,-0.0000052452091950,-0.0000004768372150
0.0257051834595224,0.0000023841860184,-0.0000004768372150
0.0258052028732285,-0.0000014305120430,-0.0000004768372150
0.0259052222869346,-0.0000014305120430,-0.0000004768372150
0.0260052417006407,-0.0000014305120430,-0.0000004768372150
0.0261052611143467,-0.0000014305120430,-0.0000004768372150
0.0262052805280528,-0.0000128745996335,-0.0000004770756163
0.0263052999417589,-0.0000090599060059,-0.0000004770756163
0.0264053193554650,-0.0000090599060059,0.0000033376220472
0.0265053387691710,-0.0000052452091950,-0.0000081062316895
0.0266053581828771,-0.0000014305120430,-0.0000004768372150
0.0267053775965832,-0.0000014305120430,-0.0000004768372150
0.0268053970102893,-0.0000052452091950,-0.0000004768372150
0.0269054164239953,-0.0000014305120430,-0.0000004770756163
0.0270054358377014,-0.0000014305120430,0.0000033376220472
0.0271054552514075,-0.0000014305120430,-0.0000042915339691
0.0272054746651136,-0.0000014305120430,-0.0000042915339691
0.0273054940788196,0.0000023841860184,-0.0000042915339691
0.0274055134925257,-0.0000052452091950,-0.0000004770756163
0.0275055329062318,-0.0000052452091950,0.0000033376220472
0.0276055523199379,-0.0000052452091950,-0.0000004768372150
0.0277055717336440,-0.0000014305120430,0.0000033376220472
0.0278055911473500,-0.0000052452091950,-0.0000004770756163
0.0279056105610561,-0.0000205039996217,-0.0000004770756163
0.0280056299747622,-0.0000052452091950,-0.0000042917731662
0.0281056493884683,-0.0000128745996335,-0.0000042917731662
0.0282056688021743,-0.0000090599060059,-0.0000042917731662
0.0283056882158804,-0.0000052452091950,-0.0000042915339691
0.0284057076295865,-0.0000052452091950,-0.0000004770756163
0.0285057270432926,-0.0000014305120430,-0.0000004770756163
0.0286057464569986,-0.0000052452091950,-0.0000004768372150
0.0287057658707047,-0.0000052452091950,-0.0000004770756163
0.0288057852844108,-0.0000052452091950,-0.0000004770756163
0.0289058046981169,-0.0000052452091950,-0.0000004770756163
0.0290058241118229,-0.0000014305120430,-0.0000004770756163
0.0291058435255290,-0.0000052452091950,-0.0000004768372150
0.0292058629392351,-0.0000052452091950,-0.0000004770756163
0.0293058823529412,-0.0000052452091950,-0.0000004770756163
0.0294059017666473,-0.0000052452091950,-0.0000004770756163
0.0295059211803533,-0.0000128745996335,-0.0000042917731662
0.0296059405940594,-0.0000090599060059,-0.0000004770756163
0.0297059600077655,-0.0000128745996335,-0.0000042917731662
0.0298059794214716,-0.0000052452091950,-0.0000004770756163
0.0299059988351776,-0.0000052452091950,-0.0000004770756163
0.0300060182488837,-0.0000052452091950,-0.0000004770756163
0.0301060376625898,-0.0000052452091950,-0.0000004770756163
0.0302060570762959,-0.0000090599060059,-0.0000004770756163
0.0303060764900019,-0.0000052452091950,-0.0000004770756163
0.0304060959037080,-0.0000052452091950,-0.0000004770756163
0.0305061153174141,-0.0000014305120430,-0.0000004770756163
0.0306061347311202,-0.0000014305120430,-0.0000004770756163
0.0307061541448263,-0.0000014305120430,-0.0000004770756163
0.0308061735585323,-0.0000052452091950,-0.0000004770756163
0.0309061929722384,-0.0000014305120430,-0.0000004770756163
0.0310062123859445,-0.0000014305120430,0.0000033376220472
0.0311062317996506,-0.0000052452091950,-0.0000042915339691
0.0312062512133566,-0.0000090599060059,-0.0000004770756163
0.0313062706270627,-0.0000128745996335,-0.0000004770756163
0.0314062900407688,-0.0000205039996217,-0.0000042917731662
0.0315063094544749,-0.0000090599060059,-0.0000042917731662
0.0316063288681809,-0.0000052452091950,-0.0000042917731662
0.0317063482818870,-0.0000090599060059,-0.0000004770756163
0.0318063676955931,-0.0000052452091950,-0.0000004770756163
0.0319063871092992,-0.0000090599060059,-0.0000004770756163
0.0320064065230052,-0.0000090599060059,-0.0000042917731662
0.0321064259367113,-0.0000052452091950,-0.0000004770756163
0.0322064453504174,-0.0000052452091950,-0.0000004770756163
0.0323064647641235,-0.0000052452091950,-0.0000042917731662
0.0324064841778296,-0.0000052452091950,-0.0000004770756163
0.0325065035915356,-0.0000090599060059,-0.0000004770756163
0.0326065230052417,-0.0000052452091950,-0.0000042917731662
0.0327065424189478,-0.0000052452091950,-0.0000042917731662
0.0328065618326539,-0.0000090599060059,-0.0000042917731662
0.0329065812463599,-0.0000128745996335,-0.0000042917731662
0.0330066006600660,-0.0000128745996335,-0.0000004770756163
0.0331066200737721,-0.0000128745996335,-0.0000042917731662
0.0332066394874782,-0.0000090599060059,-0.0000004770756163
0.0333066589011842,-0.0000014305120430,0.0000033376220472
0.0334066783148903,-0.0000052452091950,-0.0000081062316895
0.0335066977285964,-0.0000052452091950,-0.0000004770756163
0.0336067171423025,-0.0000090599060059,-0.0000004770756163
0.0337067365560085,-0.0000052452091950,-0.0000004770756163
0.0338067559697146,-0.0000052452091950,-0.0000004770756163
0.0339067753834207,-0.0000090599060059,-0.0000004770756163
0.0340067947971268,-0.0000090599060059,-0.0000004770756163
0.0341068142108329,-0.0000052452091950,-0.0000042917731662
0.0342068336245389,-0.0000052452091950,-0.0000042917731662
0.0343068530382450,-0.0000052452091950,-0.0000042917731662
0.0344068724519511,-0.0000014305120430,0.0000033376220472
0.0345068918656572,-0.0000090599060059,-0.0000004770756163
0.0346069112793632,-0.0000090599060059,-0.0000004770756163
0.0347069306930693,-0.0000166893005371,-0.0000004770756163
0.0348069501067754,-0.0000128745996335,-0.0000004770756163
0.0349069695204815,-0.0000052452091950,0.0000033376220472
0.0350069889341875,-0.0000090599060059,-0.0000004770756163
0.0351070083478936,-0.0000052452091950,-0.0000004770756163
0.0352070277615997,-0.0000014305120430,-0.0000004770756163
0.0353070471753058,-0.0000052452091950,0.0000033376220472
0.0354070665890118,-0.0000052452091950,0.0000033376220472
0.0355070860027179,-0.0000052452091950,-0.0000004770756163
0.0356071054164240,-0.0000014305120430,-0.0000004770756163
0.0357071248301301,-0.0000052452091950,-0.0000004770756163
0.0358071442438362,-0.0000052452091950,-0.0000004770756163
0.0359071636575422,-0.0000052452091950,0.0000033376220472
0.0360071830712483,-0.0000052452091950,-0.0000004770756163
0.0361072024849544,-0.0000014305120430,-0.0000042915339691
0.0362072218986605,-0.0000205039996217,0.0000033376220472
0.0363072413123665,-0.0000090599060059,-0.0000004770756163
0.0364072607260726,-0.0000128745996335,-0.0000081064708866
0.0365072801397787,-0.0000090599060059,-0.0000042917731662
0.0366072995534848,-0.0000014305120430,-0.0000004770756163
0.0367073189671908,-0.0000052452091950,-0.0000042917731662
0.0368073383808969,-0.0000014305120430,-0.0000004770756163
0.0369073577946030,-0.0000052452091950,0.0000033376220472
0.0370073772083091,-0.0000014305120430,-0.0000004770756163
0.0371073966220151,-0.0000090599060059,-0.0000004770756163
0.0372074160357212,-0.0000014305120430,-0.0000081062316895
0.0373074354494273,-0.0000014305120430,-0.0000004770756163
0.0374074548631334,-0.0000014305120430,-0.0000004768372150
0.0375074742768395,-0.0000052452091950,-0.0000004770756163
0.0376074936905455,-0.0000014305120430,-0.0000004770756163
0.0377075131042516,-0.0000014305120430,-0.0000004770756163
0.0378075325179577,-0.0000014305120430,-0.0000042915339691
0.0379075519316638,-0.0000128745996335,-0.0000004770756163
0.0380075713453698,-0.0000014305120430,-0.0000042917731662
0.0381075907590759,-0.0000128745996335,-0.0000004770756163
0.0382076101727820,-0.0000128745996335,0.0000033376220472
0.0383076295864881,-0.0000014305120430,0.0000033376220472
0.0384076490001941,-0.0000014305120430,0.0000033376220472
0.0385076684139002,-0.0000014305120430,-0.0000004768372150
0.0386076878276063,-0.0000014305120430,-0.0000042915339691
0.0387077072413124,-0.0000052452091950,-0.0000042915339691
0.0388077266550184,-0.0000052452091950,0.0000071523190854
0.0389077460687245,0.0000023841860184,-0.0000004768372150
0.0390077654824306,-0.0000014305120430,-0.0000004768372150
0.0391077848961367,0.0000023841860184,-0.0000004768372150
0.0392078043098428,0.0000023841860184,-0.0000004768372150
0.0393078237235488,0.0000023841860184,-0.0000004768372150
0.0394078431372549,0.0000023841860184,-0.0000004768372150
0.0395078625509610,-0.0000052452091950,-0.0000004770756163
0.0396078819646671,-0.0000014305120430,0.0000033376220472
0.0397079013783731,-0.0000090599060059,-0.0000004770756163
0.0398079207920792,-0.0000052452091950,0.0000033376220472
0.0399079402057853,-0.0000014305120430,-0.0000004768372150
0.0400079596194914,0.0000023841860184,-0.0000004768372150
0.0401079790331974,0.0000023841860184,-0.0000004768372150
0.0402079984469035,-0.0000014305120430,-0.0000004768372150
0.0403080178606096,0.0000061988839661,-0.0000042915339691
0.0404080372743157,-0.0000014305120430,-0.0000004768372150
0.0405080566880217,0.0000023841860184,-0.0000004768372150
0.0406080761017278,0.0000023841860184,-0.0000042915339691
0.0407080955154339,0.0000023841860184,-0.0000004768372150
0.0408081149291400,0.0000023841860184,-0.0000004768372150
0.0409081343428461,-0.0000014305120430,-0.0000042915339691
0.0410081537565521,0.0000023841860184,-0.0000042915339691
0.0411081731702582,-0.0000014305120430,-0.0000042915339691
0.0412081925839643,0.0000023841860184,-0.0000004768372150
0.0413082119976704,-0.0000052452091950,0.0000033376220472
0.0414082314113764,-0.0000128745996335,0.0000033376220472
0.0415082508250825,-0.0000014305120430,0.0000033376220472
0.0416082702387886,0.0000023841860184,0.0000033378601074
0.0417082896524947,0.0000023841860184,-0.0000004768372150
0.0418083090662007,0.0000023841860184,-0.0000042915339691
0.0419083284799068,0.0000023841860184,0.0000033378601074
0.0420083478936129,0.0000023841860184,0.0000033378601074
0.0421083673073190,0.0000023841860184,-0.0000004768372150
0.0422083867210251,0.0000023841860184,-0.0000004768372150
0.0423084061347311,0.0000023841860184,-0.0000042915339691
0.0424084255484372,0.0000023841860184,0.0000071525578278
0.0425084449621433,0.0000023841860184,-0.0000042915339691
0.0426084643758494,0.0000023841860184,-0.0000004768372150
0.0427084837895554,0.0000023841860184,-0.0000004768372150
0.0428085032032615,-0.0000052452091950,-0.0000004768372150
0.0429085226169676,-0.0000052452091950,-0.0000004770756163
0.0430085420306737,-0.0000052452091950,-0.0000004770756163
0.0431085614443797,-0.0000052452091950,-0.0000004770756163
0.0432085808580858,-0.0000052452091950,-0.0000004768372150
0.0433086002717919,-0.0000014305120430,-0.0000004768372150
0.0434086196854980,-0.0000014305120430,-0.0000004768372150
0.0435086390992040,-0.0000014305120430,-0.0000042915339691
0.0436086585129101,0.0000061988839661,0.0000033378601074
0.0437086779266162,0.0000023841860184,-0.0000042915339691
0.0438086973403223,0.0000023841860184,-0.0000004768372150
0.0439087167540283,-0.0000052452091950,-0.0000004768372150
0.0440087361677344,-0.0000014305120430,0.0000033378601074
0.0441087555814405,0.0000023841860184,-0.0000004768372150
0.0442087749951466,-0.0000014305120430,0.0000033378601074
0.0443087944088527,-0.0000014305120430,0.0000033378601074
0.0444088138225587,0.0000023841860184,-0.0000004768372150
0.0445088332362648,-0.0000014305120430,-0.0000004768372150
0.0446088526499709,-0.0000052452091950,-0.0000004770756163
0.0447088720636770,-0.0000166893005371,-0.0000004770756163
0.0448088914773830,-0.0000052452091950,-0.0000004770756163
0.0449089108910891,0.0000023841860184,-0.0000042915339691
0.0450089303047952,-0.0000014305120430,-0.0000004768372150
0.0451089497185013,-0.0000014305120430,-0.0000004768372150
0.0452089691322073,-0.0000014305120430,-0.0000042915339691
0.0453089885459134,-0.0000014305120430,-0.0000004768372150
0.0454090079596195,0.0000061988839661,-0.0000042915339691
0.0455090273733256,0.0000023841860184,-0.0000004768372150
0.0456090467870316,-0.0000014305120430,-0.0000004768372150
0.0457090662007377,-0.0000014305120430,0.0000033376220472
0.0458090856144438,-0.0000052452091950,-0.0000004768372150
0.0459091050281499,0.0000023841860184,-0.0000004768372150
0.0460091244418560,-0.0000014305120430,-0.0000004768372150
0.0461091438555620,-0.0000014305120430,-0.0000004768372150
0.0462091632692681,-0.0000090599060059,-0.0000004770756163
0.0463091826829742,-0.0000052452091950,-0.0000004770756163
0.0464092020966803,-0.0000090599060059,-0.0000004770756163
0.0465092215103863,-0.0000052452091950,0.0000033376220472
0.0466092409240924,-0.0000014305120430,-0.0000042915339691
0.0467092603377985,-0.0000014305120430,0.0000033376220472
0.0468092797515046,0.0000023841860184,-0.0000004768372150
0.0469092991652106,-0.0000052452091950,-0.0000004768372150
0.0470093185789167,0.0000023841860184,-0.0000004768372150
0.0471093379926228,-0.0000014305120430,-0.0000042915339691
0.0472093574063289,-0.0000014305120430,0.0000033376220472
0.0473093768200349,-0.0000014305120430,-0.0000004770756163
0.0474093962337410,-0.0000014305120430,0.0000033376220472
0.0475094156474471,-0.0000014305120430,0.0000033376220472
0.0476094350611532,-0.0000014305120430,0.0000033376220472
0.0477094544748593,-0.0000014305120430,0.0000033376220472
0.0478094738885653,-0.0000014305120430,0.0000033376220472
0.0479094933022714,-0.0000166893005371,-0.0000004770756163
0.0480095127159775,-0.0000014305120430,-0.0000004770756163
0.0481095321296836,-0.0000128745996335,-0.0000004770756163
0.0482095515433896,-0.0000014305120430,0.0000033376220472
0.0483095709570957,-0.0000052452091950,-0.0000004768372150
0.0484095903708018,-0.0000052452091950,-0.0000042915339691
0.0485096097845079,0.0000023841860184,0.0000033376220472
0.0486096291982139,-0.0000014305120430,0.0000033376220472
0.0487096486119200,-0.0000052452091950,-0.0000042915339691
0.0488096680256261,-0.0000052452091950,0.0000033376220472
0.0489096874393322,-0.0000052452091950,-0.0000004768372150
0.0490097068530383,-0.0000014305120430,-0.0000004770756163
0.0491097262667443,-0.0000014305120430,-0.0000081062316895
0.0492097456804504,-0.0000014305120430,-0.0000042915339691
0.0493097650941565,-0.0000052452091950,-0.0000004770756163
0.0494097845078626,-0.0000052452091950,-0.0000004770756163
0.0495098039215686,-0.0000128745996335,-0.0000004770756163
0.0496098233352747,-0.0000052452091950,-0.0000004770756163
0.0497098427489808,-0.0000090599060059,-0.0000004770756163
0.0498098621626869,-0.0000052452091950,-0.0000004770756163
0.0499098815763929,-0.0000014305120430,-0.0000004770756163
0.0500099009900990,-0.0000014305120430,0.0000033376220472
0.0501099204038051,-0.0000014305120430,-0.0000004770756163
0.0502099398175112,-0.0000014305120430,-0.0000004770756163
0.0503099592312172,-0.0000014305120430,-0.0000042917731662
0.0504099786449233,-0.0000052452091950,-0.0000004770756163
0.0505099980586294,-0.0000052452091950,-0.0000004770756163
0.0506100174723355,-0.0000052452091950,-0.0000004770756163
0.0507100368860416,-0.0000014305120430,-0.0000004770756163
0.0508100562997476,-0.0000014305120430,0.0000033376220472
0.0509100757134537,-0.0000014305120430,-0.0000004770756163
0.0510100951271598,-0.0000052452091950,-0.0000004770756163
0.0511101145408659,-0.0000090599060059,-0.0000004770756163
0.0512101339545719,-0.0000090599060059,-0.0000004770756163
0.0513101533682780,-0.0000128745996335,-0.0000004770756163
0.0514101727819841,-0.0000166893005371,0.0000033376220472
0.0515101921956902,-0.0000090599060059,-0.0000042917731662
0.0516102116093962,-0.0000052452091950,-0.0000004770756163
0.0517102310231023,-0.0000052452091950,0.0000033376220472
0.0518102504368084,-0.0000014305120430,-0.0000042917731662
0.0519102698505145,-0.0000090599060059,-0.0000004770756163
0.0520102892642205,-0.0000052452091950,-0.0000042917731662
0.0521103086779266,-0.0000052452091950,-0.0000004770756163
0.0522103280916327,-0.0000052452091950,-0.0000042915339691
0.0523103475053388,-0.0000014305120430,-0.0000004768372150
0.0524103669190449,-0.0000052452091950,-0.0000004770756163
0.0525103863327509,-0.0000090599060059,-0.0000042917731662
0.0526104057464570,-0.0000014305120430,-0.0000004770756163
0.0527104251601631,-0.0000052452091950,-0.0000004770756163
0.0528104445738692,-0.0000014305120430,-0.0000004770756163
0.0529104639875752,-0.0000128745996335,-0.0000004770756163
0.0530104834012813,-0.0000052452091950,-0.0000004770756163
0.0531105028149874,-0.0000090599060059,-0.0000004770756163
0.0532105222286935,-0.0000052452091950,-0.0000004770756163
0.0533105416423995,-0.0000014305120430,-0.0000004770756163
0.0534105610561056,-0.0000090599060059,-0.0000042915339691
0.0535105804698117,-0.0000014305120430,-0.0000004770756163
0.0536105998835178,-0.0000014305120430,0.0000033376220472
0.0537106192972239,-0.0000090599060059,-0.0000004770756163
0.0538106387109299,-0.0000014305120430,0.0000033376220472
0.0539106581246360,-0.0000014305120430,-0.0000004770756163
0.0540106775383421,-0.0000014305120430,-0.0000004770756163
0.0541106969520481,-0.0000014305120430,-0.0000042917731662
0.0542107163657542,-0.0000052452091950,-0.0000004770756163
0.0543107357794603,-0.0000014305120430,-0.0000004770756163
0.0544107551931664,-0.0000014305120430,-0.0000004770756163
0.0545107746068725,-0.0000052452091950,-0.0000004770756163
0.0546107940205785,-0.0000090599060059,-0.0000042917731662
0.0547108134342846,-0.0000052452091950,0.0000033376220472
0.0548108328479907,-0.0000052452091950,0.0000033376220472
0.0549108522616968,-0.0000014305120430,0.0000033376220472
0.0550108716754028,-0.0000052452091950,0.0000033376220472
0.0551108910891089,-0.0000014305120430,-0.0000004770756163
0.0552109105028150,-0.0000052452091950,0.0000033376220472
0.0553109299165211,-0.0000052452091950,-0.0000042917731662
0.0554109493302271,-0.0000052452091950,-0.0000042917731662
0.0555109687439332,-0.0000014305120430,-0.0000004770756163
0.0556109881576393,0.0000023841860184,-0.0000004770756163
0.0557110075713454,-0.0000052452091950,-0.0000042917731662
0.0558110269850515,-0.0000014305120430,-0.0000042915339691
0.0559110463987575,-0.0000014305120430,0.0000033376220472
0.0560110658124636,-0.0000052452091950,-0.0000042915339691
0.0561110852261697,-0.0000014305120430,-0.0000004770756163
0.0562111046398758,-0.0000128745996335,-0.0000042917731662
0.0563111240535818,-0.0000052452091950,-0.0000004770756163
0.0564111434672879,-0.0000128745996335,-0.0000042917731662
0.0565111628809940,-0.0000052452091950,-0.0000004770756163
0.0566111822947001,-0.0000014305120430,-0.0000004770756163
0.0567112017084061,-0.0000014305120430,-0.0000004770756163
0.0568112211221122,-0.0000052452091950,-0.0000004770756163
0.0569112405358183,-0.0000014305120430,-0.0000004770756163
0.0570112599495244,-0.0000014305120430,-0.0000004768372150
0.0571112793632305,-0.0000014305120430,-0.0000004770756163
0.0572112987769365,-0.0000014305120430,-0.0000004770756163
0.0573113181906426,-0.0000014305120430,-0.0000004770756163
0.0574113376043487,-0.0000014305120430,0.0000033376220472
0.0575113570180548,-0.0000014305120430,-0.0000004770756163
0.0576113764317608,0.0000023841860184,-0.0000004770756163
0.0577113958454669,-0.0000014305120430,0.0000033376220472
0.0578114152591730,-0.0000014305120430,-0.0000042915339691
0.0579114346728791,-0.0000128745996335,-0.0000042917731662
0.0580114540865851,-0.0000014305120430,-0.0000004770756163
0.0581114735002912,-0.0000090599060059,-0.0000042917731662
0.0582114929139973,-0.0000052452091950,-0.0000004770756163
0.0583115123277034,0.0000023841860184,-0.0000004770756163
0.0584115317414094,-0.0000014305120430,-0.0000004770756163
0.0585115511551155,0.0000023841860184,0.0000033376220472
0.0586115705688216,0.0000023841860184,-0.0000042915339691
0.0587115899825277,-0.0000014305120430,-0.0000042915339691
0.0588116093962337,-0.0000014305120430,-0.0000004768372150
0.0589116288099398,-0.0000014305120430,-0.0000004768372150
0.0590116482236459,-0.0000014305120430,-0.0000004768372150
0.0591116676373520,-0.0000014305120430,-0.0000042915339691
0.0592116870510581,0.0000023841860184,-0.0000004768372150
0.0593117064647641,0.0000023841860184,-0.0000004768372150
0.0594117258784702,0.0000023841860184,-0.0000004768372150
0.0595117452921763,0.0000023841860184,-0.0000004768372150
0.0596117647058824,-0.0000052452091950,-0.0000004770756163
0.0597117841195884,-0.0000052452091950,-0.0000042917731662
0.0598118035332945,-0.0000014305120430,-0.0000004768372150
0.0599118229470006,-0.0000014305120430,0.0000033378601074
0.0600118423607067,-0.0000014305120430,-0.0000042915339691
0.0601118617744127,0.0000061988839661,-0.0000042915339691
0.0602118811881188,-0.0000014305120430,-0.0000004768372150
0.0603119006018249,0.0000023841860184,0.0000033378601074
0.0604119200155310,0.0000061988839661,-0.0000042915339691
0.0605119394292371,0.0000023841860184,-0.0000042915339691
0.0606119588429431,0.0000023841860184,0.0000033378601074
0.0607119782566492,0.0000023841860184,-0.0000042915339691
0.0608119976703553,0.0000023841860184,0.0000033378601074
0.0609120170840614,0.0000023841860184,0.0000033378601074
0.0610120364977674,0.0000023841860184,0.0000033378601074
0.0611120559114735,0.0000023841860184,-0.0000004768372150
0.0612120753251796,0.0000023841860184,-0.0000042915339691
0.0613120947388857,-0.0000052452091950,-0.0000004770756163
0.0614121141525917,-0.0000014305120430,-0.0000004770756163
0.0615121335662978,-0.0000090599060059,-0.0000004770756163
0.0616121529800039,0.0000023841860184,0.0000033378601074
0.0617121723937100,-0.0000014305120430,-0.0000004768372150
0.0618121918074160,0.0000023841860184,-0.0000042915339691
0.0619122112211221,0.0000023841860184,-0.0000004768372150
0.0620122306348282,0.0000023841860184,-0.0000004768372150
0.0621122500485343,-0.0000014305120430,-0.0000004768372150
0.0622122694622404,-0.0000014305120430,-0.0000042915339691
0.0623122888759464,0.0000023841860184,-0.0000004768372150
0.0624123082896525,-0.0000014305120430,-0.0000042915339691
0.0625123277033586,-0.0000014305120430,0.0000033378601074
0.0626123471170647,0.0000023841860184,0.0000033378601074
0.0627123665307707,-0.0000014305120430,-0.0000004768372150
0.0628123859444768,-0.0000052452091950,0.0000033378601074
0.0629124053581829,-0.0000052452091950,-0.0000004770756163
0.0630124247718890,-0.0000090599060059,0.0000033376220472
0.0631124441855950,-0.0000052452091950,-0.0000004770756163
0.0632124635993011,-0.0000014305120430,-0.0000004768372150
0.0633124830130072,0.0000061988839661,-0.0000004768372150
0.0634125024267133,0.0000023841860184,-0.0000042915339691
0.0635125218404193,-0.0000014305120430,-0.0000004768372150
0.0636125412541254,-0.0000014305120430,0.0000033378601074
0.0637125606678315,-0.0000014305120430,-0.0000004768372150
0.0638125800815376,-0.0000014305120430,-0.0000004768372150
0.0639125994952437,0.0000023841860184,-0.0000004768372150
0.0640126189089497,0.0000023841860184,-0.0000004768372150
0.0641126383226558,-0.0000014305120430,-0.0000004768372150
0.0642126577363619,-0.0000014305120430,-0.0000004768372150
0.0643126771500680,0.0000023841860184,-0.0000004768372150
0.0644126965637740,-0.0000014305120430,-0.0000004768372150
0.0645127159774801,0.0000061988839661,-0.0000042915339691
0.0646127353911862,-0.0000052452091950,-0.0000042917731662
0.0647127548048923,-0.0000166893005371,-0.0000042917731662
0.0648127742185983,-0.0000052452091950,-0.0000042917731662
0.0649127936323044,-0.0000052452091950,-0.0000004768372150
0.0650128130460105,-0.0000014305120430,-0.0000004768372150
0.0651128324597166,-0.0000052452091950,-0.0000004768372150
0.0652128518734227,-0.0000014305120430,-0.0000042915339691
0.0653128712871287,-0.0000014305120430,-0.0000004768372150
0.0654128907008348,0.0000023841860184,0.0000033376220472
0.0655129101145409,-0.0000014305120430,-0.0000004768372150
0.0656129295282469,-0.0000014305120430,-0.0000004768372150
0.0657129489419530,-0.0000014305120430,-0.0000042915339691
0.0658129683556591,-0.0000052452091950,-0.0000004768372150
0.0659129877693652,-0.0000014305120430,-0.0000004768372150
0.0660130071830713,-0.0000014305120430,-0.0000042915339691
0.0661130265967773,-0.0000052452091950,-0.0000042915339691
0.0662130460104834,-0.0000052452091950,-0.0000004770756163
0.0663130654241895,-0.0000090599060059,-0.0000004770756163
0.0664130848378956,-0.0000166893005371,-0.0000042917731662
0.0665131042516016,-0.0000090599060059,-0.0000004770756163
0.0666131236653077,-0.0000052452091950,-0.0000042915339691
0.0667131430790138,0.0000023841860184,-0.0000004768372150
0.0668131624927199,-0.0000014305120430,-0.0000004768372150
0.0669131819064260,-0.0000014305120430,-0.0000042915339691
0.0670132013201320,-0.0000014305120430,-0.0000004768372150
0.0671132207338381,-0.0000052452091950,-0.0000004768372150
0.0672132401475442,-0.0000052452091950,-0.0000042915339691
0.0673132595612503,0.0000023841860184,-0.0000042915339691
0.0674132789749563,-0.0000052452091950,-0.0000042915339691
0.0675132983886624,-0.0000052452091950,-0.0000004770756163
0.0676133178023685,-0.0000014305120430,-0.0000081062316895
0.0677133372160746,-0.0000052452091950,-0.0000004770756163
0.0678133566297806,-0.0000052452091950,-0.0000004770756163
0.0679133760434867,-0.0000166893005371,-0.0000042917731662
0.0680133954571928,-0.0000090599060059,-0.0000004770756163
0.0681134148708989,-0.0000128745996335,-0.0000004770756163
0.0682134342846049,-0.0000090599060059,-0.0000042917731662
0.0683134536983110,-0.0000014305120430,-0.0000042915339691
0.0684134731120171,-0.0000052452091950,-0.0000004770756163
0.0685134925257232,-0.0000014305120430,-0.0000004770756163
0.0686135119394292,-0.0000052452091950,-0.0000004768372150
0.0687135313531353,0.0000023841860184,-0.0000042915339691
0.0688135507668414,-0.0000052452091950,-0.0000042915339691
0.0689135701805475,-0.0000052452091950,-0.0000042917731662
0.0690135895942536,-0.0000014305120430,-0.0000004770756163
0.0691136090079596,-0.0000052452091950,-0.0000042915339691
0.0692136284216657,-0.0000052452091950,-0.0000004768372150
0.0693136478353718,-0.0000052452091950,-0.0000004770756163
0.0694136672490779,-0.0000014305120430,-0.0000004770756163
0.0695136866627839,-0.0000090599060059,-0.0000042917731662
0.0696137060764900,-0.0000128745996335,-0.0000042917731662
0.0697137254901961,-0.0000128745996335,-0.0000042917731662
0.0698137449039022,-0.0000052452091950,0.0000033376220472
0.0699137643176082,-0.0000014305120430,-0.0000004770756163
0.0700137837313143,-0.0000014305120430,0.0000033376220472
0.0701138031450204,-0.0000052452091950,-0.0000042915339691
0.0702138225587265,-0.0000014305120430,-0.0000042915339691
0.0703138419724325,-0.0000052452091950,-0.0000004768372150
0.0704138613861386,-0.0000052452091950,0.0000033376220472
0.0705138807998447,-0.0000052452091950,-0.0000004770756163
0.0706139002135508,-0.0000052452091950,-0.0000004770756163
0.0707139196272569,-0.0000052452091950,-0.0000004770756163
0.0708139390409629,-0.0000014305120430,-0.0000042917731662
0.0709139584546690,-0.0000052452091950,-0.0000042917731662
0.0710139778683751,-0.0000052452091950,-0.0000004770756163
0.0711139972820812,-0.0000052452091950,-0.0000004770756163
0.0712140166957872,-0.0000014305120430,-0.0000004770756163
0.0713140361094933,-0.0000052452091950,-0.0000004770756163
0.0714140555231994,-0.0000166893005371,-0.0000042917731662
0.0715140749369055,-0.0000128745996335,-0.0000004770756163
0.0716140943506115,-0.0000090599060059,-0.0000004770756163
0.0717141137643176,-0.0000052452091950,-0.0000004770756163
0.0718141331780237,-0.0000014305120430,-0.0000004770756163
0.0719141525917298,-0.0000052452091950,-0.0000004770756163
0.0720141720054358,-0.0000052452091950,-0.0000004770756163
0.0721141914191419,-0.0000052452091950,-0.0000004770756163
0.0722142108328480,-0.0000090599060059,0.0000033376220472
0.0723142302465541,-0.0000052452091950,-0.0000004770756163
0.0724142496602602,-0.0000052452091950,-0.0000004770756163
0.0725142690739662,-0.0000014305120430,0.0000033376220472
0.0726142884876723,-0.0000052452091950,-0.0000004770756163
0.0727143079013784,-0.0000014305120430,-0.0000004770756163
0.0728143273150845,-0.0000014305120430,-0.0000042917731662
0.0729143467287905,-0.0000128745996335,-0.0000004770756163
0.0730143661424966,-0.0000090599060059,-0.0000042917731662
0.0731143855562027,-0.0000128745996335,-0.0000004770756163
0.0732144049699088,-0.0000052452091950,-0.0000004770756163
0.0733144243836149,-0.0000014305120430,-0.0000004770756163
0.0734144437973209,-0.0000014305120430,-0.0000004770756163
0.0735144632110270,-0.0000014305120430,-0.0000004768372150
0.0736144826247331,-0.0000052452091950,0.0000033376220472
0.0737145020384392,-0.0000090599060059,-0.0000004770756163
0.0738145214521452,-0.0000052452091950,0.0000033376220472
0.0739145408658513,-0.0000052452091950,-0.0000004770756163
0.0740145602795574,-0.0000014305120430,-0.0000004770756163
0.0741145796932634,-0.0000052452091950,0.0000033376220472
0.0742145991069695,-0.0000090599060059,-0.0000004770756163
0.0743146185206756,-0.0000052452091950,-0.0000004768372150
0.0744146379343817,-0.0000014305120430,-0.0000004770756163
0.0745146573480878,-0.0000014305120430,-0.0000004770756163
0.0746146767617938,-0.0000090599060059,-0.0000042917731662
0.0747146961754999,-0.0000052452091950,-0.0000004770756163
0.0748147155892060,-0.0000128745996335,-0.0000042917731662
0.0749147350029121,-0.0000052452091950,-0.0000004770756163
0.0750147544166181,-0.0000014305120430,-0.0000004770756163
0.0751147738303242,-0.0000052452091950,-0.0000042917731662
0.0752147932440303,-0.0000090599060059,-0.0000004770756163
0.0753148126577364,-0.0000014305120430,-0.0000004770756163
0.0754148320714425,0.0000023841860184,-0.0000004770756163
0.0755148514851485,0.0000023841860184,-0.0000004770756163
0.0756148708988546,-0.0000052452091950,0.0000033376220472
0.0757148903125607,-0.0000014305120430,0.0000033376220472
0.0758149097262668,-0.0000014305120430,0.0000033376220472
0.0759149291399728,-0.0000052452091950,-0.0000004770756163
0.0760149485536789,-0.0000014305120430,0.0000033376220472
0.0761149679673850,-0.0000014305120430,-0.0000042915339691
0.0762149873810911,-0.0000166893005371,-0.0000004770756163
0.0763150067947971,-0.0000052452091950,-0.0000042917731662
0.0764150262085032,-0.0000128745996335,-0.0000004770756163
0.0765150456222093,-0.0000090599060059,-0.0000004770756163
0.0766150650359154,-0.0000014305120430,-0.0000042915339691
0.0767150844496214,-0.0000014305120430,-0.0000004768372150
0.0768151038633275,0.0000023841860184,0.0000033376220472
0.0769151232770336,-0.0000014305120430,-0.0000004770756163
0.0770151426907397,-0.0000014305120430,-0.0000042915339691
0.0771151621044457,-0.0000014305120430,-0.0000004768372150
0.0772151815181518,-0.0000052452091950,-0.0000004770756163
0.0773152009318579,-0.0000014305120430,-0.0000004768372150
0.0774152203455640,0.0000023841860184,-0.0000042915339691
0.0775152397592701,-0.0000014305120430,-0.0000042915339691
0.0776152591729761,-0.0000014305120430,-0.0000004768372150
0.0777152785866822,-0.0000014305120430,-0.0000042915339691
0.0778152980003883,-0.0000014305120430,-0.0000042915339691
0.0779153174140944,-0.0000166893005371,-0.0000042917731662
0.0780153368278004,-0.0000052452091950,-0.0000042917731662
0.0781153562415065,-0.0000090599060059,-0.0000004770756163
0.0782153756552126,-0.0000052452091950,-0.0000004770756163
0.0783153950689187,-0.0000052452091950,0.0000033376220472
0.0784154144826247,-0.0000014305120430,-0.0000004770756163
0.0785154338963308,-0.0000014305120430,-0.0000004770756163
0.0786154533100369,0.0000023841860184,-0.0000004768372150
0.0787154727237430,-0.0000014305120430,-0.0000042915339691
0.0788154921374491,-0.0000052452091950,-0.0000004768372150
0.0789155115511551,-0.0000052452091950,-0.0000004770756163
0.0790155309648612,0.0000023841860184,-0.0000004768372150
0.0791155503785673,0.0000023841860184,-0.0000042915339691
0.0792155697922734,0.0000023841860184,-0.0000042915339691
0.0793155892059794,-0.0000014305120430,0.0000033378601074
0.0794156086196855,-0.0000014305120430,-0.0000004768372150
0.0795156280333916,-0.0000014305120430,-0.0000004768372150
0.0796156474470977,-0.0000090599060059,-0.0000004770756163
0.0797156668608037,-0.0000090599060059,-0.0000004770756163
0.0798156862745098,-0.0000052452091950,-0.0000004768372150
0.0799157056882159,0.0000023841860184,-0.0000004768372150
0.0800157251019220,0.0000023841860184,-0.0000004768372150
0.0801157445156281,0.0000023841860184,-0.0000004768372150
0.0802157639293341,0.0000023841860184,-0.0000042915339691
0.0803157833430402,0.0000023841860184,-0.0000042915339691
0.0804158027567463,-0.0000014305120430,-0.0000004768372150
0.0805158221704523,0.0000061988839661,-0.0000004768372150
0.0806158415841584,-0.0000014305120430,-0.0000004768372150
0.0807158609978645,0.0000023841860184,-0.0000004768372150
0.0808158804115706,-0.0000014305120430,-0.0000004768372150
0.0809158998252767,-0.0000052452091950,-0.0000042915339691
0.0810159192389827,0.0000023841860184,0.0000033378601074
0.0811159386526888,0.0000023841860184,0.0000033378601074
0.0812159580663949,-0.0000014305120430,-0.0000004768372150
0.0813159774801010,-0.0000090599060059,-0.0000042917731662
0.0814159968938070,-0.0000014305120430,-0.0000004770756163
0.0815160163075131,-0.0000014305120430,-0.0000004770756163
0.0816160357212192,0.0000023841860184,-0.0000004768372150
0.0817160551349253,0.0000023841860184,-0.0000004768372150
0.0818160745486314,-0.0000014305120430,-0.0000004768372150
0.0819160939623374,0.0000023841860184,-0.0000004768372150
0.0820161133760435,0.0000023841860184,-0.0000004768372150
0.0821161327897496,0.0000023841860184,-0.0000042915339691
0.0822161522034557,-0.0000014305120430,0.0000033378601074
0.0823161716171617,0.0000023841860184,0.0000033378601074
0.0824161910308678,-0.0000014305120430,-0.0000004768372150
0.0825162104445739,-0.0000014305120430,-0.0000004768372150
0.0826162298582799,-0.0000014305120430,0.0000033378601074
0.0827162492719860,0.0000023841860184,0.0000033378601074
0.0828162686856921,0.0000023841860184,-0.0000042915339691
0.0829162880993982,-0.0000090599060059,-0.0000004770756163
0.0830163075131043,-0.0000052452091950,0.0000033376220472
0.0831163269268103,-0.0000052452091950,-0.0000004770756163
0.0832163463405164,-0.0000014305120430,-0.0000042915339691
0.0833163657542225,-0.0000014305120430,-0.0000004768372150
0.0834163851679286,0.0000023841860184,-0.0000042915339691
0.0835164045816346,0.0000023841860184,-0.0000042915339691
0.0836164239953407,-0.0000014305120430,-0.0000004768372150
0.0837164434090468,0.0000023841860184,-0.0000042915339691
0.0838164628227529,0.0000023841860184,-0.0000004768372150
0.0839164822364590,-0.0000014305120430,-0.0000004768372150
0.0840165016501650,0.0000023841860184,0.0000033378601074
0.0841165210638711,-0.0000014305120430,-0.0000004768372150
0.0842165404775772,-0.0000052452091950,-0.0000042915339691
0.0843165598912833,-0.0000014305120430,0.0000033378601074
0.0844165793049893,0.0000023841860184,-0.0000004768372150
0.0845165987186954,0.0000023841860184,-0.0000004768372150
0.0846166181324015,-0.0000052452091950,-0.0000004770756163
0.0847166375461076,-0.0000090599060059,-0.0000004770756163
0.0848166569598136,-0.0000090599060059,-0.0000042917731662
0.0849166763735197,-0.0000014305120430,-0.0000004768372150
0.0850166957872258,0.0000023841860184,-0.0000004768372150
0.0851167152009319,-0.0000014305120430,-0.0000004768372150
0.0852167346146379,-0.0000014305120430,-0.0000004768372150
0.0853167540283440,-0.0000052452091950,-0.0000004768372150
0.0854167734420501,-0.0000014305120430,-0.0000042915339691
0.0855167928557562,0.0000061988839661,-0.0000004768372150
0.0856168122694623,-0.0000014305120430,0.0000033378601074
0.0857168316831683,-0.0000052452091950,-0.0000042915339691
0.0858168510968744,-0.0000014305120430,0.0000033378601074
0.0859168705105805,-0.0000014305120430,-0.0000004768372150
0.0860168899242866,-0.0000052452091950,-0.0000004768372150
0.0861169093379926,-0.0000014305120430,-0.0000004768372150
0.0862169287516987,-0.0000090599060059,-0.0000042917731662
0.0863169481654048,-0.0000090599060059,0.0000033376220472
0.0864169675791109,-0.0000090599060059,0.0000033376220472
0.0865169869928169,-0.0000052452091950,-0.0000004770756163
0.0866170064065230,-0.0000014305120430,-0.0000004768372150
0.0867170258202291,-0.0000014305120430,-0.0000004768372150
0.0868170452339352,-0.0000014305120430,-0.0000004768372150
0.0869170646476412,-0.0000014305120430,0.0000033376220472
0.0870170840613473,-0.0000052452091950,-0.0000004768372150
0.0871171034750534,-0.0000014305120430,-0.0000004768372150
0.0872171228887595,-0.0000014305120430,-0.0000004768372150
0.0873171423024656,-0.0000052452091950,-0.0000004770756163
0.0874171617161716,-0.0000014305120430,0.0000033376220472
0.0875171811298777,-0.0000052452091950,-0.0000004770756163
0.0876172005435838,-0.0000014305120430,-0.0000042915339691
0.0877172199572899,-0.0000052452091950,-0.0000004768372150
0.0878172393709959,-0.0000052452091950,0.0000033376220472
0.0879172587847020,-0.0000090599060059,0.0000033376220472
0.0880172781984081,-0.0000090599060059,-0.0000042917731662
0.0881172976121142,-0.0000166893005371,-0.0000004770756163
0.0882173170258202,-0.0000052452091950,0.0000033376220472
0.0883173364395263,-0.0000014305120430,-0.0000004770756163
0.0884173558532324,-0.0000052452091950,0.0000033376220472
0.0885173752669385,-0.0000014305120430,0.0000033376220472
0.0886173946806446,-0.0000052452091950,-0.0000004768372150
0.0887174140943506,-0.0000014305120430,-0.0000042915339691
0.0888174335080567,-0.0000014305120430,-0.0000004770756163
0.0889174529217628,-0.0000052452091950,-0.0000004770756163
0.0890174723354688,-0.0000014305120430,-0.0000042915339691
0.0891174917491749,-0.0000052452091950,-0.0000004770756163
0.0892175111628810,-0.0000052452091950,0.0000033376220472
0.0893175305765871,-0.0000052452091950,0.0000033376220472
0.0894175499902932,-0.0000052452091950,-0.0000004770756163
0.0895175694039992,-0.0000052452091950,-0.0000042917731662
0.0896175888177053,-0.0000090599060059,-0.0000042917731662
0.0897176082314114,-0.0000166893005371,-0.0000042917731662
0.0898176276451175,-0.0000052452091950,-0.0000004770756163
0.0899176470588235,-0.0000052452091950,-0.0000004770756163
0.0900176664725296,-0.0000014305120430,-0.0000004770756163
0.0901176858862357,-0.0000090599060059,-0.0000004770756163
0.0902177052999418,-0.0000052452091950,-0.0000004770756163
0.0903177247136479,-0.0000052452091950,-0.0000004770756163
0.0904177441273539,-0.0000052452091950,-0.0000004770756163
0.0905177635410600,-0.0000052452091950,-0.0000004770756163
0.0906177829547661,-0.0000052452091950,-0.0000042917731662
0.0907178023684722,-0.0000052452091950,-0.0000004770756163
0.0908178217821782,-0.0000090599060059,-0.0000004770756163
0.0909178411958843,-0.0000014305120430,-0.0000042915339691
0.0910178606095904,-0.0000052452091950,-0.0000042915339691
0.0911178800232965,-0.0000090599060059,0.0000033376220472
0.0912178994370026,-0.0000052452091950,-0.0000004770756163
0.0913179188507086,-0.0000166893005371,-0.0000004770756163
0.0914179382644147,-0.0000166893005371,0.0000033376220472
0.0915179576781208,-0.0000090599060059,-0.0000004770756163
0.0916179770918268,-0.0000052452091950,-0.0000004770756163
0.0917179965055329,-0.0000052452091950,-0.0000004770756163
0.0918180159192390,-0.0000090599060059,-0.0000042917731662
0.0919180353329451,-0.0000052452091950,-0.0000004770756163
0.0920180547466511,-0.0000052452091950,-0.0000004770756163
0.0921180741603572,-0.0000052452091950,0.0000033376220472
0.0922180935740633,-0.0000052452091950,-0.0000004770756163
0.0923181129877694,-0.0000090599060059,0.0000033376220472
0.0924181324014755,-0.0000052452091950,-0.0000004770756163
0.0925181518151815,-0.0000052452091950,-0.0000042915339691
0.0926181712288876,-0.0000090599060059,-0.0000004770756163
0.0927181906425937,-0.0000052452091950,-0.0000004770756163
0.0928182100562998,-0.0000052452091950,-0.0000004770756163
0.0929182294700058,-0.0000128745996335,0.0000033376220472
0.0930182488837119,-0.0000052452091950,-0.0000004770756163
0.0931182682974180,-0.0000128745996335,-0.0000004770756163
0.0932182877111241,-0.0000052452091950,-0.0000004770756163
0.0933183071248301,-0.0000052452091950,-0.0000004770756163
0.0934183265385362,-0.0000052452091950,-0.0000004770756163
0.0935183459522423,-0.0000014305120430,-0.0000004770756163
0.0936183653659484,-0.0000090599060059,-0.0000004770756163
0.0937183847796544,-0.0000052452091950,-0.0000004770756163
0.0938184041933605,-0.0000052452091950,-0.0000004770756163
0.0939184236070666,-0.0000052452091950,-0.0000004770756163
0.0940184430207727,-0.0000090599060059,0.0000033376220472
0.0941184624344788,-0.0000014305120430,-0.0000004770756163
0.0942184818481848,-0.0000090599060059,-0.0000004770756163
0.0943185012618909,-0.0000052452091950,0.0000033376220472
0.0944185206755970,-0.0000052452091950,-0.0000004770756163
0.0945185400893031,-0.0000052452091950,0.0000033376220472
0.0946185595030091,-0.0000128745996335,-0.0000004770756163
0.0947185789167152,-0.0000090599060059,-0.0000004770756163
0.0948185983304213,-0.0000166893005371,-0.0000042917731662
0.0949186177441274,-0.0000128745996335,0.0000033376220472
0.0950186371578334,-0.0000052452091950,-0.0000004770756163
0.0951186565715395,-0.0000052452091950,0.0000033376220472
0.0952186759852456,-0.0000014305120430,-0.0000004770756163
0.0953186953989517,-0.0000014305120430,-0.0000004770756163
0.0954187148126577,-0.0000014305120430,-0.0000004770756163
0.0955187342263638,-0.0000052452091950,-0.0000042915339691
0.0956187536400699,-0.0000052452091950,-0.0000004770756163
0.0957187730537760,-0.0000052452091950,-0.0000004770756163
0.0958187924674821,-0.0000014305120430,-0.0000004770756163
0.0959188118811881,-0.0000052452091950,0.0000033376220472
0.0960188312948942,-0.0000014305120430,-0.0000004770756163
0.0961188507086003,-0.0000014305120430,-0.0000004770756163
0.0962188701223064,-0.0000166893005371,-0.0000004770756163
0.0963188895360124,-0.0000052452091950,-0.0000004770756163
0.0964189089497185,-0.0000166893005371,0.0000033376220472
0.0965189283634246,-0.0000052452091950,0.0000033376220472
0.0966189477771307,-0.0000090599060059,-0.0000042915339691
0.0967189671908368,-0.0000052452091950,-0.0000004770756163
0.0968189866045428,-0.0000052452091950,-0.0000004770756163
0.0969190060182489,-0.0000014305120430,-0.0000004770756163
0.0970190254319550,-0.0000052452091950,0.0000033376220472
0.0971190448456611,-0.0000052452091950,-0.0000004770756163
0.0972190642593671,-0.0000014305120430,-0.0000004770756163
0.0973190836730732,-0.0000014305120430,-0.0000004770756163
0.0974191030867793,-0.0000052452091950,-0.0000004770756163
0.0975191225004853,-0.0000052452091950,-0.0000004770756163
0.0976191419141914,0.0000023841860184,0.0000033376220472
0.0977191613278975,0.0000023841860184,-0.0000042915339691
0.0978191807416036,-0.0000052452091950,-0.0000004770756163
0.0979192001553097,-0.0000166893005371,-0.0000004770756163
0.0980192195690157,-0.0000052452091950,-0.0000004770756163
0.0981192389827218,-0.0000090599060059,-0.0000042917731662
0.0982192583964279,-0.0000014305120430,0.0000033376220472
0.0983192778101340,-0.0000014305120430,-0.0000042915339691
0.0984192972238400,-0.0000052452091950,-0.0000004770756163
0.0985193166375461,-0.0000014305120430,-0.0000004768372150
0.0986193360512522,-0.0000014305120430,-0.0000004768372150
0.0987193554649583,-0.0000014305120430,-0.0000004768372150
0.0988193748786644,0.0000023841860184,-0.0000042915339691
0.0989193942923704,-0.0000014305120430,-0.0000004768372150
0.0990194137060765,-0.0000014305120430,-0.0000042915339691
0.0991194331197826,0.0000061988839661,-0.0000004768372150
0.0992194525334887,0.0000023841860184,0.0000033378601074
0.0993194719471947,-0.0000014305120430,-0.0000004768372150
0.0994194913609008,-0.0000014305120430,-0.0000004768372150
0.0995195107746069,0.0000023841860184,0.0000033378601074
0.0996195301883130,-0.0000014305120430,0.0000033376220472
0.0997195496020190,-0.0000090599060059,-0.0000004770756163
0.0998195690157251,-0.0000052452091950,-0.0000004770756163
0.0999195884294312,-0.0000014305120430,-0.0000004768372150
0.1000196078431373,0.0000023841860184,-0.0000004768372150
0.1001196272568433,-0.0000014305120430,-0.0000004768372150
0.1002196466705494,-0.0000014305120430,-0.0000042915339691
0.1003196660842555,0.0000023841860184,0.0000033378601074
0.1004196854979616,0.0000061988839661,-0.0000004768372150
0.1005197049116676,-0.0000014305120430,0.0000033378601074
0.1006197243253737,0.0000023841860184,-0.0000042915339691
0.1007197437390798,0.0000023841860184,0.0000033378601074
0.1008197631527859,-0.0000014305120430,-0.0000004768372150
0.1009197825664920,0.0000023841860184,-0.0000004768372150
0.1010198019801980,0.0000061988839661,-0.0000004768372150
0.1011198213939041,0.0000023841860184,-0.0000042915339691
0.1012198408076102,0.0000023841860184,0.0000033378601074
0.1013198602213163,-0.0000090599060059,-0.0000004770756163
0.1014198796350223,0.0000023841860184,-0.0000004768372150
0.1015198990487284,-0.0000052452091950,-0.0000042917731662
0.1016199184624345,-0.0000052452091950,-0.0000004768372150
0.1017199378761406,0.0000023841860184,0.0000033378601074
0.1018199572898466,0.0000023841860184,-0.0000004768372150
0.1019199767035527,-0.0000014305120430,0.0000033378601074
0.1020199961172588,-0.0000014305120430,-0.0000042915339691
0.1021200155309649,0.0000023841860184,-0.0000042915339691
0.1022200349446710,-0.0000014305120430,-0.0000042915339691
0.1023200543583770,-0.0000052452091950,0.0000033378601074
0.1024200737720831,0.0000023841860184,-0.0000004768372150
0.1025200931857892,0.0000023841860184,-0.0000004768372150
0.1026201125994953,0.0000023841860184,-0.0000004768372150
0.1027201320132013,-0.0000052452091950,-0.0000004768372150
0.1028201514269074,-0.0000014305120430,-0.0000004768372150
0.1029201708406135,-0.0000052452091950,0.0000033376220472
0.1030201902543196,-0.0000052452091950,-0.0000004770756163
0.1031202096680256,-0.0000090599060059,0.0000033376220472
0.1032202290817317,-0.0000014305120430,-0.0000004768372150
0.1033202484954378,-0.0000052452091950,0.0000033378601074
0.1034202679091439,-0.0000014305120430,-0.0000042915339691
0.1035202873228500,-0.0000052452091950,-0.0000004768372150
0.1036203067365560,-0.0000014305120430,-0.0000042915339691
0.1037203261502621,-0.0000014305120430,-0.0000004768372150
0.1038203455639682,-0.0000014305120430,-0.0000004768372150
0.1039203649776742,0.0000023841860184,0.0000033376220472
0.1040203843913803,-0.0000014305120430,-0.0000004768372150
0.1041204038050864,-0.0000014305120430,-0.0000042915339691
0.1042204232187925,0.0000023841860184,-0.0000004768372150
0.1043204426324986,0.0000061988839661,0.0000033378601074
0.1044204620462046,-0.0000014305120430,-0.0000004768372150
0.1045204814599107,0.0000023841860184,-0.0000004768372150
0.1046205008736168,-0.0000090599060059,-0.0000004770756163
0.1047205202873229,-0.0000166893005371,-0.0000042917731662
0.1048205397010289,-0.0000052452091950,0.0000033376220472
0.1049205591147350,-0.0000014305120430,0.0000033376220472
0.1050205785284411,-0.0000014305120430,0.0000033378601074
0.1051205979421472,-0.0000014305120430,-0.0000004770756163
0.1052206173558533,-0.0000052452091950,-0.0000004768372150
0.1053206367695593,-0.0000014305120430,-0.0000042915339691
0.1054206561832654,-0.0000014305120430,-0.0000042915339691
0.1055206755969715,-0.0000014305120430,-0.0000004768372150
0.1056206950106776,-0.0000052452091950,0.0000033376220472
0.1057207144243836,-0.0000014305120430,-0.0000004768372150
0.1058207338380897,-0.0000014305120430,-0.0000004770756163
0.1059207532517958,-0.0000014305120430,-0.0000042915339691
0.1060207726655019,-0.0000014305120430,0.0000033376220472
0.1061207920792079,-0.0000014305120430,-0.0000004768372150
0.1062208114929140,-0.0000052452091950,-0.0000004770756163
0.1063208309066201,-0.0000090599060059,-0.0000004770756163
0.1064208503203262,-0.0000166893005371,-0.0000004770756163
0.1065208697340322,-0.0000014305120430,-0.0000004770756163
0.1066208891477383,-0.0000014305120430,-0.0000004768372150
0.1067209085614444,-0.0000014305120430,-0.0000004770756163
0.1068209279751505,-0.0000014305120430,-0.0000004768372150
0.1069209473888565,-0.0000014305120430,-0.0000042915339691
0.1070209668025626,-0.0000014305120430,-0.0000004768372150
0.1071209862162687,-0.0000052452091950,-0.0000004768372150
0.1072210056299748,-0.0000014305120430,-0.0000042915339691
0.1073210250436809,-0.0000014305120430,-0.0000004768372150
0.1074210444573869,-0.0000052452091950,0.0000033376220472
0.1075210638710930,-0.0000014305120430,-0.0000004770756163
0.1076210832847991,-0.0000014305120430,-0.0000004770756163
0.1077211026985052,-0.0000052452091950,0.0000033376220472
0.1078211221122112,-0.0000052452091950,-0.0000004768372150
0.1079211415259173,-0.0000166893005371,-0.0000004770756163
0.1080211609396234,-0.0000052452091950,0.0000033376220472
0.1081211803533295,-0.0000128745996335,-0.0000004770756163
0.1082211997670355,-0.0000090599060059,-0.0000004770756163
0.1083212191807416,-0.0000052452091950,-0.0000004770756163
0.1084212385944477,-0.0000014305120430,-0.0000042915339691
0.1085212580081538,-0.0000052452091950,-0.0000042915339691
0.1086212774218598,-0.0000014305120430,-0.0000004770756163
0.1087212968355659,-0.0000090599060059,-0.0000042915339691
0.1088213162492720,-0.0000052452091950,-0.0000042915339691
0.1089213356629781,-0.0000052452091950,-0.0000042915339691
0.1090213550766842,-0.0000090599060059,-0.0000042915339691
0.1091213744903902,-0.0000052452091950,-0.0000004768372150
0.1092213939040963,-0.0000014305120430,-0.0000004768372150
0.1093214133178024,-0.0000090599060059,-0.0000004770756163
0.1094214327315085,-0.0000052452091950,-0.0000004768372150
0.1095214521452145,-0.0000128745996335,-0.0000004770756163
0.1096214715589206,-0.0000128745996335,-0.0000042917731662
0.1097214909726267,-0.0000128745996335,-0.0000004770756163
0.1098215103863328,-0.0000090599060059,-0.0000004770756163
0.1099215298000388,-0.0000052452091950,-0.0000004770756163
0.1100215492137449,-0.0000052452091950,-0.0000004770756163
0.1101215686274510,-0.0000052452091950,-0.0000042915339691
0.1102215880411571,-0.0000052452091950,-0.0000004770756163
0.1103216074548631,-0.0000090599060059,-0.0000004770756163
0.1104216268685692,-0.0000052452091950,-0.0000004770756163
0.1105216462822753,-0.0000052452091950,-0.0000042915339691
0.1106216656959814,-0.0000090599060059,-0.0000042915339691
0.1107216851096875,-0.0000052452091950,-0.0000042917731662
0.1108217045233935,-0.0000090599060059,-0.0000004770756163
0.1109217239370996,-0.0000052452091950,-0.0000004770756163
0.1110217433508057,-0.0000014305120430,-0.0000004770756163
0.1111217627645118,-0.0000090599060059,-0.0000004770756163
0.1112217821782178,-0.0000052452091950,-0.0000042915339691
0.1113218015919239,-0.0000128745996335,-0.0000004770756163
0.1114218210056300,-0.0000052452091950,-0.0000042917731662
0.1115218404193361,-0.0000128745996335,-0.0000004770756163
0.1116218598330421,-0.0000090599060059,-0.0000042917731662
0.1117218792467482,-0.0000090599060059,-0.0000004770756163
0.1118218986604543,-0.0000090599060059,-0.0000004770756163
0.1119219180741604,-0.0000052452091950,-0.0000004770756163
0.1120219374878665,-0.0000014305120430,-0.0000004770756163
0.1121219569015725,-0.0000052452091950,0.0000033376220472
0.1122219763152786,-0.0000052452091950,-0.0000004770756163
0.1123219957289847,-0.0000090599060059,-0.0000004770756163
0.1124220151426907,-0.0000052452091950,0.0000033376220472
0.1125220345563968,-0.0000052452091950,-0.0000042915339691
0.1126220539701029,-0.0000014305120430,-0.0000004770756163
0.1127220733838090,-0.0000052452091950,-0.0000042915339691
0.1128220927975151,-0.0000052452091950,-0.0000004770756163
0.1129221122112211,-0.0000128745996335,-0.0000004770756163
0.1130221316249272,-0.0000052452091950,-0.0000004770756163
0.1131221510386333,-0.0000090599060059,-0.0000042917731662
0.1132221704523394,-0.0000014305120430,-0.0000004770756163
0.1133221898660454,-0.0000014305120430,-0.0000004770756163
0.1134222092797515,-0.0000052452091950,-0.0000004770756163
0.1135222286934576,-0.0000014305120430,-0.0000042915339691
0.1136222481071637,-0.0000052452091950,-0.0000004770756163
0.1137222675208698,-0.0000052452091950,-0.0000004770756163
0.1138222869345758,-0.0000052452091950,-0.0000004770756163
0.1139223063482819,-0.0000014305120430,-0.0000004770756163
0.1140223257619880,-0.0000052452091950,0.0000033376220472
0.1141223451756941,-0.0000052452091950,-0.0000004770756163
0.1142223645894001,-0.0000052452091950,0.0000033376220472
0.1143223840031062,-0.0000052452091950,-0.0000004770756163
0.1144224034168123,-0.0000052452091950,-0.0000004768372150
0.1145224228305184,-0.0000090599060059,0.0000033376220472
0.1146224422442245,-0.0000128745996335,-0.0000042917731662
0.1147224616579305,-0.0000052452091950,-0.0000042917731662
0.1148224810716366,-0.0000128745996335,-0.0000042917731662
0.1149225004853427,-0.0000052452091950,-0.0000004770756163
0.1150225198990487,-0.0000090599060059,-0.0000004770756163
0.1151225393127548,-0.0000014305120430,-0.0000004770756163
0.1152225587264609,-0.0000014305120430,-0.0000004770756163
0.1153225781401670,-0.0000052452091950,-0.0000042917731662
0.1154225975538730,-0.0000052452091950,-0.0000042915339691
0.1155226169675791,-0.0000014305120430,0.0000033376220472
0.1156226363812852,-0.0000052452091950,-0.0000004770756163
0.1157226557949913,-0.0000014305120430,-0.0000042915339691
0.1158226752086974,-0.0000014305120430,-0.0000004770756163
0.1159226946224034,-0.0000052452091950,-0.0000004770756163
0.1160227140361095,-0.0000052452091950,0.0000033376220472
0.1161227334498156,-0.0000014305120430,-0.0000042915339691
0.1162227528635217,-0.0000090599060059,-0.0000004770756163
0.1163227722772277,-0.0000052452091950,-0.0000004770756163
0.1164227916909338,-0.0000128745996335,-0.0000042917731662
0.1165228111046399,-0.0000052452091950,0.0000033376220472
0.1166228305183460,-0.0000014305120430,-0.0000004770756163
0.1167228499320520,-0.0000014305120430,-0.0000042915339691
0.1168228693457581,-0.0000052452091950,-0.0000042915339691
0.1169228887594642,-0.0000014305120430,-0.0000004770756163
0.1170229081731703,-0.0000014305120430,-0.0000042915339691
0.1171229275868764,-0.0000014305120430,-0.0000042915339691
0.1172229470005824,-0.0000052452091950,-0.0000042915339691
0.1173229664142885,-0.0000014305120430,0.0000033376220472
0.1174229858279946,-0.0000052452091950,-0.0000004768372150
0.1175230052417007,0.0000023841860184,-0.0000042915339691
0.1176230246554067,-0.0000052452091950,-0.0000042915339691
0.1177230440691128,-0.0000052452091950,0.0000033376220472
0.1178230634828189,0.0000023841860184,-0.0000004770756163
0.1179230828965250,-0.0000128745996335,-0.0000004770756163
0.1180231023102310,-0.0000014305120430,-0.0000042917731662
0.1181231217239371,-0.0000166893005371,-0.0000042917731662
0.1182231411376432,-0.0000090599060059,0.0000033376220472
0.1183231605513493,-0.0000052452091950,-0.0000042917731662
0.1184231799650553,-0.0000014305120430,0.0000033376220472
0.1185231993787614,-0.0000014305120430,0.0000033376220472
0.1186232187924675,-0.0000014305120430,-0.0000042915339691
0.1187232382061736,-0.0000014305120430,-0.0000004768372150
0.1188232576198796,0.0000023841860184,-0.0000004768372150
0.1189232770335857,-0.0000014305120430,-0.0000004768372150
0.1190232964472918,0.0000023841860184,-0.0000004768372150
0.1191233158609979,-0.0000014305120430,-0.0000004768372150
0.1192233352747040,-0.0000014305120430,0.0000033378601074
0.1193233546884100,0.0000023841860184,0.0000071523190854
0.1194233741021161,0.0000023841860184,-0.0000004768372150
0.1195233935158222,-0.0000014305120430,-0.0000042915339691
0.1196234129295283,-0.0000014305120430,-0.0000004770756163
0.1197234323432343,-0.0000090599060059,-0.0000004770756163
0.1198234517569404,-0.0000052452091950,-0.0000004768372150
0.1199234711706465,0.0000023841860184,-0.0000004768372150
0.1200234905843526,0.0000023841860184,-0.0000004768372150
0.1201235099980587,-0.0000052452091950,-0.0000004768372150
0.1202235294117647,0.0000023841860184,-0.0000004768372150
0.1203235488254708,0.0000023841860184,-0.0000004768372150
0.1204235682391769,0.0000023841860184,-0.0000042915339691
0.1205235876528830,0.0000023841860184,-0.0000042915339691
0.1206236070665890,0.0000061988839661,0.0000033378601074
0.1207236264802951,-0.0000014305120430,-0.0000004768372150
0.1208236458940012,0.0000023841860184,-0.0000004768372150
0.1209236653077072,-0.0000014305120430,0.0000033378601074
0.1210236847214133,0.0000023841860184,-0.0000004768372150
0.1211237041351194,0.0000023841860184,-0.0000004768372150
0.1212237235488255,0.0000023841860184,-0.0000004768372150
0.1213237429625316,-0.0000090599060059,-0.0000004770756163
0.1214237623762376,-0.0000014305120430,-0.0000004768372150
0.1215237817899437,-0.0000128745996335,0.0000033376220472
0.1216238012036498,-0.0000052452091950,-0.0000004768372150
0.1217238206173559,0.0000061988839661,-0.0000004768372150
0.1218238400310619,-0.0000014305120430,-0.0000004768372150
0.1219238594447680,0.0000023841860184,-0.0000004768372150
0.1220238788584741,0.0000023841860184,-0.0000042915339691
0.1221238982721802,-0.0000014305120430,-0.0000004768372150
0.1222239176858863,-0.0000014305120430,-0.0000004768372150
0.1223239370995923,-0.0000052452091950,0.0000033378601074
0.1224239565132984,0.0000023841860184,-0.0000004768372150
0.1225239759270045,0.0000023841860184,-0.0000004768372150
0.1226239953407106,0.0000023841860184,-0.0000042915339691
0.1227240147544166,0.0000023841860184,-0.0000004768372150
0.1228240341681227,0.0000023841860184,-0.0000042915339691
0.1229240535818288,-0.0000052452091950,-0.0000004770756163
0.1230240729955349,-0.0000052452091950,0.0000033376220472
0.1231240924092410,-0.0000090599060059,-0.0000004770756163
0.1232241118229470,-0.0000052452091950,-0.0000004768372150
0.1233241312366531,0.0000023841860184,-0.0000042915339691
0.1234241506503592,-0.0000014305120430,-0.0000004768372150
0.1235241700640652,0.0000023841860184,-0.0000042915339691
0.1236241894777713,-0.0000014305120430,-0.0000004768372150
0.1237242088914774,-0.0000052452091950,-0.0000004768372150
0.1238242283051835,-0.0000014305120430,0.0000033376220472
0.1239242477188896,-0.0000014305120430,-0.0000004768372150
0.1240242671325956,-0.0000052452091950,-0.0000042915339691
0.1241242865463017,-0.0000014305120430,-0.0000004768372150
0.1242243059600078,0.0000023841860184,-0.0000042915339691
0.1243243253737139,-0.0000014305120430,-0.0000042915339691
0.1244243447874199,-0.0000014305120430,-0.0000004768372150
0.1245243642011260,-0.0000052452091950,-0.0000004768372150
0.1246243836148321,-0.0000090599060059,-0.0000042917731662
0.1247244030285382,-0.0000052452091950,-0.0000004770756163
0.1248244224422442,-0.0000052452091950,-0.0000004770756163
0.1249244418559503,-0.0000014305120430,-0.0000042915339691
0.1250244612696564,0.0000023841860184,-0.0000004770756163
0.1251244806833625,-0.0000014305120430,0.0000033376220472
0.1252245000970685,-0.0000052452091950,-0.0000004768372150
0.1253245195107746,0.0000023841860184,-0.0000004768372150
0.1254245389244807,-0.0000052452091950,-0.0000004770756163
0.1255245583381868,-0.0000014305120430,-0.0000004768372150
0.1256245777518929,-0.0000014305120430,-0.0000004768372150
0.1257245971655989,-0.0000014305120430,-0.0000004768372150
0.1258246165793050,-0.0000014305120430,-0.0000042915339691
0.1259246359930111,-0.0000014305120430,0.0000033376220472
0.1260246554067171,-0.0000052452091950,-0.0000004768372150
0.1261246748204232,-0.0000014305120430,-0.0000004768372150
0.1262246942341293,-0.0000014305120430,-0.0000004770756163
0.1263247136478354,-0.0000128745996335,-0.0000004770756163
0.1264247330615414,-0.0000166893005371,-0.0000004770756163
0.1265247524752475,-0.0000052452091950,-0.0000004770756163
0.1266247718889536,-0.0000052452091950,0.0000033376220472
0.1267247913026597,-0.0000014305120430,-0.0000042915339691
0.1268248107163658,-0.0000014305120430,-0.0000004770756163
0.1269248301300719,-0.0000014305120430,-0.0000042915339691
0.1270248495437779,-0.0000052452091950,0.0000033376220472
0.1271248689574840,-0.0000090599060059,0.0000033376220472
0.1272248883711901,-0.0000014305120430,-0.0000042915339691
0.1273249077848962,-0.0000052452091950,-0.0000004768372150
0.1274249271986022,-0.0000052452091950,-0.0000004768372150
0.1275249466123083,-0.0000052452091950,0.0000033376220472
0.1276249660260144,-0.0000052452091950,-0.0000004770756163
0.1277249854397205,-0.0000052452091950,-0.0000004768372150
0.1278250048534265,-0.0000052452091950,0.0000033376220472
0.1279250242671326,-0.0000166893005371,-0.0000004770756163
0.1280250436808387,-0.0000052452091950,-0.0000004770756163
0.1281250630945448,-0.0000090599060059,-0.0000004770756163
0.1282250825082508,-0.0000052452091950,-0.0000042917731662
0.1283251019219569,-0.0000052452091950,-0.0000042915339691
0.1284251213356630,-0.0000052452091950,-0.0000042915339691
0.1285251407493691,-0.0000052452091950,-0.0000042915339691
0.1286251601630752,-0.0000052452091950,0.0000033376220472
0.1287251795767812,-0.0000014305120430,-0.0000004770756163
0.1288251989904873,-0.0000014305120430,-0.0000004770756163
0.1289252184041934,-0.0000014305120430,-0.0000004770756163
0.1290252378178995,-0.0000052452091950,0.0000033376220472
0.1291252572316055,-0.0000090599060059,-0.0000004770756163
0.1292252766453116,-0.0000052452091950,-0.0000004768372150
0.1293252960590177,-0.0000052452091950,-0.0000042915339691
0.1294253154727238,-0.0000052452091950,-0.0000004768372150
0.1295253348864298,-0.0000090599060059,0.0000033376220472
0.1296253543001359,-0.0000052452091950,-0.0000004770756163
0.1297253737138420,-0.0000166893005371,-0.0000004770756163
0.1298253931275481,-0.0000052452091950,0.0000033376220472
0.1299254125412541,-0.0000090599060059,0.0000033376220472
0.1300254319549602,-0.0000052452091950,0.0000033376220472
0.1301254513686663,-0.0000052452091950,0.0000033376220472
0.1302254707823724,-0.0000090599060059,-0.0000004770756163
0.1303254901960784,-0.0000052452091950,-0.0000042915339691
0.1304255096097845,-0.0000014305120430,-0.0000042915339691
0.1305255290234906,-0.0000052452091950,-0.0000004770756163
0.1306255484371967,-0.0000052452091950,-0.0000004770756163
0.1307255678509028,-0.0000090599060059,-0.0000004770756163
0.1308255872646088,-0.0000052452091950,-0.0000004770756163
0.1309256066783149,-0.0000052452091950,-0.0000004770756163
0.1310256260920210,-0.0000052452091950,0.0000033376220472
0.1311256455057271,-0.0000014305120430,-0.0000004770756163
0.1312256649194331,-0.0000014305120430,-0.0000004770756163
0.1313256843331392,-0.0000090599060059,-0.0000004770756163
0.1314257037468453,-0.0000128745996335,-0.0000004770756163
0.1315257231605514,-0.0000090599060059,-0.0000042917731662
0.1316257425742575,-0.0000052452091950,-0.0000042917731662
0.1317257619879635,-0.0000014305120430,-0.0000004770756163
0.1318257814016696,-0.0000090599060059,-0.0000004770756163
0.1319258008153757,-0.0000014305120430,-0.0000004770756163
0.1320258202290817,-0.0000014305120430,-0.0000004770756163
0.1321258396427878,-0.0000052452091950,-0.0000004770756163
0.1322258590564939,-0.0000052452091950,-0.0000004770756163
0.1323258784702000,-0.0000052452091950,-0.0000004770756163
0.1324258978839061,-0.0000014305120430,-0.0000004770756163
0.1325259172976121,-0.0000052452091950,-0.0000004770756163
0.1326259367113182,-0.0000052452091950,-0.0000004770756163
0.1327259561250243,-0.0000052452091950,-0.0000004770756163
0.1328259755387304,-0.0000014305120430,-0.0000042917731662
0.1329259949524364,-0.0000128745996335,-0.0000004770756163
0.1330260143661425,-0.0000090599060059,-0.0000042917731662
0.1331260337798486,-0.0000090599060059,-0.0000042917731662
0.1332260531935547,-0.0000014305120430,-0.0000004770756163
0.1333260726072608,-0.0000014305120430,-0.0000042915339691
0.1334260920209668,-0.0000090599060059,-0.0000042915339691
0.1335261114346729,-0.0000014305120430,-0.0000004770756163
0.1336261308483790,-0.0000090599060059,-0.0000004770756163
0.1337261502620850,-0.0000052452091950,-0.0000004770756163
0.1338261696757911,-0.0000090599060059,-0.0000004770756163
0.1339261890894972,-0.0000014305120430,-0.0000004770756163
0.1340262085032033,-0.0000052452091950,-0.0000004770756163
0.1341262279169094,-0.0000052452091950,-0.0000004770756163
0.1342262473306154,-0.0000014305120430,-0.0000042915339691
0.1343262667443215,-0.0000052452091950,0.0000033376220472
0.1344262861580276,-0.0000014305120430,-0.0000042915339691
0.1345263055717337,-0.0000052452091950,-0.0000004770756163
0.1346263249854397,-0.0000128745996335,-0.0000042917731662
0.1347263443991458,-0.0000090599060059,0.0000033376220472
0.1348263638128519,-0.0000128745996335,-0.0000004770756163
0.1349263832265579,-0.0000052452091950,0.0000033376220472
0.1350264026402641,-0.0000052452091950,-0.0000004770756163
0.1351264220539701,-0.0000014305120430,0.0000033376220472
0.1352264414676762,-0.0000014305120430,-0.0000004770756163
0.1353264608813823,-0.0000014305120430,-0.0000004770756163
0.1354264802950883,-0.0000014305120430,0.0000033376220472
0.1355264997087944,-0.0000052452091950,-0.0000004770756163
0.1356265191225005,-0.0000052452091950,-0.0000004770756163
0.1357265385362066,-0.0000052452091950,-0.0000004770756163
0.1358265579499127,-0.0000052452091950,0.0000033376220472
0.1359265773636187,0.0000023841860184,0.0000033376220472
0.1360265967773248,-0.0000014305120430,-0.0000004770756163
0.1361266161910309,0.0000023841860184,-0.0000004768372150
0.1362266356047370,-0.0000166893005371,-0.0000004770756163
0.1363266550184430,-0.0000052452091950,-0.0000004770756163
0.1364266744321491,-0.0000128745996335,-0.0000004770756163
0.1365266938458552,-0.0000052452091950,-0.0000042917731662
0.1366267132595612,-0.0000014305120430,-0.0000004770756163
0.1367267326732673,-0.0000014305120430,0.0000033376220472
0.1368267520869734,-0.0000014305120430,-0.0000004770756163
0.1369267715006795,-0.0000014305120430,0.0000033376220472
0.1370267909143856,-0.0000014305120430,-0.0000004768372150
0.1371268103280917,-0.0000052452091950,0.0000033376220472
0.1372268297417977,-0.0000052452091950,-0.0000004770756163
0.1373268491555038,-0.0000052452091950,0.0000033376220472
0.1374268685692099,-0.0000052452091950,-0.0000042917731662
0.1375268879829160,-0.0000090599060059,-0.0000004770756163
0.1376269073966220,-0.0000014305120430,0.0000033376220472
0.1377269268103281,-0.0000052452091950,-0.0000004770756163
0.1378269462240342,-0.0000014305120430,-0.0000004770756163
0.1379269656377403,-0.0000205039996217,0.0000033376220472
0.1380269850514463,-0.0000052452091950,0.0000033376220472
0.1381270044651524,-0.0000090599060059,-0.0000004770756163
0.1382270238788585,-0.0000090599060059,0.0000033376220472
0.1383270432925646,-0.0000014305120430,-0.0000004770756163
0.1384270627062706,-0.0000014305120430,-0.0000004770756163
0.1385270821199767,-0.0000014305120430,-0.0000004770756163
0.1386271015336828,0.0000023841860184,-0.0000004770756163
0.1387271209473889,-0.0000052452091950,-0.0000042915339691
0.1388271403610950,-0.0000052452091950,-0.0000004770756163
0.1389271597748010,-0.0000052452091950,-0.0000042915339691
0.1390271791885071,-0.0000014305120430,0.0000033376220472
0.1391271986022132,-0.0000014305120430,-0.0000004770756163
0.1392272180159193,-0.0000014305120430,-0.0000004768372150
0.1393272374296253,-0.0000014305120430,-0.0000042915339691
0.1394272568433314,0.0000023841860184,-0.0000004768372150
0.1395272762570375,0.0000061988839661,-0.0000004768372150
0.1396272956707436,-0.0000052452091950,-0.0000004770756163
0.1397273150844496,-0.0000090599060059,-0.0000004770756163
0.1398273344981557,-0.0000014305120430,-0.0000004770756163
0.1399273539118618,0.0000023841860184,-0.0000004768372150
0.1400273733255679,-0.0000014305120430,-0.0000004768372150
0.1401273927392739,-0.0000014305120430,-0.0000042915339691
0.1402274121529800,-0.0000014305120430,-0.0000004768372150
0.1403274315666861,0.0000023841860184,-0.0000004768372150
0.1404274509803922,-0.0000014305120430,0.0000033376220472
0.1405274703940983,0.0000023841860184,-0.0000042915339691
0.1406274898078043,-0.0000014305120430,-0.0000042915339691
0.1407275092215104,0.0000023841860184,-0.0000004768372150
0.1408275286352165,-0.0000014305120430,-0.0000004768372150
0.1409275480489225,-0.0000052452091950,-0.0000004768372150
0.1410275674626287,-0.0000014305120430,-0.0000004768372150
0.1411275868763347,-0.0000014305120430,-0.0000004768372150
0.1412276062900408,-0.0000014305120430,-0.0000004768372150
0.1413276257037469,-0.0000090599060059,-0.0000004770756163
0.1414276451174530,-0.0000014305120430,-0.0000004770756163
0.1415276645311590,-0.0000090599060059,-0.0000004770756163
0.1416276839448651,-0.0000014305120430,0.0000033376220472
0.1417277033585712,-0.0000014305120430,0.0000033376220472
0.1418277227722772,-0.0000014305120430,-0.0000004768372150
0.1419277421859833,-0.0000014305120430,-0.0000042915339691
0.1420277615996894,-0.0000014305120430,-0.0000004768372150
0.1421277810133955,-0.0000014305120430,-0.0000004768372150
0.1422278004271016,-0.0000014305120430,-0.0000004768372150
0.1423278198408076,-0.0000014305120430,-0.0000042915339691
0.1424278392545137,-0.0000014305120430,-0.0000004768372150
0.1425278586682198,-0.0000014305120430,-0.0000004768372150
0.1426278780819259,0.0000023841860184,-0.0000004768372150
0.1427278974956319,-0.0000014305120430,-0.0000004768372150
0.1428279169093380,-0.0000014305120430,-0.0000042915339691
0.1429279363230441,-0.0000090599060059,-0.0000004770756163
0.1430279557367501,-0.0000052452091950,-0.0000042917731662
0.1431279751504562,-0.0000052452091950,-0.0000042917731662
0.1432279945641623,-0.0000052452091950,-0.0000004768372150
0.1433280139778684,-0.0000014305120430,-0.0000004768372150
0.1434280333915745,-0.0000014305120430,-0.0000004768372150
0.1435280528052805,-0.0000014305120430,-0.0000004768372150
0.1436280722189866,0.0000023841860184,-0.0000042915339691
0.1437280916326927,0.0000023841860184,-0.0000004768372150
0.1438281110463988,-0.0000014305120430,-0.0000004768372150
0.1439281304601049,-0.0000014305120430,-0.0000004768372150
0.1440281498738109,-0.0000014305120430,-0.0000004768372150
0.1441281692875170,0.0000023841860184,-0.0000004768372150
0.1442281887012231,-0.0000014305120430,-0.0000004768372150
0.1443282081149292,-0.0000014305120430,0.0000033378601074
0.1444282275286352,-0.0000014305120430,-0.0000004768372150
0.1445282469423413,0.0000061988839661,0.0000033378601074
0.1446282663560474,-0.0000090599060059,-0.0000004770756163
0.1447282857697535,-0.0000166893005371,-0.0000004770756163
0.1448283051834595,-0.0000052452091950,-0.0000042917731662
0.1449283245971656,-0.0000052452091950,-0.0000004770756163
0.1450283440108717,-0.0000014305120430,-0.0000004768372150
0.1451283634245778,-0.0000014305120430,-0.0000004768372150
0.1452283828382838,-0.0000014305120430,-0.0000004768372150
0.1453284022519899,0.0000023841860184,0.0000033378601074
0.1454284216656960,-0.0000052452091950,-0.0000004768372150
0.1455284410794021,-0.0000052452091950,-0.0000004768372150
0.1456284604931082,-0.0000052452091950,-0.0000042915339691
0.1457284799068143,-0.0000014305120430,-0.0000004768372150
0.1458284993205203,-0.0000014305120430,-0.0000042915339691
0.1459285187342264,-0.0000014305120430,-0.0000004770756163
0.1460285381479325,-0.0000052452091950,-0.0000004770756163
0.1461285575616385,-0.0000052452091950,-0.0000004768372150
0.1462285769753446,-0.0000052452091950,0.0000033376220472
0.1463285963890507,-0.0000090599060059,-0.0000042917731662
0.1464286158027568,-0.0000128745996335,0.0000033376220472
0.1465286352164628,-0.0000052452091950,-0.0000042917731662
0.1466286546301689,-0.0000014305120430,-0.0000004770756163
0.1467286740438750,-0.0000014305120430,-0.0000004768372150
0.1468286934575811,-0.0000052452091950,0.0000033376220472
0.1469287128712872,-0.0000014305120430,-0.0000042915339691
0.1470287322849932,-0.0000014305120430,-0.0000004768372150
0.1471287516986993,-0.0000014305120430,-0.0000004768372150
0.1472287711124054,-0.0000014305120430,0.0000033376220472
0.1473287905261114,-0.0000014305120430,-0.0000004770756163
0.1474288099398176,0.0000023841860184,0.0000033376220472
0.1475288293535236,-0.0000014305120430,-0.0000004768372150
0.1476288487672297,0.0000023841860184,0.0000033376220472
0.1477288681809358,-0.0000014305120430,0.0000033376220472
0.1478288875946418,0.0000023841860184,-0.0000042915339691
0.1479289070083479,-0.0000090599060059,0.0000033376220472
0.1480289264220540,-0.0000052452091950,-0.0000004770756163
0.1481289458357601,-0.0000128745996335,-0.0000042917731662
0.1482289652494661,-0.0000052452091950,-0.0000004770756163
0.1483289846631722,-0.0000052452091950,-0.0000004768372150
0.1484290040768783,-0.0000014305120430,-0.0000004768372150
0.1485290234905844,0.0000023841860184,-0.0000004770756163
0.1486290429042905,-0.0000014305120430,-0.0000004770756163
0.1487290623179965,-0.0000052452091950,-0.0000004768372150
0.1488290817317026,-0.0000014305120430,-0.0000004770756163
0.1489291011454087,-0.0000014305120430,-0.0000004768372150
0.1490291205591147,-0.0000090599060059,-0.0000004768372150
0.1491291399728208,-0.0000014305120430,-0.0000004770756163
0.1492291593865269,-0.0000052452091950,-0.0000004770756163
0.1493291788002330,-0.0000014305120430,-0.0000004770756163
0.1494291982139390,0.0000023841860184,-0.0000004770756163
0.1495292176276452,-0.0000090599060059,0.0000033376220472
0.1496292370413512,-0.0000090599060059,-0.0000004770756163
0.1497292564550573,-0.0000128745996335,-0.0000042917731662
0.1498292758687634,-0.0000052452091950,-0.0000004770756163
0.1499292952824694,-0.0000014305120430,-0.0000004770756163
0.1500293146961755,-0.0000014305120430,0.0000033376220472
0.1501293341098816,-0.0000014305120430,-0.0000004770756163
0.1502293535235877,0.0000023841860184,-0.0000042915339691
0.1503293729372938,-0.0000052452091950,-0.0000042915339691
0.1504293923509998,-0.0000014305120430,-0.0000004770756163
0.1505294117647059,-0.0000052452091950,-0.0000004770756163
0.1506294311784120,-0.0000052452091950,-0.0000004768372150
0.1507294505921181,-0.0000052452091950,0.0000033376220472
0.1508294700058241,-0.0000090599060059,-0.0000004770756163
0.1509294894195302,-0.0000014305120430,-0.0000042915339691
0.1510295088332363,-0.0000052452091950,-0.0000042915339691
0.1511295282469424,-0.0000090599060059,0.0000033376220472
0.1512295476606484,-0.0000014305120430,0.0000033376220472
0.1513295670743545,-0.0000090599060059,-0.0000042917731662
0.1514295864880606,-0.0000090599060059,-0.0000042917731662
0.1515296059017667,-0.0000090599060059,-0.0000004770756163
0.1516296253154727,-0.0000052452091950,-0.0000004770756163
0.1517296447291788,-0.0000014305120430,-0.0000042917731662
0.1518296641428849,-0.0000014305120430,0.0000033376220472
0.1519296835565910,-0.0000014305120430,-0.0000042915339691
0.1520297029702971,-0.0000052452091950,-0.0000042917731662
0.1521297223840031,-0.0000052452091950,-0.0000042915339691
0.1522297417977092,-0.0000014305120430,0.0000033376220472
0.1523297612114153,-0.0000052452091950,-0.0000004770756163
0.1524297806251214,-0.0000090599060059,-0.0000004770756163
0.1525298000388274,-0.0000014305120430,-0.0000004770756163
0.1526298194525335,-0.0000014305120430,0.0000033376220472
0.1527298388662396,-0.0000052452091950,0.0000033376220472
0.1528298582799457,-0.0000090599060059,-0.0000004770756163
0.1529298776936517,-0.0000128745996335,-0.0000004770756163
0.1530298971073578,-0.0000052452091950,-0.0000042917731662
0.1531299165210639,-0.0000090599060059,-0.0000004770756163
0.1532299359347700,-0.0000052452091950,-0.0000004770756163
0.1533299553484760,-0.0000052452091950,0.0000033376220472
0.1534299747621821,-0.0000052452091950,-0.0000004770756163
0.1535299941758882,-0.0000014305120430,0.0000033376220472
0.1536300135895943,-0.0000052452091950,0.0000033376220472
0.1537300330033003,-0.0000014305120430,0.0000033376220472
0.1538300524170065,-0.0000014305120430,-0.0000004770756163
0.1539300718307125,-0.0000014305120430,-0.0000004768372150
0.1540300912444186,-0.0000052452091950,-0.0000004770756163
0.1541301106581247,-0.0000014305120430,-0.0000004770756163
0.1542301300718307,-0.0000014305120430,-0.0000004770756163
0.1543301494855368,-0.0000014305120430,-0.0000004770756163
0.1544301688992429,-0.0000052452091950,-0.0000004768372150
0.1545301883129490,0.0000023841860184,-0.0000004770756163
0.1546302077266550,-0.0000090599060059,-0.0000042917731662
0.1547302271403611,-0.0000052452091950,-0.0000004770756163
0.1548302465540672,-0.0000090599060059,-0.0000042917731662
0.1549302659677733,-0.0000052452091950,-0.0000004770756163
0.1550302853814794,-0.0000090599060059,-0.0000004770756163
0.1551303047951854,-0.0000052452091950,-0.0000042917731662
0.1552303242088915,-0.0000014305120430,-0.0000004770756163
0.1553303436225976,-0.0000014305120430,-0.0000004768372150
0.1554303630363036,-0.0000014305120430,-0.0000004770756163
0.1555303824500097,-0.0000052452091950,-0.0000004770756163
0.1556304018637158,-0.0000052452091950,-0.0000042915339691
0.1557304212774219,-0.0000052452091950,-0.0000004768372150
0.1558304406911280,-0.0000052452091950,-0.0000042915339691
0.1559304601048340,0.0000023841860184,-0.0000042915339691
0.1560304795185401,-0.0000014305120430,0.0000033376220472
0.1561304989322462,-0.0000014305120430,-0.0000042917731662
0.1562305183459523,-0.0000090599060059,-0.0000004770756163
0.1563305377596583,-0.0000128745996335,-0.0000004770756163
0.1564305571733644,-0.0000166893005371,-0.0000042917731662
0.1565305765870705,-0.0000052452091950,-0.0000004770756163
0.1566305960007766,-0.0000090599060059,-0.0000004770756163
0.1567306154144827,-0.0000014305120430,-0.0000004768372150
0.1568306348281887,-0.0000014305120430,-0.0000042915339691
0.1569306542418948,-0.0000052452091950,-0.0000004770756163
0.1570306736556009,-0.0000052452091950,0.0000033376220472
0.1571306930693069,-0.0000052452091950,-0.0000004768372150
0.1572307124830130,-0.0000052452091950,-0.0000004770756163
0.1573307318967191,0.0000023841860184,-0.0000081062316895
0.1574307513104252,-0.0000014305120430,-0.0000042915339691
0.1575307707241313,-0.0000014305120430,-0.0000004770756163
0.1576307901378373,-0.0000052452091950,0.0000033376220472
0.1577308095515434,0.0000023841860184,-0.0000004770756163
0.1578308289652495,-0.0000052452091950,-0.0000004770756163
0.1579308483789556,-0.0000166893005371,-0.0000004770756163
0.1580308677926617,-0.0000052452091950,-0.0000004770756163
0.1581308872063677,-0.0000128745996335,0.0000033376220472
0.1582309066200738,-0.0000052452091950,-0.0000004770756163
0.1583309260337799,-0.0000052452091950,-0.0000004770756163
0.1584309454474860,0.0000023841860184,0.0000033376220472
0.1585309648611920,-0.0000014305120430,0.0000033376220472
0.1586309842748981,-0.0000052452091950,-0.0000004768372150
0.1587310036886042,-0.0000014305120430,0.0000033376220472
0.1588310231023102,-0.0000014305120430,0.0000033376220472
0.1589310425160163,-0.0000052452091950,-0.0000004768372150
0.1590310619297224,-0.0000014305120430,-0.0000004768372150
0.1591310813434285,-0.0000014305120430,-0.0000004768372150
0.1592311007571346,-0.0000014305120430,-0.0000004768372150
0.1593311201708406,0.0000023841860184,-0.0000004768372150
0.1594311395845467,-0.0000014305120430,-0.0000004768372150
0.1595311589982528,-0.0000014305120430,-0.0000004768372150
0.1596311784119589,-0.0000052452091950,-0.0000004770756163
0.1597311978256649,-0.0000052452091950,-0.0000042917731662
0.1598312172393710,0.0000023841860184,-0.0000004770756163
0.1599312366530771,0.0000023841860184,-0.0000004768372150
0.1600312560667832,-0.0000014305120430,0.0000033378601074
0.1601312754804892,-0.0000014305120430,-0.0000004768372150
0.1602312948941953,0.0000023841860184,-0.0000004768372150
0.1603313143079014,0.0000023841860184,-0.0000004768372150
0.1604313337216075,0.0000023841860184,-0.0000004768372150
0.1605313531353136,0.0000023841860184,-0.0000004768372150
0.1606313725490196,0.0000023841860184,-0.0000004768372150
0.1607313919627257,-0.0000014305120430,-0.0000004768372150
0.1608314113764318,-0.0000014305120430,-0.0000042915339691
0.1609314307901379,0.0000023841860184,-0.0000042915339691
0.1610314502038439,0.0000023841860184,0.0000033378601074
0.1611314696175500,0.0000023841860184,-0.0000004768372150
0.1612314890312561,-0.0000014305120430,-0.0000004768372150
0.1613315084449622,-0.0000014305120430,-0.0000004770756163
0.1614315278586682,-0.0000052452091950,-0.0000004770756163
0.1615315472723743,-0.0000090599060059,-0.0000004770756163
0.1616315666860804,0.0000023841860184,-0.0000042915339691
0.1617315860997865,-0.0000014305120430,-0.0000004768372150
0.1618316055134925,0.0000023841860184,-0.0000004768372150
0.1619316249271986,-0.0000014305120430,-0.0000042915339691
0.1620316443409047,-0.0000014305120430,-0.0000004768372150
0.1621316637546108,-0.0000014305120430,-0.0000004768372150
0.1622316831683169,0.0000023841860184,0.0000033378601074
0.1623317025820229,-0.0000014305120430,-0.0000042915339691
0.1624317219957290,0.0000023841860184,-0.0000042915339691
0.1625317414094351,-0.0000014305120430,-0.0000004768372150
0.1626317608231412,-0.0000014305120430,-0.0000004768372150
0.1627317802368473,-0.0000014305120430,-0.0000042915339691
0.1628317996505533,0.0000023841860184,-0.0000004768372150
0.1629318190642594,-0.0000128745996335,-0.0000042917731662
0.1630318384779655,-0.0000014305120430,0.0000033376220472
0.1631318578916715,-0.0000090599060059,-0.0000042917731662
0.1632318773053776,0.0000023841860184,0.0000033376220472
0.1633318967190837,-0.0000014305120430,-0.0000004768372150
0.1634319161327898,-0.0000014305120430,-0.0000004768372150
0.1635319355464958,-0.0000052452091950,-0.0000004768372150
0.1636319549602019,-0.0000014305120430,-0.0000004768372150
0.1637319743739080,-0.0000014305120430,0.0000033378601074
0.1638319937876141,-0.0000014305120430,0.0000033376220472
0.1639320132013202,-0.0000014305120430,-0.0000004768372150
0.1640320326150262,0.0000023841860184,-0.0000042915339691
0.1641320520287323,-0.0000014305120430,-0.0000004768372150
0.1642320714424384,-0.0000014305120430,-0.0000004768372150
0.1643320908561445,0.0000023841860184,-0.0000004768372150
0.1644321102698506,0.0000023841860184,-0.0000004768372150
0.1645321296835566,-0.0000052452091950,-0.0000004768372150
0.1646321490972627,-0.0000128745996335,-0.0000004770756163
0.1647321685109688,-0.0000052452091950,-0.0000042915339691
0.1648321879246749,-0.0000052452091950,-0.0000042917731662
0.1649322073383809,-0.0000052452091950,-0.0000042915339691
0.1650322267520870,-0.0000014305120430,-0.0000004768372150
0.1651322461657931,-0.0000014305120430,-0.0000004768372150
0.1652322655794991,-0.0000014305120430,-0.0000004768372150
0.1653322849932052,-0.0000014305120430,-0.0000042915339691
0.1654323044069113,-0.0000052452091950,-0.0000004768372150
0.1655323238206174,-0.0000052452091950,-0.0000004768372150
0.1656323432343235,-0.0000014305120430,-0.0000042915339691
0.1657323626480295,-0.0000014305120430,-0.0000004768372150
0.1658323820617356,-0.0000014305120430,-0.0000004768372150
0.1659324014754417,-0.0000014305120430,0.0000033376220472
0.1660324208891478,-0.0000014305120430,-0.0000004768372150
0.1661324403028538,-0.0000052452091950,0.0000033376220472
0.1662324597165599,-0.0000014305120430,-0.0000004770756163
0.1663324791302660,-0.0000090599060059,-0.0000004770756163
0.1664324985439720,-0.0000090599060059,-0.0000004770756163
0.1665325179576782,-0.0000052452091950,-0.0000042917731662
0.1666325373713842,-0.0000052452091950,0.0000033376220472
0.1667325567850903,-0.0000014305120430,-0.0000004768372150
0.1668325761987964,-0.0000014305120430,0.0000033376220472
0.1669325956125024,-0.0000014305120430,0.0000033376220472
0.1670326150262085,-0.0000014305120430,-0.0000004768372150
0.1671326344399146,-0.0000052452091950,0.0000033376220472
0.1672326538536207,-0.0000014305120430,-0.0000004768372150
0.1673326732673268,-0.0000014305120430,-0.0000042915339691
0.1674326926810328,-0.0000090599060059,-0.0000004770756163
0.1675327120947389,-0.0000014305120430,-0.0000042915339691
0.1676327315084450,-0.0000014305120430,-0.0000004770756163
0.1677327509221511,-0.0000014305120430,0.0000033376220472
0.1678327703358571,-0.0000014305120430,-0.0000004768372150
0.1679327897495632,-0.0000128745996335,-0.0000004770756163
0.1680328091632693,-0.0000090599060059,-0.0000042917731662
0.1681328285769754,-0.0000128745996335,-0.0000042917731662
0.1682328479906814,-0.0000014305120430,-0.0000004770756163
0.1683328674043875,-0.0000052452091950,0.0000033376220472
0.1684328868180936,-0.0000014305120430,-0.0000004770756163
0.1685329062317997,-0.0000052452091950,-0.0000004770756163
0.1686329256455058,-0.0000052452091950,-0.0000004770756163
0.1687329450592118,-0.0000052452091950,-0.0000004768372150
0.1688329644729179,-0.0000014305120430,-0.0000004770756163
0.1689329838866240,-0.0000014305120430,-0.0000042915339691
0.1690330033003301,-0.0000052452091950,-0.0000004768372150
0.1691330227140362,-0.0000052452091950,-0.0000042915339691
0.1692330421277422,-0.0000052452091950,-0.0000004770756163
0.1693330615414483,-0.0000014305120430,0.0000033376220472
0.1694330809551544,-0.0000014305120430,-0.0000004770756163
0.1695331003688604,-0.0000052452091950,-0.0000004770756163
0.1696331197825665,-0.0000128745996335,-0.0000042917731662
0.1697331391962726,-0.0000128745996335,-0.0000004770756163
0.1698331586099787,-0.0000014305120430,0.0000033376220472
0.1699331780236847,-0.0000052452091950,0.0000033376220472
0.1700331974373908,-0.0000052452091950,-0.0000004770756163
0.1701332168510969,-0.0000052452091950,-0.0000004770756163
0.1702332362648030,-0.0000052452091950,0.0000033376220472
0.1703332556785091,-0.0000052452091950,-0.0000004770756163
0.1704332750922151,-0.0000052452091950,-0.0000004770756163
0.1705332945059212,-0.0000052452091950,-0.0000004770756163
0.1706333139196273,-0.0000052452091950,-0.0000004770756163
0.1707333333333333,-0.0000052452091950,0.0000033376220472
0.1708333527470395,-0.0000052452091950,-0.0000004770756163
0.1709333721607455,-0.0000052452091950,-0.0000042915339691
0.1710333915744516,-0.0000052452091950,-0.0000004770756163
0.1711334109881577,-0.0000052452091950,-0.0000004770756163
0.1712334304018637,-0.0000052452091950,-0.0000042915339691
0.1713334498155698,-0.0000166893005371,-0.0000004770756163
0.1714334692292759,-0.0000128745996335,-0.0000004770756163
0.1715334886429820,-0.0000090599060059,-0.0000042917731662
0.1716335080566880,-0.0000090599060059,0.0000033376220472
0.1717335274703941,-0.0000052452091950,0.0000033376220472
0.1718335468841002,-0.0000090599060059,-0.0000004768372150
0.1719335662978063,-0.0000052452091950,-0.0000004770756163
0.1720335857115124,-0.0000052452091950,-0.0000004770756163
0.1721336051252184,-0.0000052452091950,-0.0000004770756163
0.1722336245389245,-0.0000090599060059,0.0000033376220472
0.1723336439526306,-0.0000014305120430,-0.0000042917731662
0.1724336633663366,-0.0000052452091950,-0.0000004770756163
0.1725336827800427,-0.0000014305120430,-0.0000004770756163
0.1726337021937488,-0.0000052452091950,-0.0000042915339691
0.1727337216074549,-0.0000014305120430,-0.0000042915339691
0.1728337410211609,-0.0000052452091950,-0.0000042915339691
0.1729337604348671,-0.0000128745996335,-0.0000042917731662
0.1730337798485731,-0.0000090599060059,0.0000033376220472
0.1731337992622792,-0.0000128745996335,-0.0000004770756163
0.1732338186759853,-0.0000014305120430,-0.0000004770756163
0.1733338380896913,-0.0000014305120430,-0.0000004770756163
0.1734338575033974,-0.0000014305120430,-0.0000004770756163
0.1735338769171035,-0.0000014305120430,-0.0000004768372150
0.1736338963308096,-0.0000014305120430,-0.0000004770756163
0.1737339157445157,-0.0000014305120430,0.0000033376220472
0.1738339351582217,-0.0000014305120430,-0.0000004770756163
0.1739339545719278,-0.0000052452091950,-0.0000004770756163
0.1740339739856339,-0.0000052452091950,-0.0000004768372150
0.1741339933993400,-0.0000014305120430,-0.0000042915339691
0.1742340128130460,-0.0000014305120430,-0.0000004770756163
0.1743340322267521,0.0000023841860184,-0.0000004770756163
0.1744340516404582,-0.0000014305120430,-0.0000004770756163
0.1745340710541643,-0.0000014305120430,-0.0000004770756163
0.1746340904678703,-0.0000128745996335,0.0000033376220472
0.1747341098815764,-0.0000090599060059,-0.0000004770756163
0.1748341292952825,-0.0000090599060059,-0.0000042917731662
0.1749341487089886,-0.0000052452091950,-0.0000004770756163
0.1750341681226946,-0.0000052452091950,-0.0000004770756163
0.1751341875364007,-0.0000052452091950,-0.0000004770756163
0.1752342069501068,-0.0000090599060059,-0.0000042917731662
0.1753342263638129,-0.0000014305120430,-0.0000004770756163
0.1754342457775190,-0.0000014305120430,0.0000033376220472
0.1755342651912250,-0.0000052452091950,-0.0000004770756163
0.1756342846049311,0.0000023841860184,0.0000033376220472
0.1757343040186372,-0.0000052452091950,-0.0000004768372150
0.1758343234323433,-0.0000052452091950,-0.0000042915339691
0.1759343428460493,-0.0000014305120430,0.0000033376220472
0.1760343622597554,0.0000023841860184,0.0000033376220472
0.1761343816734615,-0.0000052452091950,-0.0000004770756163
0.1762344010871676,-0.0000014305120430,-0.0000004770756163
0.1763344205008736,-0.0000090599060059,-0.0000004770756163
0.1764344399145797,-0.0000128745996335,-0.0000004770756163
0.1765344593282858,-0.0000014305120430,0.0000033376220472
0.1766344787419919,0.0000023841860184,-0.0000042915339691
0.1767344981556979,-0.0000014305120430,-0.0000004770756163
0.1768345175694040,-0.0000014305120430,0.0000033376220472
0.1769345369831101,-0.0000014305120430,-0.0000042915339691
0.1770345563968162,-0.0000014305120430,-0.0000042915339691
0.1771345758105222,-0.0000052452091950,0.0000033376220472
0.1772345952242284,-0.0000014305120430,0.0000033376220472
0.1773346146379344,-0.0000014305120430,-0.0000042915339691
0.1774346340516405,-0.0000014305120430,-0.0000042915339691
0.1775346534653466,0.0000023841860184,-0.0000042915339691
0.1776346728790526,-0.0000014305120430,-0.0000042915339691
0.1777346922927587,-0.0000014305120430,-0.0000004768372150
0.1778347117064648,0.0000023841860184,-0.0000004770756163
0.1779347311201709,-0.0000166893005371,-0.0000042917731662
0.1780347505338769,-0.0000052452091950,-0.0000042917731662
0.1781347699475830,-0.0000128745996335,-0.0000004770756163
0.1782347893612891,-0.0000052452091950,-0.0000042917731662
0.1783348087749952,-0.0000014305120430,-0.0000004770756163
0.1784348281887013,-0.0000014305120430,0.0000033376220472
0.1785348476024073,-0.0000014305120430,-0.0000042915339691
0.1786348670161134,0.0000023841860184,-0.0000042915339691
0.1787348864298195,0.0000023841860184,-0.0000042915339691
0.1788349058435255,-0.0000014305120430,-0.0000042915339691
0.1789349252572316,-0.0000014305120430,-0.0000042915339691
0.1790349446709377,0.0000023841860184,0.0000033376220472
0.1791349640846438,-0.0000014305120430,-0.0000004768372150
0.1792349834983499,-0.0000014305120430,0.0000033378601074
0.1793350029120559,0.0000061988839661,-0.0000004768372150
0.1794350223257620,0.0000023841860184,-0.0000004768372150
0.1795350417394681,-0.0000014305120430,-0.0000042915339691
0.1796350611531742,-0.0000052452091950,-0.0000004770756163
0.1797350805668802,-0.0000128745996335,-0.0000042917731662
0.1798350999805863,-0.0000052452091950,-0.0000042915339691
0.1799351193942924,0.0000023841860184,-0.0000042915339691
0.1800351388079985,0.0000023841860184,-0.0000004768372150
0.1801351582217046,-0.0000014305120430,-0.0000042915339691
0.1802351776354106,0.0000023841860184,-0.0000004768372150
0.1803351970491167,0.0000061988839661,-0.0000004768372150
0.1804352164628228,0.0000023841860184,0.0000033378601074
0.1805352358765288,-0.0000014305120430,-0.0000004768372150
0.1806352552902349,-0.0000014305120430,-0.0000042915339691
0.1807352747039410,-0.0000014305120430,-0.0000042915339691
0.1808352941176471,0.0000023841860184,-0.0000004768372150
0.1809353135313532,0.0000023841860184,0.0000033378601074
0.1810353329450592,0.0000061988839661,-0.0000042915339691
0.1811353523587653,0.0000023841860184,-0.0000004768372150
0.1812353717724714,0.0000023841860184,-0.0000004768372150
0.1813353911861775,-0.0000090599060059,-0.0000004770756163
0.1814354105998836,-0.0000014305120430,-0.0000004768372150
0.1815354300135896,-0.0000052452091950,-0.0000042917731662
0.1816354494272957,-0.0000014305120430,-0.0000004768372150
0.1817354688410018,-0.0000014305120430,-0.0000004768372150
0.1818354882547079,-0.0000014305120430,-0.0000042915339691
0.1819355076684139,0.0000023841860184,-0.0000004768372150
0.1820355270821200,-0.0000014305120430,-0.0000004768372150
0.1821355464958261,-0.0000014305120430,-0.0000004768372150
0.1822355659095322,0.0000023841860184,-0.0000004768372150
0.1823355853232382,0.0000023841860184,-0.0000042915339691
0.1824356047369443,-0.0000052452091950,-0.0000042915339691
0.1825356241506504,0.0000023841860184,-0.0000004768372150
0.1826356435643565,-0.0000014305120430,-0.0000004768372150
0.1827356629780625,-0.0000014305120430,-0.0000004768372150
0.1828356823917686,0.0000023841860184,-0.0000042915339691
0.1829357018054747,-0.0000052452091950,-0.0000004770756163
0.1830357212191808,-0.0000014305120430,-0.0000004770756163
0.1831357406328868,-0.0000052452091950,-0.0000081062316895
0.1832357600465929,-0.0000052452091950,-0.0000004768372150
0.1833357794602990,0.0000023841860184,-0.0000004768372150
0.1834357988740051,0.0000023841860184,-0.0000004768372150
0.1835358182877111,0.0000023841860184,-0.0000004768372150
0.1836358377014172,-0.0000014305120430,-0.0000004768372150
0.1837358571151233,0.0000023841860184,-0.0000004768372150
0.1838358765288294,-0.0000014305120430,-0.0000004768372150
0.1839358959425355,0.0000023841860184,-0.0000004768372150
0.1840359153562415,0.0000061988839661,0.0000033378601074
0.1841359347699476,-0.0000014305120430,-0.0000004768372150
0.1842359541836537,0.0000023841860184,-0.0000004768372150
0.1843359735973598,0.0000023841860184,-0.0000004768372150
0.1844359930110658,-0.0000014305120430,-0.0000004768372150
0.1845360124247719,-0.0000014305120430,-0.0000004768372150
0.1846360318384780,-0.0000090599060059,-0.0000004770756163
0.1847360512521841,-0.0000052452091950,-0.0000004770756163
0.1848360706658901,-0.0000052452091950,0.0000033376220472
0.1849360900795962,-0.0000014305120430,-0.0000004770756163
0.1850361094933023,-0.0000014305120430,-0.0000004770756163
0.1851361289070084,-0.0000014305120430,-0.0000004768372150
0.1852361483207144,-0.0000014305120430,-0.0000004768372150
0.1853361677344205,0.0000023841860184,-0.0000004768372150
0.1854361871481266,-0.0000014305120430,-0.0000042915339691
0.1855362065618327,0.0000023841860184,-0.0000004768372150
0.1856362259755388,0.0000023841860184,-0.0000004768372150
0.1857362453892448,-0.0000014305120430,-0.0000042915339691
0.1858362648029509,-0.0000014305120430,-0.0000004768372150
0.1859362842166570,-0.0000014305120430,-0.0000042915339691
0.1860363036303631,-0.0000014305120430,-0.0000042915339691
0.1861363230440692,0.0000023841860184,-0.0000042915339691
0.1862363424577752,-0.0000014305120430,-0.0000004770756163
0.1863363618714813,-0.0000052452091950,-0.0000004770756163
0.1864363812851874,-0.0000166893005371,-0.0000042917731662
0.1865364006988935,-0.0000052452091950,-0.0000004770756163
0.1866364201125995,-0.0000014305120430,-0.0000042915339691
0.1867364395263056,-0.0000014305120430,-0.0000004768372150
0.1868364589400117,-0.0000014305120430,-0.0000042915339691
0.1869364783537177,-0.0000014305120430,-0.0000004768372150
0.1870364977674238,-0.0000014305120430,-0.0000004768372150
0.1871365171811299,-0.0000014305120430,-0.0000004768372150
0.1872365365948360,-0.0000014305120430,-0.0000042915339691
0.1873365560085421,-0.0000014305120430,-0.0000004768372150
0.1874365754222481,-0.0000052452091950,-0.0000042915339691
0.1875365948359542,-0.0000014305120430,-0.0000004768372150
0.1876366142496603,-0.0000014305120430,-0.0000004768372150
0.1877366336633664,-0.0000052452091950,-0.0000042915339691
0.1878366530770725,-0.0000014305120430,0.0000071523190854
0.1879366724907785,-0.0000090599060059,-0.0000004770756163
0.1880366919044846,-0.0000090599060059,-0.0000004770756163
0.1881367113181907,-0.0000128745996335,-0.0000004770756163
0.1882367307318968,-0.0000090599060059,-0.0000004770756163
0.1883367501456028,-0.0000014305120430,-0.0000042915339691
0.1884367695593089,-0.0000052452091950,-0.0000042915339691
0.1885367889730150,-0.0000014305120430,-0.0000042915339691
0.1886368083867210,-0.0000014305120430,0.0000033376220472
0.1887368278004271,-0.0000052452091950,0.0000033376220472
0.1888368472141332,-0.0000014305120430,-0.0000004768372150
0.1889368666278393,-0.0000052452091950,-0.0000004768372150
0.1890368860415454,0.0000023841860184,-0.0000042915339691
0.1891369054552514,-0.0000052452091950,-0.0000042915339691
0.1892369248689575,-0.0000014305120430,-0.0000042915339691
0.1893369442826636,-0.0000014305120430,0.0000033378601074
0.1894369636963697,0.0000023841860184,0.0000033376220472
0.1895369831100757,-0.0000052452091950,-0.0000042915339691
0.1896370025237818,-0.0000052452091950,-0.0000004770756163
0.1897370219374879,-0.0000166893005371,-0.0000042917731662
0.1898370413511939,-0.0000052452091950,-0.0000004770756163
0.1899370607649001,-0.0000014305120430,-0.0000042915339691
0.1900370801786061,-0.0000472068786621,-0.0000042916540224
0.1901370995923122,-0.0000166893005371,-0.0000004770756163
0.1902371190060183,-0.0000014305120430,-0.0000004770756163
0.1903371384197243,-0.0000052452091950,0.0000033376220472
0.1904371578334304,0.0000023841860184,-0.0000042915339691
0.1905371772471365,-0.0000052452091950,-0.0000004770756163
0.1906371966608426,0.0000023841860184,0.0000033376220472
0.1907372160745487,0.0000023841860184,-0.0000004770756163
0.1908372354882547,-0.0000052452091950,-0.0000004770756163
0.1909372549019608,0.0000023841860184,0.0000033376220472
0.1910372743156669,0.0000023841860184,-0.0000042915339691
0.1911372937293730,-0.0000014305120430,-0.0000004770756163
0.1912373131430790,-0.0000052452091950,-0.0000042915339691
0.1913373325567851,-0.0000166893005371,-0.0000004770756163
0.1914373519704912,-0.0000052452091950,-0.0000004770756163
0.1915373713841973,-0.0000052452091950,-0.0000004770756163
0.1916373907979033,-0.0000014305120430,-0.0000004770756163
0.1917374102116094,-0.0000014305120430,-0.0000004770756163
0.1918374296253155,-0.0000014305120430,-0.0000004768372150
0.1919374490390216,-0.0000052452091950,-0.0000004770756163
0.1920374684527277,-0.0000014305120430,0.0000033376220472
0.1921374878664337,-0.0000014305120430,0.0000033376220472
0.1922375072801398,0.0000023841860184,-0.0000004768372150
0.1923375266938459,-0.0000052452091950,-0.0000042915339691
0.1924375461075520,-0.0000014305120430,0.0000033376220472
0.1925375655212581,0.0000023841860184,-0.0000004770756163
0.1926375849349641,-0.0000052452091950,-0.0000004770756163
0.1927376043486702,-0.0000014305120430,-0.0000004770756163
0.1928376237623763,-0.0000014305120430,-0.0000004768372150
0.1929376431760823,-0.0000052452091950,-0.0000004770756163
0.1930376625897884,-0.0000014305120430,-0.0000004768372150
0.1931376820034945,-0.0000014305120430,0.0000033376220472
0.1932377014172006,-0.0000052452091950,-0.0000004770756163
0.1933377208309066,-0.0000014305120430,-0.0000004770756163
0.1934377402446127,-0.0000090599060059,-0.0000004770756163
0.1935377596583188,-0.0000166893005371,-0.0000004770756163
0.1936377790720249,-0.0000014305120430,-0.0000004768372150
0.1937377984857310,0.0000138278001032,0.0000185962908290
0.1938378178994370,-0.0000395774914068,0.0000834460297483
0.1939378373131431,-0.0005774489254691,-0.0000042917731662
0.1940378567268492,-0.0015425649471581,0.0008959745173343
0.1941378761405552,-0.0033392850309610,0.0017771669663489
0.1942378955542614,-0.0084814801812172,0.0036501779686660
0.1943379149679674,-0.0064215478487313,0.0021891531068832
0.1944379343816735,-0.0029082230757922,-0.0016636799555272
0.1945379537953796,-0.0008025179267861,-0.0022129949647933
0.1946379732090856,-0.0012526479549706,-0.0026898309588432
0.1947379926227917,-0.0003371238999534,0.0002741806092672
0.1948380120364978,-0.0014510130276904,0.0000796315725893
0.1949380314502039,-0.0003066073113587,0.0003352155035827
0.1950380508639099,0.0014939249958843,-0.0100674396380782
0.1951380702776160,0.0040306928567588,-0.0201610997319221
0.1952380896913221,0.0068993358872831,-0.0208095908164978
0.1953381091050282,0.0037369620986283,-0.0323604717850685
0.1954381285187343,0.0109734199941158,-0.0374835915863514
0.1955381479324403,0.0090126749128103,-0.0381702408194542
0.1956381673461464,-0.0016264909645543,-0.0370410904288292
0.1957381867598525,-0.0012106880312786,-0.0379527993500233
0.1958382061735585,-0.0015463810414076,-0.0401233509182930
0.1959382255872646,-0.0041365530341864,-0.0459750890731812
0.1960382450009707,-0.0000090606290541,-0.0402301698923111
0.1961382644146768,0.0005516968085431,-0.0468639098107815
0.1962382838283829,-0.0002074246003758,-0.0493968613445759
0.1963383032420890,-0.0012755369534716,-0.0499614290893078
0.1964383226557950,-0.0000052472951211,-0.0507892183959484
0.1965383420695011,0.0000977500094450,-0.0531466901302338
0.1966383614832072,0.0011925649596378,-0.0509685091674328
0.1967383808969132,0.0055184192024171,-0.0402187183499336
0.1968384003106193,0.0100617101415992,-0.0313114300370216
0.1969384197243254,0.0105385500937700,-0.0213512796908617
0.1970384391380315,0.0174126103520393,-0.0076184067875147
0.1971384585517376,0.0041222451254725,-0.0019726699683815
0.1972384779654436,-0.0033545419573784,-0.0010151839815080
0.1973384973791497,0.0041794651187956,0.0160097591578960
0.1974385167928558,-0.0034117631148547,0.0052370880730450
0.1975385362065619,-0.0144209498539567,0.0045924060977995
0.1976385556202679,0.0016503270016983,0.0044741509482265
0.1977385750339740,-0.0127043398097157,0.0219072699546814
0.1978385944476801,-0.0090727573260665,0.0099825588986278
0.1979386138613862,-0.0188612397760153,0.0183329097926617
0.1980386332750922,-0.0207952894270420,0.0014109569601715
0.1981386526887983,-0.0131468400359154,0.0001368517987430
0.1982386721025044,-0.0140318498015404,0.0126757295802236
0.1983386915162105,-0.0047240140847862,0.0072970190085471
0.1984387109299166,-0.0153059503063560,0.0076784878037870
0.1985387303436226,-0.0092444177716970,0.0098490435630083
0.1986387497573287,-0.0124563798308372,0.0067324461415410
0.1987387691710348,-0.0225729309022427,0.0202822107821703
0.1988387885847409,-0.0115179698914289,0.0061030220240355
0.1989388079984469,-0.0104384198784828,0.0211443305015564
0.1990388274121530,-0.0072455238550901,0.0010867089731619
0.1991388468258591,0.0048699229955673,0.0007586458814330
0.1992388662395652,-0.0122236898168921,0.0090784784406424
0.1993388856532712,-0.0155005101114511,0.0149035099893808
0.1994389050669773,-0.0207533296197653,0.0121187800541520
0.1995389244806834,-0.0091986395418644,0.0071673197671771
0.1996389438943895,0.0008149099885486,0.0055765951983631
0.1997389633080955,-0.0038771529216319,0.0106806503608823
0.1998389827218016,-0.0106291500851512,0.0020213068928570
0.1999390021355077,-0.0191587898880243,0.0057787741534412
0.2000390215492138,-0.0174765102565289,0.0166162997484207
0.2001390409629198,-0.0094237085431814,0.0155138596892357
0.2002390603766259,-0.0092673059552908,0.0067286309786141
0.2003390797903320,-0.0038008589763194,-0.0027966420166194
0.2004390992040381,-0.0005621907766908,-0.0037159819621593
0.2005391186177441,-0.0123610198497772,0.0189966596662998
0.2006391380314503,-0.0166601706296206,0.0211214404553175
0.2007391574451563,-0.0098776547238231,0.0140337599441409
0.2008391768588624,-0.0153021402657032,0.0200456995517015
0.2009391962725685,-0.0001921668008436,-0.0033306989353150
0.2010392156862745,-0.0141958799213171,0.0130953397601843
0.2011392350999806,-0.0169996805489063,0.0145144099369645
0.2012392545136867,-0.0129828099161386,0.0041384589858353
0.2013392739273928,-0.0107931802049279,0.0229029003530741
0.2014392933410988,-0.0163206607103348,0.0077967429533601
0.2015393127548049,-0.0058989380486310,0.0013041460188106
0.2016393321685110,-0.0030379239469767,0.0163073092699051
0.2017393515822171,-0.0108465896919370,0.0183901302516460
0.2018393709959232,-0.0032019540667534,-0.0013661349657923
0.2019393904096292,-0.0173163004219532,0.0179895907640457
0.2020394098233353,-0.0023817969486117,0.0075411591678858
0.2021394292370414,-0.0179190207272768,0.0194353498518467
0.2022394486507474,-0.0117163304239511,0.0263094194233418
0.2023394680644535,-0.0038390071131289,0.0112719200551510
0.2024394874781596,-0.0192923005670309,0.0159411001950502
0.2025395068918657,-0.0223783906549215,0.0158190298825502
0.2026395263055718,-0.0063986619934440,0.0079798484221101
0.2027395457192778,-0.0078253559768200,0.0074381628073752
0.2028395651329839,-0.0148939704522491,0.0179552491754293
0.2029395845466900,-0.0110602099448442,0.0143312998116016
0.2030396039603961,-0.0155501002445817,0.0196298994123936
0.2031396233741021,0.0007691353093833,0.0093188034370542
0.2032396427878082,0.0094246575608850,0.0104517601430416
0.2033396622015143,-0.0205435194075108,0.0123057002201676
0.2034396816152204,-0.0180067606270313,0.0174288302659988
0.2035397010289265,-0.0024123159237206,0.0128435697406530
0.2036397204426325,-0.0165266599506140,0.0147776203230023
0.2037397398563386,-0.0077147288247943,0.0145601797848940
0.2038397592700447,-0.0229467693716288,0.0166544504463673
0.2039397786837507,-0.0131468400359154,0.0170092098414898
0.2040397980974568,-0.0166258402168751,0.0118708303198218
0.2041398175111629,-0.0178732406347990,0.0012278519570827
0.2042398369248690,-0.0115751903504133,0.0108446795493364
0.2043398563385751,-0.0134558295831084,0.0091738449409604
0.2044398757522811,-0.0160917807370424,0.0134653700515628
0.2045398951659872,-0.0121435802429914,0.0138086900115013
0.2046399145796933,-0.0056738699786365,0.0135149601846933
0.2047399339933994,-0.0140890702605247,0.0162310209125280
0.2048399534071055,-0.0301450900733471,0.0181040298193693
0.2049399728208115,-0.0212568696588278,0.0168108493089676
0.2050399922345176,-0.0157141294330359,0.0126566495746374
0.2051400116482237,0.0072426581755280,0.0051989420317113
0.2052400310619298,-0.0266012400388718,0.0097956387326121
0.2053400504756358,-0.0187620595097542,0.0152582703158259
0.2054400698893419,-0.0133108701556921,0.0199236292392015
0.2055400893030480,-0.0124640101566911,0.0143732596188784
0.2056401087167541,-0.0183081105351448,0.0105967195704579
0.2057401281304601,-0.0029082249384373,0.0180582497268915
0.2058401475441662,-0.0167936794459820,0.0179857704788446
0.2059401669578723,-0.0140165900811553,0.0171846896409988
0.2060401863715784,-0.0142454700544477,0.0137438401579857
0.2061402057852844,-0.0115599296987057,0.0137896202504635
0.2062402251989905,-0.0129103297367692,0.0173563491553068
0.2063402446126966,-0.0184454508125782,0.0214113593101501
0.2064402640264027,-0.0009398455731571,0.0120730102062225
0.2065402834401087,-0.0002264976938022,0.0146555500105023
0.2066403028538148,-0.0100912796333432,0.0141481999307871
0.2067403222675209,-0.0058569777756929,0.0211366992443800
0.2068403416812270,-0.0169844198971987,0.0155138596892357
0.2069403610949331,0.0082916989922523,0.0130114201456308
0.2070403805086391,-0.0187315493822098,0.0187296401709318
0.2071403999223452,-0.0232633892446756,0.0195879396051168
0.2072404193360513,0.0030121700838208,0.0134234102442861
0.2073404387497574,-0.0084852967411280,0.0099978176876903
0.2074404581634634,-0.0071272659115493,0.0103754699230194
0.2075404775771695,-0.0085196262225509,0.0101923700422049
0.2076404969908756,-0.0006957048899494,0.0197634194046259
0.2077405164045817,-0.0108351400122046,0.0108828200027347
0.2078405358182877,-0.0167173892259598,0.0154108600690961
0.2079405552319938,-0.0083708558231592,0.0179514400660992
0.2080405746456999,-0.0032019549980760,0.0131449298933148
0.2081405940594060,-0.0043806917965412,0.0072474279440939
0.2082406134731120,-0.0178389102220535,0.0112414099276066
0.2083406328868181,-0.0098967310041189,0.0210642199963331
0.2084406523005242,-0.0010771730449051,0.0096316076815128
0.2085406717142303,-0.0093931909650564,0.0104174297302961
0.2086406911279363,-0.0113310497254133,0.0253290403634310
0.2087407105416424,-0.0121359499171376,0.0109362304210663
0.2088407299553485,-0.0182394497096539,0.0180277302861214
0.2089407493690546,-0.0068297199904919,0.0247263200581074
0.2090407687827607,0.0002961134887300,0.0133890695869923
0.2091407881964667,-0.0023474639747292,0.0244249608367682
0.2092408076101728,-0.0154814301058650,0.0142626399174333
0.2093408270238789,-0.0102286096662283,0.0158457309007645
0.2094408464375850,-0.0128645598888397,0.0131029700860381
0.2095408658512911,-0.0032706190831959,0.0229830108582973
0.2096408852649971,-0.0119452197104692,0.0112719200551510
0.2097409046787032,-0.0039305579848588,0.0085177188739181
0.2098409240924093,-0.0054869530722499,0.0194086506962776
0.2099409435061154,-0.0097975479438901,0.0162958707660437
0.2100409629198214,-0.0174078494310379,0.0171274691820145
0.2101409823335275,-0.0068945707753301,0.0208811201155186
0.2102410017472336,-0.0130171403288841,0.0158266592770815
0.2103410211609396,-0.0166639797389507,0.0192026607692242
0.2104410405746457,-0.0054793241433799,0.0162272006273270
0.2105410599883518,-0.0040449998341501,0.0194620601832867
0.2106410794020579,-0.0066733178682625,0.0127825401723385
0.2107410988157640,-0.0075354389846325,0.0105814598500729
0.2108411182294700,-0.0190824996680021,0.0295862406492233
0.2109411376431761,-0.0019621790852398,0.0182985793799162
0.2110411570568822,-0.0097975470125675,0.0136103304103017
0.2111411764705883,-0.0027937830891460,0.0190767701715231
0.2112411958842944,-0.0166143905371428,0.0294489096850157
0.2113412152980004,-0.0124754598364234,0.0260462108999491
0.2114412347117065,-0.0089583182707429,0.0179933998733759
0.2115412541254126,-0.0078368000686169,0.0199732203036547
0.2116412735391187,-0.0081686759367585,0.0193781293928623
0.2117412929528247,-0.0113043496385217,0.0165857803076506
0.2118413123665308,-0.0049719680100679,0.0077242641709745
0.2119413317802369,-0.0050940401852131,0.0212053693830967
0.2120413511939429,-0.0091109052300453,0.0224337000399828
0.2121413706076490,-0.0131125096231699,0.0179743301123381
0.2122413900213551,-0.0001692790974630,0.0048022139817476
0.2123414094350612,-0.0020155860111117,0.0200190003961325
0.2124414288487673,0.0034623038955033,0.0265840794891119
0.2125414482624733,0.0039811008609831,0.0137590998783708
0.2126414676761794,0.0033554919064045,0.0123018901795149
0.2127414870898855,-0.0062117418274283,0.0203890204429626
0.2128415065035916,-0.0027289339341223,0.0131449298933148
0.2129415259172976,-0.0032286569476128,0.0219492297619581
0.2130415453310037,-0.0044989469461143,0.0127062499523163
0.2131415647447098,-0.0048613417893648,0.0156969595700502
0.2132415841584158,0.0044960831291974,0.0157732497900724
0.2133416035721220,0.0000023813249754,0.0152086801826954
0.2134416229858280,-0.0029082240071148,0.0217546802014112
0.2135416423995341,-0.0025496450252831,0.0201563294976950
0.2136416618132402,0.0030121710151434,0.0163530893623829
0.2137416812269462,-0.0035147580783814,0.0259203203022480
0.2138417006406523,-0.0107931802049279,0.0184053909033537
0.2139417200543584,-0.0131506603211164,0.0221971906721592
0.2140417394680645,-0.0203184597194195,0.0329317189753056
0.2141417588817706,-0.0053076632320881,0.0205568708479404
0.2142417782954766,-0.0012450190261006,0.0232462193816900
0.2143417977091827,-0.0003676424094010,0.0230211596935987
0.2144418171228888,-0.0044646151363850,0.0216898303478956
0.2145418365365949,-0.0128378495573997,0.0243334099650383
0.2146418559503009,-0.0033507279586047,0.0116724697872996
0.2147418753640070,-0.0052809589542449,0.0126757295802236
0.2148418947777131,-0.0120329596102238,0.0145830698311329
0.2149419141914192,0.0019669469911605,0.0118059795349836
0.2150419336051252,0.0002694111026358,0.0180315505713224
0.2151419530188313,-0.0051550730131567,0.0198320802301168
0.2152419724325374,-0.0081801228225231,0.0205759406089783
0.2153419918462435,-0.0054564331658185,0.0279649905860424
0.2154420112599496,-0.0012602780479938,0.0181993991136551
0.2155420306736556,-0.0090231653302908,0.0024142200127244
0.2156420500873617,-0.0023970550391823,0.0167917795479298
0.2157420695010678,0.0044808262027800,0.0160059500485659
0.2158420889147739,0.0007615060894750,0.0269540995359421
0.2159421083284800,-0.0010657280217856,0.0305666103959084
0.2160421277421860,-0.0096525894477963,0.0183252803981304
0.2161421471558921,-0.0056891287676990,0.0182375404983759
0.2162421665695982,0.0010476059978828,0.0154909696429968
0.2163421859833042,0.0026192590594292,0.0211023706942797
0.2164422053970103,-0.0043196580372751,0.0337366089224815
0.2165422248107164,0.0003457040875219,0.0116839101538062
0.2166422442244225,0.0040764701552689,0.0160402804613113
0.2167422636381285,-0.0032362870406359,0.0289797000586987
0.2168422830518346,-0.0056013939902186,0.0238031707704067
0.2169423024655407,-0.0038885960821062,0.0253595598042011
0.2170423218792468,-0.0114645697176456,0.0324815809726715
0.2171423412929529,0.0057587469927967,0.0162462703883648
0.2172423607066589,0.0046639321371913,0.0141367502510548
0.2173423801203650,-0.0014319400070235,0.0324930287897587
0.2174423995340711,-0.0036215679720044,0.0165285598486662
0.2175424189477771,-0.0078368000686169,0.0166658908128738
0.2176424383614833,-0.0034651700407267,0.0255884397774935
0.2177424577751893,-0.0123495701700449,0.0220026392489672
0.2178424771888954,-0.0062041119672358,0.0273927897214890
0.2179424966026015,0.0051522101275623,0.0198015607893467
0.2180425160163075,0.0037331460043788,0.0150713501498103
0.2181425354300136,-0.0021796200890094,0.0321878492832184
0.2182425548437197,-0.0049033048562706,0.0210222601890564
0.2183425742574258,0.0079827094450593,0.0192140992730856
0.2184425936711318,0.0009903850732371,0.0244325902312994
0.2185426130848379,0.0086540924385190,0.0101656597107649
0.2186426324985440,-0.0043806941248477,0.0166887808591127
0.2187426519122501,0.0053124269470572,0.0207056403160095
0.2188426713259562,0.0091385589912534,0.0156664401292801
0.2189426907396622,0.0102448202669621,0.0104593997821212
0.2190427101533683,0.0058007081970572,0.0173716098070145
0.2191427295670744,-0.0061850389465690,0.0152658997103572
0.2192427489807805,0.0073036937974393,0.0280565507709980
0.2193427683944865,0.0043358649127185,0.0231890007853508
0.2194427878081926,-0.0017828899435699,0.0296892300248146
0.2195428072218987,-0.0134558295831084,0.0171083901077509
0.2196428266356048,-0.0018362969858572,0.0176081191748381
0.2197428460493109,0.0010514210443944,0.0195345301181078
0.2198428654630169,0.0056862658821046,0.0263628307729959
0.2199428848767230,0.0091461855918169,0.0130991600453854
0.2200429042904291,0.0040688379667699,0.0163607206195593
0.2201429237041351,0.0010781249729916,0.0199045594781637
0.2202429431178412,0.0004677734978031,0.0168032199144363
0.2203429625315473,-0.0106634795665741,0.0254701897501945
0.2204429819452534,0.0036301519721746,0.0082278028130531
0.2205430013589595,0.0018830220215023,0.0274500101804733
0.2206430207726655,0.0061478451825678,0.0256952606141567
0.2207430401863716,0.0035004520323128,0.0237230602651834
0.2208430596000777,0.0044274218380451,0.0206903908401728
0.2209430790137838,0.0018944679759443,0.0075335297733545
0.2210430984274898,-0.0027136749122292,0.0177683308720589
0.2211431178411959,0.0010514210443944,0.0175585299730301
0.2212431372549020,-0.0015196780441329,0.0129885300993919
0.2213431566686081,0.0025849270168692,0.0081591382622719
0.2214431760823141,0.0064568337984383,0.0046954029239714
0.2215431954960202,0.0065636429935694,0.0197214502841234
0.2216432149097263,-0.0001540194061818,0.0123247802257538
0.2217432343234324,0.0073609128594398,0.0228571295738220
0.2218432537371385,0.0005135508254170,0.0267938803881407
0.2219432731508445,-0.0024161299224943,0.0236734692007303
0.2220432925645506,-0.0005126019241288,0.0104365097358823
0.2221433119782567,0.0015625889645889,0.0156168499961495
0.2222433313919628,0.0060181440785527,0.0118021601811051
0.2223433508056689,-0.0033125819172710,0.0206675007939339
0.2224433702193749,-0.0013785329647362,0.0090555902570486
0.2225433896330810,0.0097908694297075,0.0140108698979020
0.2226434090467871,0.0126900300383568,0.0204614996910095
0.2227434284604931,0.0208458304405212,0.0264810808002949
0.2228434478741992,0.0424445904791355,0.0039515378884971
0.2229434672879053,-0.0069479779340327,-0.0010685899760574
0.2230434867016114,0.0192322190850973,-0.0305027104914188
0.2231435061153174,0.0134682301431894,-0.0661471486091614
0.2232435255290235,0.0583594590425491,-0.0432857312262058
0.2233435449427296,0.0244964901357889,-0.0225757900625467
0.2234435643564357,0.0176414996385574,-0.0122799500823021
0.2235435837701418,0.0087837921455503,-0.0039334190078080
0.2236436031838478,-0.0008330327109434,-0.0010457009775564
0.2237436225975539,-0.0028204850386828,0.0013155899941921
0.2238436420112600,-0.0068945721723139,0.0017962410347536
0.2239436614249661,-0.0118612898513675,0.0030245699454099
0.2240436808386722,-0.0150160398334265,0.0035395519807935
0.2241437002523782,-0.0173391792923212,0.0041994932107627
0.2242437196660843,-0.0196737702935934,0.0056872209534049
0.2243437390797904,-0.0234731994569302,0.0072550568729639
0.2244437584934964,-0.0265859793871641,0.0091967331245542
0.2245437779072025,-0.0293630808591843,0.0114473998546600
0.2246437973209086,-0.0303472708910704,0.0144495600834489
0.2247438167346147,-0.0266203191131353,0.0175966806709766
0.2248438361483207,-0.0235914606601000,0.0185503493994474
0.2249438555620268,-0.0221494995057583,0.0182184707373381
0.2250438749757329,-0.0264867991209030,0.0184358991682529
0.2251438943894390,-0.0269712693989277,0.0188097506761551
0.2252439138031451,-0.0094771161675453,0.0188440792262554
0.2253439332168511,-0.0112013500183821,0.0185961201786995
0.2254439526305572,-0.0014281240291893,0.0190004799515009
0.2255439720442633,-0.0005660054739565,0.0180010292679071
0.2256439914579693,-0.0127653703093529,0.0179476290941238
0.2257440108716754,-0.0183233693242073,0.0184626094996929
0.2258440302853815,-0.0205053705722094,0.0196985695511103
0.2259440496990876,-0.0218405202031136,0.0203089192509651
0.2260440691127937,-0.0192999299615622,0.0213465094566345
0.2261440885264997,-0.0146574601531029,0.0234979894012213
0.2262441079402058,-0.0095114465802908,0.0288271103054285
0.2263441273539119,-0.0089888349175453,0.0336488708853722
0.2264441467676180,-0.0113958995789289,0.0340646803379059
0.2265441661813241,-0.0012564640492201,0.0274194907397032
0.2266441855950301,0.0082077747210860,0.0267519205808640
0.2267442050087362,-0.0034117619507015,0.0304254703223705
0.2268442244224423,-0.0423291996121407,0.0303072091192007
0.2269442438361484,-0.0304044894874096,0.0240892693400383
0.2270442632498544,-0.0272764507681131,0.0193438008427620
0.2271442826635605,-0.0179762393236160,0.0152544602751732
0.2272443020772666,-0.0127691896632314,0.0119280498474836
0.2273443214909726,-0.0101942801848054,0.0125231398269534
0.2274443409046787,-0.0059904898516834,0.0114245098084211
0.2275443603183848,-0.0005316733731888,0.0098910061642528
0.2276443797320909,0.0002007465955103,0.0098070837557316
0.2277443991457970,-0.0001692772057140,0.0099024511873722
0.2278444185595030,0.0009255376062356,0.0085100885480642
0.2279444379732091,0.0102944104000926,0.0063090161420405
0.2280444573869152,0.0030693910084665,0.0061449841596186
0.2281444768006213,0.0074486508965492,0.0051646078936756
0.2282444962143274,0.0017876570345834,0.0051722391508520
0.2283445156280334,0.0047402251511812,0.0044207451865077
0.2284445350417395,0.0051827281713486,0.0041422732174397
0.2285445544554456,0.0050377701409161,0.0038103950209916
0.2286445738691517,0.0033860090188682,0.0037913220003247
0.2287445932828577,0.0055146049708128,0.0038752451073378
0.2288446126965638,0.0030388738960028,0.0031695279758424
0.2289446321102699,0.0043511250987649,0.0026431009173393
0.2290446515239760,0.0031456858851016,0.0027537269052118
0.2291446709376820,0.0029168028850108,0.0022005969658494
0.2292446903513881,0.0037674789782614,0.0020632680971175
0.2293447097650942,0.0032906429842114,0.0017924259882420
0.2294447291788003,0.0041069868020713,0.0017733520362526
0.2295447485925063,0.0034279699902982,0.0021815239451826
0.2296447680062124,0.0031342399306595,0.0016932439757511
0.2297447874199185,0.0037407760974020,0.0010905229719356
0.2298448068336246,0.0040306919254363,0.0014414739562199
0.2299448262473306,0.0039276960305870,0.0015406570164487
0.2300448456610367,0.0045380447991192,0.0011591879883781
0.2301448650747428,0.0052933539263904,0.0008959748083726
0.2302448844884489,0.0054306820966303,0.0005297645111568
0.2303449039021550,0.0043854578398168,0.0003962503978983
0.2304449233158610,0.0053047980181873,0.0006365759181790
0.2305449427295671,0.0046677440404892,0.0006518345908262
0.2306449621432732,0.0051407660357654,0.0006632785080001
0.2307449815569793,0.0048470348119736,-0.0001645083975745
0.2308450009706853,0.0054230531677604,-0.0000195502107090
0.2309450203843914,0.0050606569275260,-0.0001072884988389
0.2310450397980975,0.0039772880263627,-0.0000462530915684
0.2311450592118036,0.0051293210126460,0.0002284038928337
0.2312450786255096,0.0047402228228748,-0.0001950260048034
0.2313450980392157,0.0047058910131454,-0.0002903933927882
0.2314451174529218,0.0035729301162064,-0.0004429807013366
0.2315451368666279,0.0029892819002271,-0.0011410679435357
0.2316451562803339,0.0026192590594292,-0.0007748582866043
0.2317451756940400,0.0024628569371998,-0.0009999250760302
0.2318451951077461,0.0028710279148072,-0.0013356170384213
0.2319452145214522,0.0027642149943858,-0.0009846664033830
0.2320452339351582,0.0021691240835935,-0.0010457009775564
0.2321452533488643,0.0014328910037875,-0.0017895649652928
0.2322452727625704,0.0020775720477104,-0.0020489639136940
0.2323452921762765,0.0020813869778067,-0.0014615020481870
0.2324453115899826,0.0024170801043510,-0.0017971940105781
0.2325453310036886,0.0018296180060133,-0.0021061839070171
0.2326453504173947,0.0011277160374448,-0.0014882050454617
0.2327453698311008,0.0011849349830300,-0.0024838380049914
0.2328453892448069,0.0011048279702663,-0.0033116249833256
0.2329454086585130,0.0006241772207431,-0.0033955480903387
0.2330454280722190,0.0008492426713929,-0.0030331530142576
0.2331454474859251,0.0004906628164463,-0.0036244289949536
0.2332454668996312,0.0007996520726010,-0.0034871010575444
0.2333454863133373,0.0005402544047683,-0.0034794718958437
0.2334455057270433,0.0003991110133938,-0.0039410488680005
0.2335455251407494,0.0000329003305524,-0.0043797381222248
0.2336455445544555,0.0005707719828933,-0.0036015419755131
0.2337455639681615,0.0000748617676436,-0.0039944550953805
0.2338455833818676,0.0002312644064659,-0.0043072579428554
0.2339456027955737,0.0001130086966441,-0.0048069818876684
0.2340456222092798,-0.0002341284998693,-0.0050625670701265
0.2341456416229859,0.0003876663104165,-0.0049900868907571
0.2342456610366919,0.0000596027384745,-0.0046887281350791
0.2343456804503980,-0.0000090606217782,-0.0047230590134859
0.2344456998641041,0.0001168234011857,-0.0062031578272581
0.2345457192778102,-0.0003142371133436,-0.0057263220660388
0.2346457386915163,-0.0003981594927609,-0.0060696429572999
0.2347457581052223,-0.0001578343071742,-0.0064549278467894
0.2348457775189284,-0.0000624678068561,-0.0060658301226795
0.2349457969326345,0.0000176408302650,-0.0060658301226795
0.2350458163463406,-0.0005583756137639,-0.0065693678334355
0.2351458357600466,-0.0004096043121535,-0.0061840838752687
0.2352458551737527,-0.0004515660111792,-0.0071453861892223
0.2353458745874588,-0.0002417571959086,-0.0077137742191553
0.2354458940011648,-0.0006041526794434,-0.0072445669211447
0.2355459134148709,-0.0007071496220306,-0.0090870624408126
0.2356459328285770,-0.0004744534962811,-0.0070805358700454
0.2357459522422831,-0.0004858968895860,-0.0072254939004779
0.2358459716559892,-0.0003333094064146,-0.0074696340598166
0.2359459910696952,-0.0005049714818597,-0.0099911419674754
0.2360460104834013,-0.0003523826890159,-0.0109982201829553
0.2361460298971074,-0.0003218652855139,-0.0097279287874699
0.2362460493108135,-0.0004858968895860,-0.0081906104460359
0.2363460687245195,-0.0002455718931742,-0.0081562781706452
0.2364460881382256,-0.0002036096993834,-0.0079693580046296
0.2365461075519317,-0.0002417571959086,-0.0095982300117612
0.2366461269656377,0.0000672319001751,-0.0096554495394230
0.2367461463793439,-0.0002493874926586,-0.0104641597718000
0.2368461657930499,-0.0004134176124353,-0.0097012259066105
0.2369461852067560,0.0000557887615287,-0.0126080196350813
0.2370462046204621,-0.0002722739882302,-0.0097355581820011
0.2371462240341682,-0.0000929839734454,-0.0124744996428490
0.2372462434478742,-0.0003218652855139,-0.0120167396962643
0.2373462628615803,-0.0001959801011253,-0.0101551702246070
0.2374462822752864,-0.0000967998566921,-0.0108227403834462
0.2375463016889925,-0.0001502053928562,-0.0119061199948192
0.2376463211026985,-0.0001807226944948,-0.0130238197743893
0.2377463405164046,-0.0000243196500378,-0.0127987498417497
0.2378463599301107,-0.0003066067874897,-0.0119328200817108
0.2379463793438168,-0.0000510222889716,-0.0097889639437199
0.2380463987575228,-0.0004134176124353,-0.0107655199244618
0.2381464181712289,-0.0002799041103572,-0.0129704102873802
0.2382464375849350,-0.0005621918244287,-0.0136684998869896
0.2383464569986411,-0.0001044289965648,-0.0121502596884966
0.2384464764123471,-0.0002608314098325,-0.0116543499752879
0.2385464958260532,-0.0000357639801223,-0.0102581698447466
0.2386465152397593,-0.0000243196500378,-0.0094532724469900
0.2387465346534654,-0.0000739102397347,-0.0104298302903771
0.2388465540671715,-0.0000777251771069,-0.0116848601028323
0.2389465734808775,0.0000519726308994,-0.0094761596992612
0.2390465928945836,-0.0000357649296348,-0.0093044992536306
0.2391466123082897,-0.0002455727953929,-0.0090870624408126
0.2392466317219958,-0.0000510239588039,-0.0111164702102542
0.2393466511357019,0.0000557885214221,-0.0123447999358177
0.2394466705494079,-0.0001921658986248,-0.0088925119489431
0.2395466899631140,-0.0000395798706450,-0.0096935974434018
0.2396467093768201,-0.0004057885089424,-0.0112347295507789
0.2397467287905261,-0.0001997954968829,-0.0109142996370792
0.2398467482042322,0.0000481588904222,-0.0123333595693111
0.2399467676179383,-0.0002608314098325,-0.0114788701757789
0.2400467870316444,-0.0002303135988768,-0.0092396494001150
0.2401468064453504,0.0003418900887482,-0.0061268638819456
0.2402468258590565,0.0012536010472104,-0.0050968979485333
0.2403468452727626,0.0015740350354463,-0.0046887272037566
0.2404468646864687,0.0014595920220017,-0.0045361397787929
0.2405468841001748,0.0014176310505718,-0.0065731829963624
0.2406469035138808,0.0008988337940536,-0.0022091809660196
0.2407469229275869,0.0005898457020521,-0.0002255435974803
0.2408469423412930,0.0008149119094014,0.0019488279940560
0.2409469617549991,0.0010857540182769,0.0024485520552844
0.2410469811687052,0.0012459709541872,0.0031504540238529
0.2411470005824112,0.0012383420253173,0.0038409130647779
0.2412470199961173,0.0012764889979735,0.0048556202091277
0.2413470394098234,0.0013146359706298,0.0057177389971912
0.2414470588235295,0.0012917480198666,0.0064043831080198
0.2415470782372355,0.0011277160374448,0.0061297249048948
0.2416470976509416,0.0010476079769433,0.0056834071874619
0.2417471170646477,0.0009560551843606,0.0055460780858994
0.2418471364783537,0.0008912052726373,0.0068888477981091
0.2419471558920598,0.0008149119094014,0.0051417211070657
0.2420471753057659,0.0007271738140844,0.0046114800497890
0.2421471947194720,0.0006699538789690,0.0048174727708101
0.2422472141331781,0.0006012893281877,0.0042071230709553
0.2423472335468841,0.0006318069063127,0.0051760529167950
0.2424472529605902,0.0005974745727144,0.0043330080807209
0.2425472723742963,0.0005440692766570,0.0041003120131791
0.2426472917880024,0.0004639606922865,0.0034212970640510
0.2427473112017084,0.0004029260016978,0.0032229339703918
0.2428473306154145,0.0004334431141615,0.0035929579753429
0.2429473500291206,0.0004181842959952,0.0036311049479991
0.2430473694428267,0.0004067406989634,0.0032305628992617
0.2431473888565328,0.0003571496054064,0.0029520909301937
0.2432474082702388,0.0003342613927089,0.0026850630529225
0.2433474276839449,0.0003380760899745,0.0028109468985349
0.2434474470976510,0.0003266319981776,0.0026354719884694
0.2435474665113570,0.0002770409919322,0.0020403810776770
0.2436474859250631,0.0002121916040778,0.0018954230472445
0.2437475053387692,0.0002007474977290,0.0015673589659855
0.2438475247524753,0.0001893034059322,0.0017962410347536
0.2439475441661814,0.0001931181031978,0.0017619079444557
0.2440475635798874,0.0001664151932346,0.0014033280313015
0.2441475829935935,0.0001435269950889,0.0012927020434290
0.2442476024072996,0.0001206388988066,0.0012812579516321
0.2443476218210057,0.0001053801024682,0.0012583700008690
0.2444476412347117,0.0001130094969994,0.0013308490160853
0.2445476606484178,0.0001168242015410,0.0014338450273499
0.2446476800621239,0.0001206388988066,0.0013079609489068
0.2447476994758300,0.0001168242015410,0.0012812579516321
0.2448477188895360,0.0001091947997338,0.0013117749476805
0.2449477383032421,0.0001244535960723,0.0014872510218993
0.2450477577169482,0.0001244535960723,0.0013651809422299
0.2451477771306543,0.0001397122978233,0.0014491040492430
0.2452477965443604,0.0001053801024682,0.0014147720066831
0.2453478159580664,0.0001397122978233,0.0014224010519683
0.2454478353717725,0.0001282682060264,0.0013575520133600
0.2455478547854786,0.0001435269950889,0.0016856150468811
0.2456478741991847,0.0001587857987033,0.0016207649605349
0.2457478936128908,0.0001626004959689,0.0016131360316649
0.2458479130265968,0.0001549711014377,0.0017619089921936
0.2459479324403029,0.0001893034059322,0.0017886110581458
0.2460479518540090,0.0001816739968490,0.0019373840186745
0.2461479712677150,0.0001740446023177,0.0016703560249880
0.2462479906814211,0.0001931181031978,0.0019640868995339
0.2463480100951272,0.0002083769068122,0.0021929680369794
0.2464480295088333,0.0002045621949947,0.0021014160010964
0.2465480489225393,0.0002160063013434,0.0025439190212637
0.2466480683362454,0.0002617822028697,0.0026431009173393
0.2467480877499515,0.0002541528083384,0.0025439190212637
0.2468481071636576,0.0002846703864634,0.0025324749294668
0.2469481265773637,0.0003228173009120,0.0028071328997612
0.2470481459910697,0.0003304466954432,0.0029864229727536
0.2471481654047758,0.0003190026036464,0.0030894200317562
0.2472481848184819,0.0003800377890002,0.0032572660129517
0.2473482042321880,0.0003876666887663,0.0034937760792673
0.2474482236458941,0.0004029255069327,0.0033297450281680
0.2475482430596001,0.0004868487885688,0.0039286511018872
0.2476482624733062,0.0004830340913031,0.0037608039565384
0.2477482818870123,0.0005173665122129,0.0043902280740440
0.2478483013007183,0.0005440688109957,0.0041346438229084
0.2479483207144244,0.0005707718082704,0.0045084832236171
0.2480483401281305,0.0005822157836519,0.0040697939693928
0.2481483595418366,0.0006585093215108,0.0045809620060027
0.2482483789555426,0.0006508799269795,0.0044398191384971
0.2483483983692487,0.0006203628145158,0.0045885909348726
0.2484484177829548,0.0007004708750173,0.0047411788254976
0.2485484371966609,0.0007386179058813,0.0049090250395238
0.2486484566103670,0.0006890267832205,0.0048708780668676
0.2487484760240730,-0.0043044001795352,0.0051913121715188
0.2488484954377791,-0.0083632245659828,0.0075564179569483
0.2489485148514852,-0.0005850783200003,0.0080981031060219
0.2490485342651912,0.0007729491917416,0.0075983800925314
0.2491485536788973,0.0009102788171731,0.0072550578042865
0.2492485730926034,0.0008454290218651,0.0069002918899059
0.2493485925063095,0.0008759464835748,0.0066370777785778
0.2494486119200156,0.0009331664768979,0.0066752252168953
0.2495486313337216,0.0009369816980325,0.0065798577852547
0.2496486507474277,0.0009942017495632,0.0062937559559941
0.2497486701611338,0.0009598694159649,0.0068583302199841
0.2498486895748399,0.0010018310276791,0.0067515191622078
0.2499487089885460,0.0009865723550320,0.0071444320492446
0.2500487284022521,0.0010170900495723,0.0073618688620627
0.2501487478159581,0.0011734920553863,0.0079378867521882
0.2502487672296642,0.0012040099827573,0.0077624111436307
0.2503487866433702,0.0010018299799412,0.0080523267388344
0.2504488060570763,-0.0181822292506695,0.0116266896948218
0.2505488254707824,-0.0021300290245563,0.0130495699122548
0.2506488448844885,0.0008873887709342,0.0116953495889902
0.2507488642981945,0.0012803029967472,0.0111002596095204
0.2508488837119006,0.0014100020052865,0.0115580298006535
0.2509489031256067,0.0015206279931590,0.0106348702684045
0.2510489225393128,-0.0144667299464345,0.0130495699122548
0.2511489419530188,-0.0025649019517004,0.0158380996435881
0.2512489613667250,0.0013222659472376,0.0143961496651173
0.2513489807804310,0.0018944659968838,0.0140146799385548
0.2514490001941371,0.0021691240835935,0.0145144099369645
0.2515490196078432,0.0025315189268440,0.0164599008858204
0.2516490390215492,0.0027756590861827,0.0157274808734655
0.2517490584352554,0.0031723889987916,0.0178560707718134
0.2518490778489614,0.0035157110542059,0.0179552491754293
0.2519490972626675,0.0039620287716389,0.0213961005210876
0.2520491166763735,0.0041184299625456,0.0209040101617575
0.2521491360900796,0.0049767349846661,0.0227083507925272
0.2522491555037857,0.0054268678650260,0.0253748204559088
0.2523491749174918,0.0056328601203859,0.0271944291889668
0.2524491943311979,0.0071091451682150,0.0293115805834532
0.2525492137449039,-0.0045485398732126,0.0320734083652496
0.2526492331586100,0.0062889880500734,0.0383066087961197
0.2527492525723161,0.0091194864362478,0.0417131297290325
0.2528492719860221,0.0110726002603769,0.0402864292263985
0.2529492913997283,0.0125298099592328,0.0431207492947578
0.2530493108134343,0.0071663651615381,0.0516122393310070
0.2531493302271404,0.0111336400732398,0.0573190115392208
0.2532493496408465,0.0159592200070620,0.0592759512364864
0.2533493690545525,0.0201515592634678,0.0604394301772118
0.2534493884682587,0.0213837008923292,0.0651047825813293
0.2535494078819647,0.0233749691396952,0.0730507820844650
0.2536494272956708,0.0213684402406216,0.0637696534395218
0.2537494467093769,0.0270523298531771,0.0533936992287636
0.2538494661230829,0.0315841697156429,0.0527337603271008
0.2539494855367890,0.0383399911224842,0.0420335605740547
0.2540495049504951,0.0413650311529636,0.0369791015982628
0.2541495243642012,0.0484221987426281,0.0272974204272032
0.2542495437779073,0.0497497096657753,0.0232004504650831
0.2543495631916133,0.0510276295244694,0.0201792195439339
0.2544495826053194,0.0500663295388222,0.0248293206095695
0.2545496020190254,0.0561545789241791,0.0226396899670362
0.2546496214327316,0.0580275803804398,0.0174402706325054
0.2547496408464376,0.0630248263478279,0.0221781097352505
0.2548496602601437,0.0624373592436314,0.0210451502352953
0.2549496796738498,0.0636275485157967,0.0197595991194248
0.2550496990875558,0.0644629672169685,0.0214571394026279
0.2551497185012619,0.0618422813713551,0.0276292990893126
0.2552497379149680,0.0646269917488098,0.0274690799415112
0.2553497573286740,0.0631735995411873,0.0279382895678282
0.2554497767423802,0.0621550790965557,0.0239900890737772
0.2555497961560863,0.0608542710542679,0.0236162506043911
0.2556498155697923,0.0604232102632523,0.0218080896884203
0.2557498349834983,0.0539878308773041,0.0200075507164001
0.2558498543972045,0.0554831884801388,0.0235132500529289
0.2559498738109106,0.0589583702385426,0.0299104806035757
0.2560498932246166,0.0501082912087440,0.0173830501735210
0.2561499126383227,0.0516684986650944,0.0234445892274380
0.2562499320520288,0.0476058609783649,0.0232424102723598
0.2563499514657348,0.0470870696008205,0.0269464701414108
0.2564499708794409,0.0447829887270927,0.0245470292866230
0.2565499902931470,0.0429557599127293,0.0193895790725946
0.2566500097068531,0.0402778498828411,0.0172228291630745
0.2567500291205591,0.0362686105072498,0.0213846601545811
0.2568500485342652,0.0381149202585220,0.0212702192366123
0.2569500679479713,0.0415939092636108,0.0225443206727505
0.2570500873616773,0.0417465008795261,0.0171732399612665
0.2571501067753835,0.0394538715481758,0.0213808398693800
0.2572501261890895,0.0372604317963123,0.0208353400230408
0.2573501456027956,0.0375808589160442,0.0286096706986427
0.2574501650165017,0.0365623384714127,0.0307840500026941
0.2575501844302078,0.0351661704480648,0.0252680107951164
0.2576502038439138,0.0369972102344036,0.0275911595672369
0.2577502232576199,0.0361694283783436,0.0353044494986534
0.2578502426713260,0.0337585397064686,0.0255960691720247
0.2579502620850321,0.0318855307996273,0.0282358396798372
0.2580502814987382,0.0334876999258995,0.0465730391442776
0.2581503009124442,0.0309547502547503,0.0479348786175251
0.2582503203261503,0.0320304892957211,0.0304521694779396
0.2583503397398564,0.0308174192905426,0.0300859604030848
0.2584503591535624,0.0316452085971832,0.0313142910599709
0.2585503785672685,0.0316986106336117,0.0402215793728828
0.2586503979809746,0.0307640191167593,0.0440515317022800
0.2587504173946807,0.0281357001513243,0.0407785288989544
0.2588504368083868,0.0210976004600525,0.0469506904482841
0.2589504562220928,0.0174393206834793,0.0438379086554050
0.2590504756357989,0.0269188191741705,0.0512574687600136
0.2591504950495050,0.0015969220548868,0.0458024702966213
0.2592505144632111,0.0180496703833342,0.0496667400002480
0.2593505338769171,0.0250000301748514,0.0374444909393787
0.2594505532906232,0.0173058006912470,0.0543473698198795
0.2595505727043293,0.0037789209745824,0.0618394091725349
0.2596505921180354,0.0152573203667998,0.0495561212301254
0.2597506115317414,-0.0027632659766823,0.0541909709572792
0.2598506309454475,-0.0004858952015638,0.0476258881390095
0.2599506503591536,0.0168976299464703,0.0549691617488861
0.2600506697728597,-0.0034499079920352,0.0569413490593433
0.2601506891865658,0.0048699211329222,0.0503152497112751
0.2602507086002718,0.0073952469974756,0.0692131966352463
0.2603507280139779,0.0196213200688362,0.0607484094798565
0.2604507474276840,0.0181373991072178,0.0426629781723022
0.2605507668413901,0.0226501803845167,0.0521195903420448
0.2606507862550961,0.0180000793188810,0.0489762909710407
0.2607508056688022,0.0296653900295496,0.0453218184411526
0.2608508250825083,0.0186104308813810,0.0614007189869881
0.2609508444962144,0.0198387596756220,0.0571053810417652
0.2610508639099204,0.0202049706131220,0.0536759793758392
0.2611508833236266,0.0305580291897058,0.0435823202133179
0.2612509027373326,0.0367149300873280,0.0535005107522011
0.2613509221510387,0.0349868796765804,0.0431894101202488
0.2614509415647447,0.0375617891550064,0.0533670000731945
0.2615509609784508,0.0345291085541248,0.0497964508831501
0.2616509803921569,0.0334724411368370,0.0284074991941452
0.2617509998058630,0.0053086108528078,0.0635102391242981
0.2618510192195690,0.0210747104138136,0.0221514105796814
0.2619510386332751,0.0370353609323502,0.0477479584515095
0.2620510580469812,0.0361427292227745,0.0612786598503590
0.2621510774606873,0.0366844087839127,0.0297426395118237
0.2622510968743934,0.0361389108002186,0.0358079895377159
0.2623511162880994,0.0289863795042038,0.0445588789880276
0.2624511357018055,0.0333694517612457,0.0427965000271797
0.2625511551155116,0.0278000105172396,0.0405954197049141
0.2626511745292177,0.0222992300987244,0.0437234714627266
0.2627511939429237,0.0250534303486347,0.0321420803666115
0.2628512133566299,0.0236953999847174,0.0338472388684750
0.2629512327703359,0.0118012102320790,0.0466111786663532
0.2630512521840420,0.0126671399921179,0.0606835708022118
0.2631512715977480,0.0120453499257565,0.0462373495101929
0.2632512910114541,0.0010285340249538,-0.0173916406929493
0.2633513104251602,0.0018525050254539,-0.0237354598939419
0.2634513298388663,0.0071244048886001,-0.0291713904589415
0.2635513492525724,0.0008187256171368,-0.0347217582166195
0.2636513686662784,0.0013222650159150,-0.0164799205958843
0.2637513880799845,-0.0077757630497217,-0.0022396980784833
0.2638514074936906,-0.0538266599178314,0.0190920308232307
0.2639514269073966,-0.0500234216451645,0.0274805296212435
0.2640514463211027,-0.0573438107967377,0.0399164110422134
0.2641514657348088,-0.0565160214900970,0.0715668573975563
0.2642514851485149,-0.0580533407628536,0.0850000008940697
0.2643515045622210,-0.0584195517003536,0.0850000008940697
0.2644515239759270,-0.0465863905847073,0.0850000008940697
0.2645515433896332,-0.0452436208724976,0.0850000008940697
0.2646515628033392,-0.0256323106586933,0.0850000008940697
0.2647515822170453,-0.0217604096978903,0.0850000008940697
0.2648516016307514,-0.0187429897487164,0.0850000008940697
0.2649516210444574,-0.0144857997074723,0.0784142166376114
0.2650516404581635,-0.0108351400122046,0.0644257664680481
0.2651516598718696,-0.0070051969960332,0.0570786893367767
0.2652516792855757,-0.0046133860014379,0.0469277985394001
0.2653516986992817,-0.0005431171157397,0.0424379110336304
0.2654517181129878,-0.0004134169139434,0.0351594910025597
0.2655517375266939,0.0007996541098692,0.0368265099823475
0.2656517569403999,0.0016961030196398,0.0287698898464441
0.2657517763541060,0.0014443340478465,0.0255769994109869
0.2658517957678121,0.0011162710143253,0.0240701995790005
0.2659518151815182,0.0012421560240909,0.0218157190829515
0.2660518345952242,0.0008187256171368,0.0142740802839398
0.2661518540089303,0.0005402535898611,0.0120157897472382
0.2662518734226365,-0.0101408697664738,0.0113253295421600
0.2663518928363425,-0.0047774207778275,0.0109476698562503
0.2664519122500486,-0.0005965246818960,0.0081705823540688
0.2665519316637547,0.0000596032186877,0.0064616031013429
0.2666519510774608,0.0002160058065783,0.0056071127764881
0.2667519704911668,0.0001549706939841,0.0050921300426126
0.2668519899048729,0.0001778588048182,0.0043940418399870
0.2669520093185790,0.0000786771779531,0.0034556291066110
0.2670520287322850,-0.0039725201204419,0.0033984091132879
0.2671520481459911,-0.0005965238087811,0.0030283839441836
0.2672520675596972,-0.0000205044798349,0.0025362900923938
0.2673520869734033,-0.0003447537892498,0.0021929680369794
0.2674521063871093,-0.0034384650643915,0.0025896960869431
0.2675521258008154,-0.0006804466829635,0.0029444610700011
0.2676521452145215,-0.0002684592909645,0.0029902379028499
0.2677521646282275,-0.0003142356872559,0.0047106607817113
0.2678521840419336,-0.0007529254071414,0.0058512529358268
0.2679522034556397,-0.0014014230109751,0.0081019178032875
0.2680522228693458,-0.0091070886701345,0.0124735496938229
0.2681522422830518,-0.0196127407252789,0.0163454599678516
0.2682522616967580,-0.0256590191274881,0.0237345099449158
0.2683522811104641,-0.0148100499063730,0.0429796017706394
0.2684523005241701,-0.0048422710970044,0.0397256687283516
0.2685523199378762,-0.0026488259900361,0.0532563701272011
0.2686523393515823,-0.0073103718459606,0.0533898808062077
0.2687523587652883,-0.0189985707402229,0.0509866289794445
0.2688523781789944,-0.0277876108884811,0.0582879409193993
0.2689523975927005,-0.0364965386688709,0.0604775696992874
0.2690524170064066,-0.0452321805059910,0.0850000008940697
0.2691524364201126,-0.0380109697580338,0.0850000008940697
0.2692524558338187,-0.0367940887808800,0.0850000008940697
0.2693524752475248,-0.0370115190744400,0.0850000008940697
0.2694524946612308,-0.0498822815716267,0.0850000008940697
0.2695525140749369,-0.0559590794146061,0.0692284628748894
0.2696525334886430,-0.0014014230109751,0.0445169210433960
0.2697525529023491,-0.0078177247196436,0.0151323899626732
0.2698525723160551,0.0012955609709024,0.0109781902283430
0.2699525917297613,-0.0063681458123028,0.0044627068564296
0.2700526111434673,0.0017762129427865,0.0019717160612345
0.2701526305571734,-0.0042014038190246,0.0121149700134993
0.2702526499708795,-0.0014929759781808,0.0216249804943800
0.2703526693845856,-0.0056280950084329,-0.0061344942077994
0.2704526887982917,-0.0069250888191164,0.0099940029904246
0.2705527082119977,-0.0022215789649636,-0.0064358529634774
0.2706527276257038,-0.0110869100317359,0.0118631999939680
0.2707527470394099,-0.0104269701987505,0.0173334591090679
0.2708527664531159,-0.0118002602830529,0.0132174100726843
0.2709527858668220,-0.0161642599850893,0.0103144403547049
0.2710528052805281,0.0109505299478769,0.0018877929542214
0.2711528246942341,0.0069184107705951,0.0130190495401621
0.2712528441079403,0.0249618794769049,0.0212740302085876
0.2713528635216463,0.0096535403281450,0.0117640197277069
0.2714528829353524,0.0149750299751759,0.0135874403640628
0.2715529023490584,0.0240272805094719,0.0107683800160885
0.2716529217627646,0.0211853403598070,0.0079684043303132
0.2717529411764706,0.0315002501010895,0.0058398088440299
0.2718529605901767,0.0178551208227873,0.0017123180441558
0.2719529800038828,0.0196785405278206,-0.0007061940268613
0.2720529994175889,0.0359786897897720,0.0020480100065470
0.2721530188312949,0.0206016898155212,0.0050959452055395
0.2722530382450010,0.0147347003221512,-0.0036091709043831
0.2723530576587071,0.0087837912142277,-0.0102352797985077
0.2724530770724132,0.0091004120185971,0.0095171667635441
0.2725530964861192,0.0192055199295282,0.0076212668791413
0.2726531158998253,0.0073151369579136,0.0041003120131791
0.2727531353135314,0.0044541228562593,0.0042338250204921
0.2728531547272375,0.0091690747067332,0.0071711339987814
0.2729531741409436,0.0042519448325038,0.0001330372033408
0.2730531935546496,0.0180611107498407,0.0060458020307124
0.2731532129683557,0.0185150597244501,-0.0016980130458251
0.2732532323820617,0.0004372583061922,-0.0022549571003765
0.2733532517957679,-0.0304197501391172,0.0042681582272053
0.2734532712094739,-0.0050635221414268,0.0175852291285992
0.2735532906231800,-0.0188154708594084,0.0002932542120107
0.2736533100368861,-0.0011305790394545,0.0050387252122164
0.2737533294505922,-0.0044493568129838,0.0218538604676723
0.2738533488642982,-0.0044417278841138,0.0073656840249896
0.2739533682780043,-0.0082144532352686,0.0165400095283985
0.2740533876917104,-0.0070051979273558,0.0211100000888109
0.2741534071054165,-0.0110106198117137,-0.0025677611120045
0.2742534265191225,-0.0173735208809376,0.0036616229917854
0.2743534459328286,-0.0120443999767303,0.0043253782205284
0.2744534653465347,-0.0152487400919199,0.0153193101286888
0.2745534847602408,-0.0275205802172422,0.0039553539827466
0.2746535041739468,-0.0173315592110157,0.0035548110026866
0.2747535235876529,-0.0262312199920416,0.0116228703409433
0.2748535430013590,-0.0237211603671312,0.0061678718775511
0.2749535624150651,-0.0051779630593956,0.0200571492314339
0.2750535818287712,-0.0178846791386604,0.0102381398901343
0.2751536012424772,-0.0085615906864405,0.0062823127955198
0.2752536206561833,-0.0088972840458155,0.0186304505914450
0.2753536400698894,-0.0138983400538564,0.0086436029523611
0.2754536594835955,-0.0207838509231806,0.0050272811204195
0.2755536788973015,-0.0229582209140062,0.0249246899038553
0.2756536983110076,-0.0161909591406584,0.0028529090341181
0.2757537177247137,-0.0053038471378386,0.0104975402355194
0.2758537371384198,-0.0160955991595984,0.0122637404128909
0.2759537565521258,-0.0111441295593977,0.0229448694735765
0.2760537759658319,-0.0192198306322098,0.0354570411145687
0.2761537953795380,-0.0160994101315737,0.0157732497900724
0.2762538147932441,-0.0169615298509598,0.0199922993779182
0.2763538342069501,-0.0088667627424002,0.0000910755406949
0.2764538536206562,-0.0221151690930128,0.0259889792650938
0.2765538730343623,-0.0181021206080914,0.0096926428377628
0.2766538924480684,-0.0202803108841181,0.0211824793368578
0.2767539118617744,-0.0047926767729223,0.0168108493089676
0.2768539312754805,-0.0179762393236160,0.0125345801934600
0.2769539506891866,-0.0201506093144417,0.0195497907698154
0.2770539701028927,-0.0192312691360712,0.0189356300979853
0.2771539895165988,-0.0197576992213726,0.0207514204084873
0.2772540089303048,-0.0223211701959372,0.0093226181343198
0.2773540283440109,-0.0273985192179680,0.0177263692021370
0.2774540477577170,-0.0156073197722435,0.0133547401055694
0.2775540671714231,-0.0216879304498434,0.0089564071968198
0.2776540865851292,-0.0179495308548212,0.0214838404208422
0.2777541059988352,-0.0285123996436596,-0.0028767499607056
0.2778541254125413,-0.0073370751924813,-0.0086216693744063
0.2779541448262474,-0.0188192799687386,0.0023951469920576
0.2780541642399534,-0.0110449502244592,0.0168337393552065
0.2781541836536595,-0.0149511899799109,0.0250048004090786
0.2782542030673656,-0.0128149697557092,0.0067019280977547
0.2783542224810717,-0.0327657796442509,-0.0012516949791461
0.2784542418947777,-0.0192884895950556,0.0138849802315235
0.2785542613084838,-0.0223440509289503,0.0107378698885441
0.2786542807221900,-0.0165609903633595,0.0148996897041798
0.2787543001358960,-0.0148062296211720,-0.0038037199992687
0.2788543195496020,-0.0121206901967525,0.0088534113019705
0.2789543389633081,-0.0135054197162390,0.0167231094092131
0.2790543583770143,-0.0148253003135324,0.0209917407482862
0.2791543777907203,-0.0244688298553228,0.0281748007982969
0.2792543972044264,-0.0204100105911493,0.0147509202361107
0.2793544166181325,-0.0166105795651674,0.0162996798753738
0.2794544360318385,-0.0088133607059717,0.0317186489701271
0.2795544554455446,-0.0247091595083475,0.0050539830699563
0.2796544748592507,-0.0157522708177567,0.0213541407138109
0.2797544942729567,-0.0147909699007869,0.0257944408804178
0.2798545136866628,-0.0197119191288948,0.0140795297920704
0.2799545331003689,-0.0130781801417470,0.0200685895979404
0.2800545525140750,-0.0240530297160149,0.0199541505426168
0.2801545719277810,-0.0238088890910149,0.0021738950163126
0.2802545913414871,-0.0278715398162603,0.0335001088678837
0.2803546107551932,-0.0222677607089281,0.0041422732174397
0.2804546301688993,-0.0228018201887608,0.0081934705376625
0.2805546495826053,-0.0184568893164396,0.0235857293009758
0.2806546689963114,-0.0185293592512608,0.0094103561714292
0.2807546884100175,-0.0277799908071756,0.0249323192983866
0.2808547078237236,-0.0238203406333923,0.0220369696617126
0.2809547272374296,-0.0135016096755862,0.0082659488543868
0.2810547466511358,-0.0218252595514059,0.0185541603714228
0.2811547660648418,-0.0152144003659487,0.0146059598773718
0.2812547854785479,-0.0278715398162603,0.0253633800894022
0.2813548048922540,-0.0040984060615301,0.0068049249239266
0.2814548243059601,-0.0147680798545480,0.0107226101681590
0.2815548437196661,-0.0224279798567295,0.0192827694118023
0.2816548631333722,-0.0207991003990173,0.0271944291889668
0.2817548825470783,-0.0252737291157246,0.0228838305920362
0.2818549019607843,-0.0055174678564072,0.0138010596856475
0.2819549213744904,-0.0205587800592184,0.0174631606787443
0.2820549407881965,-0.0243315007537603,0.0170893203467131
0.2821549602019026,-0.0081648612394929,0.0059199170209467
0.2822549796156086,0.0030693910084665,0.0027766150888056
0.2823549990293147,-0.0111288698390126,0.0100435903295875
0.2824550184430208,-0.0263799894601107,0.0263971593230963
0.2825550378567269,-0.0102858301252127,0.0012965169735253
0.2826550572704329,-0.0235990900546312,0.0166468191891909
0.2827550766841391,-0.0007987013086677,0.0071940231136978
0.2828550960978451,-0.0227674804627895,0.0219797492027283
0.2829551155115512,-0.0244459491223097,0.0212816596031189
0.2830551349252573,-0.0176176596432924,0.0180658791214228
0.2831551543389634,-0.0241140704602003,0.0293649807572365
0.2832551737526694,-0.0238546691834927,0.0192942097783089
0.2833551931663755,-0.0186934005469084,0.0062022041529417
0.2834552125800816,-0.0133642796427011,0.0046648848801851
0.2835552319937876,-0.0171217508614063,0.0237039905041456
0.2836552514074937,-0.0244612004607916,0.0265840794891119
0.2837552708211998,-0.0128569295629859,0.0117411296814680
0.2838552902349059,-0.0229010004550219,0.0211901105940342
0.2839553096486119,-0.0227560400962830,0.0087694879621267
0.2840553290623181,-0.0198110993951559,0.0164026804268360
0.2841553484760241,-0.0190824996680021,0.0154108600690961
0.2842553678897302,-0.0177130196243525,0.0268625505268574
0.2843553873034362,-0.0081305308267474,0.0056643327698112
0.2844554067171424,-0.0175795108079910,0.0218386091291904
0.2845554261308484,-0.0221151690930128,0.0169939491897821
0.2846554455445545,0.0029320630710572,0.0061564277857542
0.2847554649582606,-0.0232405103743076,0.0189890302717686
0.2848554843719667,-0.0291456393897533,0.0215296205133200
0.2849555037856727,-0.0161833409219980,0.0181536208838224
0.2850555231993788,-0.0137457503005862,0.0152658997103572
0.2851555426130849,-0.0178350899368525,0.0211214404553175
0.2852555620267910,-0.0169195700436831,0.0052752350457013
0.2853555814404970,-0.0027670799754560,0.0147394696250558
0.2854556008542031,-0.0130934398621321,0.0211786609143019
0.2855556202679092,-0.0054793218150735,0.0091929184272885
0.2856556396816152,-0.0153212202712893,0.0123209599405527
0.2857556590953214,-0.0254721008241177,0.0185999404639006
0.2858556785090274,-0.0122732799500227,0.0191645100712776
0.2859556979227335,-0.0167440902441740,0.0282549094408751
0.2860557173364395,-0.0018172219861299,0.0088343378156424
0.2861557367501457,-0.0186934005469084,0.0055498918518424
0.2862557561638517,-0.0156950596719980,0.0056948508135974
0.2863557755775578,-0.0259756408631802,0.0177416298538446
0.2864557949912639,-0.0185369998216629,0.0275797098875046
0.2865558144049700,-0.0229582209140062,0.0082621341571212
0.2866558338186760,-0.0266050603240728,0.0207781195640564
0.2867558532323821,-0.0126509303227067,0.0102000003680587
0.2868558726460882,0.0091271139681339,0.0077776699326932
0.2869558920597943,-0.0095343356952071,0.0146326599642634
0.2870559114735003,-0.0033430980984122,0.0059351758100092
0.2871559308872064,-0.0204901099205017,0.0171541702002287
0.2872559503009125,-0.0170378200709820,0.0143541898578405
0.2873559697146185,-0.0052733300253749,0.0066714109852910
0.2874559891283247,-0.0045370939187706,0.0031542689539492
0.2875560085420307,-0.0226721093058586,0.0105585800483823
0.2876560279557368,-0.0052046650089324,0.0015368419699371
0.2877560473694429,-0.0176367294043303,0.0070528788492084
0.2878560667831490,-0.0130362203344703,0.0180925801396370
0.2879560861968550,-0.0179647896438837,0.0204119104892015
0.2880561056105611,-0.0223402399569750,0.0204882100224495
0.2881561250242672,-0.0073904800228775,0.0129351299256086
0.2882561444379733,-0.0112471301108599,0.0229563098400831
0.2883561638516793,-0.0183538906276226,0.0051569798961282
0.2884561832653854,-0.0115217901766300,0.0163569003343582
0.2885562026790915,-0.0135283097624779,0.0077357077971101
0.2886562220927976,-0.0193266402930021,0.0180353596806526
0.2887562415065036,-0.0041365530341864,-0.0008358932100236
0.2888562609202097,-0.0019354779506102,0.0099673001095653
0.2889562803339158,-0.0094084497541189,0.0096163488924503
0.2890562997476218,-0.0263914391398430,0.0142473801970482
0.2891563191613279,-0.0271429307758808,0.0186953004449606
0.2892563385750340,0.0101380096748471,0.0130190495401621
0.2893563579887401,-0.0188231002539396,0.0145296696573496
0.2894563774024462,-0.0247091595083475,0.0112490300089121
0.2895563968161523,-0.0153975095599890,0.0212969202548265
0.2896564162298583,-0.0278448294848204,0.0241541191935539
0.2897564356435643,-0.0096449609845877,0.0035319230519235
0.2898564550572705,-0.0225958190858364,0.0192331708967686
0.2899564744709766,-0.0194372609257698,0.0084910159930587
0.2900564938846826,-0.0107245203107595,0.0024943279568106
0.2901565132983887,-0.0114149795845151,0.0183863099664450
0.2902565327120948,-0.0211996491998434,0.0122599303722382
0.2903565521258009,-0.0269140508025885,0.0137133197858930
0.2904565715395069,-0.0237860102206469,0.0082621350884438
0.2905565909532130,-0.0152372904121876,0.0027918741106987
0.2906566103669191,-0.0329336188733578,0.0198358893394470
0.2907566297806252,-0.0150274801999331,0.0182184707373381
0.2908566491943312,-0.0240034405142069,0.0234178900718689
0.2909566686080373,-0.0017371140420437,-0.0032429599668831
0.2910566880217434,-0.0094122644513845,0.0102076297625899
0.2911567074354495,-0.0102400500327349,0.0028834259137511
0.2912567268491555,-0.0212263502180576,0.0112642897292972
0.2913567462628616,-0.0097517734393477,0.0102800996974111
0.2914567656765677,-0.0150465602055192,0.0137972496449947
0.2915567850902738,-0.0196470692753792,0.0196642298251390
0.2916568045039798,-0.0207113698124886,0.0015215829480439
0.2917568239176859,-0.0217451509088278,0.0110659301280975
0.2918568433313920,-0.0192808602005243,0.0042567141354084
0.2919568627450981,-0.0210775807499886,0.0171656105667353
0.2920568821588042,-0.0297788791358471,0.0164827890694141
0.2921569015725102,-0.0082754883915186,0.0066408929415047
0.2922569209862163,-0.0203299000859261,0.0221743006259203
0.2923569403999224,-0.0254568401724100,0.0193628706037998
0.2924569598136285,-0.0113501297309995,0.0068774041719735
0.2925569792273345,0.0011010119924322,0.0238794591277838
0.2926569986410406,-0.0018324810080230,0.0195269100368023
0.2927570180547467,-0.0001311320957029,0.0100359600037336
0.2928570374684528,0.0097603509202600,0.0061411689966917
0.2929570568821588,0.0015358859673142,0.0114817302674055
0.2930570762958649,0.0070786271244287,0.0009455654071644
0.2931570957095710,0.0130371702834964,0.0015826179878786
0.2932571151232771,0.0108017595484853,-0.0108380001038313
0.2933571345369831,0.0014443349791691,-0.0127796800807118
0.2934571539506892,0.0151085397228599,-0.0086483722552657
0.2935571733643953,-0.0001196860976052,-0.0343059599399567
0.2936571927781014,-0.0200247205793858,-0.0628398135304451
0.2937572121918074,-0.0120215099304914,-0.0730631798505783
0.2938572316055136,0.0127281798049808,-0.0672190785408020
0.2939572510192196,0.0167107097804546,-0.0540202595293522
0.2940572704329257,0.0086807962507010,-0.0442317686975002
0.2941572898466318,0.0080399289727211,-0.0336040593683720
0.2942573092603378,0.0063385781832039,-0.0244678799062967
0.2943573286740439,0.0042786491103470,-0.0154842901974916
0.2944573480877500,0.0031647600699216,-0.0106510799378157
0.2945573675014561,0.0018753949552774,-0.0072865290567279
0.2946573869151621,-0.0136427497491241,-0.0079502854496241
0.2947574063288682,-0.0069250902161002,-0.0067372149787843
0.2948574257425743,-0.0013937950134277,-0.0049748290330172
0.2949574451562804,0.0006241765222512,-0.0034947299864143
0.2950574645699864,0.0011849360307679,-0.0007672291831113
0.2951574839836926,0.0013184510171413,-0.0014309850521386
0.2952575033973986,0.0014748530229554,-0.0020184461027384
0.2953575228111047,0.0014557789545506,-0.0006909351795912
0.2954575422248107,0.0013871149858460,0.0006937960861251
0.2955575616385169,0.0021157199516892,0.0006060582236387
0.2956575810522229,0.0002579661086202,-0.0002522463910282
0.2957576004659290,-0.0121626602485776,0.0017733520362526
0.2958576198796351,-0.0019888828974217,0.0007319428841583
0.2959576392933411,0.0020317949820310,0.0010867089731619
0.2960576587070472,0.0026230730582029,0.0020098630338907
0.2961576781207533,0.0025925559457392,0.0046191089786589
0.2962576975344594,0.0038742909673601,0.0038866889663041
0.2963577169481654,0.0038094411138445,0.0065035638399422
0.2964577363618715,0.0046334140934050,0.0098185269162059
0.2965577557755776,0.0055069769732654,0.0069384388625622
0.2966577751892837,0.0062584700062871,0.0093760229647160
0.2967577946029897,0.0045723780058324,0.0067744068801403
0.2968578140166959,-0.0072874831967056,0.0154985999688506
0.2969578334304019,0.0047058919444680,0.0168070308864117
0.2970578528441080,0.0100922295823693,0.0104555804282427
0.2971578722578140,0.0109657896682620,0.0102495895698667
0.2972578916715202,0.0130714997649193,0.0128969801589847
0.2973579110852262,0.0170616600662470,0.0136675499379635
0.2974579304989323,0.0156616698950529,0.0130762699991465
0.2975579499126384,0.0170998107641935,0.0192675106227398
0.2976579693263444,0.0192284006625414,0.0138926096260548
0.2977579887400505,0.0192818101495504,0.0230478607118130
0.2978580081537566,0.0240883193910122,0.0174250099807978
0.2979580275674627,0.0231613498181105,0.0242266003042459
0.2980580469811687,0.0236534401774406,0.0364488586783409
0.2981580663948748,0.0282577704638243,0.0348505005240440
0.2982580858085809,0.0049195159226656,0.0381730906665325
0.2983581052222870,0.0122360801324248,0.0503343194723129
0.2984581246359930,0.0250725094228983,0.0255464799702168
0.2985581440496992,0.0351127609610558,0.0271486490964890
0.2986581634634052,0.0361045785248280,0.0355485901236534
0.2987581828771113,0.0407317988574505,0.0256876293569803
0.2988582022908174,0.0461104996502399,0.0344957411289215
0.2989582217045235,0.0367988497018814,0.0308832302689552
0.2990582411182295,0.0319656506180763,0.0218233503401279
0.2991582605319356,0.0385764911770821,0.0326875783503056
0.2992582799456417,0.0404228009283543,0.0221857391297817
0.2993582993593478,0.0386833101511002,0.0333589613437653
0.2994583187730538,0.0397476106882095,0.0185732301324606
0.2995583381867599,0.0406783893704414,0.0200991109013557
0.2996583576004660,0.0367530807852745,0.0235132500529289
0.2997583770141720,0.0355476289987564,0.0277895200997591
0.2998583964278781,0.0188774503767490,0.0327142812311649
0.2999584158415842,0.0160355102270842,0.0226549506187439
0.3000584352552903,0.0281242504715919,0.0172991305589676
0.3001584546689963,0.0034394129179418,0.0282854307442904
0.3002584740827025,0.0041642058640718,0.0227655693888664
0.3003584934964085,-0.0019011480035260,0.0225481390953064
0.3004585129101146,-0.0056547950953245,0.0155214797705412
0.3005585323238207,-0.0000090618141257,0.0169825106859207
0.3006585517375268,0.0109085701406002,0.0125498399138451
0.3007585711512328,0.0235084798187017,0.0114817302674055
0.3008585905649389,0.0209183096885681,0.0152773503214121
0.3009586099786450,0.0255379006266594,0.0103869102895260
0.3010586293923511,0.0289367791265249,0.0180277302861214
0.3011586488060571,0.0250648800283670,0.0108294198289514
0.3012586682197632,0.0231270100921392,0.0102839199826121
0.3013586876334693,0.0221008602529764,0.0108599402010441
0.3014587070471753,0.0240425392985344,0.0104784695431590
0.3015587264608814,0.0228905100375414,0.0149073200300336
0.3016587458745875,0.0209793504327536,0.0113939903676510
0.3017587652882936,0.0211700797080994,0.0098223416134715
0.3018587847019996,0.0219597201794386,0.0134958904236555
0.3019588041157057,0.0212539993226528,0.0153116798028350
0.3020588235294118,0.0200218595564365,0.0158648099750280
0.3021588429431178,0.0190643705427647,0.0148043204098940
0.3022588623568240,0.0185989793390036,0.0172571707516909
0.3023588817705301,0.0179428607225418,0.0181917604058981
0.3024589011842361,0.0185036193579435,0.0138773499056697
0.3025589205979421,0.0190376695245504,0.0179895907640457
0.3026589400116483,0.0170807391405106,0.0156435593962669
0.3027589594253544,0.0162338800728321,0.0178637001663446
0.3028589788390604,0.0163979101926088,0.0157198496162891
0.3029589982527665,0.0145782995969057,0.0156931504607201
0.3030590176664726,0.0147308902814984,0.0153574496507645
0.3031590370801787,0.0140709504485130,0.0143503798171878
0.3032590564938847,0.0136932898312807,0.0184435304254293
0.3033590759075908,0.0149979200214148,0.0169024001806974
0.3034590953212969,-0.0143065098673105,0.0216745808720589
0.3035591147350029,0.0089935977011919,0.0177340004593134
0.3036591341487090,0.0133194597437978,0.0205950196832418
0.3037591535624151,0.0133347203955054,0.0188288204371929
0.3038591729761211,0.0134224500507116,0.0161547195166349
0.3039591923898273,-0.0053381789475679,0.0188440792262554
0.3040592118035333,0.0099091231822968,0.0212435107678175
0.3041592312172394,0.0118469903245568,0.0177835896611214
0.3042592506309455,0.0119652403518558,0.0169558096677065
0.3043592700446516,0.0105728795751929,0.0172037594020367
0.3044592894583577,-0.0006575584993698,0.0187830403447151
0.3045593088720637,0.0011811200529337,0.0176195595413446
0.3046593282857698,0.0079293008893728,0.0163454599678516
0.3047593476994759,0.0092262942343950,0.0200685895979404
0.3048593671131820,0.0101837804540992,0.0189089290797710
0.3049593865268880,0.0101341903209686,0.0137896202504635
0.3050594059405941,0.0108399102464318,0.0206140894442797
0.3051594253543002,0.0109123904258013,0.0276979692280293
0.3052594447680063,0.0126900300383568,0.0255769994109869
0.3053594641817123,0.0125832203775644,0.0268167704343796
0.3054594835954184,0.0141701297834516,0.0274881608784199
0.3055595030091245,0.0137581396847963,0.0320085585117340
0.3056595224228306,0.0142502402886748,0.0286859702318907
0.3057595418365366,0.0136932898312807,0.0423730611801147
0.3058595612502427,0.0144791202619672,0.0520623698830605
0.3059595806639488,0.0167870093137026,0.0487893708050251
0.3060596000776549,0.0162376891821623,0.0518449395895004
0.3061596194913609,0.0161461401730776,0.0490640290081501
0.3062596389050670,0.0149712096899748,0.0601075403392315
0.3063596583187731,0.0156120797619224,0.0589784011244774
0.3064596777324792,0.0174507591873407,0.0580438002943993
0.3065596971461853,0.0193428508937359,0.0626862719655037
0.3066597165598913,0.0183586608618498,0.0704987496137619
0.3067597359735974,0.0191254094243050,0.0723717734217644
0.3068597553873035,0.0197014305740595,0.0728180930018425
0.3069597748010096,0.0196632798761129,0.0672715231776237
0.3070597942147156,0.0197357591241598,0.0752327814698219
0.3071598136284217,0.0196785405278206,0.0737793818116188
0.3072598330421278,0.0181946307420731,0.0645364001393318
0.3073598524558339,0.0225357394665480,0.0715325325727463
0.3074598718695399,0.0216927006840706,0.0779373869299889
0.3075598912832460,0.0207580905407667,0.0850000008940697
0.3076599106969521,0.0217651706188917,0.0771019831299782
0.3077599301106582,0.0203651804476976,0.0690873190760612
0.3078599495243642,0.0203690007328987,0.0710060968995094
0.3079599689380704,0.0201668199151754,0.0701020285487175
0.3080599883517764,0.0149368802085519,0.0686028525233269
0.3081600077654825,0.0069527458399534,0.0740387812256813
0.3082600271791885,0.0225510001182556,0.0735466927289963
0.3083600465928946,0.0150131797417998,0.0733902901411057
0.3084600660066007,0.0212196707725525,0.0654824525117874
0.3085600854203068,0.0172829106450081,0.0706780478358269
0.3086601048340129,0.0164818298071623,0.0728867426514626
0.3087601242477189,0.0190605595707893,0.0623391382396221
0.3088601436614250,0.0206055101007223,0.0803673490881920
0.3089601630751311,0.0175766497850418,0.0625603869557381
0.3090601824888372,0.0182518493384123,0.0680191963911057
0.3091602019025432,0.0145935602486134,0.0706665962934494
0.3092602213162493,0.0183510202914476,0.0656350329518318
0.3093602407299554,0.0170235205441713,0.0621064417064190
0.3094602601436615,0.0182823594659567,0.0636246874928474
0.3095602795573675,0.0132736796513200,0.0565789602696896
0.3096602989710737,0.0152535000815988,0.0547250211238861
0.3097603183847797,0.0081696268171072,0.0546143986284733
0.3098603377984858,0.0116982096806169,0.0509027093648911
0.3099603572121918,0.0110153798013926,0.0455392599105835
0.3100603766258979,0.0109505299478769,0.0546906888484955
0.3101603960396040,0.0088143106549978,0.0319284498691559
0.3102604154533101,0.0109429098665714,0.0147165898233652
0.3103604348670162,0.0159897301346064,0.0099978176876903
0.3104604542807222,0.0161652099341154,-0.0057148779742420
0.3105604736944283,0.0152306100353599,-0.0249141994863749
0.3106604931081344,0.0164780206978321,-0.0134243601933122
0.3107605125218404,0.0164589397609234,-0.0193943493068218
0.3108605319355465,0.0145706702023745,-0.0235218405723572
0.3109605513492526,0.0151733895763755,-0.0170444995164871
0.3110605707629587,0.0135292597115040,-0.0128178298473358
0.3111605901766648,0.0110344598069787,-0.0020070020109415
0.3112606095903708,0.0090851522982121,-0.0188946202397346
0.3113606290040770,0.0060219601728022,-0.0212711691856384
0.3114606484177830,0.0041565778665245,-0.0241321902722120
0.3115606678314891,0.0024666700046510,-0.0260013807564974
0.3116606872451952,0.0006813955842517,-0.0248455293476582
0.3117607066589013,0.0002655973949004,-0.0131725901737809
0.3118607260726073,-0.0154661703854799,0.0021243039518595
0.3119607454863134,-0.0173544399440289,0.0096430508419871
0.3120607649000195,-0.0165533591061831,0.0142511902377009
0.3121607843137255,-0.0159658994525671,0.0296968594193459
0.3122608037274316,-0.0132231395691633,0.0573533400893211
0.3123608231411377,-0.0102057196199894,0.0633958131074905
0.3124608425548437,-0.0128264101222157,0.0546563602983952
0.3125608619685498,-0.0141462897881866,0.0604356117546558
0.3126608813822559,-0.0115599296987057,0.0570710599422455
0.3127609007959620,-0.0093664890155196,0.0470117293298244
0.3128609202096680,-0.0091147189959884,0.0469125397503376
0.3129609396233741,-0.0048766029067338,0.0415948703885078
0.3130609590370803,-0.0028624469414353,0.0396455600857735
0.3131609784507863,0.0012154530268162,0.0352357812225819
0.3132609978644924,0.0019249860197306,0.0345529615879059
0.3133610172781985,0.0017838430358097,0.0315507985651493
0.3134610366919046,0.0008606868213974,0.0258859898895025
0.3135610561056106,0.0014023720286787,0.0242380406707525
0.3136610755193167,0.0011887500295416,0.0205988306552172
0.3137610949330228,0.0010209060274065,0.0185617897659540
0.3138611143467288,0.0011963810538873,0.0154375601559877
0.3139611337604349,0.0009026498883031,0.0142893400043249
0.3140611531741410,0.0007119150250219,0.0108866402879357
0.3141611725878471,0.0005974745727144,0.0097040869295597
0.3142611920015531,-0.0000739116730983,0.0069460677914321
0.3143612114152592,0.0002541528083384,0.0061678718775511
0.3144612308289653,0.0002503381110728,0.0054507111199200
0.3145612502426713,0.0000176420198841,0.0045580738224089
0.3146612696563774,-0.0000624666208751,0.0036158459261060
0.3147612890700835,-0.0000014309880498,0.0033678920008242
0.3148613084837896,-0.0000014309880498,0.0028910560067743
0.3149613278974956,-0.0000700955424691,0.0026926919817924
0.3150613473112018,-0.0000014309880498,0.0022425591014326
0.3151613667249079,-0.0001273155066883,0.0020174919627607
0.3152613861386139,-0.0005545606836677,0.0016703560249880
0.3153614055523200,-0.0005888930172659,0.0014567329781130
0.3154614249660261,-0.0005125990137458,0.0011553729418665
0.3155614443797321,-0.0008826237171888,0.0015635449672118
0.3156614637934382,-0.0008597354753874,0.0016398379812017
0.3157614832071443,-0.0008254033164121,0.0018572759581730
0.3158615026208504,-0.0006308542215265,0.0026965069118887
0.3159615220345564,-0.0020041419193149,0.0034136679023504
0.3160615414482625,-0.0033430980984122,0.0059580639936030
0.3161615608619686,-0.0036520881112665,0.0093874679878354
0.3162615802756746,-0.0046400921419263,0.0131296804174781
0.3163615996893807,-0.0053419917821884,0.0223764795809984
0.3164616191030868,-0.0092100864276290,0.0241579394787550
0.3165616385167929,-0.0095076328143477,0.0263437498360872
0.3166616579304989,-0.0145849799737334,0.0389436595141888
0.3167616773442051,-0.0201239101588726,0.0419458188116550
0.3168616967579111,-0.0297903195023537,0.0513070598244667
0.3169617161716172,-0.0451139211654663,0.0646966099739075
0.3170617355853233,-0.0626271367073059,0.0619042590260506
0.3171617549990294,-0.0642522126436234,0.0771401226520538
0.3172617744127355,-0.0679104924201965,0.0850000008940697
0.3173617938264415,-0.0640729069709778,0.0850000008940697
0.3174618132401476,-0.0730908364057541,0.0850000008940697
0.3175618326538537,-0.0460904799401760,0.0850000008940697
0.3176618520675597,-0.0558751486241817,0.0850000008940697
0.3177618714812658,-0.0638669207692146,0.0850000008940697
0.3178618908949719,-0.0796215832233429,0.0850000008940697
0.3179619103086780,-0.0610440485179424,0.0850000008940697
0.3180619297223841,-0.0601590387523174,0.0850000008940697
0.3181619491360901,-0.0079474253579974,0.0373529382050037
0.3182619685497962,-0.0214170906692743,0.0359643884003162
0.3183619879635022,-0.0131239602342248,0.0119471196085215
0.3184620073772084,-0.0196089204400778,0.0124430302530527
0.3185620267909144,-0.0087637687101960,0.0054392670281231
0.3186620462046205,-0.0053534391336143,0.0049586161039770
0.3187620656183266,-0.0131353996694088,0.0177912209182978
0.3188620850320327,-0.0240835491567850,0.0179171096533537
0.3189621044457387,-0.0031294769141823,0.0135378502309322
0.3190621238594448,-0.0302213802933693,-0.0126690501347184
0.3191621432731509,-0.0245527606457472,0.0264009702950716
0.3192621626868570,-0.0138182295486331,0.0131945302709937
0.3193621821005630,-0.0203451607376337,0.0225252509117126
0.3194622015142691,-0.0147833498194814,0.0180773306638002
0.3195622209279752,0.0001130086966441,0.0201868508011103
0.3196622403416813,-0.0151152200996876,0.0184282790869474
0.3197622597553874,-0.0127119701355696,0.0166773293167353
0.3198622791690934,0.0028977310284972,0.0201753992587328
0.3199622985827995,-0.0016264880541712,0.0151056796312332
0.3200623179965055,0.0085663553327322,0.0124621102586389
0.3201623374102117,0.0037293320056051,0.0137095097452402
0.3202623568239177,0.0053772768005729,0.0143961496651173
0.3203623762376238,0.0048203319311142,0.0077204490080476
0.3204623956513299,0.0128807695582509,0.0167040396481752
0.3205624150650360,-0.0015730829909444,0.0243791900575161
0.3206624344787420,0.0021195351146162,0.0230249706655741
0.3207624538924481,0.0109619796276093,0.0115999896079302
0.3208624733061542,0.0138802099972963,0.0129351299256086
0.3209624927198603,0.0107559897005558,0.0097498632967472
0.3210625121335663,0.0095848757773638,0.0092501388862729
0.3211625315472724,0.0054726428352296,0.0034975910093635
0.3212625509609785,0.0095581747591496,0.0055613359436393
0.3213625703746846,0.0016465140506625,0.0121187800541520
0.3214625897883907,-0.0022177649661899,0.0079722180962563
0.3215626092020967,-0.0063795889727771,0.0282625406980515
0.3216626286158028,-0.0137838898226619,0.0238069891929626
0.3217626480295089,-0.0076803970150650,0.0077471518889070
0.3218626674432150,-0.0221685804426670,0.0273775290697813
0.3219626868569210,-0.0030188490636647,-0.0036625768989325
0.3220627062706271,-0.0131849898025393,0.0073618688620627
0.3221627256843332,-0.0219892896711826,0.0009303069091402
0.3222627450980393,-0.0030493671074510,0.0006823522271588
0.3223627645117453,0.0008950185729191,0.0227960906922817
0.3224627839254514,-0.0063757728785276,0.0213579591363668
0.3225628033391575,-0.0281004197895527,0.0170855093747377
0.3226628227528636,-0.0205091908574104,0.0138926096260548
0.3227628421665697,-0.0190672408789396,0.0173601601272821
0.3228628615802757,-0.0164007693529129,0.0174250099807978
0.3229628809939818,-0.0078062810935080,0.0074534211307764
0.3230629004076879,-0.0175604391843081,0.0160097591578960
0.3231629198213939,-0.0229582209140062,0.0183672402054071
0.3232629392351000,-0.0148062296211720,0.0068049239926040
0.3233629586488061,-0.0140814399346709,0.0207972005009651
0.3234629780625122,-0.0238317791372538,0.0100092599168420
0.3235629974762183,-0.0230764690786600,0.0214876607060432
0.3236630168899243,-0.0180372707545757,0.0175966806709766
0.3237630363036304,-0.0275930706411600,0.0293306503444910
0.3238630557173365,-0.0101866498589516,0.0056223720312119
0.3239630751310426,-0.0184530708938837,0.0086703058332205
0.3240630945447486,-0.0211920198053122,0.0260805394500494
0.3241631139584547,-0.0164312906563282,0.0066447081044316
0.3242631333721608,-0.0282415598630905,0.0287050399929285
0.3243631527858669,-0.0148596400395036,0.0185808595269918
0.3244631721995730,-0.0099882828071713,0.0102343298494816
0.3245631916132790,-0.0140738096088171,0.0294145699590445
0.3246632110269851,-0.0284055899828672,0.0043902280740440
0.3247632304406912,-0.0225843805819750,0.0222162604331970
0.3248632498543972,-0.0238623004406691,0.0259317606687546
0.3249632692681033,-0.0188154708594084,0.0289148502051830
0.3250632886818094,-0.0255827195942402,0.0099940029904246
0.3251633080955155,-0.0263876207172871,0.0273088701069355
0.3252633275092215,-0.0263151396065950,0.0164980404078960
0.3253633469229276,-0.0167555399239063,0.0069956588558853
0.3254633663366338,-0.0251821801066399,0.0128473900258541
0.3255633857503398,-0.0317320004105568,0.0201639607548714
0.3256634051640458,-0.0227331500500441,-0.0020375188905746
0.3257634245777519,-0.0297178402543068,0.0158533602952957
0.3258634439914581,-0.0155996903777122,0.0173983108252287
0.3259634634051641,-0.0237402301281691,0.0303873196244240
0.3260634828188702,-0.0121397599577904,0.0194353498518467
0.3261635022325763,-0.0144629096612334,0.0082278018817306
0.3262635216462823,-0.0181555300951004,0.0268282201141119
0.3263635410599884,-0.0272383000701666,0.0041575320065022
0.3264635604736945,-0.0288023203611374,0.0110315997153521
0.3265635798874006,-0.0263685490936041,0.0116037996485829
0.3266635993011066,-0.0208410695195198,0.0221361499279737
0.3267636187148127,-0.0308736898005009,0.0167345590889454
0.3268636381285188,-0.0099997250363231,0.0057635148987174
0.3269636575422248,-0.0210089106112719,0.0274156797677279
0.3270636769559309,-0.0140623701736331,0.0158266592770815
0.3271636963696370,-0.0117239700630307,0.0133356703445315
0.3272637157833431,-0.0258611906319857,0.0182680599391460
0.3273637351970491,-0.0241407696157694,0.0179209206253290
0.3274637546107552,-0.0214323401451111,0.0253519304096699
0.3275637740244614,-0.0335363410413265,0.0213350690901279
0.3276637934381674,-0.0268491990864277,0.0188517104834318
0.3277638128518734,-0.0282339304685593,0.0304979495704174
0.3278638322655796,-0.0199026502668858,0.0185732301324606
0.3279638516792856,-0.0205740407109261,0.0180582497268915
0.3280638710929917,-0.0155424699187279,0.0251840893179178
0.3281638905066978,-0.0177816897630692,0.0204958394169807
0.3282639099204039,-0.0199369899928570,0.0126414000988007
0.3283639293341099,-0.0211424306035042,0.0094752050936222
0.3284639487478160,-0.0194982998073101,0.0194086506962776
0.3285639681615221,-0.0175032205879688,0.0283998697996140
0.3286639875752281,-0.0124525697901845,0.0117525700479746
0.3287640069889342,-0.0130095100030303,0.0174669791013002
0.3288640264026403,-0.0152906998991966,0.0165667105466127
0.3289640458163464,-0.0181936807930470,0.0201753992587328
0.3290640652300524,-0.0091986414045095,0.0253023393452168
0.3291640846437586,-0.0233015399426222,0.0301317293196917
0.3292641040574646,-0.0004973412142135,0.0138773499056697
0.3293641234711707,-0.0191168300807476,0.0256571099162102
0.3294641428848767,-0.0068106502294540,0.0059466199018061
0.3295641622985829,-0.0244039893150330,0.0280527304857969
0.3296641817122890,-0.0200895704329014,0.0298875998705626
0.3297642011259950,-0.0012946110218763,0.0163683407008648
0.3298642205397011,-0.0267729107290506,0.0168451797217131
0.3299642399534072,-0.0138830803334713,0.0274042300879955
0.3300642593671132,-0.0213942006230354,0.0212549604475498
0.3301642787808193,-0.0176024008542299,0.0202631391584873
0.3302642981945254,-0.0202002003788948,0.0157579891383648
0.3303643176082314,-0.0224890094250441,0.0127787198871374
0.3304643370219375,-0.0063948449678719,0.0178179293870926
0.3305643564356436,-0.0152449198067188,0.0129656400531530
0.3306643758493497,0.0007081017829478,0.0121226003393531
0.3307643952630557,-0.0103239798918366,0.0172037594020367
0.3308644146767619,-0.0143408402800560,0.0211138091981411
0.3309644340904679,-0.0143713597208261,0.0226969104260206
0.3310644535041740,-0.0148558197543025,0.0092806564643979
0.3311644729178800,-0.0123838996514678,0.0261797197163105
0.3312644923315862,-0.0311407204717398,0.0195421706885099
0.3313645117452922,-0.0111479498445988,0.0040507200174034
0.3314645311589983,-0.0173201095312834,0.0183329097926617
0.3315645505727044,-0.0210432391613722,0.0215982794761658
0.3316645699864105,-0.0160612594336271,0.0226167999207973
0.3317645894001165,-0.0229467693716288,0.0187754090875387
0.3318646088138226,-0.0219091791659594,0.0263437498360872
0.3319646282275287,-0.0195173695683479,0.0201219990849495
0.3320646476412348,-0.0113081596791744,0.0035052199382335
0.3321646670549408,-0.0174841396510601,0.0254663694649935
0.3322646864686469,-0.0205931104719639,0.0270418394356966
0.3323647058823530,-0.0234350506216288,0.0289453696459532
0.3324647252960590,-0.0252470299601555,0.0156511794775724
0.3325647447097652,-0.0193609707057476,0.0147547302767634
0.3326647641234712,-0.0135855302214622,0.0170778799802065
0.3327647835371773,-0.0062994780018926,0.0207208991050720
0.3328648029508833,-0.0024580890312791,0.0123858097940683
0.3329648223645895,-0.0241636596620083,0.0303377304226160
0.3330648417782955,-0.0072302618063986,0.0053095668554306
0.3331648611920016,-0.0231031794101000,0.0162538997828960
0.3332648806057077,-0.0122465798631310,0.0095133520662785
0.3333649000194138,-0.0104079004377127,0.0226473193615675
0.3334649194331198,-0.0208830293267965,0.0165056698024273
0.3335649388468259,-0.0079893851652741,0.0135263996198773
0.3336649582605320,-0.0185141097754240,0.0178141091018915
0.3337649776742381,-0.0229772906750441,0.0271906107664108
0.3338649970879441,-0.0203909408301115,0.0279688108712435
0.3339650165016502,-0.0233282390981913,0.0238374993205070
0.3340650359153563,-0.0066237300634384,0.0094218002632260
0.3341650553290623,-0.0289015006273985,0.0224298797547817
0.3342650747427685,-0.0135626504197717,0.0048785069957376
0.3343650941564745,-0.0119909895583987,0.0144381104037166
0.3344651135701806,-0.0209440607577562,0.0179285500198603
0.3345651329838867,-0.0083746686577797,0.0106234299018979
0.3346651523975928,-0.0173620693385601,0.0249437596648932
0.3347651718112988,-0.0017867060378194,0.0193933900445700
0.3348651912250049,-0.0174307394772768,0.0215143598616123
0.3349652106387110,-0.0034270209725946,0.0074724950827658
0.3350652300524171,-0.0005583773017861,0.0207895692437887
0.3351652494661231,-0.0212187208235264,0.0161356497555971
0.3352652688798292,-0.0094504123553634,0.0174135696142912
0.3353652882935353,-0.0023055020719767,0.0207476094365120
0.3354653077072414,-0.0105185201391578,0.0127749098464847
0.3355653271209474,-0.0119337700307369,0.0174898598343134
0.3356653465346535,-0.0213674902915955,0.0154566299170256
0.3357653659483596,-0.0189909394830465,0.0148615399375558
0.3358653853620657,-0.0132803600281477,0.0203585103154182
0.3359654047757717,-0.0123266801238060,0.0088267084211111
0.3360654241894778,-0.0089392447844148,0.0055346339941025
0.3361654436031839,-0.0186361800879240,0.0142664499580860
0.3362654630168900,-0.0175642501562834,0.0224184393882751
0.3363654824305961,-0.0122999800369143,0.0134691800922155
0.3364655018443021,-0.0219091791659594,0.0244135204702616
0.3365655212580081,-0.0171370003372431,0.0330194495618343
0.3366655406717143,-0.0077757630497217,0.0097498632967472
0.3367655600854204,-0.0285009592771530,0.0244745593518019
0.3368655794991264,-0.0035262031015009,0.0045962207950652
0.3369655989128325,-0.0180792305618525,0.0115503901615739
0.3370656183265386,-0.0224356092512608,0.0214914698153734
0.3371656377402447,-0.0079931998625398,0.0067400750704110
0.3372656571539507,-0.0018897020490840,0.0158724393695593
0.3373656765676568,-0.0008788104751147,0.0113291395828128
0.3374656959813629,-0.0114225996658206,0.0062975720502436
0.3375657153950690,-0.0151114100590348,0.0074496068991721
0.3376657348087750,-0.0047583449631929,0.0028567230328918
0.3377657542224811,-0.0182280093431473,0.0152086801826954
0.3378657736361872,0.0007233580108732,0.0086169010028243
0.3379657930498933,-0.0173162892460823,0.0131601896136999
0.3380658124635993,-0.0163664408028126,0.0110544897615910
0.3381658318773054,-0.0190214607864618,0.0234598498791456
0.3382658512910116,-0.0116667496040463,0.0092844711616635
0.3383658707047176,-0.0134291304275393,0.0179209206253290
0.3384658901184237,-0.0264639202505350,0.0105547597631812
0.3385659095321297,-0.0181822292506695,0.0105356900021434
0.3386659289458358,-0.0115027101710439,0.0075144558213651
0.3387659483595419,-0.0161604508757591,0.0068850331008434
0.3388659677732480,-0.0060896710492671,0.0093950973823667
0.3389659871869540,-0.0126623800024390,0.0139650898054242
0.3390660066006601,0.0010285329772159,0.0014910659519956
0.3391660260143662,-0.0115866400301456,0.0275377500802279
0.3392660454280723,-0.0231069903820753,0.0234216991811991
0.3393660648417783,-0.0269445609301329,0.0225748401135206
0.3394660842554844,-0.0143370302394032,0.0097994534298778
0.3395661036691905,-0.0042662518098950,0.0065340818837285
0.3396661230828966,-0.0194105599075556,0.0155787002295256
0.3397661424966026,-0.0118422200903296,-0.0011677710572258
0.3398661619103087,-0.0309881307184696,0.0135302199050784
0.3399661813240148,-0.0218405108898878,0.0132326697930694
0.3400662007377209,-0.0170721504837275,0.0089602228254080
0.3401662201514269,-0.0044951350428164,0.0191339906305075
0.3402662395651330,-0.0135664604604244,0.0091471420601010
0.3403662589788391,-0.0100149903446436,0.0101389596238732
0.3404662783925452,-0.0184225607663393,0.0187067501246929
0.3405662978062513,-0.0087141776457429,0.0031847869977355
0.3406663172199574,-0.0047583458945155,0.0093760238960385
0.3407663366336634,-0.0015311209717765,0.0066256341524422
0.3408663560473695,-0.0017561869462952,0.0010180439567193
0.3409663754610756,0.0049767349846661,0.0036616229917854
0.3410663948747816,0.0044274199754000,-0.0127682304009795
0.3411664142884877,-0.0001616483059479,-0.0168499499559402
0.3412664337021938,-0.0024542768951505,-0.0221752505749464
0.3413664531158999,-0.0038428220432252,-0.0270656794309616
0.3414664725296059,-0.0051894071511924,-0.0297168903052807
0.3415664919433120,-0.0026450110599399,-0.0274128206074238
0.3416665113570181,0.0002846693969332,-0.0287479609251022
0.3417665307707242,-0.0000586528803979,-0.0277179908007383
0.3418665501844302,-0.0014052350306883,-0.0240864101797342
0.3419665695981364,-0.0028853348921984,-0.0178074408322573
0.3420665890118424,-0.0018858880503103,-0.0132298097014427
0.3421666084255485,-0.0011649109655991,-0.0089955087751150
0.3422666278392545,-0.0005698213935830,-0.0047917240299284
0.3423666472529607,-0.0002455720969010,-0.0030674850568175
0.3424666666666667,-0.0000929842135520,-0.0016674950020388
0.3425666860803728,-0.0000014309880498,-0.0007824877975509
0.3426667054940789,0.0000061984060267,-0.0004315366095398
0.3427667249077849,0.0000023837089884,-0.0002369875001023
0.3428667443214910,0.0000176425000973,-0.0001378057932016
0.3429667637351971,0.0000214571991819,-0.0000844001770020
0.3430667831489032,0.0000176425000973,-0.0000233650207520
0.3431668025626092,-0.0000205039996217,-0.0000081064708866
0.3432668219763153,-0.0000357632707164,-0.0000157356298587
0.3433668413900214,0.0000061984060267,-0.0000004768372150
0.3434668608037275,0.0000023841860184,-0.0000081062316895
0.3435668802174335,0.0000176425000973,0.0000071523190854
0.3436668996311397,0.0000023841860184,-0.0000004768372150
0.3437669190448457,0.0000100131001091,-0.0000004768372150
0.3438669384585518,0.0000061988839661,-0.0000004768372150
0.3439669578722578,0.0000138278001032,0.0000033376220472
0.3440669772859640,0.0000061988839661,-0.0000042915339691
0.3441669966996700,-0.0000014305120430,-0.0000004768372150
0.3442670161133761,0.0000061988839661,-0.0000004768372150
0.3443670355270822,0.0000061988839661,-0.0000004768372150
0.3444670549407883,0.0000023841860184,-0.0000004768372150
0.3445670743544943,0.0000061988839661,-0.0000004768372150
0.3446670937682004,0.0000023841860184,-0.0000004768372150
0.3447671131819065,-0.0000090599060059,0.0000033376220472
0.3448671325956125,-0.0000166893005371,0.0000033376220472
0.3449671520093186,-0.0000014305120430,0.0000033376220472
0.3450671714230247,0.0000061988839661,0.0000033376220472
0.3451671908367308,-0.0000014305120430,-0.0000004768372150
0.3452672102504368,-0.0000014305120430,0.0000033378601074
0.3453672296641430,-0.0000014305120430,0.0000033378601074
0.3454672490778490,0.0000061988839661,-0.0000004768372150
0.3455672684915551,0.0000023841860184,-0.0000004768372150
0.3456672879052612,-0.0000052452091950,-0.0000004768372150
0.3457673073189673,-0.0000014305120430,-0.0000004768372150
0.3458673267326733,0.0000023841860184,-0.0000042915339691
0.3459673461463794,0.0000023841860184,-0.0000004768372150
0.3460673655600855,-0.0000014305120430,-0.0000004768372150
0.3461673849737916,-0.0000014305120430,0.0000033376220472
0.3462674043874976,-0.0000014305120430,-0.0000004768372150
0.3463674238012037,-0.0000586509704590,-0.0000042916540224
0.3464674432149098,-0.0000128745996335,-0.0000004770756163
0.3465674626286158,-0.0000052452091950,0.0000033376220472
0.3466674820423219,-0.0000014305120430,-0.0000042915339691
0.3467675014560280,0.0000023841860184,-0.0000004768372150
0.3468675208697341,-0.0000052452091950,-0.0000004770756163
0.3469675402834401,-0.0000014305120430,-0.0000004768372150
0.3470675596971463,-0.0000014305120430,-0.0000004768372150
0.3471675791108523,-0.0000014305120430,-0.0000004770756163
0.3472675985245584,-0.0000014305120430,-0.0000042915339691
0.3473676179382645,-0.0000014305120430,-0.0000004768372150
0.3474676373519706,-0.0000014305120430,0.0000033376220472
0.3475676567656766,-0.0000014305120430,0.0000033376220472
0.3476676761793827,-0.0000052452091950,-0.0000042915339691
0.3477676955930888,-0.0000014305120430,-0.0000004768372150
0.3478677150067949,-0.0000052452091950,0.0000033376220472
0.3479677344205009,-0.0000014305120430,-0.0000004768372150
0.3480677538342070,-0.0000166893005371,-0.0000004770756163
0.3481677732479131,-0.0000052452091950,-0.0000004770756163
0.3482677926616191,-0.0000128745996335,-0.0000004770756163
0.3483678120753252,-0.0000052452091950,-0.0000004770756163
0.3484678314890313,-0.0000052452091950,0.0000033376220472
0.3485678509027374,-0.0000014305120430,-0.0000004770756163
0.3486678703164434,-0.0000052452091950,-0.0000042915339691
0.3487678897301495,-0.0000052452091950,0.0000033376220472
0.3488679091438556,-0.0000052452091950,-0.0000004770756163
0.3489679285575616,-0.0000052452091950,-0.0000004770756163
0.3490679479712678,-0.0000052452091950,-0.0000004770756163
0.3491679673849739,-0.0000052452091950,-0.0000004770756163
0.3492679867986799,-0.0000052452091950,-0.0000004770756163
0.3493680062123860,-0.0000014305120430,-0.0000004770756163
0.3494680256260921,-0.0000052452091950,0.0000033376220472
0.3495680450397982,-0.0000052452091950,0.0000033376220472
0.3496680644535042,-0.0000128745996335,-0.0000004770756163
0.3497680838672103,-0.0000052452091950,-0.0000042917731662
0.3498681032809164,-0.0000128745996335,0.0000033376220472
0.3499681226946225,-0.0000052452091950,-0.0000004770756163
0.3500681421083285,-0.0000052452091950,-0.0000042915339691
0.3501681615220346,-0.0000052452091950,-0.0000042917731662
0.3502681809357407,-0.0000052452091950,-0.0000004770756163
0.3503682003494467,-0.0000052452091950,-0.0000004770756163
0.3504682197631528,-0.0000052452091950,-0.0000004770756163
0.3505682391768589,-0.0000052452091950,-0.0000004770756163
0.3506682585905650,-0.0000052452091950,-0.0000004770756163
0.3507682780042711,-0.0000090599060059,-0.0000004770756163
0.3508682974179771,-0.0000052452091950,-0.0000042917731662
0.3509683168316832,-0.0000052452091950,0.0000033376220472
0.3510683362453893,-0.0000090599060059,-0.0000004770756163
0.3511683556590954,-0.0000052452091950,-0.0000004770756163
0.3512683750728015,-0.0000090599060059,-0.0000042917731662
0.3513683944865075,-0.0000014305120430,0.0000033376220472
0.3514684139002136,-0.0000090599060059,-0.0000004770756163
0.3515684333139197,-0.0000166893005371,0.0000033376220472
0.3516684527276258,-0.0000090599060059,-0.0000042917731662
0.3517684721413318,-0.0000052452091950,0.0000033376220472
0.3518684915550379,-0.0000014305120430,-0.0000004770756163
0.3519685109687440,-0.0000014305120430,-0.0000004770756163
0.3520685303824501,-0.0000090599060059,0.0000033376220472
0.3521685497961561,-0.0000052452091950,-0.0000004770756163
0.3522685692098622,-0.0000052452091950,0.0000033376220472
0.3523685886235683,-0.0000052452091950,0.0000033376220472
0.3524686080372744,-0.0000090599060059,0.0000033376220472
0.3525686274509804,-0.0000052452091950,-0.0000004770756163
0.3526686468646865,-0.0000014305120430,0.0000033376220472
0.3527686662783926,-0.0000052452091950,-0.0000004770756163
0.3528686856920987,-0.0000052452091950,-0.0000004770756163
0.3529687051058047,-0.0000052452091950,-0.0000042917731662
0.3530687245195109,-0.0000090599060059,0.0000033376220472
0.3531687439332169,-0.0000205039996217,-0.0000004770756163
0.3532687633469230,-0.0000090599060059,-0.0000042917731662
0.3533687827606291,-0.0000052452091950,-0.0000004770756163
0.3534688021743351,-0.0000014305120430,-0.0000042917731662
0.3535688215880412,0.0000023841860184,-0.0000004768372150
0.3536688410017473,-0.0000052452091950,-0.0000004770756163
0.3537688604154534,-0.0000052452091950,-0.0000042915339691
0.3538688798291594,-0.0000014305120430,-0.0000042917731662
0.3539688992428655,-0.0000052452091950,0.0000033376220472
0.3540689186565716,-0.0000014305120430,-0.0000004770756163
0.3541689380702777,-0.0000052452091950,0.0000033376220472
0.3542689574839837,-0.0000052452091950,-0.0000004770756163
0.3543689768976898,-0.0000052452091950,-0.0000004770756163
0.3544689963113959,0.0000023841860184,-0.0000004770756163
0.3545690157251020,-0.0000014305120430,0.0000033376220472
0.3546690351388080,-0.0000014305120430,-0.0000004770756163
0.3547690545525142,0.0000100135803223,0.0000033376220472
0.3548690739662202,-0.0000090599060059,-0.0000004770756163
0.3549690933799263,-0.0000090599060059,-0.0000042917731662
0.3550691127936323,-0.0000090599060059,-0.0000004770756163
0.3551691322073384,-0.0000014305120430,-0.0000004770756163
0.3552691516210445,-0.0000014305120430,0.0000033376220472
0.3553691710347506,-0.0000014305120430,-0.0000004770756163
0.3554691904484567,-0.0000014305120430,-0.0000042915339691
0.3555692098621627,-0.0000014305120430,-0.0000004770756163
0.3556692292758688,-0.0000014305120430,-0.0000004770756163
0.3557692486895749,-0.0000014305120430,-0.0000004770756163
0.3558692681032810,-0.0000014305120430,-0.0000004770756163
0.3559692875169870,-0.0000052452091950,0.0000033376220472
0.3560693069306931,-0.0000052452091950,-0.0000004770756163
0.3561693263443992,-0.0000014305120430,-0.0000004770756163
0.3562693457581053,0.0000023841860184,-0.0000004768372150
0.3563693651718113,-0.0000090599060059,-0.0000004770756163
0.3564693845855175,-0.0000014305120430,-0.0000004770756163
0.3565694039992235,-0.0000090599060059,-0.0000004770756163
0.3566694234129296,-0.0000014305120430,-0.0000004770756163
0.3567694428266356,-0.0000014305120430,0.0000033376220472
0.3568694622403417,-0.0000014305120430,-0.0000004770756163
0.3569694816540478,-0.0000014305120430,0.0000033376220472
0.3570695010677539,-0.0000014305120430,-0.0000004770756163
0.3571695204814600,0.0000023841860184,-0.0000004770756163
0.3572695398951660,-0.0000014305120430,0.0000033376220472
0.3573695593088721,-0.0000014305120430,0.0000033376220472
0.3574695787225782,-0.0000014305120430,0.0000033376220472
0.3575695981362843,-0.0000014305120430,-0.0000042915339691
0.3576696175499903,-0.0000014305120430,0.0000033376220472
0.3577696369636964,-0.0000014305120430,-0.0000004768372150
0.3578696563774025,0.0000023841860184,-0.0000004768372150
0.3579696757911086,-0.0000014305120430,0.0000033376220472
0.3580696952048146,-0.0000052452091950,-0.0000004770756163
0.3581697146185208,-0.0000052452091950,0.0000033376220472
0.3582697340322268,-0.0000052452091950,-0.0000004770756163
0.3583697534459329,-0.0000014305120430,-0.0000004770756163
0.3584697728596390,0.0000023841860184,0.0000033376220472
0.3585697922733451,0.0000023841860184,-0.0000004770756163
0.3586698116870511,-0.0000014305120430,-0.0000004768372150
0.3587698311007572,0.0000176429693965,-0.0000004768372150
0.3588698505144633,0.0000061988839661,0.0000033378601074
0.3589698699281693,0.0000023841860184,-0.0000004768372150
0.3590698893418754,0.0000023841860184,0.0000033378601074
0.3591699087555815,0.0000023841860184,-0.0000004768372150
0.3592699281692876,0.0000023841860184,-0.0000004768372150
0.3593699475829936,0.0000023841860184,0.0000033378601074
0.3594699669966998,0.0000023841860184,0.0000033378601074
0.3595699864104058,0.0000023841860184,0.0000033378601074
0.3596700058241118,-0.0000052452091950,-0.0000004770756163
0.3597700252378179,-0.0000014305120430,-0.0000004770756163
0.3598700446515241,-0.0000014305120430,-0.0000004770756163
0.3599700640652301,0.0000023841860184,-0.0000004768372150
0.3600700834789362,0.0000023841860184,0.0000033378601074
0.3601701028926423,0.0000023841860184,0.0000033378601074
0.3602701223063484,0.0000023841860184,-0.0000004768372150
0.3603701417200544,0.0000023841860184,-0.0000004768372150
0.3604701611337605,0.0000023841860184,-0.0000004768372150
0.3605701805474666,0.0000061988839661,0.0000033378601074
0.3606701999611726,-0.0000014305120430,-0.0000004768372150
0.3607702193748787,-0.0000014305120430,-0.0000004768372150
0.3608702387885848,0.0000023841860184,-0.0000004768372150
0.3609702582022909,0.0000023841860184,-0.0000042915339691
0.3610702776159969,0.0000061988839661,-0.0000042915339691
0.3611702970297030,0.0000023841860184,-0.0000042915339691
0.3612703164434091,-0.0000014305120430,-0.0000004768372150
0.3613703358571151,0.0000023841860184,-0.0000004768372150
0.3614703552708212,-0.0000014305120430,-0.0000004770756163
0.3615703746845274,-0.0000166893005371,-0.0000004770756163
0.3616703940982334,-0.0000014305120430,-0.0000004770756163
0.3617704135119394,0.0000023841860184,-0.0000004768372150
0.3618704329256456,0.0000023841860184,0.0000033378601074
0.3619704523393517,0.0000023841860184,-0.0000004768372150
0.3620704717530577,-0.0000014305120430,0.0000033378601074
0.3621704911667638,0.0000061988839661,-0.0000004768372150
0.3622705105804699,0.0000061988839661,0.0000033378601074
0.3623705299941760,0.0000023841860184,-0.0000004768372150
0.3624705494078820,0.0000061988839661,0.0000033378601074
0.3625705688215881,-0.0000014305120430,-0.0000042915339691
0.3626705882352942,-0.0000014305120430,-0.0000004768372150
0.3627706076490002,-0.0000281333905150,0.0000033376220472
0.3628706270627063,-0.0000014305120430,-0.0000004768372150
0.3629706464764124,-0.0000014305120430,0.0000033378601074
0.3630706658901184,-0.0000052452091950,-0.0000042917731662
0.3631706853038245,-0.0000128745996335,0.0000033376220472
0.3632707047175306,-0.0000052452091950,-0.0000004770756163
0.3633707241312367,-0.0000014305120430,0.0000033376220472
0.3634707435449427,-0.0000014305120430,-0.0000042915339691
0.3635707629586489,0.0000023841860184,0.0000033376220472
0.3636707823723550,-0.0000014305120430,-0.0000004768372150
0.3637708017860610,-0.0000014305120430,0.0000033378601074
0.3638708211997671,-0.0000014305120430,-0.0000004768372150
0.3639708406134732,-0.0000014305120430,-0.0000004768372150
0.3640708600271793,-0.0000052452091950,-0.0000004768372150
0.3641708794408853,-0.0000014305120430,0.0000033378601074
0.3642708988545914,-0.0000014305120430,-0.0000004768372150
0.3643709182682975,-0.0000014305120430,0.0000033378601074
0.3644709376820035,0.0000023841860184,-0.0000004768372150
0.3645709570957096,-0.0000014305120430,-0.0000004768372150
0.3646709765094157,-0.0000052452091950,-0.0000004770756163
0.3647709959231218,-0.0000052452091950,-0.0000004770756163
0.3648710153368279,-0.0000128745996335,0.0000033376220472
0.3649710347505339,-0.0000052452091950,-0.0000042915339691
0.3650710541642400,-0.0000014305120430,-0.0000004768372150
0.3651710735779460,-0.0000014305120430,-0.0000004768372150
0.3652710929916522,0.0000023841860184,0.0000033376220472
0.3653711124053582,-0.0000052452091950,0.0000033378601074
0.3654711318190643,-0.0000052452091950,-0.0000004768372150
0.3655711512327704,-0.0000014305120430,0.0000033376220472
0.3656711706464765,-0.0000014305120430,0.0000033376220472
0.3657711900601825,-0.0000014305120430,0.0000033376220472
0.3658712094738886,-0.0000014305120430,0.0000033376220472
0.3659712288875947,-0.0000014305120430,-0.0000004768372150
0.3660712483013008,0.0000023841860184,0.0000033376220472
0.3661712677150068,-0.0000014305120430,-0.0000004768372150
0.3662712871287129,-0.0000014305120430,-0.0000042915339691
0.3663713065424190,-0.0000166893005371,-0.0000004770756163
0.3664713259561251,-0.0000090599060059,-0.0000004770756163
0.3665713453698312,-0.0000090599060059,0.0000033376220472
0.3666713647835372,-0.0000052452091950,-0.0000004770756163
0.3667713841972433,-0.0000052452091950,-0.0000042915339691
0.3668714036109493,-0.0000014305120430,0.0000033376220472
0.3669714230246555,-0.0000014305120430,0.0000033376220472
0.3670714424383615,-0.0000090599060059,0.0000033376220472
0.3671714618520676,-0.0000052452091950,-0.0000004768372150
0.3672714812657737,-0.0000014305120430,-0.0000004770756163
0.3673715006794798,-0.0000052452091950,-0.0000042915339691
0.3674715200931858,-0.0000014305120430,0.0000033376220472
0.3675715395068919,-0.0000014305120430,-0.0000004770756163
0.3676715589205980,-0.0000052452091950,-0.0000004770756163
0.3677715783343041,-0.0000014305120430,-0.0000004768372150
0.3678715977480101,-0.0000052452091950,-0.0000004770756163
0.3679716171617162,-0.0000014305120430,0.0000033376220472
0.3680716365754223,-0.0000128745996335,-0.0000004770756163
0.3681716559891284,-0.0000052452091950,0.0000033376220472
0.3682716754028345,-0.0000128745996335,-0.0000004770756163
0.3683716948165405,-0.0000014305120430,-0.0000004770756163
0.3684717142302466,-0.0000014305120430,-0.0000004770756163
0.3685717336439527,-0.0000014305120430,-0.0000042915339691
0.3686717530576588,-0.0000052452091950,-0.0000004770756163
0.3687717724713648,-0.0000052452091950,-0.0000004768372150
0.3688717918850709,-0.0000052452091950,-0.0000042915339691
0.3689718112987770,0.0000023841860184,-0.0000004770756163
0.3690718307124831,-0.0000052452091950,-0.0000004770756163
0.3691718501261891,-0.0000052452091950,0.0000033376220472
0.3692718695398952,-0.0000090599060059,-0.0000004770756163
0.3693718889536013,-0.0000014305120430,-0.0000004770756163
0.3694719083673074,-0.0000014305120430,-0.0000042915339691
0.3695719277810135,-0.0000052452091950,0.0000033376220472
0.3696719471947195,-0.0000166893005371,0.0000033376220472
0.3697719666084256,-0.0000090599060059,-0.0000042917731662
0.3698719860221317,-0.0000090599060059,-0.0000004770756163
0.3699720054358377,-0.0000052452091950,-0.0000004770756163
0.3700720248495438,-0.0000014305120430,0.0000033376220472
0.3701720442632499,-0.0000052452091950,-0.0000004770756163
0.3702720636769560,-0.0000052452091950,-0.0000042915339691
0.3703720830906621,-0.0000052452091950,-0.0000004770756163
0.3704721025043681,-0.0000052452091950,-0.0000004770756163
0.3705721219180742,-0.0000090599060059,0.0000033376220472
0.3706721413317803,-0.0000052452091950,-0.0000004770756163
0.3707721607454864,-0.0000014305120430,-0.0000004770756163
0.3708721801591924,-0.0000014305120430,0.0000033376220472
0.3709721995728986,-0.0000052452091950,-0.0000004770756163
0.3710722189866046,-0.0000014305120430,0.0000033376220472
0.3711722384003107,-0.0000052452091950,-0.0000004770756163
0.3712722578140168,-0.0000052452091950,-0.0000004770756163
0.3713722772277228,-0.0000052452091950,-0.0000004770756163
0.3714722966414289,-0.0000128745996335,-0.0000042917731662
0.3715723160551350,-0.0000205039996217,-0.0000004770756163
0.3716723354688410,-0.0000090599060059,-0.0000042917731662
0.3717723548825471,-0.0000052452091950,-0.0000004770756163
0.3718723742962532,-0.0000014305120430,-0.0000004770756163
0.3719723937099593,-0.0000014305120430,-0.0000042915339691
0.3720724131236653,-0.0000052452091950,-0.0000004770756163
0.3721724325373714,-0.0000014305120430,0.0000033376220472
0.3722724519510776,-0.0000090599060059,-0.0000004770756163
0.3723724713647836,-0.0000052452091950,-0.0000004770756163
0.3724724907784897,-0.0000052452091950,-0.0000004770756163
0.3725725101921957,-0.0000052452091950,-0.0000004770756163
0.3726725296059019,-0.0000052452091950,-0.0000042917731662
0.3727725490196079,-0.0000052452091950,-0.0000042915339691
0.3728725684333140,-0.0000014305120430,-0.0000042917731662
0.3729725878470201,-0.0000052452091950,-0.0000004770756163
0.3730726072607261,-0.0000128745996335,-0.0000004770756163
0.3731726266744322,-0.0000166893005371,-0.0000004770756163
0.3732726460881383,-0.0000090599060059,-0.0000004770756163
0.3733726655018444,-0.0000052452091950,-0.0000004770756163
0.3734726849155504,-0.0000052452091950,-0.0000004770756163
0.3735727043292565,-0.0000052452091950,-0.0000004770756163
0.3736727237429626,-0.0000052452091950,-0.0000004770756163
0.3737727431566686,-0.0000014305120430,-0.0000004770756163
0.3738727625703747,-0.0000014305120430,-0.0000004770756163
0.3739727819840808,-0.0000014305120430,-0.0000004770756163
0.3740728013977869,-0.0000014305120430,-0.0000004770756163
0.3741728208114929,0.0000023841860184,-0.0000004770756163
0.3742728402251990,-0.0000014305120430,-0.0000004770756163
0.3743728596389052,-0.0000052452091950,-0.0000004770756163
0.3744728790526112,0.0000023841860184,-0.0000004770756163
0.3745728984663173,-0.0000014305120430,0.0000033376220472
0.3746729178800234,-0.0000052452091950,-0.0000004770756163
0.3747729372937294,-0.0000052452091950,-0.0000004770756163
0.3748729567074355,-0.0000205039996217,-0.0000042917731662
0.3749729761211416,-0.0000052452091950,-0.0000042917731662
0.3750729955348477,-0.0000014305120430,-0.0000004770756163
0.3751730149485537,-0.0000014305120430,0.0000033376220472
0.3752730343622598,-0.0000014305120430,-0.0000004770756163
0.3753730537759659,-0.0000014305120430,-0.0000004770756163
0.3754730731896719,-0.0000014305120430,-0.0000004770756163
0.3755730926033780,-0.0000052452091950,-0.0000004770756163
0.3756731120170841,-0.0000014305120430,-0.0000042915339691
0.3757731314307902,-0.0000014305120430,-0.0000042915339691
0.3758731508444962,-0.0000014305120430,-0.0000004770756163
0.3759731702582024,-0.0000014305120430,-0.0000004770756163
0.3760731896719084,-0.0000014305120430,-0.0000004770756163
0.3761732090856145,0.0000023841860184,-0.0000004768372150
0.3762732284993205,-0.0000014305120430,-0.0000004770756163
0.3763732479130267,-0.0000090599060059,-0.0000004770756163
0.3764732673267328,-0.0000052452091950,-0.0000042917731662
0.3765732867404388,-0.0000090599060059,-0.0000004770756163
0.3766733061541449,-0.0000052452091950,-0.0000004770756163
0.3767733255678510,-0.0000014305120430,-0.0000042915339691
0.3768733449815570,0.0000023841860184,-0.0000004770756163
0.3769733643952631,-0.0000014305120430,-0.0000042915339691
0.3770733838089692,-0.0000052452091950,0.0000033376220472
0.3771734032226753,-0.0000052452091950,-0.0000004770756163
0.3772734226363813,-0.0000014305120430,-0.0000042915339691
0.3773734420500874,-0.0000014305120430,-0.0000042915339691
0.3774734614637935,-0.0000014305120430,0.0000033376220472
0.3775734808774995,0.0000023841860184,-0.0000042915339691
0.3776735002912057,-0.0000014305120430,0.0000033376220472
0.3777735197049117,-0.0000052452091950,-0.0000004768372150
0.3778735391186178,-0.0000052452091950,-0.0000004768372150
0.3779735585323238,-0.0000014305120430,-0.0000004768372150
0.3780735779460300,-0.0000128745996335,0.0000033376220472
0.3781735973597360,-0.0000014305120430,0.0000033376220472
0.3782736167734421,-0.0000090599060059,-0.0000004770756163
0.3783736361871482,-0.0000052452091950,-0.0000004770756163
0.3784736556008543,0.0000023841860184,-0.0000004770756163
0.3785736750145603,-0.0000014305120430,-0.0000004770756163
0.3786736944282664,-0.0000014305120430,-0.0000042915339691
0.3787737138419725,-0.0000052452091950,-0.0000004768372150
0.3788737332556786,-0.0000014305120430,-0.0000004768372150
0.3789737526693846,-0.0000014305120430,-0.0000004768372150
0.3790737720830907,-0.0000014305120430,-0.0000004768372150
0.3791737914967968,0.0000061988839661,0.0000033376220472
0.3792738109105028,-0.0000014305120430,-0.0000042915339691
0.3793738303242090,0.0000023841860184,-0.0000004768372150
0.3794738497379150,0.0000023841860184,-0.0000004768372150
0.3795738691516211,-0.0000014305120430,0.0000033378601074
0.3796738885653271,-0.0000052452091950,0.0000071523190854
0.3797739079790333,-0.0000014305120430,0.0000033376220472
0.3798739273927393,-0.0000014305120430,-0.0000004770756163
0.3799739468064454,0.0000023841860184,-0.0000004768372150
0.3800739662201515,0.0000023841860184,-0.0000042915339691
0.3801739856338576,0.0000061988839661,-0.0000004768372150
0.3802740050475636,0.0000061988839661,-0.0000042915339691
0.3803740244612697,0.0000023841860184,-0.0000081062316895
0.3804740438749758,-0.0000014305120430,0.0000033378601074
0.3805740632886819,-0.0000014305120430,-0.0000004768372150
0.3806740827023879,0.0000023841860184,-0.0000042915339691
0.3807741021160940,0.0000023841860184,-0.0000042915339691
0.3808741215298001,0.0000023841860184,-0.0000004768372150
0.3809741409435061,0.0000023841860184,0.0000033378601074
0.3810741603572123,0.0000023841860184,0.0000033378601074
0.3811741797709183,0.0000061988839661,-0.0000004768372150
0.3812741991846244,0.0000061988839661,-0.0000004768372150
0.3813742185983305,0.0000023841860184,0.0000033378601074
0.3814742380120366,-0.0000052452091950,-0.0000004770756163
0.3815742574257426,-0.0000166893005371,-0.0000004770756163
0.3816742768394487,0.0000023841860184,-0.0000004770756163
0.3817742962531548,0.0000023841860184,-0.0000004768372150
0.3818743156668609,-0.0000014305120430,-0.0000004768372150
0.3819743350805669,0.0000061988839661,-0.0000004768372150
0.3820743544942730,0.0000023841860184,-0.0000004768372150
0.3821743739079791,-0.0000014305120430,-0.0000042915339691
0.3822743933216852,-0.0000014305120430,-0.0000004768372150
0.3823744127353912,0.0000023841860184,-0.0000004768372150
0.3824744321490973,0.0000023841860184,-0.0000004768372150
0.3825744515628034,0.0000023841860184,-0.0000004768372150
0.3826744709765095,0.0000023841860184,-0.0000042915339691
0.3827744903902155,0.0000023841860184,-0.0000004768372150
0.3828745098039216,0.0000023841860184,-0.0000004768372150
0.3829745292176277,-0.0000052452091950,-0.0000004770756163
0.3830745486313338,-0.0000052452091950,-0.0000004770756163
0.3831745680450399,-0.0000166893005371,-0.0000004770756163
0.3832745874587459,-0.0000052452091950,-0.0000004770756163
0.3833746068724521,-0.0000014305120430,-0.0000004768372150
0.3834746262861581,0.0000023841860184,-0.0000004768372150
0.3835746456998642,-0.0000014305120430,-0.0000004768372150
0.3836746651135702,0.0000023841860184,-0.0000004768372150
0.3837746845272763,0.0000023841860184,-0.0000004768372150
0.3838747039409824,-0.0000014305120430,-0.0000004768372150
0.3839747233546885,-0.0000014305120430,-0.0000004768372150
0.3840747427683945,0.0000023841860184,-0.0000004768372150
0.3841747621821006,0.0000023841860184,-0.0000004768372150
0.3842747815958067,-0.0000052452091950,0.0000033376220472
0.3843748010095128,0.0000023841860184,-0.0000004768372150
0.3844748204232188,0.0000023841860184,-0.0000004768372150
0.3845748398369249,0.0000023841860184,-0.0000042915339691
0.3846748592506310,-0.0000052452091950,-0.0000042915339691
0.3847748786643371,-0.0000090599060059,0.0000033376220472
0.3848748980780431,-0.0000128745996335,-0.0000004770756163
0.3849749174917492,-0.0000052452091950,-0.0000042915339691
0.3850749369054554,-0.0000014305120430,-0.0000004768372150
0.3851749563191614,-0.0000052452091950,-0.0000042915339691
0.3852749757328675,-0.0000052452091950,-0.0000004768372150
0.3853749951465735,0.0000023841860184,-0.0000004768372150
0.3854750145602796,-0.0000014305120430,-0.0000042915339691
0.3855750339739857,-0.0000052452091950,0.0000033376220472
0.3856750533876918,-0.0000014305120430,-0.0000042915339691
0.3857750728013979,-0.0000014305120430,-0.0000004768372150
0.3858750922151039,-0.0000014305120430,-0.0000042915339691
0.3859751116288100,-0.0000052452091950,-0.0000042915339691
0.3860751310425161,-0.0000014305120430,-0.0000004768372150
0.3861751504562221,-0.0000052452091950,-0.0000004768372150
0.3862751698699282,-0.0000052452091950,0.0000033376220472
0.3863751892836343,-0.0000128745996335,-0.0000042917731662
0.3864752086973404,-0.0000090599060059,-0.0000004770756163
0.3865752281110464,-0.0000128745996335,-0.0000042917731662
0.3866752475247525,-0.0000052452091950,-0.0000004770756163
0.3867752669384587,-0.0000052452091950,-0.0000042915339691
0.3868752863521647,-0.0000014305120430,-0.0000042915339691
0.3869753057658707,-0.0000014305120430,-0.0000004768372150
0.3870753251795768,-0.0000052452091950,-0.0000042915339691
0.3871753445932829,-0.0000014305120430,-0.0000042915339691
0.3872753640069890,-0.0000052452091950,-0.0000004768372150
0.3873753834206951,-0.0000014305120430,-0.0000004770756163
0.3874754028344012,-0.0000014305120430,-0.0000004770756163
0.3875754222481072,-0.0000052452091950,-0.0000004770756163
0.3876754416618133,-0.0000052452091950,-0.0000004770756163
0.3877754610755194,-0.0000052452091950,-0.0000004770756163
0.3878754804892254,-0.0000014305120430,-0.0000004770756163
0.3879754999029315,-0.0000014305120430,-0.0000042915339691
0.3880755193166376,-0.0000166893005371,-0.0000004770756163
0.3881755387303437,-0.0000090599060059,-0.0000004770756163
0.3882755581440497,-0.0000090599060059,-0.0000004770756163
0.3883755775577558,-0.0000052452091950,-0.0000004770756163
0.3884755969714619,-0.0000052452091950,-0.0000004770756163
0.3885756163851680,-0.0000014305120430,0.0000033376220472
0.3886756357988740,-0.0000014305120430,-0.0000042915339691
0.3887756552125802,-0.0000052452091950,-0.0000004770756163
0.3888756746262862,-0.0000014305120430,-0.0000004770756163
0.3889756940399923,-0.0000052452091950,-0.0000042915339691
0.3890757134536983,-0.0000052452091950,-0.0000004768372150
0.3891757328674045,-0.0000052452091950,0.0000033376220472
0.3892757522811105,-0.0000052452091950,-0.0000004770756163
0.3893757716948166,-0.0000014305120430,-0.0000042915339691
0.3894757911085227,-0.0000052452091950,-0.0000004770756163
0.3895758105222287,-0.0000052452091950,-0.0000004770756163
0.3896758299359348,-0.0000128745996335,-0.0000042917731662
0.3897758493496409,-0.0000052452091950,-0.0000004770756163
0.3898758687633470,-0.0000128745996335,-0.0000042917731662
0.3899758881770530,-0.0000052452091950,-0.0000004770756163
0.3900759075907591,-0.0000052452091950,0.0000033376220472
0.3901759270044652,-0.0000090599060059,-0.0000004770756163
0.3902759464181713,-0.0000052452091950,0.0000033376220472
0.3903759658318773,-0.0000014305120430,-0.0000004770756163
0.3904759852455835,-0.0000052452091950,-0.0000004770756163
0.3905760046592895,-0.0000014305120430,-0.0000004770756163
0.3906760240729956,-0.0000014305120430,-0.0000042915339691
0.3907760434867016,-0.0000052452091950,-0.0000004770756163
0.3908760629004078,-0.0000052452091950,-0.0000004770756163
0.3909760823141138,0.0000023841860184,-0.0000004770756163
0.3910761017278199,-0.0000052452091950,-0.0000042915339691
0.3911761211415260,-0.0000052452091950,-0.0000004770756163
0.3912761405552321,-0.0000052452091950,-0.0000004770756163
0.3913761599689381,-0.0000052452091950,-0.0000004770756163
0.3914761793826442,-0.0000128745996335,0.0000033376220472
0.3915761987963503,-0.0000166893005371,-0.0000004770756163
0.3916762182100563,-0.0000090599060059,-0.0000004770756163
0.3917762376237624,-0.0000052452091950,-0.0000004770756163
0.3918762570374685,-0.0000014305120430,-0.0000004770756163
0.3919762764511746,-0.0000052452091950,-0.0000004768372150
0.3920762958648806,-0.0000052452091950,-0.0000004770756163
0.3921763152785868,-0.0000052452091950,-0.0000004770756163
0.3922763346922928,-0.0000052452091950,-0.0000004770756163
0.3923763541059989,-0.0000014305120430,0.0000033376220472
0.3924763735197050,-0.0000052452091950,-0.0000004770756163
0.3925763929334111,-0.0000052452091950,-0.0000042917731662
0.3926764123471171,-0.0000052452091950,0.0000033376220472
0.3927764317608232,-0.0000014305120430,-0.0000004770756163
0.3928764511745293,-0.0000052452091950,-0.0000004770756163
0.3929764705882354,-0.0000052452091950,-0.0000004770756163
0.3930764900019414,-0.0000052452091950,-0.0000004770756163
0.3931765094156475,-0.0000128745996335,-0.0000004770756163
0.3932765288293536,-0.0000090599060059,-0.0000042917731662
0.3933765482430596,-0.0000052452091950,-0.0000042917731662
0.3934765676567657,-0.0000052452091950,-0.0000042915339691
0.3935765870704718,-0.0000052452091950,-0.0000004768372150
0.3936766064841779,-0.0000052452091950,-0.0000004770756163
0.3937766258978839,-0.0000052452091950,-0.0000004770756163
0.3938766453115901,-0.0000014305120430,-0.0000004770756163
0.3939766647252961,-0.0000052452091950,-0.0000004770756163
0.3940766841390022,-0.0000014305120430,-0.0000004770756163
0.3941767035527083,0.0000023841860184,-0.0000004770756163
0.3942767229664144,-0.0000090599060059,-0.0000004770756163
0.3943767423801204,-0.0000052452091950,-0.0000004770756163
0.3944767617938265,0.0000023841860184,-0.0000004768372150
0.3945767812075326,-0.0000014305120430,-0.0000004768372150
0.3946768006212387,-0.0000052452091950,0.0000033376220472
0.3947768200349447,-0.0000052452091950,-0.0000042917731662
0.3948768394486508,-0.0000166893005371,-0.0000004770756163
0.3949768588623569,-0.0000090599060059,-0.0000004770756163
0.3950768782760630,-0.0000052452091950,-0.0000004770756163
0.3951768976897690,-0.0000014305120430,-0.0000004770756163
0.3952769171034751,-0.0000014305120430,-0.0000004770756163
0.3953769365171812,-0.0000014305120430,-0.0000004770756163
0.3954769559308872,-0.0000014305120430,-0.0000004770756163
0.3955769753445934,-0.0000014305120430,-0.0000004770756163
0.3956769947582994,-0.0000014305120430,-0.0000004768372150
0.3957770141720054,-0.0000052452091950,0.0000033376220472
0.3958770335857116,-0.0000014305120430,-0.0000042915339691
0.3959770529994177,0.0000023841860184,-0.0000042915339691
0.3960770724131237,-0.0000014305120430,0.0000033376220472
0.3961770918268298,0.0000023841860184,-0.0000004770756163
0.3962771112405359,-0.0000014305120430,-0.0000004768372150
0.3963771306542420,-0.0000128745996335,-0.0000042917731662
0.3964771500679480,-0.0000014305120430,-0.0000004770756163
0.3965771694816541,-0.0000090599060059,-0.0000042917731662
0.3966771888953602,-0.0000052452091950,-0.0000004770756163
0.3967772083090663,0.0000023841860184,0.0000033376220472
0.3968772277227723,-0.0000014305120430,-0.0000004770756163
0.3969772471364784,-0.0000014305120430,-0.0000042915339691
0.3970772665501845,-0.0000014305120430,-0.0000004768372150
0.3971772859638905,0.0000023841860184,-0.0000004768372150
0.3972773053775966,-0.0000014305120430,0.0000033378601074
0.3973773247913027,-0.0000014305120430,-0.0000004768372150
0.3974773442050088,-0.0000014305120430,-0.0000042915339691
0.3975773636187149,0.0000023841860184,0.0000033376220472
0.3976773830324210,-0.0000014305120430,-0.0000004768372150
0.3977774024461270,-0.0000014305120430,0.0000071523190854
0.3978774218598331,-0.0000014305120430,-0.0000042915339691
0.3979774412735392,-0.0000052452091950,-0.0000004768372150
0.3980774606872453,-0.0000090599060059,-0.0000004770756163
0.3981774801009513,-0.0000014305120430,-0.0000042915339691
0.3982774995146574,-0.0000052452091950,-0.0000004770756163
0.3983775189283635,-0.0000052452091950,-0.0000042915339691
0.3984775383420696,-0.0000014305120430,-0.0000004768372150
0.3985775577557756,-0.0000014305120430,0.0000033376220472
0.3986775771694817,-0.0000014305120430,-0.0000004768372150
0.3987775965831878,0.0000023841860184,-0.0000004768372150
0.3988776159968939,-0.0000014305120430,0.0000033378601074
0.3989776354105999,0.0000023841860184,-0.0000004768372150
0.3990776548243060,-0.0000014305120430,-0.0000042915339691
0.3991776742380121,0.0000023841860184,-0.0000042915339691
0.3992776936517182,0.0000023841860184,-0.0000004768372150
0.3993777130654242,0.0000023841860184,0.0000033378601074
0.3994777324791303,0.0000023841860184,0.0000033378601074
0.3995777518928364,0.0000061988839661,-0.0000042915339691
0.3996777713065425,-0.0000052452091950,-0.0000004770756163
0.3997777907202485,-0.0000014305120430,-0.0000004768372150
0.3998778101339547,-0.0000052452091950,-0.0000004770756163
0.3999778295476607,0.0000023841860184,-0.0000042915339691
0.4000778489613668,0.0000023841860184,-0.0000042915339691
0.4001778683750729,0.0000023841860184,0.0000033378601074
0.4002778877887789,0.0000023841860184,0.0000033378601074
0.4003779072024850,0.0000023841860184,-0.0000042915339691
0.4004779266161911,0.0000023841860184,0.0000033378601074
0.4005779460298972,0.0000023841860184,-0.0000004768372150
0.4006779654436032,-0.0000014305120430,-0.0000004768372150
0.4007779848573093,-0.0000014305120430,-0.0000004768372150
0.4008780042710154,-0.0000014305120430,0.0000033378601074
0.4009780236847215,0.0000023841860184,-0.0000004768372150
0.4010780430984275,-0.0000014305120430,-0.0000004768372150
0.4011780625121336,-0.0000014305120430,-0.0000004768372150
0.4012780819258397,0.0000061988839661,-0.0000004768372150
0.4013781013395458,-0.0000014305120430,-0.0000004768372150
0.4014781207532518,-0.0000052452091950,0.0000033376220472
0.4015781401669580,-0.0000090599060059,-0.0000042917731662
0.4016781595806640,-0.0000052452091950,-0.0000004770756163
0.4017781789943701,0.0000023841860184,0.0000033378601074
0.4018781984080761,-0.0000014305120430,0.0000033378601074
0.4019782178217822,-0.0000014305120430,-0.0000042915339691
0.4020782372354883,0.0000061988839661,0.0000033378601074
0.4021782566491944,-0.0000014305120430,0.0000033378601074
0.4022782760629005,0.0000023841860184,-0.0000004768372150
0.4023782954766065,-0.0000014305120430,-0.0000004768372150
0.4024783148903126,0.0000023841860184,-0.0000004768372150
0.4025783343040187,-0.0000014305120430,-0.0000004768372150
0.4026783537177248,-0.0000014305120430,-0.0000004768372150
0.4027783731314308,0.0000023841860184,0.0000033378601074
0.4028783925451369,-0.0000014305120430,-0.0000042915339691
0.4029784119588430,-0.0000014305120430,-0.0000004768372150
0.4030784313725491,-0.0000052452091950,-0.0000004770756163
0.4031784507862551,-0.0000166893005371,-0.0000004770756163
0.4032784701999613,-0.0000052452091950,-0.0000004770756163
0.4033784896136673,-0.0000014305120430,0.0000033376220472
0.4034785090273734,-0.0000052452091950,0.0000033378601074
0.4035785284410794,-0.0000014305120430,0.0000033378601074
0.4036785478547856,0.0000023841860184,-0.0000042915339691
0.4037785672684916,0.0000023841860184,0.0000033378601074
0.4038785866821977,-0.0000014305120430,0.0000033378601074
0.4039786060959038,-0.0000052452091950,-0.0000004768372150
0.4040786255096098,0.0000023841860184,-0.0000004768372150
0.4041786449233159,-0.0000052452091950,0.0000033378601074
0.4042786643370220,-0.0000052452091950,0.0000033378601074
0.4043786837507281,-0.0000052452091950,-0.0000004768372150
0.4044787031644341,-0.0000014305120430,-0.0000004768372150
0.4045787225781402,-0.0000052452091950,-0.0000042915339691
0.4046787419918463,-0.0000052452091950,-0.0000004770756163
0.4047787614055524,-0.0000052452091950,-0.0000042915339691
0.4048787808192584,-0.0000128745996335,-0.0000042917731662
0.4049788002329646,-0.0000052452091950,-0.0000004768372150
0.4050788196466706,-0.0000014305120430,0.0000033378601074
0.4051788390603767,-0.0000052452091950,-0.0000004768372150
0.4052788584740828,-0.0000014305120430,-0.0000042915339691
0.4053788778877889,-0.0000052452091950,-0.0000004768372150
0.4054788973014949,-0.0000014305120430,-0.0000042915339691
0.4055789167152010,-0.0000014305120430,-0.0000004768372150
0.4056789361289071,-0.0000052452091950,-0.0000004770756163
0.4057789555426131,-0.0000014305120430,-0.0000004768372150
0.4058789749563192,-0.0000014305120430,-0.0000004768372150
0.4059789943700253,-0.0000052452091950,-0.0000004768372150
0.4060790137837314,-0.0000014305120430,0.0000033376220472
0.4061790331974374,-0.0000052452091950,0.0000033376220472
0.4062790526111436,-0.0000014305120430,-0.0000004768372150
0.4063790720248496,-0.0000166893005371,0.0000033376220472
0.4064790914385557,-0.0000090599060059,-0.0000004770756163
0.4065791108522617,-0.0000090599060059,-0.0000004770756163
0.4066791302659679,-0.0000090599060059,0.0000033376220472
0.4067791496796739,-0.0000052452091950,0.0000033376220472
0.4068791690933800,-0.0000014305120430,-0.0000004770756163
0.4069791885070861,-0.0000090599060059,0.0000033376220472
0.4070792079207922,-0.0000052452091950,0.0000033376220472
0.4071792273344982,-0.0000014305120430,0.0000033376220472
0.4072792467482043,-0.0000052452091950,0.0000033376220472
0.4073792661619104,-0.0000052452091950,-0.0000004770756163
0.4074792855756164,-0.0000052452091950,-0.0000004768372150
0.4075793049893225,-0.0000090599060059,0.0000033376220472
0.4076793244030286,-0.0000090599060059,-0.0000004770756163
0.4077793438167347,-0.0000090599060059,0.0000033376220472
0.4078793632304407,-0.0000052452091950,-0.0000042915339691
0.4079793826441468,-0.0000052452091950,-0.0000042915339691
0.4080794020578529,-0.0000166893005371,-0.0000004770756163
0.4081794214715589,-0.0000052452091950,-0.0000004770756163
0.4082794408852650,-0.0000166893005371,-0.0000004770756163
0.4083794602989712,-0.0000052452091950,0.0000071523190854
0.4084794797126772,-0.0000090599060059,0.0000033376220472
0.4085794991263832,-0.0000014305120430,0.0000033376220472
0.4086795185400894,-0.0000052452091950,-0.0000004770756163
0.4087795379537955,-0.0000052452091950,-0.0000042915339691
0.4088795573675015,-0.0000052452091950,-0.0000004770756163
0.4089795767812076,-0.0000014305120430,-0.0000004770756163
0.4090795961949137,-0.0000052452091950,-0.0000004770756163
0.4091796156086198,-0.0000052452091950,-0.0000004770756163
0.4092796350223258,-0.0000014305120430,-0.0000042915339691
0.4093796544360319,-0.0000052452091950,-0.0000004770756163
0.4094796738497380,-0.0000014305120430,-0.0000004770756163
0.4095796932634440,-0.0000090599060059,-0.0000042917731662
0.4096797126771501,-0.0000166893005371,-0.0000004770756163
0.4097797320908562,-0.0000128745996335,-0.0000004770756163
0.4098797515045623,-0.0000090599060059,-0.0000004770756163
0.4099797709182683,-0.0000014305120430,-0.0000004770756163
0.4100797903319744,-0.0000090599060059,-0.0000004770756163
0.4101798097456805,-0.0000052452091950,-0.0000042917731662
0.4102798291593865,-0.0000052452091950,-0.0000004770756163
0.4103798485730927,-0.0000052452091950,-0.0000004770756163
0.4104798679867988,-0.0000052452091950,0.0000033376220472
0.4105798874005048,-0.0000052452091950,-0.0000004770756163
0.4106799068142109,-0.0000052452091950,-0.0000042915339691
0.4107799262279170,-0.0000052452091950,-0.0000004770756163
0.4108799456416231,-0.0000090599060059,-0.0000004770756163
0.4109799650553291,-0.0000090599060059,-0.0000004770756163
0.4110799844690352,-0.0000052452091950,-0.0000004770756163
0.4111800038827413,-0.0000052452091950,0.0000033376220472
0.4112800232964473,-0.0000052452091950,-0.0000004770756163
0.4113800427101534,-0.0000014305120430,-0.0000004770756163
0.4114800621238595,-0.0000090599060059,0.0000033376220472
0.4115800815375656,-0.0000166893005371,0.0000033376220472
0.4116801009512717,-0.0000128745996335,-0.0000004770756163
0.4117801203649777,-0.0000090599060059,0.0000033376220472
0.4118801397786838,-0.0000052452091950,-0.0000004770756163
0.4119801591923898,-0.0000052452091950,-0.0000004770756163
0.4120801786060960,-0.0000090599060059,-0.0000004770756163
0.4121801980198020,-0.0000090599060059,-0.0000004770756163
0.4122802174335081,-0.0000014305120430,-0.0000004770756163
0.4123802368472142,-0.0000014305120430,-0.0000004770756163
0.4124802562609203,-0.0000090599060059,-0.0000004770756163
0.4125802756746264,-0.0000052452091950,-0.0000042917731662
0.4126802950883324,-0.0000014305120430,-0.0000004770756163
0.4127803145020385,-0.0000052452091950,-0.0000004770756163
0.4128803339157446,-0.0000014305120430,-0.0000004770756163
0.4129803533294507,0.0000023841860184,-0.0000004770756163
0.4130803727431567,-0.0000090599060059,0.0000033376220472
0.4131803921568628,-0.0000205039996217,0.0000033376220472
0.4132804115705689,-0.0000052452091950,0.0000033376220472
0.4133804309842750,-0.0000052452091950,-0.0000004770756163
0.4134804503979810,0.0000023841860184,-0.0000004770756163
0.4135804698116871,-0.0000014305120430,-0.0000004770756163
0.4136804892253931,-0.0000052452091950,-0.0000004770756163
0.4137805086390993,-0.0000014305120430,-0.0000004770756163
0.4138805280528053,-0.0000052452091950,-0.0000004770756163
0.4139805474665114,-0.0000052452091950,-0.0000004770756163
0.4140805668802175,-0.0000052452091950,-0.0000042915339691
0.4141805862939236,-0.0000052452091950,-0.0000004770756163
0.4142806057076296,-0.0000014305120430,-0.0000004770756163
0.4143806251213357,-0.0000014305120430,-0.0000004770756163
0.4144806445350418,-0.0000052452091950,-0.0000004770756163
0.4145806639487479,-0.0000014305120430,-0.0000004770756163
0.4146806833624540,-0.0000014305120430,0.0000033376220472
0.4147807027761600,-0.0000090599060059,-0.0000004770756163
0.4148807221898661,-0.0000166893005371,-0.0000004770756163
0.4149807416035722,-0.0000090599060059,-0.0000004770756163
0.4150807610172783,-0.0000014305120430,-0.0000042917731662
0.4151807804309843,-0.0000014305120430,-0.0000004770756163
0.4152807998446904,-0.0000014305120430,-0.0000004770756163
0.4153808192583965,-0.0000052452091950,-0.0000004770756163
0.4154808386721026,-0.0000014305120430,-0.0000004770756163
0.4155808580858086,-0.0000014305120430,0.0000033376220472
0.4156808774995147,-0.0000052452091950,-0.0000004770756163
0.4157808969132208,-0.0000052452091950,-0.0000004768372150
0.4158809163269269,-0.0000014305120430,-0.0000004770756163
0.4159809357406329,-0.0000052452091950,-0.0000004770756163
0.4160809551543391,-0.0000052452091950,-0.0000042915339691
0.4161809745680451,-0.0000052452091950,-0.0000004770756163
0.4162809939817512,-0.0000052452091950,0.0000033376220472
0.4163810133954573,-0.0000166893005371,0.0000033376220472
0.4164810328091633,-0.0000052452091950,-0.0000004770756163
0.4165810522228694,-0.0000128745996335,-0.0000004770756163
0.4166810716365755,-0.0000014305120430,-0.0000004770756163
0.4167810910502815,-0.0000014305120430,-0.0000004770756163
0.4168811104639876,-0.0000052452091950,-0.0000004768372150
0.4169811298776937,-0.0000052452091950,-0.0000042915339691
0.4170811492913998,-0.0000052452091950,-0.0000004770756163
0.4171811687051059,0.0000023841860184,-0.0000004770756163
0.4172811881188119,-0.0000014305120430,0.0000033376220472
0.4173812075325180,-0.0000014305120430,-0.0000004770756163
0.4174812269462241,-0.0000014305120430,-0.0000004768372150
0.4175812463599302,-0.0000014305120430,-0.0000004770756163
0.4176812657736362,-0.0000014305120430,0.0000033376220472
0.4177812851873424,-0.0000014305120430,-0.0000042915339691
0.4178813046010484,-0.0000014305120430,0.0000033376220472
0.4179813240147545,-0.0000052452091950,0.0000033376220472
0.4180813434284606,-0.0000128745996335,-0.0000004770756163
0.4181813628421666,-0.0000052452091950,-0.0000004770756163
0.4182813822558727,-0.0000090599060059,0.0000033376220472
0.4183814016695788,0.0000023841860184,-0.0000042915339691
0.4184814210832849,-0.0000052452091950,-0.0000004770756163
0.4185814404969909,-0.0000052452091950,-0.0000004768372150
0.4186814599106970,-0.0000014305120430,-0.0000004768372150
0.4187814793244031,-0.0000014305120430,0.0000033376220472
0.4188814987381091,-0.0000014305120430,-0.0000004768372150
0.4189815181518152,-0.0000014305120430,0.0000033376220472
0.4190815375655214,0.0000023841860184,-0.0000004768372150
0.4191815569792274,-0.0000014305120430,-0.0000004768372150
0.4192815763929335,0.0000023841860184,-0.0000004768372150
0.4193815958066395,0.0000023841860184,0.0000033378601074
0.4194816152203457,-0.0000014305120430,0.0000033378601074
0.4195816346340517,0.0000023841860184,0.0000033378601074
0.4196816540477578,-0.0000052452091950,-0.0000004770756163
0.4197816734614639,-0.0000014305120430,-0.0000004768372150
0.4198816928751699,-0.0000052452091950,0.0000033376220472
0.4199817122888760,-0.0000014305120430,-0.0000004768372150
0.4200817317025821,-0.0000014305120430,-0.0000004768372150
0.4201817511162882,-0.0000014305120430,0.0000033378601074
0.4202817705299942,-0.0000014305120430,-0.0000004768372150
0.4203817899437003,-0.0000014305120430,0.0000033378601074
0.4204818093574064,-0.0000014305120430,-0.0000004768372150
0.4205818287711124,-0.0000014305120430,0.0000033378601074
0.4206818481848185,-0.0000014305120430,-0.0000004768372150
0.4207818675985247,-0.0000014305120430,-0.0000004768372150
0.4208818870122307,0.0000023841860184,-0.0000004768372150
0.4209819064259367,-0.0000014305120430,0.0000033378601074
0.4210819258396428,-0.0000014305120430,-0.0000042915339691
0.4211819452533490,-0.0000052452091950,-0.0000042915339691
0.4212819646670550,0.0000023841860184,-0.0000042915339691
0.4213819840807611,0.0000023841860184,-0.0000042915339691
0.4214820034944672,-0.0000090599060059,-0.0000004770756163
0.4215820229081733,-0.0000205039996217,-0.0000004770756163
0.4216820423218793,-0.0000052452091950,-0.0000004770756163
0.4217820617355854,0.0000023841860184,-0.0000004768372150
0.4218820811492915,-0.0000014305120430,-0.0000042915339691
0.4219821005629975,-0.0000014305120430,-0.0000042915339691
0.4220821199767036,-0.0000052452091950,-0.0000004768372150
0.4221821393904097,-0.0000014305120430,-0.0000004768372150
0.4222821588041157,-0.0000014305120430,-0.0000004768372150
0.4223821782178218,-0.0000014305120430,-0.0000004768372150
0.4224821976315279,0.0000023841860184,-0.0000004768372150
0.4225822170452340,-0.0000014305120430,-0.0000004768372150
0.4226822364589400,-0.0000014305120430,-0.0000004768372150
0.4227822558726462,-0.0000014305120430,-0.0000004768372150
0.4228822752863522,0.0000023841860184,-0.0000004768372150
0.4229822947000583,-0.0000052452091950,-0.0000004770756163
0.4230823141137643,-0.0000052452091950,-0.0000004770756163
0.4231823335274705,-0.0000128745996335,-0.0000004770756163
0.4232823529411766,-0.0000052452091950,-0.0000004770756163
0.4233823723548826,-0.0000052452091950,0.0000033376220472
0.4234823917685887,-0.0000052452091950,-0.0000042915339691
0.4235824111822948,-0.0000014305120430,0.0000033378601074
0.4236824305960008,0.0000023841860184,-0.0000004768372150
0.4237824500097069,-0.0000014305120430,-0.0000004768372150
0.4238824694234130,-0.0000014305120430,0.0000033376220472
0.4239824888371191,0.0000023841860184,-0.0000004768372150
0.4240825082508251,-0.0000014305120430,-0.0000042915339691
0.4241825276645312,-0.0000014305120430,-0.0000004768372150
0.4242825470782373,-0.0000052452091950,-0.0000004768372150
0.4243825664919433,-0.0000014305120430,-0.0000004768372150
0.4244825859056495,-0.0000052452091950,-0.0000004768372150
0.4245826053193555,-0.0000014305120430,-0.0000004768372150
0.4246826247330616,-0.0000052452091950,-0.0000004768372150
0.4247826441467676,-0.0000014305120430,-0.0000004770756163
0.4248826635604738,-0.0000166893005371,-0.0000004770756163
0.4249826829741798,-0.0000052452091950,-0.0000004770756163
0.4250827023878859,-0.0000052452091950,0.0000033376220472
0.4251827218015920,-0.0000014305120430,-0.0000042915339691
0.4252827412152981,-0.0000014305120430,-0.0000004768372150
0.4253827606290041,-0.0000090599060059,-0.0000042915339691
0.4254827800427102,-0.0000014305120430,0.0000033376220472
0.4255827994564163,-0.0000052452091950,-0.0000042915339691
0.4256828188701224,-0.0000014305120430,-0.0000004768372150
0.4257828382838284,-0.0000014305120430,-0.0000004768372150
0.4258828576975345,-0.0000014305120430,-0.0000042915339691
0.4259828771112406,-0.0000014305120430,0.0000033376220472
0.4260828965249466,-0.0000014305120430,-0.0000004768372150
0.4261829159386528,-0.0000052452091950,-0.0000004770756163
0.4262829353523588,-0.0000014305120430,-0.0000004768372150
0.4263829547660649,-0.0000128745996335,-0.0000042917731662
0.4264829741797710,-0.0000090599060059,-0.0000004770756163
0.4265829935934771,-0.0000128745996335,-0.0000004770756163
0.4266830130071831,-0.0000090599060059,-0.0000004770756163
0.4267830324208892,-0.0000052452091950,-0.0000004768372150
0.4268830518345953,-0.0000014305120430,-0.0000042915339691
0.4269830712483014,-0.0000052452091950,-0.0000042915339691
0.4270830906620074,-0.0000014305120430,-0.0000042915339691
0.4271831100757135,-0.0000052452091950,-0.0000004770756163
0.4272831294894196,-0.0000014305120430,-0.0000042915339691
0.4273831489031257,-0.0000052452091950,0.0000033376220472
0.4274831683168317,-0.0000052452091950,-0.0000004770756163
0.4275831877305378,-0.0000052452091950,0.0000033376220472
0.4276832071442439,-0.0000090599060059,-0.0000004770756163
0.4277832265579500,-0.0000090599060059,-0.0000004770756163
0.4278832459716561,-0.0000014305120430,-0.0000004770756163
0.4279832653853621,-0.0000052452091950,-0.0000042915339691
0.4280832847990682,-0.0000166893005371,-0.0000042917731662
0.4281833042127743,-0.0000052452091950,-0.0000004770756163
0.4282833236264804,-0.0000090599060059,-0.0000042917731662
0.4283833430401864,-0.0000052452091950,-0.0000004770756163
0.4284833624538925,-0.0000014305120430,-0.0000004770756163
0.4285833818675986,-0.0000014305120430,0.0000033376220472
0.4286834012813047,-0.0000052452091950,0.0000033376220472
0.4287834206950107,-0.0000014305120430,-0.0000042915339691
0.4288834401087168,-0.0000052452091950,-0.0000004770756163
0.4289834595224229,-0.0000052452091950,-0.0000042915339691
0.4290834789361290,-0.0000014305120430,-0.0000042915339691
0.4291834983498350,-0.0000014305120430,-0.0000004770756163
0.4292835177635411,-0.0000052452091950,-0.0000042917731662
0.4293835371772472,-0.0000052452091950,0.0000033376220472
0.4294835565909533,-0.0000052452091950,-0.0000042915339691
0.4295835760046594,-0.0000052452091950,-0.0000004768372150
0.4296835954183654,-0.0000166893005371,0.0000033376220472
0.4297836148320715,-0.0000090599060059,-0.0000042917731662
0.4298836342457776,-0.0000090599060059,-0.0000004770756163
0.4299836536594837,-0.0000052452091950,-0.0000004770756163
0.4300836730731897,-0.0000052452091950,0.0000033376220472
0.4301836924868959,-0.0000052452091950,0.0000033376220472
0.4302837119006019,-0.0000052452091950,-0.0000004770756163
0.4303837313143080,-0.0000014305120430,-0.0000004770756163
0.4304837507280140,-0.0000052452091950,-0.0000004770756163
0.4305837701417201,-0.0000052452091950,-0.0000004770756163
0.4306837895554262,-0.0000052452091950,0.0000033376220472
0.4307838089691323,-0.0000052452091950,-0.0000004770756163
0.4308838283828384,-0.0000052452091950,-0.0000042915339691
0.4309838477965444,-0.0000052452091950,0.0000033376220472
0.4310838672102505,-0.0000052452091950,0.0000033376220472
0.4311838866239566,-0.0000052452091950,-0.0000042915339691
0.4312839060376626,-0.0000090599060059,-0.0000004770756163
0.4313839254513687,-0.0000052452091950,-0.0000004770756163
0.4314839448650748,-0.0000090599060059,-0.0000004770756163
0.4315839642787809,-0.0000205039996217,-0.0000004770756163
0.4316839836924870,-0.0000128745996335,0.0000033376220472
0.4317840031061930,-0.0000090599060059,-0.0000042917731662
0.4318840225198992,-0.0000052452091950,-0.0000004770756163
0.4319840419336052,-0.0000014305120430,-0.0000042915339691
0.4320840613473113,-0.0000052452091950,-0.0000004770756163
0.4321840807610173,-0.0000052452091950,-0.0000042917731662
0.4322841001747234,-0.0000052452091950,-0.0000004770756163
0.4323841195884295,-0.0000052452091950,-0.0000004770756163
0.4324841390021356,-0.0000052452091950,-0.0000004770756163
0.4325841584158417,-0.0000014305120430,-0.0000004770756163
0.4326841778295477,-0.0000052452091950,-0.0000004770756163
0.4327841972432538,-0.0000052452091950,-0.0000042915339691
0.4328842166569599,-0.0000052452091950,-0.0000042917731662
0.4329842360706659,-0.0000052452091950,-0.0000004770756163
0.4330842554843720,-0.0000128745996335,-0.0000042917731662
0.4331842748980781,-0.0000128745996335,-0.0000042917731662
0.4332842943117842,-0.0000128745996335,-0.0000004770756163
0.4333843137254902,-0.0000090599060059,-0.0000081062316895
0.4334843331391963,-0.0000052452091950,-0.0000004768372150
0.4335843525529025,-0.0000052452091950,-0.0000081062316895
0.4336843719666085,-0.0000052452091950,-0.0000042915339691
0.4337843913803145,-0.0000052452091950,-0.0000042915339691
0.4338844107940206,-0.0000052452091950,0.0000033376220472
0.4339844302077267,-0.0000090599060059,-0.0000004770756163
0.4340844496214328,-0.0000052452091950,-0.0000004770756163
0.4341844690351389,-0.0000052452091950,-0.0000004770756163
0.4342844884488450,-0.0000052452091950,-0.0000004770756163
0.4343845078625510,-0.0000052452091950,-0.0000004770756163
0.4344845272762571,-0.0000052452091950,-0.0000004770756163
0.4345845466899632,-0.0000052452091950,-0.0000081062316895
0.4346845661036692,-0.0000052452091950,-0.0000004770756163
0.4347845855173753,-0.0000128745996335,-0.0000042917731662
0.4348846049310814,-0.0000205039996217,-0.0000042917731662
0.4349846243447875,-0.0000090599060059,-0.0000004770756163
0.4350846437584935,-0.0000090599060059,-0.0000042917731662
0.4351846631721996,-0.0000014305120430,-0.0000004770756163
0.4352846825859057,-0.0000052452091950,-0.0000004770756163
0.4353847019996118,-0.0000052452091950,-0.0000004770756163
0.4354847214133178,-0.0000052452091950,0.0000033376220472
0.4355847408270240,-0.0000052452091950,-0.0000004770756163
0.4356847602407301,-0.0000052452091950,-0.0000042915339691
0.4357847796544361,-0.0000052452091950,-0.0000004768372150
0.4358847990681421,-0.0000052452091950,0.0000033376220472
0.4359848184818483,-0.0000014305120430,-0.0000004768372150
0.4360848378955543,0.0000023841860184,-0.0000004770756163
0.4361848573092604,-0.0000014305120430,-0.0000004770756163
0.4362848767229665,-0.0000052452091950,-0.0000004770756163
0.4363848961366726,-0.0000166893005371,-0.0000042917731662
0.4364849155503786,-0.0000090599060059,-0.0000042917731662
0.4365849349640847,-0.0000090599060059,-0.0000004770756163
0.4366849543777908,-0.0000052452091950,-0.0000042917731662
0.4367849737914968,-0.0000014305120430,-0.0000042915339691
0.4368849932052029,-0.0000014305120430,-0.0000004770756163
0.4369850126189090,-0.0000052452091950,-0.0000042915339691
0.4370850320326151,-0.0000052452091950,-0.0000042915339691
0.4371850514463211,-0.0000052452091950,-0.0000004768372150
0.4372850708600273,-0.0000014305120430,0.0000033376220472
0.4373850902737333,0.0000023841860184,0.0000033376220472
0.4374851096874394,-0.0000014305120430,-0.0000004770756163
0.4375851291011454,-0.0000090599060059,0.0000033376220472
0.4376851485148516,-0.0000052452091950,-0.0000042915339691
0.4377851679285576,-0.0000014305120430,-0.0000042915339691
0.4378851873422637,-0.0000014305120430,-0.0000042915339691
0.4379852067559698,-0.0000014305120430,-0.0000042915339691
0.4380852261696759,-0.0000128745996335,-0.0000042917731662
0.4381852455833819,-0.0000014305120430,-0.0000042915339691
0.4382852649970880,-0.0000128745996335,-0.0000042917731662
0.4383852844107941,-0.0000052452091950,-0.0000004770756163
0.4384853038245001,-0.0000052452091950,-0.0000042915339691
0.4385853232382062,-0.0000052452091950,-0.0000004770756163
0.4386853426519123,-0.0000014305120430,-0.0000004770756163
0.4387853620656184,-0.0000014305120430,0.0000033376220472
0.4388853814793244,-0.0000014305120430,-0.0000004768372150
0.4389854008930306,0.0000061988839661,-0.0000004768372150
0.4390854203067366,-0.0000052452091950,-0.0000004768372150
0.4391854397204427,0.0000023841860184,-0.0000042915339691
0.4392854591341488,-0.0000014305120430,-0.0000004768372150
0.4393854785478549,-0.0000014305120430,-0.0000042915339691
0.4394854979615609,-0.0000014305120430,-0.0000004768372150
0.4395855173752670,-0.0000052452091950,0.0000033376220472
0.4396855367889731,-0.0000014305120430,-0.0000004770756163
0.4397855562026792,-0.0000014305120430,-0.0000004770756163
0.4398855756163852,-0.0000090599060059,-0.0000004770756163
0.4399855950300913,-0.0000014305120430,-0.0000042915339691
0.4400856144437974,-0.0000052452091950,0.0000033378601074
0.4401856338575034,0.0000023841860184,-0.0000004768372150
0.4402856532712095,0.0000023841860184,0.0000033378601074
0.4403856726849156,0.0000023841860184,-0.0000004768372150
0.4404856920986217,-0.0000014305120430,0.0000033378601074
0.4405857115123277,-0.0000014305120430,-0.0000042915339691
0.4406857309260339,-0.0000014305120430,0.0000033378601074
0.4407857503397399,-0.0000014305120430,0.0000033378601074
0.4408857697534460,0.0000023841860184,0.0000033378601074
0.4409857891671521,-0.0000052452091950,0.0000033378601074
0.4410858085808582,-0.0000014305120430,0.0000033378601074
0.4411858279945642,-0.0000014305120430,-0.0000042915339691
0.4412858474082703,-0.0000014305120430,-0.0000042915339691
0.4413858668219764,-0.0000014305120430,-0.0000004768372150
0.4414858862356825,-0.0000090599060059,-0.0000004770756163
0.4415859056493885,-0.0000128745996335,-0.0000004770756163
0.4416859250630946,-0.0000090599060059,-0.0000042917731662
0.4417859444768007,-0.0000014305120430,-0.0000004768372150
0.4418859638905068,0.0000023841860184,0.0000033378601074
0.4419859833042128,0.0000061988839661,-0.0000004768372150
0.4420860027179189,-0.0000014305120430,-0.0000004768372150
0.4421860221316250,-0.0000014305120430,0.0000033378601074
0.4422860415453310,-0.0000014305120430,0.0000033378601074
0.4423860609590372,-0.0000014305120430,-0.0000004768372150
0.4424860803727432,0.0000023841860184,-0.0000042915339691
0.4425860997864493,-0.0000014305120430,-0.0000004768372150
0.4426861192001554,-0.0000014305120430,-0.0000004768372150
0.4427861386138615,-0.0000014305120430,-0.0000081062316895
0.4428861580275675,-0.0000014305120430,-0.0000004768372150
0.4429861774412736,-0.0000052452091950,-0.0000004768372150
0.4430861968549797,-0.0000052452091950,-0.0000004770756163
0.4431862162686858,-0.0000205039996217,-0.0000004770756163
0.4432862356823918,-0.0000052452091950,-0.0000004770756163
0.4433862550960979,-0.0000014305120430,-0.0000004768372150
0.4434862745098040,-0.0000052452091950,-0.0000004768372150
0.4435862939235101,-0.0000052452091950,0.0000033378601074
0.4436863133372161,0.0000023841860184,-0.0000004768372150
0.4437863327509222,-0.0000014305120430,-0.0000004768372150
0.4438863521646283,-0.0000014305120430,-0.0000004768372150
0.4439863715783343,-0.0000014305120430,-0.0000004768372150
0.4440863909920404,-0.0000014305120430,-0.0000004768372150
0.4441864104057465,-0.0000052452091950,0.0000033378601074
0.4442864298194526,-0.0000014305120430,-0.0000004768372150
0.4443864492331587,-0.0000014305120430,0.0000033376220472
0.4444864686468648,-0.0000014305120430,0.0000033378601074
0.4445864880605708,-0.0000052452091950,-0.0000004768372150
0.4446865074742769,-0.0000052452091950,0.0000033376220472
0.4447865268879830,-0.0000090599060059,-0.0000004770756163
0.4448865463016891,-0.0000128745996335,-0.0000004770756163
0.4449865657153951,-0.0000052452091950,-0.0000004770756163
0.4450865851291012,-0.0000052452091950,-0.0000004768372150
0.4451866045428073,-0.0000014305120430,-0.0000004768372150
0.4452866239565134,-0.0000014305120430,-0.0000004768372150
0.4453866433702194,-0.0000052452091950,-0.0000004768372150
0.4454866627839255,-0.0000052452091950,-0.0000004768372150
0.4455866821976316,-0.0000014305120430,-0.0000004768372150
0.4456867016113377,-0.0000052452091950,-0.0000004768372150
0.4457867210250437,-0.0000014305120430,-0.0000042915339691
0.4458867404387498,-0.0000014305120430,-0.0000004768372150
0.4459867598524559,-0.0000014305120430,0.0000033378601074
0.4460867792661620,-0.0000014305120430,-0.0000004770756163
0.4461867986798680,-0.0000014305120430,-0.0000004768372150
0.4462868180935741,-0.0000014305120430,0.0000033376220472
0.4463868375072802,-0.0000128745996335,-0.0000004770756163
0.4464868569209863,-0.0000052452091950,-0.0000004770756163
0.4465868763346924,-0.0000090599060059,-0.0000004770756163
0.4466868957483985,-0.0000052452091950,-0.0000004770756163
0.4467869151621045,-0.0000052452091950,-0.0000004768372150
0.4468869345758106,-0.0000052452091950,0.0000033376220472
0.4469869539895167,-0.0000014305120430,-0.0000042915339691
0.4470869734032227,-0.0000052452091950,-0.0000004768372150
0.4471869928169288,-0.0000014305120430,-0.0000004770756163
0.4472870122306349,-0.0000014305120430,-0.0000004768372150
0.4473870316443410,-0.0000052452091950,-0.0000042915339691
0.4474870510580470,-0.0000014305120430,-0.0000042915339691
0.4475870704717531,-0.0000052452091950,0.0000033376220472
0.4476870898854592,-0.0000014305120430,-0.0000004770756163
0.4477871092991653,-0.0000052452091950,-0.0000004768372150
0.4478871287128713,-0.0000052452091950,-0.0000004768372150
0.4479871481265774,-0.0000014305120430,-0.0000004768372150
0.4480871675402835,-0.0000166893005371,-0.0000042917731662
0.4481871869539896,-0.0000090599060059,-0.0000042917731662
0.4482872063676956,-0.0000090599060059,-0.0000042917731662
0.4483872257814018,-0.0000014305120430,-0.0000004770756163
0.4484872451951078,-0.0000014305120430,0.0000033376220472
0.4485872646088139,-0.0000014305120430,-0.0000004770756163
0.4486872840225199,-0.0000052452091950,-0.0000004770756163
0.4487873034362260,0.0000023841860184,-0.0000042915339691
0.4488873228499321,-0.0000014305120430,-0.0000004770756163
0.4489873422636382,-0.0000014305120430,-0.0000004770756163
0.4490873616773443,-0.0000052452091950,-0.0000004770756163
0.4491873810910503,-0.0000052452091950,-0.0000004770756163
0.4492874005047564,-0.0000090599060059,-0.0000004770756163
0.4493874199184625,-0.0000014305120430,-0.0000042915339691
0.4494874393321686,-0.0000052452091950,-0.0000042915339691
0.4495874587458746,-0.0000014305120430,-0.0000004770756163
0.4496874781595807,-0.0000166893005371,-0.0000004770756163
0.4497874975732868,-0.0000014305120430,-0.0000042917731662
0.4498875169869929,-0.0000090599060059,-0.0000042917731662
0.4499875364006989,-0.0000090599060059,-0.0000004770756163
0.4500875558144051,-0.0000052452091950,0.0000033376220472
0.4501875752281111,-0.0000014305120430,-0.0000042917731662
0.4502875946418172,-0.0000090599060059,-0.0000004770756163
0.4503876140555233,-0.0000014305120430,-0.0000004770756163
0.4504876334692294,-0.0000014305120430,-0.0000004770756163
0.4505876528829354,-0.0000052452091950,0.0000033376220472
0.4506876722966415,-0.0000052452091950,-0.0000042915339691
0.4507876917103476,-0.0000014305120430,-0.0000004768372150
0.4508877111240536,-0.0000052452091950,-0.0000004770756163
0.4509877305377597,-0.0000052452091950,-0.0000004770756163
0.4510877499514658,-0.0000052452091950,-0.0000004770756163
0.4511877693651719,-0.0000052452091950,-0.0000004770756163
0.4512877887788779,-0.0000052452091950,0.0000033376220472
0.4513878081925840,-0.0000014305120430,-0.0000004770756163
0.4514878276062901,-0.0000090599060059,-0.0000042917731662
0.4515878470199962,-0.0000205039996217,-0.0000042917731662
0.4516878664337022,-0.0000090599060059,-0.0000004770756163
0.4517878858474084,-0.0000052452091950,-0.0000042917731662
0.4518879052611144,-0.0000014305120430,-0.0000004770756163
0.4519879246748205,-0.0000014305120430,-0.0000004770756163
0.4520879440885266,-0.0000052452091950,-0.0000004770756163
0.4521879635022327,-0.0000014305120430,-0.0000042917731662
0.4522879829159387,-0.0000052452091950,-0.0000004770756163
0.4523880023296448,-0.0000090599060059,-0.0000004770756163
0.4524880217433509,-0.0000014305120430,-0.0000004770756163
0.4525880411570569,-0.0000014305120430,-0.0000004770756163
0.4526880605707630,-0.0000090599060059,-0.0000004770756163
0.4527880799844691,-0.0000014305120430,-0.0000042915339691
0.4528880993981752,-0.0000052452091950,0.0000033376220472
0.4529881188118812,-0.0000052452091950,0.0000033376220472
0.4530881382255874,-0.0000128745996335,-0.0000004770756163
0.4531881576392934,-0.0000205039996217,-0.0000042917731662
0.4532881770529995,-0.0000090599060059,-0.0000004770756163
0.4533881964667055,-0.0000052452091950,-0.0000042917731662
0.4534882158804117,-0.0000052452091950,-0.0000004770756163
0.4535882352941177,-0.0000090599060059,-0.0000004770756163
0.4536882547078238,-0.0000014305120430,-0.0000004770756163
0.4537882741215299,-0.0000052452091950,0.0000033376220472
0.4538882935352360,-0.0000014305120430,-0.0000004770756163
0.4539883129489420,-0.0000014305120430,-0.0000004770756163
0.4540883323626481,-0.0000090599060059,-0.0000004770756163
0.4541883517763542,-0.0000052452091950,-0.0000004770756163
0.4542883711900603,-0.0000052452091950,-0.0000004770756163
0.4543883906037663,-0.0000052452091950,-0.0000004770756163
0.4544884100174724,-0.0000052452091950,-0.0000004770756163
0.4545884294311785,-0.0000090599060059,-0.0000004770756163
0.4546884488448845,-0.0000052452091950,-0.0000004770756163
0.4547884682585907,-0.0000090599060059,0.0000033376220472
0.4548884876722967,-0.0000205039996217,-0.0000004770756163
0.4549885070860027,-0.0000090599060059,-0.0000042917731662
0.4550885264997088,-0.0000052452091950,-0.0000004770756163
0.4551885459134150,-0.0000052452091950,-0.0000042917731662
0.4552885653271210,-0.0000052452091950,-0.0000042917731662
0.4553885847408271,-0.0000090599060059,-0.0000004770756163
0.4554886041545332,-0.0000052452091950,-0.0000004770756163
0.4555886235682393,-0.0000090599060059,-0.0000004770756163
0.4556886429819453,-0.0000052452091950,-0.0000004770756163
0.4557886623956514,-0.0000052452091950,-0.0000042917731662
0.4558886818093575,-0.0000052452091950,-0.0000042917731662
0.4559887012230636,-0.0000014305120430,-0.0000004770756163
0.4560887206367696,-0.0000052452091950,-0.0000004770756163
0.4561887400504757,-0.0000052452091950,-0.0000004770756163
0.4562887594641818,-0.0000014305120430,-0.0000004768372150
0.4563887788778878,-0.0000128745996335,-0.0000042917731662
0.4564887982915939,-0.0000052452091950,-0.0000004770756163
0.4565888177053000,-0.0000090599060059,-0.0000004770756163
0.4566888371190061,-0.0000014305120430,-0.0000004770756163
0.4567888565327122,-0.0000052452091950,-0.0000004770756163
0.4568888759464182,-0.0000014305120430,-0.0000004770756163
0.4569888953601243,-0.0000014305120430,0.0000033376220472
0.4570889147738303,-0.0000052452091950,-0.0000042915339691
0.4571889341875365,-0.0000014305120430,-0.0000042915339691
0.4572889536012426,-0.0000052452091950,-0.0000004770756163
0.4573889730149486,-0.0000052452091950,-0.0000004770756163
0.4574889924286547,0.0000023841860184,-0.0000042915339691
0.4575890118423608,-0.0000014305120430,-0.0000004770756163
0.4576890312560669,-0.0000014305120430,-0.0000042915339691
0.4577890506697729,-0.0000014305120430,-0.0000004770756163
0.4578890700834790,-0.0000052452091950,-0.0000042915339691
0.4579890894971851,-0.0000014305120430,-0.0000004770756163
0.4580891089108911,-0.0000090599060059,-0.0000081064708866
0.4581891283245972,-0.0000052452091950,0.0000033376220472
0.4582891477383033,-0.0000128745996335,-0.0000004770756163
0.4583891671520094,-0.0000090599060059,-0.0000042917731662
0.4584891865657155,0.0000023841860184,-0.0000042915339691
0.4585892059794215,-0.0000052452091950,0.0000033376220472
0.4586892253931276,-0.0000014305120430,-0.0000042915339691
0.4587892448068336,-0.0000052452091950,-0.0000042915339691
0.4588892642205398,-0.0000014305120430,-0.0000042915339691
0.4589892836342458,-0.0000014305120430,0.0000033376220472
0.4590893030479519,-0.0000014305120430,-0.0000004768372150
0.4591893224616580,0.0000023841860184,-0.0000004768372150
0.4592893418753641,0.0000023841860184,-0.0000004768372150
0.4593893612890702,-0.0000014305120430,-0.0000042915339691
0.4594893807027762,-0.0000014305120430,-0.0000004768372150
0.4595894001164823,0.0000023841860184,0.0000033378601074
0.4596894195301884,-0.0000090599060059,-0.0000004770756163
0.4597894389438945,-0.0000014305120430,-0.0000004768372150
0.4598894583576005,-0.0000052452091950,-0.0000004770756163
0.4599894777713066,-0.0000014305120430,-0.0000004768372150
0.4600894971850127,0.0000061988839661,-0.0000004768372150
0.4601895165987188,0.0000023841860184,-0.0000004768372150
0.4602895360124248,0.0000023841860184,-0.0000004768372150
0.4603895554261309,0.0000023841860184,0.0000033378601074
0.4604895748398370,0.0000023841860184,-0.0000004768372150
0.4605895942535431,-0.0000014305120430,-0.0000004768372150
0.4606896136672491,-0.0000014305120430,-0.0000042915339691
0.4607896330809552,-0.0000014305120430,-0.0000004768372150
0.4608896524946613,-0.0000014305120430,-0.0000004768372150
0.4609896719083674,0.0000023841860184,0.0000033378601074
0.4610896913220734,0.0000023841860184,-0.0000004768372150
0.4611897107357795,-0.0000014305120430,-0.0000004768372150
0.4612897301494856,-0.0000014305120430,-0.0000042915339691
0.4613897495631917,0.0000023841860184,-0.0000042915339691
0.4614897689768978,-0.0000052452091950,-0.0000004770756163
0.4615897883906038,-0.0000166893005371,-0.0000004770756163
0.4616898078043099,-0.0000090599060059,-0.0000042915339691
0.4617898272180160,-0.0000014305120430,0.0000033378601074
0.4618898466317221,-0.0000014305120430,-0.0000004768372150
0.4619898660454281,0.0000023841860184,-0.0000004768372150
0.4620898854591342,0.0000023841860184,-0.0000004768372150
0.4621899048728403,0.0000023841860184,-0.0000004768372150
0.4622899242865464,0.0000023841860184,-0.0000004768372150
0.4623899437002524,0.0000023841860184,-0.0000042915339691
0.4624899631139585,0.0000023841860184,-0.0000042915339691
0.4625899825276646,-0.0000014305120430,-0.0000004768372150
0.4626900019413707,-0.0000014305120430,-0.0000042915339691
0.4627900213550767,-0.0000014305120430,0.0000033378601074
0.4628900407687829,0.0000023841860184,-0.0000042915339691
0.4629900601824889,-0.0000052452091950,-0.0000004770756163
0.4630900795961950,-0.0000052452091950,-0.0000004770756163
0.4631900990099011,-0.0000128745996335,-0.0000004770756163
0.4632901184236071,-0.0000014305120430,-0.0000004770756163
0.4633901378373132,0.0000023841860184,-0.0000004768372150
0.4634901572510193,0.0000023841860184,0.0000033378601074
0.4635901766647254,0.0000023841860184,0.0000033378601074
0.4636901960784314,-0.0000014305120430,-0.0000004768372150
0.4637902154921375,0.0000061988839661,-0.0000004768372150
0.4638902349058436,0.0000023841860184,-0.0000004768372150
0.4639902543195497,0.0000023841860184,-0.0000004768372150
0.4640902737332557,-0.0000014305120430,-0.0000004768372150
0.4641902931469618,-0.0000014305120430,-0.0000004768372150
0.4642903125606679,0.0000023841860184,-0.0000004768372150
0.4643903319743740,-0.0000014305120430,-0.0000004768372150
0.4644903513880800,-0.0000014305120430,-0.0000042915339691
0.4645903708017862,-0.0000052452091950,-0.0000004768372150
0.4646903902154922,-0.0000014305120430,-0.0000004768372150
0.4647904096291983,-0.0000090599060059,-0.0000004770756163
0.4648904290429044,-0.0000128745996335,-0.0000042917731662
0.4649904484566104,-0.0000052452091950,0.0000033376220472
0.4650904678703165,-0.0000052452091950,-0.0000042915339691
0.4651904872840226,-0.0000014305120430,0.0000033376220472
0.4652905066977287,-0.0000052452091950,-0.0000042915339691
0.4653905261114347,0.0000061988839661,-0.0000042915339691
0.4654905455251408,-0.0000014305120430,-0.0000042915339691
0.4655905649388469,-0.0000052452091950,-0.0000004768372150
0.4656905843525529,0.0000023841860184,-0.0000004768372150
0.4657906037662590,-0.0000014305120430,-0.0000004768372150
0.4658906231799652,-0.0000014305120430,-0.0000042915339691
0.4659906425936712,-0.0000014305120430,0.0000033376220472
0.4660906620073773,-0.0000052452091950,0.0000033378601074
0.4661906814210833,-0.0000014305120430,-0.0000004768372150
0.4662907008347895,-0.0000014305120430,-0.0000004768372150
0.4663907202484955,-0.0000090599060059,-0.0000004770756163
0.4664907396622016,-0.0000052452091950,-0.0000004770756163
0.4665907590759077,-0.0000090599060059,-0.0000042917731662
0.4666907784896137,-0.0000052452091950,-0.0000042915339691
0.4667907979033198,-0.0000090599060059,-0.0000004770756163
0.4668908173170259,-0.0000014305120430,-0.0000004768372150
0.4669908367307320,-0.0000014305120430,-0.0000004768372150
0.4670908561444380,-0.0000014305120430,-0.0000042915339691
0.4671908755581441,-0.0000052452091950,-0.0000004768372150
0.4672908949718502,-0.0000052452091950,-0.0000004770756163
0.4673909143855562,-0.0000052452091950,-0.0000004768372150
0.4674909337992623,-0.0000090599060059,-0.0000004768372150
0.4675909532129685,-0.0000052452091950,-0.0000042915339691
0.4676909726266745,-0.0000014305120430,0.0000033376220472
0.4677909920403805,-0.0000052452091950,-0.0000004768372150
0.4678910114540866,-0.0000014305120430,-0.0000004768372150
0.4679910308677928,-0.0000014305120430,0.0000033376220472
0.4680910502814988,-0.0000205039996217,-0.0000004770756163
0.4681910696952049,-0.0000090599060059,-0.0000004770756163
0.4682910891089110,-0.0000128745996335,-0.0000004770756163
0.4683911085226171,-0.0000014305120430,-0.0000004770756163
0.4684911279363231,-0.0000014305120430,-0.0000004770756163
0.4685911473500292,-0.0000014305120430,-0.0000004768372150
0.4686911667637353,-0.0000052452091950,0.0000033376220472
0.4687911861774413,-0.0000052452091950,0.0000033376220472
0.4688912055911474,-0.0000014305120430,-0.0000004770756163
0.4689912250048535,-0.0000014305120430,-0.0000004768372150
0.4690912444185596,-0.0000014305120430,-0.0000042915339691
0.4691912638322656,-0.0000052452091950,-0.0000004768372150
0.4692912832459717,-0.0000014305120430,-0.0000004770756163
0.4693913026596778,-0.0000014305120430,-0.0000004768372150
0.4694913220733838,-0.0000014305120430,-0.0000004768372150
0.4695913414870900,-0.0000014305120430,-0.0000004770756163
0.4696913609007961,-0.0000128745996335,0.0000033376220472
0.4697913803145021,-0.0000052452091950,-0.0000042917731662
0.4698913997282081,-0.0000166893005371,-0.0000042917731662
0.4699914191419143,-0.0000014305120430,0.0000033376220472
0.4700914385556204,-0.0000052452091950,-0.0000042917731662
0.4701914579693264,-0.0000052452091950,-0.0000004770756163
0.4702914773830325,-0.0000052452091950,-0.0000004770756163
0.4703914967967386,-0.0000014305120430,0.0000033376220472
0.4704915162104446,-0.0000052452091950,0.0000033376220472
0.4705915356241507,-0.0000090599060059,0.0000033376220472
0.4706915550378568,-0.0000052452091950,0.0000033376220472
0.4707915744515629,-0.0000052452091950,-0.0000081062316895
0.4708915938652689,-0.0000014305120430,-0.0000042915339691
0.4709916132789750,-0.0000052452091950,-0.0000004770756163
0.4710916326926811,-0.0000052452091950,-0.0000004770756163
0.4711916521063871,-0.0000014305120430,-0.0000004770756163
0.4712916715200933,-0.0000014305120430,-0.0000004770756163
0.4713916909337993,-0.0000052452091950,0.0000033376220472
0.4714917103475054,-0.0000128745996335,-0.0000042917731662
0.4715917297612114,-0.0000128745996335,-0.0000042917731662
0.4716917491749176,-0.0000128745996335,-0.0000004770756163
0.4717917685886237,-0.0000052452091950,0.0000033376220472
0.4718917880023297,-0.0000052452091950,-0.0000004770756163
0.4719918074160358,-0.0000052452091950,-0.0000004770756163
0.4720918268297419,-0.0000128745996335,0.0000033376220472
0.4721918462434480,-0.0000090599060059,-0.0000004770756163
0.4722918656571540,-0.0000014305120430,-0.0000042917731662
0.4723918850708601,-0.0000052452091950,0.0000033376220472
0.4724919044845662,0.0000023841860184,0.0000033376220472
0.4725919238982722,-0.0000052452091950,-0.0000004770756163
0.4726919433119783,-0.0000090599060059,-0.0000042915339691
0.4727919627256844,-0.0000052452091950,-0.0000004770756163
0.4728919821393904,-0.0000052452091950,-0.0000004770756163
0.4729920015530966,-0.0000052452091950,0.0000033376220472
0.4730920209668026,-0.0000052452091950,-0.0000004770756163
0.4731920403805087,-0.0000128745996335,0.0000033376220472
0.4732920597942148,-0.0000052452091950,-0.0000004770756163
0.4733920792079209,-0.0000052452091950,0.0000033376220472
0.4734920986216269,-0.0000014305120430,0.0000071523190854
0.4735921180353330,-0.0000014305120430,-0.0000004770756163
0.4736921374490391,-0.0000014305120430,-0.0000004770756163
0.4737921568627452,-0.0000014305120430,-0.0000004770756163
0.4738921762764512,-0.0000052452091950,-0.0000004770756163
0.4739921956901573,-0.0000090599060059,-0.0000042917731662
0.4740922151038634,-0.0000014305120430,-0.0000004770756163
0.4741922345175695,-0.0000014305120430,-0.0000004770756163
0.4742922539312755,-0.0000014305120430,-0.0000042917731662
0.4743922733449816,-0.0000014305120430,-0.0000004770756163
0.4744922927586877,-0.0000052452091950,-0.0000004770756163
0.4745923121723938,-0.0000014305120430,-0.0000042917731662
0.4746923315860999,-0.0000052452091950,-0.0000004770756163
0.4747923509998059,-0.0000090599060059,-0.0000004770756163
0.4748923704135120,-0.0000243187005253,-0.0000042917731662
0.4749923898272181,-0.0000052452091950,-0.0000004770756163
0.4750924092409242,-0.0000052452091950,-0.0000004770756163
0.4751924286546302,-0.0000052452091950,-0.0000004770756163
0.4752924480683363,-0.0000090599060059,-0.0000004770756163
0.4753924674820424,-0.0000014305120430,0.0000033376220472
0.4754924868957485,-0.0000014305120430,-0.0000042915339691
0.4755925063094545,-0.0000052452091950,0.0000033376220472
0.4756925257231606,-0.0000052452091950,-0.0000004770756163
0.4757925451368667,-0.0000014305120430,-0.0000004770756163
0.4758925645505728,-0.0000014305120430,-0.0000004768372150
0.4759925839642788,-0.0000014305120430,-0.0000004770756163
0.4760926033779849,-0.0000052452091950,-0.0000004768372150
0.4761926227916910,-0.0000014305120430,0.0000033376220472
0.4762926422053971,-0.0000052452091950,-0.0000004770756163
0.4763926616191032,-0.0000128745996335,-0.0000004770756163
0.4764926810328092,-0.0000052452091950,-0.0000004770756163
0.4765927004465153,-0.0000090599060059,-0.0000042917731662
0.4766927198602214,-0.0000052452091950,-0.0000004770756163
0.4767927392739275,-0.0000014305120430,-0.0000004770756163
0.4768927586876335,-0.0000014305120430,-0.0000042915339691
0.4769927781013397,0.0000023841860184,-0.0000004768372150
0.4770927975150457,0.0000023841860184,-0.0000004770756163
0.4771928169287518,-0.0000052452091950,0.0000033376220472
0.4772928363424578,0.0000023841860184,-0.0000042915339691
0.4773928557561639,0.0000023841860184,0.0000033376220472
0.4774928751698700,-0.0000014305120430,-0.0000042915339691
0.4775928945835761,-0.0000014305120430,-0.0000004770756163
0.4776929139972822,-0.0000014305120430,-0.0000004770756163
0.4777929334109882,-0.0000014305120430,0.0000033376220472
0.4778929528246943,-0.0000014305120430,-0.0000004768372150
0.4779929722384004,-0.0000014305120430,0.0000033376220472
0.4780929916521064,-0.0000090599060059,-0.0000004770756163
0.4781930110658125,-0.0000052452091950,0.0000033376220472
0.4782930304795186,-0.0000052452091950,0.0000033376220472
0.4783930498932247,-0.0000014305120430,-0.0000004770756163
0.4784930693069308,-0.0000090599060059,-0.0000042915339691
0.4785930887206368,-0.0000014305120430,-0.0000004768372150
0.4786931081343430,-0.0000014305120430,-0.0000004768372150
0.4787931275480490,-0.0000014305120430,-0.0000004770756163
0.4788931469617551,-0.0000014305120430,-0.0000004768372150
0.4789931663754611,-0.0000014305120430,-0.0000042915339691
0.4790931857891672,0.0000061988839661,-0.0000004768372150
0.4791932052028733,-0.0000014305120430,0.0000033376220472
0.4792932246165794,-0.0000014305120430,-0.0000042915339691
0.4793932440302855,0.0000023841860184,-0.0000004768372150
0.4794932634439915,-0.0000014305120430,-0.0000004768372150
0.4795932828576976,0.0000023841860184,-0.0000042915339691
0.4796933022714037,-0.0000052452091950,-0.0000004770756163
0.4797933216851097,-0.0000014305120430,-0.0000004770756163
0.4798933410988158,-0.0000090599060059,0.0000033376220472
0.4799933605125219,-0.0000014305120430,0.0000033376220472
0.4800933799262280,0.0000023841860184,0.0000033378601074
0.4801933993399340,0.0000023841860184,-0.0000004768372150
0.4802934187536401,0.0000061988839661,-0.0000042915339691
0.4803934381673463,0.0000023841860184,-0.0000004768372150
0.4804934575810523,0.0000023841860184,-0.0000004768372150
0.4805934769947584,-0.0000014305120430,-0.0000004768372150
0.4806934964084645,0.0000023841860184,0.0000033378601074
0.4807935158221706,0.0000023841860184,-0.0000042915339691
0.4808935352358766,-0.0000014305120430,-0.0000042915339691
0.4809935546495827,-0.0000052452091950,-0.0000004768372150
0.4810935740632888,-0.0000014305120430,0.0000033378601074
0.4811935934769948,-0.0000014305120430,0.0000033378601074
0.4812936128907009,0.0000023841860184,-0.0000004768372150
0.4813936323044070,0.0000061988839661,0.0000033378601074
0.4814936517181130,-0.0000128745996335,0.0000033376220472
0.4815936711318191,-0.0000052452091950,-0.0000004770756163
0.4816936905455252,-0.0000052452091950,-0.0000004770756163
0.4817937099592313,0.0000023841860184,-0.0000004768372150
0.4818937293729373,-0.0000014305120430,0.0000033378601074
0.4819937487866434,0.0000023841860184,-0.0000004768372150
0.4820937682003495,-0.0000014305120430,-0.0000004768372150
0.4821937876140556,0.0000023841860184,-0.0000004768372150
0.4822938070277616,-0.0000014305120430,-0.0000004768372150
0.4823938264414678,0.0000023841860184,-0.0000004768372150
0.4824938458551739,0.0000061988839661,-0.0000042915339691
0.4825938652688799,0.0000023841860184,0.0000033378601074
0.4826938846825859,-0.0000014305120430,-0.0000004768372150
0.4827939040962921,-0.0000014305120430,-0.0000004768372150
0.4828939235099981,0.0000023841860184,0.0000033378601074
0.4829939429237042,0.0000023841860184,-0.0000004768372150
0.4830939623374103,-0.0000090599060059,-0.0000004770756163
0.4831939817511164,-0.0000166893005371,-0.0000004770756163
0.4832940011648224,-0.0000090599060059,-0.0000004770756163
0.4833940205785285,-0.0000014305120430,0.0000033376220472
0.4834940399922346,0.0000023841860184,-0.0000004768372150
0.4835940594059406,-0.0000014305120430,-0.0000004768372150
0.4836940788196467,-0.0000014305120430,0.0000033378601074
0.4837940982333528,0.0000023841860184,0.0000033378601074
0.4838941176470589,-0.0000014305120430,0.0000033378601074
0.4839941370607649,0.0000023841860184,0.0000033376220472
0.4840941564744711,0.0000023841860184,-0.0000004768372150
0.4841941758881771,-0.0000052452091950,0.0000033378601074
0.4842941953018832,-0.0000052452091950,-0.0000004768372150
0.4843942147155892,-0.0000014305120430,-0.0000004768372150
0.4844942341292954,-0.0000014305120430,-0.0000004768372150
0.4845942535430014,-0.0000014305120430,-0.0000004768372150
0.4846942729567075,-0.0000090599060059,-0.0000004770756163
0.4847942923704136,-0.0000090599060059,-0.0000004770756163
0.4848943117841197,-0.0000128745996335,-0.0000004770756163
0.4849943311978257,-0.0000052452091950,-0.0000004770756163
0.4850943506115318,-0.0000014305120430,-0.0000004768372150
0.4851943700252379,-0.0000014305120430,-0.0000004768372150
0.4852943894389439,-0.0000052452091950,0.0000033376220472
0.4853944088526500,-0.0000014305120430,-0.0000004768372150
0.4854944282663561,-0.0000014305120430,-0.0000004768372150
0.4855944476800622,-0.0000014305120430,-0.0000004768372150
0.4856944670937682,-0.0000014305120430,-0.0000004768372150
0.4857944865074744,-0.0000014305120430,-0.0000004768372150
0.4858945059211804,-0.0000014305120430,-0.0000004770756163
0.4859945253348865,-0.0000014305120430,-0.0000004768372150
0.4860945447485926,-0.0000014305120430,-0.0000004768372150
0.4861945641622987,-0.0000052452091950,-0.0000004768372150
0.4862945835760047,-0.0000052452091950,0.0000033376220472
0.4863946029897108,-0.0000166893005371,-0.0000004770756163
0.4864946224034169,-0.0000052452091950,-0.0000004770756163
0.4865946418171230,-0.0000128745996335,-0.0000004770756163
0.4866946612308290,-0.0000052452091950,-0.0000042915339691
0.4867946806445351,-0.0000052452091950,0.0000033376220472
0.4868947000582412,-0.0000052452091950,-0.0000004768372150
0.4869947194719473,-0.0000052452091950,-0.0000042915339691
0.4870947388856534,-0.0000052452091950,0.0000033376220472
0.4871947582993594,-0.0000052452091950,0.0000033376220472
0.4872947777130655,-0.0000014305120430,-0.0000004768372150
0.4873947971267715,-0.0000014305120430,-0.0000004768372150
0.4874948165404777,-0.0000014305120430,-0.0000004768372150
0.4875948359541837,-0.0000052452091950,-0.0000004768372150
0.4876948553678898,-0.0000052452091950,-0.0000004768372150
0.4877948747815959,-0.0000014305120430,0.0000033376220472
0.4878948941953020,-0.0000052452091950,-0.0000004768372150
0.4879949136090080,-0.0000052452091950,0.0000033376220472
0.4880949330227141,-0.0000128745996335,0.0000033376220472
0.4881949524364202,-0.0000090599060059,-0.0000004770756163
0.4882949718501263,-0.0000090599060059,0.0000033376220472
0.4883949912638323,-0.0000014305120430,-0.0000004768372150
0.4884950106775384,-0.0000014305120430,-0.0000042915339691
0.4885950300912445,-0.0000014305120430,0.0000033376220472
0.4886950495049506,-0.0000014305120430,-0.0000042915339691
0.4887950689186566,-0.0000052452091950,0.0000033376220472
0.4888950883323627,-0.0000052452091950,0.0000033376220472
0.4889951077460688,-0.0000052452091950,-0.0000042915339691
0.4890951271597748,-0.0000014305120430,0.0000033376220472
0.4891951465734810,-0.0000052452091950,0.0000033376220472
0.4892951659871870,-0.0000090599060059,-0.0000004770756163
0.4893951854008931,-0.0000052452091950,0.0000033376220472
0.4894952048145992,-0.0000052452091950,0.0000033376220472
0.4895952242283053,-0.0000014305120430,0.0000033376220472
0.4896952436420113,-0.0000090599060059,-0.0000042917731662
0.4897952630557174,-0.0000052452091950,-0.0000004770756163
0.4898952824694235,-0.0000128745996335,-0.0000042917731662
0.4899953018831296,-0.0000052452091950,-0.0000042917731662
0.4900953212968356,-0.0000052452091950,-0.0000004770756163
0.4901953407105417,-0.0000052452091950,-0.0000042915339691
0.4902953601242478,-0.0000014305120430,-0.0000004770756163
0.4903953795379539,-0.0000014305120430,-0.0000004770756163
0.4904953989516599,-0.0000052452091950,-0.0000004770756163
0.4905954183653660,-0.0000052452091950,-0.0000004770756163
0.4906954377790721,-0.0000052452091950,-0.0000004770756163
0.4907954571927781,-0.0000014305120430,-0.0000004768372150
0.4908954766064842,-0.0000052452091950,-0.0000004770756163
0.4909954960201903,-0.0000052452091950,-0.0000004770756163
0.4910955154338964,-0.0000052452091950,0.0000033376220472
0.4911955348476025,-0.0000014305120430,-0.0000042915339691
0.4912955542613086,-0.0000014305120430,-0.0000004770756163
0.4913955736750146,-0.0000052452091950,-0.0000042915339691
0.4914955930887207,-0.0000128745996335,-0.0000004770756163
0.4915956125024268,-0.0000205039996217,-0.0000004770756163
0.4916956319161329,-0.0000052452091950,-0.0000004770756163
0.4917956513298389,-0.0000090599060059,-0.0000004770756163
0.4918956707435450,-0.0000052452091950,-0.0000004770756163
0.4919956901572511,-0.0000052452091950,0.0000033376220472
0.4920957095709572,-0.0000052452091950,0.0000071523190854
0.4921957289846632,-0.0000014305120430,-0.0000004770756163
0.4922957483983693,-0.0000014305120430,-0.0000004770756163
0.4923957678120754,-0.0000052452091950,-0.0000004770756163
0.4924957872257815,-0.0000052452091950,-0.0000004770756163
0.4925958066394875,-0.0000052452091950,-0.0000004770756163
0.4926958260531936,-0.0000052452091950,0.0000033376220472
0.4927958454668997,-0.0000052452091950,0.0000033376220472
0.4928958648806058,-0.0000052452091950,-0.0000004770756163
0.4929958842943118,-0.0000090599060059,-0.0000004770756163
0.4930959037080179,-0.0000128745996335,-0.0000004770756163
0.4931959231217241,-0.0000090599060059,-0.0000004770756163
0.4932959425354301,-0.0000090599060059,-0.0000042917731662
0.4933959619491362,-0.0000052452091950,-0.0000004770756163
0.4934959813628423,-0.0000052452091950,0.0000033376220472
0.4935960007765483,-0.0000014305120430,0.0000033376220472
0.4936960201902544,-0.0000014305120430,-0.0000004770756163
0.4937960396039605,-0.0000052452091950,-0.0000004768372150
0.4938960590176665,-0.0000014305120430,-0.0000004770756163
0.4939960784313726,-0.0000014305120430,0.0000033376220472
0.4940960978450787,-0.0000014305120430,-0.0000004770756163
0.4941961172587848,-0.0000014305120430,-0.0000042915339691
0.4942961366724908,-0.0000014305120430,-0.0000004770756163
0.4943961560861969,-0.0000052452091950,0.0000033376220472
0.4944961754999030,-0.0000052452091950,-0.0000004770756163
0.4945961949136091,-0.0000052452091950,0.0000033376220472
0.4946962143273151,-0.0000052452091950,-0.0000004768372150
0.4947962337410212,-0.0000090599060059,-0.0000004770756163
0.4948962531547274,-0.0000205039996217,-0.0000042917731662
0.4949962725684334,-0.0000090599060059,-0.0000004770756163
0.4950962919821394,-0.0000052452091950,-0.0000004770756163
0.4951963113958456,-0.0000014305120430,-0.0000004770756163
0.4952963308095516,-0.0000052452091950,-0.0000042915339691
0.4953963502232577,-0.0000052452091950,-0.0000004770756163
0.4954963696369638,-0.0000014305120430,0.0000033376220472
0.4955963890506699,-0.0000014305120430,-0.0000004770756163
0.4956964084643759,-0.0000052452091950,-0.0000042915339691
0.4957964278780820,-0.0000014305120430,0.0000033376220472
0.4958964472917881,-0.0000052452091950,-0.0000042915339691
0.4959964667054941,0.0000023841860184,0.0000033376220472
0.4960964861192002,-0.0000014305120430,0.0000033376220472
0.4961965055329063,-0.0000052452091950,0.0000033376220472
0.4962965249466124,-0.0000014305120430,-0.0000004768372150
0.4963965443603184,-0.0000166893005371,-0.0000004770756163
0.4964965637740245,-0.0000014305120430,-0.0000004770756163
0.4965965831877306,-0.0000090599060059,-0.0000042917731662
0.4966966026014367,-0.0000052452091950,-0.0000004770756163
0.4967966220151427,0.0000023841860184,-0.0000004770756163
0.4968966414288489,-0.0000014305120430,0.0000033376220472
0.4969966608425549,-0.0000014305120430,-0.0000004770756163
0.4970966802562610,-0.0000014305120430,-0.0000004770756163
0.4971966996699671,-0.0000014305120430,0.0000033376220472
0.4972967190836732,0.0000023841860184,-0.0000042915339691
0.4973967384973792,-0.0000014305120430,-0.0000042915339691
0.4974967579110853,0.0000023841860184,-0.0000004768372150
0.4975967773247914,-0.0000052452091950,0.0000033376220472
0.4976967967384974,-0.0000014305120430,-0.0000004768372150
0.4977968161522035,-0.0000014305120430,-0.0000004770756163
0.4978968355659096,0.0000023841860184,-0.0000004768372150
0.4979968549796157,-0.0000052452091950,0.0000033376220472
0.4980968743933217,-0.0000166893005371,0.0000033376220472
0.4981968938070278,-0.0000052452091950,-0.0000004770756163
0.4982969132207339,-0.0000052452091950,-0.0000004770756163
0.4983969326344400,-0.0000052452091950,-0.0000004770756163
0.4984969520481460,-0.0000052452091950,-0.0000004770756163
0.4985969714618522,-0.0000014305120430,-0.0000004768372150
0.4986969908755582,-0.0000014305120430,-0.0000042915339691
0.4987970102892643,-0.0000052452091950,-0.0000004768372150
0.4988970297029704,-0.0000014305120430,0.0000033376220472
0.4989970491166765,0.0000023841860184,0.0000033378601074
0.4990970685303825,-0.0000014305120430,0.0000033378601074
0.4991970879440886,-0.0000014305120430,-0.0000004768372150
0.4992971073577947,-0.0000014305120430,-0.0000004768372150
0.4993971267715007,0.0000023841860184,0.0000033378601074
0.4994971461852068,0.0000023841860184,0.0000033378601074
0.4995971655989129,-0.0000052452091950,-0.0000042915339691
0.4996971850126190,-0.0000052452091950,-0.0000004770756163
0.4997972044263250,-0.0000014305120430,0.0000033376220472
0.4998972238400312,-0.0000090599060059,-0.0000004770756163
0.4999972432537372,0.0000023841860184,0.0000033376220472
0.5000972626674433,-0.0000014305120430,-0.0000004768372150
0.5001972820811493,0.0000023841860184,0.0000033378601074
0.5002973014948554,0.0000023841860184,0.0000033378601074
0.5003973209085616,0.0000023841860184,0.0000033378601074
0.5004973403222676,0.0000023841860184,-0.0000042915339691
0.5005973597359736,-0.0000014305120430,-0.0000004768372150
0.5006973791496797,0.0000023841860184,0.0000033378601074
0.5007973985633858,0.0000023841860184,-0.0000004768372150
0.5008974179770919,0.0000023841860184,-0.0000004768372150
0.5009974373907979,0.0000023841860184,0.0000033378601074
0.5010974568045041,0.0000023841860184,0.0000033378601074
0.5011974762182101,0.0000023841860184,-0.0000004768372150
0.5012974956319162,-0.0000014305120430,0.0000033378601074
0.5013975150456222,0.0000023841860184,-0.0000004768372150
0.5014975344593283,-0.0000052452091950,-0.0000004770756163
0.5015975538730344,-0.0000052452091950,0.0000033376220472
0.5016975732867405,-0.0000052452091950,-0.0000004770756163
0.5017975927004467,0.0000061988839661,0.0000033378601074
0.5018976121141526,-0.0000014305120430,0.0000033378601074
0.5019976315278587,0.0000023841860184,-0.0000004768372150
0.5020976509415649,0.0000023841860184,-0.0000004768372150
0.5021976703552709,-0.0000014305120430,0.0000033378601074
0.5022976897689769,0.0000023841860184,-0.0000042915339691
0.5023977091826830,0.0000023841860184,-0.0000004768372150
0.5024977285963891,0.0000023841860184,-0.0000004768372150
0.5025977480100952,-0.0000014305120430,0.0000033378601074
0.5026977674238012,0.0000023841860184,0.0000033378601074
0.5027977868375074,-0.0000014305120430,-0.0000004768372150
0.5028978062512134,0.0000023841860184,0.0000033378601074
0.5029978256649195,0.0000023841860184,-0.0000042915339691
0.5030978450786256,-0.0000014305120430,-0.0000004768372150
0.5031978644923316,-0.0000090599060059,-0.0000004770756163
0.5032978839060377,-0.0000052452091950,-0.0000004770756163
0.5033979033197438,0.0000023841860184,-0.0000004768372150
0.5034979227334500,0.0000023841860184,-0.0000004768372150
0.5035979421471559,-0.0000014305120430,0.0000033378601074
0.5036979615608620,0.0000023841860184,-0.0000004768372150
0.5037979809745682,-0.0000014305120430,0.0000033378601074
0.5038980003882741,0.0000023841860184,-0.0000004768372150
0.5039980198019802,-0.0000014305120430,-0.0000042915339691
0.5040980392156864,-0.0000014305120430,0.0000033378601074
0.5041980586293925,0.0000023841860184,-0.0000042915339691
0.5042980780430985,0.0000023841860184,0.0000033378601074
0.5043980974568045,0.0000061988839661,-0.0000042915339691
0.5044981168705107,0.0000023841860184,0.0000033378601074
0.5045981362842167,-0.0000052452091950,-0.0000004768372150
0.5046981556979228,0.0000023841860184,-0.0000004768372150
0.5047981751116289,-0.0000052452091950,-0.0000004770756163
0.5048981945253350,-0.0000166893005371,-0.0000004770756163
0.5049982139390410,-0.0000052452091950,-0.0000004770756163
0.5050982333527471,-0.0000014305120430,-0.0000004768372150
0.5051982527664532,-0.0000014305120430,-0.0000004768372150
0.5052982721801592,0.0000023841860184,-0.0000042915339691
0.5053982915938653,0.0000023841860184,-0.0000004768372150
0.5054983110075715,-0.0000052452091950,-0.0000004768372150
0.5055983304212774,-0.0000014305120430,-0.0000004768372150
0.5056983498349835,-0.0000014305120430,0.0000033378601074
0.5057983692486897,-0.0000014305120430,-0.0000004768372150
0.5058983886623958,-0.0000014305120430,0.0000033376220472
0.5059984080761017,-0.0000014305120430,-0.0000004768372150
0.5060984274898078,0.0000023841860184,0.0000033378601074
0.5061984469035140,-0.0000052452091950,-0.0000042915339691
0.5062984663172200,-0.0000052452091950,-0.0000004768372150
0.5063984857309261,-0.0000128745996335,0.0000033376220472
0.5064985051446322,-0.0000014305120430,-0.0000042915339691
0.5065985245583383,-0.0000128745996335,-0.0000042917731662
0.5066985439720443,-0.0000052452091950,-0.0000042915339691
0.5067985633857505,-0.0000014305120430,-0.0000004768372150
0.5068985827994565,-0.0000052452091950,-0.0000004768372150
0.5069986022131625,-0.0000014305120430,-0.0000004768372150
0.5070986216268686,-0.0000014305120430,-0.0000004768372150
0.5071986410405748,-0.0000052452091950,-0.0000004768372150
0.5072986604542808,-0.0000014305120430,-0.0000042915339691
0.5073986798679868,-0.0000052452091950,-0.0000042915339691
0.5074986992816930,-0.0000014305120430,-0.0000004768372150
0.5075987186953991,-0.0000014305120430,0.0000033376220472
0.5076987381091050,-0.0000052452091950,-0.0000042915339691
0.5077987575228111,-0.0000052452091950,0.0000033378601074
0.5078987769365173,-0.0000014305120430,-0.0000004768372150
0.5079987963502234,-0.0000052452091950,-0.0000004768372150
0.5080988157639293,-0.0000205039996217,-0.0000004770756163
0.5081988351776355,-0.0000090599060059,-0.0000004770756163
0.5082988545913416,-0.0000090599060059,-0.0000042917731662
0.5083988740050476,-0.0000090599060059,-0.0000004770756163
0.5084988934187538,-0.0000052452091950,-0.0000004770756163
0.5085989128324598,-0.0000052452091950,-0.0000004770756163
0.5086989322461658,-0.0000014305120430,0.0000033376220472
0.5087989516598719,-0.0000090599060059,-0.0000004768372150
0.5088989710735781,-0.0000052452091950,-0.0000004768372150
0.5089989904872841,-0.0000014305120430,0.0000033376220472
0.5090990099009901,-0.0000014305120430,0.0000033376220472
0.5091990293146963,-0.0000014305120430,0.0000033376220472
0.5092990487284024,-0.0000052452091950,-0.0000004770756163
0.5093990681421083,-0.0000052452091950,-0.0000042915339691
0.5094990875558145,-0.0000052452091950,0.0000033376220472
0.5095991069695206,-0.0000052452091950,-0.0000042915339691
0.5096991263832267,-0.0000205039996217,-0.0000042917731662
0.5097991457969326,-0.0000090599060059,-0.0000004770756163
0.5098991652106388,-0.0000128745996335,-0.0000042917731662
0.5099991846243449,-0.0000052452091950,-0.0000004770756163
0.5100992040380509,-0.0000052452091950,-0.0000042915339691
0.5101992234517571,-0.0000052452091950,-0.0000004770756163
0.5102992428654631,-0.0000052452091950,-0.0000004770756163
0.5103992622791692,-0.0000014305120430,-0.0000004770756163
0.5104992816928753,-0.0000052452091950,0.0000033376220472
0.5105993011065814,-0.0000052452091950,-0.0000042915339691
0.5106993205202874,-0.0000052452091950,-0.0000004770756163
0.5107993399339934,-0.0000052452091950,-0.0000042915339691
0.5108993593476996,-0.0000014305120430,-0.0000004770756163
0.5109993787614057,-0.0000052452091950,-0.0000004770756163
0.5110993981751116,-0.0000014305120430,-0.0000042915339691
0.5111994175888178,-0.0000014305120430,-0.0000004770756163
0.5112994370025239,-0.0000052452091950,-0.0000004770756163
0.5113994564162299,-0.0000014305120430,0.0000033376220472
0.5114994758299360,-0.0000128745996335,-0.0000004770756163
0.5115994952436421,-0.0000243187005253,-0.0000004770756163
0.5116995146573481,-0.0000090599060059,-0.0000004770756163
0.5117995340710543,-0.0000052452091950,0.0000033376220472
0.5118995534847604,-0.0000090599060059,-0.0000004770756163
0.5119995728984663,-0.0000014305120430,-0.0000004770756163
0.5120995923121725,-0.0000014305120430,-0.0000004770756163
0.5121996117258786,-0.0000052452091950,-0.0000004770756163
0.5122996311395847,-0.0000052452091950,-0.0000004770756163
0.5123996505532907,-0.0000052452091950,-0.0000004770756163
0.5124996699669967,-0.0000090599060059,-0.0000042917731662
0.5125996893807029,-0.0000128745996335,-0.0000042917731662
0.5126997087944090,-0.0000052452091950,-0.0000004770756163
0.5127997282081149,-0.0000052452091950,-0.0000004770756163
0.5128997476218211,-0.0000052452091950,0.0000033376220472
0.5129997670355272,-0.0000014305120430,-0.0000004770756163
0.5130997864492332,-0.0000090599060059,-0.0000004770756163
0.5131998058629393,-0.0000205039996217,-0.0000042917731662
0.5132998252766454,-0.0000090599060059,0.0000033376220472
0.5133998446903514,-0.0000090599060059,-0.0000042917731662
0.5134998641040576,-0.0000052452091950,0.0000033376220472
0.5135998835177636,-0.0000014305120430,-0.0000042917731662
0.5136999029314696,-0.0000090599060059,-0.0000081062316895
0.5137999223451758,-0.0000090599060059,-0.0000004770756163
0.5138999417588819,-0.0000052452091950,0.0000033376220472
0.5139999611725879,-0.0000014305120430,-0.0000042917731662
0.5140999805862940,-0.0000014305120430,-0.0000004770756163
0.5142000000000000,-0.0000014305120430,-0.0000004770756163
