#timeI (float32)[1],PositionR (float32)[1],PositionZ (float32)[1]
-0.00100000,0.00000000,0.00000000
-0.00089999,0.00000000,0.00000000
-0.00079998,0.00000000,0.00000000
-0.00069997,0.00000000,0.00000000
-0.00059996,0.00000000,0.00000000
-0.00049995,0.00000000,0.00000000
-0.00039995,0.00000000,0.00000000
-0.00029994,0.00000000,0.00000000
-0.00019993,0.08499717,0.08499717
-0.00009992,0.08499717,0.08499717
0.00000009,0.08499717,0.08499717
0.00010010,0.08499716,0.08499717
0.00020011,0.08499717,0.08499717
0.00030012,0.08499717,0.08499717
0.00040013,0.08499717,0.08499717
0.00050014,0.08499717,0.08499717
0.00060014,0.08499717,0.08499717
0.00070015,0.08499717,0.08499717
0.00080016,0.08499717,0.08499717
0.00090017,0.08499717,0.08499717
0.00100018,0.08499717,0.08499717
0.00110019,0.08499717,0.08499717
0.00120020,0.08499717,0.08499717
0.00130021,0.08499717,0.08499717
0.00140022,0.08499717,0.08499716
0.00150023,0.08499716,0.08499716
0.00160023,0.08499715,0.08499716
0.00170024,0.08499713,0.08499716
0.00180025,0.08499712,0.08499715
0.00190026,0.08499708,0.08499714
0.00200027,0.08499705,0.08499712
0.00210028,0.08499699,0.08499711
0.00220029,0.08499696,0.08499709
0.00230030,0.08499689,0.08499707
0.00240031,0.08499685,0.08499704
0.00250032,0.08499680,0.08499698
0.00260032,0.08499674,0.08499692
0.00270033,0.08499656,0.08499685
0.00280034,0.08499646,0.08499677
0.00290035,0.08499634,0.08499669
0.00300036,0.08499628,0.08499654
0.00310037,0.08499619,0.08499642
0.00320038,0.08499616,0.08499631
0.00330039,0.08499607,0.08499627
0.00340040,0.08499615,0.08499608
0.00350041,0.08499612,0.08499613
0.00360041,0.08499620,0.08499607
0.00370042,0.08499614,0.08499609
0.00380043,0.08499619,0.08499623
0.00390044,0.08499616,0.08499615
0.00400045,0.08499619,0.08499610
0.00410046,0.08499625,0.08499608
0.00420047,0.08499625,0.08499612
0.00430048,0.08499624,0.08499612
0.00440049,0.08499619,0.08499616
0.00450049,0.08499619,0.08499631
0.00460050,0.08499622,0.08499572
0.00470051,0.08499618,0.08499576
0.00480052,0.08499669,0.08499704
0.00490053,0.08499613,0.08499622
0.00500054,0.08499681,0.08499712
0.00510055,0.08499867,0.08499739
0.00520056,0.08499919,0.08499739
0.00530057,0.08499932,0.08499721
0.00540058,0.08499926,0.08499715
0.00550059,0.08499931,0.08499711
0.00560059,0.08499949,0.08499709
0.00570060,0.08499943,0.08499707
0.00580061,0.08499953,0.08499701
0.00590062,0.08499943,0.08499699
0.00600063,0.08499946,0.08499687
0.00610064,0.08499936,0.08499688
0.00620065,0.08499940,0.08499680
0.00630066,0.08499938,0.08496792
0.00640067,0.08499928,0.08496732
0.00650068,0.08499908,0.08496666
0.00660068,0.08499874,0.08496596
0.00670069,0.05481566,0.02896471
0.00680070,0.05261366,0.02692941
0.00690071,0.05121234,0.02534818
0.00700072,0.04984291,0.02320366
0.00710073,0.04857663,0.02088846
0.00720074,0.04683780,0.01825932
0.00730075,0.04335399,0.01541235
0.00740076,0.04039615,0.01238845
0.00750077,0.03783625,0.00916811
0.00760077,0.03558000,0.00680285
0.00770078,0.03382603,0.00388934
0.00780079,0.03267439,0.00171734
0.00790080,0.03167261,-0.00093066
0.00800081,0.03197870,-0.00303848
0.00810082,0.02885489,-0.00474196
0.00820083,0.03022398,-0.00656650
0.00830084,0.03057751,-0.00809228
0.00840085,0.02995582,-0.00896282
0.00850086,0.03061171,-0.00990845
0.00860086,0.03068134,-0.01119781
0.00870087,0.03062298,-0.01173475
0.00880088,0.03058644,-0.01177372
0.00890089,0.03358628,-0.01333087
0.00900090,0.03361781,-0.01302686
0.00910091,0.03193349,-0.01179489
0.00920092,0.03206932,-0.01152368
0.00930093,0.03200924,-0.01029757
0.00940094,0.03036254,-0.00873619
0.00950095,0.03148416,-0.00805291
0.00960095,0.03095245,-0.00682527
0.00970096,0.02818289,-0.00537041
0.00980097,0.02613014,-0.00398810
0.00990098,0.02574833,-0.00286224
0.01000099,0.02468504,-0.00175185
0.01010100,0.02382311,-0.00054299
0.01020101,0.02345558,0.00030884
0.01030102,0.02150480,0.00094595
0.01040103,0.02119485,0.00178782
0.01050104,0.01984995,0.00216153
0.01060104,0.02016181,0.00289279
0.01070105,0.01945737,0.00295902
0.01080106,0.01828514,0.00321730
0.01090107,0.01796534,0.00336147
0.01100108,0.01982928,0.00319434
0.01110109,0.01902285,0.00226009
0.01120110,0.01882843,0.00218415
0.01130111,0.01838598,0.00186660
0.01140112,0.01970915,0.00164100
0.01150113,0.01813306,0.00130036
0.01160113,0.01720375,0.00110637
0.01170114,0.02040075,0.00094001
0.01180115,0.01825432,0.00105358
0.01190116,0.01853459,0.00055624
0.01200117,0.01968347,0.00028708
0.01210118,0.01894340,0.00042969
0.01220119,0.01888448,0.00012405
0.01230120,0.02090731,-0.00033594
0.01240121,0.01994382,-0.00049318
0.01250121,0.01987644,-0.00065700
0.01260122,0.01938487,-0.00047654
0.01270123,0.02038704,-0.00102615
0.01280124,0.01993266,-0.00093333
0.01290125,0.01907560,-0.00085995
0.01300126,0.01889110,-0.00078805
0.01310127,0.01962543,-0.00121960
0.01320128,0.02005761,-0.00129433
0.01330129,0.01939921,-0.00074943
0.01340130,0.02025312,-0.00070020
0.01350131,0.01894434,-0.00064720
0.01360131,0.01953638,-0.00040177
0.01370132,0.02181634,-0.00043762
0.01380133,0.02050262,-0.00021415
0.01390134,0.02013186,0.00004330
0.01400135,0.01968730,0.00017355
0.01410136,0.02091387,-0.00010569
0.01420137,0.02068905,-0.00002997
0.01430138,0.02141088,-0.00028061
0.01440139,0.02191217,-0.00028924
0.01450140,0.02086600,-0.00029701
0.01460140,0.01993200,-0.00008744
0.01470141,0.02204776,-0.00034768
0.01480142,0.02143417,-0.00030162
0.01490143,0.01949140,-0.00022565
0.01500144,0.02137876,-0.00007144
0.01510145,0.02161450,0.00026297
0.01520146,0.02068725,0.00026186
0.01530147,0.02281198,0.00007280
0.01540148,0.02267934,0.00019716
0.01550149,0.02132945,0.00014316
0.01560149,0.02249619,0.00008102
0.01570150,0.02176267,0.00019968
0.01580151,0.02272024,-0.00003132
0.01590152,0.02272983,-0.00017890
0.01600153,0.01985765,0.00000083
0.01610154,0.02139306,-0.00029150
0.01620155,0.02275277,-0.00042401
0.01630156,0.02169534,-0.00037222
0.01640157,0.02146962,-0.00064368
0.01650158,0.02173292,-0.00067396
0.01660159,0.02184613,-0.00064123
0.01670159,0.02381475,-0.00054841
0.01680160,0.02210139,-0.00024027
0.01690161,0.02265151,0.00004564
0.01700162,0.02288525,-0.00009023
0.01710163,0.02310924,0.00000729
0.01720164,0.02384555,0.00018836
0.01730165,0.02408898,0.00012982
0.01740166,0.02419855,-0.00008160
0.01750167,0.02543066,0.00021630
0.01760168,0.02461358,0.00002988
0.01770168,0.02296051,0.00001530
0.01780169,0.02584868,-0.00003546
0.01790170,0.02464485,-0.00009190
0.01800171,0.02397836,-0.00020603
0.01810172,0.02626972,-0.00006888
0.01820173,0.02380930,-0.00005249
0.01830174,0.02548415,0.00003052
0.01840175,0.02543628,0.00010903
0.01850175,0.02362842,0.00005192
0.01860176,0.02525512,0.00006015
0.01870177,0.02482686,0.00013299
0.01880178,0.02397707,0.00015576
0.01890179,0.02514635,0.00009250
0.01900180,0.02413963,-0.00011087
0.01910181,0.02486170,0.00008856
0.01920182,0.02520510,0.00000470
0.01930183,0.02558626,-0.00020411
0.01940184,0.02601208,-0.00045704
0.01950185,0.02620300,-0.00041632
0.01960185,0.02568810,-0.00050867
0.01970186,0.02714773,-0.00041573
0.01980187,0.02662249,-0.00045679
0.01990188,0.02795170,-0.00040252
0.02000189,0.02810971,-0.00019342
0.02010190,0.02694930,0.00004763
0.02020191,0.02617625,0.00022785
0.02030192,0.02839158,0.00022618
0.02040193,0.02869651,0.00018160
0.02050194,0.03050121,0.00011423
0.02060194,0.02939128,0.00013008
0.02070195,0.02949429,0.00031740
0.02080196,0.02928262,0.00024819
0.02090197,0.02831853,0.00033217
0.02100198,0.02782182,0.00008923
0.02110199,0.02726148,0.00015925
0.02120200,0.02816996,0.00010505
0.02130201,0.02772810,0.00003673
0.02140202,0.02887849,-0.00011686
0.02150203,0.02674500,-0.00022895
0.02160204,0.02499926,-0.00005848
0.02170204,0.02554043,0.00025595
0.02180205,0.02682512,0.00026576
0.02190206,0.02640775,0.00049423
0.02200207,0.02807353,0.00021935
0.02210208,0.02806153,0.00010713
0.02220209,0.02699317,0.00013418
0.02230210,0.02776314,-0.00004248
0.02240211,0.02715388,-0.00003186
0.02250212,0.02543954,-0.00012226
0.02260213,0.02732866,-0.00031504
0.02270213,0.02696639,-0.00018874
0.02280214,0.02605057,-0.00022320
0.02290215,0.02693160,-0.00045004
0.02300216,0.02626206,-0.00050439
0.02310217,0.02829184,-0.00048555
0.02320218,0.02788826,-0.00029652
0.02330219,0.02545150,-0.00030966
0.02340220,0.02706957,-0.00020089
0.02350220,0.02474666,0.00003974
0.02360221,0.02492142,-0.00003945
0.02370222,0.02746680,0.00025723
0.02380223,0.02686340,0.00030404
0.02390224,0.02468943,0.00032786
0.02400225,0.02599869,0.00024939
0.02410226,0.02636818,0.00044675
0.02420227,0.02518348,0.00052617
0.02430228,0.02567422,0.00005182
0.02440229,0.02546430,0.00013839
0.02450230,0.02619457,-0.00034637
0.02460230,0.02552374,-0.00016111
0.02470231,0.02425053,-0.00019552
0.02480232,0.02476171,-0.00002761
0.02490233,0.02482864,0.00016449
0.02500234,0.02476130,0.00043231
0.02510235,0.02600197,0.00015710
0.02520236,0.02578057,0.00030854
0.02530237,0.02442925,0.00021349
0.02540238,0.02561012,0.00018363
0.02550239,0.02333112,0.00010581
0.02560239,0.02343811,0.00018531
0.02570240,0.02459352,0.00026974
0.02580241,0.02409215,0.00002929
0.02590242,0.02455977,0.00006819
0.02600243,0.02483420,-0.00006791
0.02610244,0.02351589,0.00000363
0.02620245,0.02372974,-0.00035265
0.02630246,0.02380327,-0.00032128
0.02640247,0.02305719,-0.00053392
0.02650248,0.02311498,-0.00035634
0.02660248,0.02407825,-0.00035885
0.02670249,0.02470517,-0.00012630
0.02680250,0.02538563,-0.00033697
0.02690251,0.02466190,0.00004374
0.02700252,0.02579869,0.00006351
0.02710253,0.02573878,0.00017881
0.02720254,0.02413641,0.00013462
0.02730255,0.02580232,0.00027724
0.02740256,0.02592171,0.00027058
0.02750257,0.02489076,0.00017368
0.02760258,0.02545882,-0.00008494
0.02770258,0.02542457,-0.00005420
0.02780259,0.02440136,-0.00012471
0.02790260,0.02563545,-0.00027892
0.02800261,0.02364356,-0.00025377
0.02810262,0.02545675,-0.00025034
0.02820263,0.02379810,-0.00011378
0.02830264,0.02335674,0.00017544
0.02840265,0.02326602,0.00010520
0.02850266,0.02513557,0.00023588
0.02860266,0.02517264,0.00023460
0.02870267,0.02640642,0.00019310
0.02880268,0.02527419,0.00020079
0.02890269,0.02569018,0.00021935
0.02900270,0.02515419,0.00024507
0.02910271,0.02471821,0.00026610
0.02920272,0.02353003,-0.00005267
0.02930273,0.02591439,-0.00003996
0.02940274,0.02516654,-0.00017484
0.02950275,0.02680976,-0.00048468
0.02960275,0.02565010,-0.00039109
0.02970276,0.02727360,-0.00052971
0.02980277,0.02614310,-0.00046660
0.02990278,0.02453341,-0.00037998
0.03000279,0.02423912,-0.00025267
0.03010280,0.02525101,-0.00020146
0.03020281,0.02535581,0.00007674
0.03030282,0.02477078,-0.00006999
0.03040283,0.02428975,0.00020017
0.03050284,0.02336363,0.00033026
0.03060284,0.02432552,0.00024273
0.03070285,0.02360400,0.00014583
0.03080286,0.02294024,0.00034729
0.03090287,0.02379538,0.00016730
0.03100288,0.02333683,0.00032022
0.03110289,0.02577543,0.00005077
0.03120290,0.02577543,0.00013679
0.03130291,0.02395797,-0.00002448
0.03140292,0.02614422,0.00000961
0.03150293,0.02422613,-0.00005829
0.03160293,0.02529309,0.00016364
0.03170294,0.02610982,0.00003535
0.03180295,0.02553468,0.00010468
0.03190296,0.02528058,0.00015331
0.03200297,0.02535189,0.00005135
0.03210298,0.03208865,-0.00064502
0.03220299,0.03336851,-0.00125977
0.03230300,0.03995749,-0.00306852
0.03240301,0.04531846,-0.00505769
0.03250302,0.04751635,-0.00831857
0.03260302,0.04527463,-0.01247000
0.03270303,0.02949753,-0.01332011
0.03280304,0.08499826,0.08496150
0.03290305,0.08499701,0.08499657
0.03300306,0.08499703,0.08499726
0.03310307,0.08499606,0.08499794
0.03320308,0.08499511,0.08499809
0.03330309,0.08499546,0.08499781
0.03340310,0.04111723,-0.02918490
0.03350311,0.03621599,-0.01700629
0.03360312,0.03302530,-0.01190661
0.03370313,0.02968723,-0.00828610
0.03380313,0.02608838,-0.00549527
0.03390314,0.02414216,-0.00356687
0.03400315,0.02302330,-0.00182490
0.03410316,0.02146646,-0.00020702
0.03420317,0.02117359,0.00118575
0.03430318,0.02121213,0.00206554
0.03440319,0.02139072,0.00281103
0.03450320,0.02121624,0.00317838
0.03460321,0.02106146,0.00335396
0.03470321,0.02220992,0.00373887
0.03480322,0.02091701,0.00338210
0.03490323,0.02156728,0.00333884
0.03500324,0.02026810,0.00259198
0.03510325,0.02103271,0.00237438
0.03520326,0.02178108,0.00223305
0.03530327,0.02267132,0.00232871
0.03540328,0.02160103,0.00192440
0.03550328,0.02287715,0.00205821
0.03560329,0.02357993,0.00210000
0.03570330,0.02236151,0.00148605
0.03580331,0.02340002,0.00139799
0.03590332,0.02442650,0.00111874
0.03600333,0.02512801,0.00078206
0.03610334,0.02402014,0.00048845
0.03620335,0.02559805,0.00052469
0.03630336,0.02475517,0.00040112
0.03640337,0.02646330,0.00063143
0.03650338,0.02554280,0.00063697
0.03660339,0.02768428,0.00080815
0.03670340,0.02797594,0.00041059
0.03680340,0.02933314,0.00043662
0.03690341,0.02909612,0.00000222
0.03700342,0.03205714,-0.00009399
0.03710343,0.03136343,-0.00029839
0.03720344,0.03513275,-0.00017856
0.03730345,0.03496799,-0.00010477
0.03740346,0.03952000,0.00055651
0.03750347,0.03948902,0.00066651
0.03760347,0.04398104,0.00123640
0.03770348,0.04394383,0.00119534
0.03780349,0.04942937,0.00186432
0.03790350,0.04887279,0.00148526
0.03800351,0.05406595,0.00143238
0.03810352,0.05372683,0.00111760
0.03820353,0.05301629,0.00074013
0.03830354,0.05642477,0.00053283
0.03840355,0.05859024,0.00065343
0.03850356,0.05880367,0.00043081
0.03860357,0.05529515,0.00033277
0.03870358,0.05520692,0.00035449
0.03880358,0.04805200,-0.00025601
0.03890359,0.05289589,-0.00008794
0.03900360,0.05134253,-0.00042566
0.03910361,0.04668763,-0.00102299
0.03920362,0.04116967,-0.00160617
0.03930363,0.03972865,-0.00153409
0.03940364,0.03429508,-0.00165706
0.03950365,0.03400564,-0.00124499
0.03960366,0.03484691,-0.00092082
0.03970366,0.03464305,-0.00060894
0.03980367,0.03687432,-0.00040621
0.03990368,0.03615019,-0.00041966
0.04000369,0.03887771,-0.00014253
0.04010370,0.04187004,0.00004331
0.04020371,0.04490460,0.00024995
0.04030372,0.04279309,-0.00007067
0.04040373,0.04636620,0.00039798
0.04050373,0.04365014,0.00042603
0.04060374,0.04745101,0.00092384
0.04070375,0.04946548,0.00104104
0.04080376,0.04586600,0.00068560
0.04090377,0.05038347,0.00105303
0.04100378,0.04806015,0.00062001
0.04110379,0.05180883,0.00068761
0.04120380,0.05553996,0.00116838
0.04130381,0.05122346,0.00074345
0.04140382,0.05531219,0.00104744
0.04150383,0.05374311,0.00090150
0.04160384,0.05575785,0.00092226
0.04170385,0.05422075,0.00080264
0.04180385,0.05707434,0.00076444
0.04190386,0.06006808,0.00060396
0.04200387,0.05995260,0.00035362
0.04210388,0.05641621,-0.00021409
0.04220389,0.04719548,-0.00094645
0.04230390,0.04556857,-0.00097283
0.04240391,0.04380129,-0.00123182
0.04250392,0.02077690,-0.00310580
0.04260392,0.01773610,-0.00315802
0.04270393,0.01919215,-0.00251054
0.04280394,0.01963441,-0.00209092
0.04290395,0.01885551,-0.00187885
0.04300396,0.01852108,-0.00142393
0.04310397,0.01886251,-0.00117616
0.04320398,0.02094113,-0.00065817
0.04330399,0.02206709,-0.00041689
0.04340400,0.02012580,-0.00033418
0.04350401,0.02086539,0.00005008
0.04360402,0.02246919,0.00047698
0.04370403,0.02159366,0.00034022
0.04380403,0.02392323,0.00057817
0.04390404,0.02231506,0.00026729
0.04400405,0.02464268,0.00083321
0.04410406,0.02273316,0.00048224
0.04420407,0.02421691,0.00076278
0.04430408,0.02340898,0.00088322
0.04440409,0.02317188,0.00097258
0.04450410,0.02307180,0.00089594
0.04460411,0.02240307,0.00103660
0.04470411,0.02254698,0.00106882
0.04480412,0.02578338,0.00112451
0.04490413,0.02276197,0.00021288
0.04500414,0.02005658,-0.00007951
0.04510415,0.02200104,-0.00010973
0.04520416,0.00564793,-0.00186749
0.04530417,-0.01991299,-0.00462628
0.04540418,-0.02420145,-0.00493220
0.04550418,-0.02353983,-0.00429229
0.04560419,-0.02134915,-0.00355314
0.04570420,-0.02115449,-0.00318621
0.04580421,-0.02279868,-0.00280851
0.04590422,-0.02233226,-0.00243358
0.04600423,-0.02100606,-0.00178845
0.04610424,-0.01989555,-0.00143209
0.04620425,-0.01849234,-0.00135825
0.04630426,-0.01774528,-0.00043233
0.04640427,-0.01720960,0.00038012
0.04650428,-0.01693730,0.00066409
0.04660429,-0.01636009,0.00057615
0.04670429,-0.01550203,0.00075836
0.04680430,-0.01399282,0.00089942
0.04690431,-0.01279304,0.00082845
0.04700432,-0.01146892,0.00093313
0.04710433,-0.01061782,0.00080883
0.04720434,-0.00915671,0.00092779
0.04730435,-0.00807256,0.00106161
0.04740436,-0.00792340,0.00090939
0.04750437,-0.00784102,0.00085337
0.04760437,-0.00709154,0.00069746
0.04770438,-0.00674367,0.00060937
0.04780439,-0.00539352,0.00056817
0.04790440,-0.00404131,0.00066029
0.04800441,-0.00333684,0.00072413
0.04810442,-0.00213335,0.00068173
0.04820443,-0.00191221,0.00024769
0.04830444,0.00022702,0.00030257
0.04840445,0.00188246,0.00028813
0.04850446,0.00326095,0.00025291
0.04860447,0.00291804,0.00000076
0.04870448,0.00426871,-0.00004904
0.04880448,0.00465334,-0.00030307
0.04890449,0.00417934,-0.00040410
0.04900450,0.00430008,-0.00030450
0.04910451,0.00338276,-0.00036806
0.04920452,0.00291363,-0.00048183
0.04930453,0.00360009,-0.00038186
0.04940454,0.00387289,-0.00019554
0.04950455,0.00507523,-0.00004691
0.04960456,0.00737206,0.00026810
0.04970456,0.00675541,0.00018649
0.04980457,0.00752642,-0.00003870
0.04990458,0.00486595,-0.00067045
0.05000459,0.00463268,-0.00064009
0.05010460,0.00368590,-0.00044287
0.05020461,0.00498634,-0.00048810
0.05030462,0.00571089,-0.00060728
0.05040463,0.00622499,-0.00052537
0.05050463,0.00584381,-0.00060095
0.05060464,0.00534604,-0.00048376
0.05070465,0.00518342,-0.00039465
0.05080466,0.00609359,-0.00007442
0.05090467,0.00722222,0.00010630
0.05100468,0.00825147,0.00047563
0.05110469,0.00850548,0.00031875
0.05120470,0.00862066,0.00075753
0.05130471,0.00817873,0.00053421
0.05140472,0.00943459,0.00086342
0.05150473,0.01021694,0.00068340
0.05160474,0.01116265,0.00056898
0.05170474,0.01092108,0.00054711
0.05180475,0.01077351,0.00017798
0.05190476,0.00988268,0.00010061
0.05200477,0.01004751,-0.00007636
0.05210478,0.01075543,-0.00022409
0.05220479,0.01083091,-0.00037152
0.05230480,0.01197940,-0.00018597
0.05240481,0.01148727,-0.00023314
0.05250482,0.01242109,0.00015551
0.05260482,0.01243411,0.00021312
0.05270483,0.01299726,0.00008662
0.05280484,0.01187170,0.00013153
0.05290485,0.01331266,0.00009356
0.05300486,0.01283104,0.00002174
0.05310487,0.01167853,0.00004172
0.05320488,0.01166918,-0.00008355
0.05330489,0.01224023,-0.00007731
0.05340490,0.01321194,0.00000202
0.05350491,0.01395422,-0.00015919
0.05360492,0.01401431,-0.00014753
0.05370493,0.01450461,-0.00047891
0.05380493,0.01346202,-0.00020329
0.05390494,0.01387001,-0.00020502
0.05400495,0.01352884,-0.00022364
0.05410496,0.01438978,-0.00045831
0.05420497,0.01507271,-0.00034123
0.05430498,0.01605278,-0.00001392
0.05440499,0.01579685,-0.00004713
0.05450500,0.01563365,0.00023212
0.05460501,0.01654198,0.00040626
0.05470501,0.01655062,0.00052893
0.05480502,0.01796646,0.00045069
0.05490503,0.01835364,0.00014586
0.05500504,0.01881904,0.00039010
0.05510505,0.01919609,0.00005937
0.05520506,0.01909724,0.00005300
0.05530507,0.01956240,0.00001412
0.05540508,0.01947756,-0.00021190
0.05550508,0.02094560,0.00004063
0.05560509,0.02092094,-0.00007286
0.05570510,0.02281079,-0.00002887
0.05580511,0.02193984,0.00001600
0.05590512,0.02266258,0.00027983
0.05600513,0.02316345,0.00038802
0.05610514,0.02345150,0.00050715
0.05620515,0.02425484,0.00041152
0.05630516,0.02524078,0.00053035
0.05640517,0.02742098,0.00084141
0.05650518,0.02604748,0.00067424
0.05660519,0.02786948,0.00090593
0.05670519,0.02748444,0.00074582
0.05680520,0.02827260,0.00051888
0.05690521,0.02967418,0.00051861
0.05700522,0.03060650,0.00052595
0.05710523,0.03119783,0.00052697
0.05720524,0.02973069,0.00024006
0.05730525,0.03166933,0.00023664
0.05740526,0.03183350,0.00035809
0.05750527,0.03479585,0.00061154
0.05760527,0.03316075,0.00008001
0.05770528,0.03177163,0.00004203
0.05780529,0.03400538,0.00018270
0.05790530,0.03388959,0.00025911
0.05800531,0.03625260,0.00058460
0.05810532,0.03634943,0.00065555
0.05820533,0.03532963,0.00039356
0.05830534,0.03744985,0.00046100
0.05840535,0.03677641,0.00023449
0.05850536,0.03547954,-0.00017563
0.05860537,0.03749477,-0.00018094
0.05870538,0.03787179,-0.00056034
0.05880538,0.04051412,-0.00103905
0.05890539,0.04185624,-0.00116602
0.05900540,0.04099474,-0.00162473
0.05910541,0.04512469,-0.00115806
0.05920542,0.04912352,0.00011587
0.05930543,0.05380026,0.00196945
0.05940544,0.03976821,-0.00047944
0.05950545,0.03148839,0.00303021
0.05960546,0.08499735,0.08499680
0.05970546,0.08499724,0.08499671
0.05980547,0.08499761,0.08499723
0.05990548,0.08499756,0.08499709
0.06000549,0.08499785,0.08497204
0.06010550,0.03976621,0.02812482
0.06020551,0.03595414,0.02358380
0.06030552,0.03323560,0.02006369
0.06040553,0.03002212,0.01716792
0.06050554,0.02659501,0.01449353
0.06060555,0.02412671,0.01203656
0.06070555,0.02153396,0.00959641
0.06080556,0.02099845,0.00677305
0.06090557,0.02006975,0.00424300
0.06100558,0.02022007,0.00196577
0.06110559,0.02030275,-0.00019990
0.06120560,0.01930043,-0.00163424
0.06130561,0.01958533,-0.00339552
0.06140562,0.01931612,-0.00473160
0.06150563,0.02048142,-0.00656469
0.06160564,0.02116310,-0.00792524
0.06170564,0.02153894,-0.00821809
0.06180565,0.02312244,-0.00894885
0.06190566,0.02207213,-0.00861369
0.06200567,0.02341523,-0.00920245
0.06210568,0.02519125,-0.00945035
0.06220569,0.02627952,-0.00895258
0.06230570,0.02573833,-0.00775106
0.06240571,0.02538810,-0.00674611
0.06250572,0.02605349,-0.00576654
0.06260572,0.02740183,-0.00510830
0.06270573,0.02648330,-0.00404927
0.06280574,0.02793082,-0.00353832
0.06290575,0.02763046,-0.00257320
0.06300576,0.02902320,-0.00233482
0.06310577,0.03052872,-0.00179999
0.06320578,0.03014428,-0.00107095
0.06330579,0.03114650,-0.00020266
0.06340580,0.03171295,0.00024630
0.06350581,0.03476876,0.00075422
0.06360582,0.03368431,0.00133400
0.06370583,0.03619824,0.00151871
0.06380583,0.03581724,0.00161688
0.06390584,0.03881381,0.00147650
0.06400585,0.04023314,0.00118547
0.06410586,0.04186772,0.00110301
0.06420587,0.04427494,0.00036367
0.06430588,0.03620826,0.00146032
0.06440589,0.03849111,0.00152352
0.06450590,0.03679015,0.00129509
0.06460590,0.04003810,0.00081360
0.06470592,0.03856447,0.00092613
0.06480592,0.04184548,0.00053964
0.06490593,0.04057461,0.00045845
0.06500594,0.03544059,0.00130812
0.06510595,0.01906531,0.00344036
0.06520596,0.01308448,0.00413788
0.06530597,0.01307789,0.00379584
0.06540598,0.01154527,0.00347009
0.06550599,0.01347145,0.00317589
0.06560600,0.01280856,0.00263755
0.06570600,0.01486687,0.00176476
0.06580602,0.01310463,0.00134823
0.06590602,0.01374812,0.00074099
0.06600603,0.01173138,0.00032590
0.06610604,0.01263188,-0.00044309
0.06620605,0.01146994,-0.00068122
0.06630606,0.01079109,-0.00083200
0.06640607,0.01047310,-0.00091950
0.06650607,0.01220771,-0.00097882
0.06660609,0.01133662,-0.00087981
0.06670609,0.01279028,-0.00090901
0.06680611,0.01228003,-0.00107533
0.06690611,0.01316559,-0.00114739
0.06700612,0.01296939,-0.00106341
0.06710613,0.01232032,-0.00090248
0.06720614,0.01200794,-0.00097188
0.06730615,0.01312949,-0.00115300
0.06740616,0.01189438,-0.00044188
0.06750616,0.00937001,0.00002470
0.06760618,0.00802180,0.00034209
0.06770618,0.00790965,0.00041526
0.06780619,0.00717372,0.00038551
0.06790620,0.00712945,0.00023613
0.06800621,0.00497532,0.00027997
0.06810622,0.00448270,0.00017566
0.06820623,0.00428802,0.00022624
0.06830624,0.00229700,0.00045854
0.06840625,0.00111366,0.00055031
0.06850626,0.00209893,0.00081625
0.06860626,0.00359050,0.00072827
0.06870628,0.00277561,0.00070812
0.06880628,0.00344698,0.00041116
0.06890630,0.00333847,0.00021790
0.06900630,0.00457066,-0.00030372
0.06910631,0.00399546,-0.00039514
0.06920632,0.00410978,-0.00064727
0.06930633,0.00389276,-0.00070792
0.06940634,-0.00061403,-0.00015800
0.06950635,-0.00289407,0.00020351
0.06960635,-0.00314223,0.00011098
0.06970637,-0.00245084,-0.00005920
0.06980637,-0.00153609,-0.00033814
0.06990638,-0.00131194,-0.00039928
0.07000639,-0.00073940,-0.00049095
0.07010640,-0.00006894,-0.00071260
0.07020641,0.00088802,-0.00068917
0.07030642,0.00050425,-0.00053025
0.07040643,0.00054101,-0.00032562
0.07050644,0.00135402,-0.00019752
0.07060645,0.00175775,-0.00031560
0.07070645,0.00297639,-0.00046242
0.07080647,0.00203655,-0.00008641
0.07090647,0.00315448,-0.00062000
0.07100648,0.00269305,-0.00064484
0.07110649,0.00363471,-0.00081846
0.07120650,0.00515650,-0.00120644
0.07130651,0.00663693,-0.00141865
0.07140652,0.00552902,-0.00091433
0.07150652,0.00629534,-0.00082543
0.07160654,0.00519767,-0.00035833
0.07170654,0.00634799,-0.00030747
0.07180656,0.00720731,-0.00033709
0.07190656,0.00894363,-0.00048538
0.07200657,0.00899465,-0.00021797
0.07210658,0.00895045,-0.00041146
0.07220659,0.00952043,-0.00057700
0.07230660,0.01146603,-0.00055665
0.07240661,0.01077853,-0.00067707
0.07250661,0.01137638,-0.00028944
0.07260663,0.01060645,-0.00020098
0.07270663,0.01128495,-0.00026617
0.07280664,0.01262998,-0.00054478
0.07290665,0.01266474,-0.00058209
0.07300666,0.01287023,-0.00060174
0.07310667,0.01326801,-0.00080318
0.07320668,0.01499868,-0.00104386
0.07330669,0.01547633,-0.00086524
0.07340670,0.01648469,-0.00069870
0.07350671,0.01630153,-0.00050918
0.07360671,0.01627944,0.00026111
0.07370673,0.01573346,0.00009532
0.07380673,0.01710702,0.00003183
0.07390675,0.01788783,0.00000538
0.07400675,0.01931925,-0.00008235
0.07410676,0.01849627,-0.00027229
0.07420677,0.01760065,-0.00020039
0.07430678,0.01806206,-0.00018394
0.07440679,0.01857100,-0.00055973
0.07450680,0.01871623,-0.00061687
0.07460680,0.01904382,-0.00058392
0.07470682,0.01982541,-0.00050013
0.07480682,0.01884529,-0.00000011
0.07490683,0.02069722,-0.00026272
0.07500684,0.02089605,-0.00021558
0.07510685,0.02160907,-0.00014498
0.07520686,0.02108158,-0.00024356
0.07530687,0.02099409,-0.00009997
0.07540688,0.02191523,-0.00024089
0.07550689,0.02309167,-0.00028480
0.07560690,0.02388029,-0.00039840
0.07570690,0.02382535,-0.00012187
0.07580692,0.02459330,-0.00017672
0.07590692,0.02418134,-0.00046835
0.07600694,0.02621689,-0.00069806
0.07610694,0.02568084,-0.00075188
0.07620695,0.02595305,-0.00071388
0.07630696,0.02437385,-0.00068463
0.07640697,0.02579824,-0.00095252
0.07650697,0.02664550,-0.00089599
0.07660699,0.02770849,-0.00064921
0.07670699,0.02999867,-0.00069532
0.07680701,0.02861602,-0.00034338
0.07690701,0.02913986,-0.00009417
0.07700702,0.02899228,-0.00010629
0.07710703,0.03079120,-0.00031665
0.07720704,0.03104341,-0.00006336
0.07730705,0.03007259,-0.00003344
0.07740706,0.03135337,-0.00001355
0.07750706,0.03075078,-0.00013461
0.07760708,0.03344258,-0.00029573
0.07770708,0.03287240,0.00010974
0.07780709,0.03352237,0.00004348
0.07790710,0.03365332,-0.00012327
0.07800711,0.03263903,0.00001061
0.07810712,0.03400685,-0.00018067
0.07820713,0.03324644,-0.00024499
0.07830714,0.03215060,-0.00000748
0.07840715,0.03348093,0.00003515
0.07850716,0.03229862,0.00026786
0.07860716,0.03418931,0.00049421
0.07870718,0.03339585,0.00041886
0.07880718,0.03573132,0.00016533
0.07890720,0.03543137,0.00026739
0.07900720,0.03536050,0.00013449
0.07910721,0.03677108,-0.00017555
0.07920722,0.03475486,-0.00004406
0.07930723,0.03600734,-0.00022912
0.07940724,0.03572306,-0.00027494
0.07950725,0.03370937,-0.00006710
0.07960725,0.03429361,0.00017336
0.07970727,0.03454753,0.00011998
0.07980727,0.03527212,0.00029840
0.07990728,0.03538873,0.00039848
0.08000729,0.03435843,0.00051310
0.08010730,0.03164713,0.00053070
0.08020731,0.03276974,0.00048389
0.08030732,0.03272815,0.00052876
0.08040733,0.03168084,0.00052499
0.08050734,0.03170919,0.00040212
0.08060735,0.03133017,0.00053881
0.08070735,0.03344219,0.00037338
0.08080737,0.03233907,0.00048836
0.08090737,0.02960247,0.00058758
0.08100739,0.03121911,0.00028578
0.08110739,0.03011268,0.00019246
0.08120740,0.03090021,-0.00001197
0.08130741,0.03059061,-0.00026391
0.08140742,0.02960290,-0.00000445
0.08150742,0.02931542,-0.00010903
0.08160744,0.02971373,0.00002376
0.08170744,0.02859901,0.00009683
0.08180746,0.03021257,0.00011481
0.08190746,0.02816274,0.00037153
0.08200747,0.02834143,0.00020679
0.08210748,0.02801291,0.00030741
0.08220749,0.02585685,0.00030380
0.08230750,0.02672433,0.00007635
0.08240751,0.02611119,0.00021155
0.08250751,0.02526636,0.00021310
0.08260753,0.02661745,0.00001662
0.08270753,0.02555501,0.00003740
0.08280754,0.02672230,0.00003469
0.08290755,0.02622405,-0.00027524
0.08300756,0.02670891,-0.00018388
0.08310757,0.02544267,-0.00032930
0.08320758,0.02526875,-0.00048035
0.08330759,0.02705672,-0.00051681
0.08340760,0.02543024,-0.00027002
0.08350761,0.02632827,-0.00012888
0.08360761,0.02514787,0.00002948
0.08370763,0.02503035,0.00027373
0.08380763,0.02560886,0.00022946
0.08390765,0.02610941,0.00045563
0.08400765,0.02681174,-0.00000205
0.08410766,0.02601139,0.00013541
0.08420767,0.02775281,-0.00000146
0.08430768,0.02652041,-0.00020028
0.08440769,0.02521910,-0.00019752
0.08450770,0.02610570,-0.00016854
0.08460770,0.02831168,-0.00037789
0.08470772,0.02712605,-0.00015676
0.08480772,0.02674690,-0.00005725
0.08490773,0.02568846,0.00019518
0.08500774,0.02738145,-0.00010880
0.08510775,0.02579402,0.00025023
0.08520776,0.02944850,-0.00013959
0.08530777,0.02972341,-0.00031480
0.08540778,0.02791304,-0.00009887
0.08550779,0.03229977,-0.00082996
0.08560780,0.03683506,-0.00233395
0.08570780,0.03801270,-0.00282656
0.08580782,0.04831303,-0.00702156
0.08590782,0.04523540,-0.00845338
0.08600784,0.04435914,-0.01180304
0.08610784,0.03418060,-0.01427690
0.08620785,0.08499720,0.08495948
0.08630786,0.08499676,0.08495807
0.08640787,0.08499696,0.08499718
0.08650787,0.08499631,0.08499783
0.08660789,0.08499631,0.08499768
0.08670789,0.03429950,-0.02825280
0.08680791,0.03133117,-0.01816820
0.08690791,0.02820378,-0.01320031
0.08700792,0.02394652,-0.00958626
0.08710793,0.02219928,-0.00565091
0.08720794,0.02111473,-0.00318323
0.08730795,0.01994127,-0.00116336
0.08740796,0.01950486,0.00064894
0.08750797,0.01890455,0.00225595
0.08760798,0.01855570,0.00266010
0.08770798,0.01963889,0.00335743
0.08780799,0.01887460,0.00354412
0.08790800,0.01882774,0.00344271
0.08800801,0.01892223,0.00377920
0.08810802,0.01894612,0.00328093
0.08820803,0.02037196,0.00376381
0.08830804,0.02009140,0.00322147
0.08840805,0.02082261,0.00315462
0.08850806,0.02139291,0.00290046
0.08860806,0.02129006,0.00261427
0.08870808,0.02181640,0.00208836
0.08880808,0.02228764,0.00199746
0.08890810,0.02249680,0.00186387
0.08900810,0.02075378,0.00143325
0.08910811,0.02123024,0.00154095
0.08920812,0.02068167,0.00109392
0.08930813,0.02174896,0.00091736
0.08940814,0.02177949,0.00086497
0.08950815,0.02179503,0.00053196
0.08960815,0.02327264,0.00062491
0.08970817,0.02368022,0.00073949
0.08980817,0.02290355,0.00040261
0.08990818,0.02392194,0.00037894
0.09000819,0.02349394,0.00015572
0.09010820,0.02522923,0.00031984
0.09020821,0.02519818,0.00004340
0.09030822,0.02443934,-0.00026864
0.09040823,0.02423591,-0.00046590
0.09050824,0.02501487,-0.00070570
0.09060825,0.02388689,-0.00068663
0.09070825,0.02533223,-0.00062869
0.09080827,0.02397484,-0.00063631
0.09090827,0.02589186,-0.00041504
0.09100829,0.02418875,-0.00027604
0.09110829,0.02525149,-0.00016996
0.09120830,0.02377080,0.00004556
0.09130831,0.02501659,0.00014206
0.09140832,0.02273704,-0.00038444
0.09150832,0.02115638,-0.00038522
0.09160834,0.01959452,-0.00078376
0.09170834,0.01905267,-0.00075505
0.09180836,0.01869079,-0.00108591
0.09190836,0.01738171,-0.00113201
0.09200837,0.01538048,-0.00114223
0.09210838,0.01376707,-0.00095515
0.09220839,0.01296293,-0.00113424
0.09230840,0.01056600,-0.00117701
0.09240841,0.01156427,-0.00096643
0.09250842,0.01170853,-0.00061487
0.09260843,0.01282138,-0.00042711
0.09270844,0.01267505,-0.00016881
0.09280844,0.01261850,0.00029828
0.09290845,0.01037204,0.00018296
0.09300846,0.00996248,0.00040771
0.09310847,0.00932623,0.00017935
0.09320848,0.00960268,0.00047166
0.09330849,0.00884580,0.00020491
0.09340850,0.00861779,-0.00001239
0.09350851,0.00913396,0.00005798
0.09360851,0.00842428,-0.00013065
0.09370853,0.00865415,-0.00022049
0.09380853,0.00844827,-0.00029735
0.09390855,0.00868336,-0.00021756
0.09400855,0.00788226,-0.00018790
0.09410856,0.00857330,0.00013413
0.09420857,0.00877753,0.00016575
0.09430858,0.00955083,0.00030007
0.09440858,0.00906006,0.00009396
0.09450860,0.01017842,0.00014672
0.09460860,0.00995790,0.00003595
0.09470862,0.01054908,0.00036929
0.09480862,0.00997602,0.00009419
0.09490863,0.01088435,0.00021835
0.09500864,0.01071207,0.00014715
0.09510865,0.01127473,0.00022583
0.09520866,0.01186854,0.00002795
0.09530867,0.01164046,-0.00004441
0.09540868,0.01241038,-0.00004425
0.09550869,0.01157940,-0.00016345
0.09560870,0.01231384,-0.00008566
0.09570870,0.01153807,-0.00013544
0.09580872,0.01239791,-0.00005515
0.09590872,0.01169296,0.00001003
0.09600874,0.01285403,-0.00006342
0.09610874,0.01268560,0.00009538
0.09620875,0.01308590,0.00055505
0.09630876,0.01322958,0.00033516
0.09640877,0.01354402,0.00048460
0.09650877,0.01350157,0.00033555
0.09660879,0.01428148,-0.00009483
0.09670879,0.01457096,-0.00032259
0.09680881,0.01448528,-0.00004223
0.09690881,0.01491034,-0.00004463
0.09700882,0.01436493,-0.00011986
0.09710883,0.01461984,-0.00027644
0.09720884,0.01507180,-0.00028550
0.09730885,0.01651021,-0.00033808
0.09740886,0.01601209,-0.00037490
0.09750887,0.01705155,-0.00025894
0.09760888,0.01571965,-0.00007312
0.09770889,0.01798809,0.00007373
0.09780889,0.01817813,-0.00009777
0.09790891,0.01801345,0.00021086
0.09800891,0.01871182,0.00026045
0.09810892,0.01777778,0.00006657
0.09820893,0.01948546,0.00013510
0.09830894,0.01901263,0.00007188
0.09840895,0.01883201,-0.00009084
0.09850896,0.01878575,-0.00024178
0.09860896,0.01917750,-0.00016753
0.09870898,0.01918858,-0.00034322
0.09880898,0.02037741,-0.00004850
0.09890900,0.02010108,0.00007220
0.09900900,0.02092686,-0.00003211
0.09910901,0.02122057,0.00019320
0.09920902,0.02195499,0.00012734
0.09930903,0.02181583,-0.00008296
0.09940903,0.02138894,-0.00003742
0.09950905,0.02258044,0.00006404
0.09960905,0.02231437,0.00020263
0.09970907,0.02240615,0.00000348
0.09980907,0.02238946,0.00000662
0.09990908,0.02331510,0.00018703
0.10000909,0.02357917,-0.00010252
0.10010910,0.02300760,0.00007248
0.10020911,0.02495371,0.00010395
0.10030912,0.02462870,-0.00011431
0.10040913,0.02573638,-0.00005104
0.10050914,0.02566916,-0.00019684
0.10060915,0.02789002,0.00027087
0.10070915,0.02628194,-0.00018707
0.10080917,0.02759486,0.00022822
0.10090917,0.02668050,-0.00001695
0.10100919,0.02627824,0.00006169
0.10110919,0.02793591,0.00037848
0.10120920,0.02649213,0.00003083
0.10130921,0.02832742,0.00045835
0.10140922,0.02721292,0.00021159
0.10150922,0.02894159,0.00039370
0.10160924,0.02829417,0.00013628
0.10170924,0.02938213,0.00030047
0.10180926,0.02934555,0.00026528
0.10190926,0.02773215,-0.00025307
0.10200927,0.03012476,0.00020481
0.10210928,0.02862331,-0.00012931
0.10220929,0.03014837,-0.00006294
0.10230930,0.02956264,-0.00006589
0.10240931,0.03076745,0.00022592
0.10250932,0.03199156,0.00030891
0.10260933,0.03189535,0.00039493
0.10270934,0.03285857,0.00064446
0.10280934,0.03189586,0.00030574
0.10290936,0.03339197,0.00075451
0.10300936,0.03254964,0.00072449
0.10310938,0.03301641,0.00075832
0.10320938,0.03372178,0.00065868
0.10330939,0.03200785,0.00027402
0.10340940,0.03404941,0.00030407
0.10350941,0.03310705,0.00010122
0.10360941,0.03280115,-0.00036898
0.10370943,0.03195651,-0.00049049
0.10380943,0.03403069,-0.00020461
0.10390945,0.03443836,-0.00022565
0.10400945,0.03245834,-0.00047161
0.10410946,0.03493993,-0.00008685
0.10420947,0.03260428,-0.00030063
0.10430948,0.03447986,-0.00000875
0.10440948,0.03340312,-0.00021867
0.10450950,0.03240927,-0.00025966
0.10460950,0.03307726,-0.00025589
0.10470952,0.03143635,-0.00033742
0.10480952,0.03239737,-0.00007480
0.10490953,0.03078302,-0.00034655
0.10500954,0.03139827,-0.00000815
0.10510955,0.03207804,-0.00000516
0.10520956,0.03010421,-0.00047507
0.10530957,0.03042330,-0.00051016
0.10540958,0.02971322,-0.00034370
0.10550959,0.02975446,-0.00040530
0.10560960,0.02933605,-0.00037213
0.10570960,0.02755261,-0.00065958
0.10580962,0.02840118,-0.00038183
0.10590962,0.02787122,-0.00023136
0.10600964,0.02886752,-0.00005253
0.10610964,0.02827225,0.00020647
0.10620965,0.02721673,0.00039516
0.10630966,0.02680671,0.00073059
0.10640967,0.02500058,0.00023786
0.10650967,0.02617478,0.00039101
0.10660969,0.02590095,0.00014136
0.10670969,0.02566556,0.00016752
0.10680971,0.02490077,-0.00007445
0.10690971,0.02506234,-0.00002306
0.10700972,0.02690092,0.00025627
0.10710973,0.02532312,-0.00014699
0.10720974,0.02665215,0.00006758
0.10730975,0.02511021,-0.00013629
0.10740976,0.02494646,-0.00028282
0.10750977,0.02541743,-0.00009001
0.10760978,0.02455418,-0.00016822
0.10770979,0.02457972,-0.00032297
0.10780979,0.02419344,-0.00010583
0.10790981,0.02526809,0.00013634
0.10800981,0.02533178,0.00037513
0.10810983,0.02539774,0.00038667
0.10820983,0.02629288,0.00050418
0.10830984,0.02507666,0.00025015
0.10840985,0.02549078,0.00020206
0.10850986,0.02448662,-0.00014200
0.10860986,0.02583346,-0.00000213
0.10870988,0.02411106,-0.00040026
0.10880988,0.02477978,-0.00017052
0.10890990,0.02463485,-0.00034408
0.10900990,0.02456270,-0.00011307
0.10910991,0.02468513,-0.00004911
0.10920992,0.02459720,0.00027378
0.10930993,0.02648860,0.00067686
0.10940993,0.02574971,0.00052558
0.10950995,0.02580152,0.00071798
0.10960995,0.02488314,0.00032838
0.10970997,0.02554725,0.00037461
0.10980997,0.02470562,0.00004443
0.10990998,0.02407620,-0.00004079
0.11000999,0.02442605,-0.00014384
0.11011000,0.02382350,-0.00020417
0.11021001,0.02592099,0.00010564
0.11031002,0.02388910,-0.00036629
0.11041003,0.02391115,-0.00027819
0.11051004,0.02311391,-0.00046513
0.11061005,0.02341171,-0.00030659
0.11071005,0.02418919,-0.00027736
0.11081007,0.02362505,-0.00015848
0.11091007,0.02403951,-0.00034110
0.11101009,0.02395686,0.00000739
0.11111009,0.02553993,0.00039517
0.11121010,0.02323822,-0.00023845
0.11131011,0.02373603,0.00039173
0.11141012,0.02425844,0.00052225
0.11151012,0.02355218,0.00006089
0.11161014,0.02446505,0.00006668
0.11171014,0.02316204,-0.00008378
0.11181016,0.02462193,0.00014979
0.11191016,0.02413889,-0.00025467
0.11201017,0.02402398,-0.00070131
0.11211018,0.02734428,-0.00082188
0.11221019,0.03387503,-0.00031167
0.11231020,0.03475726,0.00009121
0.11241021,0.03952211,0.00087811
0.11251022,0.04482227,0.00222119
0.11261023,0.04899414,0.00507377
0.11271024,0.03706905,0.00261766
0.11281024,0.08499747,0.08496351
0.11291026,0.08499751,0.08499646
0.11301026,0.08499720,0.08499678
0.11311028,0.08499754,0.08499730
0.11321028,0.08499745,0.08499724
0.11331029,0.08499758,0.08496999
0.11341030,0.03331465,0.02698219
0.11351031,0.03003413,0.02232529
0.11361031,0.02885727,0.01789744
0.11371033,0.02595530,0.01556353
0.11381033,0.02260356,0.01325828
0.11391035,0.01974906,0.01074117
0.11401035,0.01889151,0.00731481
0.11411036,0.01790649,0.00493159
0.11421037,0.01724673,0.00233056
0.11431038,0.01715067,0.00023782
0.11441039,0.01529944,-0.00126264
0.11451040,0.01599037,-0.00309478
0.11461040,0.01577115,-0.00455967
0.11471042,0.01651539,-0.00592052
0.11481042,0.01688170,-0.00660023
0.11491043,0.01773363,-0.00720081
0.11501044,0.01884951,-0.00786358
0.11511045,0.01865421,-0.00765040
0.11521046,0.01929713,-0.00766541
0.11531047,0.01891653,-0.00698427
0.11541048,0.01963727,-0.00687350
0.11551049,0.02064552,-0.00619965
0.11561050,0.02236849,-0.00606890
0.11571050,0.02096823,-0.00485411
0.11581052,0.02161954,-0.00422311
0.11591052,0.01902175,-0.00288297
0.11601054,0.01983353,-0.00241715
0.11611054,0.01913581,-0.00191895
0.11621055,0.01976939,-0.00149382
0.11631056,0.01888009,-0.00078130
0.11641057,0.01988899,-0.00037179
0.11651057,0.01905321,0.00026838
0.11661059,0.01956737,0.00082491
0.11671059,0.01857610,0.00155828
0.11681061,0.01886537,0.00177471
0.11691061,0.01769995,0.00206583
0.11701062,0.01792906,0.00218512
0.11711063,0.01711982,0.00222968
0.11721064,0.01600618,0.00214905
0.11731065,0.01477243,0.00215938
0.11741066,0.01503044,0.00176280
0.11751067,0.01327415,0.00187271
0.11761068,0.01390061,0.00154106
0.11771069,0.01469546,0.00119711
0.11781069,0.01460367,0.00100422
0.11791071,0.01397314,0.00063759
0.11801071,0.01438062,0.00045030
0.11811073,0.01349897,0.00015682
0.11821073,0.01415093,-0.00037757
0.11831074,0.01353889,-0.00013422
0.11841075,0.01362156,-0.00010042
0.11851076,0.01297016,-0.00004558
0.11861076,0.01341253,-0.00014282
0.11871078,0.01385286,-0.00014167
0.11881078,0.01312208,0.00017095
0.11891080,0.01216925,0.00031049
0.11901080,0.01098137,0.00050995
0.11911081,0.01151625,0.00003155
0.11921082,0.01154315,-0.00015672
0.11931083,0.01107385,-0.00028290
0.11941084,0.01242177,-0.00076022
0.11951085,0.01174159,-0.00090475
0.11961086,0.01127860,-0.00069302
0.11971087,0.01195950,-0.00068397
0.11981087,0.01134684,-0.00055519
0.11991088,0.01183913,-0.00040603
0.12001089,0.01131744,-0.00019178
0.12011090,0.01189179,-0.00027309
0.12021091,0.01128626,-0.00008306
0.12031092,0.01230240,-0.00055976
0.12041093,0.01241237,-0.00056143
0.12051094,0.01375841,-0.00053544
0.12061095,0.01295342,-0.00036827
0.12071095,0.01378803,-0.00026948
0.12081097,0.01239216,-0.00007390
0.12091097,0.01193136,-0.00004455
0.12101099,0.01234942,0.00000430
0.12111099,0.01249818,-0.00022720
0.12121100,0.01292306,-0.00041349
0.12131101,0.01380655,-0.00079306
0.12141102,0.01327563,-0.00061522
0.12151102,0.01454446,-0.00065630
0.12161104,0.01487761,-0.00038241
0.12171104,0.01434207,0.00029829
0.12181106,0.01447116,0.00027177
0.12191106,0.01454286,0.00024434
0.12201107,0.01571332,0.00014191
0.12211108,0.01507876,0.00017798
0.12221109,0.01572028,-0.00004656
0.12231110,0.01558261,-0.00031845
0.12241111,0.01628022,-0.00039218
0.12251112,0.01527200,-0.00018174
0.12261113,0.01635550,-0.00042904
0.12271114,0.01599950,-0.00027177
0.12281114,0.01495689,-0.00010278
0.12291116,0.01519763,-0.00016356
0.12301116,0.01619730,-0.00011269
0.12311118,0.01563060,-0.00052513
0.12321118,0.01584591,-0.00047001
0.12331119,0.01653528,-0.00035011
0.12341120,0.01610056,-0.00044573
0.12351121,0.01761386,-0.00031731
0.12361121,0.01786609,0.00010124
0.12371123,0.01825535,-0.00009022
0.12381123,0.01748411,0.00016155
0.12391125,0.01840081,0.00045794
0.12401125,0.01788114,0.00045061
0.12411126,0.01843173,0.00002340
0.12421127,0.01869802,-0.00021348
0.12431128,0.01827394,-0.00018123
0.12441129,0.01851822,-0.00021290
0.12451130,0.01772314,-0.00044261
0.12461131,0.01848615,-0.00064089
0.12471132,0.01893832,-0.00062210
0.12481133,0.02056963,-0.00057286
0.12491133,0.02001754,-0.00007195
0.12501134,0.02092747,-0.00024532
0.12511135,0.02019500,-0.00030949
0.12521136,0.02139445,-0.00015213
0.12531137,0.02019385,-0.00015997
0.12541138,0.02230703,-0.00032747
0.12551139,0.02178040,-0.00040612
0.12561140,0.02350975,-0.00035577
0.12571140,0.02317385,-0.00038825
0.12581142,0.02291095,-0.00012973
0.12591142,0.02308097,-0.00010006
0.12601144,0.02208273,-0.00032173
0.12611144,0.02229624,-0.00026299
0.12621145,0.02282252,-0.00036373
0.12631146,0.02364035,-0.00069086
0.12641147,0.02353264,-0.00091457
0.12651147,0.02617064,-0.00138839
0.12661149,0.02483268,-0.00092607
0.12671149,0.02593753,-0.00072243
0.12681151,0.02599417,-0.00034034
0.12691151,0.02457375,-0.00004672
0.12701152,0.02619356,0.00010572
0.12711153,0.02573274,0.00002964
0.12721154,0.02644598,0.00015236
0.12731155,0.02642899,0.00004492
0.12741156,0.02821776,-0.00020784
0.12751157,0.02730500,-0.00011734
0.12761158,0.02811085,0.00002878
0.12771159,0.02696387,0.00008454
0.12781159,0.02816807,-0.00013430
0.12791161,0.02817494,-0.00001079
0.12801161,0.02625465,0.00013253
0.12811162,0.02693447,0.00010541
0.12821162,0.02673066,-0.00000211
0.12831165,0.02694440,0.00004594
0.12841165,0.02678069,0.00017391
0.12851166,0.02614401,0.00010395
0.12861166,0.02795856,0.00015248
0.12871167,0.02782015,0.00011055
0.12881169,0.02909609,0.00011596
0.12891170,0.02816280,0.00030260
0.12901170,0.02988152,-0.00002640
0.12911171,0.02954277,0.00025753
0.12921172,0.02971563,-0.00008345
0.12931174,0.02918565,-0.00008968
0.12941174,0.02792417,-0.00024740
0.12951175,0.02995875,-0.00082311
0.12961176,0.02828504,-0.00056141
0.12971176,0.03058384,-0.00065063
0.12981178,0.02969704,-0.00036324
0.12991179,0.02961276,-0.00015533
0.13001180,0.02969191,0.00002446
0.13011180,0.02885352,0.00014229
0.13021181,0.03042860,0.00001338
0.13031181,0.02978097,0.00023983
0.13041183,0.03092455,0.00008688
0.13051184,0.03055764,0.00015813
0.13061185,0.03121926,0.00004173
0.13071185,0.03047917,0.00028415
0.13081186,0.02866356,0.00048182
0.13091188,0.03102853,0.00035376
0.13101189,0.02910238,0.00008678
0.13111189,0.03125143,0.00001712
0.13121190,0.02964381,0.00008102
0.13131190,0.02910515,0.00015414
0.13141193,0.03073756,-0.00021857
0.13151193,0.02940142,-0.00014446
0.13161194,0.03110730,-0.00014697
0.13171194,0.03083693,0.00020535
0.13181195,0.03067121,0.00008218
0.13191196,0.02949405,0.00046646
0.13201198,0.02912176,0.00058561
0.13211198,0.02963580,0.00037208
0.13221199,0.02876689,0.00043559
0.13231200,0.02940038,0.00019597
0.13241200,0.02899197,0.00017502
0.13251202,0.02738744,0.00018550
0.13261203,0.02793278,-0.00003201
0.13271204,0.02725203,0.00013999
0.13281204,0.02683647,0.00000012
0.13291205,0.02715271,-0.00014409
0.13301207,0.02913808,-0.00061832
0.13311208,0.02808132,-0.00039689
0.13321208,0.02755848,-0.00035166
0.13331209,0.02755752,-0.00029393
0.13341209,0.02653568,-0.00008471
0.13351212,0.02655363,0.00004169
0.13361212,0.02637145,0.00005639
0.13371213,0.02598618,0.00030464
0.13381213,0.02715177,0.00032062
0.13391214,0.02670590,0.00036800
0.13401215,0.02726706,0.00019558
0.13411217,0.02693980,0.00026469
0.13421217,0.02755228,0.00009141
0.13431218,0.02618504,0.00020081
0.13441219,0.02504655,0.00016604
0.13451219,0.02664164,-0.00002641
0.13461221,0.02567145,-0.00008553
0.13471222,0.02616744,-0.00014884
0.13481223,0.02542514,0.00011415
0.13491223,0.02460702,0.00022777
0.13501224,0.02466255,0.00043908
0.13511226,0.02424503,0.00041888
0.13521227,0.02527742,0.00049164
0.13531227,0.02398453,0.00048068
0.13541228,0.02315949,0.00047033
0.13551228,0.02389578,0.00032088
0.13561230,0.02379865,0.00011022
0.13571231,0.02510405,-0.00013011
0.13581232,0.02515176,-0.00010688
0.13591232,0.02511138,-0.00006705
0.13601233,0.02597046,-0.00022231
0.13611234,0.02718911,-0.00067123
0.13621236,0.02647754,-0.00057233
0.13631236,0.02583229,-0.00061562
0.13641237,0.02730837,-0.00077121
0.13651237,0.02575498,-0.00065599
0.13661238,0.02801101,-0.00073902
0.13671240,0.02615320,-0.00046635
0.13681241,0.02776451,-0.00029887
0.13691241,0.02684078,0.00005261
0.13701242,0.02745354,0.00010011
0.13711243,0.02657517,0.00040801
0.13721245,0.02735885,0.00031896
0.13731245,0.02695207,0.00038479
0.13741246,0.02474668,0.00046932
0.13751247,0.02591074,0.00029170
0.13761247,0.02396864,0.00034542
0.13771249,0.02321240,0.00031555
0.13781250,0.02389528,0.00030882
0.13791251,0.02274765,0.00015927
0.13801251,0.02444071,0.00004198
0.13811252,0.02434341,0.00020001
0.13821252,0.02407384,0.00015217
0.13831255,0.02200699,0.00014874
0.13841255,0.02156746,0.00040192
0.13851256,0.02145314,0.00041202
0.13861256,0.02148503,0.00042545
0.13871257,0.02256475,0.00075109
0.13881259,0.02568866,0.00026977
0.13891260,0.02813242,-0.00056518
0.13901260,0.03472540,-0.00196137
0.13911261,0.04179420,-0.00502886
0.13921262,0.04406440,-0.00836088
0.13931264,0.04443276,-0.01269156
0.13941264,0.03498123,-0.01283483
0.13951265,0.08499697,0.08495951
0.13961266,0.08499698,0.08499652
0.13971266,0.08499695,0.08499718
0.13981268,0.08499628,0.08499784
0.13991269,0.08499653,0.08499753
0.14001270,0.08499648,0.08499753
0.14011270,0.03257459,-0.01705419
0.14021271,0.03020293,-0.01232097
0.14031271,0.02735379,-0.00873749
0.14041273,0.02495424,-0.00599826
0.14051274,0.02254979,-0.00415705
0.14061275,0.02125122,-0.00262815
0.14071275,0.01987938,-0.00078194
0.14081276,0.01832851,-0.00017590
0.14091278,0.01815487,0.00066982
0.14101279,0.01818311,0.00128017
0.14111279,0.01791976,0.00156101
0.14121280,0.01794538,0.00230064
0.14131281,0.01810886,0.00236544
0.14141283,0.01842040,0.00240837
0.14151283,0.01820357,0.00214716
0.14161284,0.01946797,0.00208282
0.14171284,0.01919110,0.00187834
0.14181285,0.01977333,0.00168611
0.14191286,0.02133309,0.00177832
0.14201288,0.02071049,0.00155898
0.14211288,0.02129419,0.00148738
0.14221289,0.02191176,0.00150645
0.14231290,0.02153357,0.00126185
0.14241290,0.02215982,0.00107919
0.14251292,0.02057066,0.00057190
0.14261293,0.02135088,0.00057615
0.14271294,0.02111430,0.00053543
0.14281294,0.02206956,0.00053963
0.14291295,0.02161206,0.00018871
0.14301297,0.02278245,0.00064184
0.14311298,0.02357672,0.00063294
0.14321298,0.02232939,0.00058820
0.14331299,0.02342653,0.00050419
0.14341299,0.02145762,0.00025114
0.14351302,0.02124068,0.00001288
0.14361302,0.01967571,-0.00052053
0.14371303,0.02069329,-0.00065787
0.14381303,0.01961895,-0.00088109
0.14391304,0.02056644,-0.00084089
0.14401305,0.01860291,-0.00077485
0.14411307,0.01918639,-0.00063610
0.14421307,0.01846392,-0.00052900
0.14431308,0.01873708,-0.00023008
0.14441309,0.01671695,-0.00041713
0.14451309,0.01778401,0.00013117
0.14461311,0.01584850,-0.00004559
0.14471312,0.01717196,-0.00014575
0.14481313,0.01652012,-0.00040380
0.14491313,0.01540992,-0.00063558
0.14501314,0.01522326,-0.00041550
0.14511316,0.01543986,-0.00021996
0.14521317,0.01463776,-0.00028618
0.14531317,0.01486139,-0.00035142
0.14541318,0.01346013,-0.00024403
0.14551318,0.01361471,-0.00013549
0.14561320,0.01258410,-0.00048312
0.14571321,0.01199321,-0.00037649
0.14581322,0.01254606,-0.00056338
0.14591322,0.01126366,-0.00045265
0.14601323,0.01238557,-0.00008657
0.14611324,0.01136933,-0.00000931
0.14621326,0.01224556,0.00043381
0.14631326,0.01145958,0.00049831
0.14641327,0.01107808,0.00052218
0.14651328,0.01157634,0.00052872
0.14661328,0.01189418,0.00044682
0.14671330,0.01221092,0.00024907
0.14681331,0.01178882,-0.00010217
0.14691331,0.01303030,-0.00005604
0.14701332,0.01255726,-0.00034069
0.14711333,0.01270644,-0.00004767
0.14721335,0.01293005,-0.00012010
0.14731335,0.01375664,0.00024285
0.14741336,0.01351728,0.00030322
0.14751337,0.01350744,0.00030707
0.14761337,0.01258053,0.00029274
0.14771339,0.01241061,0.00000401
0.14781340,0.01370475,-0.00010497
0.14791341,0.01383740,-0.00014175
0.14801341,0.01518846,-0.00021478
0.14811342,0.01444401,0.00007714
0.14821342,0.01554765,0.00018432
0.14831345,0.01531009,0.00027130
0.14841345,0.01559396,0.00049490
0.14851346,0.01578844,0.00006437
0.14861346,0.01626469,0.00002889
0.14871347,0.01615611,-0.00015454
0.14881349,0.01659517,-0.00051915
0.14891350,0.01649692,-0.00063057
0.14901350,0.01624023,-0.00057712
0.14911351,0.01604744,-0.00054284
0.14921352,0.01536593,-0.00023322
0.14931354,0.01675569,0.00002572
0.14941354,0.01667539,0.00024582
0.14951355,0.01758636,0.00041284
0.14961356,0.01645852,0.00048185
0.14971356,0.01635963,0.00009915
0.14981358,0.01710396,-0.00001761
0.14991359,0.01680494,-0.00016393
0.15001360,0.01720481,-0.00023101
0.15011360,0.01674896,-0.00028739
0.15021361,0.01798549,-0.00015945
0.15031361,0.01698328,-0.00026195
0.15041364,0.01775919,-0.00015359
0.15051364,0.01847979,-0.00010994
0.15061365,0.01832498,-0.00014735
0.15071365,0.01941926,-0.00047244
0.15081366,0.01908594,-0.00043040
0.15091368,0.01964072,-0.00031600
0.15101369,0.01914340,-0.00043542
0.15111369,0.01948743,-0.00020393
0.15121370,0.01890168,-0.00032757
0.15131371,0.02114435,0.00034959
0.15141373,0.02053665,0.00021249
0.15151373,0.02124628,0.00032256
0.15161374,0.02087155,0.00015784
0.15171375,0.02212352,-0.00005135
0.15181375,0.02081870,-0.00085581
0.15191376,0.01977643,-0.00104865
0.15201378,0.02192230,-0.00047193
0.15211378,0.02169392,-0.00029929
0.15221379,0.02305207,-0.00003938
0.15231380,0.02248279,-0.00010610
0.15241380,0.02374014,0.00045887
0.15251382,0.02266136,0.00024026
0.15261383,0.02296411,0.00057407
0.15271384,0.02225009,0.00042409
0.15281384,0.02468675,0.00072164
0.15291385,0.02242437,0.00029821
0.15301387,0.02259211,0.00018296
0.15311388,0.02500625,0.00055217
0.15321388,0.02479115,0.00052189
0.15331389,0.02700985,0.00087105
0.15341389,0.02612577,0.00075014
0.15351392,0.02768001,0.00046027
0.15361392,0.02677453,0.00027787
0.15371393,0.02544227,-0.00015130
0.15381393,0.02633461,-0.00013744
0.15391394,0.02522319,-0.00038441
0.15401395,0.02818381,-0.00004752
0.15411397,0.02745535,-0.00025099
0.15421397,0.02771138,-0.00024167
0.15431398,0.02808508,0.00003786
0.15441399,0.02851436,0.00029356
0.15451399,0.02890141,0.00053703
0.15461401,0.02796376,0.00039316
0.15471402,0.03108832,0.00087107
0.15481403,0.03006629,0.00056896
0.15491403,0.03152703,0.00037702
0.15501404,0.02931660,-0.00023625
0.15511406,0.03073225,-0.00003249
0.15521407,0.03050445,-0.00014160
0.15531407,0.03001153,-0.00007388
0.15541408,0.03042373,-0.00012963
0.15551408,0.02976741,-0.00012185
0.15561411,0.03187451,0.00025158
0.15571411,0.03061412,0.00000248
0.15581412,0.02964793,-0.00031246
0.15591412,0.03055570,-0.00020469
0.15601413,0.02945502,-0.00029339
0.15611414,0.03030507,-0.00012862
0.15621416,0.02957420,-0.00022861
0.15631416,0.02796161,-0.00000146
0.15641417,0.03045842,0.00058912
0.15651418,0.02827232,0.00034413
0.15661418,0.03058420,0.00038168
0.15671420,0.02817973,-0.00021923
0.15681421,0.02909070,-0.00030992
0.15691422,0.02785784,-0.00027995
0.15701422,0.02614161,-0.00090264
0.15711423,0.02860937,-0.00053257
0.15721425,0.02749675,-0.00052549
0.15731425,0.02728970,-0.00079735
0.15741426,0.02730927,-0.00022455
0.15751427,0.02714237,-0.00004063
0.15761427,0.02885593,0.00028139
0.15771429,0.02882272,0.00043251
0.15781430,0.03037712,0.00058276
0.15791431,0.02936119,0.00055326
0.15801431,0.02776746,0.00006311
0.15811432,0.02935856,0.00022792
0.15821432,0.02861670,0.00020592
0.15831435,0.03060943,0.00066247
0.15841435,0.02873425,0.00023515
0.15851436,0.03026839,0.00029384
0.15861436,0.02892013,0.00002063
0.15871437,0.02791258,-0.00019614
0.15881439,0.02855922,-0.00013457
0.15891440,0.02786171,-0.00017408
0.15901440,0.02882143,-0.00008127
0.15911441,0.02819093,-0.00007620
0.15921442,0.02994478,0.00031278
0.15931444,0.03011073,0.00054317
0.15941444,0.02969629,0.00063097
0.15951445,0.03096307,0.00060380
0.15961446,0.02901561,0.00059512
0.15971446,0.02629094,-0.00006605
0.15981448,0.02741184,0.00009551
0.15991449,0.02648149,-0.00012533
0.16001450,0.02806221,-0.00002475
0.16011450,0.02688379,-0.00050920
0.16021451,0.02804387,-0.00059261
0.16031451,0.02793401,-0.00034027
0.16041454,0.02608573,-0.00067362
0.16051454,0.02629648,-0.00047072
0.16061455,0.02445282,-0.00073328
0.16071455,0.02505462,-0.00056852
0.16081456,0.02506675,-0.00019025
0.16091458,0.02547924,-0.00045264
0.16101459,0.02531863,-0.00015380
0.16111459,0.02382305,-0.00038463
0.16121460,0.02470992,-0.00002490
0.16131461,0.02355442,-0.00012501
0.16141463,0.02356572,0.00004411
0.16151463,0.02431645,0.00028439
0.16161464,0.02239602,0.00014952
0.16171465,0.02347976,0.00022802
0.16181465,0.02330690,0.00022408
0.16191466,0.02285494,-0.00003966
0.16201468,0.02307567,-0.00025920
0.16211469,0.02334889,-0.00005968
0.16221469,0.02372343,0.00011217
0.16231470,0.02294260,0.00003031
0.16241470,0.02351583,0.00020514
0.16251472,0.02401734,0.00062731
0.16261473,0.02430197,0.00083061
0.16271474,0.02351147,0.00039752
0.16281474,0.02167740,0.00001890
0.16291475,0.02322306,0.00040217
0.16301477,0.02373339,0.00073464
0.16311478,0.02511235,0.00058103
0.16321478,0.02352385,0.00040180
0.16331479,0.02334212,0.00005709
0.16341479,0.02467365,0.00024897
0.16351482,0.02478651,0.00029330
0.16361482,0.02537483,0.00021364
0.16371483,0.02300145,-0.00054828
0.16381483,0.02521773,-0.00024495
0.16391484,0.02483377,-0.00017909
0.16401485,0.02534651,-0.00025558
0.16411487,0.02533430,-0.00034825
0.16421487,0.02524976,-0.00031683
0.16431488,0.02641791,0.00000994
0.16441489,0.02479962,-0.00014822
0.16451489,0.02683629,0.00052315
0.16461491,0.02516519,0.00048731
0.16471492,0.02648111,0.00056764
0.16481493,0.02591350,0.00036215
0.16491493,0.02570735,0.00011318
0.16501494,0.02680301,0.00003022
0.16511496,0.02515964,-0.00044407
0.16521497,0.02762268,-0.00009871
0.16531497,0.02549720,-0.00047699
0.16541498,0.02623808,-0.00086870
0.16551498,0.03071073,-0.00075328
0.16561501,0.03499117,-0.00033565
0.16571501,0.04041242,0.00082980
0.16581502,0.03989935,0.00075668
0.16591502,0.04255135,0.00078631
0.16601503,0.04574984,0.00199525
0.16611504,0.04180786,0.00275852
0.16621506,0.08499730,0.08499631
0.16631506,0.08499750,0.08499594
0.16641507,0.08499717,0.08499707
0.16651508,0.08499759,0.08499718
0.16661508,0.08499744,0.08497287
0.16671510,0.08499757,0.08496795
0.16681511,0.03141205,0.03201898
0.16691512,0.02888440,0.02577672
0.16701512,0.02751720,0.02131877
0.16711513,0.02704917,0.01616245
0.16721515,0.02438720,0.01316847
0.16731516,0.02163148,0.01072734
0.16741516,0.01971813,0.00742637
0.16751517,0.01826269,0.00464301
0.16761517,0.01763218,0.00245782
0.16771519,0.01648653,0.00043847
0.16781520,0.01676949,-0.00170178
0.16791521,0.01674198,-0.00344169
0.16801521,0.01535052,-0.00442223
0.16811522,0.01606487,-0.00587282
0.16821523,0.01602523,-0.00657776
0.16831525,0.01712694,-0.00711472
0.16841525,0.01809401,-0.00768432
0.16851526,0.01956682,-0.00809264
0.16861526,0.01868745,-0.00789300
0.16871527,0.01972142,-0.00817122
0.16881529,0.01921089,-0.00720256
0.16891530,0.01974991,-0.00655775
0.16901530,0.02026678,-0.00615105
0.16911531,0.01971788,-0.00501861
0.16921532,0.02130277,-0.00453906
0.16931534,0.02039402,-0.00328325
0.16941534,0.02062930,-0.00290192
0.16951535,0.01927238,-0.00204368
0.16961536,0.01879994,-0.00155619
0.16971536,0.01814220,-0.00106076
0.16981538,0.01815221,-0.00044149
0.16991539,0.01779766,0.00044874
0.17001540,0.01752950,0.00091583
0.17011540,0.01745599,0.00144207
0.17021541,0.01769131,0.00182248
0.17031541,0.01670733,0.00211152
0.17041544,0.01623565,0.00227578
0.17051544,0.01702732,0.00203772
0.17061545,0.01564535,0.00197592
0.17071545,0.01391400,0.00162345
0.17081546,0.01481521,0.00159007
0.17091548,0.01525848,0.00142876
0.17101549,0.01585877,0.00114861
0.17111549,0.01526493,0.00127870
0.17121550,0.01581335,0.00085927
0.17131551,0.01451229,0.00087659
0.17141553,0.01522176,0.00065050
0.17151553,0.01443681,0.00022984
0.17161554,0.01479540,0.00039788
0.17171555,0.01372286,0.00028180
0.17181555,0.01411664,0.00010502
0.17191556,0.01358620,0.00013058
0.17201558,0.01454738,0.00014156
0.17211559,0.01335016,0.00035833
0.17221559,0.01266864,0.00041292
0.17231560,0.01214755,0.00010787
0.17241560,0.01230827,-0.00011898
0.17251563,0.01231205,-0.00064234
0.17261563,0.01202102,-0.00065566
0.17271564,0.01119845,-0.00062284
0.17281564,0.01099283,-0.00065435
0.17291565,0.01215401,-0.00120465
0.17301567,0.01108750,-0.00070300
0.17311568,0.01130193,-0.00043442
0.17321568,0.01153530,-0.00064684
0.17331569,0.01217063,-0.00047345
0.17341570,0.01240727,-0.00064096
0.17351572,0.01184424,-0.00051008
0.17361572,0.01225920,-0.00078500
0.17371573,0.01238174,-0.00072951
0.17381573,0.01327932,-0.00043487
0.17391574,0.01342457,-0.00054172
0.17401575,0.01421663,-0.00038808
0.17411577,0.01377658,-0.00011773
0.17421577,0.01380472,-0.00012111
0.17431578,0.01234226,0.00015497
0.17441579,0.01380854,0.00002751
0.17451579,0.01425572,-0.00024436
0.17461581,0.01509436,-0.00052569
0.17471582,0.01549967,-0.00046232
0.17481583,0.01514805,-0.00036370
0.17491583,0.01622101,-0.00044360
0.17501584,0.01490530,-0.00003974
0.17511586,0.01659084,0.00017278
0.17521587,0.01555284,0.00011093
0.17531587,0.01620373,0.00047402
0.17541588,0.01523569,0.00042482
0.17551588,0.01566185,0.00027112
0.17561591,0.01556817,0.00016668
0.17571591,0.01625213,0.00000349
0.17581592,0.01617844,0.00010265
0.17591592,0.01609299,-0.00000107
0.17601593,0.01709727,-0.00005932
0.17611594,0.01633909,-0.00030731
0.17621596,0.01702618,-0.00015816
0.17631596,0.01611107,-0.00024541
0.17641597,0.01647310,-0.00073897
0.17651598,0.01598917,-0.00048559
0.17661598,0.01716800,-0.00045996
0.17671600,0.01649069,-0.00031179
0.17681601,0.01587905,-0.00025426
0.17691602,0.01685108,-0.00040787
0.17701602,0.01702876,-0.00015697
0.17711603,0.01814211,-0.00001122
0.17721605,0.01804979,-0.00015584
0.17731606,0.01912394,-0.00005923
0.17741606,0.01837844,0.00001550
0.17751607,0.01994569,-0.00004481
0.17761607,0.01917602,-0.00052367
0.17771609,0.01922472,-0.00061697
0.17781610,0.01992899,-0.00051767
0.17791611,0.01931235,-0.00057000
0.17801611,0.02077822,-0.00065898
0.17811612,0.01938655,-0.00036515
0.17821613,0.02094544,-0.00037749
0.17831615,0.02142915,-0.00019368
0.17841615,0.02266329,-0.00024431
0.17851616,0.02148371,-0.00007289
0.17861617,0.02015635,0.00027810
0.17871617,0.02123347,-0.00007521
0.17881619,0.02152259,-0.00020625
0.17891620,0.02223990,0.00006336
0.17901620,0.02192595,-0.00005908
0.17911621,0.02406068,-0.00016540
0.17921622,0.02339199,-0.00002329
0.17931624,0.02325765,-0.00028584
0.17941624,0.02393292,-0.00009305
0.17951625,0.02473791,-0.00050496
0.17961626,0.02538408,-0.00071404
0.17971626,0.02483568,-0.00063508
0.17981628,0.02559261,-0.00055529
0.17991629,0.02543640,-0.00043862
0.18001630,0.02548598,-0.00040098
0.18011630,0.02416083,0.00015550
0.18021631,0.02512010,0.00018905
0.18031631,0.02655750,0.00005136
0.18041634,0.02630706,0.00002976
0.18051634,0.02783202,-0.00004416
0.18061635,0.02620736,-0.00000168
0.18071635,0.02564533,-0.00008022
0.18081636,0.02711163,-0.00012349
0.18091638,0.02481123,0.00015290
0.18101639,0.02704782,-0.00036480
0.18111639,0.02733450,-0.00023533
0.18121640,0.02853946,-0.00047034
0.18131641,0.02833357,-0.00038796
0.18141643,0.02924983,-0.00066241
0.18151643,0.02802957,-0.00049016
0.18161644,0.02706384,-0.00031730
0.18171645,0.02819345,-0.00025137
0.18181645,0.02675384,-0.00003595
0.18191646,0.02586138,0.00007859
0.18201648,0.02642418,0.00033143
0.18211649,0.02569390,0.00033792
0.18221649,0.02709441,0.00028120
0.18231650,0.02661887,0.00040356
0.18241650,0.02613092,0.00041297
0.18251653,0.02647056,0.00023088
0.18261653,0.02844845,-0.00005718
0.18271654,0.02784969,0.00004857
0.18281654,0.02743690,-0.00025776
0.18291655,0.02650460,-0.00021602
0.18301657,0.02734331,-0.00030285
0.18311658,0.02727522,-0.00039621
0.18321658,0.02818886,-0.00038712
0.18331659,0.02862836,-0.00006742
0.18341660,0.02809229,0.00005022
0.18351662,0.02877024,0.00005796
0.18361662,0.02840700,0.00016574
0.18371663,0.03008725,0.00015475
0.18381664,0.02923296,0.00012041
0.18391664,0.02916530,0.00006673
0.18401665,0.02885582,0.00013061
0.18411667,0.02804328,0.00004353
0.18421667,0.02858736,0.00019874
0.18431668,0.02942674,0.00005215
0.18441669,0.02846321,0.00003335
0.18451669,0.02958012,-0.00014242
0.18461671,0.02815282,-0.00017446
0.18471672,0.03104415,-0.00044384
0.18481673,0.03136501,-0.00046707
0.18491673,0.03130542,-0.00033218
0.18501674,0.03173269,-0.00019788
0.18511676,0.03030978,0.00001870
0.18521677,0.03273257,0.00003461
0.18531677,0.03147770,0.00032244
0.18541678,0.03219793,0.00017087
0.18551678,0.03191581,0.00012562
0.18561681,0.03089372,0.00030214
0.18571681,0.03073201,0.00018967
0.18581682,0.02994243,0.00029111
0.18591682,0.02935651,0.00032700
0.18601683,0.02976619,0.00010712
0.18611684,0.02879624,0.00028456
0.18621686,0.02829769,0.00012319
0.18631686,0.02861233,-0.00016427
0.18641687,0.02839170,0.00002266
0.18651688,0.02852532,0.00012498
0.18661688,0.02787609,0.00020025
0.18671690,0.02759937,0.00018496
0.18681691,0.02680947,0.00024923
0.18691692,0.02432439,0.00046234
0.18701692,0.02467115,0.00060417
0.18711693,0.02627927,0.00056064
0.18721695,0.02659880,0.00052233
0.18731696,0.02550683,0.00027768
0.18741696,0.02523297,0.00036358
0.18751697,0.02502528,0.00039990
0.18761697,0.02627825,-0.00012860
0.18771700,0.02509023,-0.00009232
0.18781700,0.02566686,-0.00025519
0.18791701,0.02614233,-0.00030139
0.18801701,0.02546005,-0.00026861
0.18811702,0.02466785,-0.00026663
0.18821703,0.02509652,-0.00018401
0.18831705,0.02472617,0.00007946
0.18841705,0.02556034,0.00000052
0.18851706,0.02508022,-0.00031649
0.18861707,0.02645716,-0.00011959
0.18871707,0.02632440,-0.00003541
0.18881709,0.02466047,0.00028266
0.18891710,0.02675169,0.00008371
0.18901711,0.02514561,0.00017641
0.18911711,0.02643720,-0.00000156
0.18921712,0.02490934,-0.00005117
0.18931714,0.02280192,-0.00001276
0.18941714,0.02522374,-0.00016620
0.18951715,0.02581284,-0.00034084
0.18961716,0.02782116,-0.00064653
0.18971716,0.02694289,-0.00053938
0.18981717,0.02556547,-0.00035867
0.18991719,0.02732182,-0.00043741
0.19001720,0.02535891,-0.00008244
0.19011720,0.02712742,-0.00007604
0.19021721,0.02657720,0.00006099
0.19031721,0.02664380,0.00011948
0.19041724,0.02626449,0.00037367
0.19051724,0.02529623,0.00050461
0.19061725,0.02710195,0.00013344
0.19071725,0.02617788,0.00028902
0.19081726,0.02603070,0.00018363
0.19091728,0.02450379,0.00044936
0.19101729,0.02449957,0.00034095
0.19111729,0.02504137,0.00004521
0.19121730,0.02436697,0.00011521
0.19131731,0.02499296,-0.00016426
0.19141733,0.02512658,-0.00032080
0.19151733,0.02363618,-0.00014061
0.19161734,0.02397349,0.00020120
0.19171735,0.02311539,0.00018385
0.19181735,0.02356006,0.00028348
0.19191736,0.02330888,0.00039212
0.19201738,0.02310652,0.00035133
0.19211739,0.02508902,0.00019820
0.19221739,0.02725313,-0.00050507
0.19231740,0.03226343,-0.00124641
0.19241740,0.03751764,-0.00271149
0.19251743,0.03958579,-0.00439017
0.19261743,0.04304078,-0.00722799
0.19271744,0.04465980,-0.01136274
0.19281744,0.03227138,-0.01185395
0.19291745,0.08499689,0.08495957
0.19301747,0.08499695,0.08496059
0.19311748,0.08499704,0.08499717
0.19321748,0.08499640,0.08499791
0.19331749,0.08499666,0.08499765
0.19341750,0.03462468,-0.02470009
0.19351752,0.03044741,-0.01664283
0.19361752,0.02807038,-0.01245723
0.19371753,0.02481069,-0.00851951
0.19381754,0.02242411,-0.00595416
0.19391754,0.02005854,-0.00397108
0.19401755,0.01880121,-0.00190040
0.19411757,0.01845767,-0.00048031
0.19421758,0.01773443,0.00199983
0.19431758,0.01761663,0.00361007
0.19441759,0.01771098,0.00356190
0.19451759,0.01737442,0.00372411
0.19461761,0.01731386,0.00457020
0.19471762,0.01755229,0.00449114
0.19481763,0.01773244,0.00406617
0.19491763,0.01773108,0.00364826
0.19501764,0.01831388,0.00299474
0.19511766,0.01850676,0.00244835
0.19521767,0.01910026,0.00231430
0.19531767,0.01901492,0.00205972
0.19541768,0.01970119,0.00198344
0.19551768,0.01910703,0.00163260
0.19561771,0.02046696,0.00157283
0.19571771,0.01989880,0.00128777
0.19581772,0.01987993,0.00126375
0.19591772,0.01946388,0.00093894
0.19601773,0.02012575,0.00063035
0.19611774,0.02063876,0.00061543
0.19621776,0.01990875,0.00005778
0.19631776,0.02069098,0.00016544
0.19641777,0.01920610,0.00022442
0.19651778,0.01999835,0.00015081
0.19661778,0.01860952,0.00005464
0.19671780,0.01965928,0.00000611
0.19681781,0.01857189,-0.00038426
0.19691782,0.01953886,-0.00057120
0.19701782,0.01810221,-0.00082704
0.19711783,0.01880895,-0.00106145
0.19721785,0.01755328,-0.00127178
0.19731786,0.01774341,-0.00123826
0.19741786,0.01613483,-0.00104819
0.19751787,0.01532841,-0.00090146
0.19761787,0.01653435,-0.00058721
0.19771790,0.01564133,-0.00024004
0.19781790,0.01733651,-0.00008556
0.19791791,0.01637715,0.00023460
0.19801791,0.01747856,0.00023880
0.19811792,0.01646931,0.00017448
0.19821793,0.01713163,-0.00022990
0.19831795,0.01539209,-0.00032146
0.19841795,0.01628277,-0.00014494
0.19851796,0.01449773,-0.00007974
0.19861797,0.01514632,-0.00010850
0.19871797,0.01370852,0.00001280
0.19881799,0.01300766,-0.00001607
0.19891800,0.01358327,-0.00005577
0.19901801,0.01252881,-0.00014369
0.19911801,0.01353509,-0.00039879
0.19921802,0.01275768,-0.00031510
0.19931804,0.01341772,-0.00007552
0.19941805,0.01323791,-0.00019341
0.19951805,0.01258434,0.00021170
0.19961806,0.01391736,0.00063273
0.19971806,0.01265907,0.00051034
0.19981807,0.01249697,0.00063674
0.19991809,0.01269505,0.00043071
0.20001810,0.01289861,-0.00009170
0.20011810,0.01373853,-0.00034535
0.20021811,0.01307880,-0.00043030
0.20031812,0.01459122,-0.00035275
0.20041814,0.01442285,-0.00019293
0.20051814,0.01468847,-0.00000588
0.20061815,0.01454290,0.00021603
0.20071815,0.01498935,0.00032458
0.20081816,0.01492438,-0.00006360
0.20091818,0.01445493,0.00022912
0.20101819,0.01560165,0.00009059
0.20111819,0.01478447,-0.00004343
0.20121820,0.01474504,-0.00006063
0.20131821,0.01478183,-0.00009885
0.20141823,0.01563007,0.00005466
0.20151823,0.01561848,-0.00006560
0.20161824,0.01630395,0.00024429
0.20171825,0.01546892,0.00014039
0.20181825,0.01480692,-0.00035018
0.20191826,0.01603922,-0.00031328
0.20201828,0.01483450,-0.00040887
0.20211829,0.01528773,-0.00058581
0.20221829,0.01473709,-0.00080947
0.20231830,0.01589708,-0.00058917
0.20241830,0.01586979,-0.00068042
0.20251833,0.01503409,-0.00033007
0.20261833,0.01642230,-0.00019370
0.20271834,0.01619865,0.00016596
0.20281834,0.01632220,0.00031818
0.20291835,0.01588467,0.00019061
0.20301837,0.01729847,0.00040822
0.20311838,0.01745318,0.00022369
0.20321838,0.01792845,0.00009604
0.20331839,0.01650919,-0.00007156
0.20341840,0.01666756,-0.00006360
0.20351842,0.01782608,-0.00026250
0.20361842,0.01800522,-0.00009998
0.20371843,0.01898943,0.00008868
0.20381844,0.01838228,-0.00022788
0.20391844,0.01961932,0.00004563
0.20401845,0.01936219,-0.00040282
0.20411847,0.02040984,0.00009671
0.20421848,0.02037017,-0.00018762
0.20431848,0.01904536,-0.00027195
0.20441849,0.02006228,-0.00032856
0.20451849,0.01894207,-0.00011676
0.20461852,0.02128011,0.00048259
0.20471852,0.02147702,0.00039782
0.20481853,0.02292656,0.00082298
0.20491853,0.02307825,0.00045821
0.20501854,0.02294164,0.00036178
0.20511856,0.02387669,-0.00008815
0.20521857,0.02229081,-0.00042184
0.20531857,0.02387486,-0.00015978
0.20541858,0.02238500,-0.00071899
0.20551859,0.02444186,-0.00013858
0.20561861,0.02339059,-0.00019056
0.20571861,0.02469927,0.00029826
0.20581862,0.02482356,0.00004867
0.20591862,0.02408317,0.00024798
0.20601863,0.02479186,0.00009125
0.20611864,0.02310320,-0.00051417
0.20621866,0.02419929,-0.00024724
0.20631866,0.02445209,0.00014863
0.20641867,0.02551067,0.00038227
0.20651868,0.02654824,0.00062683
0.20661868,0.02730904,0.00083970
0.20671870,0.02772880,0.00071758
0.20681871,0.02685902,0.00033079
0.20691872,0.02814050,0.00046434
0.20701872,0.02802797,0.00023655
0.20711873,0.02858945,0.00006433
0.20721875,0.02794819,-0.00020877
0.20731876,0.02625327,-0.00056565
0.20741876,0.02786477,-0.00035648
0.20751877,0.02732049,-0.00032059
0.20761877,0.02910884,0.00017488
0.20771880,0.02784550,0.00001172
0.20781880,0.02833652,0.00059168
0.20791881,0.02833178,0.00031034
0.20801881,0.02779557,0.00043329
0.20811882,0.02961537,0.00054905
0.20821883,0.02833377,-0.00012115
0.20831885,0.02857704,-0.00021146
0.20841885,0.02940807,-0.00008982
0.20851886,0.02820318,-0.00033545
0.20861887,0.02843100,-0.00038561
0.20871887,0.02846798,-0.00012640
0.20881889,0.02798121,-0.00008607
0.20891890,0.02914217,0.00001637
0.20901891,0.02871716,-0.00046690
0.20911891,0.02998908,0.00001752
0.20921892,0.02812773,-0.00044667
0.20931894,0.02790413,-0.00011818
0.20941895,0.02922422,-0.00005643
0.20951895,0.02803146,0.00001430
0.20961896,0.02982634,0.00038109
0.20971896,0.02903362,0.00046510
0.20981897,0.02842574,0.00068381
0.20991899,0.02952437,0.00051308
0.21001900,0.02876540,0.00027409
0.21011900,0.02809228,-0.00002938
0.21021901,0.02790938,-0.00054746
0.21031902,0.02755237,-0.00014214
0.21041904,0.02912571,-0.00028652
0.21051904,0.02827851,-0.00069874
0.21061905,0.02926746,-0.00024069
0.21071906,0.02916731,-0.00000217
0.21081906,0.02829229,0.00001902
0.21091908,0.02937400,0.00020687
0.21101909,0.02835847,0.00000241
0.21111909,0.02694706,-0.00014904
0.21121910,0.02872274,-0.00012465
0.21131911,0.02836540,0.00007918
0.21141913,0.02944062,0.00028542
0.21151913,0.02957829,0.00012850
0.21161914,0.02824311,-0.00007303
0.21171915,0.03043597,0.00038025
0.21181915,0.02985507,0.00027820
0.21191916,0.03132879,0.00037017
0.21201918,0.03026711,0.00038645
0.21211919,0.02915882,0.00025917
0.21221919,0.02970002,-0.00013693
0.21231920,0.02833918,-0.00029882
0.21241920,0.02867336,-0.00004463
0.21251923,0.02801110,-0.00013575
0.21261923,0.02640761,-0.00032253
0.21271924,0.02793593,0.00012993
0.21281924,0.02769257,0.00029763
0.21291925,0.02700439,0.00049189
0.21301927,0.02698801,0.00021742
0.21311928,0.02594018,-0.00007163
0.21321928,0.02573049,0.00009117
0.21331929,0.02524448,-0.00030786
0.21341930,0.02478141,-0.00037264
0.21351932,0.02562831,-0.00018501
0.21361932,0.02500232,-0.00043235
0.21371933,0.02392665,-0.00042821
0.21381934,0.02482133,-0.00046884
0.21391934,0.02480307,-0.00010756
0.21401935,0.02421000,-0.00026723
0.21411937,0.02263028,-0.00065250
0.21421938,0.02316556,-0.00014511
0.21431938,0.02346890,-0.00027337
0.21441939,0.02296517,-0.00033362
0.21451939,0.02364238,0.00004616
0.21461942,0.02401756,0.00016848
0.21471942,0.02409572,0.00045626
0.21481943,0.02549221,0.00054446
0.21491943,0.02526604,0.00065290
0.21501944,0.02569384,0.00047546
0.21511946,0.02511777,0.00028299
0.21521947,0.02473605,0.00030247
0.21531947,0.02583356,0.00014475
0.21541948,0.02416690,-0.00013649
0.21551949,0.02540696,0.00019896
0.21561951,0.02461912,0.00007418
0.21571951,0.02509937,0.00017667
0.21581952,0.02591834,0.00029899
0.21591953,0.02424451,-0.00000603
0.21601953,0.02633102,0.00055926
0.21611954,0.02472045,0.00033285
0.21621956,0.02558557,0.00066019
0.21631956,0.02494577,0.00053473
0.21641957,0.02417007,0.00021672
0.21651958,0.02501246,0.00028012
0.21661958,0.02419194,0.00006154
0.21671960,0.02476976,0.00007224
0.21681961,0.02517206,0.00009764
0.21691962,0.02451825,0.00002566
0.21701962,0.02572313,-0.00017232
0.21711963,0.02472696,-0.00023838
0.21721965,0.02670163,0.00012329
0.21731966,0.02472562,-0.00052637
0.21741966,0.02382406,-0.00059079
0.21751967,0.02539018,-0.00018226
0.21761967,0.02487625,-0.00033393
0.21771970,0.02594974,0.00000860
0.21781970,0.02552120,0.00009127
0.21791971,0.02401035,-0.00020021
0.21801971,0.02523801,0.00025281
0.21811972,0.02540856,0.00051944
0.21821973,0.02621909,0.00005148
0.21831975,0.02501700,-0.00002325
0.21841975,0.02510820,-0.00031112
0.21851976,0.02582020,-0.00023740
0.21861977,0.02464468,-0.00049628
0.21871977,0.02582222,-0.00056200
0.21881979,0.02807487,-0.00102069
0.21891980,0.03265622,-0.00064200
0.21901981,0.03823796,0.00038270
0.21911981,0.03816511,0.00062066
0.21921982,0.04249579,0.00155444
0.21931984,0.04144740,0.00154116
0.21941985,0.03828318,0.00167908
0.21951985,0.08499736,0.08499631
0.21961986,0.08499750,0.08499614
0.21971986,0.08499730,0.08499679
0.21981987,0.08499748,0.08499723
0.21991989,0.08499742,0.08497303
0.22001990,0.08499749,0.08497307
0.22011990,0.08499749,0.08496934
0.22021991,0.02982542,0.02714851
0.22031992,0.02818743,0.02237541
0.22041994,0.02719110,0.01859345
0.22051994,0.02546738,0.01549166
0.22061995,0.02217113,0.01346366
0.22071996,0.02014062,0.01044023
0.22081996,0.01842442,0.00828620
0.22091998,0.01783971,0.00530834
0.22101999,0.01709588,0.00293988
0.22112000,0.01685480,0.00078827
0.22122000,0.01708430,-0.00107711
0.22132001,0.01675900,-0.00288652
0.22142003,0.01737719,-0.00451708
0.22152003,0.01710494,-0.00556317
0.22162004,0.01837805,-0.00663478
0.22172005,0.01882148,-0.00745687
0.22182005,0.02024767,-0.00799944
0.22192006,0.02032453,-0.00812249
0.22202008,0.02025865,-0.00805581
0.22212009,0.02008028,-0.00750594
0.22222009,0.02119444,-0.00756828
0.22232010,0.02021608,-0.00640719
0.22242010,0.02087094,-0.00588582
0.22252013,0.02011265,-0.00477837
0.22262013,0.02089489,-0.00411384
0.22272014,0.02028540,-0.00338734
0.22282014,0.02133403,-0.00316052
0.22292015,0.02012422,-0.00262231
0.22302017,0.02013574,-0.00166146
0.22312018,0.01861459,-0.00076844
0.22322018,0.01937874,-0.00051059
0.22332019,0.01772741,0.00051164
0.22342020,0.01855677,0.00117036
0.22352022,0.01732872,0.00165683
0.22362022,0.01745564,0.00220103
0.22372023,0.01624248,0.00243113
0.22382024,0.01702379,0.00219772
0.22392024,0.01585409,0.00199059
0.22402025,0.01568646,0.00189840
0.22412027,0.01468590,0.00183262
0.22422028,0.01453304,0.00164071
0.22432028,0.01443763,0.00148948
0.22442029,0.01361419,0.00128037
0.22452029,0.01461108,0.00095942
0.22462032,0.01433419,0.00076140
0.22472032,0.01280727,0.00120486
0.22482033,0.01237874,0.00077657
0.22492033,0.01354005,0.00046470
0.22502034,0.01266070,0.00015131
0.22512036,0.01326204,-0.00014077
0.22522037,0.01274997,-0.00025041
0.22532037,0.01259489,-0.00018420
0.22542038,0.01189280,0.00001647
0.22552039,0.01241137,-0.00016649
0.22562041,0.01145472,-0.00018952
0.22572041,0.01242270,-0.00025899
0.22582042,0.01184783,-0.00048989
0.22592043,0.01079842,-0.00036773
0.22602043,0.01173821,-0.00071262
0.22612044,0.01111083,-0.00076320
0.22622046,0.01069449,-0.00067661
0.22632047,0.01130181,-0.00094052
0.22642047,0.01114365,-0.00084010
0.22652048,0.01295005,-0.00098788
0.22662048,0.01331982,-0.00079422
0.22672050,0.01298777,-0.00037173
0.22682051,0.01430559,-0.00037120
0.22692052,0.01518497,-0.00041449
0.22702052,0.01481071,-0.00049980
0.22712053,0.01383054,-0.00019363
0.22722055,0.01573391,-0.00030467
0.22732056,0.01508601,0.00000478
0.22742056,0.01627567,-0.00004641
0.22752057,0.01542746,0.00011289
0.22762057,0.01596462,0.00018936
0.22772060,0.01557390,0.00011387
0.22782060,0.01539786,-0.00005802
0.22792061,0.01635580,-0.00026730
0.22802061,0.01473023,-0.00027358
0.22812062,0.01548844,-0.00044904
0.22822063,0.01470308,-0.00015946
0.22832065,0.01566615,0.00004125
0.22842065,0.01572142,-0.00012179
0.22852066,0.01659522,0.00001120
0.22862067,0.01685981,0.00018976
0.22872067,0.01562807,0.00049112
0.22882069,0.01690247,0.00019824
0.22892070,0.01630906,0.00037304
0.22902071,0.01696584,0.00011628
0.22912071,0.01686140,-0.00034446
0.22922072,0.01690499,-0.00035715
0.22932074,0.01687631,-0.00044254
0.22942075,0.01653852,-0.00038733
0.22952075,0.01785563,-0.00051567
0.22962076,0.01704066,-0.00053124
0.22972076,0.01689963,-0.00057178
0.22982077,0.01588630,-0.00005341
0.22992079,0.01641160,-0.00029729
0.23002080,0.01761641,-0.00066291
0.23012080,0.01661716,-0.00009678
0.23022081,0.01842602,-0.00032549
0.23032082,0.01776040,-0.00031902
0.23042084,0.01858745,-0.00011495
0.23052084,0.01836721,-0.00016306
0.23062085,0.01781320,0.00009121
0.23072086,0.01857459,0.00019028
0.23082086,0.01762565,0.00003468
0.23092088,0.01855922,0.00006702
0.23102089,0.01822421,-0.00019211
0.23112090,0.01874781,-0.00016796
0.23122090,0.01997559,-0.00064120
0.23132091,0.01948694,-0.00051123
0.23142093,0.01981502,-0.00024421
0.23152094,0.01964610,-0.00019606
0.23162094,0.02188272,-0.00046196
0.23172095,0.02180140,-0.00027854
0.23182095,0.02254746,-0.00040089
0.23192096,0.02272808,-0.00035302
0.23202098,0.02189725,0.00017319
0.23212099,0.02207169,0.00001654
0.23222099,0.02144587,0.00012654
0.23232100,0.02197934,0.00033686
0.23242101,0.02207978,-0.00008996
0.23252103,0.02359940,-0.00028219
0.23262103,0.02318333,-0.00020641
0.23272104,0.02433399,-0.00047257
0.23282104,0.02381919,-0.00032412
0.23292105,0.02388665,-0.00069231
0.23302107,0.02557674,-0.00094027
0.23312108,0.02497210,-0.00109029
0.23322108,0.02581603,-0.00101528
0.23332109,0.02561461,-0.00065952
0.23342110,0.02704277,-0.00064738
0.23352112,0.02656646,-0.00048629
0.23362112,0.02427888,0.00007035
0.23372113,0.02599374,-0.00001673
0.23382114,0.02516642,0.00021603
0.23392114,0.02379889,0.00028889
0.23402115,0.02632558,0.00000649
0.23412117,0.02597265,-0.00004781
0.23422118,0.02773432,-0.00010884
0.23432118,0.02799583,-0.00018088
0.23442119,0.02591204,-0.00010708
0.23452119,0.02625788,-0.00033558
0.23462122,0.02701191,-0.00016760
0.23472122,0.02734059,-0.00001396
0.23482123,0.02829765,-0.00027460
0.23492123,0.02641089,0.00003891
0.23502124,0.02789453,0.00006637
0.23512126,0.02623046,0.00003556
0.23522127,0.02731653,0.00010297
0.23532127,0.02773345,0.00023272
0.23542128,0.02671062,0.00018625
0.23552129,0.02784616,0.00032657
0.23562131,0.02768574,0.00025882
0.23572131,0.02764978,0.00012629
0.23582132,0.02887994,-0.00005997
0.23592133,0.02845667,-0.00014750
0.23602133,0.02738220,-0.00012230
0.23612134,0.02774441,-0.00022599
0.23622136,0.02790403,-0.00039365
0.23632137,0.02944206,-0.00048832
0.23642137,0.02850388,-0.00049278
0.23652138,0.02860890,-0.00025456
0.23662138,0.02866057,-0.00013534
0.23672141,0.02775772,0.00008219
0.23682141,0.02780612,0.00037300
0.23692142,0.02741223,0.00052895
0.23702142,0.02635965,0.00048885
0.23712143,0.02732482,0.00052113
0.23722145,0.02836665,0.00034142
0.23732146,0.02762796,0.00031944
0.23742146,0.02897500,0.00020651
0.23752147,0.02808177,0.00032207
0.23762148,0.02701875,0.00035121
0.23772150,0.02813258,0.00027523
0.23782150,0.02814803,0.00002927
0.23792151,0.02729406,-0.00002477
0.23802151,0.02758484,-0.00038903
0.23812152,0.02784199,-0.00054361
0.23822153,0.02740450,-0.00019215
0.23832155,0.02760130,-0.00010517
0.23842155,0.02803793,0.00009136
0.23852156,0.02879454,0.00001090
0.23862157,0.02855740,0.00011566
0.23872157,0.02783861,0.00001522
0.23882159,0.02891208,0.00008756
0.23892160,0.02792791,0.00025236
0.23902161,0.02692273,0.00006625
0.23912161,0.02602208,0.00015252
0.23922162,0.02769953,0.00001197
0.23932164,0.02778036,-0.00007992
0.23942165,0.02907962,-0.00045641
0.23952165,0.02907712,-0.00043323
0.23962166,0.02877628,-0.00039078
0.23972166,0.02757530,-0.00058131
0.23982167,0.02721641,-0.00022097
0.23992169,0.02963071,-0.00031163
0.24002170,0.02936844,-0.00012814
0.24012170,0.02861329,-0.00026080
0.24022171,0.02930409,0.00004152
0.24032172,0.02848052,0.00028712
0.24042174,0.02863100,0.00032276
0.24052174,0.02908580,0.00013523
0.24062175,0.02801020,0.00046189
0.24072176,0.02853290,0.00030535
0.24082176,0.02794067,0.00036775
0.24092178,0.02611909,0.00050568
0.24102179,0.02565003,0.00042212
0.24112180,0.02651185,0.00020758
0.24122180,0.02584124,0.00015918
0.24132181,0.02548213,-0.00015778
0.24142183,0.02666717,-0.00020487
0.24152184,0.02689266,-0.00000166
0.24162184,0.02611942,0.00009764
0.24172185,0.02724559,-0.00001932
0.24182185,0.02697445,0.00033481
0.24192186,0.02506832,0.00032533
0.24202188,0.02703599,0.00050729
0.24212189,0.02557505,0.00022472
0.24222189,0.02561656,-0.00003544
0.24232190,0.02629806,0.00024007
0.24242191,0.02554785,0.00018310
0.24252193,0.02674969,-0.00000943
0.24262193,0.02564219,-0.00003051
0.24272194,0.02584131,0.00010705
0.24282195,0.02442027,-0.00033646
0.24292195,0.02366532,-0.00008668
0.24302197,0.02398589,-0.00021481
0.24312198,0.02489041,-0.00057677
0.24322198,0.02467708,-0.00042085
0.24332199,0.02534484,-0.00030849
0.24342200,0.02599020,-0.00011730
0.24352202,0.02538785,0.00009657
0.24362202,0.02626174,0.00002825
0.24372203,0.02489804,0.00044259
0.24382204,0.02544415,0.00028246
0.24392204,0.02438137,0.00037137
0.24402205,0.02264266,0.00052182
0.24412207,0.02342374,0.00038730
0.24422208,0.02510475,0.00022543
0.24432208,0.02459156,0.00010368
0.24442209,0.02546879,-0.00018925
0.24452209,0.02514231,-0.00009473
0.24462212,0.02492283,-0.00015375
0.24472212,0.02594371,-0.00031645
0.24482213,0.02543972,-0.00017441
0.24492213,0.02637357,-0.00018991
0.24502214,0.02656055,-0.00020269
0.24512216,0.02432501,-0.00007141
0.24522217,0.02569873,-0.00013700
0.24532217,0.02465891,0.00015605
0.24542218,0.02610746,0.00012828
0.24552219,0.02645352,0.00025328
0.24562221,0.02969335,-0.00031665
0.24572221,0.02965569,-0.00043516
0.24582222,0.03884904,-0.00292064
0.24592223,0.03712120,-0.00354549
0.24602223,0.04107639,-0.00698260
0.24612224,0.04590759,-0.01231179
0.24622226,0.03340678,-0.01149212
0.24632227,0.08499662,0.08496030
0.24642227,0.08499710,0.08496334
0.24652228,0.08499697,0.08499730
0.24662228,0.08499636,0.08499780
0.24672231,0.08499659,0.08499772
0.24682231,0.08499634,0.08499783
0.24692232,0.02829544,-0.01980141
0.24702232,0.02600447,-0.01437999
0.24712233,0.02447136,-0.01074367
0.24722235,0.02225512,-0.00796067
0.24732236,0.01990229,-0.00553011
0.24742236,0.01853972,-0.00325373
0.24752237,0.01740198,-0.00157666
0.24762238,0.01719331,0.00020820
0.24772240,0.01731608,0.00162899
0.24782240,0.01625990,0.00199924
0.24792241,0.01701361,0.00303556
0.24802242,0.01736213,0.00342464
0.24812242,0.01698997,0.00353010
0.24822243,0.01671714,0.00335712
0.24832245,0.01702869,0.00310692
0.24842245,0.01708407,0.00287957
0.24852246,0.01752751,0.00244157
0.24862247,0.01796796,0.00213010
0.24872247,0.01888023,0.00187329
0.24882249,0.01952245,0.00203991
0.24892250,0.01880945,0.00166165
0.24902251,0.01902791,0.00167927
0.24912251,0.01928708,0.00149419
0.24922252,0.01905899,0.00147935
0.24932254,0.02059763,0.00123005
0.24942255,0.02047379,0.00112129
0.24952255,0.02048025,0.00105330
0.24962256,0.01863256,0.00042863
0.24972256,0.01962003,0.00009801
0.24982257,0.01905200,0.00010842
0.24992259,0.02016425,0.00014499
0.25002260,0.01985179,0.00007076
0.25012260,0.02091367,0.00006688
0.25022261,0.02048304,-0.00021082
0.25032262,0.02071334,-0.00047702
0.25042264,0.01820866,-0.00096569
0.25052264,0.01820962,-0.00125894
0.25062265,0.01758205,-0.00121528
0.25072266,0.01635210,-0.00141509
0.25082266,0.01669367,-0.00105180
0.25092268,0.01643029,-0.00072940
0.25102269,0.01686723,-0.00056937
0.25112270,0.01582429,-0.00021803
0.25122270,0.01640323,-0.00021540
0.25132271,0.01552019,-0.00023895
0.25142273,0.01593625,-0.00013476
0.25152274,0.01526718,-0.00024998
0.25162274,0.01493418,-0.00020400
0.25172275,0.01446502,-0.00052016
0.25182275,0.01550312,-0.00016625
0.25192276,0.01577228,-0.00000825
0.25202278,0.01458911,-0.00001247
0.25212279,0.01423999,-0.00015229
0.25222279,0.01486824,0.00013732
0.25232280,0.01350498,0.00016695
0.25242281,0.01445150,0.00009025
0.25252283,0.01276085,-0.00001240
0.25262283,0.01354859,-0.00003791
0.25272284,0.01299988,-0.00012287
0.25282285,0.01228277,0.00035124
0.25292285,0.01254440,0.00045727
0.25302287,0.01238470,0.00061157
0.25312288,0.01343116,0.00058851
0.25322289,0.01285194,0.00044257
0.25332289,0.01409359,0.00046077
0.25342290,0.01346007,0.00003393
0.25352292,0.01298669,0.00000030
0.25362292,0.01324473,-0.00038544
0.25372293,0.01315087,-0.00040035
0.25382294,0.01436563,-0.00034771
0.25392294,0.01377193,-0.00033450
0.25402295,0.01439028,-0.00013950
0.25412297,0.01395044,-0.00015236
0.25422298,0.01521854,0.00004599
0.25432298,0.01524718,0.00003145
0.25442299,0.01487044,0.00032164
0.25452299,0.01601008,0.00013995
0.25462302,0.01536441,0.00011499
0.25472302,0.01566884,0.00030733
0.25482303,0.01497489,-0.00024169
0.25492303,0.01539533,-0.00030384
0.25502304,0.01640347,-0.00016216
0.25512306,0.01525570,-0.00023664
0.25522307,0.01462805,-0.00037375
0.25532307,0.01558179,-0.00028067
0.25542308,0.01602169,-0.00056507
0.25552309,0.01595254,-0.00052264
0.25562311,0.01762283,-0.00042277
0.25572311,0.01673837,-0.00063402
0.25582312,0.01810153,-0.00016386
0.25592313,0.01794775,-0.00002795
0.25602313,0.01793141,0.00004532
0.25612314,0.01841224,0.00013435
0.25622314,0.01732702,0.00019185
0.25632315,0.01882881,0.00034908
0.25642319,0.01806021,0.00069542
0.25652319,0.01835804,0.00029758
0.25662320,0.01841459,0.00027766
0.25672321,0.01857865,0.00009106
0.25682321,0.01734015,-0.00021071
0.25692322,0.01774687,-0.00000035
0.25702322,0.01820232,-0.00029284
0.25712323,0.01794707,-0.00007492
0.25722324,0.01956891,-0.00008386
0.25732324,0.01916909,-0.00025800
0.25742325,0.01905942,0.00006464
0.25752328,0.02001934,-0.00020066
0.25762329,0.01963338,-0.00029779
0.25772330,0.02096304,-0.00031669
0.25782330,0.01997104,-0.00018411
0.25792331,0.02118866,-0.00005535
0.25802332,0.02071843,-0.00001743
0.25812332,0.02118059,0.00032391
0.25822333,0.02275237,0.00046787
0.25832333,0.02259825,0.00021817
0.25842334,0.02221400,-0.00001516
0.25852338,0.02107158,-0.00020055
0.25862338,0.02277968,0.00020097
0.25872339,0.02348448,0.00002289
0.25882339,0.02445147,-0.00013363
0.25892340,0.02451965,-0.00021809
0.25902341,0.02503590,-0.00016117
0.25912341,0.02465720,-0.00000264
0.25922342,0.02362862,0.00000225
0.25932343,0.02424767,0.00011317
0.25942343,0.02389743,0.00028568
0.25952344,0.02537063,0.00032404
0.25962347,0.02523915,0.00020451
0.25972348,0.02596929,0.00044451
0.25982349,0.02705220,0.00045398
0.25992349,0.02639904,0.00013572
0.26002350,0.02692989,0.00016159
0.26012350,0.02588629,0.00001769
0.26022351,0.02708618,0.00008967
0.26032352,0.02708872,0.00006342
0.26042352,0.02469970,-0.00064198
0.26052353,0.02768380,-0.00016074
0.26062357,0.02696142,-0.00033154
0.26072357,0.02832535,-0.00019484
0.26082358,0.02740746,-0.00009115
0.26092358,0.02566158,-0.00057865
0.26102359,0.02742013,-0.00029215
0.26112360,0.02773482,0.00013539
0.26122360,0.02822808,0.00038790
0.26132361,0.02813391,0.00035248
0.26142361,0.02789034,0.00040266
0.26152362,0.02969967,0.00053108
0.26162363,0.02805278,-0.00016403
0.26172366,0.02725658,-0.00019553
0.26182367,0.02859301,-0.00025678
0.26192368,0.02916689,0.00001903
0.26202368,0.02797530,-0.00064676
0.26212369,0.02730419,-0.00034171
0.26222369,0.02793677,0.00015178
0.26232370,0.02861259,0.00000586
0.26242371,0.02786661,-0.00003888
0.26252371,0.02909481,0.00010649
0.26262372,0.02873880,0.00041857
0.26272375,0.02724050,0.00000604
0.26282376,0.02806497,0.00033445
0.26292377,0.02838407,0.00042382
0.26302377,0.02732199,0.00022879
0.26312378,0.02899590,0.00032856
0.26322379,0.02822961,0.00048548
0.26332379,0.02955855,0.00062157
0.26342380,0.02788626,0.00012629
0.26352380,0.02784607,0.00022612
0.26362381,0.02858050,0.00006218
0.26372382,0.02785225,-0.00005727
0.26382385,0.02722844,-0.00040728
0.26392386,0.02860888,-0.00011052
0.26402386,0.02849336,0.00007721
0.26412387,0.02886065,0.00010117
0.26422388,0.02931538,0.00025806
0.26432388,0.02806713,0.00002467
0.26442389,0.02891667,0.00051391
0.26452390,0.02902417,0.00052315
0.26462390,0.02753039,0.00011945
0.26472391,0.02833760,0.00007975
0.26482391,0.02805978,0.00013149
0.26492395,0.02794263,0.00023004
0.26502396,0.03003011,-0.00012677
0.26512396,0.02855311,-0.00028941
0.26522397,0.02892448,-0.00007457
0.26532397,0.02968234,-0.00003568
0.26542398,0.02848903,-0.00040445
0.26552399,0.02873365,-0.00002220
0.26562399,0.02818838,-0.00030034
0.26572400,0.02760172,-0.00030198
0.26582401,0.02977798,0.00002095
0.26592404,0.02868791,-0.00006620
0.26602405,0.02691914,-0.00033291
0.26612405,0.02790322,0.00007251
0.26622406,0.02760796,0.00014462
0.26632407,0.02747295,0.00042816
0.26642407,0.02863262,0.00065418
0.26652408,0.02747802,0.00034610
0.26662408,0.02719749,0.00031981
0.26672409,0.02888091,0.00047067
0.26682410,0.02706420,-0.00015988
0.26692410,0.02519853,-0.00095645
0.26702414,0.02708595,-0.00023988
0.26712415,0.02728888,-0.00005033
0.26722415,0.02698128,-0.00017494
0.26732416,0.02627240,-0.00050980
0.26742416,0.02523755,-0.00055324
0.26752417,0.02608868,-0.00051958
0.26762418,0.02658627,0.00004195
0.26772418,0.02551865,-0.00014215
0.26782419,0.02618085,0.00010399
0.26792419,0.02618139,0.00033558
0.26802423,0.02461631,-0.00006744
0.26812424,0.02594820,0.00013068
0.26822424,0.02640335,0.00052674
0.26832425,0.02661873,0.00053741
0.26842426,0.02692464,0.00033994
0.26852426,0.02462175,-0.00032470
0.26862427,0.02523251,-0.00006592
0.26872427,0.02565888,0.00004461
0.26882428,0.02513747,-0.00026764
0.26892429,0.02575532,-0.00016217
0.26902429,0.02440623,-0.00037672
0.26912433,0.02228839,-0.00064017
0.26922433,0.02345764,-0.00020013
0.26932434,0.02346766,-0.00015208
0.26942435,0.02305552,-0.00008907
0.26952435,0.02396409,0.00031588
0.26962436,0.02308073,0.00043669
0.26972437,0.02382545,0.00046612
0.26982437,0.02391515,0.00037613
0.26992438,0.02240226,-0.00008439
0.27002438,0.02175444,-0.00000538
0.27012442,0.02350243,0.00035141
0.27022443,0.02248685,-0.00033505
0.27032443,0.02415924,0.00017795
0.27042444,0.02390040,0.00021864
0.27052444,0.02345069,0.00016586
0.27062445,0.02306942,-0.00023654
0.27072446,0.02242514,-0.00025026
0.27082446,0.02298219,-0.00021178
0.27092447,0.02172764,-0.00043549
0.27102448,0.02258155,-0.00014525
0.27112448,0.02362065,0.00040491
0.27122452,0.02446956,0.00053800
0.27132452,0.02413818,0.00037156
0.27142453,0.02533295,0.00057033
0.27152454,0.02537325,0.00045297
0.27162454,0.02431775,0.00015459
0.27172455,0.02482606,0.00011630
0.27182455,0.02469644,-0.00000698
0.27192456,0.02397427,-0.00030937
0.27202457,0.02410281,-0.00057931
0.27212457,0.02294367,-0.00094400
0.27222461,0.02521894,-0.00064777
0.27232462,0.02743695,-0.00109053
0.27242462,0.03184137,-0.00068956
0.27252463,0.03824760,0.00074401
0.27262463,0.03749912,0.00016254
0.27272464,0.04602940,0.00259502
0.27282465,0.04722618,0.00353040
0.27292465,0.03758162,0.00028532
0.27302466,0.08499750,0.08499625
0.27312466,0.08499747,0.08499628
0.27322467,0.08499723,0.08499686
0.27332471,0.08499745,0.08499733
0.27342471,0.08499740,0.08497484
0.27352472,0.08499754,0.08497290
0.27362473,0.02967371,0.03555606
0.27372473,0.02693505,0.02789984
0.27382474,0.02605950,0.02214034
0.27392474,0.02527624,0.01787068
0.27402475,0.02290404,0.01505679
0.27412476,0.02068921,0.01182852
0.27422476,0.01886023,0.00899408
0.27432480,0.01766341,0.00577769
0.27442480,0.01659754,0.00317171
0.27452481,0.01522547,0.00122270
0.27462482,0.01531024,-0.00099628
0.27472482,0.01538842,-0.00288234
0.27482483,0.01523887,-0.00430917
0.27492484,0.01580627,-0.00575244
0.27502484,0.01610747,-0.00695731
0.27512485,0.01584255,-0.00744759
0.27522485,0.01737929,-0.00843831
0.27532486,0.01766699,-0.00889511
0.27542490,0.01826095,-0.00940232
0.27552490,0.01919674,-0.00987586
0.27562491,0.01846082,-0.00898961
0.27572491,0.01904041,-0.00867501
0.27582492,0.01845782,-0.00748438
0.27592493,0.01900277,-0.00699119
0.27602493,0.01808003,-0.00561118
0.27612494,0.01923137,-0.00507150
0.27622495,0.01851764,-0.00386266
0.27632495,0.01950113,-0.00345623
0.27642499,0.01910898,-0.00272373
0.27652499,0.01973878,-0.00208871
0.27662500,0.01928401,-0.00125687
0.27672501,0.02007564,-0.00053249
0.27682501,0.01829851,0.00066480
0.27692502,0.01883078,0.00118250
0.27702502,0.01768659,0.00185870
0.27712503,0.01892425,0.00220242
0.27722504,0.01787083,0.00249855
0.27732504,0.01730022,0.00250173
0.27742505,0.01632872,0.00258625
0.27752509,0.01643997,0.00217889
0.27762509,0.01657999,0.00200853
0.27772510,0.01750803,0.00171489
0.27782510,0.01641153,0.00139123
0.27792511,0.01560608,0.00124666
0.27802512,0.01671225,0.00125728
0.27812512,0.01478502,0.00140031
0.27822513,0.01589555,0.00104551
0.27832513,0.01469351,0.00088653
0.27842514,0.01538306,0.00057192
0.27852518,0.01398769,0.00055162
0.27862518,0.01421556,0.00026740
0.27872519,0.01350315,-0.00009319
0.27882520,0.01275338,0.00034049
0.27892520,0.01283184,0.00018083
0.27902521,0.01337352,0.00000415
0.27912521,0.01317630,-0.00006919
0.27922522,0.01304710,-0.00034639
0.27932523,0.01335584,-0.00032445
0.27942523,0.01241820,-0.00053782
0.27952524,0.01299943,-0.00083601
0.27962527,0.01126575,-0.00089066
0.27972528,0.01209929,-0.00107843
0.27982529,0.01170194,-0.00086781
0.27992529,0.01136895,-0.00054270
0.28002530,0.01127362,-0.00019345
0.28012531,0.01087512,-0.00010246
0.28022531,0.01144643,0.00037455
0.28032532,0.01310091,-0.00002080
0.28042532,0.01466051,-0.00032044
0.28052533,0.01522795,-0.00043974
0.28062537,0.01415751,-0.00027508
0.28072537,0.01550458,-0.00048708
0.28082538,0.01441902,-0.00022143
0.28092538,0.01526391,-0.00039375
0.28102539,0.01321864,0.00003125
0.28112540,0.01387025,-0.00011267
0.28122540,0.01453413,-0.00030721
0.28132541,0.01472408,-0.00023752
0.28142542,0.01658511,-0.00062836
0.28152542,0.01610002,-0.00050047
0.28162543,0.01802188,-0.00073905
0.28172546,0.01693670,-0.00044875
0.28182547,0.01648970,-0.00009086
0.28192548,0.01580124,0.00026140
0.28202548,0.01664300,0.00010668
0.28212549,0.01690282,0.00024466
0.28222549,0.01563295,0.00038834
0.28232550,0.01700255,0.00001635
0.28242551,0.01561217,0.00003931
0.28252551,0.01670555,-0.00027178
0.28262552,0.01613206,-0.00025457
0.28272552,0.01700457,-0.00056045
0.28282556,0.01550338,-0.00009360
0.28292557,0.01454175,-0.00010459
0.28302557,0.01626271,-0.00040417
0.28312558,0.01610214,-0.00039719
0.28322559,0.01641140,-0.00014697
0.28332559,0.01610658,0.00006585
0.28342560,0.01591483,-0.00004967
0.28352560,0.01670866,-0.00036368
0.28362561,0.01599868,-0.00004488
0.28372562,0.01706631,-0.00000499
0.28382565,0.01656820,-0.00013307
0.28392566,0.01615380,-0.00004283
0.28402567,0.01719386,0.00004083
0.28412567,0.01674911,-0.00010860
0.28422568,0.01824369,-0.00004048
0.28432568,0.01779910,-0.00024048
0.28442569,0.01807275,-0.00035888
0.28452570,0.01866931,-0.00027652
0.28462570,0.01849877,-0.00084451
0.28472571,0.01961491,-0.00063935
0.28482571,0.01888978,-0.00021513
0.28492575,0.01954684,-0.00050619
0.28502576,0.02039456,-0.00061345
0.28512576,0.02134516,-0.00033303
0.28522577,0.02096106,0.00012617
0.28532578,0.01942361,0.00009321
0.28542578,0.02071667,0.00025505
0.28552579,0.02067215,0.00013850
0.28562579,0.02023136,0.00021034
0.28572580,0.02134256,-0.00018873
0.28582581,0.02283116,-0.00046762
0.28592584,0.02291913,-0.00048938
0.28602585,0.02264595,-0.00051658
0.28612585,0.02340523,-0.00051817
0.28622586,0.02250503,-0.00047806
0.28632587,0.02109907,-0.00043803
0.28642587,0.02330988,-0.00076737
0.28652588,0.02291115,-0.00049089
0.28662589,0.02391130,-0.00066317
0.28672589,0.02402285,-0.00052747
0.28682590,0.02375206,-0.00027310
0.28692590,0.02405668,-0.00017763
0.28702594,0.02482865,-0.00032704
0.28712595,0.02526651,0.00011506
0.28722595,0.02539879,0.00004086
0.28732596,0.02368061,0.00013613
0.28742596,0.02549613,0.00005938
0.28752597,0.02513576,-0.00002766
0.28762598,0.02657622,-0.00043774
0.28772598,0.02681496,-0.00032611
0.28782599,0.02515280,-0.00045963
0.28792599,0.02731639,-0.00074088
0.28802603,0.02694396,-0.00043052
0.28812604,0.02649476,-0.00024875
0.28822604,0.02677417,-0.00008907
0.28832605,0.02681071,0.00022022
0.28842606,0.02615312,0.00027757
0.28852606,0.02734529,0.00015815
0.28862607,0.02940712,0.00007521
0.28872607,0.02913966,-0.00005456
0.28882608,0.02825609,-0.00004775
0.28892609,0.02785812,-0.00010785
0.28902609,0.02876569,0.00015012
0.28912613,0.02783120,0.00019833
0.28922614,0.02895591,0.00007816
0.28932614,0.02813254,0.00020767
0.28942615,0.02755769,0.00026431
0.28952615,0.02792589,-0.00019849
0.28962616,0.02948827,-0.00025908
0.28972617,0.02840371,-0.00037864
0.28982617,0.02915800,-0.00069599
0.28992618,0.02833671,-0.00058552
0.29002618,0.02678843,0.00001480
0.29012622,0.02856938,0.00011185
0.29022623,0.02880449,0.00039201
0.29032623,0.02858831,0.00054034
0.29042624,0.02847105,0.00068250
0.29052625,0.02761797,0.00062611
0.29062625,0.02709712,0.00045094
0.29072626,0.02807391,0.00017130
0.29082626,0.02923919,-0.00007942
0.29092627,0.02881380,-0.00000751
0.29102628,0.02999504,-0.00026190
0.29112628,0.02946073,-0.00018628
0.29122632,0.03072653,-0.00010458
0.29132632,0.03072021,-0.00016296
0.29142633,0.02846307,0.00001969
0.29152634,0.02804714,-0.00001063
0.29162634,0.02945359,-0.00016348
0.29172635,0.02862427,-0.00009056
0.29182635,0.02843272,-0.00010612
0.29192636,0.02827738,-0.00004237
0.29202637,0.02949933,-0.00003771
0.29212637,0.02912601,0.00011319
0.29222641,0.03092604,0.00019432
0.29232642,0.03025043,0.00030558
0.29242642,0.02733537,0.00040314
0.29252643,0.02807778,0.00022028
0.29262643,0.02969819,0.00002254
0.29272644,0.02834550,-0.00011910
0.29282645,0.02699132,-0.00023687
0.29292645,0.02844153,-0.00040812
0.29302646,0.02881238,-0.00037388
0.29312646,0.02673753,-0.00027201
0.29322647,0.02714166,-0.00010876
0.29332651,0.02769230,0.00014112
0.29342651,0.02748687,0.00031322
0.29352652,0.02660812,0.00055467
0.29362653,0.02722354,0.00012443
0.29372653,0.02614823,0.00028939
0.29382654,0.02636690,0.00013308
0.29392654,0.02805106,0.00019340
0.29402655,0.02655699,0.00012626
0.29412656,0.02591636,0.00007998
0.29422656,0.02610396,0.00011534
0.29432660,0.02661012,0.00050192
0.29442661,0.02693796,0.00027855
0.29452661,0.02651620,0.00002299
0.29462662,0.02747256,-0.00047398
0.29472662,0.02643292,-0.00032746
0.29482663,0.02726220,-0.00027517
0.29492664,0.02822233,-0.00043974
0.29502664,0.02688292,-0.00018011
0.29512665,0.02564181,0.00011521
0.29522665,0.02733565,0.00026635
0.29532666,0.02733610,0.00044911
0.29542670,0.02719916,0.00038526
0.29552670,0.02808142,0.00004941
0.29562671,0.02687932,0.00017688
0.29572672,0.02599518,0.00015708
0.29582672,0.02756913,-0.00023504
0.29592673,0.02591529,-0.00020265
0.29602673,0.02590292,-0.00013719
0.29612674,0.02816484,-0.00031829
0.29622675,0.02606490,-0.00023228
0.29632675,0.02591109,-0.00011681
0.29642679,0.02534792,-0.00010669
0.29652679,0.02622795,-0.00031142
0.29662680,0.02580926,-0.00030046
0.29672681,0.02447750,-0.00015006
0.29682681,0.02535024,-0.00034217
0.29692682,0.02410032,0.00022988
0.29702682,0.02413884,0.00041939
0.29712683,0.02575933,0.00029128
0.29722684,0.02479793,0.00058919
0.29732684,0.02492679,0.00050792
0.29742685,0.02542647,0.00042522
0.29752689,0.02468458,0.00040200
0.29762689,0.02287837,0.00023400
0.29772690,0.02582507,0.00002566
0.29782690,0.02441807,-0.00000920
0.29792691,0.02432782,-0.00030765
0.29802692,0.02536480,-0.00030875
0.29812692,0.02386187,-0.00006100
0.29822693,0.02505015,0.00000273
0.29832693,0.02479565,0.00003032
0.29842694,0.02415458,0.00007445
0.29852698,0.02333831,0.00048689
0.29862698,0.02474862,0.00006382
0.29872699,0.02486591,0.00007583
0.29882700,0.02431103,-0.00001208
0.29892700,0.02679343,-0.00018547
0.29902701,0.03142457,-0.00115940
0.29912701,0.03577073,-0.00215499
0.29922702,0.04026667,-0.00345767
0.29932703,0.04178421,-0.00552046
0.29942703,0.04139277,-0.00669526
0.29952704,0.04350573,-0.01020232
0.29962708,0.03976912,-0.01513691
0.29972708,0.08499677,0.08495909
0.29982709,0.08499701,0.08496780
0.29992709,0.08499698,0.08499736
0.30002710,0.08499643,0.08499808
0.30012711,0.08499651,0.08499786
0.30022711,0.08499626,0.08499782
0.30032712,0.02494238,-0.02435164
0.30042712,0.02438224,-0.01682571
0.30052713,0.02255846,-0.01287097
0.30062717,0.01967424,-0.01000895
0.30072717,0.01877032,-0.00664822
0.30082718,0.01720767,-0.00445384
0.30092719,0.01622040,-0.00281694
0.30102719,0.01560096,-0.00038786
0.30112720,0.01580807,0.00059393
0.30122720,0.01579714,0.00247689
0.30132721,0.01611135,0.00336849
0.30142722,0.01571759,0.00394261
0.30152722,0.01669555,0.00423747
0.30162723,0.01586250,0.00447155
0.30172726,0.01641981,0.00434735
0.30182727,0.01670146,0.00406053
0.30192728,0.01740851,0.00381027
0.30202728,0.01762672,0.00345409
0.30212729,0.01809380,0.00311480
0.30222729,0.01837509,0.00269373
0.30232730,0.01841810,0.00254758
0.30242731,0.01909356,0.00239395
0.30252731,0.01953273,0.00250051
0.30262732,0.01853315,0.00198315
0.30272733,0.01917489,0.00207552
0.30282736,0.01862140,0.00165085
0.30292737,0.01814963,0.00140909
0.30302737,0.01884616,0.00072563
0.30312738,0.01897301,0.00023673
0.30322739,0.02016868,0.00004040
0.30332739,0.01892434,-0.00057386
0.30342740,0.01998786,-0.00053116
0.30352740,0.01877263,-0.00055419
0.30362741,0.01910500,-0.00069132
0.30372742,0.01846480,-0.00046099
0.30382745,0.01926552,-0.00046234
0.30392746,0.01815761,-0.00082122
0.30402747,0.01887740,-0.00104286
0.30412747,0.01706660,-0.00107668
0.30422748,0.01691016,-0.00114828
0.30432748,0.01572030,-0.00072602
0.30442749,0.01549412,-0.00090412
0.30452750,0.01614782,-0.00057794
0.30462750,0.01541825,-0.00028521
0.30472751,0.01592767,-0.00010789
0.30482751,0.01478740,-0.00007981
0.30492755,0.01531082,-0.00010418
0.30502756,0.01443716,-0.00022531
0.30512756,0.01485125,-0.00052019
0.30522757,0.01515543,-0.00072976
0.30532758,0.01550069,-0.00065175
0.30542758,0.01612396,-0.00023242
0.30552759,0.01611055,-0.00009743
0.30562759,0.01628798,0.00021703
0.30572760,0.01539420,0.00015095
0.30582761,0.01585435,0.00032125
0.30592764,0.01510212,0.00045234
0.30602765,0.01447979,0.00070365
0.30612766,0.01358000,0.00003280
0.30622766,0.01303389,0.00008785
0.30632767,0.01458900,0.00014040
0.30642767,0.01485063,0.00043761
0.30652768,0.01524510,0.00072234
0.30662769,0.01502914,0.00068447
0.30672769,0.01414164,0.00056579
0.30682770,0.01522084,0.00044356
0.30692770,0.01446813,0.00001329
0.30702774,0.01576384,-0.00011542
0.30712775,0.01547298,-0.00076113
0.30722775,0.01601604,-0.00061503
0.30732776,0.01540254,-0.00075547
0.30742776,0.01454620,-0.00064312
0.30752777,0.01586577,-0.00039753
0.30762778,0.01579152,-0.00020841
0.30772778,0.01669377,-0.00016706
0.30782779,0.01518186,-0.00017665
0.30792780,0.01542682,0.00010491
0.30802783,0.01599792,0.00036720
0.30812784,0.01646671,-0.00005911
0.30822784,0.01944900,0.00032890
0.30832785,0.01933481,0.00014204
0.30842786,0.01767131,-0.00023249
0.30852786,0.01545905,-0.00030826
0.30862787,0.01613145,-0.00026661
0.30872787,0.01654774,-0.00035852
0.30882788,0.01503155,-0.00038658
0.30892789,0.01742117,-0.00021990
0.30902789,0.01741547,-0.00016640
0.30912793,0.01796489,-0.00027128
0.30922794,0.01720845,-0.00037069
0.30932794,0.01810922,-0.00024176
0.30942795,0.01804836,-0.00026342
0.30952795,0.01661921,-0.00013621
0.30962796,0.01803866,0.00052675
0.30972797,0.01807083,0.00044849
0.30982797,0.01927795,0.00076145
0.30992798,0.01863078,0.00036368
0.31002798,0.01797400,0.00032406
0.31012802,0.01846075,-0.00016577
0.31022803,0.01757533,-0.00034362
0.31032803,0.01992845,-0.00035798
0.31042804,0.01942552,-0.00050004
0.31052805,0.02050192,-0.00028254
0.31062805,0.02010148,-0.00018912
0.31072806,0.02084081,-0.00009695
0.31082806,0.02151318,-0.00015677
0.31092807,0.02108662,0.00011824
0.31102808,0.02186351,0.00003103
0.31112808,0.02082834,-0.00015850
0.31122812,0.02166288,-0.00000390
0.31132813,0.02132279,-0.00000142
0.31142813,0.02266827,-0.00005512
0.31152814,0.02076777,-0.00035458
0.31162814,0.02147484,-0.00018119
0.31172815,0.02341330,0.00015147
0.31182816,0.02295689,0.00015198
0.31192816,0.02484490,0.00017640
0.31202817,0.02277653,-0.00036919
0.31212817,0.02340875,-0.00000003
0.31222821,0.02329814,-0.00053337
0.31232822,0.02459809,-0.00028775
0.31242822,0.02460984,-0.00014208
0.31252823,0.02405797,0.00003386
0.31262823,0.02616550,0.00070619
0.31272824,0.02436185,0.00052234
0.31282825,0.02547945,0.00065573
0.31292825,0.02395912,0.00025612
0.31302826,0.02488279,0.00058981
0.31312827,0.02536640,0.00043201
0.31322827,0.02463526,0.00020199
0.31332831,0.02688907,0.00048625
0.31342831,0.02601300,0.00023602
0.31352832,0.02815226,0.00024683
0.31362833,0.02779455,0.00015870
0.31372833,0.02615510,-0.00001736
0.31382834,0.02754003,0.00020212
0.31392834,0.02733961,0.00025392
0.31402835,0.02659947,-0.00024955
0.31412836,0.02811904,-0.00005831
0.31422836,0.02732085,-0.00029587
0.31432840,0.02738529,-0.00006890
0.31442841,0.02794958,0.00000337
0.31452841,0.02624763,-0.00019115
0.31462842,0.02861911,0.00044133
0.31472842,0.02827512,0.00046695
0.31482843,0.02955316,0.00077811
0.31492844,0.02887344,0.00040184
0.31502844,0.02924457,0.00005162
0.31512845,0.02966281,-0.00014407
0.31522845,0.02856054,-0.00028007
0.31532846,0.02976732,-0.00014982
0.31542850,0.02946386,-0.00016780
0.31552850,0.02832311,-0.00039043
0.31562851,0.02930186,-0.00036496
0.31572852,0.02934083,-0.00012400
0.31582852,0.02787959,-0.00026208
0.31592853,0.02917590,0.00004687
0.31602853,0.02799031,0.00009528
0.31612854,0.02864565,0.00016884
0.31622855,0.02862237,0.00026461
0.31632855,0.02769007,0.00003432
0.31642859,0.02906177,0.00027913
0.31652859,0.02898450,0.00020288
0.31662860,0.02784035,0.00007570
0.31672861,0.02974082,0.00023930
0.31682861,0.02824074,0.00010842
0.31692862,0.02912947,0.00007865
0.31702863,0.02783178,-0.00017264
0.31712863,0.02645937,-0.00055170
0.31722864,0.02755892,-0.00035263
0.31732864,0.02739618,-0.00019299
0.31742865,0.02560316,-0.00059817
0.31752869,0.02684696,-0.00037307
0.31762869,0.02691306,-0.00006971
0.31772870,0.02706166,0.00031192
0.31782870,0.02782789,0.00042748
0.31792871,0.02687369,0.00036361
0.31802872,0.02579832,0.00031569
0.31812872,0.02744092,0.00058865
0.31822873,0.02664242,0.00008964
0.31832874,0.02769145,-0.00010295
0.31842874,0.02605604,-0.00051994
0.31852878,0.02704279,-0.00004904
0.31862878,0.02781942,-0.00011176
0.31872879,0.02606665,-0.00035962
0.31882880,0.02487227,-0.00055063
0.31892880,0.02667131,-0.00012025
0.31902881,0.02645565,-0.00014631
0.31912881,0.02694938,-0.00003080
0.31922882,0.02698038,-0.00031495
0.31932883,0.02613771,-0.00038044
0.31942883,0.02703247,0.00014275
0.31952884,0.02538436,-0.00007664
0.31962888,0.02591336,0.00022138
0.31972888,0.02567077,0.00050917
0.31982889,0.02567011,0.00018909
0.31992889,0.02594216,0.00038237
0.32002890,0.02709252,0.00031907
0.32012891,0.02555736,0.00003150
0.32022891,0.02648458,-0.00009420
0.32032892,0.02660066,-0.00003082
0.32042892,0.02582256,-0.00025106
0.32052893,0.02665746,-0.00015043
0.32062897,0.02612185,-0.00014681
0.32072897,0.02559310,0.00004679
0.32082898,0.02699680,0.00025864
0.32092899,0.02619367,0.00013757
0.32102899,0.02598361,0.00045124
0.32112900,0.02697417,0.00061519
0.32122900,0.02435587,-0.00022067
0.32132901,0.02515025,-0.00001180
0.32142902,0.02424026,-0.00018651
0.32152902,0.02411799,0.00003331
0.32162903,0.02512902,0.00009578
0.32172906,0.02470105,0.00017491
0.32182907,0.02428323,0.00003457
0.32192908,0.02616045,0.00005690
0.32202908,0.02616964,0.00015964
0.32212909,0.02690378,0.00017362
0.32222910,0.02487672,-0.00028869
0.32232910,0.02335936,-0.00057344
0.32242911,0.02454175,-0.00022663
0.32252911,0.02379964,-0.00038115
0.32262912,0.02396393,0.00006242
0.32272913,0.02514425,0.00024715
0.32282916,0.02397396,0.00036558
0.32292917,0.02415816,0.00078128
0.32302917,0.02510620,0.00048346
0.32312918,0.02384776,0.00028082
0.32322919,0.02585693,0.00061067
0.32332919,0.02503402,-0.00003890
0.32342920,0.02541050,0.00015343
0.32352921,0.02578711,-0.00010342
0.32362921,0.02536337,-0.00005819
0.32372922,0.02561209,-0.00029518
0.32382925,0.02606829,0.00022719
0.32392926,0.02536891,-0.00000708
0.32402927,0.02453226,-0.00041987
0.32412927,0.02457372,-0.00024697
0.32422928,0.02435381,-0.00017725
0.32432928,0.02622226,0.00026136
0.32442929,0.02477908,-0.00006160
0.32452930,0.02583421,0.00014344
0.32462930,0.02583707,0.00040806
0.32472931,0.02439226,-0.00005916
0.32482932,0.02527235,0.00009145
0.32492935,0.02447507,-0.00022530
0.32502936,0.02464062,-0.00005472
0.32512936,0.02545531,-0.00028673
0.32522937,0.02436209,-0.00053104
0.32532938,0.02598772,-0.00020861
0.32542938,0.02578651,-0.00033173
0.32552939,0.02398810,-0.00062364
0.32562939,0.02622227,-0.00045622
0.32572940,0.03173308,-0.00031766
0.32582941,0.03605847,0.00026379
0.32592944,0.04150762,0.00155454
0.32602945,0.04231364,0.00172309
0.32612946,0.04327193,0.00207955
0.32622946,0.04089684,0.00191950
0.32632947,0.03721182,0.00155640
0.32642947,0.08499742,0.08499602
0.32652948,0.08499734,0.08499621
0.32662949,0.08499717,0.08499704
0.32672949,0.08499754,0.08499727
0.32682950,0.08499747,0.08497398
0.32692950,0.08499756,0.08496965
0.32702954,0.03132472,0.03611449
0.32712955,0.02770869,0.02899455
0.32722955,0.02640806,0.02349807
0.32732956,0.02518494,0.01879073
0.32742957,0.02211845,0.01614018
0.32752957,0.01977281,0.01254768
0.32762958,0.01847199,0.00910193
0.32772958,0.01628064,0.00611484
0.32782959,0.01587170,0.00330784
0.32792960,0.01474240,0.00078856
0.32802963,0.01488193,-0.00123736
0.32812964,0.01459283,-0.00281797
0.32822964,0.01522611,-0.00475414
0.32832965,0.01504591,-0.00583975
0.32842966,0.01578857,-0.00723941
0.32852966,0.01591814,-0.00787525
0.32862967,0.01655382,-0.00885739
0.32872968,0.01670722,-0.00928551
0.32882968,0.01822649,-0.00974797
0.32892969,0.01778336,-0.00971298
0.32902969,0.01905991,-0.00995751
0.32912973,0.01866995,-0.00898348
0.32922974,0.01939397,-0.00824643
0.32932974,0.01828879,-0.00667826
0.32942975,0.01976486,-0.00667046
0.32952975,0.01915982,-0.00538608
0.32962976,0.01924526,-0.00419139
0.32972977,0.01874272,-0.00355051
0.32982977,0.01946440,-0.00287872
0.32992978,0.01933909,-0.00210425
0.33002979,0.02071442,-0.00132923
0.33012982,0.01936552,-0.00008806
0.33022983,0.01934595,0.00086259
0.33032983,0.01802806,0.00165291
0.33042984,0.01816844,0.00226108
0.33052985,0.01720482,0.00267101
0.33062985,0.01664689,0.00305133
0.33072986,0.01505835,0.00296211
0.33082986,0.01397647,0.00288714
0.33092987,0.01410063,0.00236984
0.33102988,0.01340839,0.00194382
0.33112988,0.01435585,0.00169274
0.33122992,0.01369385,0.00163449
0.33132993,0.01473348,0.00156354
0.33142993,0.01442694,0.00143991
0.33152994,0.01566661,0.00116741
0.33162994,0.01474135,0.00097266
0.33172995,0.01440315,0.00114802
0.33182996,0.01456485,0.00047030
0.33192996,0.01296790,0.00032045
0.33202997,0.01214154,0.00038461
0.33212997,0.01201371,0.00028479
0.33223001,0.01287391,0.00012184
0.33233002,0.01277327,-0.00000323
0.33243002,0.01391352,-0.00043224
0.33253003,0.01352240,-0.00051415
0.33263004,0.01290889,-0.00043668
0.33273004,0.01175279,-0.00044010
0.33283005,0.01153507,-0.00083243
0.33293005,0.01293346,-0.00127317
0.33303006,0.01163943,-0.00123427
0.33313007,0.01249309,-0.00117575
0.33323007,0.01216631,-0.00074762
0.33333011,0.01039580,-0.00004529
0.33343011,0.01207593,-0.00015622
0.33353012,0.01249775,-0.00002505
0.33363013,0.01263212,-0.00025656
0.33373013,0.01358224,-0.00031256
0.33383014,0.01363980,-0.00034804
0.33393015,0.01454820,-0.00049768
0.33403015,0.01398719,-0.00035852
0.33413016,0.01507020,-0.00049806
0.33423016,0.01455021,-0.00024895
0.33433020,0.01510985,-0.00024378
0.33443021,0.01583753,-0.00037538
0.33453021,0.01522328,-0.00020979
0.33463022,0.01547339,-0.00020631
0.33473022,0.01479127,-0.00003280
0.33483023,0.01633945,-0.00022294
0.33493024,0.01632549,-0.00029556
0.33503024,0.01731269,-0.00041235
0.33513025,0.01724551,-0.00015734
0.33523026,0.01603791,0.00011032
0.33533026,0.01680015,0.00002206
0.33543030,0.01632036,0.00017580
0.33553030,0.01631773,0.00028064
0.33563031,0.01716287,0.00027689
0.33573032,0.01625302,0.00012022
0.33583032,0.01737488,-0.00005787
0.33593033,0.01673679,-0.00045215
0.33603033,0.01679137,-0.00003373
0.33613034,0.01633370,-0.00033302
0.33623035,0.01512854,-0.00039465
0.33633035,0.01648418,-0.00054833
0.33643039,0.01637230,-0.00054521
0.33653040,0.01773082,-0.00028949
0.33663040,0.01681155,-0.00031169
0.33673041,0.01689528,-0.00024548
0.33683041,0.01773176,-0.00039654
0.33693042,0.01741525,-0.00028569
0.33703043,0.01837779,-0.00046384
0.33713043,0.01805667,-0.00032006
0.33723044,0.01780332,-0.00007930
0.33733044,0.01828202,-0.00007093
0.33743045,0.01785056,0.00053075
0.33753049,0.01875305,0.00041075
0.33763049,0.01803843,0.00030567
0.33773050,0.01850566,-0.00043473
0.33783051,0.01903790,-0.00022610
0.33793051,0.01870661,-0.00023951
0.33803052,0.01873522,-0.00037587
0.33813052,0.01930909,-0.00046328
0.33823053,0.02028522,-0.00046343
0.33833054,0.02136119,-0.00020100
0.33843054,0.02066421,0.00011326
0.33853058,0.02113802,0.00021564
0.33863058,0.02093630,0.00015196
0.33873059,0.02090312,-0.00015521
0.33883060,0.02212915,-0.00012187
0.33893060,0.02148356,-0.00007481
0.33903061,0.02225050,-0.00030493
0.33913062,0.02282499,-0.00062138
0.33923062,0.02242407,-0.00087455
0.33933063,0.02447436,-0.00075578
0.33943063,0.02338203,-0.00057267
0.33953064,0.02498851,-0.00061188
0.33963068,0.02396938,-0.00053249
0.33973068,0.02347082,-0.00046647
0.33983069,0.02428512,-0.00056808
0.33993069,0.02278444,-0.00033358
0.34003070,0.02371639,-0.00026112
0.34013071,0.02383173,-0.00033995
0.34023071,0.02329510,0.00001050
0.34033072,0.02487374,-0.00008545
0.34043073,0.02423063,-0.00015809
0.34053073,0.02492902,0.00030041
0.34063077,0.02518930,0.00027690
0.34073077,0.02469332,0.00017747
0.34083078,0.02640438,0.00002538
0.34093079,0.02599679,-0.00025332
0.34103079,0.02641814,-0.00033526
0.34113080,0.02620135,-0.00042292
0.34123080,0.02604200,-0.00058416
0.34133081,0.02646837,-0.00040651
0.34143082,0.02572115,-0.00019090
0.34153082,0.02565155,0.00011536
0.34163083,0.02609637,0.00015789
0.34173087,0.02679021,0.00009339
0.34183087,0.02612081,0.00028377
0.34193088,0.02694569,0.00016618
0.34203088,0.02793483,-0.00006772
0.34213089,0.02683166,-0.00003853
0.34223090,0.02640920,0.00006303
0.34233090,0.02672514,0.00013823
0.34243091,0.02789527,-0.00004349
0.34253091,0.02672811,-0.00009016
0.34263092,0.02589110,0.00007310
0.34273093,0.02740394,-0.00005075
0.34283096,0.02763799,-0.00028424
0.34293097,0.02688376,-0.00041889
0.34303098,0.02806028,-0.00063253
0.34313098,0.02794394,-0.00049300
0.34323099,0.02858852,-0.00023457
0.34333099,0.02830429,-0.00017080
0.34343100,0.02745139,-0.00006040
0.34353101,0.02823105,0.00001973
0.34363101,0.02830700,0.00022605
0.34373102,0.02753880,0.00046446
0.34383105,0.02877116,0.00017133
0.34393106,0.02870990,0.00032568
0.34403107,0.02733190,0.00033115
0.34413107,0.02976247,0.00008572
0.34423108,0.02880755,0.00022209
0.34433109,0.02800753,0.00012877
0.34443109,0.02890991,-0.00002176
0.34453110,0.02819692,0.00000980
0.34463110,0.02791589,0.00006395
0.34473111,0.02846576,-0.00015614
0.34483112,0.02813081,-0.00010155
0.34493115,0.02912046,-0.00021065
0.34503116,0.02977896,0.00011962
0.34513116,0.02825910,0.00010239
0.34523117,0.02919357,-0.00009016
0.34533118,0.02931266,0.00016031
0.34543118,0.02754325,0.00025547
0.34553119,0.02792028,0.00015671
0.34563120,0.02899710,0.00023718
0.34573120,0.02787537,0.00024227
0.34583121,0.02768138,0.00012106
0.34593124,0.02831018,-0.00026476
0.34603125,0.02810929,-0.00008317
0.34613126,0.02698526,-0.00025225
0.34623126,0.02887335,-0.00050159
0.34633127,0.02783956,-0.00032337
0.34643127,0.02612625,-0.00008767
0.34653128,0.02789534,-0.00032507
0.34663129,0.02725790,-0.00011024
0.34673129,0.02689413,-0.00000862
0.34683130,0.02767100,0.00001464
0.34693130,0.02720781,0.00000327
0.34703134,0.02660408,0.00011798
0.34713135,0.02689522,0.00003955
0.34723135,0.02633554,0.00008881
0.34733136,0.02702895,0.00022105
0.34743137,0.02813597,0.00021196
0.34753137,0.02784514,0.00032726
0.34763138,0.02716706,0.00013964
0.34773138,0.02828673,0.00007381
0.34783139,0.02718547,0.00018173
0.34793140,0.02592010,0.00006407
0.34803143,0.02645706,-0.00005556
0.34813144,0.02545536,-0.00061393
0.34823145,0.02566553,-0.00016177
0.34833145,0.02536471,-0.00007895
0.34843146,0.02705252,-0.00000237
0.34853146,0.02750040,0.00020158
0.34863147,0.02676988,0.00016524
0.34873148,0.02638628,0.00024386
0.34883148,0.02653021,0.00030046
0.34893149,0.02471071,0.00036093
0.34903149,0.02436745,0.00014826
0.34913153,0.02631257,-0.00002138
0.34923154,0.02610685,-0.00014493
0.34933154,0.02749809,-0.00027874
0.34943155,0.02640696,-0.00034899
0.34953156,0.02586255,-0.00016659
0.34963156,0.02665939,-0.00032828
0.34973157,0.02379074,-0.00032073
0.34983157,0.02505315,-0.00007354
0.34993158,0.02544415,0.00001820
0.35003159,0.02613773,0.00021332
0.35013162,0.02459137,0.00006956
0.35023163,0.02679803,0.00012054
0.35033163,0.02563575,0.00006005
0.35043164,0.02497940,0.00034524
0.35053165,0.02746622,0.00025124
0.35063165,0.02687946,0.00042749
0.35073166,0.02547553,0.00038185
0.35083167,0.02577478,0.00039049
0.35093167,0.02499168,0.00034395
0.35103168,0.02511894,0.00012556
0.35113168,0.02733293,-0.00002775
0.35123172,0.02691827,-0.00016852
0.35133173,0.02735212,-0.00051800
0.35143173,0.02580115,-0.00002261
0.35153174,0.02545579,0.00010445
0.35163174,0.02395272,0.00037185
0.35173175,0.02625728,0.00021616
0.35183176,0.02610165,0.00027515
0.35193176,0.02383232,0.00027075
0.35203177,0.02463445,-0.00004216
0.35213177,0.02495364,0.00019392
0.35223181,0.02438657,0.00013218
0.35233182,0.02621348,-0.00008363
0.35243182,0.02937468,-0.00070411
0.35253183,0.03116193,-0.00147784
0.35263184,0.04176868,-0.00398688
0.35273184,0.04041241,-0.00467475
0.35283185,0.04493853,-0.00839211
0.35293185,0.04518680,-0.01253632
0.35303186,0.03127239,-0.01163507
0.35313187,0.08499663,0.08496002
0.35323187,0.08499692,0.08496109
0.35333191,0.08499701,0.08499736
0.35343192,0.08499650,0.08499788
0.35353192,0.08499651,0.08499780
0.35363193,0.08499640,0.08499782
0.35373193,0.02631486,-0.02164143
0.35383194,0.02553816,-0.01548232
0.35393195,0.02399746,-0.01103163
0.35403195,0.02207984,-0.00779497
0.35413196,0.01978371,-0.00494350
0.35423196,0.01859051,-0.00217513
0.35433200,0.01704287,-0.00018998
0.35443201,0.01620513,0.00144233
0.35453201,0.01581059,0.00164804
0.35463202,0.01537921,0.00243037
0.35473203,0.01596554,0.00279412
0.35483203,0.01514057,0.00302304
0.35493204,0.01586516,0.00307918
0.35503204,0.01542536,0.00279146
0.35513205,0.01610875,0.00244866
0.35523206,0.01575142,0.00217889
0.35533206,0.01704198,0.00235475
0.35543210,0.01648021,0.00164582
0.35553210,0.01792630,0.00181792
0.35563211,0.01696493,0.00139234
0.35573212,0.01818180,0.00148729
0.35583212,0.01789856,0.00139275
0.35593213,0.01867861,0.00153914
0.35603214,0.01881868,0.00144148
0.35613214,0.02026454,0.00152255
0.35623215,0.01877283,0.00116153
0.35633215,0.01867266,0.00094274
0.35643219,0.01865326,0.00060046
0.35653220,0.02001834,0.00038856
0.35663220,0.01961829,0.00010149
0.35673221,0.02047437,0.00019271
0.35683221,0.01948569,-0.00029597
0.35693222,0.02016076,-0.00035485
0.35703223,0.01879999,-0.00031105
0.35713223,0.01946759,-0.00038237
0.35723224,0.01831442,-0.00049498
0.35733224,0.01836547,-0.00072679
0.35743225,0.01776041,-0.00074907
0.35753229,0.01726240,-0.00069425
0.35763229,0.01598138,-0.00057954
0.35773230,0.01569599,-0.00074556
0.35783231,0.01654270,-0.00060408
0.35793231,0.01641246,-0.00011676
0.35803232,0.01657686,-0.00012298
0.35813232,0.01585355,-0.00011568
0.35823233,0.01665336,-0.00014980
0.35833234,0.01586938,-0.00034596
0.35843234,0.01443620,-0.00042988
0.35853238,0.01470917,-0.00076530
0.35863239,0.01450505,-0.00055342
0.35873239,0.01513183,-0.00061692
0.35883240,0.01462759,-0.00043415
0.35893240,0.01476756,-0.00021717
0.35903241,0.01408116,-0.00024644
0.35913242,0.01570818,0.00017748
0.35923242,0.01536168,0.00028635
0.35933243,0.01410170,0.00015104
0.35943243,0.01456349,0.00012704
0.35953244,0.01436929,0.00029802
0.35963248,0.01521223,0.00030802
0.35973248,0.01438388,0.00058988
0.35983249,0.01514886,0.00073054
0.35993250,0.01463192,0.00071507
0.36003250,0.01380685,0.00043447
0.36013251,0.01473143,0.00001143
0.36023251,0.01563680,0.00018881
0.36033252,0.01445347,-0.00003816
0.36043253,0.01324133,-0.00031232
0.36053253,0.01453783,-0.00050040
0.36063257,0.01475299,-0.00042614
0.36073257,0.01393993,-0.00032036
0.36083258,0.01496084,-0.00011697
0.36093259,0.01509439,0.00003717
0.36103259,0.01603259,-0.00000112
0.36113260,0.01501978,0.00026614
0.36123260,0.01595603,0.00016951
0.36133261,0.01538043,0.00029764
0.36143262,0.01544863,0.00032715
0.36153262,0.01505470,-0.00037015
0.36163263,0.01454449,-0.00016937
0.36173267,0.01488114,-0.00024893
0.36183267,0.01470703,-0.00038503
0.36193268,0.01597118,-0.00026209
0.36203268,0.01615071,-0.00026869
0.36213269,0.01535408,-0.00028662
0.36223270,0.01698830,-0.00044468
0.36233270,0.01675280,-0.00042819
0.36243271,0.01696339,-0.00034421
0.36253271,0.01597705,-0.00042316
0.36263272,0.01689357,-0.00007681
0.36273273,0.01645714,-0.00021884
0.36283276,0.01551251,-0.00010511
0.36293277,0.01696064,0.00042470
0.36303278,0.01702815,0.00021209
0.36313278,0.01790597,0.00032136
0.36323279,0.01719614,0.00013148
0.36333279,0.01660055,-0.00004176
0.36343280,0.01776096,-0.00006053
0.36353281,0.01769371,-0.00016858
0.36363281,0.01860819,-0.00046947
0.36373282,0.01790170,-0.00064314
0.36383286,0.01901702,-0.00019508
0.36393286,0.01903118,-0.00022338
0.36403287,0.01868438,-0.00003978
0.36413287,0.01969837,0.00020976
0.36423288,0.01981316,0.00027836
0.36433289,0.02023642,0.00000178
0.36443289,0.02109056,0.00018701
0.36453290,0.02122332,0.00038773
0.36463290,0.02160963,0.00027935
0.36473291,0.02201450,0.00034834
0.36483292,0.02267349,0.00021965
0.36493295,0.02161200,-0.00018028
0.36503296,0.02310071,0.00017649
0.36513297,0.02129182,-0.00008768
0.36523297,0.02161813,-0.00011619
0.36533298,0.02229811,-0.00038103
0.36543298,0.02240734,-0.00026917
0.36553299,0.02476444,-0.00002300
0.36563300,0.02376698,-0.00006478
0.36573300,0.02487021,-0.00006963
0.36583301,0.02444308,-0.00022987
0.36593304,0.02642706,0.00032262
0.36603305,0.02441645,0.00022800
0.36613306,0.02333721,0.00033622
0.36623306,0.02551493,0.00064196
0.36633307,0.02536299,0.00079974
0.36643307,0.02664483,0.00073830
0.36653308,0.02599109,0.00036060
0.36663309,0.02766137,0.00069411
0.36673309,0.02720755,0.00033772
0.36683310,0.02638467,0.00023933
0.36693311,0.02867190,0.00030476
0.36703314,0.02704478,-0.00001576
0.36713315,0.02663823,-0.00036849
0.36723315,0.02697869,-0.00031376
0.36733316,0.02641435,-0.00036562
0.36743317,0.02805831,-0.00008392
0.36753317,0.02729985,-0.00036192
0.36763318,0.02918671,-0.00013189
0.36773318,0.02898717,0.00012935
0.36783319,0.02834165,-0.00019013
0.36793320,0.02895521,-0.00001707
0.36803323,0.02827392,0.00026866
0.36813324,0.02995665,0.00061720
0.36823325,0.02949563,0.00018775
0.36833325,0.02865549,-0.00019911
0.36843326,0.02979156,0.00002465
0.36853326,0.02917753,-0.00024827
0.36863327,0.02801039,-0.00052970
0.36873328,0.02921273,-0.00072359
0.36883328,0.02843949,-0.00088020
0.36893329,0.02977368,-0.00028123
0.36903329,0.02814006,-0.00036264
0.36913333,0.02678042,-0.00032313
0.36923334,0.02703643,-0.00025403
0.36933334,0.02822667,-0.00040776
0.36943335,0.02714764,-0.00027764
0.36953336,0.02742629,-0.00008434
0.36963336,0.02813489,0.00000537
0.36973337,0.02720338,0.00011528
0.36983337,0.02825402,0.00009324
0.36993338,0.02795983,0.00025936
0.37003339,0.02726330,0.00020938
0.37013342,0.02930540,0.00066340
0.37023343,0.02886312,0.00059587
0.37033344,0.02774932,0.00009693
0.37043344,0.02900180,0.00011913
0.37053345,0.02736573,-0.00039975
0.37063345,0.02950478,0.00003340
0.37073346,0.02877507,0.00009123
0.37083347,0.02767564,0.00005387
0.37093347,0.02704157,0.00002253
0.37103348,0.02856516,0.00043761
0.37113348,0.02658316,0.00026843
0.37123352,0.02763879,0.00052511
0.37133353,0.02694156,0.00043358
0.37143353,0.02624709,0.00012984
0.37153354,0.02553401,-0.00022589
0.37163354,0.02669784,-0.00043295
0.37173355,0.02758848,0.00001436
0.37183356,0.02895481,0.00012519
0.37193356,0.02909786,0.00032559
0.37203357,0.02781522,-0.00014970
0.37213358,0.02684679,-0.00024075
0.37223361,0.02832538,0.00021529
0.37233362,0.02711363,-0.00029595
0.37243362,0.02789976,0.00001208
0.37253363,0.02811609,0.00025941
0.37263364,0.02645809,-0.00020646
0.37273364,0.02744743,0.00021086
0.37283365,0.02710711,0.00039611
0.37293365,0.02593379,0.00005535
0.37303366,0.02595309,0.00055654
0.37313367,0.02574982,0.00052613
0.37323367,0.02436531,0.00013342
0.37333371,0.02536177,0.00005218
0.37343372,0.02622002,0.00026347
0.37353372,0.02717002,0.00018751
0.37363373,0.02657687,-0.00023305
0.37373373,0.02528048,-0.00055429
0.37383374,0.02523823,-0.00044895
0.37393375,0.02455576,-0.00069525
0.37403375,0.02538599,-0.00015703
0.37413376,0.02533703,0.00005179
0.37423376,0.02636543,0.00045414
0.37433380,0.02554529,-0.00007089
0.37443381,0.02468366,-0.00015912
0.37453381,0.02621556,0.00009747
0.37463382,0.02656920,0.00043765
0.37473383,0.02455958,-0.00025855
0.37483383,0.02654314,-0.00004166
0.37493384,0.02564149,-0.00003213
0.37503384,0.02503769,0.00014037
0.37513385,0.02527587,-0.00003876
0.37523386,0.02432794,-0.00012475
0.37533386,0.02416288,-0.00010694
0.37543390,0.02633986,0.00016083
0.37553391,0.02475795,-0.00039910
0.37563391,0.02389658,-0.00058841
0.37573392,0.02577960,0.00006198
0.37583392,0.02618290,0.00032862
0.37593393,0.02539233,0.00031378
0.37603394,0.02639657,0.00064866
0.37613394,0.02565924,0.00059666
0.37623395,0.02455907,0.00030845
0.37633395,0.02661732,0.00108862
0.37643399,0.02490940,0.00076717
0.37653400,0.02485343,0.00050268
0.37663400,0.02425031,-0.00015159
0.37673401,0.02497440,0.00017614
0.37683401,0.02475227,0.00001550
0.37693402,0.02608395,0.00013629
0.37703403,0.02406888,-0.00019821
0.37713403,0.02451433,0.00022204
0.37723404,0.02571807,0.00010254
0.37733405,0.02569317,0.00020403
0.37743405,0.02530864,-0.00003683
0.37753409,0.02541099,-0.00035559
0.37763409,0.02332733,-0.00096118
0.37773410,0.02256577,-0.00074150
0.37783411,0.02372450,-0.00040860
0.37793411,0.02349629,-0.00010371
0.37803412,0.02329795,0.00018143
0.37813412,0.02421446,0.00033475
0.37823413,0.02296847,-0.00018632
0.37833414,0.02255503,-0.00032132
0.37843414,0.02450143,-0.00019760
0.37853418,0.02472324,-0.00016916
0.37863419,0.02428363,-0.00048331
0.37873419,0.02587186,-0.00014718
0.37883420,0.02584882,0.00007827
0.37893420,0.02476844,-0.00024450
0.37903421,0.02519892,-0.00018140
0.37913422,0.03085659,-0.00013820
0.37923422,0.03166647,-0.00009852
0.37933423,0.03527140,0.00013588
0.37943423,0.04162405,0.00150834
0.37953424,0.04373156,0.00293471
0.37963428,0.04398026,0.00308921
0.37973428,0.03346313,-0.00043069
0.37983429,0.08499738,0.08499619
0.37993430,0.08499740,0.08499604
0.38003430,0.08499718,0.08499699
0.38013431,0.08499749,0.08499736
0.38023431,0.08499751,0.08497442
0.38033432,0.08499758,0.08497208
0.38043433,0.08499750,0.08496743
0.38053433,0.02715716,0.03189540
0.38063434,0.02551178,0.02623801
0.38073438,0.02408791,0.02235280
0.38083438,0.02232556,0.01888368
0.38093439,0.02142723,0.01447486
0.38103439,0.01994469,0.01115082
0.38113440,0.01876230,0.00768511
0.38123441,0.01758449,0.00566061
0.38133441,0.01653057,0.00294178
0.38143442,0.01527155,0.00120101
0.38153442,0.01587569,-0.00070389
0.38163443,0.01550143,-0.00241451
0.38173447,0.01570675,-0.00380081
0.38183447,0.01585321,-0.00518470
0.38193448,0.01596585,-0.00668128
0.38203448,0.01562692,-0.00787989
0.38213449,0.01640402,-0.00861084
0.38223450,0.01676624,-0.00901746
0.38233450,0.01815426,-0.00951108
0.38243451,0.01853816,-0.00912358
0.38253452,0.01909621,-0.00920166
0.38263452,0.01945993,-0.00877471
0.38273453,0.01913837,-0.00758479
0.38283456,0.01888966,-0.00671245
0.38293457,0.01869141,-0.00599526
0.38303458,0.01835995,-0.00484635
0.38313458,0.01884894,-0.00452861
0.38323459,0.01837308,-0.00329264
0.38333459,0.01832125,-0.00247755
0.38343460,0.01777350,-0.00148515
0.38353461,0.01751043,-0.00055013
0.38363461,0.01693094,0.00024669
0.38373462,0.01812398,0.00075483
0.38383466,0.01760250,0.00140006
0.38393466,0.01839581,0.00180650
0.38403467,0.01793353,0.00200376
0.38413467,0.01879313,0.00211668
0.38423468,0.01829030,0.00183307
0.38433469,0.01698363,0.00177826
0.38443469,0.01626413,0.00178832
0.38453470,0.01671303,0.00159465
0.38463470,0.01543513,0.00153889
0.38473471,0.01492984,0.00148058
0.38483472,0.01630214,0.00133661
0.38493475,0.01484219,0.00146273
0.38503476,0.01584601,0.00140592
0.38513477,0.01519858,0.00095114
0.38523477,0.01547624,0.00080700
0.38533478,0.01384460,0.00090694
0.38543478,0.01360323,0.00044357
0.38553479,0.01302196,0.00051128
0.38563480,0.01248854,0.00039034
0.38573480,0.01389994,-0.00008464
0.38583481,0.01339911,0.00002398
0.38593484,0.01433648,-0.00023047
0.38603485,0.01293956,-0.00011849
0.38613486,0.01420732,-0.00044995
0.38623486,0.01355003,-0.00086932
0.38633487,0.01314266,-0.00077560
0.38643488,0.01330004,-0.00080681
0.38653488,0.01286417,-0.00052702
0.38663489,0.01409245,-0.00051143
0.38673489,0.01332396,-0.00023914
0.38683490,0.01318616,-0.00013262
0.38693491,0.01315051,-0.00001334
0.38703494,0.01416908,-0.00038283
0.38713495,0.01402772,-0.00018564
0.38723495,0.01451615,-0.00019463
0.38733496,0.01451832,-0.00040340
0.38743497,0.01573755,-0.00052804
0.38753497,0.01573746,-0.00044759
0.38763498,0.01585495,-0.00035344
0.38773499,0.01557201,-0.00022395
0.38783499,0.01458438,0.00017150
0.38793500,0.01499808,0.00019217
0.38803503,0.01396194,-0.00004592
0.38813504,0.01604473,-0.00048792
0.38823505,0.01588916,-0.00018748
0.38833505,0.01493175,-0.00000902
0.38843506,0.01523352,-0.00006236
0.38853506,0.01532266,-0.00005918
0.38863507,0.01528687,0.00012052
0.38873508,0.01585880,-0.00001866
0.38883508,0.01579495,0.00026386
0.38893509,0.01675393,-0.00005848
0.38903510,0.01648493,-0.00023606
0.38913513,0.01683516,-0.00023779
0.38923514,0.01637099,-0.00030063
0.38933514,0.01463283,-0.00008629
0.38943515,0.01629248,-0.00082453
0.38953516,0.01644564,-0.00108873
0.38963516,0.01692355,-0.00088730
0.38973517,0.01689546,-0.00070328
0.38983517,0.01534820,-0.00013722
0.38993518,0.01595531,0.00006964
0.39003519,0.01666427,-0.00015429
0.39013522,0.01754331,-0.00034723
0.39023523,0.01812544,0.00005541
0.39033524,0.01717825,0.00004544
0.39043524,0.01827651,-0.00025587
0.39053525,0.01703218,0.00010154
0.39063525,0.01885745,-0.00027010
0.39073526,0.01853995,-0.00004613
0.39083527,0.01804125,0.00023602
0.39093527,0.02000812,0.00008891
0.39103528,0.01963912,-0.00035017
0.39113528,0.02028201,-0.00027301
0.39123532,0.02045500,-0.00015835
0.39133533,0.01986561,-0.00028460
0.39143533,0.02192677,-0.00068169
0.39153534,0.02159591,-0.00050479
0.39163535,0.02125175,-0.00024610
0.39173535,0.02095007,-0.00003440
0.39183536,0.02058086,0.00029039
0.39193536,0.02197019,0.00010460
0.39203537,0.02081048,0.00037035
0.39213538,0.02143817,0.00042471
0.39223541,0.02249684,-0.00002976
0.39233542,0.02165940,-0.00003497
0.39243542,0.02268981,-0.00031253
0.39253543,0.02161491,-0.00022520
0.39263544,0.02311425,-0.00029613
0.39273544,0.02372435,-0.00049548
0.39283545,0.02266674,-0.00046052
0.39293546,0.02329165,-0.00058277
0.39303546,0.02360786,-0.00067917
0.39313547,0.02445178,-0.00069879
0.39323547,0.02415097,-0.00075008
0.39333551,0.02361469,-0.00048982
0.39343552,0.02498715,-0.00063230
0.39353552,0.02496715,-0.00037644
0.39363553,0.02408861,-0.00016944
0.39373553,0.02507076,-0.00003294
0.39383554,0.02435197,0.00000297
0.39393555,0.02536491,-0.00018800
0.39403555,0.02527101,0.00001485
0.39413556,0.02515573,-0.00004951
0.39423557,0.02614594,-0.00026573
0.39433560,0.02520060,-0.00020388
0.39443561,0.02727177,-0.00049311
0.39453561,0.02661093,-0.00045063
0.39463562,0.02533909,-0.00040693
0.39473563,0.02603896,-0.00023563
0.39483563,0.02621543,0.00012057
0.39493564,0.02677072,0.00008071
0.39503564,0.02808060,0.00007115
0.39513565,0.02624656,0.00021208
0.39523566,0.02623741,0.00037475
0.39533566,0.02571714,0.00032153
0.39543570,0.02653873,0.00023145
0.39553571,0.02733988,-0.00000518
0.39563571,0.02557033,0.00012335
0.39573572,0.02677074,0.00017198
0.39583572,0.02721481,0.00001058
0.39593573,0.02707262,-0.00001071
0.39603574,0.02710667,-0.00000640
0.39613574,0.02784063,-0.00028259
0.39623575,0.02757234,-0.00051437
0.39633575,0.02894547,-0.00082011
0.39643579,0.02869095,-0.00086662
0.39653580,0.02864047,-0.00072124
0.39663580,0.03101027,-0.00062169
0.39673581,0.02884896,-0.00039165
0.39683582,0.02782425,0.00014238
0.39693582,0.02824259,0.00028279
0.39703583,0.02955684,0.00048766
0.39713583,0.02880128,0.00040566
0.39723584,0.03005438,0.00030167
0.39733585,0.02847700,0.00052086
0.39743585,0.02737759,0.00052689
0.39753589,0.02733139,0.00045706
0.39763589,0.02885865,0.00021261
0.39773590,0.02880269,0.00004888
0.39783591,0.02778111,0.00025129
0.39793591,0.02935234,-0.00003129
0.39803592,0.02857500,0.00018788
0.39813593,0.02744820,0.00039770
0.39823593,0.02926383,0.00009548
0.39833594,0.02844470,0.00008370
0.39843594,0.02747851,0.00005371
0.39853598,0.02675860,0.00017638
0.39863599,0.02864371,0.00011138
0.39873599,0.02928170,0.00016959
0.39883600,0.02996270,-0.00002671
0.39893600,0.02915516,-0.00006763
0.39903601,0.02802031,0.00038995
0.39913602,0.02774436,0.00018457
0.39923602,0.02708856,0.00005592
0.39933603,0.02846681,-0.00012831
0.39943604,0.02729499,-0.00017479
0.39953604,0.02825025,-0.00039865
0.39963608,0.02810491,-0.00053341
0.39973608,0.02687457,-0.00021718
0.39983609,0.02619440,-0.00019170
0.39993610,0.02679957,-0.00003330
0.40003610,0.02836733,0.00021174
0.40013611,0.02647188,0.00016101
0.40023611,0.02773850,0.00013859
0.40033612,0.02740011,0.00014835
0.40043613,0.02612335,0.00035172
0.40053613,0.02582823,0.00014290
0.40063614,0.02704548,0.00017351
0.40073618,0.02781816,0.00007225
0.40083618,0.02535699,0.00011466
0.40093619,0.02665069,0.00009596
0.40103619,0.02536391,0.00014025
0.40113620,0.02481440,0.00003560
0.40123621,0.02445514,-0.00000580
0.40133621,0.02483004,-0.00029962
0.40143622,0.02565650,-0.00046255
0.40153622,0.02597147,-0.00036451
0.40163623,0.02559930,-0.00027953
0.40173627,0.02676275,-0.00012066
0.40183627,0.02593248,-0.00000930
0.40193628,0.02556358,0.00016822
0.40203629,0.02590263,0.00004601
0.40213629,0.02662893,0.00015896
0.40223630,0.02602364,0.00015349
0.40233630,0.02558727,0.00004667
0.40243631,0.02671120,0.00002129
0.40253632,0.02477680,-0.00035854
0.40263632,0.02387412,-0.00013167
0.40273633,0.02493131,-0.00025988
0.40283636,0.02589734,-0.00025285
0.40293637,0.02499517,-0.00040341
0.40303638,0.02502320,-0.00043330
0.40313638,0.02629499,-0.00026577
0.40323639,0.02534505,-0.00014083
0.40333640,0.02498542,-0.00002951
0.40343640,0.02584347,-0.00014729
0.40353641,0.02544424,0.00008509
0.40363641,0.02466243,0.00018869
0.40373642,0.02428862,0.00041674
0.40383646,0.02457396,0.00028036
0.40393646,0.02517071,0.00031885
0.40403647,0.02509596,0.00027852
0.40413647,0.02624491,0.00034430
0.40423648,0.02477605,0.00033501
0.40433649,0.02376549,-0.00002852
0.40443649,0.02486253,-0.00008618
0.40453650,0.02455119,-0.00008737
0.40463651,0.02375525,-0.00032933
0.40473651,0.02466959,-0.00040617
0.40483652,0.02578223,-0.00007724
0.40493655,0.02464176,0.00021046
0.40503656,0.02351629,0.00045783
0.40513657,0.02499064,0.00031302
0.40523657,0.02398323,0.00024237
0.40533658,0.02387792,0.00045833
0.40543658,0.02515885,0.00014481
0.40553659,0.02411635,0.00029586
0.40563660,0.02439711,0.00014340
0.40573660,0.02545859,-0.00017531
0.40583661,0.02465332,-0.00025041
0.40593665,0.03021223,-0.00121069
0.40603665,0.03496874,-0.00226827
0.40613666,0.03830169,-0.00383104
0.40623666,0.03906606,-0.00514341
0.40633667,0.04697566,-0.01037230
0.40643668,0.04117310,-0.01150325
0.40653668,0.02483717,-0.01375672
0.40663669,0.08499663,0.08495641
0.40673669,0.08499702,0.08496355
0.40683670,0.08499680,0.08499753
0.40693671,0.08499645,0.08499797
0.40703674,0.08499617,0.08499792
0.40713675,0.08499611,0.08499783
0.40723676,0.02649867,-0.02373085
0.40733676,0.02538276,-0.01635543
0.40743677,0.02354232,-0.01222678
0.40753677,0.02065149,-0.00884210
0.40763678,0.01976632,-0.00535826
0.40773679,0.01822364,-0.00318194
0.40783679,0.01788800,-0.00126733
0.40793680,0.01693990,0.00040396
0.40803683,0.01611482,0.00199698
0.40813684,0.01573248,0.00269144
0.40823685,0.01581470,0.00313962
0.40833685,0.01558903,0.00347316
0.40843686,0.01556690,0.00372336
0.40853687,0.01608923,0.00337392
0.40863687,0.01573270,0.00328089
0.40873688,0.01601557,0.00291776
0.40883688,0.01633527,0.00230391
0.40893689,0.01752720,0.00227994
0.40903690,0.01698298,0.00192513
0.40913693,0.01655823,0.00170675
0.40923694,0.01720574,0.00178005
0.40933694,0.01701690,0.00184432
0.40943695,0.01725861,0.00171839
0.40953696,0.01645784,0.00136249
0.40963696,0.01772081,0.00161437
0.40973697,0.01745856,0.00111821
0.40983698,0.01834294,0.00075359
0.40993698,0.01794882,0.00043182
0.41003699,0.01892559,0.00005310
0.41013702,0.01810342,-0.00041296
0.41023703,0.01853725,-0.00041680
0.41033704,0.01883904,-0.00030139
0.41043704,0.01976172,-0.00026957
0.41053705,0.01988189,-0.00037514
0.41063705,0.01952625,-0.00043692
0.41073706,0.02033428,-0.00044379
0.41083707,0.01896122,-0.00057840
0.41093707,0.01927245,-0.00077243
0.41103708,0.01792143,-0.00082948
0.41113708,0.01900740,-0.00058845
0.41123712,0.01819857,-0.00005600
0.41133713,0.01869299,-0.00009900
0.41143713,0.01678391,-0.00001897
0.41153714,0.01581524,-0.00006517
0.41163715,0.01582076,-0.00031980
0.41173715,0.01568433,-0.00043840
0.41183716,0.01750397,-0.00062088
0.41193716,0.01740150,-0.00055993
0.41203717,0.01483593,-0.00079769
0.41213718,0.01615357,-0.00063963
0.41223721,0.01545937,-0.00010525
0.41233722,0.01671234,-0.00000137
0.41243723,0.01668526,0.00012254
0.41253723,0.01692382,0.00054523
0.41263724,0.01578007,0.00042245
0.41273724,0.01534917,0.00035687
0.41283725,0.01578786,0.00039169
0.41293726,0.01514080,0.00043624
0.41303726,0.01416297,0.00022821
0.41313727,0.01496980,0.00026271
0.41323727,0.01459260,0.00022125
0.41333731,0.01470734,0.00032097
0.41343732,0.01464085,0.00019101
0.41353732,0.01479022,0.00009260
0.41363733,0.01412018,0.00010122
0.41373734,0.01387481,-0.00040799
0.41383734,0.01268170,-0.00045874
0.41393735,0.01426592,-0.00078969
0.41403735,0.01462770,-0.00066100
0.41413736,0.01564955,-0.00023063
0.41423737,0.01477275,-0.00048830
0.41433740,0.01345590,-0.00051907
0.41443741,0.01426779,-0.00018039
0.41453741,0.01448258,-0.00011465
0.41463742,0.01399806,0.00025185
0.41473743,0.01453046,-0.00001151
0.41483743,0.01418406,0.00015999
0.41493744,0.01499369,0.00002758
0.41503745,0.01589194,-0.00030293
0.41513745,0.01443616,-0.00046845
0.41523746,0.01548574,-0.00042225
0.41533746,0.01630041,-0.00038515
0.41543750,0.01612597,-0.00036991
0.41553751,0.01738259,-0.00012716
0.41563751,0.01637485,0.00002573
0.41573752,0.01709797,0.00017169
0.41583752,0.01604346,-0.00003251
0.41593753,0.01567679,-0.00005476
0.41603754,0.01686321,-0.00003343
0.41613754,0.01675631,-0.00011439
0.41623755,0.01828063,0.00028817
0.41633755,0.01654765,0.00041217
0.41643759,0.01667780,0.00032324
0.41653760,0.01715279,0.00051206
0.41663760,0.01750825,0.00040507
0.41673761,0.01800892,0.00022740
0.41683762,0.01972193,0.00011062
0.41693762,0.01945686,-0.00000877
0.41703763,0.02070569,0.00003955
0.41713763,0.01926794,-0.00052484
0.41723764,0.02073085,-0.00011777
0.41733765,0.02023867,-0.00057164
0.41743765,0.01947263,-0.00044039
0.41753769,0.02036713,0.00026254
0.41763770,0.01985065,0.00010245
0.41773770,0.02071081,0.00009201
0.41783771,0.02119984,0.00044358
0.41793771,0.02030416,0.00006003
0.41803772,0.02100708,-0.00000984
0.41813773,0.02139398,-0.00031893
0.41823773,0.02252013,0.00009426
0.41833774,0.02207666,0.00000449
0.41843774,0.02367686,0.00003578
0.41853778,0.02318679,-0.00012354
0.41863779,0.02243757,-0.00042703
0.41873779,0.02422576,0.00001864
0.41883780,0.02332328,-0.00034578
0.41893781,0.02326389,-0.00041946
0.41903781,0.02450001,-0.00001121
0.41913782,0.02495104,-0.00001827
0.41923782,0.02348523,-0.00042419
0.41933783,0.02526948,0.00008655
0.41943784,0.02456443,0.00036209
0.41953784,0.02505233,0.00038491
0.41963788,0.02535872,0.00062666
0.41973788,0.02420200,0.00031575
0.41983789,0.02592435,0.00042049
0.41993790,0.02520325,0.00014136
0.42003790,0.02647522,0.00021543
0.42013791,0.02565388,0.00003182
0.42023792,0.02524582,-0.00024465
0.42033792,0.02685059,0.00023473
0.42043793,0.02554852,-0.00009271
0.42053793,0.02516980,-0.00019866
0.42063794,0.02663359,-0.00001554
0.42073798,0.02561184,-0.00041385
0.42083798,0.02445979,-0.00040252
0.42093799,0.02744320,-0.00003879
0.42103799,0.02761154,-0.00003733
0.42113800,0.02766000,-0.00008093
0.42123801,0.02799872,0.00020084
0.42133801,0.02708099,0.00021459
0.42143802,0.02912946,0.00070278
0.42153802,0.02775778,0.00027579
0.42163803,0.02686693,-0.00000153
0.42173807,0.02745000,0.00024347
0.42183807,0.02775997,-0.00017147
0.42193808,0.02771956,-0.00020715
0.42203809,0.02964251,0.00000499
0.42213809,0.02813301,-0.00009954
0.42223810,0.02784417,-0.00012273
0.42233810,0.02884744,0.00007767
0.42243811,0.02754439,-0.00001300
0.42253812,0.02844246,0.00042384
0.42263812,0.02938700,0.00032575
0.42273813,0.02823797,0.00026787
0.42283817,0.02834811,0.00063229
0.42293817,0.02977699,0.00067303
0.42303818,0.02961502,0.00066833
0.42313818,0.02748279,0.00009966
0.42323819,0.02707292,-0.00006276
0.42333820,0.02795901,-0.00002190
0.42343820,0.02801639,0.00018479
0.42353821,0.02769395,-0.00017211
0.42363821,0.02834690,-0.00010098
0.42373822,0.02760861,-0.00035911
0.42383826,0.02728182,-0.00025763
0.42393826,0.02945150,-0.00005239
0.42403827,0.02874617,-0.00020378
0.42413828,0.02751616,-0.00030648
0.42423828,0.02833003,-0.00039260
0.42433829,0.02718211,-0.00022790
0.42443829,0.02736097,0.00019296
0.42453830,0.02931430,0.00044988
0.42463831,0.02903765,0.00050680
0.42473831,0.02747751,0.00014414
0.42483832,0.02903084,0.00016949
0.42493835,0.02787531,-0.00022860
0.42503836,0.02715809,-0.00049540
0.42513837,0.02761776,-0.00039480
0.42523837,0.02893429,-0.00008936
0.42533838,0.02709094,-0.00051924
0.42543839,0.02624695,-0.00035238
0.42553839,0.02778067,-0.00011374
0.42563840,0.02691368,0.00009032
0.42573840,0.02788124,0.00007598
0.42583841,0.02669147,-0.00033501
0.42593845,0.02657553,0.00013454
0.42603845,0.02589281,-0.00002377
0.42613846,0.02779252,0.00042754
0.42623846,0.02764214,0.00060847
0.42633847,0.02753433,0.00076175
0.42643848,0.02687756,0.00036613
0.42653848,0.02556620,0.00021054
0.42663849,0.02515753,0.00008781
0.42673849,0.02568988,0.00017709
0.42683850,0.02713911,0.00036226
0.42693851,0.02647429,0.00004659
0.42703854,0.02636058,-0.00018649
0.42713855,0.02763159,-0.00021840
0.42723856,0.02630483,-0.00037959
0.42733856,0.02563650,-0.00045576
0.42743857,0.02686678,-0.00010543
0.42753857,0.02675639,-0.00005259
0.42763858,0.02652729,0.00025299
0.42773859,0.02708703,0.00011642
0.42783859,0.02671321,0.00007861
0.42793860,0.02553452,0.00001211
0.42803864,0.02636125,0.00015902
0.42813864,0.02494290,-0.00018621
0.42823865,0.02527027,-0.00001816
0.42833865,0.02467865,-0.00026765
0.42843866,0.02622056,-0.00011833
0.42853867,0.02625322,0.00016039
0.42863867,0.02577495,0.00006788
0.42873868,0.02570356,-0.00006595
0.42883868,0.02603597,-0.00032318
0.42893869,0.02386770,-0.00056358
0.42903870,0.02487027,-0.00018880
0.42913873,0.02432165,-0.00034132
0.42923874,0.02467573,0.00014617
0.42933875,0.02468948,0.00041131
0.42943875,0.02563234,0.00051102
0.42953876,0.02555425,0.00076856
0.42963876,0.02461747,0.00068945
0.42973877,0.02669702,0.00078755
0.42983878,0.02516699,0.00048957
0.42993878,0.02416068,-0.00017802
0.43003879,0.02581403,0.00003967
0.43013882,0.02549366,-0.00003394
0.43023883,0.02415041,-0.00040436
0.43033884,0.02579517,-0.00018663
0.43043884,0.02510337,-0.00053739
0.43053885,0.02489471,-0.00034968
0.43063885,0.02661847,0.00002422
0.43073886,0.02638416,0.00025935
0.43083887,0.02591451,0.00028874
0.43093887,0.02669871,-0.00009180
0.43103888,0.02446882,-0.00042848
0.43113889,0.02347109,-0.00037882
0.43123892,0.02224807,-0.00039753
0.43133893,0.02392416,0.00007865
0.43143893,0.02427847,0.00026289
0.43153894,0.02498606,0.00029546
0.43163895,0.02466797,0.00001682
0.43173895,0.02482942,0.00015423
0.43183896,0.02513993,-0.00000081
0.43193896,0.02501637,-0.00001182
0.43203897,0.02317364,-0.00026857
0.43213898,0.02251314,-0.00059479
0.43223901,0.02387728,-0.00042918
0.43233902,0.02349155,-0.00042133
0.43243903,0.02343320,-0.00025691
0.43253903,0.02556990,-0.00018770
0.43263904,0.02756603,-0.00050178
0.43273904,0.02845192,-0.00074593
0.43283905,0.03145031,-0.00006603
0.43293906,0.03158621,-0.00006994
0.43303906,0.03685304,0.00128573
0.43313907,0.04091863,0.00281719
0.43323907,0.04366682,0.00410948
0.43333911,0.08499740,0.08499564
0.43343912,0.08499731,0.08499627
0.43353912,0.08499720,0.08499710
0.43363913,0.08499751,0.08497211
0.43373914,0.08499742,0.08497457
0.43383914,0.08499753,0.08497000
0.43393915,0.03007712,0.03496718
0.43403915,0.02776977,0.02681296
0.43413916,0.02688606,0.02183615
0.43423917,0.02449084,0.01801541
0.43433920,0.02361122,0.01347646
0.43443921,0.02062125,0.01090265
0.43453922,0.01956105,0.00759016
0.43463922,0.01736978,0.00478053
0.43473923,0.01668618,0.00184918
0.43483923,0.01608513,-0.00009495
0.43493924,0.01634381,-0.00173645
0.43503925,0.01558538,-0.00352272
0.43513925,0.01632141,-0.00514610
0.43523926,0.01583640,-0.00616805
0.43533926,0.01629473,-0.00702880
0.43543930,0.01694306,-0.00741197
0.43553931,0.01718432,-0.00823215
0.43563931,0.01741881,-0.00829565
0.43573932,0.01910782,-0.00881499
0.43583932,0.01862087,-0.00820277
0.43593933,0.02008056,-0.00818722
0.43603934,0.01876160,-0.00710165
0.43613934,0.01918713,-0.00628919
0.43623935,0.01906350,-0.00530595
0.43633936,0.02024309,-0.00505360
0.43643939,0.01922360,-0.00364469
0.43653940,0.01829173,-0.00277261
0.43663940,0.01845469,-0.00206607
0.43673941,0.01917546,-0.00150364
0.43683942,0.01773087,-0.00057823
0.43693942,0.01806979,0.00002679
0.43703943,0.01736044,0.00063773
0.43713943,0.01768623,0.00121688
0.43723944,0.01811494,0.00142453
0.43733945,0.01817006,0.00172487
0.43743945,0.01887812,0.00173279
0.43753949,0.01771798,0.00196012
0.43763950,0.01741362,0.00191769
0.43773950,0.01617462,0.00161735
0.43783951,0.01568232,0.00145474
0.43793951,0.01527890,0.00091806
0.43803952,0.01540610,0.00101995
0.43813953,0.01505979,0.00103072
0.43823953,0.01529406,0.00101749
0.43833954,0.01583352,0.00094446
0.43843954,0.01629739,0.00111597
0.43853958,0.01607208,0.00081264
0.43863959,0.01529579,0.00060949
0.43873959,0.01584154,0.00034028
0.43883960,0.01400674,0.00035246
0.43893961,0.01487304,0.00013606
0.43903961,0.01411450,0.00024008
0.43913962,0.01501477,0.00004025
0.43923962,0.01460426,-0.00010321
0.43933963,0.01519994,0.00019978
0.43943964,0.01404743,0.00019264
0.43953964,0.01291415,-0.00005695
0.43963968,0.01404195,-0.00041259
0.43973969,0.01299787,-0.00035031
0.43983969,0.01322373,-0.00042042
0.43993970,0.01289614,-0.00037846
0.44003970,0.01317634,-0.00010973
0.44013971,0.01234309,0.00004240
0.44023972,0.01244706,0.00005603
0.44033972,0.01213972,0.00041926
0.44043973,0.01358107,0.00012378
0.44053973,0.01359387,-0.00000713
0.44063974,0.01327196,-0.00028810
0.44073978,0.01432321,-0.00054743
0.44083978,0.01299178,-0.00035956
0.44093979,0.01470923,-0.00071551
0.44103979,0.01389100,-0.00070376
0.44113980,0.01391582,-0.00075218
0.44123981,0.01406643,-0.00042957
0.44133981,0.01424094,-0.00050170
0.44143982,0.01519504,-0.00043166
0.44153983,0.01480441,-0.00052753
0.44163983,0.01589590,-0.00044946
0.44173987,0.01581510,-0.00043071
0.44183987,0.01610602,-0.00035320
0.44193988,0.01544417,-0.00016522
0.44203989,0.01556730,-0.00034002
0.44213989,0.01575832,-0.00003796
0.44223990,0.01622356,0.00025991
0.44233990,0.01569537,0.00020905
0.44243991,0.01641069,0.00004765
0.44253992,0.01597153,0.00002333
0.44263992,0.01532712,-0.00031826
0.44273993,0.01685311,-0.00071705
0.44283997,0.01648243,-0.00059821
0.44293997,0.01746897,-0.00106037
0.44303998,0.01694795,-0.00075755
0.44313998,0.01517628,-0.00019799
0.44323999,0.01661807,-0.00016525
0.44334000,0.01659298,-0.00028194
0.44344000,0.01588814,0.00034481
0.44354001,0.01748917,0.00016511
0.44364001,0.01712419,0.00001208
0.44374002,0.01770592,-0.00013330
0.44384006,0.01683775,0.00001468
0.44394006,0.01720576,-0.00015655
0.44404007,0.01722267,-0.00009761
0.44414008,0.01766154,0.00011458
0.44424008,0.01750903,-0.00000051
0.44434009,0.01911226,-0.00014905
0.44444009,0.01809064,-0.00011370
0.44454010,0.01931561,-0.00005544
0.44464011,0.01912126,-0.00043586
0.44474011,0.01850133,-0.00047108
0.44484012,0.02001523,-0.00048647
0.44494016,0.01991731,-0.00056997
0.44504016,0.01973735,-0.00033495
0.44514017,0.02055180,-0.00036277
0.44524017,0.02009566,-0.00006109
0.44534018,0.02148152,0.00003079
0.44544019,0.02169295,0.00009596
0.44554019,0.02128748,0.00020313
0.44564020,0.02144455,0.00015327
0.44574020,0.02163450,-0.00018770
0.44584021,0.02201088,-0.00021810
0.44594025,0.02179007,-0.00036424
0.44604025,0.02170822,-0.00056568
0.44614026,0.02368012,-0.00071370
0.44624026,0.02257689,-0.00035400
0.44634027,0.02181298,-0.00004367
0.44644028,0.02360130,-0.00036675
0.44654028,0.02270056,-0.00042954
0.44664029,0.02337582,-0.00035892
0.44674030,0.02357111,-0.00057910
0.44684030,0.02381089,-0.00062964
0.44694031,0.02532428,-0.00046309
0.44704034,0.02407720,-0.00020292
0.44714035,0.02389124,-0.00023191
0.44724036,0.02591585,-0.00011699
0.44734036,0.02505400,-0.00001365
0.44744037,0.02425800,0.00010997
0.44754037,0.02610614,-0.00006646
0.44764038,0.02556690,-0.00006796
0.44774039,0.02643575,-0.00023708
0.44784039,0.02677620,-0.00052259
0.44794040,0.02601014,-0.00055217
0.44804044,0.02494379,-0.00034902
0.44814044,0.02537408,-0.00010886
0.44824045,0.02508799,-0.00004132
0.44834045,0.02519903,0.00020882
0.44844046,0.02507623,0.00055396
0.44854047,0.02564330,0.00028468
0.44864047,0.02640080,0.00026487
0.44874048,0.02730542,-0.00001790
0.44884048,0.02763359,-0.00004896
0.44894049,0.02770541,-0.00028540
0.44904050,0.02771999,-0.00025906
0.44914053,0.02686227,-0.00014271
0.44924054,0.02599232,-0.00000093
0.44934055,0.02789059,-0.00030086
0.44944055,0.02800256,-0.00013177
0.44954056,0.02728491,-0.00028371
0.44964056,0.02736713,-0.00037792
0.44974057,0.02821842,-0.00065862
0.44984058,0.02789146,-0.00057689
0.44994058,0.02727468,-0.00041402
0.45004059,0.02781013,-0.00019664
0.45014063,0.02764109,-0.00011288
0.45024063,0.02589866,0.00002930
0.45034064,0.02732397,0.00056111
0.45044064,0.02888623,0.00062937
0.45054065,0.02839223,0.00063898
0.45064066,0.02989011,0.00037357
0.45074066,0.03014544,0.00032875
0.45084067,0.02887900,0.00033876
0.45094067,0.02838758,0.00011289
0.45104068,0.02984679,-0.00014239
0.45114069,0.02971623,-0.00014704
0.45124072,0.02794187,-0.00008038
0.45134073,0.02797435,0.00014262
0.45144073,0.03032432,-0.00001641
0.45154074,0.02921810,0.00034957
0.45164075,0.02839503,0.00046837
0.45174075,0.02734155,0.00040934
0.45184076,0.02946639,0.00010570
0.45194077,0.02959165,0.00011901
0.45204077,0.02839530,0.00018154
0.45214078,0.02733981,-0.00007092
0.45224081,0.02784795,0.00001005
0.45234082,0.02941137,0.00002980
0.45244083,0.02781472,0.00008411
0.45254083,0.03016919,0.00019480
0.45264084,0.02889925,0.00004261
0.45274084,0.02768769,-0.00027305
0.45284085,0.02673245,-0.00030888
0.45294086,0.02938410,-0.00060192
0.45304086,0.02943002,-0.00068566
0.45314087,0.02785653,-0.00046059
0.45324088,0.02793492,-0.00040619
0.45334091,0.02814380,-0.00009402
0.45344092,0.02529808,0.00004227
0.45354092,0.02615080,0.00032670
0.45364093,0.02707094,0.00044818
0.45374094,0.02754976,0.00048893
0.45384094,0.02701871,0.00046688
0.45394095,0.02657426,0.00027123
0.45404095,0.02564000,0.00024988
0.45414096,0.02719543,0.00021811
0.45424097,0.02675089,0.00010510
0.45434100,0.02631506,0.00015459
0.45444101,0.02800679,0.00014575
0.45454102,0.02637833,0.00009907
0.45464102,0.02511128,-0.00014844
0.45474103,0.02522049,-0.00005249
0.45484103,0.02657672,-0.00019253
0.45494104,0.02694779,-0.00026753
0.45504105,0.02568500,-0.00007888
0.45514105,0.02545408,0.00004946
0.45524106,0.02691600,-0.00006711
0.45534106,0.02635873,0.00017976
0.45544110,0.02613514,0.00033543
0.45554111,0.02551344,0.00029295
0.45564111,0.02466771,0.00035658
0.45574112,0.02643085,0.00000631
0.45584113,0.02698598,-0.00021919
0.45594113,0.02617455,-0.00023208
0.45604114,0.02712023,-0.00058704
0.45614114,0.02617841,-0.00053968
0.45624115,0.02555211,-0.00051214
0.45634116,0.02580654,-0.00050695
0.45644119,0.02792298,-0.00051989
0.45654120,0.02619976,-0.00050291
0.45664120,0.02525099,-0.00023666
0.45674121,0.02500973,-0.00000197
0.45684122,0.02653457,-0.00021051
0.45694122,0.02627094,-0.00000224
0.45704123,0.02489618,0.00015012
0.45714124,0.02474464,0.00007711
0.45724124,0.02679746,0.00024155
0.45734125,0.02444648,0.00050882
0.45744125,0.02497980,0.00053731
0.45754129,0.02704422,0.00031283
0.45764130,0.02616696,0.00021615
0.45774130,0.02519456,-0.00005181
0.45784131,0.02438746,0.00001453
0.45794131,0.02543162,-0.00037961
0.45804132,0.02656991,-0.00030605
0.45814133,0.02590611,-0.00000878
0.45824133,0.02661705,0.00005455
0.45834134,0.02622625,0.00020027
0.45844135,0.02591030,0.00064356
0.45854138,0.02465096,0.00067567
0.45864139,0.02610393,0.00065304
0.45874139,0.02437415,0.00055415
0.45884140,0.02406948,0.00046966
0.45894141,0.02328606,0.00024565
0.45904141,0.02381646,0.00004662
0.45914142,0.02507063,0.00001436
0.45924142,0.02416943,-0.00019869
0.45934143,0.02913198,-0.00081498
0.45944144,0.03227904,-0.00184260
0.45954144,0.03739977,-0.00350494
0.45964148,0.04107988,-0.00598105
0.45974149,0.04519362,-0.00985719
0.45984149,0.04034484,-0.01217452
0.45994150,0.08499744,0.08496090
0.46004150,0.08499677,0.08495771
0.46014151,0.08499692,0.08496235
0.46024152,0.08499680,0.08499752
0.46034152,0.08499652,0.08499788
0.46044153,0.08499668,0.08499776
0.46054153,0.08499634,0.08499780
0.46064154,0.02537027,-0.02254132
0.46074158,0.02530342,-0.01615983
0.46084158,0.02403824,-0.01241824
0.46094159,0.02310345,-0.00929759
0.46104160,0.02057087,-0.00638674
0.46114160,0.01911952,-0.00342013
0.46124161,0.01753450,-0.00173276
0.46134161,0.01701178,-0.00027506
0.46144162,0.01653076,0.00160300
0.46154163,0.01679900,0.00327772
0.46164163,0.01598994,0.00345840
0.46174167,0.01639206,0.00358431
0.46184167,0.01674183,0.00384390
0.46194168,0.01656800,0.00392258
0.46204169,0.01658888,0.00391052
0.46214169,0.01687564,0.00374222
0.46224170,0.01586551,0.00300542
0.46234171,0.01693233,0.00291481
0.46244171,0.01650131,0.00249194
0.46254172,0.01746281,0.00223623
0.46264172,0.01792102,0.00207393
0.46274173,0.01834362,0.00205279
0.46284177,0.01877952,0.00222833
0.46294177,0.01889882,0.00207714
0.46304178,0.02022478,0.00211916
0.46314178,0.01926330,0.00145677
0.46324179,0.02001905,0.00085008
0.46334180,0.01891985,0.00023751
0.46344180,0.01958415,-0.00022620
0.46354181,0.01909758,-0.00048887
0.46364182,0.01991641,-0.00061799
0.46374182,0.01899489,-0.00044612
0.46384186,0.01954963,-0.00048752
0.46394186,0.01879248,-0.00051252
0.46404187,0.01921796,-0.00035673
0.46414188,0.01938892,-0.00045409
0.46424188,0.01794817,-0.00062201
0.46434189,0.01871711,-0.00070579
0.46444189,0.01796801,-0.00077198
0.46454190,0.01912634,-0.00057606
0.46464191,0.01690544,-0.00092118
0.46474191,0.01665626,-0.00030412
0.46484192,0.01728647,-0.00024221
0.46494196,0.01688503,-0.00013821
0.46504196,0.01804202,0.00011735
0.46514197,0.01722969,-0.00012021
0.46524197,0.01799317,-0.00021611
0.46534198,0.01782494,-0.00037168
0.46544199,0.01734141,-0.00051732
0.46554199,0.01729693,-0.00025018
0.46564200,0.01604455,-0.00032636
0.46574200,0.01572599,-0.00041123
0.46584201,0.01497637,-0.00015739
0.46594205,0.01460745,0.00004079
0.46604205,0.01525175,0.00004128
0.46614206,0.01484425,0.00030488
0.46624207,0.01556024,0.00061062
0.46634207,0.01537982,0.00010008
0.46644208,0.01453038,0.00000041
0.46654208,0.01503343,0.00002854
0.46664209,0.01388206,0.00005839
0.46674210,0.01449161,-0.00018811
0.46684210,0.01547029,-0.00003246
0.46694211,0.01453108,-0.00010255
0.46704214,0.01534979,0.00031508
0.46714215,0.01530214,-0.00005573
0.46724216,0.01457124,-0.00020525
0.46734216,0.01602293,-0.00019458
0.46744217,0.01475145,-0.00022610
0.46754218,0.01560062,-0.00026991
0.46764218,0.01599224,-0.00023241
0.46774219,0.01559782,-0.00011065
0.46784219,0.01630054,0.00018532
0.46794220,0.01527014,0.00024988
0.46804224,0.01462369,0.00029217
0.46814224,0.01535970,0.00020697
0.46824225,0.01580981,0.00027961
0.46834225,0.01616503,-0.00002195
0.46844226,0.01592954,-0.00056542
0.46854227,0.01570944,-0.00060167
0.46864227,0.01695523,-0.00053464
0.46874228,0.01608624,-0.00059896
0.46884229,0.01497143,-0.00070383
0.46894229,0.01563588,-0.00037066
0.46904230,0.01629709,-0.00003173
0.46914233,0.01703173,-0.00008330
0.46924234,0.01619590,0.00006462
0.46934235,0.01615795,0.00007475
0.46944235,0.01641748,-0.00003452
0.46954236,0.01614231,-0.00000137
0.46964236,0.01660511,0.00017155
0.46974237,0.01803256,0.00034602
0.46984238,0.01752692,0.00015673
0.46994238,0.01836250,0.00029201
0.47004239,0.01805937,0.00020607
0.47014243,0.01915528,0.00036999
0.47024243,0.01813445,-0.00003906
0.47034244,0.01793955,0.00011691
0.47044244,0.01818000,-0.00018092
0.47054245,0.01778449,-0.00031592
0.47064246,0.01870301,-0.00047927
0.47074246,0.01918444,-0.00042208
0.47084247,0.01784116,-0.00017628
0.47094247,0.01964246,0.00022480
0.47104248,0.01950580,-0.00007858
0.47114249,0.02110543,0.00032703
0.47124252,0.02074654,0.00029037
0.47134253,0.01951591,-0.00017219
0.47144254,0.02086292,0.00012862
0.47154254,0.02188502,-0.00007715
0.47164255,0.02167096,-0.00029944
0.47174255,0.02304431,-0.00034826
0.47184256,0.02244991,-0.00030325
0.47194257,0.02385642,-0.00006822
0.47204257,0.02287426,-0.00014989
0.47214258,0.02194836,-0.00013772
0.47224261,0.02409419,-0.00003023
0.47234262,0.02304790,-0.00033631
0.47244263,0.02421859,-0.00024150
0.47254263,0.02379384,0.00013136
0.47264264,0.02433884,0.00010597
0.47274265,0.02466320,-0.00014393
0.47284265,0.02453724,0.00023312
0.47294266,0.02522243,0.00083584
0.47304266,0.02464998,0.00074855
0.47314267,0.02513533,0.00084000
0.47324268,0.02438984,0.00037825
0.47334271,0.02540653,0.00025936
0.47344272,0.02658995,0.00017574
0.47354272,0.02567436,-0.00017685
0.47364273,0.02495247,-0.00033472
0.47374274,0.02593359,-0.00031906
0.47384274,0.02580589,-0.00041547
0.47394275,0.02607321,-0.00001959
0.47404276,0.02649746,-0.00012227
0.47414276,0.02562239,-0.00005661
0.47424277,0.02631408,0.00016766
0.47434280,0.02660589,0.00006852
0.47444281,0.02654676,-0.00005007
0.47454282,0.02802897,0.00016531
0.47464282,0.02789856,0.00022920
0.47474283,0.02791440,0.00028738
0.47484283,0.02868701,0.00028282
0.47494284,0.02873845,0.00015403
0.47504285,0.02838291,0.00033601
0.47514285,0.02899391,0.00014167
0.47524286,0.02863216,0.00012310
0.47534286,0.02939992,0.00004532
0.47544290,0.02994502,0.00007538
0.47554291,0.02812858,-0.00036191
0.47564291,0.02737364,-0.00037659
0.47574292,0.02732623,-0.00042558
0.47584293,0.02927119,0.00012019
0.47594293,0.02820401,0.00017077
0.47604294,0.02921873,0.00013163
0.47614294,0.02772682,0.00037857
0.47624295,0.02718733,0.00058635
0.47634296,0.02787936,0.00034261
0.47644299,0.02785545,0.00046557
0.47654300,0.02655484,0.00011687
0.47664301,0.02842433,0.00003188
0.47674301,0.02811869,0.00012509
0.47684302,0.02692755,-0.00015213
0.47694302,0.02696548,-0.00013055
0.47704303,0.02889123,0.00003653
0.47714304,0.02826112,0.00008795
0.47724304,0.02771317,-0.00009873
0.47734305,0.02834393,-0.00023572
0.47744305,0.02734413,-0.00037184
0.47754309,0.02685552,-0.00032050
0.47764310,0.02925593,0.00004805
0.47774310,0.02815214,-0.00016366
0.47784311,0.02627986,-0.00040590
0.47794312,0.02802934,0.00015691
0.47804312,0.02711394,0.00029321
0.47814313,0.02708330,0.00025858
0.47824313,0.02661972,0.00005758
0.47834314,0.02743166,0.00009632
0.47844315,0.02678838,-0.00004182
0.47854315,0.02793799,-0.00031115
0.47864319,0.02711717,-0.00055905
0.47874319,0.02614078,-0.00060314
0.47884320,0.02602294,-0.00032287
0.47894321,0.02716509,-0.00024315
0.47904321,0.02743351,0.00013203
0.47914322,0.02726024,0.00020818
0.47924323,0.02800683,0.00022281
0.47934323,0.02661663,-0.00002499
0.47944324,0.02689878,0.00039448
0.47954324,0.02726122,0.00026590
0.47964328,0.02767318,0.00062291
0.47974329,0.02720854,0.00054352
0.47984329,0.02641878,-0.00000371
0.47994330,0.02670201,0.00005481
0.48004330,0.02669510,0.00023041
0.48014331,0.02653769,0.00027917
0.48024332,0.02673418,-0.00004496
0.48034332,0.02579222,-0.00020498
0.48044333,0.02529955,-0.00033958
0.48054333,0.02708311,-0.00046826
0.48064334,0.02762202,0.00000234
0.48074338,0.02689497,-0.00011441
0.48084338,0.02835373,0.00025870
0.48094339,0.02699497,0.00008076
0.48104340,0.02645233,0.00044254
0.48114340,0.02789685,0.00057625
0.48124341,0.02686209,0.00043664
0.48134341,0.02658060,0.00038553
0.48144342,0.02707357,0.00009895
0.48154343,0.02686811,-0.00005847
0.48164343,0.02525815,-0.00067093
0.48174347,0.02635221,-0.00045581
0.48184348,0.02601054,-0.00044262
0.48194348,0.02460646,-0.00061081
0.48204349,0.02523667,-0.00030655
0.48214349,0.02454065,-0.00045814
0.48224350,0.02436493,-0.00030428
0.48234351,0.02511369,-0.00006931
0.48244351,0.02651555,0.00025672
0.48254352,0.02519348,-0.00011531
0.48264352,0.02515220,-0.00001671
0.48274353,0.02614982,0.00022870
0.48284357,0.02651550,0.00065074
0.48294357,0.02563496,0.00075027
0.48304358,0.02687667,0.00092653
0.48314359,0.02589812,0.00071886
0.48324359,0.02572397,0.00073965
0.48334360,0.02613156,0.00036471
0.48344360,0.02603846,0.00005724
0.48354361,0.02447161,-0.00053590
0.48364362,0.02623540,-0.00029486
0.48374362,0.02639164,-0.00022768
0.48384366,0.02660481,-0.00035819
0.48394366,0.02425463,-0.00059643
0.48404367,0.02394623,-0.00052846
0.48414368,0.02363933,-0.00024868
0.48424368,0.02315026,-0.00019118
0.48434369,0.02416901,0.00008461
0.48444370,0.02341392,-0.00020666
0.48454370,0.02279060,-0.00023740
0.48464371,0.02425408,0.00005956
0.48474371,0.02471292,0.00022164
0.48484372,0.02514693,0.00042042
0.48494376,0.02603980,0.00030913
0.48504376,0.02534582,0.00021973
0.48514377,0.02434389,-0.00024753
0.48524377,0.02568474,0.00002890
0.48534378,0.02530898,0.00019937
0.48544379,0.02557184,0.00006440
0.48554379,0.02390093,-0.00040680
0.48564380,0.02392362,-0.00016450
0.48574380,0.02324955,-0.00061263
0.48584381,0.02492913,-0.00017171
0.48594385,0.02581269,0.00009776
0.48604385,0.02827309,-0.00027434
0.48614386,0.03213804,0.00010509
0.48624387,0.03893477,0.00158908
0.48634387,0.03843438,0.00155548
0.48644388,0.04185266,0.00320724
0.48654388,0.04201468,0.00368517
0.48664389,0.03390850,0.00151950
0.48674390,0.08499748,0.08499609
0.48684390,0.08499762,0.08499607
0.48694391,0.08499727,0.08499690
0.48704395,0.08499748,0.08497379
0.48714395,0.08499749,0.08497422
0.48724396,0.08499760,0.08497131
0.48734396,0.08499750,0.08496904
0.48744397,0.02587717,0.03314887
0.48754398,0.02510119,0.02626066
0.48764398,0.02500575,0.02156185
0.48774399,0.02247533,0.01888536
0.48784399,0.02176174,0.01468033
0.48794400,0.02006613,0.01154410
0.48804404,0.01903417,0.00821633
0.48814404,0.01870749,0.00586670
0.48824405,0.01729499,0.00362697
0.48834406,0.01708106,0.00176988
0.48844406,0.01649561,-0.00004093
0.48854407,0.01657194,-0.00159408
0.48864407,0.01589336,-0.00313624
0.48874408,0.01647805,-0.00466100
0.48884409,0.01681603,-0.00620349
0.48894409,0.01620790,-0.00748242
0.48904410,0.01745946,-0.00913508
0.48914413,0.01838538,-0.01009408
0.48924414,0.01841416,-0.01028036
0.48934415,0.01900113,-0.01015777
0.48944415,0.01967960,-0.01007214
0.48954416,0.01948850,-0.00907686
0.48964417,0.01899894,-0.00835799
0.48974417,0.01954222,-0.00774774
0.48984418,0.01904005,-0.00649912
0.48994418,0.01962981,-0.00543387
0.49004419,0.01859880,-0.00413988
0.49014423,0.01780244,-0.00293788
0.49024423,0.02069739,-0.00256946
0.49034424,0.02016646,-0.00171900
0.49044424,0.01897479,-0.00033725
0.49054425,0.01748997,0.00035201
0.49064426,0.01754529,0.00106091
0.49074426,0.01806223,0.00157346
0.49084427,0.01765507,0.00190057
0.49094427,0.01640796,0.00213508
0.49104428,0.01761964,0.00209639
0.49114429,0.01636960,0.00222812
0.49124432,0.01675382,0.00185150
0.49134433,0.01641032,0.00160019
0.49144434,0.01810513,0.00129606
0.49154434,0.01729024,0.00144013
0.49164435,0.01799004,0.00141503
0.49174435,0.01554640,0.00162891
0.49184436,0.01551443,0.00162725
0.49194437,0.01532627,0.00129414
0.49204437,0.01434088,0.00123588
0.49214438,0.01329874,0.00108479
0.49224442,0.01224541,0.00065131
0.49234442,0.01338473,0.00037008
0.49244443,0.01129290,0.00067798
0.49254443,0.01261539,0.00018416
0.49264444,0.01141415,0.00000856
0.49274445,0.01160638,-0.00005546
0.49284445,0.01189221,-0.00023834
0.49294446,0.01098120,-0.00040074
0.49304446,0.01197764,-0.00067718
0.49314447,0.01066341,-0.00052225
0.49324448,0.01125370,-0.00067532
0.49334451,0.01127405,-0.00066883
0.49344452,0.01205609,-0.00046874
0.49354453,0.01227785,-0.00022688
0.49364453,0.01207864,-0.00015757
0.49374454,0.01242019,-0.00003530
0.49384454,0.01244552,0.00001602
0.49394455,0.01240047,-0.00005751
0.49404456,0.01383816,-0.00019937
0.49414456,0.01426773,-0.00066948
0.49424457,0.01520867,-0.00063386
0.49434460,0.01534166,-0.00055220
0.49444461,0.01467198,-0.00042048
0.49454462,0.01547208,-0.00085742
0.49464462,0.01529046,-0.00061487
0.49474463,0.01660642,-0.00068802
0.49484464,0.01601447,-0.00033736
0.49494464,0.01579141,-0.00020452
0.49504465,0.01600610,-0.00003535
0.49514465,0.01584473,-0.00005617
0.49524466,0.01471818,0.00022212
0.49534467,0.01565983,0.00005146
0.49544470,0.01444312,0.00027902
0.49554471,0.01533597,0.00000999
0.49564471,0.01613511,0.00004354
0.49574472,0.01750275,0.00002821
0.49584473,0.01774038,-0.00037496
0.49594473,0.01621636,-0.00014249
0.49604474,0.01765018,-0.00053780
0.49614474,0.01678997,-0.00053343
0.49624475,0.01623237,-0.00060574
0.49634476,0.01714089,-0.00044673
0.49644479,0.01651202,-0.00078919
0.49654480,0.01798988,-0.00079344
0.49664481,0.01761487,-0.00030359
0.49674481,0.01725757,-0.00001882
0.49684482,0.01697708,0.00019565
0.49694482,0.01772941,0.00014163
0.49704483,0.01755939,-0.00010116
0.49714484,0.01842075,0.00017345
0.49724484,0.01791536,0.00006792
0.49734485,0.01679389,0.00036044
0.49744485,0.01776849,-0.00003918
0.49754489,0.01778984,0.00018931
0.49764490,0.01778414,0.00018951
0.49774490,0.01960920,-0.00014294
0.49784491,0.01805131,-0.00016303
0.49794492,0.01828436,-0.00028459
0.49804492,0.01914009,-0.00033304
0.49814493,0.01906244,-0.00046049
0.49824493,0.02094116,-0.00052115
0.49834494,0.02038292,-0.00032909
0.49844495,0.01994879,-0.00018881
0.49854495,0.01981166,0.00036180
0.49864499,0.01959499,0.00027996
0.49874500,0.02117076,0.00021879
0.49884500,0.02104179,-0.00003130
0.49894501,0.02048428,-0.00008773
0.49904501,0.02220730,-0.00009929
0.49914502,0.02195218,-0.00036356
0.49924503,0.02205263,-0.00048548
0.49934503,0.02270354,-0.00093186
0.49944504,0.02205089,-0.00079764
0.49954504,0.02278089,-0.00081523
0.49964508,0.02224180,-0.00068839
0.49974509,0.02241972,-0.00071124
0.49984509,0.02308953,-0.00042570
0.49994510,0.02290170,-0.00050805
0.50004510,0.02191588,0.00002452
0.50014511,0.02291236,-0.00002046
0.50024512,0.02333265,-0.00015987
0.50034512,0.02289776,-0.00007787
0.50044513,0.02459233,-0.00016785
0.50054514,0.02454238,0.00010649
0.50064514,0.02368679,0.00025261
0.50074518,0.02534064,-0.00021948
0.50084518,0.02440649,0.00013677
0.50094519,0.02412555,0.00011816
0.50104520,0.02605502,-0.00034276
0.50114520,0.02581561,-0.00056916
0.50124521,0.02707647,-0.00081042
0.50134521,0.02676973,-0.00065013
0.50144522,0.02553374,-0.00029042
0.50154523,0.02646837,-0.00011061
0.50164523,0.02618966,-0.00003559
0.50174527,0.02577363,0.00010240
0.50184528,0.02554474,0.00007861
0.50194528,0.02771879,0.00019043
0.50204529,0.02595752,0.00032495
0.50214529,0.02743074,0.00010760
0.50224530,0.02745016,0.00012919
0.50234531,0.02656501,0.00009352
0.50244531,0.02774247,-0.00022716
0.50254532,0.02747781,-0.00015861
0.50264532,0.02558335,-0.00007907
0.50274533,0.02874319,-0.00019759
0.50284537,0.02835592,-0.00031237
0.50294537,0.02634159,-0.00039636
0.50304538,0.02757495,-0.00028141
0.50314539,0.02834945,-0.00061756
0.50324539,0.02923770,-0.00054151
0.50334540,0.02796010,-0.00019357
0.50344540,0.03065581,-0.00038198
0.50354541,0.02904858,-0.00021257
0.50364542,0.02906192,0.00021876
0.50374542,0.03010290,-0.00001443
0.50384546,0.02964671,0.00015188
0.50394547,0.02888661,0.00049107
0.50404547,0.02881101,0.00062917
0.50414548,0.02990369,0.00017874
0.50424548,0.02911218,0.00027033
0.50434549,0.02873204,0.00026309
0.50444550,0.03043501,-0.00011623
0.50454550,0.02984710,-0.00016232
0.50464551,0.02886471,0.00004348
0.50474551,0.02891433,-0.00012090
0.50484552,0.03018598,-0.00012800
0.50494556,0.02935146,0.00027820
0.50504556,0.02911650,0.00035383
0.50514557,0.02902996,0.00043261
0.50524557,0.03017006,0.00000361
0.50534558,0.02948424,0.00014843
0.50544559,0.02870622,0.00026643
0.50554559,0.02749146,0.00052711
0.50564560,0.03010779,0.00027374
0.50574561,0.02900681,0.00015113
0.50584561,0.02662092,0.00013297
0.50594565,0.02802589,0.00000429
0.50604565,0.02840506,-0.00013050
0.50614566,0.02798138,-0.00028890
0.50624567,0.02723211,-0.00042752
0.50634567,0.02713137,-0.00053251
0.50644568,0.02883170,-0.00052524
0.50654568,0.02805419,-0.00039420
0.50664569,0.02744577,-0.00025246
0.50674570,0.02744015,0.00006440
0.50684570,0.02900619,-0.00000271
0.50694571,0.02840078,0.00018649
0.50704575,0.02644380,0.00026111
0.50714575,0.02633828,0.00030726
0.50724576,0.02843408,0.00013309
0.50734576,0.02878487,0.00016027
0.50744577,0.02800208,0.00021417
0.50754578,0.02720219,-0.00000033
0.50764578,0.02675919,0.00014090
0.50774579,0.02675577,0.00008659
0.50784579,0.02698949,0.00018896
0.50794580,0.02791199,-0.00011198
0.50804584,0.02779158,0.00004903
0.50814584,0.02544018,-0.00008107
0.50824585,0.02498365,0.00025397
0.50834586,0.02629171,0.00025179
0.50844586,0.02613311,0.00012684
0.50854587,0.02412382,0.00027072
0.50864587,0.02469459,0.00042908
0.50874588,0.02598600,0.00025562
0.50884589,0.02576293,0.00042861
0.50894589,0.02617218,0.00025684
0.50904590,0.02575132,0.00011989
0.50914594,0.02633629,0.00019907
0.50924594,0.02422988,-0.00000262
0.50934595,0.02388998,-0.00001319
0.50944595,0.02428696,-0.00032771
0.50954596,0.02529016,-0.00041318
0.50964597,0.02515524,-0.00029301
0.50974597,0.02448637,-0.00045544
0.50984598,0.02602694,-0.00032377
0.50994598,0.02618721,-0.00039740
0.51004599,0.02479221,0.00002566
0.51014603,0.02527213,-0.00014781
0.51024603,0.02522781,-0.00007208
0.51034604,0.02521088,0.00005447
0.51044604,0.02466708,0.00014815
0.51054605,0.02637323,0.00007342
0.51064606,0.02613776,0.00004785
0.51074606,0.02349512,0.00027079
0.51084607,0.02419668,0.00007340
0.51094608,0.02630432,0.00022150
0.51104608,0.02451554,0.00001053
0.51114609,0.02417486,0.00015565
0.51124612,0.02525437,-0.00012968
0.51134613,0.02414514,0.00003218
0.51144614,0.02322314,0.00001160
0.51154614,0.02434871,-0.00024049
0.51164615,0.02531209,0.00003932
0.51174615,0.02431549,0.00026700
0.51184616,0.02425519,0.00033516
0.51194617,0.02403134,0.00015215
0.51204620,0.02347586,0.00010134
0.51214618,0.02422645,0.00028384
0.51224622,0.02592766,0.00010317
0.51234619,0.02478004,0.00012977
0.51244623,0.02377699,-0.00006108
0.51254620,0.02604472,-0.00025478
0.51264624,0.02499820,-0.00043325
0.51274622,0.02492222,-0.00053121
0.51284625,0.02720140,-0.00108794
0.51294629,0.03199815,-0.00226156
0.51304626,0.03451502,-0.00375209
0.51314630,0.03590327,-0.00490389
0.51324628,0.03908821,-0.00796728
0.51334631,0.04257134,-0.01351016
0.51344629,0.03249189,-0.01867354
0.51354633,0.08499689,0.08495742
0.51364630,0.08499693,0.08496587
0.51374634,0.08499701,0.08497357
0.51384637,0.08499629,0.08499781
0.51394635,0.08499662,0.08499768
0.51404639,0.08499622,0.08499777
0.51414636,0.02659147,-0.02218530
0.51424640,0.02664872,-0.01539021
0.51434637,0.02452405,-0.01124912
0.51444641,0.02227865,-0.00775255
0.51454639,0.02133162,-0.00430385
0.51464642,0.01984869,-0.00222613
0.51474640,0.01923635,-0.00051500
0.51484644,0.01790421,0.00104157
0.51494647,0.01748271,0.00180154
0.51504645,0.01636231,0.00229066
0.51514648,0.01688427,0.00285086
0.51524646,0.01600984,0.00292851
0.51534650,0.01680114,0.00282554
0.51544647,0.01686338,0.00264267
0.51554651,0.01660251,0.00221778
0.51564648,0.01630527,0.00202058
0.51574652,0.01687522,0.00181896
0.51584650,0.01722607,0.00152378
0.51594653,0.01808234,0.00176918
0.51604657,0.01816156,0.00172104
0.51614655,0.01948624,0.00206951
0.51624658,0.01953397,0.00189536
0.51634656,0.02081342,0.00200653
0.51644659,0.02010164,0.00156770
0.51654657,0.02050855,0.00146605
0.51664661,0.01960702,0.00077879
0.51674658,0.02022362,0.00039712
0.51684662,0.01968733,-0.00017054
0.51694659,0.02079695,-0.00017542
0.51704663,0.01953071,-0.00035953
0.51714667,0.02137079,-0.00028632
0.51724664,0.02041312,-0.00050755
0.51734668,0.01957669,-0.00044525
0.51744666,0.02052002,-0.00050132
0.51754669,0.01891142,-0.00059205
0.51764667,0.02036481,-0.00068692
0.51774670,0.01953152,-0.00066494
0.51784668,0.01950499,-0.00055076
0.51794672,0.01820371,-0.00056784
0.51804675,0.01887123,-0.00039012
0.51814673,0.01772977,-0.00004997
0.51824677,0.01639036,-0.00023274
0.51834674,0.01782336,-0.00027688
0.51844678,0.01694722,-0.00027110
0.51854675,0.01806849,-0.00015619
0.51864679,0.01732187,-0.00037031
0.51874677,0.01699279,-0.00049783
0.51884680,0.01672813,-0.00059404
0.51894678,0.01575732,-0.00045989
0.51904681,0.01659255,-0.00029903
0.51914685,0.01490363,-0.00013331
0.51924683,0.01508982,0.00025877
0.51934686,0.01461024,0.00037660
0.51944684,0.01419439,0.00027139
0.51954687,0.01514594,0.00025407
0.51964685,0.01444074,0.00016378
0.51974689,0.01491155,0.00043409
0.51984686,0.01522644,0.00042420
0.51994690,0.01485838,0.00009292
0.52004688,0.01589170,0.00017165
0.52014691,0.01527667,0.00011535
0.52024695,0.01487645,0.00012551
0.52034692,0.01571271,0.00017719
0.52044696,0.01452697,-0.00008987
0.52054694,0.01458500,-0.00009781
0.52064697,0.01420990,-0.00017919
0.52074695,0.01419081,-0.00030704
0.52084698,0.01576207,-0.00038377
0.52094696,0.01539052,-0.00033445
0.52104700,0.01507494,-0.00033654
0.52114697,0.01608766,0.00006468
0.52124701,0.01565744,0.00020707
0.52134705,0.01680006,0.00059864
0.52144702,0.01648840,0.00035713
0.52154706,0.01515476,0.00003911
0.52164703,0.01557704,0.00031896
0.52174707,0.01551221,-0.00015045
0.52184705,0.01512397,-0.00035810
0.52194708,0.01585262,-0.00049094
0.52204706,0.01574649,-0.00041032
0.52214709,0.01604967,-0.00034535
0.52224713,0.01641642,-0.00024869
0.52234711,0.01633590,0.00001899
0.52244714,0.01749071,0.00016963
0.52254712,0.01606803,0.00011647
0.52264716,0.01622790,-0.00005482
0.52274713,0.01767707,0.00004440
0.52284717,0.01684031,0.00004440
0.52294714,0.01675475,0.00024277
0.52304718,0.01769171,0.00026515
0.52314716,0.01792237,0.00028718
0.52324719,0.01825135,0.00014845
0.52334723,0.01847613,0.00037834
0.52344720,0.01887861,0.00007835
0.52354724,0.01830244,0.00003155
0.52364722,0.01820845,-0.00009415
0.52374725,0.01878747,-0.00010692
0.52384723,0.01820940,-0.00070950
0.52394727,0.01797666,-0.00057567
0.52404724,0.01964685,-0.00026700
0.52414728,0.01945039,-0.00022118
0.52424725,0.01907749,-0.00024733
0.52434729,0.02053712,-0.00001755
0.52444733,0.01974742,0.00008209
0.52454730,0.02045268,0.00027796
0.52464734,0.01940246,-0.00008343
0.52474731,0.01945453,-0.00012751
0.52484735,0.02119612,-0.00036792
0.52494733,0.02015236,-0.00050924
0.52504736,0.02188890,-0.00051519
0.52514734,0.02197908,-0.00033575
0.52524738,0.02196825,-0.00010069
0.52534735,0.02255557,0.00029154
0.52544739,0.02232199,0.00001929
0.52554742,0.02219604,-0.00020247
0.52564740,0.02259384,-0.00015939
0.52574744,0.02413776,0.00024020
0.52584741,0.02274031,-0.00006257
0.52594745,0.02282424,-0.00022648
0.52604742,0.02416229,0.00021966
0.52614746,0.02419415,0.00049220
0.52624744,0.02253760,0.00040299
0.52634747,0.02423315,0.00085850
0.52644751,0.02452029,0.00063981
0.52654749,0.02443560,0.00060072
0.52664752,0.02644861,0.00042306
0.52674750,0.02540480,-0.00003243
0.52684753,0.02698126,0.00019598
0.52694751,0.02603045,-0.00011761
0.52704755,0.02672993,0.00000835
0.52714752,0.02676544,-0.00018021
0.52724756,0.02440867,-0.00071635
0.52734753,0.02647360,-0.00015321
0.52744757,0.02564820,-0.00014014
0.52754761,0.02437599,-0.00049202
0.52764758,0.02518930,-0.00016155
0.52774762,0.02695603,-0.00015376
0.52784760,0.02687127,-0.00014910
0.52794763,0.02710869,0.00007839
0.52804761,0.02841092,0.00037912
0.52814764,0.02727889,0.00007352
0.52824762,0.02911791,0.00046469
0.52834766,0.02860821,0.00046738
0.52844763,0.02810610,0.00025301
0.52854767,0.02901489,-0.00000356
0.52864771,0.02805961,-0.00011981
0.52874768,0.02736762,-0.00034501
0.52884772,0.02923919,-0.00015410
0.52894769,0.02872920,-0.00023015
0.52904773,0.02791339,-0.00014827
0.52914771,0.02954568,-0.00007028
0.52924774,0.02760385,-0.00014884
0.52934772,0.02766668,0.00016191
0.52944775,0.02730700,0.00023462
0.52954773,0.02834927,0.00056280
0.52964777,0.02859562,0.00074813
0.52974780,0.03026847,0.00088568
0.52984778,0.02938632,0.00052542
0.52994781,0.02778031,0.00000260
0.53004779,0.02720644,-0.00030549
0.53014783,0.02833200,-0.00010809
0.53024780,0.02750447,-0.00029877
0.53034784,0.02721654,-0.00029609
0.53044781,0.02769231,-0.00012849
0.53054785,0.02820796,0.00005528
0.53064783,0.02647198,-0.00039985
0.53074786,0.02797042,-0.00035859
0.53084790,0.02762262,-0.00040218
0.53094788,0.02716528,-0.00025237
0.53104791,0.02853683,-0.00000794
0.53114789,0.02807494,0.00026891
0.53124792,0.02758688,0.00043576
0.53134790,0.02840623,0.00077936
0.53144794,0.02850464,0.00054659
0.53154791,0.02770833,0.00005595
0.53164795,0.02861199,0.00017588
0.53174799,0.02829055,0.00016499
0.53184796,0.02734185,-0.00033892
0.53194800,0.02647286,-0.00017540
0.53204797,0.02711587,-0.00063655
0.53214801,0.02708080,-0.00014997
0.53224799,0.02611074,-0.00013051
0.53234802,0.02730933,0.00005854
0.53244800,0.02705502,0.00000349
0.53254803,0.02611475,-0.00008370
0.53264801,0.02658342,0.00004264
0.53274805,0.02796628,0.00052566
0.53284808,0.02768102,0.00042815
0.53294806,0.02702959,0.00037521
0.53304810,0.02718435,0.00030632
0.53314807,0.02689436,0.00052612
0.53324811,0.02630492,0.00034909
0.53334808,0.02613974,0.00001972
0.53344812,0.02598275,0.00018966
0.53354810,0.02568104,-0.00006718
0.53364813,0.02668275,-0.00028979
0.53374811,0.02605487,-0.00031542
0.53384814,0.02542698,-0.00068970
0.53394818,0.02754922,-0.00033596
0.53404816,0.02658860,-0.00044550
0.53414819,0.02508536,-0.00071780
0.53424817,0.02672945,-0.00012650
0.53434821,0.02611926,0.00000583
0.53444818,0.02569713,0.00023899
0.53454822,0.02512666,0.00028395
0.53464819,0.02598571,0.00018431
0.53474823,0.02624078,0.00049369
0.53484821,0.02559418,0.00009368
0.53494824,0.02681585,-0.00010811
0.53504828,0.02657032,-0.00027197
0.53514825,0.02601187,-0.00006967
0.53524829,0.02754545,0.00012606
0.53534827,0.02474439,-0.00037400
0.53544830,0.02523250,0.00007732
0.53554828,0.02413878,-0.00023955
0.53564832,0.02566352,0.00009256
0.53574829,0.02507358,-0.00005566
0.53584833,0.02554404,-0.00018331
0.53594836,0.02505209,-0.00007622
0.53604834,0.02563480,0.00030470
0.53614838,0.02568439,0.00048257
0.53624835,0.02615688,0.00062684
0.53634839,0.02646708,0.00071028
0.53644836,0.02518067,0.00057365
0.53654840,0.02602333,0.00020708
0.53664838,0.02553393,0.00007380
0.53674841,0.02516555,-0.00013866
0.53684839,0.02686729,0.00004036
0.53694843,0.02516335,-0.00056551
0.53704846,0.02414364,-0.00076267
0.53714844,0.02325673,-0.00062646
0.53724847,0.02530963,-0.00022558
0.53734845,0.02497532,0.00000705
0.53744849,0.02334692,-0.00028622
0.53754846,0.02504550,0.00012668
0.53764850,0.02448241,0.00022157
0.53774847,0.02313934,-0.00008953
0.53784851,0.02423778,0.00026076
0.53794849,0.02495914,0.00048409
0.53804852,0.02432280,0.00040936
0.53814856,0.02478587,0.00032205
0.53824854,0.02481423,0.00013982
0.53834857,0.02510947,0.00033275
0.53844855,0.02519779,0.00026759
0.53854858,0.02469570,-0.00021381
0.53864856,0.02421908,-0.00002477
0.53874860,0.02497822,0.00008908
0.53884857,0.02454758,-0.00037037
0.53894861,0.02432693,-0.00039724
0.53904858,0.02345182,-0.00049740
0.53914862,0.02385671,-0.00044073
0.53924866,0.02450692,0.00011563
0.53934863,0.02389822,0.00024055
0.53944867,0.02644005,0.00027580
0.53954865,0.03197787,0.00085238
0.53964868,0.03281330,0.00081381
0.53974866,0.03689796,0.00099401
0.53984869,0.04287075,0.00272978
0.53994867,0.04846693,0.00484004
0.54004871,0.04846698,0.00538051
0.54014874,0.03536585,0.00244867
0.54024872,0.08499744,0.08499621
0.54034875,0.08499743,0.08499613
0.54044873,0.08499721,0.08499674
0.54054877,0.08499745,0.08497363
0.54064874,0.08499741,0.08497595
0.54074878,0.08499768,0.08497193
0.54084875,0.08499749,0.08496770
0.54094879,0.02462864,0.03414502
0.54104877,0.02393808,0.02625963
0.54114880,0.02340685,0.02207103
0.54124884,0.02169646,0.01746589
0.54134882,0.02048803,0.01379123
0.54144885,0.01888810,0.01051857
0.54154883,0.01782957,0.00787193
0.54164886,0.01648186,0.00548768
0.54174884,0.01580936,0.00336520
0.54184888,0.01553430,0.00137477
0.54194885,0.01505399,-0.00057787
0.54204889,0.01535869,-0.00256378
0.54214886,0.01476579,-0.00395236
0.54224890,0.01482295,-0.00570814
0.54234894,0.01559631,-0.00740928
0.54244891,0.01555006,-0.00834030
0.54254895,0.01603060,-0.00881840
0.54264893,0.01711188,-0.00947866
0.54274896,0.01835473,-0.01026884
0.54284894,0.01821664,-0.00955703
0.54294897,0.01954386,-0.00949414
0.54304895,0.01873460,-0.00832097
0.54314899,0.01865544,-0.00759073
0.54324896,0.01809262,-0.00637511
0.54334900,0.01907528,-0.00562824
0.54344904,0.01848084,-0.00414658
0.54354901,0.02011810,-0.00371221
0.54364905,0.01949331,-0.00259618
0.54374902,0.02024765,-0.00187784
0.54384906,0.01989104,-0.00095612
0.54394904,0.02057349,-0.00045180
0.54404907,0.01909667,0.00031540
0.54414905,0.01974037,0.00084745
0.54424908,0.01934261,0.00122540
0.54434912,0.01944437,0.00168699
0.54444910,0.01860655,0.00167535
0.54454913,0.01906740,0.00204537
0.54464911,0.01840260,0.00208177
0.54474915,0.01838305,0.00205164
0.54484912,0.01811360,0.00199285
0.54494916,0.01661204,0.00205551
0.54504913,0.01775062,0.00214117
0.54514917,0.01647870,0.00192634
0.54524915,0.01773726,0.00173814
0.54534918,0.01733379,0.00161030
0.54544922,0.01819650,0.00138708
0.54554919,0.01816809,0.00118573
0.54564923,0.01700078,0.00076971
0.54574921,0.01725124,0.00059361
0.54584924,0.01580711,0.00038313
0.54594922,0.01455721,0.00047575
0.54604926,0.01231989,0.00019239
0.54614923,0.01133893,0.00016063
0.54624927,0.01154650,-0.00044596
0.54634924,0.00923783,-0.00026384
0.54644928,0.00977262,-0.00039722
0.54654932,0.01052283,-0.00063149
0.54664929,0.01086326,-0.00063263
0.54674933,0.01200449,-0.00060759
0.54684930,0.01210212,-0.00058066
0.54694934,0.01215864,-0.00053099
0.54704932,0.01117511,-0.00005335
0.54714935,0.01011301,-0.00002840
0.54724933,0.01158857,0.00000747
0.54734937,0.01140400,-0.00006892
0.54744934,0.01235040,-0.00004559
0.54754938,0.01350372,-0.00031626
0.54764941,0.01276263,-0.00029166
0.54774939,0.01440013,-0.00070484
0.54784943,0.01379976,-0.00056172
0.54794940,0.01411481,-0.00052187
0.54804944,0.01294571,-0.00033843
0.54814941,0.01226498,-0.00018716
0.54824945,0.01303746,-0.00017980
0.54834943,0.01303995,-0.00033845
0.54844946,0.01462955,-0.00034844
0.54854944,0.01437566,-0.00016358
0.54864948,0.01434424,-0.00010958
0.54874951,0.01544590,0.00002423
0.54884949,0.01438227,0.00002500
0.54894952,0.01589149,-0.00021514
0.54904950,0.01531494,-0.00040179
0.54914954,0.01509934,-0.00035984
0.54924951,0.01530425,-0.00039779
0.54934955,0.01588302,-0.00066651
0.54944952,0.01771680,-0.00075680
0.54954956,0.01666746,-0.00066554
0.54964960,0.01763206,-0.00082385
0.54974957,0.01782858,-0.00087073
0.54984961,0.01695935,-0.00057696
0.54994958,0.01769252,-0.00056772
0.55004962,0.01673052,0.00008450
0.55014960,0.01612397,0.00020469
0.55024963,0.01728777,-0.00008700
0.55034961,0.01637598,0.00042908
0.55044965,0.01720304,0.00066318
0.55054962,0.01722443,0.00046265
0.55064966,0.01669233,0.00042135
0.55074969,0.01631168,0.00056672
0.55084967,0.01611438,0.00040542
0.55094971,0.01682778,0.00017258
0.55104968,0.01712479,0.00011954
0.55114972,0.01647186,-0.00008422
0.55124969,0.01733827,-0.00018792
0.55134973,0.01694447,-0.00040732
0.55144971,0.01750305,-0.00044903
0.55154974,0.01837932,-0.00023567
0.55164972,0.01798118,0.00002522
0.55174976,0.01827060,-0.00031687
0.55184979,0.01959236,-0.00017965
0.55194977,0.01913210,-0.00008688
0.55204980,0.02027978,-0.00012487
0.55214978,0.01950447,-0.00036699
0.55224982,0.02036763,-0.00035851
0.55234979,0.02091657,-0.00045633
0.55244983,0.02012221,-0.00039063
0.55254980,0.02002692,-0.00038341
0.55264984,0.02153464,-0.00049003
0.55274982,0.01973798,-0.00019380
0.55284985,0.01950560,-0.00053459
0.55294989,0.02005207,-0.00057693
0.55304987,0.01992993,-0.00056238
0.55314990,0.02090261,-0.00072176
0.55324988,0.02111751,-0.00042752
0.55334991,0.02132399,-0.00060383
0.55344989,0.02384989,-0.00068496
0.55354993,0.02407982,-0.00074176
0.55364990,0.02367513,-0.00022879
0.55374994,0.02432611,-0.00026186
0.55384998,0.02360599,-0.00017290
0.55394995,0.02346806,-0.00006302
0.55404999,0.02340263,0.00010385
0.55414996,0.02300077,-0.00030557
0.55425000,0.02273415,-0.00011802
0.55434998,0.02427171,-0.00029442
0.55445001,0.02485002,-0.00058521
0.55454999,0.02563572,-0.00027810
0.55465002,0.02480727,-0.00009214
0.55475000,0.02600177,-0.00033786
0.55485004,0.02615920,-0.00026117
0.55495007,0.02517523,0.00011835
0.55505005,0.02565560,-0.00002949
0.55515009,0.02476867,0.00001156
0.55525006,0.02486736,0.00026318
0.55535010,0.02665655,0.00009036
0.55545007,0.02775705,0.00004230
0.55555011,0.02744744,0.00012839
0.55565009,0.02613110,0.00009825
0.55575012,0.02843368,-0.00001632
0.55585010,0.02686512,-0.00000616
0.55595013,0.02634557,-0.00023965
0.55605017,0.02639709,-0.00035601
0.55615015,0.02828850,-0.00046476
0.55625018,0.03001382,-0.00067945
0.55635016,0.02917648,-0.00078777
0.55645020,0.02823752,-0.00036012
0.55655017,0.02743215,-0.00037195
0.55665021,0.02978871,-0.00040022
0.55675018,0.02925369,-0.00018134
0.55685022,0.02905865,0.00023417
0.55695020,0.02865217,0.00010743
0.55705023,0.02975424,0.00002554
0.55715027,0.02974913,0.00024920
0.55725024,0.02852773,0.00008483
0.55735028,0.02977188,0.00026671
0.55745026,0.02962768,0.00022299
0.55755029,0.03010195,0.00029129
0.55765027,0.02924702,0.00030358
0.55775031,0.02905842,0.00038779
0.55785028,0.03134637,-0.00005103
0.55795032,0.02988541,-0.00012594
0.55805035,0.02836907,0.00002099
0.55815033,0.02815983,0.00000550
0.55825037,0.03001006,-0.00006309
0.55835034,0.02932154,0.00019799
0.55845038,0.02819539,0.00017761
0.55855035,0.02846722,0.00034811
0.55865039,0.02993031,0.00035573
0.55875037,0.02967909,0.00040338
0.55885040,0.02809769,0.00027487
0.55895038,0.02851607,0.00023728
0.55905042,0.03027591,-0.00013868
0.55915045,0.02988078,0.00010028
0.55925043,0.02832579,0.00005022
0.55935046,0.02792375,-0.00000936
0.55945044,0.02981230,-0.00026400
0.55955048,0.02930352,-0.00033998
0.55965045,0.02886995,-0.00014069
0.55975049,0.02803753,-0.00027887
0.55985046,0.02886192,-0.00022768
0.55995050,0.02731547,0.00007203
0.56005048,0.02795238,0.00023236
0.56015051,0.02681272,0.00006070
0.56025055,0.02824066,-0.00002489
0.56035052,0.02680491,0.00022386
0.56045056,0.02646643,0.00002944
0.56055054,0.02957207,0.00016606
0.56065057,0.02758306,0.00034526
0.56075055,0.02730216,0.00044355
0.56085059,0.02708477,0.00032575
0.56095056,0.02920419,-0.00000417
0.56105060,0.02792779,-0.00019057
0.56115057,0.02764520,-0.00013228
0.56125061,0.02666466,-0.00017318
0.56135065,0.02660627,-0.00021352
0.56145062,0.02778765,-0.00023951
0.56155066,0.02660610,0.00000634
0.56165063,0.02569630,0.00020651
0.56175067,0.02649556,0.00019309
0.56185065,0.02620701,0.00016406
0.56195068,0.02580970,0.00033012
0.56205066,0.02542876,0.00007435
0.56215070,0.02636020,0.00027174
0.56225073,0.02619288,-0.00004039
0.56235071,0.02593131,0.00021423
0.56245074,0.02503457,0.00000419
0.56255072,0.02670228,-0.00002993
0.56265076,0.02629497,-0.00017345
0.56275073,0.02556043,-0.00021581
0.56285077,0.02491861,-0.00036050
0.56295074,0.02493128,-0.00059907
0.56305078,0.02585154,-0.00068790
0.56315076,0.02560837,-0.00056497
0.56325079,0.02550660,-0.00022590
0.56335083,0.02458286,-0.00009481
0.56345081,0.02657427,-0.00006112
0.56355084,0.02599578,0.00018177
0.56365082,0.02505882,0.00034611
0.56375085,0.02600532,0.00022671
0.56385083,0.02723737,0.00033929
0.56395087,0.02564880,0.00039731
0.56405084,0.02530899,0.00035866
0.56415088,0.02623936,-0.00006039
0.56425085,0.02673287,0.00002978
0.56435089,0.02537161,0.00018557
0.56445093,0.02502095,0.00021804
0.56455090,0.02588722,-0.00019609
0.56465094,0.02506656,-0.00003553
0.56475092,0.02548203,0.00020504
0.56485095,0.02413004,0.00019326
0.56495093,0.02576423,-0.00002185
0.56505096,0.02495709,0.00025563
0.56515094,0.02364126,0.00027131
0.56525098,0.02396775,0.00034306
0.56535095,0.02482420,0.00019667
0.56545099,0.02491369,0.00027335
0.56555103,0.02465989,0.00030338
0.56565100,0.02381485,0.00045800
0.56575104,0.02493015,0.00024773
0.56585101,0.02557818,0.00018381
0.56595105,0.02557489,-0.00011807
0.56605103,0.02530619,-0.00045356
0.56615106,0.02404563,-0.00034775
0.56625104,0.02457226,-0.00042595
0.56635107,0.03169929,-0.00207053
0.56645105,0.03262929,-0.00256128
0.56655109,0.03788138,-0.00434008
0.56665112,0.04030682,-0.00586753
0.56675110,0.04098875,-0.00788472
0.56685114,0.04834839,-0.01603081
0.56695111,0.02666288,-0.01273067
0.56705115,0.08499678,0.08496116
0.56715112,0.08499681,0.08496232
0.56725116,0.08499686,0.08497684
0.56735114,0.08499651,0.08499780
0.56745117,0.08499664,0.08499789
0.56755121,0.08499616,0.08499774
0.56765118,0.02468601,-0.02455924
0.56775122,0.02549875,-0.01620606
0.56785120,0.02486395,-0.01135284
0.56795123,0.02297687,-0.00821477
0.56805121,0.02077546,-0.00545319
0.56815125,0.01982431,-0.00295412
0.56825122,0.01855984,-0.00112288
0.56835126,0.01778355,0.00046665
0.56845123,0.01645034,0.00135520
0.56855127,0.01617820,0.00212324
0.56865131,0.01613859,0.00308069
0.56875128,0.01597430,0.00294636
0.56885132,0.01615407,0.00317146
0.56895129,0.01593575,0.00308985
0.56905133,0.01571122,0.00300585
0.56915131,0.01567295,0.00288221
0.56925134,0.01606085,0.00278151
0.56935132,0.01624105,0.00251619
0.56945135,0.01735556,0.00250140
0.56955133,0.01746791,0.00241373
0.56965137,0.01876924,0.00251058
0.56975140,0.01806465,0.00209681
0.56985138,0.01912818,0.00189057
0.56995142,0.01869678,0.00145797
0.57005139,0.01955475,0.00104002
0.57015143,0.01829137,0.00049122
0.57025140,0.01942526,0.00035889
0.57035144,0.01875575,-0.00017895
0.57045142,0.01862344,-0.00038126
0.57055145,0.01972035,-0.00046049
0.57065143,0.01741208,-0.00068173
0.57075146,0.01852009,-0.00046646
0.57085150,0.01782780,-0.00016702
0.57095148,0.01972244,-0.00033939
0.57105151,0.01825707,-0.00044251
0.57115149,0.01872896,-0.00029050
0.57125153,0.01770290,-0.00032968
0.57135150,0.01871819,-0.00047628
0.57145154,0.01808176,-0.00041816
0.57155151,0.01607158,-0.00055359
0.57165155,0.01663195,-0.00047922
0.57175159,0.01560133,-0.00038870
0.57185156,0.01587265,-0.00053998
0.57195160,0.01435346,-0.00042188
0.57205157,0.01414949,-0.00064764
0.57215161,0.01577248,-0.00055263
0.57225159,0.01544334,-0.00050750
0.57235162,0.01601736,-0.00033278
0.57245160,0.01468322,-0.00043027
0.57255164,0.01444795,-0.00006957
0.57265161,0.01503582,0.00024894
0.57275165,0.01487231,0.00040350
0.57285168,0.01596496,0.00052782
0.57295166,0.01533634,0.00074988
0.57305170,0.01443361,0.00048376
0.57315167,0.01510928,0.00064995
0.57325171,0.01472274,0.00035645
0.57335168,0.01391455,0.00003249
0.57345172,0.01459590,0.00000480
0.57355170,0.01436746,-0.00017500
0.57365173,0.01526690,-0.00006098
0.57375171,0.01507198,-0.00012857
0.57385175,0.01417163,-0.00005492
0.57395178,0.01507287,0.00000059
0.57405176,0.01413831,-0.00027720
0.57415179,0.01413203,-0.00032234
0.57425177,0.01563897,-0.00019445
0.57435181,0.01579584,-0.00000506
0.57445178,0.01512994,0.00001463
0.57455182,0.01628596,0.00007286
0.57465179,0.01622387,0.00031721
0.57475183,0.01720275,0.00032704
0.57485181,0.01749979,-0.00001084
0.57495184,0.01660070,0.00004622
0.57505188,0.01700968,0.00010988
0.57515186,0.01598535,-0.00027354
0.57525189,0.01568148,-0.00028977
0.57535187,0.01553039,-0.00020572
0.57545190,0.01574915,-0.00032480
0.57555188,0.01672884,-0.00031782
0.57565192,0.01588658,-0.00052349
0.57575189,0.01561604,-0.00039621
0.57585193,0.01651989,-0.00001623
0.57595197,0.01613173,-0.00024750
0.57605194,0.01651274,-0.00007079
0.57615198,0.01700459,0.00019691
0.57625195,0.01619180,0.00032019
0.57635199,0.01613041,0.00037223
0.57645197,0.01632425,0.00021482
0.57655200,0.01593354,-0.00012667
0.57665198,0.01697608,-0.00007420
0.57675201,0.01774339,-0.00010315
0.57685199,0.01800402,-0.00017252
0.57695203,0.01871206,0.00011041
0.57705206,0.01837515,-0.00017329
0.57715204,0.01828935,-0.00040767
0.57725208,0.01911726,-0.00037464
0.57735205,0.01905184,-0.00058417
0.57745209,0.01885085,-0.00041011
0.57755206,0.01978399,-0.00035808
0.57765210,0.01895764,-0.00021555
0.57775208,0.02045405,-0.00001348
0.57785211,0.02050564,0.00019746
0.57795209,0.02018702,0.00055775
0.57805212,0.02020096,0.00037514
0.57815216,0.01985717,0.00008812
0.57825214,0.02045594,0.00014211
0.57835217,0.02015113,-0.00025159
0.57845215,0.02068614,-0.00018392
0.57855219,0.02149636,-0.00005212
0.57865216,0.02151503,-0.00038069
0.57875220,0.02284732,0.00013752
0.57885217,0.02305768,-0.00021208
0.57895221,0.02226175,-0.00018814
0.57905219,0.02463664,0.00036443
0.57915222,0.02409859,0.00021696
0.57925226,0.02267625,-0.00021555
0.57935223,0.02373399,-0.00002011
0.57945227,0.02343488,0.00047816
0.57955225,0.02535525,0.00054447
0.57965228,0.02475784,0.00052414
0.57975226,0.02283105,0.00019494
0.57985229,0.02463707,0.00033305
0.57995227,0.02343511,-0.00004820
0.58005231,0.02393287,-0.00003655
0.58015234,0.02571437,0.00021417
0.58025232,0.02448875,0.00000161
0.58035236,0.02606947,0.00014736
0.58045233,0.02504327,-0.00037909
0.58055237,0.02441042,-0.00053409
0.58065234,0.02543739,-0.00017970
0.58075238,0.02673279,-0.00030652
0.58085236,0.02676458,-0.00003195
0.58095239,0.02730793,0.00000147
0.58105237,0.02607263,-0.00007366
0.58115240,0.02518291,-0.00002019
0.58125244,0.02610477,0.00023867
0.58135242,0.02624108,0.00031051
0.58145245,0.02595270,0.00007087
0.58155243,0.02608712,0.00019906
0.58165247,0.02758122,0.00006933
0.58175244,0.02693281,-0.00001813
0.58185248,0.02878240,0.00014911
0.58195245,0.02856906,0.00004575
0.58205249,0.02791116,0.00006589
0.58215247,0.02939055,0.00011917
0.58225250,0.02859005,0.00013023
0.58235254,0.02826286,0.00018251
0.58245251,0.02931880,0.00055197
0.58255255,0.03022651,0.00043255
0.58265253,0.02884629,0.00010623
0.58275256,0.03054239,0.00049895
0.58285254,0.02917280,0.00032400
0.58295258,0.02760937,-0.00012732
0.58305255,0.02807121,0.00027278
0.58315259,0.02911436,0.00042730
0.58325256,0.02890213,0.00035617
0.58335260,0.02803780,0.00005329
0.58345264,0.02898101,-0.00011859
0.58355261,0.02757813,-0.00048713
0.58365265,0.02794283,-0.00049345
0.58375262,0.02787564,-0.00043331
0.58385266,0.02993236,-0.00012025
0.58395264,0.02986407,0.00012008
0.58405267,0.02979275,-0.00007035
0.58415265,0.02975779,-0.00008049
0.58425269,0.02759851,-0.00041752
0.58435272,0.02693080,-0.00038762
0.58445270,0.02910758,0.00015575
0.58455273,0.02763868,0.00006433
0.58465271,0.02746965,0.00021100
0.58475275,0.02649678,-0.00025506
0.58485272,0.02932278,0.00039271
0.58495276,0.02871160,0.00023030
0.58505273,0.02816334,0.00009466
0.58515277,0.02764156,-0.00026671
0.58525275,0.02811627,-0.00018058
0.58535278,0.02822139,-0.00000589
0.58545282,0.02749203,-0.00026835
0.58555280,0.02707216,-0.00036716
0.58565283,0.02912389,0.00017308
0.58575281,0.02915480,0.00040470
0.58585284,0.02804079,0.00017767
0.58595282,0.02817712,0.00022051
0.58605286,0.02847444,0.00054461
0.58615283,0.02715137,0.00017544
0.58625287,0.02771190,0.00058075
0.58635284,0.02823886,0.00069784
0.58645288,0.02449930,-0.00056988
0.58655292,0.02457681,-0.00041467
0.58665289,0.02552298,-0.00013071
0.58675293,0.02588471,-0.00027508
0.58685291,0.02519480,-0.00038802
0.58695294,0.02530391,-0.00031011
0.58705292,0.02577443,-0.00060494
0.58715295,0.02663649,-0.00006967
0.58725293,0.02587778,-0.00021581
0.58735297,0.02573273,-0.00001831
0.58745294,0.02646959,-0.00003879
0.58755298,0.02584821,0.00003908
0.58765302,0.02512656,-0.00005302
0.58775299,0.02535926,0.00022490
0.58785303,0.02659753,0.00030664
0.58795300,0.02641886,0.00049306
0.58805304,0.02577080,0.00021472
0.58815302,0.02683819,0.00055186
0.58825305,0.02551283,-0.00006940
0.58835303,0.02453975,-0.00034537
0.58845306,0.02458476,0.00020395
0.58855304,0.02583519,0.00007000
0.58865308,0.02460022,-0.00019515
0.58875311,0.02427042,-0.00035739
0.58885309,0.02518908,0.00000649
0.58895312,0.02513597,-0.00013226
0.58905310,0.02387044,-0.00016076
0.58915314,0.02496635,0.00007102
0.58925311,0.02496246,0.00022040
0.58935315,0.02440401,0.00040197
0.58945313,0.02336273,0.00014859
0.58955316,0.02447735,0.00035076
0.58965320,0.02437077,0.00020742
0.58975317,0.02445401,0.00039327
0.58985321,0.02363053,-0.00006471
0.58995319,0.02503057,-0.00019698
0.59005322,0.02473338,-0.00004558
0.59015320,0.02413813,-0.00017258
0.59025323,0.02579099,0.00011534
0.59035321,0.02554414,-0.00006049
0.59045325,0.02464325,-0.00001653
0.59055322,0.02588094,-0.00002461
0.59065326,0.02582060,-0.00011398
0.59075330,0.02385778,-0.00066544
0.59085327,0.02416251,-0.00032886
0.59095331,0.02605412,-0.00007711
0.59105328,0.02579385,0.00005163
0.59115332,0.02510802,0.00015817
0.59125330,0.02707137,0.00078171
0.59135333,0.02645634,0.00068673
0.59145331,0.02548477,0.00055466
0.59155334,0.02483477,0.00005784
0.59165332,0.02509443,-0.00011601
0.59175336,0.02450292,-0.00037248
0.59185339,0.02384539,-0.00035389
0.59195337,0.02515277,-0.00018404
0.59205341,0.02613833,-0.00000230
0.59215338,0.02566889,0.00001701
0.59225342,0.02485886,-0.00019635
0.59235339,0.02573930,-0.00008463
0.59245343,0.02437269,-0.00012916
0.59255341,0.02371136,-0.00002769
0.59265344,0.02346506,-0.00004143
0.59275342,0.02491938,0.00026625
0.59285345,0.02425106,0.00028289
0.59295349,0.02379343,-0.00012432
0.59305347,0.02804762,-0.00033247
0.59315350,0.02995256,0.00005772
0.59325348,0.03182449,0.00011496
0.59335352,0.03339845,0.00029197
0.59345349,0.03944644,0.00182672
0.59355353,0.03954035,0.00219395
0.59365350,0.04021915,0.00448037
0.59375354,0.08499730,0.08499614
0.59385358,0.08499725,0.08499622
0.59395355,0.08499724,0.08499692
0.59405359,0.08499748,0.08497212
0.59415356,0.08499739,0.08497472
0.59425360,0.08499759,0.08497120
0.59435358,0.08499756,0.08496843
0.59445361,0.02704716,0.02830231
0.59455359,0.02586282,0.02335435
0.59465363,0.02467822,0.01965892
0.59475360,0.02347777,0.01651738
0.59485364,0.02068225,0.01401192
0.59495367,0.01931493,0.01126034
0.59505365,0.01736769,0.00893885
0.59515369,0.01643629,0.00600062
0.59525366,0.01577764,0.00349972
0.59535370,0.01552470,0.00113917
0.59545367,0.01490236,-0.00077049
0.59555371,0.01461281,-0.00279795
0.59565369,0.01503100,-0.00454526
0.59575372,0.01522494,-0.00601924
0.59585370,0.01564097,-0.00740733
0.59595374,0.01534046,-0.00733366
0.59605377,0.01601371,-0.00823986
0.59615375,0.01691750,-0.00885943
0.59625378,0.01693858,-0.00867172
0.59635376,0.01787843,-0.00916092
0.59645380,0.01788538,-0.00857446
0.59655377,0.01842095,-0.00803866
0.59665381,0.01784274,-0.00665103
0.59675378,0.01845721,-0.00588722
0.59685382,0.01755577,-0.00425687
0.59695380,0.01828457,-0.00335219
0.59705383,0.01795229,-0.00250508
0.59715387,0.01841404,-0.00183366
0.59725385,0.01827920,-0.00117693
0.59735388,0.01971181,-0.00082520
0.59745386,0.01888123,-0.00030269
0.59755389,0.01861881,0.00019790
0.59765387,0.01860823,0.00067055
0.59775391,0.01768922,0.00130650
0.59785388,0.01680788,0.00171742
0.59795392,0.01609049,0.00199677
0.59805396,0.01711909,0.00184128
0.59815393,0.01638957,0.00173599
0.59825397,0.01782815,0.00173919
0.59835394,0.01674088,0.00155519
0.59845398,0.01707970,0.00144702
0.59855396,0.01622704,0.00156074
0.59865399,0.01627282,0.00160414
0.59875397,0.01551601,0.00160155
0.59885400,0.01525871,0.00143323
0.59895398,0.01614689,0.00120003
0.59905402,0.01489353,0.00097763
0.59915405,0.01567451,0.00065082
0.59925403,0.01530833,0.00018690
0.59935406,0.01573209,0.00004394
0.59945404,0.01562240,-0.00042426
0.59955408,0.01538359,-0.00069730
0.59965405,0.01595192,-0.00072669
0.59975409,0.01460781,-0.00053103
0.59985406,0.01451239,-0.00022220
0.59995410,0.01367956,0.00001213
0.60005408,0.01446665,0.00026805
0.60015411,0.01432531,0.00008170
0.60025415,0.01419067,0.00018874
0.60035413,0.01418330,0.00018592
0.60045416,0.01280449,0.00023159
0.60055414,0.01373361,-0.00009354
0.60065417,0.01376510,-0.00020669
0.60075415,0.01311257,-0.00004479
0.60085419,0.01309901,-0.00005113
0.60095416,0.01389192,-0.00021979
0.60105420,0.01403015,-0.00008322
0.60115417,0.01504094,-0.00053238
0.60125421,0.01403002,-0.00057219
0.60135425,0.01399432,-0.00082715
0.60145422,0.01487389,-0.00097186
0.60155426,0.01480958,-0.00066449
0.60165424,0.01514409,-0.00044099
0.60175427,0.01484903,-0.00030957
0.60185425,0.01402351,-0.00001161
0.60195428,0.01541163,0.00011372
0.60205426,0.01484225,0.00022069
0.60215430,0.01593362,0.00013552
0.60225433,0.01539576,-0.00002878
0.60235431,0.01498567,-0.00029910
0.60245435,0.01474939,-0.00031932
0.60255432,0.01486174,-0.00027193
0.60265436,0.01533635,-0.00049858
0.60275433,0.01676300,-0.00059981
0.60285437,0.01724694,-0.00079373
0.60295435,0.01592186,-0.00026163
0.60305438,0.01725640,-0.00025536
0.60315436,0.01630622,-0.00028129
0.60325439,0.01721228,-0.00033207
0.60335443,0.01682920,-0.00015347
0.60345441,0.01693116,-0.00021685
0.60355444,0.01771190,-0.00034115
0.60365442,0.01661864,-0.00015294
0.60375446,0.01632189,0.00012863
0.60385443,0.01649280,0.00035527
0.60395447,0.01634421,0.00046086
0.60405444,0.01667712,0.00060942
0.60415448,0.01610912,0.00032946
0.60425446,0.01664595,-0.00015968
0.60435449,0.01639423,-0.00008014
0.60445453,0.01774675,-0.00060952
0.60455450,0.01787680,-0.00099771
0.60465454,0.01885973,-0.00080500
0.60475452,0.01915140,-0.00083969
0.60485455,0.01949062,-0.00047905
0.60495453,0.01951289,-0.00009427
0.60505457,0.01903366,0.00007983
0.60515454,0.01924712,0.00027535
0.60525458,0.01984811,-0.00020123
0.60535455,0.01896373,0.00013032
0.60545459,0.02010172,-0.00017917
0.60555463,0.02002716,-0.00002711
0.60565460,0.02154563,-0.00038810
0.60575464,0.02200718,-0.00053316
0.60585461,0.02056775,-0.00025712
0.60595465,0.02091328,-0.00004436
0.60605463,0.02166027,-0.00045029
0.60615466,0.02113454,-0.00028734
0.60625464,0.02235376,-0.00075059
0.60635468,0.02127738,-0.00070887
0.60645465,0.02180030,-0.00062238
0.60655469,0.02250361,-0.00081286
0.60665472,0.02159675,-0.00044800
0.60675470,0.02357347,-0.00039862
0.60685474,0.02414967,-0.00027210
0.60695471,0.02321560,0.00012956
0.60705475,0.02427930,0.00010754
0.60715472,0.02317106,0.00024431
0.60725476,0.02403084,0.00035783
0.60735474,0.02418210,0.00013952
0.60745477,0.02397286,-0.00008585
0.60755481,0.02486238,-0.00036053
0.60765479,0.02401675,-0.00027181
0.60775482,0.02608070,-0.00038940
0.60785480,0.02437518,-0.00030370
0.60795483,0.02479339,-0.00038686
0.60805481,0.02433556,-0.00021595
0.60815485,0.02619120,-0.00038026
0.60825482,0.02654705,-0.00024139
0.60835486,0.02627630,-0.00016427
0.60845483,0.02714019,-0.00015609
0.60855487,0.02569366,-0.00029638
0.60865491,0.02593070,0.00002398
0.60875488,0.02646770,0.00008060
0.60885492,0.02644515,0.00021842
0.60895490,0.02470795,0.00059287
0.60905493,0.02640275,0.00014718
0.60915491,0.02642660,0.00003037
0.60925494,0.02611702,0.00008711
0.60935492,0.02739591,-0.00042141
0.60945496,0.02700956,-0.00036274
0.60955493,0.02556345,-0.00042597
0.60965497,0.02814465,-0.00071018
0.60975500,0.02611870,-0.00029204
0.60985498,0.02723269,-0.00024705
0.60995502,0.02829701,-0.00018788
0.61005499,0.02780835,0.00013418
0.61015503,0.02691682,0.00022019
0.61025500,0.02860368,0.00014106
0.61035504,0.02895463,0.00022727
0.61045502,0.02847526,0.00005370
0.61055505,0.02920442,0.00006168
0.61065503,0.02941359,-0.00005061
0.61075507,0.02778473,0.00037543
0.61085510,0.02786193,0.00030138
0.61095508,0.02892154,0.00034943
0.61105511,0.02838285,0.00040144
0.61115509,0.02699451,0.00012656
0.61125513,0.02604821,0.00010123
0.61135510,0.02790870,-0.00002831
0.61145514,0.02731765,-0.00006129
0.61155511,0.02870375,-0.00027412
0.61165515,0.02883156,-0.00016500
0.61175519,0.02844839,0.00029681
0.61185516,0.02733936,0.00015097
0.61195520,0.02814062,0.00030137
0.61205518,0.02922237,0.00038638
0.61215521,0.02884142,0.00027667
0.61225519,0.02755612,0.00035422
0.61235522,0.02876450,0.00003315
0.61245520,0.02905411,-0.00014554
0.61255524,0.02713595,-0.00013865
0.61265521,0.02868524,-0.00047422
0.61275525,0.02886480,-0.00047364
0.61285529,0.02830746,-0.00071371
0.61295526,0.02735147,-0.00044072
0.61305530,0.02727120,-0.00033119
0.61315527,0.02967561,-0.00043041
0.61325531,0.02964500,-0.00010768
0.61335529,0.02880573,-0.00004126
0.61345532,0.02890786,0.00000108
0.61355530,0.02858901,-0.00010164
0.61365533,0.02833182,0.00027275
0.61375531,0.02758504,0.00018595
0.61385535,0.02656208,0.00021667
0.61395538,0.02732590,0.00020979
0.61405536,0.02818959,0.00033196
0.61415540,0.02650166,0.00045729
0.61425537,0.02719534,0.00030897
0.61435541,0.02713348,0.00013760
0.61445538,0.02635972,-0.00020791
0.61455542,0.02652153,-0.00019466
0.61465540,0.02739760,-0.00032587
0.61475543,0.02674855,-0.00014053
0.61485541,0.02698525,0.00013322
0.61495544,0.02578288,0.00007632
0.61505548,0.02691787,0.00024782
0.61515546,0.02623174,0.00020475
0.61525549,0.02646732,0.00026354
0.61535547,0.02512133,0.00022059
0.61545551,0.02583048,0.00016104
0.61555548,0.02717923,0.00003821
0.61565552,0.02619736,-0.00007627
0.61575549,0.02622115,0.00007171
0.61585553,0.02610212,-0.00015698
0.61595557,0.02513947,0.00002485
0.61605554,0.02687766,-0.00000970
0.61615558,0.02620855,-0.00028265
0.61625555,0.02790281,-0.00035854
0.61635559,0.02677723,-0.00041754
0.61645557,0.02543913,-0.00037993
0.61655560,0.02555208,-0.00015253
0.61665558,0.02559238,-0.00014075
0.61675562,0.02590266,-0.00028064
0.61685559,0.02423284,0.00014365
0.61695563,0.02467393,0.00021081
0.61705566,0.02457893,0.00028687
0.61715564,0.02530999,0.00051136
0.61725568,0.02638236,0.00040732
0.61735565,0.02616852,0.00026445
0.61745569,0.02605602,0.00020248
0.61755566,0.02585365,-0.00026240
0.61765570,0.02514432,-0.00009971
0.61775568,0.02455152,0.00003014
0.61785571,0.02492298,-0.00014101
0.61795569,0.02559259,-0.00007214
0.61805573,0.02525950,0.00011778
0.61815576,0.02460734,0.00008062
0.61825574,0.02517427,0.00005118
0.61835577,0.02558845,0.00002496
0.61845575,0.02400445,0.00023631
0.61855579,0.02452270,-0.00006586
0.61865576,0.02580479,0.00009747
0.61875580,0.02581211,0.00011671
0.61885577,0.02452308,0.00027220
0.61895581,0.02364939,0.00024661
0.61905579,0.02601626,0.00021380
0.61915582,0.02508556,0.00047863
0.61925586,0.02581160,0.00034082
0.61935583,0.02462853,-0.00002016
0.61945587,0.02488001,-0.00028462
0.61955585,0.02487253,-0.00038754
0.61965588,0.02433652,-0.00053803
0.61975586,0.02431833,-0.00057179
0.61985590,0.02775054,-0.00136169
0.61995587,0.03241662,-0.00236076
0.62005591,0.03683983,-0.00352838
0.62015594,0.04036543,-0.00562635
0.62025592,0.03717250,-0.00606235
0.62035596,0.04064146,-0.01135495
0.62045593,0.03213415,-0.01500145
0.62055597,0.08499687,0.08495806
0.62065594,0.08499689,0.08496311
0.62075598,0.08499674,0.08499752
0.62085596,0.08499649,0.08499783
0.62095599,0.08499666,0.08499777
0.62105597,0.08499614,0.08499776
0.62115601,0.02611694,-0.02388702
0.62125604,0.02621297,-0.01668181
0.62135602,0.02480196,-0.01287017
0.62145605,0.02280497,-0.00877397
0.62155603,0.02179679,-0.00583353
0.62165607,0.02048530,-0.00320266
0.62175604,0.01939712,-0.00152730
0.62185608,0.01799224,-0.00012775
0.62195605,0.01738420,0.00086117
0.62205609,0.01696359,0.00245374
0.62215607,0.01712626,0.00309842
0.62225610,0.01679923,0.00342753
0.62235614,0.01698737,0.00387814
0.62245612,0.01649756,0.00403520
0.62255615,0.01654829,0.00391096
0.62265613,0.01569538,0.00385862
0.62275616,0.01563573,0.00333595
0.62285614,0.01699963,0.00285537
0.62295618,0.01706965,0.00259021
0.62305615,0.01777917,0.00242517
0.62315619,0.01800214,0.00203566
0.62325616,0.01877078,0.00202177
0.62335620,0.01850194,0.00148906
0.62345624,0.01979220,0.00160159
0.62355621,0.01920687,0.00108751
0.62365625,0.01863459,0.00090384
0.62375623,0.01867281,0.00049074
0.62385626,0.01869101,0.00013355
0.62395624,0.01900418,-0.00036653
0.62405627,0.01892911,-0.00054108
0.62415625,0.01967809,-0.00073605
0.62425629,0.01909627,-0.00070111
0.62435632,0.01919124,-0.00050864
0.62445630,0.01901474,-0.00039794
0.62455634,0.01990903,0.00000318
0.62465631,0.01885149,-0.00016941
0.62475635,0.01994463,-0.00001631
0.62485632,0.01910502,-0.00033644
0.62495636,0.01745733,-0.00082528
0.62505634,0.01848688,-0.00104912
0.62515637,0.01722230,-0.00073357
0.62525635,0.01788503,-0.00082968
0.62535638,0.01721003,-0.00084647
0.62545642,0.01591535,-0.00041577
0.62555640,0.01712311,-0.00027021
0.62565643,0.01623361,-0.00020191
0.62575641,0.01774966,-0.00003826
0.62585645,0.01730165,-0.00016706
0.62595642,0.01598043,-0.00022374
0.62605646,0.01702642,-0.00001500
0.62615643,0.01665866,0.00014945
0.62625647,0.01645558,0.00029539
0.62635645,0.01759536,0.00077795
0.62645648,0.01673307,0.00076979
0.62655652,0.01601623,0.00069469
0.62665649,0.01626306,0.00047831
0.62675653,0.01520605,0.00020581
0.62685651,0.01594168,-0.00010184
0.62695654,0.01530507,-0.00049127
0.62705652,0.01474894,-0.00057151
0.62715656,0.01547813,-0.00051371
0.62725653,0.01514002,-0.00042056
0.62735657,0.01521779,-0.00047043
0.62745654,0.01638339,-0.00036714
0.62755658,0.01621948,0.00018334
0.62765662,0.01478972,0.00032665
0.62775659,0.01439789,0.00040101
0.62785663,0.01506447,0.00008288
0.62795660,0.01492344,-0.00019445
0.62805664,0.01643328,-0.00020518
0.62815662,0.01545106,-0.00005012
0.62825665,0.01492606,-0.00021795
0.62835663,0.01619039,-0.00025958
0.62845667,0.01644237,-0.00006617
0.62855664,0.01643888,0.00000735
0.62865668,0.01685847,-0.00005053
0.62875671,0.01578771,-0.00027575
0.62885669,0.01647989,0.00015158
0.62895673,0.01671544,-0.00025644
0.62905670,0.01611062,-0.00027597
0.62915674,0.01747460,-0.00046328
0.62925671,0.01693830,-0.00023140
0.62935675,0.01611716,0.00009983
0.62945673,0.01621671,0.00010639
0.62955676,0.01595232,0.00007254
0.62965680,0.01608065,0.00009861
0.62975677,0.01660622,0.00033819
0.62985681,0.01635105,0.00028721
0.62995679,0.01698890,-0.00001971
0.63005682,0.01862915,-0.00008473
0.63015680,0.01678658,-0.00038254
0.63025684,0.01857853,-0.00027329
0.63035681,0.01795530,-0.00038717
0.63045685,0.01780361,-0.00047821
0.63055682,0.01756924,-0.00022288
0.63065686,0.01906430,0.00025031
0.63075690,0.01869329,0.00008492
0.63085687,0.01830181,-0.00000448
0.63095691,0.01950318,-0.00022005
0.63105688,0.01923121,-0.00010659
0.63115692,0.02122034,0.00013072
0.63125690,0.02076343,-0.00020621
0.63135693,0.02066508,0.00028876
0.63145691,0.02130315,0.00068174
0.63155695,0.01975614,0.00014810
0.63165692,0.02007012,-0.00016366
0.63175696,0.02108583,0.00003679
0.63185699,0.02181406,-0.00039776
0.63195697,0.02138342,-0.00048935
0.63205701,0.02281063,-0.00047117
0.63215698,0.02163333,-0.00062856
0.63225702,0.02335085,-0.00012258
0.63235699,0.02159135,-0.00027506
0.63245703,0.02083323,-0.00013483
0.63255701,0.02276111,0.00047191
0.63265704,0.02243374,0.00019808
0.63275702,0.02251961,0.00018099
0.63285706,0.02305912,0.00050317
0.63295709,0.02309328,0.00049034
0.63305707,0.02315328,0.00033822
0.63315710,0.02525535,0.00084862
0.63325708,0.02482509,0.00045857
0.63335712,0.02544484,0.00051306
0.63345709,0.02644351,0.00067122
0.63355713,0.02426179,0.00015403
0.63365710,0.02552631,0.00013811
0.63375714,0.02593103,0.00005172
0.63385718,0.02574613,-0.00013400
0.63395715,0.02694092,0.00010157
0.63405719,0.02662660,-0.00008893
0.63415717,0.02526905,-0.00077868
0.63425720,0.02678996,-0.00040246
0.63435718,0.02684840,-0.00015454
0.63445721,0.02637517,0.00021738
0.63455719,0.02675193,0.00002051
0.63465723,0.02701236,0.00028730
0.63475720,0.02675529,0.00029137
0.63485724,0.02543087,-0.00026065
0.63495728,0.02583420,-0.00060254
0.63505725,0.02571913,-0.00075007
0.63515729,0.02530625,-0.00068285
0.63525726,0.02685810,-0.00044146
0.63535730,0.02630771,-0.00036318
0.63545728,0.02525708,-0.00036237
0.63555731,0.02779328,0.00019390
0.63565729,0.02699677,0.00017521
0.63575732,0.02698864,0.00016544
0.63585730,0.02845498,0.00033715
0.63595734,0.02867971,0.00063450
0.63605737,0.02793624,0.00052480
0.63615735,0.02850923,0.00041010
0.63625739,0.02823006,0.00032178
0.63635736,0.02861745,0.00081652
0.63645740,0.02761693,0.00054396
0.63655737,0.02992784,0.00104823
0.63665741,0.02928857,0.00048033
0.63675739,0.02915124,0.00031651
0.63685742,0.02800784,0.00001198
0.63695740,0.02857203,-0.00023464
0.63705743,0.02852155,-0.00020500
0.63715747,0.02719787,-0.00066301
0.63725745,0.02877523,-0.00056124
0.63735748,0.02741107,-0.00076204
0.63745746,0.02823749,-0.00037938
0.63755750,0.02740377,-0.00050748
0.63765747,0.02906586,0.00007555
0.63775751,0.02840162,0.00020312
0.63785748,0.02767088,0.00007121
0.63795752,0.02783090,0.00017836
0.63805756,0.02916838,0.00025817
0.63815753,0.02887279,0.00033053
0.63825757,0.02814749,0.00000754
0.63835754,0.02777418,-0.00018080
0.63845758,0.02946773,0.00024178
0.63855756,0.02903355,0.00025701
0.63865759,0.02803414,0.00003031
0.63875757,0.02655839,-0.00040675
0.63885760,0.02845368,0.00004585
0.63895758,0.02808108,0.00021511
0.63905762,0.02653800,-0.00013864
0.63915765,0.02572070,-0.00026287
0.63925763,0.02690196,-0.00031451
0.63935767,0.02678415,-0.00006885
0.63945764,0.02656494,0.00022811
0.63955768,0.02571851,-0.00004554
0.63965765,0.02787493,0.00069276
0.63975769,0.02617881,0.00026885
0.63985767,0.02543723,0.00020239
0.63995770,0.02582736,0.00026144
0.64005768,0.02728043,0.00003909
0.64015771,0.02569852,-0.00056034
0.64025775,0.02460765,-0.00070127
0.64035773,0.02578410,-0.00028871
0.64045776,0.02776815,0.00022486
0.64055774,0.02783233,0.00040387
0.64065778,0.02660719,0.00015003
0.64075775,0.02552270,-0.00020542
0.64085779,0.02716697,0.00030202
0.64095776,0.02633679,0.00018672
0.64105780,0.02497401,-0.00032226
0.64115778,0.02543291,-0.00014483
0.64125781,0.02597256,0.00001220
0.64135785,0.02576689,0.00002967
0.64145782,0.02521964,0.00029905
0.64155786,0.02544407,0.00020819
0.64165784,0.02673317,0.00035156
0.64175787,0.02553049,-0.00006879
0.64185785,0.02467271,-0.00025415
0.64195789,0.02499281,-0.00012691
0.64205786,0.02540052,-0.00045052
0.64215790,0.02592756,-0.00011828
0.64225793,0.02540592,-0.00024427
0.64235791,0.02518786,-0.00016691
0.64245795,0.02600123,0.00002193
0.64255792,0.02641282,0.00038609
0.64265796,0.02568706,0.00040642
0.64275793,0.02554320,0.00038867
0.64285797,0.02658646,0.00067771
0.64295795,0.02631203,0.00069483
0.64305798,0.02454611,0.00008976
0.64315796,0.02526682,0.00030843
0.64325800,0.02683424,0.00038221
0.64335803,0.02598439,-0.00009063
0.64345801,0.02379641,-0.00033616
0.64355804,0.02378598,-0.00016978
0.64365802,0.02507753,-0.00007674
0.64375806,0.02473691,-0.00009426
0.64385803,0.02470055,-0.00010620
0.64395807,0.02494423,-0.00019002
0.64405804,0.02602611,-0.00016546
0.64415808,0.02505836,-0.00046503
0.64425806,0.02495960,-0.00045047
0.64435809,0.02555289,-0.00001309
0.64445813,0.02685229,0.00046552
0.64455811,0.02638301,0.00028385
0.64465814,0.02467885,0.00017872
0.64475812,0.02411045,-0.00000867
0.64485815,0.02515063,0.00005479
0.64495813,0.02474882,-0.00013321
0.64505817,0.02345497,-0.00063818
0.64515814,0.02301679,-0.00076204
0.64525818,0.02433748,-0.00051355
0.64535815,0.02500760,-0.00017039
0.64545819,0.02409525,-0.00019576
0.64555823,0.02371629,-0.00008656
0.64565820,0.02592040,0.00038378
0.64575824,0.02553594,0.00044084
0.64585822,0.02548483,0.00055818
0.64595825,0.02483946,0.00045342
0.64605823,0.02633267,0.00060320
0.64615826,0.02524639,0.00036645
0.64625824,0.02369219,0.00041330
0.64635828,0.02304654,-0.00005388
0.64645825,0.02461034,0.00023035
0.64655829,0.03068817,0.00016459
0.64665833,0.03497138,0.00054433
0.64675830,0.03957857,0.00141573
0.64685834,0.03863059,0.00089735
0.64695831,0.04260447,0.00247249
0.64705835,0.04035543,0.00203998
0.64715833,0.03199856,0.00026332
0.64725836,0.08499740,0.08499622
0.64735834,0.08499740,0.08499607
0.64745837,0.08499720,0.08499663
0.64755841,0.08499741,0.08497284
0.64765839,0.08499757,0.08497412
0.64775842,0.08499751,0.08497572
0.64785840,0.08499752,0.08496852
0.64795844,0.02548739,0.03410761
0.64805841,0.02430551,0.02793873
0.64815845,0.02383595,0.02352673
0.64825842,0.02181222,0.01970144
0.64835846,0.02105033,0.01545613
0.64845844,0.01934763,0.01213484
0.64855847,0.01887940,0.00850493
0.64865851,0.01731175,0.00625296
0.64875848,0.01635210,0.00352481
0.64885852,0.01461564,0.00156361
0.64895850,0.01421478,-0.00075472
0.64905853,0.01426300,-0.00252857
0.64915851,0.01436457,-0.00457080
0.64925854,0.01445086,-0.00597513
0.64935852,0.01474711,-0.00763752
0.64945856,0.01509965,-0.00895063
0.64955853,0.01475150,-0.00914804
0.64965857,0.01485030,-0.00943571
0.64975861,0.01637828,-0.01023665
0.64985858,0.01666083,-0.01007186
0.64995862,0.01735587,-0.00970683
0.65005859,0.01710967,-0.00845750
0.65015863,0.01869272,-0.00805012
0.65025861,0.01814332,-0.00670230
0.65035864,0.01897079,-0.00570903
0.65045862,0.01846625,-0.00446256
0.65055865,0.01871224,-0.00359709
0.65065863,0.01820205,-0.00290373
0.65075867,0.01874343,-0.00212843
0.65085870,0.01796036,-0.00128232
0.65095868,0.01730543,-0.00050133
0.65105872,0.01724123,-0.00012108
0.65115869,0.01777780,0.00063159
0.65125873,0.01753318,0.00107783
0.65135870,0.01705250,0.00143516
0.65145874,0.01822646,0.00182377
0.65155872,0.01761304,0.00208328
0.65165875,0.01701747,0.00233622
0.65175879,0.01625909,0.00223138
0.65185876,0.01601778,0.00210843
0.65195880,0.01486986,0.00205914
0.65205878,0.01456917,0.00214152
0.65215881,0.01549930,0.00191422
0.65225879,0.01420818,0.00172781
0.65235883,0.01452841,0.00158594
0.65245880,0.01434361,0.00105193
0.65255884,0.01505646,0.00076042
0.65265881,0.01425202,0.00066573
0.65275885,0.01454599,-0.00006239
0.65285889,0.01504310,-0.00061123
0.65295886,0.01442934,-0.00080232
0.65305890,0.01416436,-0.00060634
0.65315887,0.01364707,-0.00061378
0.65325891,0.01345467,-0.00019717
0.65335889,0.01380837,-0.00018589
0.65345892,0.01231009,0.00033352
0.65355890,0.01134087,0.00051359
0.65365894,0.01157560,0.00028773
0.65375891,0.01189518,-0.00001846
0.65385895,0.01263331,-0.00022948
0.65395898,0.01221463,0.00007022
0.65405896,0.01195730,-0.00022352
0.65415900,0.01254170,-0.00026189
0.65425897,0.01410817,-0.00045485
0.65435901,0.01444452,-0.00043048
0.65445898,0.01593401,-0.00061799
0.65455902,0.01603677,-0.00059281
0.65465900,0.01614594,-0.00057931
0.65475903,0.01619596,-0.00061181
0.65485901,0.01510175,-0.00029764
0.65495905,0.01494325,-0.00007084
0.65505908,0.01574164,-0.00049128
0.65515906,0.01560330,-0.00035922
0.65525909,0.01695599,-0.00020172
0.65535907,0.01681632,0.00009308
0.65545911,0.01694472,0.00013813
0.65555908,0.01670802,0.00001177
0.65565912,0.01551301,0.00012819
0.65575909,0.01718250,-0.00036418
0.65585913,0.01630911,-0.00048526
0.65595917,0.01508390,-0.00023081
0.65605914,0.01606037,-0.00056169
0.65615918,0.01644384,-0.00089583
0.65625916,0.01649563,-0.00063352
0.65635919,0.01762810,-0.00065883
0.65645917,0.01732788,-0.00064697
0.65655920,0.01793497,-0.00046765
0.65665918,0.01709562,-0.00014259
0.65675922,0.01599462,-0.00014465
0.65685919,0.01737165,-0.00013110
0.65695923,0.01637529,-0.00005325
0.65705927,0.01625964,0.00012393
0.65715924,0.01779496,0.00013236
0.65725928,0.01726153,0.00023715
0.65735925,0.01668880,0.00019716
0.65745929,0.01773351,0.00026327
0.65755927,0.01795456,0.00004378
0.65765930,0.01778997,0.00005808
0.65775928,0.01835054,-0.00021610
0.65785931,0.01861366,-0.00045104
0.65795929,0.01970744,-0.00084682
0.65805933,0.01918055,-0.00054060
0.65815936,0.01845132,-0.00037121
0.65825934,0.01955616,-0.00005140
0.65835937,0.01920732,0.00038987
0.65845935,0.02065403,0.00042621
0.65855939,0.02038552,0.00021677
0.65865936,0.01973436,0.00041411
0.65875940,0.01822000,0.00059618
0.65885938,0.01919925,-0.00006439
0.65895941,0.01939047,-0.00010749
0.65905939,0.02008646,-0.00039216
0.65915942,0.02141346,-0.00053077
0.65925946,0.02018981,0.00001597
0.65935944,0.02159526,-0.00041774
0.65945947,0.02102426,-0.00016756
0.65955945,0.02059457,-0.00045945
0.65965948,0.02120585,-0.00041042
0.65975946,0.02258710,-0.00073800
0.65985950,0.02268975,-0.00083603
0.65995947,0.02393093,-0.00066672
0.66005951,0.02362364,-0.00051228
0.66015955,0.02316603,-0.00054879
0.66025952,0.02481723,-0.00036446
0.66035956,0.02427909,-0.00001505
0.66045953,0.02250219,0.00019757
0.66055957,0.02430810,0.00004678
0.66065955,0.02342295,0.00008498
0.66075958,0.02329198,-0.00000496
0.66085956,0.02472485,-0.00036711
0.66095959,0.02483935,-0.00047548
0.66105957,0.02497075,-0.00061819
0.66115961,0.02445405,-0.00037903
0.66125964,0.02483115,-0.00055519
0.66135962,0.02441522,-0.00019841
0.66145966,0.02528177,-0.00023445
0.66155963,0.02629569,-0.00025402
0.66165967,0.02562921,-0.00013326
0.66175964,0.02649104,-0.00017758
0.66185968,0.02570259,-0.00001145
0.66195966,0.02536154,0.00006159
0.66205969,0.02657734,-0.00007757
0.66215967,0.02570546,-0.00012437
0.66225970,0.02641337,-0.00005904
0.66235974,0.02706296,-0.00003990
0.66245972,0.02601084,-0.00002541
0.66255975,0.02653910,-0.00015639
0.66265973,0.02699376,-0.00024538
0.66275977,0.02720875,-0.00025603
0.66285974,0.02641453,-0.00028228
0.66295978,0.02670714,-0.00058642
0.66305975,0.02754081,-0.00057426
0.66315979,0.02702267,-0.00039040
0.66325977,0.02669459,0.00002303
0.66335980,0.02927580,-0.00000360
0.66345984,0.02841595,0.00012000
0.66355981,0.02731617,0.00041368
0.66365985,0.02870340,0.00021943
0.66375983,0.02901913,0.00030398
0.66385986,0.02849876,0.00023464
0.66395984,0.02839989,0.00005471
0.66405988,0.02901872,0.00011435
0.66415985,0.02767072,0.00020976
0.66425989,0.02662148,0.00036708
0.66435986,0.02972744,0.00013245
0.66445990,0.02921457,0.00002956
0.66455994,0.02816587,0.00019030
0.66465991,0.02837329,0.00012606
0.66475995,0.02939961,-0.00012920
0.66485992,0.02927326,-0.00012352
0.66495996,0.02779873,0.00007790
0.66505994,0.02731308,0.00019321
0.66515997,0.02865901,0.00000318
0.66525995,0.02805101,0.00018952
0.66535999,0.02770129,0.00036923
0.66546002,0.02783876,0.00042711
0.66556000,0.02766013,0.00041322
0.66566003,0.02837256,0.00034829
0.66576001,0.02679416,0.00034734
0.66586005,0.02711319,0.00004789
0.66596002,0.02819216,-0.00040825
0.66606006,0.02795624,-0.00023864
0.66616003,0.02740886,-0.00042536
0.66626007,0.02608971,-0.00038512
0.66636005,0.02556710,-0.00020031
0.66646008,0.02765018,-0.00023142
0.66656012,0.02738115,0.00002909
0.66666010,0.02709603,0.00015699
0.66676013,0.02809823,-0.00024988
0.66686011,0.02764409,-0.00000831
0.66696014,0.02537853,-0.00003270
0.66706012,0.02733165,-0.00007070
0.66716016,0.02628444,-0.00004709
0.66726013,0.02758396,0.00022350
0.66736017,0.02510910,0.00026972
0.66746014,0.02573805,0.00039372
0.66756018,0.02760369,0.00009371
0.66766022,0.02767961,0.00027201
0.66776019,0.02659612,-0.00008619
0.66786023,0.02713201,-0.00032892
0.66796021,0.02712980,-0.00030926
0.66806024,0.02691229,-0.00020941
0.66816022,0.02609587,-0.00018835
0.66826025,0.02601813,-0.00011322
0.66836023,0.02680628,0.00014966
0.66846027,0.02728151,0.00020680
0.66856024,0.02703879,0.00035245
0.66866028,0.02646076,0.00044402
0.66876031,0.02715318,0.00007751
0.66886029,0.02792958,-0.00003101
0.66896033,0.02676158,-0.00015104
0.66906030,0.02670844,-0.00017305
0.66916034,0.02610579,-0.00018185
0.66926031,0.02653449,-0.00029418
0.66936035,0.02653201,-0.00014647
0.66946033,0.02528510,-0.00023625
0.66956036,0.02581005,-0.00019415
0.66966040,0.02691304,-0.00050054
0.66976038,0.02704289,-0.00044490
0.66986041,0.02585321,-0.00017874
0.66996039,0.02590600,-0.00017469
0.67006042,0.02402285,0.00010771
0.67016040,0.02551984,-0.00011750
0.67026044,0.02588947,0.00003320
0.67036041,0.02645706,0.00032730
0.67046045,0.02691354,0.00040854
0.67056042,0.02498252,0.00061066
0.67066046,0.02508536,0.00061166
0.67076050,0.02393249,0.00060469
0.67086047,0.02337016,0.00026100
0.67096051,0.02469861,0.00018092
0.67106049,0.02478902,0.00022095
0.67116052,0.02407971,-0.00008138
0.67126050,0.02233250,-0.00004670
0.67136053,0.02480672,-0.00017911
0.67146051,0.02358546,-0.00004428
0.67156055,0.02395668,0.00013888
0.67166052,0.02314910,0.00008305
0.67176056,0.02447035,0.00028609
0.67186060,0.02383633,0.00021257
0.67196057,0.02392446,0.00026163
0.67206061,0.02346013,0.00032499
0.67216058,0.02469596,0.00027239
0.67226062,0.02522772,0.00019108
0.67236060,0.02382355,0.00007406
0.67246063,0.02451047,0.00001640
0.67256061,0.02486042,-0.00009739
0.67266064,0.02409912,-0.00010685
0.67276062,0.02356502,-0.00028493
0.67286066,0.02420251,-0.00031875
0.67296069,0.02555725,-0.00061420
0.67306067,0.02479743,-0.00053547
0.67316071,0.02452575,-0.00063470
0.67326068,0.02442495,-0.00050957
0.67336072,0.02832700,-0.00116806
0.67346069,0.03219412,-0.00155557
0.67356073,0.03801899,-0.00366448
0.67366071,0.03814039,-0.00467501
0.67376074,0.04132634,-0.00828412
0.67386078,0.04058687,-0.01048443
0.67396075,0.08499742,0.08496009
0.67406079,0.08499674,0.08495582
0.67416077,0.08499705,0.08496637
0.67426080,0.08499701,0.08497360
0.67436078,0.08499629,0.08499799
0.67446082,0.08499656,0.08499788
0.67456079,0.08499584,0.08499792
0.67466083,0.02723289,-0.02280190
0.67476080,0.02702438,-0.01673566
0.67486084,0.02613007,-0.01230181
0.67496088,0.02477184,-0.00895120
0.67506085,0.02226968,-0.00627064
0.67516089,0.02089385,-0.00378049
0.67526086,0.01969741,-0.00161595
0.67536090,0.01757471,-0.00001957
0.67546088,0.01687016,0.00161971
0.67556091,0.01625221,0.00282054
0.67566089,0.01612775,0.00353097
0.67576093,0.01539275,0.00404625
0.67586090,0.01506390,0.00379760
0.67596094,0.01493441,0.00406139
0.67606097,0.01531186,0.00416260
0.67616095,0.01480107,0.00388524
0.67626099,0.01451164,0.00342766
0.67636096,0.01500684,0.00295521
0.67646100,0.01455821,0.00261387
0.67656097,0.01602078,0.00232064
0.67666101,0.01563958,0.00173996
0.67676099,0.01615003,0.00156889
0.67686102,0.01758548,0.00148623
0.67696100,0.01807929,0.00110800
0.67706104,0.01856908,0.00100656
0.67716107,0.01738934,0.00037802
0.67726105,0.01829878,0.00019287
0.67736108,0.01786020,-0.00032829
0.67746106,0.01900361,-0.00050910
0.67756110,0.01889500,-0.00040404
0.67766107,0.02002193,-0.00020266
0.67776111,0.01956083,-0.00029294
0.67786108,0.01895983,-0.00009201
0.67796112,0.01861325,-0.00026040
0.67806116,0.01750453,-0.00034667
0.67816113,0.01795797,-0.00048735
0.67826117,0.01658164,-0.00091710
0.67836115,0.01758484,-0.00093245
0.67846118,0.01598761,-0.00110471
0.67856116,0.01538081,-0.00108883
0.67866119,0.01667223,-0.00062262
0.67876117,0.01565101,-0.00049746
0.67886121,0.01524446,-0.00013895
0.67896118,0.01520351,-0.00040015
0.67906122,0.01512878,-0.00015016
0.67916125,0.01577230,-0.00005170
0.67926123,0.01542016,0.00015954
0.67936127,0.01551341,0.00020239
0.67946124,0.01569042,0.00033459
0.67956128,0.01475710,0.00027775
0.67966125,0.01438387,0.00027989
0.67976129,0.01544818,0.00056850
0.67986127,0.01368892,0.00055375
0.67996130,0.01356537,0.00033652
0.68006128,0.01387696,-0.00013753
0.68016132,0.01419797,-0.00013723
0.68026135,0.01271482,-0.00006609
0.68036133,0.01382814,-0.00043208
0.68046136,0.01403942,-0.00056780
0.68056134,0.01464407,-0.00041120
0.68066138,0.01635852,-0.00025570
0.68076135,0.01590446,-0.00006399
0.68086139,0.01587794,0.00008480
0.68096136,0.01747539,0.00016392
0.68106140,0.01706496,0.00027122
0.68116138,0.01634352,0.00071560
0.68126141,0.01640032,0.00024489
0.68136145,0.01508289,0.00000352
0.68146143,0.01484005,0.00003145
0.68156146,0.01455015,-0.00054972
0.68166144,0.01439880,-0.00048113
0.68176147,0.01515524,-0.00053716
0.68186145,0.01597598,-0.00023039
0.68196149,0.01567873,-0.00056064
0.68206146,0.01535254,-0.00056362
0.68216150,0.01589238,-0.00049891
0.68226154,0.01556426,-0.00015157
0.68236151,0.01581477,-0.00009215
0.68246155,0.01584702,-0.00026639
0.68256152,0.01516704,-0.00022212
0.68266156,0.01601701,0.00020646
0.68276154,0.01625049,0.00028841
0.68286157,0.01570930,0.00020656
0.68296155,0.01543045,0.00025697
0.68306158,0.01724167,0.00045526
0.68316156,0.01711421,0.00048068
0.68326160,0.01767821,0.00040570
0.68336163,0.01715811,0.00005608
0.68346161,0.01684837,-0.00013351
0.68356165,0.01665809,-0.00036210
0.68366162,0.01724631,-0.00018009
0.68376166,0.01754028,-0.00017192
0.68386163,0.01862077,-0.00006731
0.68396167,0.01891897,-0.00023738
0.68406165,0.01799931,-0.00029731
0.68416168,0.01941444,0.00000572
0.68426166,0.01762125,-0.00047450
0.68436169,0.01753385,-0.00026257
0.68446173,0.01938893,-0.00001705
0.68456171,0.01929356,0.00007247
0.68466174,0.01911730,0.00015133
0.68476172,0.01924532,0.00019811
0.68486176,0.01890165,-0.00018552
0.68496173,0.01955170,-0.00018643
0.68506177,0.02120535,-0.00002226
0.68516174,0.01946856,-0.00049660
0.68526178,0.02154287,-0.00035431
0.68536176,0.02179926,-0.00038439
0.68546179,0.02111820,-0.00046420
0.68556183,0.02238969,-0.00007692
0.68566180,0.02095507,-0.00029565
0.68576184,0.02158055,-0.00005278
0.68586182,0.02353347,0.00052015
0.68596185,0.02342916,0.00036814
0.68606183,0.02312860,0.00026061
0.68616187,0.02429110,0.00055928
0.68626184,0.02403284,0.00064012
0.68636188,0.02314866,0.00057179
0.68646185,0.02358974,0.00005785
0.68656189,0.02263081,0.00000652
0.68666193,0.02386421,0.00008324
0.68676190,0.02371023,-0.00018808
0.68686194,0.02442685,-0.00001832
0.68696191,0.02417623,0.00003185
0.68706195,0.02478505,-0.00018685
0.68716193,0.02555639,0.00000327
0.68726196,0.02488141,-0.00030200
0.68736194,0.02555187,-0.00040250
0.68746198,0.02525485,-0.00031045
0.68756201,0.02647544,0.00026551
0.68766199,0.02614257,0.00016999
0.68776202,0.02363514,-0.00037425
0.68786200,0.02731173,0.00055203
0.68796204,0.02571326,0.00030955
0.68806201,0.02539745,0.00006682
0.68816205,0.02430905,-0.00013267
0.68826202,0.02604939,0.00011749
0.68836206,0.02760177,0.00001078
0.68846204,0.02682683,-0.00025886
0.68856207,0.02828105,-0.00014965
0.68866211,0.02763989,0.00002141
0.68876208,0.02865771,0.00019669
0.68886212,0.02833940,0.00020269
0.68896210,0.03061781,0.00075532
0.68906213,0.03024516,0.00079804
0.68916211,0.02835416,0.00014742
0.68926215,0.03022556,0.00043112
0.68936212,0.02857107,0.00028548
0.68946216,0.02811234,0.00005448
0.68956213,0.02703739,0.00015404
0.68966217,0.02938113,0.00042884
0.68976221,0.02918524,0.00057487
0.68986218,0.02833959,0.00032162
0.68996222,0.02844745,0.00034398
0.69006219,0.02961994,0.00008527
0.69016223,0.02871196,-0.00036838
0.69026221,0.02773496,-0.00023226
0.69036224,0.02940842,-0.00031449
0.69046222,0.02853235,-0.00065076
0.69056226,0.02787892,-0.00065768
0.69066223,0.02743161,-0.00056907
0.69076227,0.02905840,-0.00031046
0.69086230,0.02889971,-0.00012172
0.69096228,0.02850120,0.00012246
0.69106232,0.02784796,0.00013910
0.69116229,0.02913763,0.00023192
0.69126233,0.02852498,0.00031184
0.69136230,0.02766615,0.00011420
0.69146234,0.02742255,0.00009692
0.69156232,0.02883452,-0.00013016
0.69166235,0.02828010,-0.00012342
0.69176239,0.02838029,0.00000576
0.69186237,0.02651315,-0.00064452
0.69196240,0.02820970,-0.00019952
0.69206238,0.02769615,-0.00015633
0.69216241,0.02762654,-0.00008952
0.69226239,0.02624888,-0.00053061
0.69236243,0.02779765,0.00007878
0.69246240,0.02798669,-0.00011720
0.69256244,0.02717246,0.00005036
0.69266241,0.02616011,-0.00030259
0.69276245,0.02690634,0.00033648
0.69286249,0.02838545,0.00067566
0.69296246,0.02798820,0.00087108
0.69306250,0.02640854,0.00049110
0.69316248,0.02666627,0.00061876
0.69326251,0.02732553,0.00038531
0.69336249,0.02785259,0.00036253
0.69346252,0.02748165,0.00020603
0.69356250,0.02685025,-0.00007138
0.69366254,0.02628852,-0.00013441
0.69376251,0.02785071,0.00009731
0.69386255,0.02705079,-0.00012413
0.69396259,0.02647075,-0.00009259
0.69406256,0.02767668,0.00039704
0.69416260,0.02899920,0.00045050
0.69426257,0.02776936,0.00007445
0.69436261,0.02639511,-0.00029787
0.69446259,0.02594351,-0.00039883
0.69456262,0.02695113,-0.00002001
0.69466260,0.02606092,0.00009049
0.69476263,0.02543021,-0.00012224
0.69486261,0.02524360,-0.00003691
0.69496265,0.02649232,-0.00016753
0.69506268,0.02585024,-0.00030987
0.69516266,0.02433279,-0.00044570
0.69526270,0.02443441,-0.00035638
0.69536267,0.02607857,-0.00033762
0.69546271,0.02596219,-0.00038651
0.69556268,0.02544594,-0.00028551
0.69566272,0.02548749,-0.00025960
0.69576270,0.02626157,0.00017573
0.69586273,0.02667383,0.00019767
0.69596277,0.02628713,0.00041497
0.69606274,0.02579904,0.00038199
0.69616278,0.02528000,0.00046236
0.69626276,0.02654288,0.00078728
0.69636279,0.02517262,0.00015024
0.69646277,0.02476992,0.00005985
0.69656281,0.02552475,0.00021686
0.69666278,0.02696931,0.00056178
0.69676282,0.02664286,0.00042886
0.69686279,0.02551134,0.00006651
0.69696283,0.02496667,-0.00009126
0.69706287,0.02669057,0.00028100
0.69716284,0.02673162,0.00023700
0.69726288,0.02453114,-0.00053352
0.69736285,0.02452561,-0.00046231
0.69746289,0.02561351,-0.00034918
0.69756287,0.02613667,-0.00007395
0.69766290,0.02520343,-0.00018507
0.69776288,0.02421962,-0.00025914
0.69786292,0.02540169,0.00026241
0.69796289,0.02505619,-0.00000781
0.69806293,0.02451390,0.00006206
0.69816296,0.02378671,0.00009072
0.69826294,0.02370726,-0.00028912
0.69836298,0.02500382,-0.00004195
0.69846295,0.02326651,-0.00090353
0.69856299,0.02370149,-0.00059105
0.69866296,0.02337544,-0.00049816
0.69876300,0.02406263,-0.00037197
0.69886298,0.02496107,0.00025183
0.69896301,0.02392201,0.00014219
0.69906299,0.02345662,0.00001121
0.69916302,0.02395269,0.00020087
0.69926306,0.02588109,0.00079040
0.69936304,0.02550516,0.00070291
0.69946307,0.02411139,0.00025359
0.69956305,0.02582481,0.00042943
0.69966309,0.02588554,0.00043992
0.69976306,0.02511736,0.00007068
0.69986310,0.02476154,-0.00007696
0.69996307,0.02513359,-0.00044533
0.70006311,0.03040853,-0.00039189
0.70016315,0.03229378,-0.00038539
0.70026312,0.03670043,-0.00016328
0.70036316,0.03600666,-0.00061279
0.70046313,0.04480647,0.00124832
0.70056317,0.04124651,0.00001867
0.70066315,0.04010755,-0.00097296
0.70076318,0.08499733,0.08499600
0.70086316,0.08499724,0.08499631
0.70096320,0.08499726,0.08499707
0.70106317,0.08499746,0.08497274
0.70116321,0.08499743,0.08497344
0.70126324,0.08499760,0.08497199
0.70136322,0.08499756,0.08496871
0.70146326,0.02766078,0.03712588
0.70156323,0.02522016,0.03079806
0.70166327,0.02410029,0.02628855
0.70176324,0.02159085,0.02212904
0.70186328,0.02120904,0.01713098
0.70196326,0.01947626,0.01333532
0.70206329,0.01897896,0.00965930
0.70216327,0.01693027,0.00678858
0.70226331,0.01568320,0.00426750
0.70236334,0.01486467,0.00194542
0.70246332,0.01460297,-0.00006752
0.70256335,0.01405084,-0.00217918
0.70266333,0.01458301,-0.00405282
0.70276337,0.01472467,-0.00582402
0.70286334,0.01505247,-0.00794003
0.70296338,0.01496238,-0.00931008
0.70306335,0.01543205,-0.01018939
0.70316339,0.01607070,-0.01044945
0.70326337,0.01650560,-0.01053113
0.70336340,0.01748275,-0.01104100
0.70346344,0.01850176,-0.01115000
0.70356342,0.01879924,-0.01046961
0.70366345,0.01827546,-0.00939440
0.70376343,0.01879335,-0.00836203
0.70386346,0.01744320,-0.00692638
0.70396344,0.01780596,-0.00623780
0.70406348,0.01790318,-0.00516419
0.70416345,0.01920907,-0.00456284
0.70426349,0.01879415,-0.00353197
0.70436346,0.01967545,-0.00256374
0.70446350,0.01943979,-0.00181590
0.70456354,0.02002783,-0.00098003
0.70466351,0.01925006,-0.00018393
0.70476355,0.01900775,0.00062034
0.70486353,0.01778575,0.00152865
0.70496356,0.01691460,0.00177162
0.70506354,0.01761486,0.00203992
0.70516357,0.01669016,0.00246961
0.70526355,0.01745844,0.00252684
0.70536359,0.01646772,0.00261658
0.70546362,0.01686102,0.00269052
0.70556360,0.01544470,0.00247221
0.70566364,0.01538424,0.00220716
0.70576361,0.01585031,0.00196932
0.70586365,0.01428249,0.00210243
0.70596362,0.01486291,0.00149047
0.70606366,0.01444007,0.00104387
0.70616364,0.01324162,0.00076570
0.70626367,0.01463115,-0.00001337
0.70636365,0.01406271,-0.00004002
0.70646368,0.01529112,-0.00040081
0.70656372,0.01482067,-0.00030777
0.70666370,0.01417386,0.00001200
0.70676373,0.01472645,-0.00008590
0.70686371,0.01300882,0.00040513
0.70696375,0.01380513,0.00009870
0.70706372,0.01431918,0.00004555
0.70716376,0.01448065,0.00000090
0.70726373,0.01603268,-0.00036032
0.70736377,0.01616172,-0.00011622
0.70746375,0.01495544,-0.00000774
0.70756378,0.01587378,-0.00015631
0.70766382,0.01377451,0.00002066
0.70776379,0.01365094,-0.00013356
0.70786383,0.01316430,-0.00001190
0.70796381,0.01427929,-0.00046846
0.70806384,0.01370479,-0.00053276
0.70816382,0.01456195,-0.00053210
0.70826385,0.01512333,-0.00036604
0.70836383,0.01449278,-0.00005038
0.70846387,0.01505704,-0.00023975
0.70856384,0.01439472,-0.00012390
0.70866388,0.01485134,-0.00027591
0.70876392,0.01449595,-0.00018767
0.70886389,0.01482999,-0.00023960
0.70896393,0.01615808,-0.00041913
0.70906390,0.01642916,-0.00033098
0.70916394,0.01609645,-0.00076981
0.70926392,0.01693382,-0.00070996
0.70936395,0.01654300,-0.00025212
0.70946393,0.01559404,-0.00046791
0.70956396,0.01718768,-0.00064010
0.70966400,0.01585844,-0.00056157
0.70976398,0.01679489,-0.00034454
0.70986401,0.01695515,-0.00030758
0.70996399,0.01699801,-0.00023726
0.71006403,0.01662874,-0.00020884
0.71016400,0.01769304,-0.00026790
0.71026404,0.01805982,-0.00031072
0.71036401,0.01804402,-0.00014928
0.71046405,0.01881426,0.00000226
0.71056403,0.01717544,0.00033152
0.71066406,0.01719443,0.00036866
0.71076410,0.01787216,0.00022794
0.71086407,0.01744697,0.00003446
0.71096411,0.01756632,0.00003596
0.71106409,0.01874207,-0.00021886
0.71116412,0.01809957,-0.00026472
0.71126410,0.01754008,-0.00016209
0.71136414,0.01827184,-0.00032913
0.71146411,0.01794537,-0.00020263
0.71156415,0.01812010,0.00016827
0.71166412,0.01817959,0.00010174
0.71176416,0.01808028,0.00042301
0.71186420,0.01856320,-0.00001853
0.71196417,0.01855527,0.00032863
0.71206421,0.01711415,0.00021175
0.71216418,0.01779667,0.00005971
0.71226422,0.01807239,-0.00008853
0.71236420,0.01893597,-0.00028473
0.71246423,0.01933840,-0.00022176
0.71256421,0.02012042,-0.00036036
0.71266425,0.02071261,-0.00060163
0.71276422,0.01974837,-0.00050825
0.71286426,0.02170138,-0.00079670
0.71296429,0.02151786,-0.00074178
0.71306427,0.02158815,-0.00078003
0.71316431,0.02202735,-0.00074430
0.71326428,0.02165871,-0.00049256
0.71336432,0.02224940,-0.00049814
0.71346429,0.02292001,-0.00058911
0.71356433,0.02292679,-0.00020700
0.71366431,0.02462661,-0.00026501
0.71376434,0.02350313,-0.00041692
0.71386438,0.02289572,0.00007655
0.71396436,0.02257780,0.00013501
0.71406439,0.02320199,-0.00001063
0.71416437,0.02278669,-0.00001328
0.71426440,0.02276556,-0.00023227
0.71436438,0.02374077,-0.00004972
0.71446442,0.02401072,-0.00033649
0.71456439,0.02351010,-0.00043860
0.71466443,0.02518922,-0.00036298
0.71476440,0.02427480,-0.00020150
0.71486444,0.02456834,-0.00042172
0.71496448,0.02511871,-0.00029662
0.71506445,0.02510780,-0.00013677
0.71516449,0.02522588,-0.00012801
0.71526447,0.02768720,-0.00015530
0.71536450,0.02778141,-0.00011003
0.71546448,0.02632120,-0.00011419
0.71556451,0.02767819,-0.00028030
0.71566449,0.02761738,-0.00017311
0.71576453,0.02707004,-0.00016083
0.71586450,0.02559043,-0.00015005
0.71596454,0.02669389,-0.00035695
0.71606458,0.02686522,-0.00017878
0.71616455,0.02751118,-0.00037146
0.71626459,0.02709162,-0.00042133
0.71636456,0.02942503,-0.00059681
0.71646460,0.02972554,-0.00049809
0.71656458,0.02760732,-0.00028743
0.71666461,0.02830628,-0.00001614
0.71676459,0.02940527,0.00018192
0.71686462,0.02727059,0.00024393
0.71696460,0.02697734,0.00040027
0.71706464,0.02698422,0.00042904
0.71716467,0.02736758,0.00045982
0.71726465,0.02844418,0.00031993
0.71736469,0.02764389,0.00051295
0.71746466,0.02652734,0.00039776
0.71756470,0.02771175,0.00044658
0.71766467,0.02705865,0.00037729
0.71776471,0.02731202,0.00015414
0.71786469,0.02653378,0.00005958
0.71796472,0.02823792,-0.00002736
0.71806476,0.02793885,-0.00006885
0.71816473,0.02699156,-0.00012234
0.71826477,0.02713272,-0.00016352
0.71836475,0.02723501,-0.00008008
0.71846478,0.02812294,0.00013076
0.71856476,0.02669412,0.00006722
0.71866479,0.02775611,0.00033241
0.71876477,0.02776946,0.00011373
0.71886481,0.02801843,0.00035005
0.71896478,0.02809561,0.00022050
0.71906482,0.02648987,0.00015868
0.71916486,0.02856226,-0.00006960
0.71926483,0.02950631,-0.00037530
0.71936487,0.02882009,-0.00028541
0.71946484,0.02787237,-0.00038751
0.71956488,0.02788000,-0.00043363
0.71966486,0.03145249,-0.00088486
0.71976489,0.03206928,-0.00070983
0.71986487,0.03126344,-0.00016350
0.71996490,0.02897519,0.00012882
0.72006488,0.02810855,0.00011596
0.72016492,0.02615360,0.00035104
0.72026495,0.02633453,0.00044142
0.72036493,0.02547831,0.00060582
0.72046497,0.02581169,0.00040777
0.72056494,0.02672886,0.00054437
0.72066498,0.02550030,0.00060020
0.72076495,0.02547039,0.00064253
0.72086499,0.02560576,0.00056564
0.72096497,0.02696618,0.00003432
0.72106500,0.02618968,0.00017523
0.72116498,0.02532885,-0.00014969
0.72126501,0.02425977,-0.00015615
0.72136505,0.02737053,-0.00034867
0.72146503,0.02580052,-0.00033754
0.72156506,0.02530123,-0.00013243
0.72166504,0.02532170,-0.00001034
0.72176508,0.02684703,-0.00002110
0.72186505,0.02845538,0.00001815
0.72196509,0.02525683,-0.00003780
0.72206506,0.02683960,0.00010559
0.72216510,0.02667694,-0.00009741
0.72226514,0.02597594,0.00001531
0.72236511,0.02611368,0.00003651
0.72246515,0.02614539,-0.00009607
0.72256512,0.02566763,-0.00020024
0.72266516,0.02602266,-0.00041181
0.72276514,0.02546866,-0.00033094
0.72286517,0.02605357,-0.00021898
0.72296515,0.02414713,-0.00048386
0.72306519,0.02626382,-0.00044559
0.72316516,0.02485227,-0.00047775
0.72326520,0.02522110,-0.00028909
0.72336523,0.02421544,-0.00005517
0.72346521,0.02498725,0.00007843
0.72356525,0.02612605,0.00014500
0.72366522,0.02663194,0.00006815
0.72376526,0.02681957,0.00019123
0.72386523,0.02630025,0.00019177
0.72396527,0.02779344,0.00008644
0.72406525,0.02796699,0.00024383
0.72416528,0.02700447,-0.00000513
0.72426526,0.02623304,0.00001163
0.72436530,0.02701215,-0.00009633
0.72446533,0.02673619,0.00002227
0.72456531,0.02693175,-0.00017717
0.72466534,0.02571248,-0.00007149
0.72476532,0.02818223,-0.00018437
0.72486536,0.02744947,0.00004383
0.72496533,0.02628297,0.00017961
0.72506537,0.02663825,0.00051213
0.72516534,0.02808187,0.00018948
0.72526538,0.02844274,0.00035872
0.72536536,0.02793855,0.00025287
0.72546539,0.02734369,0.00019124
0.72556543,0.02815948,-0.00000210
0.72566541,0.02638576,0.00043891
0.72576544,0.02540967,0.00032436
0.72586542,0.02560425,0.00030421
0.72596545,0.02662051,-0.00012258
0.72606543,0.02617928,-0.00006725
0.72616547,0.02540482,-0.00024552
0.72626544,0.02559004,-0.00033610
0.72636548,0.02477766,-0.00047658
0.72646545,0.02607858,-0.00043381
0.72656549,0.02544053,-0.00017378
0.72666553,0.02523254,0.00004690
0.72676550,0.02599635,-0.00012831
0.72686554,0.03096526,-0.00100603
0.72696552,0.03296924,-0.00164974
0.72706555,0.03818112,-0.00325523
0.72716553,0.04207805,-0.00510750
0.72726556,0.04128308,-0.00684543
0.72736554,0.04834812,-0.01428300
0.72746558,0.02603985,-0.01114144
0.72756561,0.08499692,0.08496097
0.72766559,0.08499691,0.08496033
0.72776562,0.08499687,0.08497641
0.72786560,0.08499658,0.08499796
0.72796564,0.08499666,0.08499772
0.72806561,0.08499588,0.08499791
0.72816565,0.02671217,-0.02649065
0.72826563,0.02559390,-0.01969121
0.72836566,0.02475025,-0.01451173
0.72846564,0.02322744,-0.01037805
0.72856567,0.02047240,-0.00753581
0.72866571,0.01822083,-0.00451926
0.72876569,0.01757525,-0.00260816
0.72886572,0.01671849,-0.00063981
0.72896570,0.01592317,0.00115292
0.72906573,0.01568196,0.00303174
0.72916571,0.01585117,0.00428698
0.72926575,0.01524167,0.00483669
0.72936572,0.01478257,0.00522056
0.72946576,0.01479776,0.00517445
0.72956573,0.01485573,0.00521936
0.72966577,0.01483748,0.00472480
0.72976581,0.01485797,0.00417148
0.72986578,0.01528980,0.00335702
0.72996582,0.01524718,0.00283201
0.73006580,0.01638780,0.00262062
0.73016583,0.01664293,0.00214620
0.73026581,0.01759522,0.00207933
0.73036584,0.01754337,0.00160879
0.73046582,0.01831817,0.00147675
0.73056586,0.01772026,0.00109780
0.73066583,0.01887833,0.00106934
0.73076587,0.01841654,0.00045368
0.73086591,0.01948033,0.00029311
0.73096588,0.01845551,-0.00023244
0.73106592,0.01797754,-0.00048832
0.73116589,0.01838217,-0.00021564
0.73126593,0.01815420,-0.00033872
0.73136591,0.01960167,-0.00023879
0.73146594,0.01925290,-0.00035709
0.73156592,0.01995840,-0.00021449
0.73166595,0.01906497,-0.00067326
0.73176599,0.01880070,-0.00095143
0.73186597,0.01750522,-0.00123249
0.73196600,0.01854133,-0.00090223
0.73206598,0.01839289,-0.00111388
0.73216602,0.01808765,-0.00075335
0.73226599,0.01872133,-0.00033069
0.73236603,0.01710050,-0.00034950
0.73246600,0.01650442,-0.00003994
0.73256604,0.01629484,-0.00000459
0.73266602,0.01598048,0.00008509
0.73276605,0.01742942,0.00024009
0.73286609,0.01596462,0.00008061
0.73296606,0.01561015,0.00000259
0.73306610,0.01586461,0.00030668
0.73316608,0.01472390,-0.00008420
0.73326611,0.01501839,0.00002573
0.73336609,0.01606369,0.00020135
0.73346613,0.01603937,0.00043261
0.73356610,0.01715488,0.00034841
0.73366614,0.01627224,0.00019915
0.73376611,0.01527533,0.00011532
0.73386615,0.01456398,-0.00029152
0.73396619,0.01374917,-0.00073044
0.73406616,0.01376943,-0.00049070
0.73416620,0.01481256,-0.00040778
0.73426617,0.01425013,-0.00013521
0.73436621,0.01408728,0.00000881
0.73446619,0.01479277,0.00031644
0.73456622,0.01429685,0.00031605
0.73466620,0.01441672,0.00044193
0.73476624,0.01493730,0.00028338
0.73486621,0.01541218,0.00007030
0.73496625,0.01527439,-0.00012047
0.73506628,0.01600475,-0.00047560
0.73516626,0.01467164,-0.00042186
0.73526630,0.01541807,-0.00004874
0.73536627,0.01425238,-0.00016192
0.73546631,0.01414894,-0.00029189
0.73556628,0.01530089,-0.00007619
0.73566632,0.01475015,-0.00004028
0.73576630,0.01479102,-0.00041700
0.73586633,0.01613666,-0.00040085
0.73596637,0.01569820,-0.00012112
0.73606635,0.01523514,-0.00019504
0.73616638,0.01572697,-0.00000063
0.73626636,0.01514211,0.00030286
0.73636639,0.01418203,0.00005649
0.73646637,0.01453161,0.00020527
0.73656641,0.01453641,0.00016624
0.73666638,0.01443453,-0.00002714
0.73676642,0.01535166,-0.00016791
0.73686639,0.01494453,-0.00027359
0.73696643,0.01515555,-0.00037414
0.73706647,0.01656793,-0.00046609
0.73716644,0.01633285,-0.00038880
0.73726648,0.01530400,-0.00033795
0.73736646,0.01729085,-0.00006834
0.73746649,0.01594949,0.00007733
0.73756647,0.01730480,0.00023195
0.73766650,0.01650919,0.00042152
0.73776648,0.01666849,-0.00008205
0.73786652,0.01717590,0.00019373
0.73796649,0.01768292,-0.00003803
0.73806653,0.01719716,-0.00028141
0.73816656,0.01898187,-0.00025147
0.73826654,0.01859268,-0.00027293
0.73836658,0.01942013,0.00000485
0.73846655,0.01821326,-0.00043599
0.73856659,0.01832538,-0.00055508
0.73866656,0.01990101,-0.00008640
0.73876660,0.01987707,-0.00020483
0.73886658,0.01987443,-0.00031970
0.73896661,0.02084221,-0.00002050
0.73906659,0.02021972,-0.00025299
0.73916663,0.02076529,-0.00009237
0.73926666,0.02117149,0.00022470
0.73936664,0.02128358,0.00029604
0.73946667,0.02194230,0.00073173
0.73956665,0.02234678,0.00087480
0.73966669,0.02219201,0.00064407
0.73976666,0.02371126,0.00096593
0.73986670,0.02282475,0.00025986
0.73996667,0.02222094,0.00010839
0.74006671,0.02278546,-0.00023476
0.74016675,0.02264117,-0.00047006
0.74026672,0.02391463,-0.00025642
0.74036676,0.02402720,-0.00041493
0.74046674,0.02478838,-0.00011249
0.74056677,0.02617315,-0.00006623
0.74066675,0.02523602,-0.00023253
0.74076678,0.02485399,-0.00022568
0.74086676,0.02430172,-0.00038344
0.74096680,0.02552171,-0.00032371
0.74106677,0.02565050,-0.00013760
0.74116681,0.02577614,-0.00010485
0.74126685,0.02628005,-0.00007878
0.74136682,0.02576843,-0.00004013
0.74146686,0.02674875,0.00033883
0.74156683,0.02642776,0.00017451
0.74166687,0.02650169,0.00019478
0.74176685,0.02812412,0.00033260
0.74186688,0.02724909,0.00017018
0.74196686,0.02684182,-0.00023873
0.74206689,0.02565872,-0.00028801
0.74216687,0.02793347,-0.00005164
0.74226691,0.02712039,-0.00017837
0.74236694,0.02718567,0.00003944
0.74246692,0.02641379,-0.00007396
0.74256696,0.02813607,0.00021699
0.74266693,0.02929208,0.00082602
0.74276697,0.02813324,0.00063695
0.74286694,0.02919374,0.00070689
0.74296698,0.02882669,0.00069003
0.74306696,0.02832108,0.00035615
0.74316699,0.02845645,0.00034702
0.74326697,0.02991616,0.00007441
0.74336700,0.02951556,0.00016775
0.74346704,0.02868466,0.00031293
0.74356702,0.03065841,0.00035046
0.74366705,0.02856089,-0.00008523
0.74376703,0.02765436,-0.00023336
0.74386707,0.02718648,-0.00031072
0.74396704,0.02855716,-0.00042566
0.74406708,0.02897489,-0.00019417
0.74416705,0.02766548,-0.00056915
0.74426709,0.02759445,-0.00050244
0.74436707,0.02959532,-0.00002191
0.74446710,0.02882089,-0.00020795
0.74456714,0.02840872,0.00009037
0.74466711,0.02851108,0.00037808
0.74476715,0.02841749,0.00033414
0.74486713,0.02972882,0.00019095
0.74496716,0.02871330,-0.00002984
0.74506714,0.02882331,-0.00008010
0.74516718,0.02813408,-0.00015897
0.74526715,0.02998024,-0.00011706
0.74536719,0.02883277,-0.00013120
0.74546722,0.02913629,0.00026130
0.74556720,0.02746041,-0.00017513
0.74566724,0.02927618,0.00013365
0.74576721,0.02830494,0.00023984
0.74586725,0.02846714,0.00031702
0.74596722,0.02780392,0.00011509
0.74606726,0.02965643,0.00025845
0.74616724,0.02870292,0.00032098
0.74626727,0.02787372,0.00031976
0.74636725,0.02673178,-0.00000562
0.74646729,0.02874235,0.00056137
0.74656732,0.02757066,0.00021384
0.74666730,0.02764032,0.00030450
0.74676733,0.02791701,0.00030274
0.74686731,0.02910969,0.00030514
0.74696735,0.02822144,-0.00071154
0.74706732,0.02680946,-0.00103038
0.74716736,0.02613821,-0.00118238
0.74726733,0.02678314,-0.00067118
0.74736737,0.02782991,-0.00079913
0.74746735,0.02795353,-0.00033395
0.74756738,0.02658036,-0.00025709
0.74766742,0.02671056,-0.00000424
0.74776740,0.02688610,0.00009563
0.74786743,0.02748049,0.00030697
0.74796741,0.02626450,0.00004329
0.74806744,0.02541120,0.00006561
0.74816742,0.02457145,-0.00026053
0.74826746,0.02552784,-0.00047360
0.74836743,0.02549101,-0.00043496
0.74846747,0.02555426,0.00014232
0.74856744,0.02484217,-0.00013016
0.74866748,0.02444434,-0.00027504
0.74876752,0.02571654,0.00051034
0.74886749,0.02470177,0.00012777
0.74896753,0.02468817,0.00005613
0.74906750,0.02489729,0.00025933
0.74916754,0.02507968,-0.00009267
0.74926752,0.02543562,0.00040713
0.74936755,0.02483946,0.00029231
0.74946753,0.02416024,0.00027758
0.74956757,0.02458614,0.00055661
0.74966760,0.02604668,0.00095167
0.74976758,0.02650709,0.00110963
0.74986761,0.02584402,0.00083243
0.74996759,0.02539451,0.00025562
0.75006763,0.02625527,0.00007247
0.75016760,0.02640711,-0.00005470
0.75026764,0.02557298,-0.00049222
0.75036761,0.02526998,-0.00044203
0.75046765,0.02663216,-0.00027805
0.75056763,0.02630631,-0.00004404
0.75066766,0.02617967,0.00003849
0.75076770,0.02444183,-0.00040506
0.75086768,0.02545284,-0.00003845
0.75096771,0.02642075,0.00006248
0.75106769,0.02500472,-0.00006079
0.75116772,0.02488147,0.00003145
0.75126770,0.02503128,-0.00004334
0.75136774,0.02664334,0.00018875
0.75146771,0.02525295,-0.00033941
0.75156775,0.02535854,0.00008144
0.75166772,0.02490133,-0.00005822
0.75176776,0.02621656,-0.00024076
0.75186780,0.02557782,-0.00018193
0.75196777,0.02525617,-0.00035180
0.75206781,0.02469004,-0.00037590
0.75216779,0.02430492,-0.00054195
0.75226782,0.02509009,-0.00039992
0.75236780,0.02553955,-0.00008188
0.75246783,0.02414188,-0.00009384
0.75256781,0.02369528,0.00008941
0.75266785,0.02470485,0.00034214
0.75276782,0.02415164,0.00049544
0.75286786,0.02255581,0.00026390
0.75296790,0.02353073,0.00047210
0.75306787,0.02376320,0.00062502
0.75316791,0.02573863,0.00062497
0.75326788,0.02450575,0.00023663
0.75336792,0.02372539,-0.00019989
0.75346790,0.02463900,0.00006576
0.75356793,0.02958331,-0.00001193
0.75366791,0.03031484,-0.00047956
0.75376794,0.03590462,0.00039106
0.75386798,0.03428501,-0.00006619
0.75396796,0.03819132,0.00060370
0.75406799,0.04161070,0.00139303
0.75416797,0.04087129,0.00081736
0.75426801,0.08499738,0.08499625
0.75436798,0.08499718,0.08499669
0.75446802,0.08499723,0.08499701
0.75456799,0.08499756,0.08497208
0.75466803,0.08499732,0.08497228
0.75476801,0.08499751,0.08497493
0.75486804,0.08499744,0.08496940
0.75496808,0.02590256,0.03477237
0.75506805,0.02329650,0.03004574
0.75516809,0.02310421,0.02550926
0.75526807,0.02174653,0.02186478
0.75536810,0.01872789,0.01884883
0.75546808,0.01616825,0.01588129
0.75556812,0.01544904,0.01205411
0.75566809,0.01424823,0.00880994
0.75576813,0.01296643,0.00642450
0.75586810,0.01255129,0.00365111
0.75596814,0.01175656,0.00136574
0.75606818,0.01147027,-0.00074831
0.75616815,0.01160731,-0.00272805
0.75626819,0.01164812,-0.00454558
0.75636816,0.01233782,-0.00620478
0.75646820,0.01212214,-0.00767847
0.75656818,0.01278039,-0.00898854
0.75666821,0.01386023,-0.01001207
0.75676819,0.01380573,-0.01048035
0.75686823,0.01444265,-0.01120353
0.75696820,0.01583213,-0.01141716
0.75706824,0.01654314,-0.01135291
0.75716827,0.01661166,-0.01128539
0.75726825,0.01622901,-0.00996808
0.75736829,0.01734649,-0.00970143
0.75746826,0.01675177,-0.00842795
0.75756830,0.01798605,-0.00805594
0.75766827,0.01770024,-0.00660990
0.75776831,0.01853640,-0.00557737
0.75786829,0.01846591,-0.00474195
0.75796832,0.01766585,-0.00331887
0.75806836,0.01702052,-0.00218482
0.75816833,0.01745531,-0.00139197
0.75826837,0.01678986,-0.00045500
0.75836835,0.01613599,0.00066185
0.75846838,0.01734215,0.00132914
0.75856836,0.01623090,0.00182952
0.75866840,0.01563876,0.00246247
0.75876837,0.01426282,0.00264205
0.75886841,0.01491480,0.00292504
0.75896838,0.01516676,0.00263631
0.75906842,0.01404302,0.00267945
0.75916846,0.01428577,0.00218939
0.75926843,0.01445883,0.00183365
0.75936847,0.01260220,0.00207343
0.75946844,0.01335019,0.00153358
0.75956848,0.01323160,0.00110594
0.75966846,0.01368420,0.00111209
0.75976849,0.01287397,0.00080061
0.75986847,0.01236656,0.00057857
0.75996851,0.01290812,0.00051257
0.76006848,0.01306751,0.00052011
0.76016852,0.01276161,0.00035637
0.76026855,0.01273269,0.00079871
0.76036853,0.01240249,0.00084553
0.76046857,0.01257178,0.00018916
0.76056854,0.01264715,0.00000355
0.76066858,0.01199180,0.00031285
0.76076855,0.01166944,0.00001568
0.76086859,0.01246980,-0.00028557
0.76096857,0.01262962,-0.00028658
0.76106860,0.01327835,-0.00066449
0.76116858,0.01246292,-0.00040831
0.76126862,0.01341356,-0.00069749
0.76136865,0.01337461,-0.00047804
0.76146863,0.01307169,-0.00038791
0.76156866,0.01409226,-0.00036794
0.76166864,0.01425908,-0.00048881
0.76176868,0.01428198,-0.00047814
0.76186865,0.01444437,-0.00024489
0.76196869,0.01400207,-0.00032420
0.76206866,0.01380715,-0.00021270
0.76216870,0.01442645,-0.00019447
0.76226868,0.01444146,-0.00041007
0.76236871,0.01397164,-0.00022634
0.76246875,0.01524502,-0.00053935
0.76256873,0.01481526,-0.00057367
0.76266876,0.01541075,-0.00070504
0.76276874,0.01603776,-0.00079153
0.76286877,0.01610357,-0.00060122
0.76296875,0.01643609,-0.00095460
0.76306879,0.01742036,-0.00092036
0.76316876,0.01732582,-0.00066866
0.76326880,0.01686011,-0.00043917
0.76336884,0.01619387,0.00000725
0.76346881,0.01539252,-0.00023030
0.76356885,0.01615041,0.00019105
0.76366882,0.01645707,0.00026873
0.76376886,0.01646438,0.00007615
0.76386884,0.01635822,0.00023622
0.76396887,0.01611400,0.00053175
0.76406885,0.01711720,-0.00010476
0.76416888,0.01707443,0.00009133
0.76426886,0.01732929,-0.00013058
0.76436890,0.01633778,-0.00008184
0.76446893,0.01739078,-0.00023733
0.76456891,0.01795189,-0.00038441
0.76466895,0.01752055,-0.00059296
0.76476892,0.01852436,-0.00050039
0.76486896,0.01829283,-0.00036248
0.76496893,0.01944586,-0.00016732
0.76506897,0.01950655,-0.00005369
0.76516895,0.01911996,0.00007315
0.76526898,0.01879909,0.00041920
0.76536896,0.01979800,0.00007730
0.76546899,0.01900621,0.00047056
0.76556903,0.01939238,0.00009766
0.76566901,0.01985994,-0.00006654
0.76576904,0.01969767,-0.00016857
0.76586902,0.01976987,-0.00056581
0.76596906,0.01957574,-0.00042991
0.76606903,0.02058552,-0.00061878
0.76616907,0.02231872,-0.00081174
0.76626904,0.02238340,-0.00079076
0.76636908,0.02343307,-0.00074349
0.76646906,0.02271964,-0.00077929
0.76656909,0.02355616,-0.00059704
0.76666913,0.02389208,-0.00065401
0.76676910,0.02248414,-0.00046650
0.76686914,0.02161743,-0.00019648
0.76696912,0.02394329,-0.00032721
0.76706915,0.02372209,-0.00004637
0.76716913,0.02295037,-0.00012253
0.76726917,0.02444973,0.00018249
0.76736914,0.02325782,0.00059859
0.76746918,0.02243624,0.00046704
0.76756921,0.02331881,0.00017387
0.76766919,0.02559604,-0.00036913
0.76776923,0.02495676,-0.00020496
0.76786920,0.02468287,-0.00063928
0.76796924,0.02704086,-0.00086306
0.76806921,0.02687302,-0.00072909
0.76816925,0.02621031,-0.00036570
0.76826923,0.02535848,-0.00020069
0.76836926,0.02719815,0.00009193
0.76846924,0.02655259,0.00002110
0.76856927,0.02679721,0.00009591
0.76866931,0.02677095,0.00007199
0.76876929,0.02627750,0.00005504
0.76886932,0.02588021,-0.00004701
0.76896930,0.02681318,-0.00000979
0.76906934,0.02737801,-0.00006137
0.76916931,0.02703086,-0.00015700
0.76926935,0.02689107,-0.00000009
0.76936932,0.02590726,-0.00004197
0.76946936,0.02694928,-0.00009458
0.76956934,0.02708603,-0.00021430
0.76966937,0.02513868,-0.00016065
0.76976941,0.02576221,-0.00020199
0.76986938,0.02810486,-0.00044515
0.76996942,0.02704717,-0.00017975
0.77006940,0.02720490,0.00000566
0.77016943,0.02766290,0.00012090
0.77026941,0.02851137,0.00024131
0.77036945,0.02817910,0.00037238
0.77046942,0.02743381,0.00064331
0.77056946,0.02683220,0.00060995
0.77066943,0.02979329,0.00043236
0.77076947,0.02948189,0.00035934
0.77086951,0.02791256,-0.00003461
0.77096948,0.02605285,-0.00003287
0.77106952,0.02546829,0.00003658
0.77116949,0.02947848,-0.00024005
0.77126953,0.02796399,0.00003152
0.77136951,0.02615420,0.00000735
0.77146954,0.02748452,0.00018661
0.77156952,0.02667156,0.00018266
0.77166956,0.02953335,0.00007047
0.77176959,0.02892259,0.00007085
0.77186957,0.02900820,0.00019246
0.77196960,0.02867035,0.00016443
0.77206958,0.02948225,0.00001108
0.77216962,0.02828463,0.00004456
0.77226959,0.02822541,0.00038095
0.77236963,0.02764421,0.00019416
0.77246960,0.02782465,0.00008279
0.77256964,0.02905783,0.00000895
0.77266962,0.02896867,-0.00019628
0.77276965,0.02655693,-0.00036019
0.77286969,0.02777710,-0.00043313
0.77296967,0.02945545,-0.00081307
0.77306970,0.02841269,-0.00060978
0.77316968,0.02682460,-0.00041120
0.77326971,0.02749805,-0.00027998
0.77336969,0.02766131,-0.00016873
0.77346973,0.02635867,0.00023129
0.77356970,0.02891702,0.00030539
0.77366974,0.02710010,0.00015507
0.77376971,0.02685728,0.00011687
0.77386975,0.02720059,0.00013675
0.77396979,0.02786659,-0.00004061
0.77406976,0.02778681,-0.00024968
0.77416980,0.02885302,-0.00010654
0.77426978,0.02902219,0.00005909
0.77436981,0.02764845,0.00005456
0.77446979,0.02821265,-0.00003272
0.77456982,0.02919160,-0.00010331
0.77466980,0.02781135,-0.00007450
0.77476984,0.02657452,-0.00009391
0.77486981,0.02651404,0.00012694
0.77496985,0.02713530,0.00000938
0.77506989,0.02625645,0.00035733
0.77516986,0.02605538,0.00029926
0.77526990,0.02590490,0.00023124
0.77536987,0.02612352,0.00027932
0.77546991,0.02710744,0.00033074
0.77556989,0.02519195,0.00057297
0.77566992,0.02504725,0.00035794
0.77576990,0.02545807,0.00035052
0.77586993,0.02601974,0.00013381
0.77596997,0.02660469,-0.00021315
0.77606995,0.02523847,-0.00030696
0.77616998,0.02561289,-0.00044756
0.77626996,0.02535597,-0.00039872
0.77637000,0.02451734,-0.00042260
0.77646997,0.02589638,-0.00038437
0.77657001,0.02746890,-0.00047074
0.77666998,0.02692285,-0.00032934
0.77677002,0.02634972,-0.00006803
0.77687000,0.02600581,0.00018479
0.77697003,0.02682230,-0.00018608
0.77707007,0.02602638,-0.00000440
0.77717004,0.02509770,0.00015916
0.77727008,0.02549380,0.00015512
0.77737006,0.02619141,0.00011439
0.77747009,0.02692126,0.00035351
0.77757007,0.02651262,0.00020438
0.77767010,0.02677896,0.00017113
0.77777008,0.02617852,0.00011688
0.77787012,0.02699757,-0.00022787
0.77797009,0.02870607,-0.00030634
0.77807013,0.02600966,-0.00014321
0.77817017,0.02593394,-0.00012303
0.77827014,0.02575638,0.00011317
0.77837018,0.02729439,0.00011696
0.77847015,0.02696224,0.00020788
0.77857019,0.02619170,0.00039731
0.77867017,0.02546574,0.00047339
0.77877020,0.02664420,0.00043370
0.77887018,0.02583381,0.00037132
0.77897021,0.02456437,0.00015352
0.77907019,0.02506532,0.00012218
0.77917023,0.02412042,-0.00001637
0.77927026,0.02635094,0.00006023
0.77937024,0.02575602,-0.00001239
0.77947028,0.02609682,-0.00011876
0.77957025,0.02434133,-0.00023813
0.77967029,0.02495453,-0.00034281
0.77977026,0.02609585,-0.00053746
0.77987030,0.02591982,-0.00032564
0.77997028,0.02557924,-0.00005252
0.78007031,0.02505747,0.00011474
0.78017035,0.02395394,0.00016153
0.78027032,0.02438291,0.00032924
0.78037036,0.02888018,-0.00054643
0.78047034,0.03190956,-0.00133355
0.78057037,0.03694822,-0.00269400
0.78067035,0.04007438,-0.00420311
0.78077039,0.04241001,-0.00679705
0.78087036,0.03844259,-0.00775714
0.78097040,0.08499739,0.08496048
0.78107037,0.08499677,0.08495788
0.78117041,0.08499686,0.08496173
0.78127045,0.08499695,0.08497656
0.78137042,0.08499674,0.08499794
0.78147046,0.08499689,0.08499778
0.78157043,0.08499638,0.08499790
0.78167047,0.02589461,-0.02436780
0.78177045,0.02455060,-0.01855195
0.78187048,0.02373777,-0.01400959
0.78197046,0.02211175,-0.01090309
0.78207050,0.01945488,-0.00823716
0.78217047,0.01792787,-0.00529256
0.78227051,0.01700609,-0.00336208
0.78237054,0.01510171,-0.00144484
0.78247052,0.01501976,0.00019326
0.78257056,0.01499028,0.00264359
0.78267053,0.01511202,0.00459075
0.78277057,0.01479660,0.00558614
0.78287054,0.01438636,0.00604444
0.78297058,0.01463653,0.00644662
0.78307056,0.01533983,0.00638610
0.78317059,0.01416878,0.00552507
0.78327057,0.01488744,0.00485740
0.78337061,0.01464987,0.00396776
0.78347064,0.01451457,0.00331436
0.78357062,0.01448741,0.00255779
0.78367065,0.01509407,0.00234061
0.78377063,0.01555123,0.00192426
0.78387067,0.01670447,0.00196538
0.78397064,0.01616282,0.00156607
0.78407068,0.01696464,0.00158845
0.78417065,0.01763933,0.00101403
0.78427069,0.01858971,0.00091276
0.78437067,0.01883596,0.00034748
0.78447070,0.01862902,-0.00009661
0.78457074,0.01903284,-0.00008537
0.78467072,0.01718705,-0.00052768
0.78477075,0.01783849,-0.00047758
0.78487073,0.01701407,-0.00069728
0.78497076,0.01710838,-0.00063397
0.78507074,0.01646674,-0.00086550
0.78517078,0.01665856,-0.00074845
0.78527075,0.01726487,-0.00107699
0.78537079,0.01625814,-0.00101961
0.78547083,0.01706222,-0.00119431
0.78557080,0.01680713,-0.00110947
0.78567084,0.01608277,-0.00071555
0.78577081,0.01673911,-0.00087145
0.78587085,0.01654571,-0.00040437
0.78597083,0.01810105,-0.00014702
0.78607086,0.01700578,0.00011261
0.78617084,0.01592439,0.00034920
0.78627087,0.01563910,0.00031180
0.78637085,0.01463334,0.00016272
0.78647089,0.01500228,-0.00006377
0.78657092,0.01547818,-0.00002460
0.78667090,0.01496369,-0.00016787
0.78677094,0.01565237,-0.00022735
0.78687091,0.01512691,-0.00029101
0.78697095,0.01407293,-0.00009075
0.78707092,0.01488787,-0.00010391
0.78717096,0.01344863,0.00004190
0.78727094,0.01357181,-0.00003822
0.78737097,0.01471266,-0.00015646
0.78747095,0.01502982,-0.00005528
0.78757098,0.01524902,-0.00006176
0.78767102,0.01673964,0.00015238
0.78777100,0.01478216,0.00019648
0.78787103,0.01473001,0.00033010
0.78797101,0.01573609,0.00058629
0.78807104,0.01449893,0.00027505
0.78817102,0.01457993,0.00041167
0.78827106,0.01528797,0.00029484
0.78837103,0.01473335,-0.00005666
0.78847107,0.01503254,-0.00024353
0.78857104,0.01578522,0.00004723
0.78867108,0.01426290,-0.00062579
0.78877112,0.01424326,-0.00058024
0.78887109,0.01587236,-0.00036864
0.78897113,0.01480838,-0.00030441
0.78907111,0.01408517,-0.00009922
0.78917114,0.01452977,0.00010074
0.78927112,0.01561696,-0.00000668
0.78937115,0.01511091,-0.00019977
0.78947113,0.01727256,0.00027003
0.78957117,0.01685785,0.00018182
0.78967120,0.01651448,0.00001050
0.78977118,0.01734341,0.00006311
0.78987122,0.01728073,-0.00000731
0.78997119,0.01609874,0.00018401
0.79007123,0.01715539,-0.00005449
0.79017120,0.01689945,-0.00001350
0.79027124,0.01610004,0.00007989
0.79037122,0.01606951,-0.00030025
0.79047125,0.01721432,-0.00034565
0.79057123,0.01677639,-0.00059662
0.79067126,0.01710087,-0.00061529
0.79077130,0.01745437,-0.00030200
0.79087128,0.01701509,-0.00028373
0.79097131,0.01678481,-0.00018223
0.79107129,0.01869006,0.00019314
0.79117133,0.01890423,0.00046507
0.79127130,0.01901924,0.00054375
0.79137134,0.01786569,0.00011135
0.79147131,0.01758775,0.00015228
0.79157135,0.01746961,-0.00036172
0.79167133,0.01855886,-0.00024767
0.79177136,0.01955387,-0.00059827
0.79187140,0.01921975,-0.00016969
0.79197137,0.02013107,-0.00044608
0.79207141,0.01959454,-0.00027345
0.79217139,0.02104217,0.00013818
0.79227142,0.02085330,-0.00000275
0.79237140,0.02031196,-0.00008473
0.79247144,0.02110075,-0.00023930
0.79257141,0.02110729,-0.00008180
0.79267145,0.02167502,0.00004653
0.79277142,0.02230098,0.00047353
0.79287146,0.02317184,0.00054396
0.79297150,0.02304830,0.00040052
0.79307147,0.02456750,0.00100895
0.79317151,0.02566883,0.00096032
0.79327148,0.02293842,0.00022273
0.79337152,0.02315214,0.00012173
0.79347150,0.02204220,-0.00011902
0.79357153,0.02357438,-0.00016089
0.79367151,0.02389306,-0.00029546
0.79377155,0.02332835,-0.00057694
0.79387158,0.02286938,-0.00064253
0.79397156,0.02453765,-0.00022409
0.79407159,0.02374540,-0.00047758
0.79417157,0.02408734,-0.00008783
0.79427161,0.02437506,-0.00009371
0.79437158,0.02392667,-0.00037882
0.79447162,0.02530679,-0.00007028
0.79457159,0.02596631,0.00004844
0.79467163,0.02479736,-0.00015451
0.79477161,0.02761411,0.00034999
0.79487164,0.02630634,0.00016459
0.79497168,0.02564196,-0.00012606
0.79507166,0.02582190,-0.00004389
0.79517169,0.02656724,-0.00003091
0.79527167,0.02691979,0.00003396
0.79537170,0.02612459,-0.00017865
0.79547168,0.02778835,0.00005627
0.79557172,0.02769814,-0.00000645
0.79567169,0.02695801,-0.00015950
0.79577173,0.02641564,-0.00024995
0.79587170,0.02865661,0.00041534
0.79597174,0.02901506,0.00059137
0.79607178,0.02817633,0.00057363
0.79617175,0.02989548,0.00094541
0.79627179,0.02588050,0.00011884
0.79637177,0.02675112,0.00039630
0.79647180,0.02703085,0.00053216
0.79657178,0.02898967,0.00061555
0.79667181,0.02882849,0.00054465
0.79677179,0.02687681,-0.00009786
0.79687183,0.02904812,-0.00010625
0.79697180,0.02969686,0.00031808
0.79707184,0.02843892,-0.00022231
0.79717187,0.02796932,-0.00026596
0.79727185,0.03066216,0.00038724
0.79737189,0.03011156,0.00019461
0.79747186,0.02865176,-0.00029406
0.79757190,0.02833413,-0.00005315
0.79767188,0.02892781,-0.00036548
0.79777191,0.03019118,0.00017099
0.79787189,0.02981712,0.00032201
0.79797192,0.02863839,0.00005294
0.79807196,0.03001524,0.00035008
0.79817194,0.02891556,-0.00011745
0.79827197,0.02842510,-0.00005899
0.79837195,0.02804560,-0.00018914
0.79847198,0.02826674,-0.00030333
0.79857196,0.02912561,-0.00030235
0.79867200,0.02801182,-0.00076212
0.79877197,0.02792600,-0.00055478
0.79887201,0.02789997,-0.00045128
0.79897198,0.02998170,-0.00014516
0.79907202,0.02840171,0.00002536
0.79917206,0.02787135,0.00007863
0.79927203,0.02772547,0.00017476
0.79937207,0.02868474,0.00041332
0.79947205,0.02930944,0.00066218
0.79957208,0.02863290,0.00054848
0.79967206,0.02761576,0.00018234
0.79977209,0.02853872,0.00040605
0.79987207,0.02876545,0.00042925
0.79997211,0.02843959,0.00022637
0.80007208,0.02720798,-0.00010693
0.80017212,0.02702539,-0.00020473
0.80027216,0.02699065,-0.00035893
0.80037213,0.02675979,-0.00045607
0.80047217,0.02689488,-0.00027342
0.80057214,0.02470832,-0.00092259
0.80067218,0.02593504,-0.00089970
0.80077216,0.02614172,-0.00043755
0.80087219,0.02626928,-0.00018602
0.80097217,0.02537681,-0.00029266
0.80107220,0.02657261,0.00029480
0.80117218,0.02697488,0.00063382
0.80127222,0.02725764,0.00081863
0.80137225,0.02533878,0.00007321
0.80147223,0.02468273,-0.00028299
0.80157227,0.02698003,0.00023173
0.80167224,0.02720212,0.00026710
0.80177228,0.02547570,-0.00047804
0.80187225,0.02484550,-0.00037142
0.80197229,0.02760301,0.00031468
0.80207227,0.02620323,0.00007119
0.80217230,0.02582311,0.00029044
0.80227228,0.02602383,0.00047508
0.80237231,0.02699956,0.00021111
0.80247235,0.02675977,0.00040115
0.80257233,0.02566371,0.00001662
0.80267236,0.02571892,0.00004583
0.80277234,0.02695760,0.00022270
0.80287238,0.02503569,-0.00015407
0.80297235,0.02629238,0.00079631
0.80307239,0.02574610,0.00075989
0.80317236,0.02647171,0.00072065
0.80327240,0.02586418,0.00043379
0.80337244,0.02526228,0.00029574
0.80347241,0.02358528,-0.00051488
0.80357245,0.02390004,-0.00049213
0.80367242,0.02450818,-0.00043895
0.80377246,0.02356653,-0.00078823
0.80387244,0.02400584,-0.00042856
0.80397247,0.02403472,-0.00021526
0.80407245,0.02567729,0.00013272
0.80417249,0.02489546,0.00032587
0.80427246,0.02472702,0.00040663
0.80437250,0.02451064,0.00008744
0.80447253,0.02543936,0.00036747
0.80457251,0.02566599,0.00055107
0.80467255,0.02448218,0.00008143
0.80477252,0.02367109,-0.00016089
0.80487256,0.02497396,-0.00039716
0.80497253,0.02425035,-0.00032325
0.80507257,0.02444308,-0.00024068
0.80517255,0.02419866,-0.00003817
0.80527258,0.02528602,0.00008234
0.80537256,0.02585099,0.00003763
0.80547260,0.02434437,-0.00026785
0.80557263,0.02437824,-0.00017954
0.80567261,0.02490208,-0.00017157
0.80577264,0.02582923,0.00003511
0.80587262,0.02439874,-0.00019180
0.80597266,0.02455417,0.00005690
0.80607263,0.02353247,-0.00002662
0.80617267,0.02501069,0.00050386
0.80627264,0.02402310,0.00044845
0.80637268,0.02367296,0.00040950
0.80647266,0.02473808,0.00049213
0.80657269,0.02520516,0.00026526
0.80667273,0.02269325,-0.00066960
0.80677271,0.02377347,-0.00038863
0.80687274,0.02318169,-0.00049094
0.80697272,0.02398534,-0.00071127
0.80707275,0.02927360,-0.00072128
0.80717273,0.03161847,-0.00090455
0.80727277,0.03314514,-0.00071508
0.80737274,0.03575990,-0.00017814
0.80747278,0.03779348,-0.00033874
0.80757281,0.03968160,0.00076239
0.80767279,0.04089330,0.00096138
0.80777283,0.08499729,0.08499616
0.80787280,0.08499723,0.08499628
0.80797284,0.08499720,0.08499666
0.80807281,0.08499742,0.08497216
0.80817285,0.08499733,0.08497235
0.80827283,0.08499749,0.08497366
0.80837286,0.08499753,0.08496878
0.80847284,0.02819981,0.03321560
0.80857288,0.02643590,0.02764274
0.80867291,0.02595461,0.02327298
0.80877289,0.02486731,0.01925043
0.80887292,0.02211537,0.01700505
0.80897290,0.02026230,0.01310352
0.80907294,0.01841929,0.01002338
0.80917291,0.01680608,0.00673136
0.80927295,0.01585831,0.00405505
0.80937292,0.01547603,0.00187857
0.80947296,0.01524165,-0.00048347
0.80957294,0.01500643,-0.00278035
0.80967297,0.01427597,-0.00412153
0.80977301,0.01518925,-0.00585576
0.80987299,0.01525831,-0.00713005
0.80997302,0.01548855,-0.00851847
0.81007300,0.01587621,-0.00951383
0.81017303,0.01596572,-0.00964085
0.81027301,0.01710350,-0.01031690
0.81037305,0.01781825,-0.01035247
0.81047302,0.01759989,-0.00972508
0.81057306,0.01850761,-0.00939019
0.81067303,0.01909773,-0.00872130
0.81077307,0.01836524,-0.00738134
0.81087311,0.01787494,-0.00623398
0.81097308,0.01828495,-0.00550940
0.81107312,0.01725369,-0.00433378
0.81117310,0.01843275,-0.00390387
0.81127313,0.01845916,-0.00313823
0.81137311,0.01901283,-0.00234186
0.81147314,0.01823787,-0.00137485
0.81157312,0.01855719,-0.00015299
0.81167316,0.01780652,0.00054485
0.81177319,0.01827019,0.00130181
0.81187317,0.01869890,0.00183972
0.81197321,0.01863549,0.00238486
0.81207318,0.01895728,0.00224352
0.81217322,0.01765461,0.00233331
0.81227319,0.01882698,0.00182451
0.81237323,0.01711526,0.00211979
0.81247321,0.01648227,0.00199646
0.81257324,0.01538836,0.00178031
0.81267322,0.01464525,0.00148971
0.81277325,0.01553230,0.00109361
0.81287329,0.01503220,0.00122879
0.81297327,0.01608201,0.00083832
0.81307330,0.01532204,0.00059413
0.81317328,0.01612365,0.00044813
0.81327332,0.01574238,0.00007383
0.81337329,0.01394394,0.00049953
0.81347333,0.01481483,0.00034583
0.81357330,0.01384589,0.00010199
0.81367334,0.01245015,0.00064742
0.81377332,0.01287697,0.00077385
0.81387335,0.01257801,0.00055835
0.81397339,0.01423175,0.00036520
0.81407336,0.01382531,0.00020926
0.81417340,0.01463034,-0.00012415
0.81427338,0.01362060,0.00006156
0.81437341,0.01156400,-0.00012720
0.81447339,0.01280169,-0.00059610
0.81457343,0.01298360,-0.00087761
0.81467340,0.01319843,-0.00076093
0.81477344,0.01307259,-0.00024429
0.81487341,0.01450101,-0.00047475
0.81497345,0.01457758,-0.00044894
0.81507349,0.01432713,-0.00015147
0.81517346,0.01547199,-0.00043272
0.81527350,0.01491204,-0.00070303
0.81537347,0.01621899,-0.00070630
0.81547351,0.01521649,-0.00050107
0.81557349,0.01466041,-0.00036047
0.81567352,0.01492823,-0.00031129
0.81577350,0.01471909,-0.00011113
0.81587354,0.01589887,-0.00026035
0.81597357,0.01527916,-0.00006283
0.81607355,0.01464619,-0.00016741
0.81617358,0.01508291,-0.00071935
0.81627356,0.01561200,-0.00062579
0.81637360,0.01590038,-0.00105900
0.81647357,0.01468430,-0.00064681
0.81657361,0.01597279,-0.00074480
0.81667358,0.01531632,-0.00045004
0.81677362,0.01687583,-0.00035988
0.81687360,0.01634459,-0.00002646
0.81697363,0.01619989,0.00024664
0.81707367,0.01666057,0.00033628
0.81717365,0.01633171,0.00027090
0.81727368,0.01622886,0.00048201
0.81737366,0.01692818,0.00011828
0.81747369,0.01673717,-0.00010103
0.81757367,0.01642856,0.00006756
0.81767371,0.01647804,-0.00003380
0.81777368,0.01698424,0.00002066
0.81787372,0.01682591,-0.00020674
0.81797369,0.01840458,-0.00024712
0.81807373,0.01733991,0.00004866
0.81817377,0.01715996,-0.00006060
0.81827374,0.01791775,0.00006791
0.81837378,0.01780107,-0.00013055
0.81847375,0.01730636,-0.00004285
0.81857379,0.01874718,-0.00010638
0.81867377,0.01842889,0.00003200
0.81877380,0.01836854,0.00013619
0.81887378,0.01940565,-0.00015715
0.81897382,0.01985668,0.00017970
0.81907379,0.01808444,0.00016377
0.81917383,0.01866929,0.00001326
0.81927386,0.01943682,-0.00038577
0.81937384,0.01993206,-0.00058698
0.81947388,0.02141922,-0.00089756
0.81957385,0.02099052,-0.00091672
0.81967389,0.02092358,-0.00090964
0.81977386,0.02036371,-0.00049932
0.81987390,0.02142000,-0.00044164
0.81997388,0.02221327,-0.00041755
0.82007391,0.02098848,-0.00019838
0.82017395,0.02171143,0.00000061
0.82027393,0.02165334,-0.00004881
0.82037396,0.02181639,-0.00014922
0.82047394,0.02129256,-0.00013866
0.82057397,0.02085552,0.00018428
0.82067395,0.02082660,0.00000335
0.82077399,0.02228564,-0.00009652
0.82087396,0.02278047,-0.00019079
0.82097400,0.02326745,-0.00022055
0.82107397,0.02374171,-0.00027891
0.82117401,0.02347598,-0.00038284
0.82127405,0.02244896,-0.00041414
0.82137402,0.02274536,-0.00032932
0.82147406,0.02450668,-0.00067135
0.82157404,0.02383007,-0.00040227
0.82167407,0.02391138,-0.00055383
0.82177405,0.02334870,0.00018555
0.82187408,0.02383003,0.00000212
0.82197406,0.02492228,-0.00026748
0.82207410,0.02493056,0.00003065
0.82217407,0.02529453,-0.00021966
0.82227411,0.02682389,-0.00015596
0.82237415,0.02593731,-0.00020319
0.82247412,0.02717676,-0.00043086
0.82257416,0.02700755,-0.00048808
0.82267413,0.02616795,-0.00051107
0.82277417,0.02429392,-0.00020860
0.82287415,0.02711777,-0.00040869
0.82297418,0.02755910,-0.00031156
0.82307416,0.02745358,-0.00016410
0.82317419,0.02611482,-0.00035485
0.82327417,0.02732922,-0.00003652
0.82337421,0.02581647,-0.00003489
0.82347424,0.02602462,0.00018189
0.82357422,0.02693196,0.00023959
0.82367426,0.02837273,0.00000454
0.82377423,0.02688549,0.00036691
0.82387427,0.02713492,0.00049550
0.82397424,0.02616641,0.00032465
0.82407428,0.02838131,0.00029128
0.82417426,0.02844917,0.00029866
0.82427429,0.02721602,0.00016184
0.82437427,0.02694331,0.00010450
0.82447430,0.02879688,-0.00038024
0.82457434,0.03001475,-0.00031531
0.82467432,0.02891988,-0.00035555
0.82477435,0.02873030,-0.00016415
0.82487433,0.02780058,0.00006787
0.82497437,0.03071375,-0.00004315
0.82507434,0.03076771,0.00021139
0.82517438,0.03003504,0.00022781
0.82527435,0.02969457,0.00019211
0.82537439,0.03079750,0.00004237
0.82547443,0.02977261,-0.00006789
0.82557440,0.02933081,0.00012533
0.82567444,0.02855251,0.00018263
0.82577441,0.02803589,0.00002259
0.82587445,0.02757074,0.00012512
0.82597443,0.02874168,-0.00003089
0.82607446,0.02920503,-0.00006041
0.82617444,0.02771485,-0.00003654
0.82627448,0.02782349,-0.00009200
0.82637445,0.02753111,-0.00017104
0.82647449,0.02780685,-0.00040274
0.82657452,0.02828148,-0.00046053
0.82667450,0.02729970,-0.00030231
0.82677454,0.02683253,0.00005962
0.82687451,0.02712275,0.00037854
0.82697455,0.02680683,0.00048719
0.82707452,0.02833148,0.00031865
0.82717456,0.02824703,0.00019959
0.82727454,0.02729778,0.00051313
0.82737457,0.02665460,0.00028739
0.82747455,0.02660721,0.00020794
0.82757458,0.02769319,-0.00004432
0.82767462,0.02782229,0.00004549
0.82777460,0.02537841,0.00015848
0.82787463,0.02664913,-0.00016258
0.82797461,0.02568345,-0.00010121
0.82807465,0.02727986,-0.00015913
0.82817462,0.02691109,-0.00006410
0.82827466,0.02603809,0.00001689
0.82837463,0.02445437,0.00007438
0.82847467,0.02378873,0.00007639
0.82857465,0.02663211,-0.00026653
0.82867468,0.02594877,0.00002654
0.82877472,0.02702548,0.00018797
0.82887469,0.02499534,0.00015793
0.82897473,0.02630474,0.00009655
0.82907471,0.02708428,-0.00007224
0.82917474,0.02465715,-0.00005626
0.82927472,0.02541623,-0.00007178
0.82937476,0.02564705,-0.00020424
0.82947473,0.02406657,-0.00051254
0.82957477,0.02660044,-0.00055188
0.82967480,0.02503314,-0.00038234
0.82977478,0.02642660,-0.00032340
0.82987482,0.02637408,-0.00019087
0.82997479,0.02607137,0.00007480
0.83007483,0.02683904,0.00023786
0.83017480,0.02805949,0.00027196
0.83027484,0.02612217,0.00029557
0.83037482,0.02604781,0.00014515
0.83047485,0.02512815,0.00035690
0.83057483,0.02663070,0.00017302
0.83067487,0.02537710,0.00021301
0.83077490,0.02448845,0.00020743
0.83087488,0.02494849,0.00038778
0.83097491,0.02503132,0.00020176
0.83107489,0.02568613,0.00014006
0.83117493,0.02460372,-0.00002803
0.83127490,0.02492565,-0.00007277
0.83137494,0.02540538,0.00004148
0.83147491,0.02543100,-0.00018289
0.83157495,0.02474738,0.00004666
0.83167493,0.02574202,0.00008865
0.83177496,0.02582148,0.00014154
0.83187500,0.02476474,0.00030519
0.83197498,0.02493559,0.00014264
0.83207501,0.02574356,0.00007286
0.83217499,0.02486781,0.00026168
0.83227502,0.02370593,0.00028848
0.83237500,0.02448642,0.00001851
0.83247504,0.02675489,-0.00025204
0.83257501,0.02438918,-0.00036336
0.83267505,0.02465386,-0.00030123
0.83277502,0.02514542,-0.00021127
0.83287506,0.02332983,-0.00050885
0.83297510,0.02640851,-0.00042720
0.83307507,0.02650182,-0.00043792
0.83317511,0.02458782,-0.00040587
0.83327509,0.02449086,-0.00010044
0.83337512,0.02603634,-0.00035389
0.83347510,0.02522236,-0.00008925
0.83357513,0.02402157,0.00000171
0.83367511,0.02341806,0.00024213
0.83377515,0.02453963,0.00053261
0.83387518,0.03017863,-0.00044030
0.83397516,0.03150344,-0.00084487
0.83407520,0.03966817,-0.00315619
0.83417517,0.04095823,-0.00429533
0.83427521,0.04410956,-0.00792615
0.83437518,0.04196125,-0.01020771
0.83447522,0.08499742,0.08496022
0.83457520,0.08499675,0.08495649
0.83467523,0.08499715,0.08496770
0.83477521,0.08499704,0.08497147
0.83487524,0.08499640,0.08499803
0.83497528,0.08499657,0.08499806
0.83507526,0.08499590,0.08499794
0.83517529,0.02527061,-0.03184982
0.83527527,0.02540374,-0.02078903
0.83537531,0.02434683,-0.01584378
0.83547528,0.02196812,-0.01122639
0.83557532,0.02118081,-0.00767540
0.83567529,0.02027924,-0.00469141
0.83577533,0.01999227,-0.00231292
0.83587531,0.01858129,-0.00063481
0.83597534,0.01821399,0.00147499
0.83607538,0.01770593,0.00326675
0.83617535,0.01664327,0.00510602
0.83627539,0.01653593,0.00575207
0.83637537,0.01668188,0.00650558
0.83647540,0.01676740,0.00632696
0.83657538,0.01709126,0.00624194
0.83667542,0.01585764,0.00540188
0.83677539,0.01579873,0.00457362
0.83687543,0.01635260,0.00370686
0.83697540,0.01602736,0.00316193
0.83707544,0.01612781,0.00241088
0.83717548,0.01697313,0.00226875
0.83727545,0.01741370,0.00178329
0.83737549,0.01868792,0.00183490
0.83747546,0.01772654,0.00168469
0.83757550,0.01879073,0.00149369
0.83767548,0.01820540,0.00097346
0.83777551,0.01795305,0.00061628
0.83787549,0.01878528,0.00025473
0.83797552,0.01813611,-0.00022789
0.83807556,0.01914835,-0.00052799
0.83817554,0.01912060,-0.00071582
0.83827557,0.01985814,-0.00054616
0.83837555,0.01961835,-0.00064839
0.83847559,0.02037868,-0.00055553
0.83857556,0.01932346,-0.00089143
0.83867560,0.01671238,-0.00072364
0.83877557,0.01696115,-0.00103423
0.83887561,0.01639121,-0.00107167
0.83897559,0.01666388,-0.00104003
0.83907562,0.01672154,-0.00122444
0.83917566,0.01606703,-0.00089518
0.83927563,0.01726867,-0.00046421
0.83937567,0.01724431,-0.00018487
0.83947565,0.01682783,0.00029348
0.83957568,0.01656208,0.00072243
0.83967566,0.01478619,0.00061202
0.83977570,0.01562257,0.00017864
0.83987567,0.01550073,0.00011075
0.83997571,0.01400151,-0.00039797
0.84007568,0.01447268,-0.00034977
0.84017572,0.01496661,-0.00037304
0.84027576,0.01468802,-0.00007563
0.84037573,0.01537274,0.00018854
0.84047577,0.01543675,0.00000624
0.84057574,0.01398242,0.00014527
0.84067578,0.01327865,0.00020549
0.84077576,0.01385283,-0.00021890
0.84087579,0.01309720,-0.00029486
0.84097577,0.01455584,-0.00049874
0.84107581,0.01447535,-0.00023039
0.84117578,0.01386502,-0.00015973
0.84127582,0.01466469,-0.00016926
0.84137585,0.01586434,0.00019884
0.84147583,0.01495283,0.00010531
0.84157587,0.01483009,0.00019669
0.84167584,0.01482138,0.00008899
0.84177588,0.01401157,-0.00009913
0.84187585,0.01413403,-0.00021435
0.84197589,0.01385352,-0.00030711
0.84207587,0.01448788,-0.00039617
0.84217590,0.01419304,-0.00044128
0.84227588,0.01418794,-0.00022518
0.84237592,0.01564341,-0.00009776
0.84247595,0.01478024,0.00012708
0.84257593,0.01478253,0.00012607
0.84267596,0.01444172,0.00036170
0.84277594,0.01506548,0.00044595
0.84287598,0.01515463,0.00010211
0.84297595,0.01572917,0.00012280
0.84307599,0.01667787,0.00003386
0.84317596,0.01631570,0.00019165
0.84327600,0.01636493,0.00008748
0.84337604,0.01525790,-0.00015741
0.84347601,0.01489051,-0.00003961
0.84357605,0.01474438,-0.00002159
0.84367603,0.01611863,0.00011695
0.84377606,0.01605998,-0.00001907
0.84387604,0.01575244,-0.00031136
0.84397607,0.01609216,-0.00043593
0.84407605,0.01717846,-0.00059343
0.84417609,0.01593226,-0.00080061
0.84427606,0.01638094,-0.00063300
0.84437610,0.01828515,-0.00002466
0.84447614,0.01786229,0.00033287
0.84457611,0.01733050,0.00047756
0.84467615,0.01843565,0.00047985
0.84477612,0.01845527,0.00039939
0.84487616,0.01787451,0.00009308
0.84497614,0.01884005,-0.00012069
0.84507617,0.01774564,-0.00021002
0.84517615,0.01843709,-0.00034513
0.84527618,0.01997991,-0.00039627
0.84537616,0.01952129,-0.00035406
0.84547620,0.01952302,-0.00024092
0.84557623,0.01921250,0.00037811
0.84567621,0.01960002,0.00018055
0.84577625,0.02097537,0.00011724
0.84587622,0.01971474,0.00006043
0.84597626,0.01946719,-0.00044547
0.84607623,0.01948608,-0.00028660
0.84617627,0.01958719,-0.00011583
0.84627625,0.02169592,0.00039948
0.84637628,0.02147822,0.00043407
0.84647626,0.02182494,0.00034984
0.84657629,0.02121611,0.00055266
0.84667633,0.02286092,0.00050513
0.84677631,0.02299215,0.00032985
0.84687634,0.02368962,0.00012979
0.84697632,0.02422024,-0.00023399
0.84707635,0.02340135,-0.00049495
0.84717633,0.02486212,-0.00037393
0.84727637,0.02496843,-0.00040045
0.84737634,0.02444743,-0.00047377
0.84747638,0.02595786,-0.00002503
0.84757642,0.02576526,0.00021482
0.84767639,0.02460211,-0.00040107
0.84777643,0.02517638,-0.00006569
0.84787640,0.02516477,-0.00017212
0.84797644,0.02572945,-0.00014010
0.84807642,0.02585429,-0.00028003
0.84817645,0.02739433,-0.00014824
0.84827643,0.02660722,-0.00024374
0.84837646,0.02708879,-0.00008333
0.84847644,0.02708280,-0.00001187
0.84857648,0.02661257,0.00010847
0.84867651,0.02638503,0.00002120
0.84877649,0.02616476,-0.00006695
0.84887653,0.02797651,0.00033319
0.84897650,0.02681283,0.00014978
0.84907654,0.02640306,-0.00026819
0.84917651,0.02659240,-0.00029600
0.84927655,0.02757465,-0.00002690
0.84937653,0.02784173,0.00057779
0.84947656,0.02843740,0.00093450
0.84957654,0.03133373,0.00150233
0.84967657,0.02964890,0.00088974
0.84977661,0.02971255,0.00098584
0.84987659,0.02918276,0.00058761
0.84997662,0.03045626,0.00040424
0.85007660,0.03101294,0.00029945
0.85017664,0.02942516,-0.00033979
0.85027661,0.02905039,-0.00023222
0.85037665,0.02864720,-0.00036717
0.85047662,0.02971748,-0.00033871
0.85057666,0.02801051,-0.00042630
0.85067664,0.02905169,-0.00012031
0.85077667,0.02967679,0.00008104
0.85087671,0.02961977,-0.00005507
0.85097668,0.02944562,0.00013751
0.85107672,0.02883396,-0.00003575
0.85117670,0.02771661,-0.00028655
0.85127673,0.02917812,0.00010046
0.85137671,0.02978766,0.00031533
0.85147675,0.02815734,0.00000125
0.85157672,0.02653855,-0.00046390
0.85167676,0.02867100,0.00017823
0.85177679,0.02898806,0.00013352
0.85187677,0.02892828,0.00032655
0.85197681,0.03005528,0.00014202
0.85207678,0.02978901,-0.00015454
0.85217682,0.02878333,-0.00028968
0.85227679,0.02764300,-0.00050040
0.85237683,0.02760623,-0.00017625
0.85247681,0.02717122,-0.00035246
0.85257684,0.02860009,0.00009789
0.85267682,0.02819385,0.00028314
0.85277686,0.02780547,0.00037103
0.85287689,0.02737248,0.00041257
0.85297687,0.02710368,0.00009774
0.85307690,0.02874273,0.00045971
0.85317688,0.02775856,0.00008704
0.85327692,0.02706651,-0.00017200
0.85337689,0.02648283,-0.00032187
0.85347693,0.02649689,0.00000704
0.85357690,0.02848727,0.00024763
0.85367694,0.02750263,0.00008506
0.85377692,0.02656914,-0.00036602
0.85387695,0.02619928,-0.00044197
0.85397699,0.02796973,-0.00028016
0.85407697,0.02717499,-0.00036391
0.85417700,0.02642325,-0.00046534
0.85427698,0.02611165,-0.00029385
0.85437701,0.02612635,-0.00006187
0.85447699,0.02644369,0.00020021
0.85457703,0.02707483,0.00027001
0.85467700,0.02701874,0.00033836
0.85477704,0.02648223,0.00032857
0.85487701,0.02681825,0.00024807
0.85497705,0.02836761,0.00037441
0.85507709,0.02712077,-0.00011101
0.85517706,0.02679463,-0.00013371
0.85527710,0.02518720,-0.00066671
0.85537708,0.02554940,-0.00015384
0.85547711,0.02630929,-0.00004038
0.85557709,0.02791097,0.00032375
0.85567712,0.02718151,0.00035265
0.85577710,0.02682597,0.00027929
0.85587714,0.02640493,0.00013294
0.85597717,0.02695902,0.00015940
0.85607715,0.02682540,0.00034352
0.85617719,0.02474843,-0.00014791
0.85627716,0.02451210,-0.00008974
0.85637720,0.02370210,-0.00001375
0.85647717,0.02512359,0.00036551
0.85657721,0.02544704,0.00047314
0.85667719,0.02650693,0.00046603
0.85677722,0.02602445,0.00021274
0.85687720,0.02603508,0.00037512
0.85697723,0.02457222,-0.00015565
0.85707727,0.02387188,-0.00048440
0.85717725,0.02482345,-0.00065809
0.85727728,0.02358879,-0.00068079
0.85737726,0.02307843,-0.00070612
0.85747729,0.02310918,-0.00038546
0.85757727,0.02241311,-0.00041514
0.85767731,0.02277311,-0.00004247
0.85777728,0.02315366,-0.00000031
0.85787732,0.02265935,0.00009627
0.85797729,0.02173330,-0.00040379
0.85807733,0.02223827,-0.00014534
0.85817737,0.02311307,0.00017083
0.85827734,0.02309952,-0.00002992
0.85837738,0.02326524,-0.00006102
0.85847736,0.02297595,-0.00004614
0.85857739,0.02440648,0.00008064
0.85867737,0.02433644,0.00027649
0.85877740,0.02426513,0.00017800
0.85887738,0.02410726,0.00036424
0.85897742,0.02430897,0.00023421
0.85907739,0.02561883,0.00046747
0.85917743,0.02580793,0.00073217
0.85927747,0.02587663,0.00060902
0.85937744,0.02613838,0.00077262
0.85947748,0.02756075,0.00097215
0.85957745,0.02690215,0.00072144
0.85967749,0.02492714,0.00033396
0.85977747,0.02507977,0.00004027
0.85987750,0.02723794,0.00043972
0.85997748,0.02742705,-0.00017052
0.86007751,0.02659706,-0.00021454
0.86017749,0.02532416,-0.00059597
0.86027753,0.02534532,-0.00060996
0.86037756,0.02544402,-0.00068883
0.86047754,0.02569676,-0.00074632
0.86057758,0.02918566,-0.00129434
0.86067755,0.03252243,-0.00092009
0.86077759,0.03506427,-0.00095255
0.86087756,0.03407792,-0.00122967
0.86097760,0.04205323,0.00059269
0.86107758,0.04176929,0.00075227
0.86117761,0.03623164,-0.00049362
0.86127765,0.08499744,0.08499629
0.86137762,0.08499724,0.08499637
0.86147766,0.08499720,0.08499698
0.86157764,0.08499743,0.08497289
0.86167767,0.08499745,0.08497238
0.86177765,0.08499765,0.08497069
0.86187769,0.08499751,0.08496931
0.86197766,0.08499741,0.08496834
0.86207770,0.02341139,0.03345092
0.86217767,0.02281578,0.02787933
0.86227771,0.02214902,0.02358883
0.86237775,0.02218107,0.01852965
0.86247772,0.01975518,0.01579923
0.86257776,0.01886829,0.01123079
0.86267773,0.01705556,0.00860540
0.86277777,0.01616907,0.00575439
0.86287775,0.01585058,0.00312876
0.86297778,0.01487094,0.00067702
0.86307776,0.01402502,-0.00115056
0.86317780,0.01448329,-0.00319717
0.86327777,0.01341552,-0.00451618
0.86337781,0.01463951,-0.00625075
0.86347784,0.01527632,-0.00801688
0.86357782,0.01532997,-0.00870300
0.86367786,0.01516460,-0.00902409
0.86377783,0.01540401,-0.00931563
0.86387787,0.01659182,-0.00979669
0.86397784,0.01715948,-0.00953304
0.86407788,0.01767885,-0.00917981
0.86417786,0.01762967,-0.00844004
0.86427789,0.01724941,-0.00733451
0.86437787,0.01844277,-0.00717323
0.86447791,0.01807630,-0.00599689
0.86457794,0.01889523,-0.00550203
0.86467792,0.01855711,-0.00431718
0.86477795,0.01910407,-0.00368812
0.86487793,0.01852447,-0.00253268
0.86497797,0.01898640,-0.00134276
0.86507794,0.01850633,-0.00048129
0.86517798,0.01923850,0.00035768
0.86527795,0.01805293,0.00110105
0.86537799,0.01835800,0.00152550
0.86547803,0.01654401,0.00236353
0.86557800,0.01569257,0.00226042
0.86567804,0.01660178,0.00254941
0.86577802,0.01612899,0.00212419
0.86587805,0.01598119,0.00223080
0.86597803,0.01623615,0.00177090
0.86607806,0.01589495,0.00178363
0.86617804,0.01621785,0.00176332
0.86627808,0.01532855,0.00129635
0.86637805,0.01469372,0.00130211
0.86647809,0.01538631,0.00119154
0.86657812,0.01444569,0.00092334
0.86667810,0.01553576,0.00091313
0.86677814,0.01518210,0.00070243
0.86687811,0.01308563,0.00057957
0.86697815,0.01331121,0.00068580
0.86707813,0.01299110,0.00047060
0.86717816,0.01410823,0.00036456
0.86727814,0.01404416,0.00009249
0.86737817,0.01316278,0.00027523
0.86747815,0.01449202,0.00002401
0.86757819,0.01323850,-0.00010197
0.86767822,0.01194120,-0.00023769
0.86777820,0.01238597,-0.00013818
0.86787823,0.01126662,0.00001210
0.86797821,0.01153594,-0.00028004
0.86807825,0.01263774,-0.00051980
0.86817822,0.01260063,-0.00034521
0.86827826,0.01214138,-0.00030155
0.86837823,0.01245178,-0.00010377
0.86847827,0.01332312,-0.00020863
0.86857825,0.01287322,-0.00004669
0.86867828,0.01353532,-0.00029718
0.86877832,0.01315577,-0.00055220
0.86887830,0.01376416,-0.00076799
0.86897833,0.01419851,-0.00038998
0.86907831,0.01456449,-0.00071695
0.86917834,0.01515696,-0.00070108
0.86927832,0.01571075,-0.00067058
0.86937836,0.01640261,-0.00101861
0.86947833,0.01591446,-0.00081673
0.86957837,0.01657406,-0.00093610
0.86967841,0.01604357,-0.00095376
0.86977838,0.01588954,-0.00083819
0.86987842,0.01645323,-0.00065120
0.86997839,0.01686898,-0.00064035
0.87007843,0.01622312,-0.00012381
0.87017841,0.01771695,0.00005738
0.87027844,0.01738681,0.00017567
0.87037842,0.01682754,0.00026761
0.87047845,0.01691308,0.00020488
0.87057843,0.01791456,0.00007429
0.87067847,0.01638360,0.00033154
0.87077850,0.01636455,0.00001972
0.87087848,0.01693330,0.00015900
0.87097852,0.01673539,0.00026653
0.87107849,0.01711952,-0.00001292
0.87117853,0.01772752,-0.00044922
0.87127850,0.01737320,-0.00021119
0.87137854,0.01660654,0.00031096
0.87147852,0.01717887,0.00017942
0.87157855,0.01685614,0.00014491
0.87167853,0.01673990,0.00017618
0.87177856,0.01701055,0.00025094
0.87187860,0.01803138,-0.00021648
0.87197858,0.01739117,0.00016070
0.87207861,0.01780283,0.00025467
0.87217859,0.01974110,-0.00007164
0.87227863,0.01826148,-0.00016416
0.87237860,0.01818594,-0.00028937
0.87247864,0.01967034,-0.00069127
0.87257861,0.01941915,-0.00062580
0.87267865,0.02050527,-0.00047530
0.87277863,0.02026140,-0.00079101
0.87287866,0.01932397,-0.00054611
0.87297870,0.01998749,-0.00064160
0.87307867,0.01984888,-0.00020743
0.87317871,0.02151674,-0.00064469
0.87327869,0.02161237,-0.00060644
0.87337872,0.02272252,-0.00038018
0.87347870,0.02084727,0.00006010
0.87357874,0.02076249,0.00011844
0.87367871,0.02216255,-0.00028638
0.87377875,0.02280369,0.00009003
0.87387878,0.02225778,0.00006902
0.87397876,0.02244887,0.00005525
0.87407880,0.02286139,-0.00015268
0.87417877,0.02279885,0.00012573
0.87427881,0.02277807,-0.00034565
0.87437878,0.02412074,-0.00039083
0.87447882,0.02362377,-0.00039612
0.87457880,0.02340066,-0.00050595
0.87467883,0.02505761,-0.00069559
0.87477881,0.02439196,-0.00046450
0.87487885,0.02386910,-0.00036946
0.87497888,0.02551034,-0.00032811
0.87507886,0.02501946,-0.00000507
0.87517889,0.02428024,-0.00014518
0.87527887,0.02465145,-0.00003552
0.87537891,0.02620404,-0.00001637
0.87547888,0.02583191,-0.00013813
0.87557892,0.02555466,-0.00017091
0.87567889,0.02651034,-0.00027618
0.87577893,0.02597774,-0.00037331
0.87587891,0.02527026,-0.00022009
0.87597894,0.02581671,-0.00021289
0.87607898,0.02695166,-0.00064470
0.87617896,0.02634215,-0.00049811
0.87627899,0.02661511,-0.00051840
0.87637897,0.02598948,-0.00068712
0.87647900,0.02777420,-0.00052107
0.87657898,0.02783469,-0.00029684
0.87667902,0.02589080,-0.00004302
0.87677899,0.02612284,-0.00001419
0.87687903,0.02832264,-0.00009902
0.87697900,0.02848738,0.00014953
0.87707904,0.02863683,0.00028836
0.87717908,0.02805937,0.00036861
0.87727905,0.02861549,0.00022428
0.87737909,0.02856225,0.00053024
0.87747906,0.02842223,0.00021011
0.87757910,0.02700185,0.00011839
0.87767908,0.02852828,0.00012946
0.87777911,0.02871891,-0.00010564
0.87787909,0.02833685,-0.00015654
0.87797913,0.02890661,-0.00012347
0.87807916,0.02852659,-0.00013339
0.87817914,0.02991113,0.00011423
0.87827917,0.02955995,0.00036078
0.87837915,0.02832592,0.00035522
0.87847919,0.02860554,0.00028183
0.87857916,0.02981196,0.00026717
0.87867920,0.02844354,0.00030523
0.87877917,0.02908340,0.00044541
0.87887921,0.02802430,0.00017609
0.87897919,0.03054571,0.00010655
0.87907922,0.02990757,0.00002271
0.87917926,0.02807610,0.00002349
0.87927924,0.02892687,-0.00019294
0.87937927,0.02986989,-0.00022099
0.87947925,0.03066158,-0.00039490
0.87957928,0.03046999,-0.00030398
0.87967926,0.02944337,-0.00032956
0.87977930,0.02832229,-0.00008308
0.87987927,0.02885073,-0.00014675
0.87997931,0.02913816,0.00003890
0.88007928,0.02858487,0.00019241
0.88017932,0.02793702,0.00032134
0.88027936,0.02665549,0.00042936
0.88037933,0.02872599,0.00048615
0.88047937,0.02883361,0.00030606
0.88057935,0.02765705,0.00031026
0.88067938,0.02809162,0.00037264
0.88077936,0.02732248,0.00017630
0.88087939,0.02751227,-0.00008821
0.88097937,0.02667124,0.00013034
0.88107941,0.02654951,0.00003697
0.88117938,0.02518765,0.00005877
0.88127942,0.02519717,0.00005310
0.88137946,0.02730284,-0.00010734
0.88147943,0.02423056,-0.00005392
0.88157947,0.02541280,0.00001903
0.88167944,0.02513354,-0.00009630
0.88177948,0.02585803,-0.00000044
0.88187946,0.02531987,-0.00001496
0.88197949,0.02499376,0.00017076
0.88207947,0.02311119,-0.00001625
0.88217950,0.02385220,0.00019560
0.88227948,0.02311229,0.00015616
0.88237952,0.02411419,0.00005909
0.88247955,0.02328429,-0.00011114
0.88257953,0.02437734,-0.00022579
0.88267957,0.02470587,-0.00027107
0.88277954,0.02541139,-0.00058009
0.88287958,0.02524412,-0.00058905
0.88297955,0.02563067,-0.00063118
0.88307959,0.02588947,-0.00061855
0.88317957,0.02459975,-0.00053885
0.88327960,0.02489313,-0.00024235
0.88337964,0.02458091,-0.00021687
0.88347961,0.02454237,0.00008502
0.88357965,0.02692100,-0.00000575
0.88367963,0.02578658,0.00012765
0.88377966,0.02513812,0.00036282
0.88387964,0.02487083,0.00031747
0.88397968,0.02422489,0.00023236
0.88407965,0.02559385,0.00016283
0.88417969,0.02616310,0.00028187
0.88427966,0.02608307,0.00012851
0.88437970,0.02442097,0.00003903
0.88447974,0.02568148,-0.00013792
0.88457971,0.02609365,-0.00017227
0.88467975,0.02509950,-0.00012264
0.88477972,0.02489028,-0.00021467
0.88487976,0.02755724,0.00000720
0.88497974,0.02673677,0.00009962
0.88507977,0.02523891,0.00016277
0.88517975,0.02533611,0.00058606
0.88527979,0.02550822,0.00058719
0.88537976,0.02689446,0.00027486
0.88547980,0.02639079,0.00008900
0.88557983,0.02691724,0.00021419
0.88567981,0.02622871,-0.00014317
0.88577985,0.02761054,-0.00017150
0.88587982,0.02794629,-0.00009655
0.88597986,0.02726045,-0.00017468
0.88607983,0.02667806,-0.00037007
0.88617987,0.02659857,-0.00023699
0.88627985,0.02755689,-0.00049597
0.88637988,0.02779183,-0.00033649
0.88647986,0.02654497,-0.00035012
0.88657990,0.02551106,-0.00025854
0.88667993,0.02701534,-0.00002943
0.88677991,0.02700528,-0.00005718
0.88687994,0.02552975,0.00019545
0.88697992,0.02597077,0.00046292
0.88707996,0.02582008,0.00038586
0.88717993,0.02670770,0.00037767
0.88727997,0.02701045,0.00040432
0.88737994,0.02866205,-0.00001279
0.88747998,0.02939711,-0.00051692
0.88758002,0.03552126,-0.00155364
0.88767999,0.03986987,-0.00347469
0.88778003,0.04212204,-0.00576899
0.88788000,0.04315007,-0.00889946
0.88798004,0.04398677,-0.01472454
0.88808002,0.01863225,-0.00966717
0.88818005,0.08499680,0.08496113
0.88828003,0.08499701,0.08496986
0.88838007,0.08499689,0.08497569
0.88848004,0.08499637,0.08499800
0.88858008,0.08499657,0.08499791
0.88868011,0.08499578,0.08499794
0.88878009,0.02684618,-0.02864377
0.88888013,0.02663638,-0.02078137
0.88898010,0.02559027,-0.01528776
0.88908014,0.02310535,-0.01183139
0.88918011,0.02107597,-0.00750117
0.88928015,0.02019951,-0.00427996
0.88938013,0.01834514,-0.00240609
0.88948016,0.01818976,-0.00010516
0.88958014,0.01673237,0.00217721
0.88968018,0.01681793,0.00438329
0.88978021,0.01655407,0.00525674
0.88988019,0.01578946,0.00545519
0.88998022,0.01588280,0.00527870
0.89008020,0.01565287,0.00533252
0.89018024,0.01576818,0.00473882
0.89028021,0.01559274,0.00399700
0.89038025,0.01544999,0.00358100
0.89048022,0.01545578,0.00324378
0.89058026,0.01584223,0.00272410
0.89068024,0.01559179,0.00239447
0.89078027,0.01746603,0.00231096
0.89088031,0.01706627,0.00188590
0.89098029,0.01784182,0.00196318
0.89108032,0.01784756,0.00171270
0.89118030,0.01899340,0.00159641
0.89128033,0.01886703,0.00126059
0.89138031,0.02001793,0.00092118
0.89148035,0.01957653,0.00026573
0.89158032,0.01848573,-0.00026951
0.89168036,0.01928569,-0.00043118
0.89178040,0.01769431,-0.00071040
0.89188037,0.01893538,-0.00077745
0.89198041,0.01867608,-0.00063457
0.89208038,0.01966146,-0.00059629
0.89218042,0.01914412,-0.00056737
0.89228040,0.01857204,-0.00069117
0.89238043,0.01733102,-0.00094254
0.89248041,0.01705463,-0.00106032
0.89258044,0.01827706,-0.00078900
0.89268042,0.01683225,-0.00051317
0.89278046,0.01730527,-0.00040662
0.89288049,0.01691268,-0.00011750
0.89298047,0.01638761,0.00033788
0.89308051,0.01711551,0.00029355
0.89318048,0.01645670,0.00048360
0.89328052,0.01692491,0.00055065
0.89338049,0.01561557,0.00009143
0.89348053,0.01431058,-0.00028295
0.89358051,0.01502828,-0.00068102
0.89368054,0.01455020,-0.00052093
0.89378052,0.01478048,-0.00043458
0.89388055,0.01545312,-0.00045512
0.89398059,0.01519170,-0.00024170
0.89408057,0.01490485,-0.00004463
0.89418060,0.01439025,-0.00019580
0.89428058,0.01457241,0.00003373
0.89438062,0.01479068,0.00049482
0.89448059,0.01342105,0.00018347
0.89458063,0.01351230,0.00003698
0.89468060,0.01498140,0.00026780
0.89478064,0.01422583,0.00012947
0.89488062,0.01448664,-0.00012722
0.89498065,0.01449609,-0.00006655
0.89508069,0.01483007,-0.00015456
0.89518066,0.01444621,-0.00004354
0.89528070,0.01424851,0.00008305
0.89538068,0.01504431,-0.00022347
0.89548071,0.01478862,-0.00021036
0.89558069,0.01515500,-0.00023352
0.89568073,0.01603023,-0.00039578
0.89578070,0.01556597,-0.00013525
0.89588074,0.01541550,0.00014295
0.89598077,0.01567905,-0.00006393
0.89608075,0.01471886,0.00015771
0.89618079,0.01390799,0.00000031
0.89628076,0.01464010,0.00034170
0.89638080,0.01489766,0.00022093
0.89648077,0.01514253,-0.00010092
0.89658081,0.01596368,-0.00023275
0.89668079,0.01570966,-0.00068932
0.89678082,0.01486364,-0.00029803
0.89688080,0.01648846,-0.00030234
0.89698083,0.01639094,-0.00022597
0.89708087,0.01671514,-0.00023427
0.89718085,0.01742216,-0.00017283
0.89728088,0.01712452,-0.00018261
0.89738086,0.01599327,-0.00043091
0.89748090,0.01810363,-0.00033593
0.89758087,0.01742344,-0.00020148
0.89768091,0.01606696,-0.00030415
0.89778088,0.01752616,0.00000748
0.89788092,0.01761059,0.00040704
0.89798090,0.01754494,0.00034500
0.89808093,0.01872459,0.00033567
0.89818097,0.01789867,0.00018237
0.89828094,0.01699689,0.00006061
0.89838098,0.01770346,-0.00029952
0.89848096,0.01769871,-0.00029677
0.89858099,0.01834278,-0.00033700
0.89868097,0.01861598,-0.00021880
0.89878101,0.02013491,-0.00025928
0.89888098,0.01965739,-0.00008587
0.89898102,0.02129126,0.00006020
0.89908099,0.02076687,0.00005738
0.89918103,0.02025455,0.00015940
0.89928107,0.02012230,0.00074639
0.89938104,0.02035792,0.00035647
0.89948108,0.02022932,0.00011943
0.89958105,0.02015622,0.00007717
0.89968109,0.02237959,0.00044750
0.89978107,0.02259839,0.00013372
0.89988110,0.02354073,0.00056929
0.89998108,0.02307121,0.00023867
0.90008112,0.02219031,-0.00012208
0.90018109,0.02307628,0.00006118
0.90028113,0.02275117,-0.00011306
0.90038116,0.02268688,-0.00031241
0.90048114,0.02420756,-0.00023544
0.90058118,0.02337007,-0.00041988
0.90068115,0.02261113,-0.00044936
0.90078119,0.02304439,-0.00039282
0.90088116,0.02429592,-0.00041020
0.90098120,0.02413026,-0.00001660
0.90108118,0.02577923,0.00031094
0.90118121,0.02426721,-0.00002691
0.90128125,0.02391086,-0.00020907
0.90138123,0.02325909,0.00002067
0.90148126,0.02488712,0.00010488
0.90158124,0.02517323,-0.00007285
0.90168127,0.02502333,-0.00022574
0.90178125,0.02599871,-0.00022400
0.90188129,0.02533480,-0.00029041
0.90198126,0.02726037,0.00012441
0.90208130,0.02753065,0.00026430
0.90218127,0.02718844,0.00036778
0.90228131,0.02620652,0.00003127
0.90238135,0.02579054,0.00016546
0.90248132,0.02757563,0.00027766
0.90258136,0.02745987,0.00023320
0.90268134,0.02700124,0.00021997
0.90278137,0.02877369,0.00077659
0.90288135,0.02827752,0.00079129
0.90298138,0.02723443,0.00052510
0.90308136,0.02883129,0.00094131
0.90318140,0.02950088,0.00085637
0.90328137,0.02852153,0.00054429
0.90338141,0.02764709,-0.00005787
0.90348145,0.02710375,-0.00024286
0.90358142,0.02917614,-0.00008554
0.90368146,0.02838721,-0.00044781
0.90378143,0.02795505,-0.00067720
0.90388147,0.02957168,-0.00030251
0.90398145,0.02917708,-0.00020561
0.90408148,0.02888295,0.00001713
0.90418146,0.02887186,0.00017570
0.90428149,0.03016472,0.00047550
0.90438147,0.02920459,-0.00003872
0.90448151,0.02809506,-0.00006412
0.90458154,0.02893780,0.00025382
0.90468152,0.03090070,0.00059285
0.90478156,0.02964973,-0.00009448
0.90488153,0.03002101,-0.00003747
0.90498157,0.02873870,-0.00042041
0.90508154,0.02936269,-0.00019632
0.90518158,0.03012178,0.00014885
0.90528156,0.02845592,-0.00041163
0.90538159,0.02782313,-0.00045666
0.90548163,0.02697887,-0.00071798
0.90558160,0.02904178,-0.00016777
0.90568164,0.02837449,-0.00018140
0.90578162,0.02768811,-0.00024057
0.90588165,0.02709401,-0.00024409
0.90598163,0.02760595,-0.00017756
0.90608167,0.02819704,0.00039479
0.90618164,0.02796489,0.00045175
0.90628168,0.02699907,0.00040737
0.90638165,0.02790710,0.00038236
0.90648169,0.02818849,0.00051618
0.90658173,0.02806371,0.00044384
0.90668170,0.02743900,0.00014756
0.90678174,0.02682556,-0.00014380
0.90688171,0.02815690,-0.00001690
0.90698175,0.02713203,-0.00038872
0.90708173,0.02659396,-0.00040072
0.90718176,0.02590217,-0.00039348
0.90728174,0.02561822,-0.00010937
0.90738177,0.02756482,0.00022798
0.90748175,0.02662088,-0.00003166
0.90758179,0.02685164,0.00023189
0.90768182,0.02558124,-0.00033406
0.90778180,0.02757435,0.00010927
0.90788184,0.02672339,0.00032446
0.90798181,0.02562740,0.00002678
0.90808185,0.02585452,0.00010927
0.90818182,0.02646481,0.00035501
0.90828186,0.02520358,-0.00014678
0.90838184,0.02419430,-0.00022963
0.90848187,0.02472812,-0.00030978
0.90858185,0.02507808,-0.00004596
0.90868188,0.02560869,-0.00013481
0.90878192,0.02478468,-0.00039007
0.90888190,0.02433124,-0.00034054
0.90898193,0.02528446,-0.00003545
0.90908191,0.02375424,-0.00030141
0.90918195,0.02368800,-0.00018775
0.90928192,0.02467449,0.00044607
0.90938196,0.02541967,0.00078630
0.90948193,0.02644136,0.00094121
0.90958197,0.02540524,0.00063633
0.90968201,0.02432020,0.00036881
0.90978198,0.02468123,0.00031229
0.90988202,0.02527834,0.00021537
0.90998199,0.02576759,0.00037304
0.91008203,0.02420077,-0.00010372
0.91018201,0.02414353,-0.00006938
0.91028204,0.02642862,0.00037412
0.91038202,0.02625462,-0.00008222
0.91048206,0.02633816,0.00013007
0.91058203,0.02582824,-0.00004299
0.91068207,0.02581948,-0.00032593
0.91078210,0.02681597,-0.00006745
0.91088208,0.02655270,-0.00003679
0.91098212,0.02555769,-0.00037353
0.91108209,0.02550976,-0.00026438
0.91118213,0.02635814,-0.00013709
0.91128210,0.02581072,0.00010358
0.91138214,0.02501649,-0.00014076
0.91148212,0.02514136,-0.00011201
0.91158215,0.02686425,-0.00005634
0.91168213,0.02730305,0.00009169
0.91178217,0.02463229,-0.00060207
0.91188220,0.02406524,-0.00067348
0.91198218,0.02577758,-0.00014670
0.91208221,0.02479093,-0.00040873
0.91218219,0.02439462,-0.00030386
0.91228223,0.02466215,0.00012244
0.91238220,0.02537966,0.00026866
0.91248224,0.02526769,0.00034467
0.91258221,0.02416835,0.00010513
0.91268225,0.02480567,0.00039148
0.91278223,0.02460495,0.00044783
0.91288226,0.02541218,0.00050882
0.91298230,0.02557212,0.00062455
0.91308228,0.02455261,0.00051011
0.91318231,0.02469476,0.00042302
0.91328229,0.02544692,0.00024871
0.91338232,0.02501126,-0.00002702
0.91348230,0.02488809,-0.00016846
0.91358234,0.02623612,-0.00015011
0.91368231,0.02569494,-0.00006348
0.91378235,0.02391136,-0.00049505
0.91388239,0.02411915,-0.00039429
0.91398236,0.02377441,-0.00062449
0.91408240,0.02488876,-0.00072221
0.91418237,0.03071120,-0.00059212
0.91428241,0.03145626,-0.00081679
0.91438239,0.03405835,-0.00052302
0.91448242,0.03709804,0.00019804
0.91458240,0.04004849,0.00086947
0.91468243,0.04194390,0.00185062
0.91478241,0.04707028,0.00370833
0.91488245,0.08499728,0.08499626
0.91498248,0.08499733,0.08499602
0.91508246,0.08499721,0.08499705
0.91518250,0.08499756,0.08499733
0.91528247,0.08499751,0.08497257
0.91538251,0.08499763,0.08497443
0.91548248,0.08499756,0.08496916
0.91558252,0.08499744,0.08496870
0.91568250,0.02498240,0.03111471
0.91578253,0.02379889,0.02665173
0.91588251,0.02393614,0.02177499
0.91598254,0.02230570,0.01807658
0.91608258,0.01973261,0.01525852
0.91618256,0.01876456,0.01147609
0.91628259,0.01677614,0.00900464
0.91638257,0.01642767,0.00596945
0.91648260,0.01531067,0.00357215
0.91658258,0.01499092,0.00149975
0.91668262,0.01386021,-0.00020357
0.91678259,0.01467726,-0.00237595
0.91688263,0.01390852,-0.00379051
0.91698260,0.01444125,-0.00566647
0.91708264,0.01434564,-0.00706865
0.91718268,0.01532899,-0.00866935
0.91728265,0.01543904,-0.00889686
0.91738269,0.01445491,-0.00895033
0.91748267,0.01564727,-0.00947630
0.91758270,0.01663208,-0.00941227
0.91768268,0.01804162,-0.00928389
0.91778271,0.01769765,-0.00853142
0.91788269,0.01815845,-0.00792022
0.91798273,0.01827694,-0.00713803
0.91808276,0.01812948,-0.00589745
0.91818274,0.01832110,-0.00503201
0.91828278,0.01755686,-0.00372899
0.91838275,0.01840526,-0.00310275
0.91848279,0.01822391,-0.00220944
0.91858276,0.01939854,-0.00139390
0.91868280,0.01798518,-0.00073647
0.91878278,0.01824651,0.00009309
0.91888281,0.01838544,0.00052971
0.91898279,0.01765011,0.00098781
0.91908282,0.01732791,0.00137447
0.91918286,0.01665902,0.00170136
0.91928284,0.01646355,0.00210772
0.91938287,0.01596230,0.00177804
0.91948285,0.01523371,0.00179835
0.91958289,0.01541860,0.00185986
0.91968286,0.01435085,0.00173040
0.91978290,0.01541052,0.00175071
0.91988287,0.01461330,0.00160510
0.91998291,0.01478095,0.00122045
0.92008289,0.01562542,0.00120866
0.92018292,0.01553924,0.00130468
0.92028296,0.01564834,0.00110203
0.92038293,0.01550693,0.00102777
0.92048297,0.01478095,0.00090970
0.92058295,0.01487048,0.00078442
0.92068298,0.01468782,0.00078490
0.92078296,0.01327853,0.00072896
0.92088300,0.01408121,0.00014617
0.92098297,0.01378325,-0.00020933
0.92108301,0.01381787,-0.00039294
0.92118298,0.01526834,-0.00072504
0.92128302,0.01512620,-0.00043091
0.92138306,0.01345765,-0.00014759
0.92148303,0.01379624,-0.00039351
0.92158307,0.01324708,-0.00015463
0.92168304,0.01361103,-0.00023616
0.92178308,0.01470217,-0.00043984
0.92188306,0.01446725,-0.00030706
0.92198309,0.01417214,-0.00033626
0.92208307,0.01405061,-0.00017646
0.92218311,0.01470825,-0.00037096
0.92228308,0.01414763,-0.00029649
0.92238312,0.01404905,-0.00024278
0.92248315,0.01476667,-0.00054693
0.92258313,0.01400980,-0.00076249
0.92268317,0.01443181,-0.00067026
0.92278314,0.01467017,-0.00067333
0.92288318,0.01387559,-0.00056245
0.92298315,0.01347344,-0.00068746
0.92308319,0.01328286,-0.00030748
0.92318317,0.01449565,-0.00071707
0.92328320,0.01442447,-0.00038283
0.92338324,0.01468284,-0.00013394
0.92348322,0.01644279,-0.00031183
0.92358325,0.01582067,-0.00022867
0.92368323,0.01627035,-0.00038257
0.92378326,0.01593935,-0.00016539
0.92388324,0.01673936,-0.00003791
0.92398328,0.01625305,-0.00007164
0.92408325,0.01715779,-0.00026937
0.92418329,0.01778536,-0.00027168
0.92428326,0.01661971,-0.00029309
0.92438330,0.01598196,0.00008013
0.92448334,0.01587251,-0.00007943
0.92458331,0.01683624,-0.00055284
0.92468335,0.01699879,-0.00029834
0.92478333,0.01846561,-0.00040043
0.92488336,0.01855950,-0.00028441
0.92498334,0.01710650,0.00024562
0.92508337,0.01632909,0.00037026
0.92518335,0.01777478,0.00019045
0.92528339,0.01823707,0.00039447
0.92538336,0.01868899,0.00025700
0.92548340,0.01878162,0.00020591
0.92558344,0.01891769,-0.00026296
0.92568341,0.01843852,-0.00023274
0.92578345,0.01991922,-0.00026774
0.92588342,0.02027635,-0.00036379
0.92598346,0.01972843,-0.00050576
0.92608344,0.01857220,-0.00002399
0.92618347,0.01977979,-0.00038878
0.92628345,0.01922799,-0.00042936
0.92638348,0.01882774,-0.00018850
0.92648346,0.02075133,-0.00034222
0.92658350,0.02013862,-0.00029973
0.92668353,0.01982046,-0.00018729
0.92678351,0.01998782,-0.00005802
0.92688354,0.02155970,-0.00031844
0.92698352,0.02181877,0.00004735
0.92708356,0.02086518,0.00003539
0.92718353,0.02114761,0.00003603
0.92728357,0.02284293,-0.00010091
0.92738354,0.02251231,-0.00030321
0.92748358,0.02219188,-0.00030990
0.92758362,0.02335130,-0.00034502
0.92768359,0.02413454,-0.00067121
0.92778363,0.02356238,-0.00039048
0.92788361,0.02356090,-0.00027161
0.92798364,0.02406012,-0.00066310
0.92808362,0.02231449,-0.00029174
0.92818365,0.02186206,-0.00000716
0.92828363,0.02441812,0.00005224
0.92838367,0.02306980,0.00023588
0.92848364,0.02346722,0.00006201
0.92858368,0.02325131,0.00034300
0.92868372,0.02409428,0.00008775
0.92878369,0.02519040,-0.00034838
0.92888373,0.02469179,-0.00004310
0.92898370,0.02512944,-0.00025423
0.92908374,0.02583002,-0.00060528
0.92918372,0.02594165,-0.00061332
0.92928375,0.02518705,-0.00059883
0.92938373,0.02648805,-0.00106284
0.92948376,0.02647262,-0.00079114
0.92958374,0.02614822,-0.00084479
0.92968378,0.02603207,-0.00070936
0.92978381,0.02607614,-0.00054811
0.92988379,0.02671095,-0.00059175
0.92998383,0.02693634,-0.00042170
0.93008380,0.02643102,-0.00015317
0.93018384,0.02554832,0.00000485
0.93028381,0.02590629,0.00030474
0.93038385,0.02704916,0.00032724
0.93048383,0.02663107,0.00039805
0.93058386,0.02596517,0.00033843
0.93068384,0.02848436,0.00047034
0.93078387,0.02850479,0.00043229
0.93088391,0.02702294,0.00011144
0.93098389,0.02688484,-0.00002245
0.93108392,0.02846445,-0.00002240
0.93118390,0.02791409,-0.00005764
0.93128394,0.02700299,-0.00019466
0.93138391,0.02713991,0.00002417
0.93148395,0.02683827,0.00010842
0.93158392,0.02883575,0.00027394
0.93168396,0.02765095,0.00044779
0.93178400,0.02793306,0.00034629
0.93188397,0.02835059,0.00036414
0.93198401,0.02815953,0.00027180
0.93208398,0.02929712,0.00011017
0.93218402,0.02750596,0.00033174
0.93228400,0.02760524,0.00020155
0.93238403,0.02835465,0.00030568
0.93248401,0.02639790,0.00027376
0.93258405,0.02804475,-0.00013532
0.93268402,0.02730587,-0.00007476
0.93278406,0.02711859,-0.00020237
0.93288409,0.02732396,-0.00030419
0.93298407,0.02697037,-0.00032926
0.93308411,0.02911795,-0.00061802
0.93318408,0.02845612,-0.00046213
0.93328412,0.02858565,-0.00013350
0.93338409,0.02865837,0.00006188
0.93348413,0.02706357,0.00007864
0.93358411,0.02737949,0.00017939
0.93368414,0.02879019,0.00021113
0.93378412,0.02715175,0.00010729
0.93388416,0.02466310,0.00021625
0.93398419,0.02655203,0.00038589
0.93408417,0.02708843,0.00015607
0.93418420,0.02740519,-0.00007155
0.93428418,0.02635670,-0.00005585
0.93438422,0.02717545,-0.00003552
0.93448419,0.02694022,-0.00018660
0.93458423,0.02547006,-0.00030589
0.93468420,0.02653065,-0.00024731
0.93478424,0.02640856,-0.00003715
0.93488422,0.02642406,0.00002327
0.93498425,0.02599617,-0.00012796
0.93508429,0.02729289,0.00024134
0.93518427,0.02962340,-0.00009142
0.93528430,0.02923615,0.00024792
0.93538428,0.02598040,0.00024255
0.93548431,0.02758564,0.00013920
0.93558429,0.02664887,0.00041950
0.93568433,0.02734634,0.00036991
0.93578430,0.02681976,0.00026933
0.93588434,0.02510776,-0.00011549
0.93598437,0.02630380,-0.00030108
0.93608435,0.02607821,-0.00054450
0.93618439,0.02851898,-0.00082416
0.93628436,0.02838290,-0.00071965
0.93638440,0.02717617,-0.00066204
0.93648438,0.02732103,-0.00054572
0.93658441,0.02710947,-0.00032746
0.93668439,0.02668594,0.00006981
0.93678442,0.02664098,0.00005875
0.93688440,0.02643120,0.00011282
0.93698444,0.02685990,0.00029915
0.93708447,0.02668888,0.00030854
0.93718445,0.02533884,0.00022338
0.93728448,0.02614444,0.00025415
0.93738446,0.02732633,0.00018461
0.93748450,0.02665889,0.00036617
0.93758447,0.02530455,0.00036168
0.93768451,0.02571617,0.00021228
0.93778448,0.02782831,-0.00015379
0.93788452,0.02714257,-0.00014295
0.93798450,0.02731018,-0.00021745
0.93808453,0.02709584,-0.00012524
0.93818457,0.02576851,-0.00002146
0.93828455,0.02477183,0.00014385
0.93838458,0.02667973,0.00017981
0.93848456,0.02639759,0.00040999
0.93858459,0.02546553,0.00041914
0.93868457,0.02552566,0.00025070
0.93878461,0.02573209,0.00016013
0.93888458,0.02722050,0.00018233
0.93898462,0.02719619,0.00010957
0.93908459,0.02598714,0.00006742
0.93918463,0.02581446,0.00014385
0.93928467,0.02471618,0.00003648
0.93938464,0.02597819,-0.00015545
0.93948468,0.02736088,-0.00033964
0.93958466,0.02617028,-0.00018709
0.93968469,0.02704057,-0.00012540
0.93978467,0.02603342,0.00002709
0.93988470,0.02520822,0.00010124
0.93998468,0.02598904,0.00000058
0.94008472,0.02606173,0.00015339
0.94018469,0.02497550,0.00007925
0.94028473,0.02483291,0.00043340
0.94038477,0.02534560,0.00025217
0.94048474,0.02394193,0.00051777
0.94058478,0.02406135,0.00040595
0.94068475,0.02372208,0.00016245
0.94078479,0.02377124,0.00014529
0.94088477,0.02456753,-0.00005019
0.94098480,0.02516760,0.00014952
0.94108478,0.02676933,-0.00054746
0.94118481,0.03173008,-0.00165432
0.94128485,0.03520945,-0.00329358
0.94138483,0.03591831,-0.00451135
0.94148486,0.03998755,-0.00811921
0.94158484,0.03995600,-0.01087172
0.94168488,0.08499762,0.08496000
0.94178485,0.08499674,0.08495717
0.94188489,0.08499694,0.08496700
0.94198486,0.08499686,0.08499757
0.94208490,0.08499642,0.08499795
0.94218488,0.08499626,0.08499800
0.94228491,0.08499614,0.08499783
0.94238495,0.02640178,-0.02773080
0.94248492,0.02638804,-0.01921673
0.94258496,0.02518301,-0.01387277
0.94268494,0.02321700,-0.01034490
0.94278497,0.02237259,-0.00598066
0.94288495,0.02146884,-0.00320523
0.94298499,0.02086781,-0.00093864
0.94308496,0.02024827,0.00036883
0.94318500,0.01895817,0.00202698
0.94328497,0.01823754,0.00351225
0.94338501,0.01821804,0.00457059
0.94348505,0.01804422,0.00474298
0.94358502,0.01729857,0.00455042
0.94368506,0.01667144,0.00433176
0.94378503,0.01703282,0.00397385
0.94388507,0.01731650,0.00383903
0.94398505,0.01673198,0.00309849
0.94408508,0.01699784,0.00260809
0.94418506,0.01721613,0.00248405
0.94428510,0.01708792,0.00214448
0.94438507,0.01817654,0.00209938
0.94448511,0.01849205,0.00199567
0.94458514,0.01909452,0.00199304
0.94468512,0.01926447,0.00162076
0.94478516,0.01989225,0.00141293
0.94488513,0.02030324,0.00085375
0.94498517,0.01985287,0.00035219
0.94508514,0.02102865,0.00024939
0.94518518,0.02037729,-0.00049771
0.94528516,0.02098384,-0.00051179
0.94538519,0.02022563,-0.00067743
0.94548523,0.02151812,-0.00033619
0.94558521,0.02128742,-0.00062872
0.94568524,0.02069054,-0.00033821
0.94578522,0.02043893,-0.00026414
0.94588525,0.01885266,-0.00044543
0.94598523,0.01894385,-0.00013484
0.94608527,0.01865442,-0.00056766
0.94618524,0.01740645,-0.00053304
0.94628528,0.01775228,-0.00045532
0.94638525,0.01671360,-0.00031108
0.94648529,0.01633427,-0.00026837
0.94658533,0.01835347,-0.00019350
0.94668530,0.01791864,-0.00011040
0.94678534,0.01817500,-0.00010558
0.94688531,0.01691483,-0.00032136
0.94698535,0.01579322,-0.00053108
0.94708533,0.01575274,-0.00031330
0.94718536,0.01564051,-0.00067894
0.94728534,0.01564668,-0.00062369
0.94738538,0.01535156,-0.00045569
0.94748535,0.01701256,-0.00020122
0.94758539,0.01490131,0.00006636
0.94768542,0.01466830,0.00006626
0.94778540,0.01448061,0.00014459
0.94788544,0.01384357,0.00019832
0.94798541,0.01362811,0.00011021
0.94808545,0.01500991,-0.00023331
0.94818542,0.01458313,-0.00022881
0.94828546,0.01390368,-0.00015211
0.94838544,0.01489559,-0.00010040
0.94848547,0.01463533,-0.00022947
0.94858545,0.01386057,-0.00034975
0.94868549,0.01344707,-0.00024256
0.94878552,0.01472408,-0.00012229
0.94888550,0.01444830,-0.00006825
0.94898553,0.01447383,0.00002652
0.94908551,0.01421198,-0.00006413
0.94918555,0.01504734,0.00011616
0.94928552,0.01457943,0.00003728
0.94938556,0.01456159,0.00014350
0.94948553,0.01457607,0.00052892
0.94958557,0.01336452,0.00028989
0.94968561,0.01445457,0.00040983
0.94978558,0.01469304,0.00066480
0.94988562,0.01487926,0.00031562
0.94998560,0.01504027,0.00018946
0.95008563,0.01521560,0.00005187
0.95018561,0.01556337,-0.00000043
0.95028564,0.01530153,-0.00040446
0.95038562,0.01504462,-0.00038482
0.95048566,0.01658762,-0.00017778
0.95058563,0.01607461,-0.00036590
0.95068567,0.01564770,0.00005746
0.95078571,0.01656340,-0.00000624
0.95088568,0.01516331,-0.00010746
0.95098572,0.01456185,-0.00045668
0.95108569,0.01546945,-0.00050939
0.95118573,0.01717565,-0.00030595
0.95128571,0.01726549,-0.00020658
0.95138574,0.01625488,-0.00038561
0.95148572,0.01795579,-0.00005688
0.95158575,0.01627303,-0.00006085
0.95168573,0.01653362,-0.00042159
0.95178577,0.01857907,-0.00029127
0.95188580,0.01752435,-0.00026286
0.95198578,0.01786756,-0.00057430
0.95208582,0.01791293,-0.00047202
0.95218579,0.01884531,-0.00034251
0.95228583,0.01925812,-0.00055725
0.95238580,0.01898913,-0.00033078
0.95248584,0.02020771,0.00013499
0.95258582,0.02048705,0.00045191
0.95268585,0.02182494,0.00075796
0.95278583,0.02045302,0.00051401
0.95288586,0.02057334,0.00055678
0.95298590,0.02223943,0.00077386
0.95308588,0.02119141,0.00028364
0.95318591,0.01983527,-0.00007750
0.95328589,0.01975212,-0.00015894
0.95338593,0.02183418,-0.00019381
0.95348590,0.02190065,-0.00007682
0.95358594,0.02194091,0.00010932
0.95368591,0.02206211,0.00021579
0.95378595,0.02209880,0.00002153
0.95388599,0.02162908,-0.00040069
0.95398596,0.02352647,0.00004639
0.95408600,0.02322359,-0.00030724
0.95418597,0.02248218,-0.00060296
0.95428601,0.02386468,-0.00024853
0.95438599,0.02391969,-0.00004451
0.95448602,0.02365462,0.00019340
0.95458600,0.02564775,0.00054867
0.95468604,0.02486154,0.00056752
0.95478601,0.02383764,0.00021817
0.95488605,0.02481013,-0.00004254
0.95498608,0.02543537,-0.00013500
0.95508606,0.02567337,-0.00024326
0.95518610,0.02540771,-0.00023736
0.95528607,0.02794609,-0.00023048
0.95538611,0.02805435,0.00008991
0.95548608,0.02750505,-0.00010682
0.95558612,0.02828368,0.00036111
0.95568610,0.02777291,0.00050851
0.95578613,0.02763588,0.00062884
0.95588611,0.02675452,0.00033902
0.95598615,0.02855297,0.00076626
0.95608618,0.02851385,0.00072315
0.95618616,0.02810365,0.00030820
0.95628619,0.02820387,0.00045571
0.95638617,0.02955493,0.00051770
0.95648621,0.02906370,0.00059897
0.95658618,0.02824935,0.00014566
0.95668622,0.02861363,0.00018620
0.95678619,0.02830112,0.00019606
0.95688623,0.02815529,0.00008815
0.95698621,0.02687584,-0.00043686
0.95708624,0.03016127,0.00008345
0.95718628,0.02924100,-0.00051913
0.95728625,0.02944126,-0.00042693
0.95738629,0.02906764,-0.00022080
0.95748627,0.02846330,-0.00044058
0.95758630,0.02987410,-0.00010683
0.95768628,0.02851133,-0.00014282
0.95778632,0.02877500,0.00019799
0.95788629,0.02869642,0.00044192
0.95798633,0.03049398,0.00064619
0.95808630,0.03012913,0.00050287
0.95818634,0.02855335,-0.00046879
0.95828638,0.02743915,-0.00058474
0.95838635,0.02790043,-0.00048597
0.95848639,0.02909262,-0.00035952
0.95858636,0.02790806,-0.00038745
0.95868640,0.02735434,-0.00049994
0.95878638,0.02788956,-0.00024733
0.95888641,0.02705079,-0.00029591
0.95898639,0.02940263,0.00004839
0.95908643,0.02815573,0.00005450
0.95918646,0.02733621,-0.00008370
0.95928644,0.02704741,-0.00024170
0.95938647,0.02795593,0.00000593
0.95948645,0.02800888,0.00019569
0.95958649,0.02770051,0.00049665
0.95968646,0.02734199,0.00045900
0.95978650,0.02740445,0.00059634
0.95988647,0.02998852,0.00109917
0.95998651,0.02912007,0.00061545
0.96008649,0.02804971,0.00011602
0.96018652,0.02718272,-0.00028791
0.96028656,0.02938850,0.00010042
0.96038654,0.02874501,-0.00019960
0.96048657,0.02825018,-0.00014710
0.96058655,0.02662943,-0.00047411
0.96068658,0.02674288,-0.00026096
0.96078656,0.02791617,-0.00000019
0.96088660,0.02739488,-0.00007703
0.96098657,0.02574570,-0.00014014
0.96108661,0.02643350,0.00015919
0.96118658,0.02563349,0.00012244
0.96128662,0.02764640,0.00047081
0.96138666,0.02689847,0.00024147
0.96148663,0.02508210,-0.00035372
0.96158667,0.02518838,-0.00018137
0.96168665,0.02473133,-0.00008076
0.96178668,0.02501193,-0.00006464
0.96188666,0.02624536,0.00009614
0.96198669,0.02597860,0.00002807
0.96208667,0.02584217,-0.00000691
0.96218671,0.02534287,-0.00015052
0.96228668,0.02749434,0.00025485
0.96238672,0.02709032,-0.00006893
0.96248676,0.02519391,-0.00025946
0.96258673,0.02570025,0.00012792
0.96268677,0.02738369,0.00067676
0.96278674,0.02733677,0.00083342
0.96288678,0.02523269,0.00035865
0.96298676,0.02519563,0.00042599
0.96308679,0.02501083,0.00043146
0.96318677,0.02576845,0.00011448
0.96328680,0.02556841,-0.00000079
0.96338684,0.02474097,-0.00029697
0.96348682,0.02438259,-0.00026420
0.96358685,0.02546217,-0.00013550
0.96368683,0.02364980,-0.00092606
0.96378687,0.02385488,-0.00053545
0.96388684,0.02380109,-0.00043884
0.96398688,0.02326048,-0.00031034
0.96408685,0.02369127,-0.00022287
0.96418689,0.02551063,0.00017346
0.96428687,0.02432218,-0.00013603
0.96438690,0.02437799,-0.00006653
0.96448694,0.02505366,0.00032640
0.96458691,0.02454365,0.00016749
0.96468695,0.02679051,0.00084234
0.96478693,0.02639430,0.00055179
0.96488696,0.02626073,0.00054835
0.96498694,0.02451602,0.00006467
0.96508698,0.02615830,0.00032200
0.96518695,0.02621614,0.00006515
0.96528699,0.02623939,-0.00010804
0.96538696,0.02576662,-0.00022560
0.96548700,0.02494308,-0.00050857
0.96558704,0.02678184,0.00006744
0.96568701,0.02645016,0.00004674
0.96578705,0.02578804,0.00015137
0.96588702,0.02479203,0.00001300
0.96598706,0.02550738,0.00019726
0.96608704,0.02626665,0.00060612
0.96618707,0.02570680,0.00047645
0.96628705,0.02425644,-0.00004244
0.96638708,0.02461966,-0.00005733
0.96648706,0.02537308,-0.00016363
0.96658710,0.02564542,-0.00029280
0.96668713,0.02458168,-0.00058553
0.96678711,0.02423619,-0.00034146
0.96688715,0.02422082,-0.00027278
0.96698712,0.02425824,-0.00023686
0.96708716,0.02437767,-0.00058162
0.96718713,0.02466395,-0.00025197
0.96728717,0.02473716,-0.00008454
0.96738715,0.02439929,-0.00048704
0.96748718,0.02545036,-0.00008998
0.96758722,0.02489394,-0.00007590
0.96768719,0.02550375,-0.00006391
0.96778723,0.02845447,-0.00021314
0.96788721,0.03179096,0.00029652
0.96798724,0.03567934,0.00076699
0.96808722,0.03564187,0.00063267
0.96818726,0.03796420,0.00102194
0.96828723,0.03866944,0.00117512
0.96838727,0.03429721,0.00027890
0.96848724,0.08499742,0.08499666
0.96858728,0.08499745,0.08499610
0.96868732,0.08499716,0.08499702
0.96878729,0.08499746,0.08499732
0.96888733,0.08499751,0.08497358
0.96898730,0.08499769,0.08497252
0.96908734,0.08499757,0.08496980
0.96918732,0.08499745,0.08496843
0.96928735,0.02538187,0.02932896
0.96938733,0.02447498,0.02497869
0.96948737,0.02400912,0.02086974
0.96958734,0.02311244,0.01741850
0.96968738,0.02038481,0.01498222
0.96978741,0.01897845,0.01166437
0.96988739,0.01706251,0.00901056
0.96998743,0.01610695,0.00668519
0.97008740,0.01545045,0.00380937
0.97018744,0.01523032,0.00177115
0.97028741,0.01421460,0.00047198
0.97038745,0.01448446,-0.00149154
0.97048743,0.01437119,-0.00327339
0.97058746,0.01432598,-0.00526197
0.97068744,0.01398165,-0.00669625
0.97078748,0.01531921,-0.00846189
0.97088751,0.01552692,-0.00920151
0.97098749,0.01531522,-0.00892737
0.97108752,0.01580734,-0.00911507
0.97118750,0.01650445,-0.00939800
0.97128754,0.01731173,-0.00907429
0.97138751,0.01830467,-0.00860183
0.97148755,0.01734157,-0.00722570
0.97158752,0.01784967,-0.00643124
0.97168756,0.01780079,-0.00560108
0.97178760,0.01876836,-0.00490692
0.97188757,0.01840864,-0.00390720
0.97198761,0.01891942,-0.00326862
0.97208759,0.01827231,-0.00234520
0.97218762,0.01891649,-0.00158009
0.97228760,0.01894066,-0.00093956
0.97238763,0.01814332,-0.00016127
0.97248761,0.01921166,0.00032080
0.97258765,0.01808359,0.00075849
0.97268762,0.01906134,0.00089505
0.97278766,0.01836534,0.00115768
0.97288770,0.01786288,0.00160118
0.97298767,0.01792243,0.00129375
0.97308771,0.01822592,0.00158466
0.97318768,0.01690142,0.00167020
0.97328772,0.01430864,0.00232002
0.97338770,0.01440507,0.00226263
0.97348773,0.01436403,0.00201156
0.97358771,0.01421886,0.00168851
0.97368774,0.01561466,0.00158892
0.97378772,0.01564885,0.00127162
0.97388776,0.01477059,0.00111831
0.97398779,0.01475637,0.00071338
0.97408777,0.01255230,0.00090476
0.97418781,0.01407257,0.00049612
0.97428778,0.01291358,0.00004482
0.97438782,0.01284818,-0.00006943
0.97448779,0.01410414,-0.00021717
0.97458783,0.01406052,-0.00024224
0.97468781,0.01350624,0.00009820
0.97478784,0.01379768,-0.00017195
0.97488782,0.01443703,-0.00038248
0.97498785,0.01361628,-0.00022510
0.97508789,0.01430199,-0.00027881
0.97518787,0.01314491,-0.00007541
0.97528790,0.01267771,-0.00005292
0.97538788,0.01372229,-0.00029554
0.97548792,0.01411396,-0.00042716
0.97558789,0.01416511,-0.00036638
0.97568793,0.01311712,-0.00027015
0.97578790,0.01329323,-0.00039377
0.97588794,0.01310347,-0.00071930
0.97598798,0.01368299,-0.00101271
0.97608795,0.01519463,-0.00131891
0.97618799,0.01532539,-0.00140122
0.97628796,0.01445181,-0.00090338
0.97638800,0.01541881,-0.00073980
0.97648798,0.01562075,-0.00037804
0.97658801,0.01450458,-0.00003193
0.97668799,0.01486998,0.00013650
0.97678802,0.01507072,0.00029064
0.97688800,0.01546299,0.00003750
0.97698804,0.01603820,0.00002274
0.97708807,0.01397155,0.00069975
0.97718805,0.01442705,0.00028366
0.97728809,0.01597376,0.00020101
0.97738806,0.01476456,0.00024478
0.97748810,0.01483683,0.00033168
0.97758807,0.01577780,0.00009828
0.97768811,0.01673299,-0.00001887
0.97778809,0.01676924,-0.00003631
0.97788812,0.01739980,-0.00048467
0.97798810,0.01815549,-0.00070874
0.97808813,0.01755752,-0.00075424
0.97818817,0.01745704,-0.00050882
0.97828815,0.01693132,-0.00016019
0.97838818,0.01685320,0.00000855
0.97848816,0.01671679,0.00025172
0.97858820,0.01703405,0.00038216
0.97868817,0.01699106,0.00046734
0.97878821,0.01660672,0.00044937
0.97888818,0.01723192,-0.00014107
0.97898822,0.01807215,-0.00025470
0.97908820,0.01874164,-0.00041701
0.97918823,0.01806788,-0.00027875
0.97928827,0.01932725,-0.00050840
0.97938824,0.01954404,-0.00082341
0.97948828,0.01960010,-0.00048729
0.97958826,0.02023255,-0.00051240
0.97968829,0.01905466,-0.00032603
0.97978827,0.01872836,-0.00042263
0.97988831,0.01930831,-0.00046567
0.97998828,0.02086254,-0.00044767
0.98008832,0.02067754,-0.00031570
0.98018829,0.02057016,-0.00029777
0.98028833,0.02192297,-0.00025295
0.98038837,0.02130486,-0.00020608
0.98048834,0.02134590,-0.00016866
0.98058838,0.02166419,0.00005136
0.98068835,0.02270582,-0.00013084
0.98078839,0.02187152,0.00006944
0.98088837,0.02327413,-0.00023118
0.98098840,0.02297570,-0.00029468
0.98108838,0.02182517,-0.00026559
0.98118842,0.02114426,-0.00035071
0.98128845,0.02209459,-0.00041257
0.98138843,0.02281953,-0.00022918
0.98148846,0.02261696,-0.00037240
0.98158844,0.02276627,-0.00014622
0.98168848,0.02420062,-0.00007369
0.98178845,0.02440128,-0.00012949
0.98188849,0.02384513,-0.00011720
0.98198846,0.02487131,-0.00012815
0.98208850,0.02541072,-0.00028608
0.98218848,0.02455047,-0.00017309
0.98228851,0.02310962,-0.00025345
0.98238855,0.02489559,-0.00024499
0.98248853,0.02494729,-0.00033389
0.98258856,0.02549014,-0.00038852
0.98268854,0.02415824,-0.00039789
0.98278857,0.02669168,-0.00066380
0.98288855,0.02632598,-0.00084447
0.98298859,0.02535121,-0.00074301
0.98308856,0.02588595,-0.00057569
0.98318860,0.02657005,-0.00059295
0.98328857,0.02594701,-0.00032914
0.98338861,0.02442046,-0.00005214
0.98348865,0.02493263,0.00011116
0.98358862,0.02685072,0.00013163
0.98368866,0.02705131,0.00028143
0.98378864,0.02710717,0.00030247
0.98388867,0.02623544,0.00052105
0.98398865,0.02824352,0.00021662
0.98408868,0.02787060,0.00010330
0.98418866,0.02815456,-0.00003337
0.98428870,0.02794806,-0.00019198
0.98438867,0.02873112,-0.00046391
0.98448871,0.02863787,-0.00022142
0.98458875,0.02866568,0.00001681
0.98468872,0.02764842,0.00009894
0.98478876,0.02927281,0.00015486
0.98488873,0.02886449,0.00035881
0.98498877,0.02803938,0.00029791
0.98508875,0.02747397,0.00025518
0.98518878,0.02692767,0.00027563
0.98528876,0.02960283,0.00034879
0.98538879,0.02927096,0.00036609
0.98548883,0.02870899,0.00040740
0.98558881,0.02794746,0.00040924
0.98568884,0.02654422,0.00030096
0.98578882,0.02652749,0.00016460
0.98588885,0.02806117,0.00005116
0.98598883,0.02888248,-0.00012464
0.98608887,0.02877964,-0.00030453
0.98618884,0.02753096,-0.00055862
0.98628888,0.03013421,-0.00084045
0.98638885,0.02932391,-0.00064411
0.98648889,0.02787070,-0.00031684
0.98658893,0.02877897,-0.00005520
0.98668890,0.02793266,0.00013882
0.98678894,0.02904849,0.00014420
0.98688892,0.02855109,0.00015729
0.98698895,0.02872704,0.00026140
0.98708893,0.02751139,0.00032615
0.98718896,0.02705551,0.00023635
0.98728894,0.02866324,-0.00009065
0.98738898,0.02838156,-0.00007826
0.98748895,0.02809937,0.00007377
0.98758899,0.02733667,0.00021383
0.98768903,0.02603747,0.00016583
0.98778900,0.02623872,0.00026547
0.98788904,0.02758450,0.00000806
0.98798901,0.02720757,-0.00015833
0.98808905,0.02599062,-0.00021936
0.98818903,0.02536561,-0.00002004
0.98828906,0.02619774,0.00011962
0.98838904,0.02679044,0.00006229
0.98848907,0.02626768,0.00016260
0.98858905,0.02728592,0.00027053
0.98868909,0.02666125,0.00036011
0.98878912,0.02478129,0.00048207
0.98888910,0.02690393,0.00027067
0.98898914,0.02687301,0.00021767
0.98908911,0.02638536,0.00001458
0.98918915,0.02592139,-0.00038848
0.98928912,0.02460237,-0.00041700
0.98938916,0.02599457,-0.00027810
0.98948914,0.02702244,-0.00050642
0.98958917,0.02624321,-0.00055479
0.98968921,0.02875634,-0.00071900
0.98978918,0.02690851,-0.00031186
0.98988922,0.02737619,-0.00027093
0.98998920,0.02685425,-0.00018416
0.99008923,0.02640107,-0.00001818
0.99018921,0.02602499,0.00016421
0.99028925,0.02495356,0.00040635
0.99038922,0.02463186,0.00051315
0.99048926,0.02695166,0.00037044
0.99058923,0.02642191,0.00034390
0.99068927,0.02626054,0.00040845
0.99078931,0.02565110,0.00033560
0.99088928,0.02682294,0.00008866
0.99098932,0.02694451,-0.00013976
0.99108929,0.02527670,-0.00015812
0.99118933,0.02665589,-0.00017834
0.99128931,0.02518349,-0.00032567
0.99138934,0.02631760,-0.00017616
0.99148932,0.02772154,-0.00016791
0.99158936,0.02715214,0.00004409
0.99168933,0.02707792,0.00021750
0.99178937,0.02551603,0.00024818
0.99188940,0.02752837,0.00036120
0.99198938,0.02656359,0.00025542
0.99208942,0.02588605,0.00013886
0.99218939,0.02507907,0.00006378
0.99228943,0.02619216,0.00020560
0.99238940,0.02635145,-0.00022088
0.99248944,0.02692265,0.00004325
0.99258942,0.02598382,-0.00002395
0.99268945,0.02628700,-0.00005562
0.99278943,0.02673738,-0.00017436
0.99288947,0.02715994,-0.00014727
0.99298950,0.02413627,-0.00026972
0.99308948,0.02434599,-0.00015435
0.99318951,0.02339317,-0.00018540
0.99328949,0.02522332,-0.00024480
0.99338953,0.02533105,0.00003956
0.99348950,0.02439782,0.00015378
0.99358954,0.02265794,0.00022848
0.99368951,0.02295630,0.00064040
0.99378955,0.02330441,0.00052419
0.99388959,0.02347724,0.00061155
0.99398956,0.02412092,0.00042170
0.99408960,0.02417216,0.00020595
0.99418958,0.02349678,-0.00006525
0.99428961,0.02492737,-0.00007356
0.99438959,0.02322226,-0.00004301
0.99448962,0.02361448,-0.00012207
0.99458960,0.02471619,-0.00021665
0.99468964,0.02689077,-0.00103858
0.99478961,0.02926618,-0.00136077
0.99488965,0.03416594,-0.00286221
0.99498969,0.03928896,-0.00505035
0.99508966,0.04119059,-0.00735615
0.99518970,0.03912903,-0.00932570
0.99528967,0.08499747,0.08495997
0.99538971,0.08499662,0.08495752
0.99548969,0.08499687,0.08496638
0.99558972,0.08499676,0.08499762
0.99568970,0.08499655,0.08499791
0.99578973,0.08499674,0.08499781
0.99588971,0.08499619,0.08499780
0.99598975,0.02717625,-0.02312682
0.99608978,0.02651839,-0.01599306
0.99618976,0.02552547,-0.01184059
0.99628979,0.02317527,-0.00770462
0.99638977,0.02086029,-0.00501778
0.99648981,0.01989453,-0.00259989
0.99658978,0.01832432,-0.00104473
0.99668982,0.01688082,0.00072645
0.99678979,0.01616433,0.00156712
0.99688983,0.01578840,0.00194160
0.99698981,0.01576716,0.00308494
0.99708984,0.01542843,0.00334624
0.99718988,0.01466301,0.00339910
0.99728986,0.01445009,0.00328646
0.99738989,0.01497558,0.00285998
0.99748987,0.01491261,0.00258528
0.99758990,0.01496748,0.00219494
0.99768988,0.01539256,0.00193549
0.99778992,0.01551315,0.00166867
0.99788989,0.01570934,0.00159181
0.99798993,0.01608583,0.00163750
0.99808990,0.01710021,0.00147754
0.99818994,0.01684855,0.00120645
0.99828998,0.01803420,0.00101370
0.99838995,0.01816980,0.00081235
0.99848999,0.01933802,0.00057703
0.99858997,0.01856055,-0.00008955
0.99869000,0.01939046,-0.00020844
0.99878998,0.01875074,-0.00048636
0.99889001,0.02005482,-0.00035702
0.99898999,0.01940362,-0.00051806
0.99909003,0.01907134,-0.00022347
0.99919006,0.01989738,0.00011596
0.99929004,0.01961966,0.00037386
0.99939008,0.01999017,0.00032823
0.99949005,0.01936594,0.00036936
0.99959009,0.01976314,0.00024249
0.99969006,0.01855840,0.00006710
0.99979010,0.01840252,-0.00020409
0.99989008,0.01941552,-0.00027627
0.99999011,0.01887253,-0.00029778
1.00009009,0.01886315,-0.00024519
1.00019012,0.01759757,-0.00011909
1.00029016,0.01615762,-0.00045278
1.00039014,0.01679019,-0.00046926
1.00049017,0.01665827,-0.00050016
1.00059015,0.01653077,-0.00049636
1.00069019,0.01708352,-0.00068022
1.00079016,0.01594189,-0.00058397
1.00089020,0.01577118,-0.00013454
1.00099017,0.01542035,-0.00006689
1.00109021,0.01486324,-0.00010964
1.00119019,0.01540659,0.00044437
1.00129022,0.01539121,0.00047572
1.00139026,0.01403714,0.00022792
1.00149023,0.01350458,-0.00016856
1.00159027,0.01401161,-0.00039981
1.00169025,0.01362117,-0.00064629
1.00179028,0.01427634,-0.00078816
1.00189026,0.01438763,-0.00054499
1.00199030,0.01363514,0.00005469
1.00209027,0.01312432,-0.00001890
1.00219031,0.01338608,0.00042108
1.00229028,0.01363576,0.00026137
1.00239032,0.01219959,0.00017182
1.00249036,0.01325826,0.00006307
1.00259033,0.01478088,0.00012385
1.00269037,0.01503456,0.00016673
1.00279034,0.01526856,0.00034883
1.00289038,0.01555013,0.00037720
1.00299036,0.01522668,0.00053775
1.00309039,0.01420036,0.00071270
1.00319037,0.01534352,0.00089983
1.00329041,0.01491644,0.00038417
1.00339044,0.01414349,0.00016195
1.00349042,0.01516731,-0.00031155
1.00359045,0.01471256,-0.00062595
1.00369043,0.01380512,-0.00054952
1.00379047,0.01498497,-0.00084685
1.00389044,0.01558277,-0.00059516
1.00399048,0.01519799,-0.00077738
1.00409045,0.01521104,-0.00044685
1.00419049,0.01561916,-0.00043082
1.00429047,0.01508667,-0.00011636
1.00439050,0.01451088,-0.00024599
1.00449054,0.01484588,0.00009739
1.00459052,0.01570889,-0.00010552
1.00469055,0.01619793,-0.00030246
1.00479053,0.01583958,-0.00052600
1.00489056,0.01674220,-0.00042988
1.00499054,0.01750548,-0.00039702
1.00509058,0.01736376,0.00002007
1.00519055,0.01838240,-0.00000311
1.00529059,0.01760186,0.00003930
1.00539056,0.01639855,-0.00001178
1.00549060,0.01767004,0.00025459
1.00559064,0.01791237,0.00002509
1.00569061,0.01699639,-0.00014074
1.00579065,0.01816954,0.00018220
1.00589062,0.01858514,-0.00012463
1.00599066,0.01852419,0.00023864
1.00609064,0.02040235,0.00062025
1.00619067,0.01939505,0.00055032
1.00629065,0.01899645,0.00057774
1.00639069,0.02011772,0.00086170
1.00649066,0.01902044,0.00051040
1.00659070,0.01910202,0.00006493
1.00669073,0.02036374,0.00019525
1.00679071,0.02034811,-0.00009348
1.00689075,0.02069897,-0.00032728
1.00699072,0.02135786,-0.00024296
1.00709076,0.02148439,-0.00021837
1.00719073,0.02151475,-0.00032114
1.00729077,0.02263041,-0.00020590
1.00739075,0.02193861,-0.00023132
1.00749078,0.02257607,-0.00019193
1.00759082,0.02365630,-0.00013421
1.00769080,0.02252128,-0.00032798
1.00779083,0.02344487,-0.00007986
1.00789081,0.02403525,0.00007954
1.00799084,0.02460725,-0.00004750
1.00809082,0.02292592,-0.00027478
1.00819086,0.02467222,-0.00000488
1.00829083,0.02520070,0.00000225
1.00839087,0.02478781,0.00007187
1.00849084,0.02541940,0.00012699
1.00859088,0.02542065,-0.00029909
1.00869092,0.02518719,-0.00040642
1.00879089,0.02512954,-0.00029245
1.00889093,0.02681808,-0.00017784
1.00899091,0.02502523,-0.00032584
1.00909094,0.02664517,0.00027681
1.00919092,0.02712537,0.00048837
1.00929095,0.02555848,0.00028269
1.00939093,0.02526914,0.00022036
1.00949097,0.02563854,0.00057357
1.00959094,0.02787849,0.00089486
1.00969098,0.02646339,0.00038184
1.00979102,0.02626280,0.00015111
1.00989099,0.02671712,0.00006585
1.00999103,0.02810963,0.00019298
1.01009100,0.02801143,0.00007315
1.01019104,0.02619286,-0.00001012
1.01029102,0.02723289,0.00005818
1.01039105,0.02774449,0.00011090
1.01049103,0.02919266,0.00016078
1.01059106,0.02973288,0.00033187
1.01069104,0.02852356,-0.00006560
1.01079108,0.02839315,-0.00007041
1.01089111,0.02727978,-0.00038205
1.01099109,0.02678635,-0.00032335
1.01109113,0.02777463,0.00002159
1.01119110,0.02932385,0.00036696
1.01129114,0.02955721,0.00052114
1.01139111,0.02872522,0.00024455
1.01149115,0.02813157,0.00018504
1.01159113,0.02979057,0.00025979
1.01169116,0.02966776,-0.00010505
1.01179120,0.02752963,-0.00077013
1.01189117,0.02726372,-0.00078857
1.01199121,0.02882309,-0.00051584
1.01209119,0.02981167,-0.00009604
1.01219122,0.02869993,-0.00006420
1.01229120,0.02866673,-0.00002812
1.01239124,0.03005212,0.00051358
1.01249121,0.03031198,0.00044171
1.01259125,0.02879315,0.00026641
1.01269122,0.02851835,0.00020955
1.01279126,0.02784069,-0.00027269
1.01289130,0.02964550,0.00034052
1.01299127,0.02902571,0.00030054
1.01309131,0.02825352,0.00026784
1.01319128,0.02780736,0.00004489
1.01329132,0.02933119,0.00062358
1.01339130,0.02927019,0.00039392
1.01349133,0.02893109,0.00025776
1.01359131,0.02771672,-0.00031879
1.01369135,0.02712449,-0.00057032
1.01379132,0.02921173,-0.00048045
1.01389136,0.02841220,-0.00037055
1.01399139,0.02785127,-0.00041732
1.01409137,0.02822207,-0.00009809
1.01419141,0.02753279,-0.00023116
1.01429138,0.02769792,-0.00003304
1.01439142,0.02899960,0.00059664
1.01449139,0.02768268,0.00039799
1.01459143,0.02739626,0.00026391
1.01469141,0.02611542,-0.00017745
1.01479144,0.02902832,0.00045057
1.01489142,0.02863720,0.00010945
1.01499146,0.02725187,-0.00039101
1.01509149,0.02631152,-0.00058597
1.01519147,0.02640227,-0.00030214
1.01529150,0.02825836,0.00018930
1.01539148,0.02797244,0.00024474
1.01549152,0.02619111,-0.00023931
1.01559149,0.02540207,-0.00038008
1.01569153,0.02620842,0.00025294
1.01579150,0.02722770,-0.00014603
1.01589154,0.02675061,-0.00010960
1.01599158,0.02631700,-0.00004408
1.01609155,0.02494929,-0.00023919
1.01619159,0.02578825,0.00014958
1.01629156,0.02606767,0.00060446
1.01639160,0.02531531,0.00061331
1.01649158,0.02500789,0.00044268
1.01659161,0.02363889,0.00001095
1.01669159,0.02546360,0.00020462
1.01679163,0.02541892,0.00008967
1.01689160,0.02464436,-0.00012932
1.01699164,0.02511554,-0.00008423
1.01709167,0.02423583,-0.00044607
1.01719165,0.02438361,-0.00043795
1.01729169,0.02592407,0.00020699
1.01739166,0.02528120,-0.00007651
1.01749170,0.02436327,-0.00013468
1.01759167,0.02432033,0.00014759
1.01769171,0.02627490,0.00031175
1.01779169,0.02574889,0.00018729
1.01789172,0.02571132,0.00040979
1.01799170,0.02454995,-0.00018397
1.01809174,0.02392553,-0.00020628
1.01819177,0.02453929,-0.00022721
1.01829175,0.02412990,0.00002658
1.01839178,0.02422750,0.00006501
1.01849176,0.02340381,-0.00019317
1.01859180,0.02306697,-0.00037938
1.01869177,0.02473764,-0.00014077
1.01879181,0.02527542,0.00005387
1.01889178,0.02528370,-0.00006414
1.01899182,0.02391325,-0.00021929
1.01909180,0.02555906,0.00026840
1.01919183,0.02697593,0.00077715
1.01929187,0.02559610,0.00039420
1.01939185,0.02567899,0.00080053
1.01949188,0.02536241,0.00069456
1.01959186,0.02709996,0.00060502
1.01969189,0.02583217,0.00037293
1.01979187,0.02426843,-0.00017957
1.01989191,0.02412976,-0.00041632
1.01999188,0.02456964,-0.00053312
1.02009192,0.02412398,-0.00052530
1.02019189,0.02383962,-0.00041707
1.02029193,0.02376065,-0.00027524
1.02039197,0.02384336,-0.00025782
1.02049194,0.02362288,-0.00024745
1.02059198,0.02412308,-0.00032473
1.02069196,0.02506075,-0.00001595
1.02079199,0.02403526,-0.00032395
1.02089197,0.02487408,-0.00022486
1.02099200,0.02464721,-0.00017717
1.02109198,0.02566280,0.00010487
1.02119202,0.02462454,-0.00012380
1.02129205,0.02542028,-0.00000484
1.02139203,0.03115143,0.00016713
1.02149207,0.03470729,0.00057770
1.02159204,0.03821116,0.00132816
1.02169208,0.03653316,0.00009916
1.02179205,0.03816799,-0.00011613
1.02189209,0.04119461,0.00054545
1.02199207,0.03544851,-0.00173580
1.02209210,0.08499744,0.08499649
1.02219208,0.08499740,0.08499631
1.02229211,0.08499719,0.08499683
1.02239215,0.08499742,0.08499726
1.02249213,0.08499747,0.08497161
1.02259216,0.08499753,0.08497728
1.02269214,0.08499749,0.08497158
1.02279218,0.08499737,0.08496873
1.02289215,0.02563941,0.02957878
1.02299219,0.02506537,0.02514765
1.02309216,0.02424444,0.02114310
1.02319220,0.02299995,0.01718404
1.02329218,0.01998016,0.01523051
1.02339221,0.01930060,0.01142063
1.02349225,0.01740600,0.00932161
1.02359222,0.01648970,0.00640333
1.02369226,0.01497017,0.00394524
1.02379224,0.01453720,0.00222392
1.02389227,0.01394539,0.00025735
1.02399225,0.01367629,-0.00157318
1.02409229,0.01345957,-0.00367679
1.02419226,0.01349962,-0.00588115
1.02429224,0.01365256,-0.00738264
1.02439233,0.01372510,-0.00848604
1.02449231,0.01435944,-0.00926802
1.02459229,0.01560209,-0.00981867
1.02469238,0.01542920,-0.00937635
1.02479236,0.01524104,-0.00840789
1.02489233,0.01633412,-0.00851288
1.02499231,0.01651596,-0.00766209
1.02509241,0.01788375,-0.00727170
1.02519238,0.01739342,-0.00631430
1.02529236,0.01821686,-0.00586867
1.02539233,0.01877955,-0.00520189
1.02549243,0.01751538,-0.00394036
1.02559241,0.01861628,-0.00360004
1.02569238,0.01793248,-0.00235072
1.02579248,0.01897501,-0.00174467
1.02589246,0.01749015,-0.00089944
1.02599243,0.01650534,0.00008717
1.02609241,0.01763494,-0.00016459
1.02619250,0.01734582,0.00021575
1.02629248,0.01816703,0.00037186
1.02639246,0.01751877,0.00072427
1.02649243,0.01598862,0.00162109
1.02659253,0.01622351,0.00163842
1.02669250,0.01415672,0.00187440
1.02679248,0.01456287,0.00195092
1.02689258,0.01622643,0.00187558
1.02699255,0.01645773,0.00201782
1.02709253,0.01689245,0.00180262
1.02719250,0.01675168,0.00157071
1.02729260,0.01584422,0.00152809
1.02739258,0.01652339,0.00121397
1.02749255,0.01558742,0.00087383
1.02759265,0.01592767,0.00075131
1.02769263,0.01575517,0.00056628
1.02779260,0.01512691,0.00041268
1.02789258,0.01479698,0.00034955
1.02799268,0.01470542,0.00060943
1.02809265,0.01514648,0.00012597
1.02819263,0.01607916,0.00011969
1.02829260,0.01613969,0.00009341
1.02839270,0.01508475,-0.00000774
1.02849268,0.01505008,-0.00007503
1.02859265,0.01532998,-0.00008738
1.02869275,0.01565352,-0.00013828
1.02879272,0.01480820,0.00000893
1.02889270,0.01447075,0.00006689
1.02899268,0.01335021,0.00012140
1.02909277,0.01372331,-0.00005529
1.02919275,0.01321139,-0.00011101
1.02929272,0.01286690,-0.00035658
1.02939270,0.01344730,-0.00054566
1.02949280,0.01430821,-0.00104996
1.02959277,0.01426274,-0.00123628
1.02969275,0.01372877,-0.00068126
1.02979285,0.01414296,-0.00071406
1.02989282,0.01466252,-0.00057012
1.02999280,0.01407110,-0.00017060
1.03009277,0.01436814,-0.00017632
1.03019287,0.01467373,-0.00007093
1.03029285,0.01542743,-0.00016544
1.03039282,0.01538758,-0.00045557
1.03049280,0.01575371,-0.00027136
1.03059290,0.01613280,-0.00048040
1.03069287,0.01535012,-0.00011639
1.03079285,0.01537487,-0.00051995
1.03089294,0.01629977,-0.00046115
1.03099292,0.01569249,-0.00027421
1.03109290,0.01548779,-0.00020383
1.03119287,0.01657031,-0.00053573
1.03129297,0.01685404,-0.00063342
1.03139294,0.01633095,-0.00042469
1.03149292,0.01621032,-0.00038464
1.03159290,0.01598730,0.00001107
1.03169299,0.01653421,-0.00013977
1.03179297,0.01653653,-0.00011897
1.03189294,0.01611701,-0.00002456
1.03199304,0.01681232,0.00015622
1.03209302,0.01750288,0.00019786
1.03219299,0.01758546,0.00002663
1.03229297,0.01763510,-0.00030919
1.03239307,0.01769224,0.00012124
1.03249304,0.01719786,0.00013738
1.03259302,0.01804773,-0.00063124
1.03269299,0.01780976,-0.00043219
1.03279309,0.01843774,-0.00051352
1.03289307,0.01896995,-0.00054849
1.03299304,0.01821848,-0.00042311
1.03309314,0.01875789,-0.00011936
1.03319312,0.01968313,-0.00006835
1.03329309,0.01912341,0.00011198
1.03339307,0.01857177,0.00015365
1.03349316,0.01854095,0.00005085
1.03359314,0.02047567,-0.00040989
1.03369312,0.01891163,0.00011344
1.03379309,0.01843317,0.00040868
1.03389319,0.01934170,0.00018562
1.03399316,0.02075680,0.00013748
1.03409314,0.02042635,0.00014338
1.03419324,0.02070358,0.00006477
1.03429321,0.02117343,-0.00026739
1.03439319,0.02112593,-0.00025859
1.03449316,0.02219220,-0.00057984
1.03459326,0.02187644,-0.00054055
1.03469324,0.02399418,-0.00079664
1.03479321,0.02275084,-0.00053772
1.03489319,0.02197993,-0.00000993
1.03499329,0.02387775,-0.00025679
1.03509326,0.02338612,0.00007489
1.03519324,0.02378991,0.00004583
1.03529333,0.02330696,0.00007466
1.03539331,0.02502882,-0.00014850
1.03549329,0.02401598,-0.00023839
1.03559326,0.02331920,-0.00028879
1.03569336,0.02265551,-0.00001561
1.03579333,0.02455064,-0.00049702
1.03589331,0.02483469,-0.00044848
1.03599329,0.02318021,0.00003834
1.03609338,0.02399842,-0.00052160
1.03619336,0.02446067,-0.00044266
1.03629333,0.02545119,-0.00061464
1.03639343,0.02615610,-0.00095771
1.03649341,0.02520303,-0.00082780
1.03659338,0.02490465,-0.00065829
1.03669336,0.02491862,-0.00041809
1.03679346,0.02691110,-0.00048086
1.03689343,0.02547739,-0.00022741
1.03699341,0.02524331,0.00013896
1.03709351,0.02635263,0.00031022
1.03719348,0.02828565,-0.00007081
1.03729346,0.02703005,0.00014094
1.03739343,0.02622913,0.00005452
1.03749353,0.02632951,-0.00029107
1.03759351,0.02723433,-0.00043382
1.03769348,0.02887420,-0.00044841
1.03779346,0.02584022,-0.00020453
1.03789355,0.02648410,-0.00007909
1.03799353,0.02762346,-0.00001080
1.03809351,0.02640119,0.00019594
1.03819360,0.02860094,0.00034268
1.03829358,0.02906235,0.00041659
1.03839355,0.02824675,0.00037009
1.03849353,0.02724974,-0.00001153
1.03859363,0.02768138,0.00024325
1.03869360,0.02847695,0.00021934
1.03879358,0.02831353,0.00002941
1.03889355,0.02761708,0.00016404
1.03899365,0.02792985,0.00048437
1.03909363,0.02742243,0.00056900
1.03919360,0.02716121,0.00033225
1.03929370,0.02823070,0.00003987
1.03939368,0.02813479,-0.00004877
1.03949365,0.02754272,-0.00017814
1.03959363,0.02742999,-0.00040465
1.03969373,0.02653096,-0.00042382
1.03979370,0.02731501,-0.00037108
1.03989368,0.02812240,-0.00011999
1.03999365,0.02923486,0.00008834
1.04009375,0.02988236,0.00000576
1.04019373,0.02819051,0.00025973
1.04029370,0.02909858,0.00031148
1.04039380,0.02861542,0.00035220
1.04049377,0.03027339,0.00004544
1.04059375,0.02977723,-0.00022338
1.04069373,0.02911597,-0.00009632
1.04079382,0.02881142,-0.00008510
1.04089380,0.02917724,0.00001918
1.04099377,0.02830958,0.00015560
1.04109375,0.02836490,0.00004013
1.04119385,0.02978463,0.00000170
1.04129382,0.03135281,-0.00009788
1.04139380,0.02859835,0.00000566
1.04149390,0.02791542,0.00010708
1.04159387,0.02774022,0.00000566
1.04169385,0.02781259,0.00008755
1.04179382,0.02774547,-0.00000618
1.04189392,0.02956383,-0.00018313
1.04199390,0.02821339,0.00008394
1.04209387,0.02680606,0.00043378
1.04219385,0.02666055,0.00052599
1.04229395,0.02752397,0.00042193
1.04239392,0.02535965,0.00034160
1.04249390,0.02600297,-0.00000965
1.04259399,0.02596988,-0.00043484
1.04269397,0.02701919,-0.00060153
1.04279395,0.02526272,-0.00070978
1.04289392,0.02568984,-0.00067435
1.04299402,0.02521639,-0.00026897
1.04309399,0.02539627,-0.00014456
1.04319397,0.02609104,-0.00024520
1.04329395,0.02514136,0.00018687
1.04339404,0.02528287,0.00005059
1.04349402,0.02659003,0.00013640
1.04359399,0.02537415,0.00002219
1.04369409,0.02340766,-0.00018460
1.04379407,0.02502689,0.00013681
1.04389404,0.02556059,0.00021973
1.04399402,0.02565534,0.00041556
1.04409412,0.02447508,0.00052227
1.04419409,0.02439982,0.00040838
1.04429407,0.02378406,0.00032925
1.04439404,0.02488864,-0.00010864
1.04449414,0.02702172,-0.00030881
1.04459412,0.02569066,-0.00041428
1.04469409,0.02589203,-0.00030893
1.04479419,0.02523817,-0.00039722
1.04489417,0.02462037,0.00004390
1.04499414,0.02483498,0.00003280
1.04509412,0.02602056,0.00042431
1.04519421,0.02633572,0.00049933
1.04529419,0.02496307,0.00047663
1.04539417,0.02555653,0.00053565
1.04549426,0.02559873,0.00024226
1.04559424,0.02687813,-0.00010363
1.04569421,0.02523793,-0.00030607
1.04579419,0.02710090,-0.00019614
1.04589429,0.02367862,-0.00044534
1.04599426,0.02470473,-0.00022759
1.04609424,0.02404247,-0.00009821
1.04619421,0.02497525,-0.00022238
1.04629431,0.02552141,-0.00026972
1.04639429,0.02637250,-0.00014215
1.04649426,0.02434479,-0.00000422
1.04659436,0.02555647,-0.00018890
1.04669434,0.02563510,-0.00023442
1.04679431,0.02568253,-0.00028508
1.04689429,0.02622343,0.00003912
1.04699438,0.02425091,0.00028288
1.04709436,0.02435275,0.00043910
1.04719434,0.02548222,0.00054918
1.04729431,0.02442124,0.00087925
1.04739441,0.02392641,0.00085640
1.04749438,0.02492220,0.00024888
1.04759436,0.02490241,0.00006633
1.04769446,0.02490643,-0.00018350
1.04779443,0.02520859,-0.00041699
1.04789441,0.02493858,-0.00052997
1.04799438,0.02558228,-0.00012798
1.04809448,0.02468819,0.00020924
1.04819446,0.02392605,0.00020430
1.04829443,0.03102194,-0.00078888
1.04839441,0.03543463,-0.00162048
1.04849451,0.04055681,-0.00376642
1.04859448,0.04726344,-0.00678083
1.04869446,0.05103712,-0.01161309
1.04879456,0.03690551,-0.00966132
1.04889453,0.08499684,0.08495224
1.04899451,0.08499692,0.08496024
1.04909448,0.08499704,0.08496649
1.04919458,0.08499706,0.08499750
1.04929456,0.08499640,0.08499819
1.04939453,0.08499580,0.08499822
1.04949451,0.08499599,0.08499790
1.04959460,0.02703696,-0.02520633
1.04969458,0.02689202,-0.01728365
1.04979456,0.02524573,-0.01309713
1.04989465,0.02287882,-0.01024117
1.04999463,0.02167107,-0.00735252
1.05009460,0.02010518,-0.00514853
1.05019458,0.01978526,-0.00316993
1.05029468,0.01913947,-0.00154487
1.05039465,0.01907558,0.00046075
1.05049463,0.01930571,0.00248166
1.05059460,0.01826907,0.00421782
1.05069470,0.01794414,0.00499541
1.05079468,0.01746131,0.00498107
1.05089465,0.01756370,0.00516052
1.05099475,0.01721283,0.00540126
1.05109473,0.01704264,0.00467378
1.05119470,0.01581945,0.00421753
1.05129468,0.01654264,0.00358026
1.05139478,0.01677374,0.00292636
1.05149475,0.01696939,0.00241884
1.05159473,0.01674008,0.00214122
1.05169470,0.01814897,0.00207565
1.05179480,0.01833040,0.00169818
1.05189478,0.01851953,0.00140673
1.05199475,0.01978100,0.00121778
1.05209485,0.02004653,0.00084332
1.05219482,0.02094879,0.00046060
1.05229480,0.02064756,0.00008764
1.05239478,0.02218173,0.00006983
1.05249487,0.02086245,-0.00015611
1.05259485,0.01934765,-0.00013919
1.05269482,0.02043881,-0.00003630
1.05279480,0.02023457,0.00032829
1.05289490,0.02157634,0.00028074
1.05299487,0.02026252,0.00014315
1.05309485,0.02017536,0.00011778
1.05319495,0.01826420,-0.00056442
1.05329492,0.01652467,-0.00107415
1.05339490,0.01785165,-0.00101366
1.05349487,0.01641841,-0.00128768
1.05359497,0.01716491,-0.00108099
1.05369495,0.01664930,-0.00094094
1.05379492,0.01576752,-0.00078051
1.05389502,0.01503298,-0.00060684
1.05399500,0.01592622,-0.00056894
1.05409497,0.01613724,-0.00031309
1.05419495,0.01658826,-0.00031667
1.05429504,0.01680995,-0.00020740
1.05439502,0.01536844,-0.00026785
1.05449500,0.01517648,-0.00020133
1.05459497,0.01479094,-0.00036030
1.05469507,0.01360728,-0.00033355
1.05479504,0.01369224,-0.00006644
1.05489502,0.01432448,0.00016637
1.05499512,0.01399309,-0.00003705
1.05509509,0.01298271,-0.00015038
1.05519507,0.01371474,-0.00012611
1.05529504,0.01310472,-0.00050115
1.05539514,0.01340866,-0.00057348
1.05549512,0.01455365,-0.00014112
1.05559509,0.01466392,-0.00028814
1.05569507,0.01419633,0.00000490
1.05579517,0.01403312,0.00029826
1.05589514,0.01393535,0.00050903
1.05599512,0.01429929,0.00034966
1.05609521,0.01408873,0.00051393
1.05619519,0.01410110,0.00056425
1.05629517,0.01513291,0.00064822
1.05639514,0.01462803,0.00049536
1.05649524,0.01414492,0.00020810
1.05659521,0.01418472,0.00036259
1.05669519,0.01421641,0.00030107
1.05679517,0.01514733,0.00062254
1.05689526,0.01376198,0.00028971
1.05699524,0.01402169,0.00006086
1.05709521,0.01374659,-0.00029045
1.05719531,0.01397438,-0.00069888
1.05729529,0.01318505,-0.00075328
1.05739526,0.01341544,-0.00072078
1.05749524,0.01421043,-0.00057009
1.05759534,0.01415475,-0.00048855
1.05769531,0.01355910,-0.00023918
1.05779529,0.01431691,0.00014145
1.05789526,0.01539815,0.00014213
1.05799536,0.01511414,0.00020642
1.05809534,0.01450699,0.00010696
1.05819531,0.01475835,-0.00014514
1.05829541,0.01595423,-0.00036194
1.05839539,0.01602631,-0.00081129
1.05849536,0.01596786,-0.00064088
1.05859534,0.01628918,-0.00039413
1.05869543,0.01771942,-0.00010458
1.05879541,0.01747949,-0.00006176
1.05889539,0.01805504,0.00034822
1.05899536,0.01666765,0.00042691
1.05909546,0.01648268,-0.00015357
1.05919543,0.01650851,-0.00021619
1.05929541,0.01609796,0.00013831
1.05939551,0.01784023,-0.00003299
1.05949548,0.01666477,-0.00022352
1.05959546,0.01700313,0.00013638
1.05969543,0.01722205,0.00044264
1.05979553,0.01842524,0.00029784
1.05989551,0.01840154,0.00035602
1.05999548,0.01884428,0.00018615
1.06009546,0.01970978,0.00018528
1.06019556,0.01973973,-0.00014349
1.06029553,0.01908868,-0.00046765
1.06039551,0.01904155,-0.00065037
1.06049561,0.02065617,-0.00036573
1.06059558,0.02091782,-0.00036866
1.06069556,0.02109036,-0.00008286
1.06079553,0.02174447,0.00028946
1.06089563,0.02128969,0.00000746
1.06099561,0.02128224,-0.00015701
1.06109558,0.02213681,0.00034080
1.06119556,0.02116239,-0.00007955
1.06129565,0.02117610,-0.00032042
1.06139563,0.02205604,-0.00013285
1.06149561,0.02443268,0.00006490
1.06159570,0.02371687,-0.00016106
1.06169568,0.02330413,-0.00020226
1.06179565,0.02382557,-0.00015792
1.06189563,0.02324534,-0.00023646
1.06199573,0.02374333,0.00005631
1.06209570,0.02399786,0.00010519
1.06219568,0.02493067,0.00012115
1.06229565,0.02518533,0.00007816
1.06239575,0.02497143,0.00008971
1.06249573,0.02606915,0.00004926
1.06259570,0.02596282,0.00034816
1.06269580,0.02636997,0.00053379
1.06279578,0.02543817,0.00044006
1.06289575,0.02633747,0.00076122
1.06299573,0.02802348,0.00126425
1.06309583,0.02790924,0.00120589
1.06319580,0.02714541,0.00009513
1.06329578,0.02706391,0.00021548
1.06339587,0.02816276,0.00000986
1.06349585,0.02799498,-0.00029982
1.06359583,0.02779876,-0.00027156
1.06369580,0.02730994,-0.00045049
1.06379590,0.02826549,-0.00008079
1.06389587,0.02913488,0.00010913
1.06399585,0.02916033,0.00035669
1.06409583,0.02726216,-0.00048982
1.06419592,0.02760300,-0.00025366
1.06429590,0.02961670,0.00014708
1.06439587,0.03148234,0.00026498
1.06449597,0.03022984,0.00021202
1.06459595,0.03011325,-0.00005265
1.06469592,0.02853748,-0.00026614
1.06479590,0.02892398,0.00003364
1.06489600,0.02828718,0.00025727
1.06499597,0.03000639,0.00028747
1.06509595,0.03002045,0.00018993
1.06519592,0.02921326,0.00000798
1.06529602,0.02798503,-0.00062416
1.06539600,0.02798695,-0.00059618
1.06549597,0.02803962,-0.00092184
1.06559607,0.02837547,-0.00050610
1.06569604,0.03134043,0.00023868
1.06579602,0.03022449,0.00007247
1.06589600,0.02883318,-0.00009697
1.06599609,0.02921101,0.00032550
1.06609607,0.02829504,0.00016891
1.06619604,0.02882740,0.00053732
1.06629602,0.03070368,0.00073932
1.06639612,0.03094210,0.00058374
1.06649609,0.02965231,0.00036916
1.06659607,0.02897759,0.00008712
1.06669617,0.02964219,0.00004216
1.06679614,0.03105724,0.00050323
1.06689612,0.02932067,0.00024261
1.06699609,0.02854723,-0.00035351
1.06709619,0.02789161,-0.00015523
1.06719617,0.02712337,-0.00067543
1.06729614,0.02747441,-0.00063826
1.06739612,0.02979774,-0.00010312
1.06749622,0.02854616,-0.00036947
1.06759619,0.02798258,-0.00034932
1.06769617,0.02755761,-0.00020888
1.06779626,0.02754695,-0.00020782
1.06789624,0.02760766,0.00023414
1.06799622,0.02952138,0.00050600
1.06809619,0.02850770,0.00045990
1.06819629,0.02797526,0.00013207
1.06829626,0.02689020,-0.00033211
1.06839624,0.02651037,-0.00040192
1.06849622,0.02690717,-0.00049385
1.06859631,0.02770736,-0.00031834
1.06869629,0.02754519,-0.00025159
1.06879626,0.02735362,0.00007627
1.06889636,0.02684910,-0.00007075
1.06899634,0.02693361,0.00012535
1.06909631,0.02663442,0.00029144
1.06919629,0.02707416,0.00028993
1.06929639,0.02630411,0.00005071
1.06939636,0.02607703,0.00022733
1.06949634,0.02585231,0.00025085
1.06959631,0.02623279,0.00039368
1.06969641,0.02621235,0.00046478
1.06979639,0.02707419,0.00067735
1.06989636,0.02635987,0.00039157
1.06999646,0.02620052,0.00041815
1.07009644,0.02574112,0.00041182
1.07019641,0.02509083,-0.00018067
1.07029639,0.02595158,-0.00021412
1.07039648,0.02629038,-0.00020649
1.07049646,0.02557103,-0.00026219
1.07059644,0.02441083,-0.00075621
1.07069641,0.02498526,-0.00045056
1.07079651,0.02494313,-0.00022723
1.07089648,0.02641945,0.00045413
1.07099646,0.02598319,0.00034966
1.07109656,0.02513284,0.00013427
1.07119653,0.02476892,0.00013373
1.07129651,0.02574024,0.00044719
1.07139648,0.02530710,-0.00022843
1.07149658,0.02643720,0.00001840
1.07159656,0.02524312,-0.00043986
1.07169653,0.02504361,-0.00029181
1.07179663,0.02423594,-0.00053416
1.07189661,0.02430282,-0.00050743
1.07199658,0.02586455,0.00008269
1.07209656,0.02652608,0.00019943
1.07219666,0.02612034,0.00007543
1.07229663,0.02511569,0.00007188
1.07239661,0.02462953,-0.00043580
1.07249658,0.02487392,-0.00020852
1.07259668,0.02635248,0.00017175
1.07269666,0.02654727,0.00039563
1.07279663,0.02575599,0.00038740
1.07289673,0.02421736,0.00040755
1.07299670,0.02450774,0.00055433
1.07309668,0.02490883,0.00036973
1.07319666,0.02586695,0.00039179
1.07329675,0.02606546,0.00047206
1.07339673,0.02561982,0.00011447
1.07349670,0.02518373,-0.00012804
1.07359668,0.02407182,-0.00067086
1.07369678,0.02445826,-0.00047774
1.07379675,0.02452812,-0.00049714
1.07389673,0.02446499,-0.00040389
1.07399683,0.02403120,-0.00038646
1.07409680,0.02415358,0.00001276
1.07419678,0.02508445,0.00032127
1.07429675,0.02465509,0.00015945
1.07439685,0.02436371,-0.00009543
1.07449683,0.02343796,-0.00009515
1.07459680,0.02420229,0.00014222
1.07469678,0.02354670,-0.00011266
1.07479688,0.02426695,0.00002698
1.07489685,0.02602540,0.00023373
1.07499683,0.02718306,-0.00048207
1.07509692,0.02912382,-0.00152459
1.07519690,0.03001970,-0.00277684
1.07529688,0.02682830,-0.00583830
1.07539685,0.08499727,0.08499680
1.07549695,0.08499727,0.08499696
1.07559692,0.08499718,0.08499701
1.07569690,0.08499715,0.08499704
1.07579687,0.08499721,0.08499704
1.07589697,0.08499722,0.08499704
1.07599695,0.08499725,0.08499703
1.07609692,0.08499725,0.08499705
1.07619702,0.08499728,0.08499704
1.07629700,0.08499726,0.08499708
1.07639697,0.08499729,0.08499709
1.07649695,0.08499732,0.08499705
1.07659705,0.08499731,0.08499702
1.07669702,0.08499734,0.08499710
1.07679700,0.08499736,0.08499701
1.07689697,0.08499739,0.08499704
1.07699707,0.08499739,0.08499711
1.07709705,0.08499742,0.08499712
1.07719702,0.08499742,0.08499705
1.07729712,0.08499742,0.08499707
1.07739709,0.08499741,0.08499715
1.07749707,0.08499742,0.08499716
1.07759705,0.08499742,0.08499717
1.07769714,0.08499739,0.08499716
1.07779712,0.08499742,0.08499714
1.07789709,0.08499744,0.08499715
1.07799707,0.08499744,0.08499714
1.07809717,0.08499746,0.08499712
1.07819714,0.08499745,0.08499707
1.07829712,0.08499747,0.08499711
1.07839722,0.08499745,0.08499712
1.07849719,0.08499746,0.08499712
1.07859717,0.08499747,0.08499711
1.07869714,0.08499746,0.08499711
1.07879724,0.08499747,0.08499705
1.07889722,0.08499747,0.08499712
1.07899719,0.08499745,0.08499707
1.07909717,0.08499742,0.08499710
1.07919727,0.08499742,0.08499708
1.07929724,0.08499740,0.08499710
1.07939722,0.08499740,0.08499710
1.07949731,0.08499739,0.08499712
1.07959729,0.08499738,0.08499712
1.07969727,0.08499736,0.08499712
1.07979724,0.08499735,0.08499712
1.07989734,0.08499735,0.08499713
1.07999731,0.08499733,0.08499714
1.08009729,0.08499732,0.08499714
1.08019727,0.08499732,0.08499712
1.08029736,0.08499730,0.08499714
1.08039734,0.08499730,0.08499713
1.08049731,0.08499729,0.08499714
1.08059741,0.08499728,0.08499712
1.08069739,0.08499728,0.08499714
1.08079736,0.08499727,0.08499714
1.08089734,0.08499727,0.08499715
1.08099744,0.08499726,0.08499714
1.08109741,0.08499725,0.08499715
1.08119739,0.08499724,0.08499715
1.08129749,0.08499724,0.08499715
1.08139746,0.08499723,0.08499715
1.08149744,0.08499723,0.08499716
1.08159741,0.08499722,0.08499716
1.08169751,0.08499721,0.08499715
1.08179749,0.08499721,0.08499716
1.08189746,0.08499721,0.08499716
1.08199744,0.08499721,0.08499716
1.08209753,0.08499721,0.08499717
1.08219751,0.08499720,0.08499717
1.08229749,0.08499720,0.08499716
1.08239758,0.08499720,0.08499717
1.08249756,0.08499720,0.08499717
1.08259753,0.08499719,0.08499717
1.08269751,0.08499719,0.08499717
1.08279761,0.08499719,0.08499717
1.08289758,0.08499718,0.08499717
1.08299756,0.08499718,0.08499717
1.08309753,0.08499718,0.08499717
1.08319763,0.08499718,0.08499717
1.08329761,0.08499718,0.08499717
1.08339758,0.08499718,0.08499717
1.08349768,0.08499718,0.08499717
1.08359766,0.08499718,0.08499717
1.08369763,0.08499718,0.08499717
1.08379761,0.08499718,0.08499717
1.08389771,0.08499718,0.08499717
1.08399768,0.08499718,0.08499717
1.08409766,0.08499718,0.08499717
1.08419763,0.08499718,0.08499717
1.08429773,0.08499718,0.08499717
1.08439771,0.08499718,0.08499717
1.08449768,0.08499718,0.08499717
1.08459778,0.08499718,0.08499717
1.08469775,0.08499718,0.08499717
1.08479773,0.08499718,0.08499717
1.08489771,0.08499718,0.08499717
1.08499780,0.08499718,0.08499717
1.08509778,0.08499718,0.08499717
1.08519775,0.08499718,0.08499717
1.08529773,0.08499718,0.08499717
1.08539783,0.08499717,0.08499717
1.08549780,0.08499717,0.08499717
1.08559778,0.08499717,0.08499717
1.08569788,0.08499717,0.08499717
1.08579785,0.08499717,0.08499717
1.08589783,0.08499717,0.08499717
1.08599780,0.08499717,0.08499717
1.08609790,0.08499717,0.08499717
1.08619788,0.08499717,0.08499717
1.08629785,0.08499717,0.08499717
1.08639783,0.08499717,0.08499717
1.08649792,0.08499717,0.08499717
1.08659790,0.08499717,0.08499717
1.08669788,0.08499717,0.08499717
1.08679797,0.08499717,0.08499717
1.08689795,0.08499717,0.08499717
1.08699792,0.08499717,0.08499717
1.08709790,0.08499717,0.08499717
1.08719800,0.08499717,0.08499717
1.08729797,0.08499717,0.08499717
1.08739795,0.08499717,0.08499717
1.08749792,0.08499717,0.08499717
1.08759802,0.08499717,0.08499717
1.08769800,0.08499717,0.08499717
1.08779797,0.08499717,0.08499717
1.08789807,0.08499717,0.08499717
1.08799805,0.08499717,0.08499717
1.08809802,0.08499717,0.08499717
1.08819800,0.08499717,0.08499717
1.08829810,0.08499717,0.08499717
1.08839807,0.08499717,0.08499717
1.08849805,0.08499717,0.08499717
1.08859802,0.08499717,0.08499717
1.08869812,0.08499717,0.08497168
1.08879810,0.08499717,0.08497168
1.08889807,0.08499717,0.08497167
1.08899817,0.08499717,0.08497168
1.08909814,0.08499717,0.08497168
1.08919812,0.08499717,0.08497168
1.08929810,0.08499717,0.08497167
1.08939819,0.08499717,0.08497167
1.08949817,0.08499717,0.08497167
1.08959814,0.08499717,0.08497167
1.08969824,0.08499717,0.08497167
1.08979822,0.08499717,0.08497168
1.08989819,0.08499717,0.08497168
1.08999817,0.08499717,0.08497167
1.09009827,0.08499717,0.08497167
1.09019824,0.08499717,0.08497167
1.09029822,0.08499717,0.08497167
1.09039819,0.08499717,0.08497168
1.09049829,0.08499717,0.08499717
1.09059827,0.08499717,0.08499717
1.09069824,0.08499717,0.08499717
1.09079834,0.08499717,0.08499717
1.09089832,0.08499717,0.08499717
1.09099829,0.08499717,0.08499717
1.09109827,0.08499717,0.08499717
1.09119836,0.08499717,0.08499717
1.09129834,0.08499717,0.08499717
1.09139832,0.08499717,0.08499717
1.09149829,0.08499717,0.08499717
1.09159839,0.08499717,0.08499717
1.09169836,0.08499717,0.08499717
1.09179834,0.08499717,0.08499717
1.09189844,0.08499717,0.08499717
1.09199841,0.08499717,0.08499717
1.09209839,0.08499717,0.08499717
1.09219836,0.08499717,0.08499717
1.09229846,0.08499717,0.08499717
1.09239844,0.08499717,0.08499717
1.09249841,0.08499717,0.08499717
1.09259839,0.08499717,0.08499717
1.09269849,0.08499717,0.08499717
1.09279846,0.08499717,0.08499717
1.09289844,0.08499717,0.08499717
1.09299854,0.08499717,0.08499717
1.09309851,0.08499717,0.08499717
1.09319849,0.08499717,0.08499717
1.09329846,0.08499717,0.08499717
1.09339856,0.08499717,0.08499717
1.09349854,0.08499717,0.08499717
1.09359851,0.08499717,0.08499717
1.09369849,0.08499717,0.08499717
1.09379858,0.08499717,0.08499717
1.09389856,0.08499717,0.08499717
1.09399854,0.08499717,0.08499717
1.09409863,0.08499717,0.08499717
1.09419861,0.08499717,0.08499717
1.09429858,0.08499717,0.08499717
1.09439856,0.08499717,0.08499717
1.09449866,0.08499717,0.08499717
1.09459863,0.08499717,0.08499717
1.09469861,0.08499717,0.08499717
1.09479858,0.08499717,0.08499717
1.09489868,0.08499717,0.08499717
1.09499866,0.08499717,0.08499717
1.09509863,0.08499717,0.08499717
1.09519873,0.08499717,0.08499717
1.09529871,0.08499717,0.08499717
1.09539868,0.08499717,0.08499717
1.09549866,0.08499717,0.08499717
1.09559875,0.08499717,0.08499717
1.09569873,0.08499717,0.08499717
1.09579871,0.08499717,0.08499717
1.09589868,0.08499717,0.08499717
1.09599878,0.08499717,0.08499717
1.09609875,0.08499717,0.08499717
1.09619873,0.08499717,0.08499717
1.09629883,0.08499717,0.08499717
1.09639880,0.08499717,0.08499717
1.09649878,0.08499717,0.08499717
1.09659875,0.08499717,0.08499717
1.09669885,0.08499717,0.08499717
1.09679883,0.08499717,0.08499717
1.09689880,0.08499717,0.08499717
1.09699878,0.08499717,0.08499717
1.09709888,0.08499717,0.08499717
1.09719885,0.08499717,0.08499717
1.09729883,0.08499717,0.08499717
1.09739893,0.08499717,0.08499717
1.09749890,0.08499717,0.08499717
1.09759888,0.08499717,0.08497168
1.09769885,0.08499717,0.08497167
1.09779895,0.08499717,0.08497168
1.09789893,0.08499717,0.08497167
1.09799890,0.08499717,0.08497167
1.09809888,0.08499717,0.08497167
1.09819897,0.08499717,0.08497167
1.09829895,0.08499717,0.08497167
1.09839893,0.08499717,0.08497167
1.09849902,0.08499717,0.08497167
1.09859900,0.08499717,0.08497167
1.09869897,0.08499717,0.08497167
1.09879895,0.08499717,0.08497167
1.09889905,0.08499717,0.08497167
1.09899902,0.08499717,0.08497167
1.09909900,0.08499717,0.08497167
1.09919910,0.08499717,0.08497167
1.09929907,0.08499717,0.08497168
1.09939905,0.08499717,0.08497167
1.09949902,0.08499717,0.08497168
1.09959912,0.08499717,0.08497168
1.09969910,0.08499717,0.08497167
1.09979907,0.08499717,0.08497168
1.09989905,0.08499717,0.08497167
1.09999915,0.08499717,0.08497168
1.10009912,0.08499717,0.08497168
1.10019910,0.08499717,0.08497167
1.10029919,0.08499717,0.08499717
1.10039917,0.08499717,0.08499717
1.10049915,0.08499717,0.08499717
1.10059912,0.08499717,0.08499717
1.10069922,0.08499717,0.08499717
1.10079919,0.08499717,0.08499717
1.10089917,0.08499717,0.08499717
1.10099915,0.08499717,0.08499717
1.10109924,0.08499717,0.08499717
1.10119922,0.08499717,0.08499717
1.10129919,0.08499717,0.08499717
1.10139929,0.08499717,0.08499717
1.10149927,0.08499717,0.08499717
1.10159924,0.08499717,0.08499717
1.10169922,0.08499717,0.08499717
1.10179932,0.08499717,0.08499717
1.10189929,0.08499717,0.08499717
1.10199927,0.08499717,0.08499717
1.10209924,0.08499717,0.08499717
1.10219934,0.08499717,0.08499717
1.10229932,0.08499717,0.08499717
1.10239929,0.08499717,0.08499717
1.10249939,0.08499717,0.08499717
1.10259937,0.08499717,0.08499717
1.10269934,0.08499717,0.08499717
1.10279932,0.08499717,0.08499717
1.10289941,0.08499717,0.08499717
1.10299939,0.08499717,0.08499717
1.10309937,0.08499717,0.08499717
1.10319934,0.08499717,0.08499717
1.10329944,0.08499717,0.08499717
1.10339941,0.08499717,0.08499717
1.10349939,0.08499717,0.08499717
1.10359949,0.08499717,0.08499717
1.10369946,0.08499717,0.08499717
1.10379944,0.08499717,0.08499717
1.10389941,0.08499717,0.08499717
1.10399951,0.08499717,0.08499717
1.10409949,0.08499717,0.08499717
1.10419946,0.08499717,0.08499717
1.10429944,0.08499717,0.08499717
1.10439954,0.08499717,0.08497167
1.10449951,0.08499717,0.08497167
1.10459949,0.08499717,0.08497167
1.10469958,0.08499717,0.08497167
1.10479956,0.08499717,0.08497167
1.10489954,0.08499717,0.08497167
1.10499951,0.08499717,0.08497167
1.10509961,0.08499717,0.08497168
1.10519958,0.08499717,0.08497168
1.10529956,0.08499717,0.08497167
1.10539954,0.08499717,0.08497167
1.10549963,0.08499717,0.08497167
1.10559961,0.08499717,0.08497167
1.10569958,0.08499717,0.08497167
1.10579968,0.08499717,0.08497167
1.10589966,0.08499717,0.08497167
1.10599963,0.08499717,0.08497168
1.10609961,0.08499717,0.08497167
1.10619971,0.08499717,0.08497167
1.10629968,0.08499717,0.08497168
1.10639966,0.08499717,0.08497167
1.10649963,0.08499717,0.08497167
1.10659973,0.08499717,0.08497168
1.10669971,0.08499717,0.08497167
1.10679968,0.08499717,0.08497167
1.10689978,0.08499717,0.08497167
1.10699976,0.08499717,0.08497167
1.10709973,0.08499717,0.08497167
1.10719971,0.08499717,0.08499717
1.10729980,0.08499717,0.08499717
1.10739978,0.08499717,0.08499717
1.10749976,0.08499717,0.08499717
1.10759985,0.08499717,0.08499717
1.10769983,0.08499717,0.08499717
1.10779980,0.08499717,0.08499717
1.10789978,0.08499717,0.08499717
1.10799988,0.08499717,0.08499717
1.10809985,0.08499717,0.08499717
1.10819983,0.08499717,0.08499717
1.10829980,0.08499717,0.08499717
1.10839990,0.08499717,0.08499717
1.10849988,0.08499717,0.08499717
1.10859985,0.08499717,0.08499717
1.10869995,0.08499717,0.08499717
1.10879993,0.08499717,0.08499717
1.10889990,0.08499717,0.08499717
1.10899988,0.08499717,0.08499717
1.10909998,0.08499717,0.08499717
1.10919995,0.08499717,0.08499717
1.10929993,0.08499717,0.08499717
1.10939990,0.08499717,0.08499717
1.10950000,0.08499717,0.08499717
1.10959998,0.08499717,0.08499717
1.10969995,0.08499717,0.08499717
1.10980005,0.08499717,0.08499717
1.10990002,0.08499717,0.08499717
