#timeI (float64)[1],PositionR (float64)[1],PositionZ (float64)[1]
-0.0010000000000000,0.0000000000000000,0.0000000000000000
-0.0008999797898141,0.0000000000000000,0.0000000000000000
-0.0007999595796281,0.0000000000000000,0.0000000000000000
-0.0006999393694422,0.0000000000000000,0.0000000000000000
-0.0005999191592563,0.0000000000000000,0.0000000000000000
-0.0004998989490703,0.0000000000000000,0.0000000000000000
-0.0003998787388844,0.0000000000000000,0.0000000000000000
-0.0002998585286985,0.0000000000000000,0.0000000000000000
-0.0001998383185125,0.0850000008940697,0.0850000008940697
-0.0000998181083266,0.0850000008940697,0.0850000008940697
0.0000002021018593,0.0850000008940697,0.0850000008940697
0.0001002223120453,0.0850000008940697,0.0850000008940697
0.0002002425222312,0.0850000008940697,0.0850000008940697
0.0003002627324171,0.0850000008940697,0.0850000008940697
0.0004002829426031,0.0850000008940697,0.0850000008940697
0.0005003031527890,0.0850000008940697,0.0850000008940697
0.0006003233629749,0.0850000008940697,0.0850000008940697
0.0007003435731609,0.0850000008940697,0.0850000008940697
0.0008003637833468,0.0850000008940697,0.0850000008940697
0.0009003839935327,0.0850000008940697,0.0850000008940697
0.0010004042037187,0.0850000008940697,0.0850000008940697
0.0011004244139046,0.0850000008940697,0.0850000008940697
0.0012004446240905,0.0850000008940697,0.0850000008940697
0.0013004648342765,0.0850000008940697,0.0850000008940697
0.0014004850444624,0.0850000008940697,0.0850000008940697
0.0015005052546483,0.0850000008940697,0.0850000008940697
0.0016005254648343,0.0850000008940697,0.0850000008940697
0.0017005456750202,0.0850000008940697,0.0850000008940697
0.0018005658852061,0.0850000008940697,0.0850000008940697
0.0019005860953921,0.0850000008940697,0.0850000008940697
0.0020006063055780,0.0850000008940697,0.0850000008940697
0.0021006265157639,0.0850000008940697,0.0850000008940697
0.0022006467259499,0.0850000008940697,0.0850000008940697
0.0023006669361358,0.0850000008940697,0.0850000008940697
0.0024006871463217,0.0850000008940697,0.0850000008940697
0.0025007073565077,0.0850000008940697,0.0850000008940697
0.0026007275666936,0.0850000008940697,0.0850000008940697
0.0027007477768795,0.0850000008940697,0.0850000008940697
0.0028007679870655,0.0850000008940697,0.0850000008940697
0.0029007881972514,0.0850000008940697,0.0850000008940697
0.0030008084074373,0.0850000008940697,0.0850000008940697
0.0031008286176233,0.0850000008940697,0.0850000008940697
0.0032008488278092,0.0850000008940697,0.0850000008940697
0.0033008690379951,0.0850000008940697,0.0850000008940697
0.0034008892481811,0.0850000008940697,0.0850000008940697
0.0035009094583670,0.0850000008940697,0.0850000008940697
0.0036009296685530,0.0850000008940697,0.0850000008940697
0.0037009498787389,0.0850000008940697,0.0850000008940697
0.0038009700889248,0.0850000008940697,0.0850000008940697
0.0039009902991108,0.0850000008940697,0.0850000008940697
0.0040010105092967,0.0850000008940697,0.0850000008940697
0.0041010307194826,0.0850000008940697,0.0850000008940697
0.0042010509296686,0.0850000008940697,0.0850000008940697
0.0043010711398545,0.0850000008940697,0.0850000008940697
0.0044010913500404,0.0850000008940697,0.0850000008940697
0.0045011115602264,0.0850000008940697,0.0850000008940697
0.0046011317704123,0.0850000008940697,0.0850000008940697
0.0047011519805982,0.0850000008940697,0.0850000008940697
0.0048011721907842,0.0850000008940697,0.0850000008940697
0.0049011924009701,0.0850000008940697,0.0850000008940697
0.0050012126111560,0.0850000008940697,0.0850000008940697
0.0051012328213420,0.0850000008940697,0.0850000008940697
0.0052012530315279,0.0850000008940697,0.0850000008940697
0.0053012732417138,0.0850000008940697,0.0850000008940697
0.0054012934518998,0.0850000008940697,0.0850000008940697
0.0055013136620857,0.0850000008940697,0.0850000008940697
0.0056013338722716,0.0850000008940697,0.0850000008940697
0.0057013540824576,0.0850000008940697,0.0850000008940697
0.0058013742926435,0.0850000008940697,0.0850000008940697
0.0059013945028294,0.0850000008940697,0.0850000008940697
0.0060014147130154,0.0850000008940697,0.0850000008940697
0.0061014349232013,0.0850000008940697,0.0850000008940697
0.0062014551333872,0.0850000008940697,0.0850000008940697
0.0063014753435732,0.0850000008940697,0.0850000008940697
0.0064014955537591,0.0850000008940697,0.0850000008940697
0.0065015157639450,0.0850000008940697,0.0850000008940697
0.0066015359741310,0.0850000008940697,0.0850000008940697
0.0067015561843169,0.0850000008940697,0.0850000008940697
0.0068015763945028,0.0850000008940697,0.0850000008940697
0.0069015966046888,0.0850000008940697,0.0850000008940697
0.0070016168148747,0.0850000008940697,0.0850000008940697
0.0071016370250606,0.0850000008940697,0.0850000008940697
0.0072016572352466,0.0850000008940697,0.0850000008940697
0.0073016774454325,0.0850000008940697,0.0850000008940697
0.0074016976556184,0.0850000008940697,0.0850000008940697
0.0075017178658044,0.0850000008940697,0.0850000008940697
0.0076017380759903,0.0850000008940697,0.0850000008940697
0.0077017582861762,0.0850000008940697,0.0850000008940697
0.0078017784963622,0.0850000008940697,0.0850000008940697
0.0079017987065481,0.0850000008940697,0.0850000008940697
0.0080018189167340,0.0850000008940697,0.0850000008940697
0.0081018391269200,0.0850000008940697,0.0850000008940697
0.0082018593371059,0.0850000008940697,0.0850000008940697
0.0083018795472918,0.0850000008940697,0.0850000008940697
0.0084018997574778,0.0850000008940697,0.0850000008940697
0.0085019199676637,0.0850000008940697,0.0850000008940697
0.0086019401778496,0.0850000008940697,0.0850000008940697
0.0087019603880356,0.0850000008940697,0.0850000008940697
0.0088019805982215,0.0850000008940697,0.0850000008940697
0.0089020008084074,0.0850000008940697,0.0850000008940697
0.0090020210185934,0.0850000008940697,0.0850000008940697
0.0091020412287793,0.0850000008940697,0.0850000008940697
0.0092020614389652,0.0850000008940697,0.0850000008940697
0.0093020816491512,0.0850000008940697,0.0850000008940697
0.0094021018593371,0.0850000008940697,0.0850000008940697
0.0095021220695230,0.0850000008940697,0.0850000008940697
0.0096021422797090,0.0850000008940697,0.0850000008940697
0.0097021624898949,0.0850000008940697,0.0850000008940697
0.0098021827000808,0.0850000008940697,0.0850000008940697
0.0099022029102668,0.0850000008940697,0.0850000008940697
0.0100022231204527,0.0850000008940697,0.0850000008940697
0.0101022433306386,0.0850000008940697,0.0850000008940697
0.0102022635408246,0.0850000008940697,0.0850000008940697
0.0103022837510105,0.0850000008940697,0.0850000008940697
0.0104023039611964,0.0850000008940697,0.0850000008940697
0.0105023241713824,0.0850000008940697,0.0850000008940697
0.0106023443815683,0.0850000008940697,0.0850000008940697
0.0107023645917542,0.0850000008940697,0.0850000008940697
0.0108023848019402,0.0850000008940697,0.0850000008940697
0.0109024050121261,0.0850000008940697,0.0850000008940697
0.0110024252223120,0.0850000008940697,0.0850000008940697
0.0111024454324980,0.0850000008940697,0.0850000008940697
0.0112024656426839,0.0850000008940697,0.0850000008940697
0.0113024858528698,0.0850000008940697,0.0850000008940697
0.0114025060630558,0.0850000008940697,0.0850000008940697
0.0115025262732417,0.0850000008940697,0.0850000008940697
0.0116025464834276,0.0850000008940697,0.0850000008940697
0.0117025666936136,0.0850000008940697,0.0850000008940697
0.0118025869037995,0.0850000008940697,0.0850000008940697
0.0119026071139854,0.0850000008940697,0.0850000008940697
0.0120026273241714,0.0850000008940697,0.0850000008940697
0.0121026475343573,0.0850000008940697,0.0850000008940697
0.0122026677445433,0.0850000008940697,0.0850000008940697
0.0123026879547292,0.0850000008940697,0.0850000008940697
0.0124027081649151,0.0850000008940697,0.0850000008940697
0.0125027283751011,0.0850000008940697,0.0850000008940697
0.0126027485852870,0.0850000008940697,0.0850000008940697
0.0127027687954729,0.0850000008940697,0.0850000008940697
0.0128027890056589,0.0850000008940697,0.0850000008940697
0.0129028092158448,0.0850000008940697,0.0850000008940697
0.0130028294260307,0.0850000008940697,0.0850000008940697
0.0131028496362167,0.0850000008940697,0.0850000008940697
0.0132028698464026,0.0850000008940697,0.0850000008940697
0.0133028900565885,0.0850000008940697,0.0850000008940697
0.0134029102667745,0.0850000008940697,0.0850000008940697
0.0135029304769604,0.0850000008940697,0.0850000008940697
0.0136029506871463,0.0850000008940697,0.0850000008940697
0.0137029708973323,0.0850000008940697,0.0850000008940697
0.0138029911075182,0.0850000008940697,0.0850000008940697
0.0139030113177041,0.0850000008940697,0.0850000008940697
0.0140030315278901,0.0850000008940697,0.0850000008940697
0.0141030517380760,0.0850000008940697,0.0850000008940697
0.0142030719482619,0.0850000008940697,0.0850000008940697
0.0143030921584479,0.0850000008940697,0.0850000008940697
0.0144031123686338,0.0850000008940697,0.0850000008940697
0.0145031325788197,0.0850000008940697,0.0850000008940697
0.0146031527890057,0.0850000008940697,0.0850000008940697
0.0147031729991916,0.0850000008940697,0.0850000008940697
0.0148031932093775,0.0850000008940697,0.0850000008940697
0.0149032134195635,0.0850000008940697,0.0850000008940697
0.0150032336297494,0.0850000008940697,0.0850000008940697
0.0151032538399353,0.0850000008940697,0.0850000008940697
0.0152032740501213,0.0850000008940697,0.0850000008940697
0.0153032942603072,0.0850000008940697,0.0850000008940697
0.0154033144704931,0.0850000008940697,0.0850000008940697
0.0155033346806791,0.0850000008940697,0.0850000008940697
0.0156033548908650,0.0850000008940697,0.0850000008940697
0.0157033751010509,0.0850000008940697,0.0850000008940697
0.0158033953112369,0.0850000008940697,0.0850000008940697
0.0159034155214228,0.0850000008940697,0.0850000008940697
0.0160034357316087,0.0850000008940697,0.0850000008940697
0.0161034559417947,0.0850000008940697,0.0850000008940697
0.0162034761519806,0.0850000008940697,0.0850000008940697
0.0163034963621665,0.0850000008940697,0.0850000008940697
0.0164035165723525,0.0850000008940697,0.0850000008940697
0.0165035367825384,0.0850000008940697,0.0850000008940697
0.0166035569927243,0.0850000008940697,0.0850000008940697
0.0167035772029103,0.0850000008940697,0.0850000008940697
0.0168035974130962,0.0850000008940697,0.0850000008940697
0.0169036176232821,0.0850000008940697,0.0850000008940697
0.0170036378334681,0.0850000008940697,0.0850000008940697
0.0171036580436540,0.0850000008940697,0.0850000008940697
0.0172036782538399,0.0850000008940697,0.0850000008940697
0.0173036984640259,0.0850000008940697,0.0850000008940697
0.0174037186742118,0.0850000008940697,0.0850000008940697
0.0175037388843977,0.0850000008940697,0.0850000008940697
0.0176037590945837,0.0850000008940697,0.0850000008940697
0.0177037793047696,0.0850000008940697,0.0850000008940697
0.0178037995149555,0.0850000008940697,0.0850000008940697
0.0179038197251415,0.0850000008940697,0.0850000008940697
0.0180038399353274,0.0850000008940697,0.0850000008940697
0.0181038601455133,0.0850000008940697,0.0850000008940697
0.0182038803556993,0.0850000008940697,0.0850000008940697
0.0183039005658852,0.0850000008940697,0.0850000008940697
0.0184039207760711,0.0850000008940697,0.0850000008940697
0.0185039409862571,0.0850000008940697,0.0850000008940697
0.0186039611964430,0.0850000008940697,0.0850000008940697
0.0187039814066289,0.0850000008940697,0.0850000008940697
0.0188040016168149,0.0850000008940697,0.0850000008940697
0.0189040218270008,0.0850000008940697,0.0850000008940697
0.0190040420371867,0.0850000008940697,0.0850000008940697
0.0191040622473727,0.0850000008940697,0.0850000008940697
0.0192040824575586,0.0850000008940697,0.0850000008940697
0.0193041026677445,0.0850000008940697,0.0850000008940697
0.0194041228779305,0.0850000008940697,0.0850000008940697
0.0195041430881164,0.0850000008940697,0.0850000008940697
0.0196041632983023,0.0850000008940697,0.0850000008940697
0.0197041835084883,0.0850000008940697,0.0850000008940697
0.0198042037186742,0.0850000008940697,0.0850000008940697
0.0199042239288601,0.0850000008940697,0.0850000008940697
0.0200042441390461,0.0850000008940697,0.0850000008940697
0.0201042643492320,0.0850000008940697,0.0850000008940697
0.0202042845594179,0.0850000008940697,0.0850000008940697
0.0203043047696039,0.0850000008940697,0.0850000008940697
0.0204043249797898,0.0850000008940697,0.0850000008940697
0.0205043451899757,0.0850000008940697,0.0850000008940697
0.0206043654001617,0.0850000008940697,0.0850000008940697
0.0207043856103476,0.0850000008940697,0.0850000008940697
0.0208044058205335,0.0850000008940697,0.0850000008940697
0.0209044260307195,0.0850000008940697,0.0850000008940697
0.0210044462409054,0.0850000008940697,0.0850000008940697
0.0211044664510914,0.0850000008940697,0.0850000008940697
0.0212044866612773,0.0850000008940697,0.0850000008940697
0.0213045068714632,0.0850000008940697,0.0850000008940697
0.0214045270816491,0.0850000008940697,0.0850000008940697
0.0215045472918351,0.0850000008940697,0.0850000008940697
0.0216045675020210,0.0850000008940697,0.0850000008940697
0.0217045877122070,0.0850000008940697,0.0850000008940697
0.0218046079223929,0.0850000008940697,0.0850000008940697
0.0219046281325788,0.0850000008940697,0.0850000008940697
0.0220046483427648,0.0850000008940697,0.0850000008940697
0.0221046685529507,0.0850000008940697,0.0850000008940697
0.0222046887631366,0.0850000008940697,0.0850000008940697
0.0223047089733226,0.0850000008940697,0.0850000008940697
0.0224047291835085,0.0850000008940697,0.0850000008940697
0.0225047493936944,0.0850000008940697,0.0850000008940697
0.0226047696038804,0.0850000008940697,0.0850000008940697
0.0227047898140663,0.0850000008940697,0.0850000008940697
0.0228048100242522,0.0850000008940697,0.0850000008940697
0.0229048302344382,0.0850000008940697,0.0850000008940697
0.0230048504446241,0.0850000008940697,0.0850000008940697
0.0231048706548100,0.0850000008940697,0.0850000008940697
0.0232048908649960,0.0850000008940697,0.0850000008940697
0.0233049110751819,0.0850000008940697,0.0850000008940697
0.0234049312853678,0.0850000008940697,0.0850000008940697
0.0235049514955538,0.0850000008940697,0.0850000008940697
0.0236049717057397,0.0850000008940697,0.0850000008940697
0.0237049919159256,0.0850000008940697,0.0850000008940697
0.0238050121261116,0.0850000008940697,0.0850000008940697
0.0239050323362975,0.0850000008940697,0.0850000008940697
0.0240050525464834,0.0850000008940697,0.0850000008940697
0.0241050727566694,0.0850000008940697,0.0850000008940697
0.0242050929668553,0.0850000008940697,0.0850000008940697
0.0243051131770412,0.0850000008940697,0.0850000008940697
0.0244051333872272,0.0850000008940697,0.0850000008940697
0.0245051535974131,0.0850000008940697,0.0850000008940697
0.0246051738075990,0.0850000008940697,0.0850000008940697
0.0247051940177850,0.0850000008940697,0.0850000008940697
0.0248052142279709,0.0850000008940697,0.0850000008940697
0.0249052344381568,0.0850000008940697,0.0850000008940697
0.0250052546483428,0.0850000008940697,0.0850000008940697
0.0251052748585287,0.0850000008940697,0.0850000008940697
0.0252052950687146,0.0850000008940697,0.0850000008940697
0.0253053152789006,0.0850000008940697,0.0850000008940697
0.0254053354890865,0.0850000008940697,0.0850000008940697
0.0255053556992724,0.0850000008940697,0.0850000008940697
0.0256053759094584,0.0850000008940697,0.0850000008940697
0.0257053961196443,0.0850000008940697,0.0850000008940697
0.0258054163298302,0.0850000008940697,0.0850000008940697
0.0259054365400162,0.0850000008940697,0.0850000008940697
0.0260054567502021,0.0850000008940697,0.0850000008940697
0.0261054769603880,0.0850000008940697,0.0850000008940697
0.0262054971705740,0.0850000008940697,0.0850000008940697
0.0263055173807599,0.0850000008940697,0.0850000008940697
0.0264055375909458,0.0850000008940697,0.0850000008940697
0.0265055578011318,0.0850000008940697,0.0850000008940697
0.0266055780113177,0.0850000008940697,0.0850000008940697
0.0267055982215036,0.0850000008940697,0.0850000008940697
0.0268056184316896,0.0850000008940697,0.0850000008940697
0.0269056386418755,0.0850000008940697,0.0850000008940697
0.0270056588520614,0.0850000008940697,0.0850000008940697
0.0271056790622474,0.0850000008940697,0.0850000008940697
0.0272056992724333,0.0850000008940697,0.0850000008940697
0.0273057194826192,0.0850000008940697,0.0850000008940697
0.0274057396928052,0.0850000008940697,0.0850000008940697
0.0275057599029911,0.0850000008940697,0.0850000008940697
0.0276057801131770,0.0850000008940697,0.0850000008940697
0.0277058003233630,0.0850000008940697,0.0850000008940697
0.0278058205335489,0.0850000008940697,0.0850000008940697
0.0279058407437348,0.0850000008940697,0.0850000008940697
0.0280058609539208,0.0850000008940697,0.0850000008940697
0.0281058811641067,0.0850000008940697,0.0850000008940697
0.0282059013742926,0.0850000008940697,0.0850000008940697
0.0283059215844786,0.0850000008940697,0.0850000008940697
0.0284059417946645,0.0850000008940697,0.0850000008940697
0.0285059620048504,0.0850000008940697,0.0850000008940697
0.0286059822150364,0.0850000008940697,0.0850000008940697
0.0287060024252223,0.0850000008940697,0.0850000008940697
0.0288060226354082,0.0850000008940697,0.0850000008940697
0.0289060428455942,0.0850000008940697,0.0850000008940697
0.0290060630557801,0.0850000008940697,0.0850000008940697
0.0291060832659660,0.0850000008940697,0.0850000008940697
0.0292061034761520,0.0850000008940697,0.0850000008940697
0.0293061236863379,0.0850000008940697,0.0850000008940697
0.0294061438965238,0.0850000008940697,0.0850000008940697
0.0295061641067098,0.0850000008940697,0.0850000008940697
0.0296061843168957,0.0850000008940697,0.0850000008940697
0.0297062045270816,0.0850000008940697,0.0850000008940697
0.0298062247372676,0.0850000008940697,0.0850000008940697
0.0299062449474535,0.0850000008940697,0.0850000008940697
0.0300062651576395,0.0850000008940697,0.0850000008940697
0.0301062853678254,0.0850000008940697,0.0850000008940697
0.0302063055780113,0.0850000008940697,0.0850000008940697
0.0303063257881973,0.0850000008940697,0.0850000008940697
0.0304063459983832,0.0850000008940697,0.0850000008940697
0.0305063662085691,0.0850000008940697,0.0850000008940697
0.0306063864187551,0.0850000008940697,0.0850000008940697
0.0307064066289410,0.0850000008940697,0.0850000008940697
0.0308064268391269,0.0850000008940697,0.0850000008940697
0.0309064470493129,0.0850000008940697,0.0850000008940697
0.0310064672594988,0.0850000008940697,0.0850000008940697
0.0311064874696847,0.0850000008940697,0.0850000008940697
0.0312065076798707,0.0850000008940697,0.0850000008940697
0.0313065278900566,0.0850000008940697,0.0850000008940697
0.0314065481002425,0.0850000008940697,0.0850000008940697
0.0315065683104285,0.0850000008940697,0.0850000008940697
0.0316065885206144,0.0850000008940697,0.0850000008940697
0.0317066087308003,0.0850000008940697,0.0850000008940697
0.0318066289409863,0.0850000008940697,0.0850000008940697
0.0319066491511722,0.0850000008940697,0.0850000008940697
0.0320066693613581,0.0850000008940697,0.0850000008940697
0.0321066895715441,0.0850000008940697,0.0850000008940697
0.0322067097817300,0.0850000008940697,0.0850000008940697
0.0323067299919159,0.0850000008940697,0.0850000008940697
0.0324067502021019,0.0850000008940697,0.0850000008940697
0.0325067704122878,0.0850000008940697,0.0850000008940697
0.0326067906224737,0.0850000008940697,0.0850000008940697
0.0327068108326597,0.0850000008940697,0.0850000008940697
0.0328068310428456,0.0850000008940697,0.0850000008940697
0.0329068512530315,0.0850000008940697,0.0850000008940697
0.0330068714632175,0.0850000008940697,0.0850000008940697
0.0331068916734034,0.0850000008940697,0.0850000008940697
0.0332069118835893,0.0850000008940697,0.0850000008940697
0.0333069320937753,0.0850000008940697,0.0850000008940697
0.0334069523039612,0.0850000008940697,0.0850000008940697
0.0335069725141471,0.0850000008940697,0.0850000008940697
0.0336069927243331,0.0850000008940697,0.0850000008940697
0.0337070129345190,0.0850000008940697,0.0850000008940697
0.0338070331447049,0.0850000008940697,0.0850000008940697
0.0339070533548909,0.0850000008940697,0.0850000008940697
0.0340070735650768,0.0850000008940697,0.0850000008940697
0.0341070937752627,0.0850000008940697,0.0850000008940697
0.0342071139854487,0.0850000008940697,0.0850000008940697
0.0343071341956346,0.0850000008940697,0.0850000008940697
0.0344071544058205,0.0850000008940697,0.0850000008940697
0.0345071746160065,0.0850000008940697,0.0850000008940697
0.0346071948261924,0.0850000008940697,0.0850000008940697
0.0347072150363783,0.0850000008940697,0.0850000008940697
0.0348072352465643,0.0850000008940697,0.0850000008940697
0.0349072554567502,0.0850000008940697,0.0850000008940697
0.0350072756669361,0.0850000008940697,0.0850000008940697
0.0351072958771221,0.0850000008940697,0.0850000008940697
0.0352073160873080,0.0850000008940697,0.0850000008940697
0.0353073362974939,0.0850000008940697,0.0850000008940697
0.0354073565076799,0.0850000008940697,0.0850000008940697
0.0355073767178658,0.0850000008940697,0.0850000008940697
0.0356073969280517,0.0850000008940697,0.0850000008940697
0.0357074171382377,0.0850000008940697,0.0850000008940697
0.0358074373484236,0.0850000008940697,0.0850000008940697
0.0359074575586095,0.0850000008940697,0.0850000008940697
0.0360074777687955,0.0850000008940697,0.0850000008940697
0.0361074979789814,0.0850000008940697,0.0850000008940697
0.0362075181891673,0.0850000008940697,0.0850000008940697
0.0363075383993533,0.0850000008940697,0.0850000008940697
0.0364075586095392,0.0850000008940697,0.0850000008940697
0.0365075788197251,0.0850000008940697,0.0850000008940697
0.0366075990299111,0.0850000008940697,0.0850000008940697
0.0367076192400970,0.0850000008940697,0.0850000008940697
0.0368076394502829,0.0850000008940697,0.0850000008940697
0.0369076596604689,0.0850000008940697,0.0850000008940697
0.0370076798706548,0.0850000008940697,0.0850000008940697
0.0371077000808407,0.0850000008940697,0.0850000008940697
0.0372077202910267,0.0850000008940697,0.0850000008940697
0.0373077405012126,0.0850000008940697,0.0850000008940697
0.0374077607113985,0.0850000008940697,0.0850000008940697
0.0375077809215845,0.0850000008940697,0.0850000008940697
0.0376078011317704,0.0850000008940697,0.0850000008940697
0.0377078213419563,0.0850000008940697,0.0850000008940697
0.0378078415521423,0.0850000008940697,0.0850000008940697
0.0379078617623282,0.0850000008940697,0.0850000008940697
0.0380078819725141,0.0850000008940697,0.0850000008940697
0.0381079021827001,0.0850000008940697,0.0850000008940697
0.0382079223928860,0.0850000008940697,0.0850000008940697
0.0383079426030720,0.0850000008940697,0.0850000008940697
0.0384079628132579,0.0850000008940697,0.0850000008940697
0.0385079830234438,0.0850000008940697,0.0850000008940697
0.0386080032336297,0.0850000008940697,0.0850000008940697
0.0387080234438157,0.0850000008940697,0.0850000008940697
0.0388080436540016,0.0850000008940697,0.0850000008940697
0.0389080638641876,0.0850000008940697,0.0850000008940697
0.0390080840743735,0.0850000008940697,0.0850000008940697
0.0391081042845594,0.0850000008940697,0.0850000008940697
0.0392081244947453,0.0850000008940697,0.0850000008940697
0.0393081447049313,0.0850000008940697,0.0850000008940697
0.0394081649151172,0.0850000008940697,0.0850000008940697
0.0395081851253032,0.0850000008940697,0.0850000008940697
0.0396082053354891,0.0850000008940697,0.0850000008940697
0.0397082255456750,0.0850000008940697,0.0850000008940697
0.0398082457558609,0.0850000008940697,0.0850000008940697
0.0399082659660469,0.0850000008940697,0.0850000008940697
0.0400082861762328,0.0850000008940697,0.0850000008940697
0.0401083063864188,0.0850000008940697,0.0850000008940697
0.0402083265966047,0.0850000008940697,0.0850000008940697
0.0403083468067906,0.0850000008940697,0.0850000008940697
0.0404083670169766,0.0850000008940697,0.0850000008940697
0.0405083872271625,0.0850000008940697,0.0850000008940697
0.0406084074373484,0.0850000008940697,0.0850000008940697
0.0407084276475344,0.0850000008940697,0.0850000008940697
0.0408084478577203,0.0850000008940697,0.0850000008940697
0.0409084680679062,0.0850000008940697,0.0850000008940697
0.0410084882780922,0.0850000008940697,0.0850000008940697
0.0411085084882781,0.0850000008940697,0.0850000008940697
0.0412085286984640,0.0850000008940697,0.0850000008940697
0.0413085489086500,0.0850000008940697,0.0850000008940697
0.0414085691188359,0.0850000008940697,0.0850000008940697
0.0415085893290218,0.0850000008940697,0.0850000008940697
0.0416086095392078,0.0850000008940697,0.0850000008940697
0.0417086297493937,0.0850000008940697,0.0850000008940697
0.0418086499595796,0.0850000008940697,0.0850000008940697
0.0419086701697656,0.0850000008940697,0.0850000008940697
0.0420086903799515,0.0850000008940697,0.0850000008940697
0.0421087105901374,0.0850000008940697,0.0850000008940697
0.0422087308003234,0.0850000008940697,0.0850000008940697
0.0423087510105093,0.0850000008940697,0.0850000008940697
0.0424087712206952,0.0850000008940697,0.0850000008940697
0.0425087914308812,0.0850000008940697,0.0850000008940697
0.0426088116410671,0.0850000008940697,0.0850000008940697
0.0427088318512530,0.0850000008940697,0.0850000008940697
0.0428088520614390,0.0850000008940697,0.0850000008940697
0.0429088722716249,0.0850000008940697,0.0850000008940697
0.0430088924818108,0.0850000008940697,0.0850000008940697
0.0431089126919968,0.0850000008940697,0.0850000008940697
0.0432089329021827,0.0850000008940697,0.0850000008940697
0.0433089531123686,0.0850000008940697,0.0850000008940697
0.0434089733225546,0.0850000008940697,0.0850000008940697
0.0435089935327405,0.0850000008940697,0.0850000008940697
0.0436090137429264,0.0850000008940697,0.0850000008940697
0.0437090339531124,0.0850000008940697,0.0850000008940697
0.0438090541632983,0.0850000008940697,0.0850000008940697
0.0439090743734842,0.0850000008940697,0.0850000008940697
0.0440090945836702,0.0850000008940697,0.0850000008940697
0.0441091147938561,0.0850000008940697,0.0850000008940697
0.0442091350040420,0.0850000008940697,0.0850000008940697
0.0443091552142280,0.0850000008940697,0.0850000008940697
0.0444091754244139,0.0850000008940697,0.0850000008940697
0.0445091956345998,0.0850000008940697,0.0850000008940697
0.0446092158447858,0.0850000008940697,0.0850000008940697
0.0447092360549717,0.0850000008940697,0.0850000008940697
0.0448092562651576,0.0850000008940697,0.0850000008940697
0.0449092764753436,0.0850000008940697,0.0850000008940697
0.0450092966855295,0.0850000008940697,0.0850000008940697
0.0451093168957154,0.0850000008940697,0.0850000008940697
0.0452093371059014,0.0850000008940697,0.0850000008940697
0.0453093573160873,0.0850000008940697,0.0850000008940697
0.0454093775262732,0.0850000008940697,0.0850000008940697
0.0455093977364592,0.0850000008940697,0.0850000008940697
0.0456094179466451,0.0850000008940697,0.0850000008940697
0.0457094381568310,0.0850000008940697,0.0850000008940697
0.0458094583670170,0.0850000008940697,0.0850000008940697
0.0459094785772029,0.0850000008940697,0.0850000008940697
0.0460094987873888,0.0850000008940697,0.0850000008940697
0.0461095189975748,0.0850000008940697,0.0850000008940697
0.0462095392077607,0.0850000008940697,0.0850000008940697
0.0463095594179466,0.0850000008940697,0.0850000008940697
0.0464095796281326,0.0850000008940697,0.0850000008940697
0.0465095998383185,0.0850000008940697,0.0850000008940697
0.0466096200485044,0.0850000008940697,0.0850000008940697
0.0467096402586904,0.0850000008940697,0.0850000008940697
0.0468096604688763,0.0850000008940697,0.0850000008940697
0.0469096806790622,0.0850000008940697,0.0850000008940697
0.0470097008892482,0.0850000008940697,0.0850000008940697
0.0471097210994341,0.0850000008940697,0.0850000008940697
0.0472097413096201,0.0850000008940697,0.0850000008940697
0.0473097615198060,0.0850000008940697,0.0850000008940697
0.0474097817299919,0.0850000008940697,0.0850000008940697
0.0475098019401778,0.0850000008940697,0.0850000008940697
0.0476098221503638,0.0850000008940697,0.0850000008940697
0.0477098423605497,0.0850000008940697,0.0850000008940697
0.0478098625707357,0.0850000008940697,0.0850000008940697
0.0479098827809216,0.0850000008940697,0.0850000008940697
0.0480099029911075,0.0850000008940697,0.0850000008940697
0.0481099232012935,0.0850000008940697,0.0850000008940697
0.0482099434114794,0.0850000008940697,0.0850000008940697
0.0483099636216653,0.0850000008940697,0.0850000008940697
0.0484099838318513,0.0850000008940697,0.0850000008940697
0.0485100040420372,0.0850000008940697,0.0850000008940697
0.0486100242522231,0.0850000008940697,0.0850000008940697
0.0487100444624090,0.0850000008940697,0.0850000008940697
0.0488100646725950,0.0850000008940697,0.0850000008940697
0.0489100848827809,0.0850000008940697,0.0850000008940697
0.0490101050929669,0.0850000008940697,0.0850000008940697
0.0491101253031528,0.0850000008940697,0.0850000008940697
0.0492101455133387,0.0850000008940697,0.0850000008940697
0.0493101657235247,0.0850000008940697,0.0850000008940697
0.0494101859337106,0.0850000008940697,0.0850000008940697
0.0495102061438965,0.0850000008940697,0.0850000008940697
0.0496102263540825,0.0850000008940697,0.0850000008940697
0.0497102465642684,0.0850000008940697,0.0850000008940697
0.0498102667744543,0.0850000008940697,0.0850000008940697
0.0499102869846403,0.0850000008940697,0.0850000008940697
0.0500103071948262,0.0850000008940697,0.0850000008940697
0.0501103274050121,0.0850000008940697,0.0850000008940697
0.0502103476151981,0.0850000008940697,0.0850000008940697
0.0503103678253840,0.0850000008940697,0.0850000008940697
0.0504103880355699,0.0850000008940697,0.0850000008940697
0.0505104082457559,0.0850000008940697,0.0850000008940697
0.0506104284559418,0.0850000008940697,0.0850000008940697
0.0507104486661277,0.0850000008940697,0.0850000008940697
0.0508104688763137,0.0850000008940697,0.0850000008940697
0.0509104890864996,0.0850000008940697,0.0850000008940697
0.0510105092966855,0.0850000008940697,0.0850000008940697
0.0511105295068715,0.0850000008940697,0.0850000008940697
0.0512105497170574,0.0850000008940697,0.0850000008940697
0.0513105699272433,0.0850000008940697,0.0850000008940697
0.0514105901374293,0.0850000008940697,0.0850000008940697
0.0515106103476152,0.0850000008940697,0.0850000008940697
0.0516106305578011,0.0850000008940697,0.0850000008940697
0.0517106507679871,0.0850000008940697,0.0850000008940697
0.0518106709781730,0.0850000008940697,0.0850000008940697
0.0519106911883589,0.0850000008940697,0.0850000008940697
0.0520107113985449,0.0850000008940697,0.0850000008940697
0.0521107316087308,0.0850000008940697,0.0850000008940697
0.0522107518189167,0.0850000008940697,0.0850000008940697
0.0523107720291027,0.0850000008940697,0.0850000008940697
0.0524107922392886,0.0850000008940697,0.0850000008940697
0.0525108124494745,0.0850000008940697,0.0850000008940697
0.0526108326596605,0.0850000008940697,0.0850000008940697
0.0527108528698464,0.0850000008940697,0.0850000008940697
0.0528108730800323,0.0850000008940697,0.0850000008940697
0.0529108932902183,0.0850000008940697,0.0850000008940697
0.0530109135004042,0.0850000008940697,0.0850000008940697
0.0531109337105901,0.0850000008940697,0.0850000008940697
0.0532109539207761,0.0850000008940697,0.0850000008940697
0.0533109741309620,0.0850000008940697,0.0850000008940697
0.0534109943411479,0.0850000008940697,0.0850000008940697
0.0535110145513339,0.0850000008940697,0.0850000008940697
0.0536110347615198,0.0850000008940697,0.0850000008940697
0.0537110549717057,0.0850000008940697,0.0850000008940697
0.0538110751818917,0.0850000008940697,0.0850000008940697
0.0539110953920776,0.0850000008940697,0.0850000008940697
0.0540111156022635,0.0850000008940697,0.0850000008940697
0.0541111358124495,0.0850000008940697,0.0850000008940697
0.0542111560226354,0.0850000008940697,0.0850000008940697
0.0543111762328213,0.0850000008940697,0.0850000008940697
0.0544111964430073,0.0850000008940697,0.0850000008940697
0.0545112166531932,0.0850000008940697,0.0850000008940697
0.0546112368633791,0.0850000008940697,0.0850000008940697
0.0547112570735651,0.0850000008940697,0.0850000008940697
0.0548112772837510,0.0850000008940697,0.0850000008940697
0.0549112974939369,0.0850000008940697,0.0850000008940697
0.0550113177041229,0.0850000008940697,0.0850000008940697
0.0551113379143088,0.0850000008940697,0.0850000008940697
0.0552113581244947,0.0850000008940697,0.0850000008940697
0.0553113783346807,0.0850000008940697,0.0850000008940697
0.0554113985448666,0.0850000008940697,0.0850000008940697
0.0555114187550525,0.0850000008940697,0.0850000008940697
0.0556114389652385,0.0850000008940697,0.0850000008940697
0.0557114591754244,0.0850000008940697,0.0850000008940697
0.0558114793856103,0.0850000008940697,0.0850000008940697
0.0559114995957963,0.0850000008940697,0.0850000008940697
0.0560115198059822,0.0850000008940697,0.0850000008940697
0.0561115400161682,0.0850000008940697,0.0850000008940697
0.0562115602263541,0.0850000008940697,0.0850000008940697
0.0563115804365400,0.0850000008940697,0.0850000008940697
0.0564116006467259,0.0850000008940697,0.0850000008940697
0.0565116208569119,0.0850000008940697,0.0850000008940697
0.0566116410670978,0.0850000008940697,0.0850000008940697
0.0567116612772838,0.0850000008940697,0.0850000008940697
0.0568116814874697,0.0850000008940697,0.0850000008940697
0.0569117016976556,0.0850000008940697,0.0850000008940697
0.0570117219078416,0.0850000008940697,0.0850000008940697
0.0571117421180275,0.0850000008940697,0.0850000008940697
0.0572117623282134,0.0850000008940697,0.0850000008940697
0.0573117825383994,0.0850000008940697,0.0850000008940697
0.0574118027485853,0.0850000008940697,0.0850000008940697
0.0575118229587712,0.0850000008940697,0.0850000008940697
0.0576118431689572,0.0850000008940697,0.0850000008940697
0.0577118633791431,0.0850000008940697,0.0850000008940697
0.0578118835893290,0.0850000008940697,0.0850000008940697
0.0579119037995150,0.0850000008940697,0.0850000008940697
0.0580119240097009,0.0850000008940697,0.0850000008940697
0.0581119442198868,0.0850000008940697,0.0850000008940697
0.0582119644300728,0.0850000008940697,0.0850000008940697
0.0583119846402587,0.0850000008940697,0.0850000008940697
0.0584120048504446,0.0850000008940697,0.0850000008940697
0.0585120250606306,0.0850000008940697,0.0850000008940697
0.0586120452708165,0.0850000008940697,0.0850000008940697
0.0587120654810024,0.0850000008940697,0.0850000008940697
0.0588120856911884,0.0850000008940697,0.0850000008940697
0.0589121059013743,0.0850000008940697,0.0850000008940697
0.0590121261115602,0.0850000008940697,0.0850000008940697
0.0591121463217462,0.0850000008940697,0.0850000008940697
0.0592121665319321,0.0850000008940697,0.0850000008940697
0.0593121867421180,0.0850000008940697,0.0850000008940697
0.0594122069523040,0.0850000008940697,0.0850000008940697
0.0595122271624899,0.0850000008940697,0.0850000008940697
0.0596122473726758,0.0850000008940697,0.0850000008940697
0.0597122675828618,0.0850000008940697,0.0850000008940697
0.0598122877930477,0.0850000008940697,0.0850000008940697
0.0599123080032336,0.0850000008940697,0.0850000008940697
0.0600123282134196,0.0850000008940697,0.0850000008940697
0.0601123484236055,0.0850000008940697,0.0850000008940697
0.0602123686337914,0.0850000008940697,0.0850000008940697
0.0603123888439774,0.0850000008940697,0.0850000008940697
0.0604124090541633,0.0850000008940697,0.0850000008940697
0.0605124292643492,0.0850000008940697,0.0850000008940697
0.0606124494745352,0.0850000008940697,0.0850000008940697
0.0607124696847211,0.0850000008940697,0.0850000008940697
0.0608124898949070,0.0850000008940697,0.0850000008940697
0.0609125101050930,0.0850000008940697,0.0850000008940697
0.0610125303152789,0.0850000008940697,0.0850000008940697
0.0611125505254648,0.0850000008940697,0.0850000008940697
0.0612125707356508,0.0850000008940697,0.0850000008940697
0.0613125909458367,0.0850000008940697,0.0850000008940697
0.0614126111560226,0.0850000008940697,0.0850000008940697
0.0615126313662086,0.0850000008940697,0.0850000008940697
0.0616126515763945,0.0850000008940697,0.0850000008940697
0.0617126717865804,0.0850000008940697,0.0850000008940697
0.0618126919967664,0.0850000008940697,0.0850000008940697
0.0619127122069523,0.0850000008940697,0.0850000008940697
0.0620127324171382,0.0850000008940697,0.0850000008940697
0.0621127526273242,0.0850000008940697,0.0850000008940697
0.0622127728375101,0.0850000008940697,0.0850000008940697
0.0623127930476960,0.0850000008940697,0.0850000008940697
0.0624128132578820,0.0850000008940697,0.0850000008940697
0.0625128334680679,0.0850000008940697,0.0850000008940697
0.0626128536782538,0.0850000008940697,0.0850000008940697
0.0627128738884398,0.0850000008940697,0.0850000008940697
0.0628128940986257,0.0850000008940697,0.0850000008940697
0.0629129143088116,0.0850000008940697,0.0850000008940697
0.0630129345189976,0.0850000008940697,0.0850000008940697
0.0631129547291835,0.0850000008940697,0.0850000008940697
0.0632129749393694,0.0850000008940697,0.0850000008940697
0.0633129951495554,0.0850000008940697,0.0850000008940697
0.0634130153597413,0.0850000008940697,0.0850000008940697
0.0635130355699272,0.0850000008940697,0.0850000008940697
0.0636130557801132,0.0850000008940697,0.0850000008940697
0.0637130759902991,0.0850000008940697,0.0850000008940697
0.0638130962004850,0.0850000008940697,0.0850000008940697
0.0639131164106710,0.0850000008940697,0.0850000008940697
0.0640131366208569,0.0850000008940697,0.0850000008940697
0.0641131568310429,0.0850000008940697,0.0850000008940697
0.0642131770412288,0.0850000008940697,0.0850000008940697
0.0643131972514147,0.0850000008940697,0.0850000008940697
0.0644132174616007,0.0850000008940697,0.0850000008940697
0.0645132376717866,0.0850000008940697,0.0850000008940697
0.0646132578819725,0.0850000008940697,0.0850000008940697
0.0647132780921584,0.0850000008940697,0.0850000008940697
0.0648132983023444,0.0850000008940697,0.0850000008940697
0.0649133185125303,0.0850000008940697,0.0850000008940697
0.0650133387227163,0.0850000008940697,0.0850000008940697
0.0651133589329022,0.0850000008940697,0.0850000008940697
0.0652133791430881,0.0850000008940697,0.0850000008940697
0.0653133993532741,0.0850000008940697,0.0850000008940697
0.0654134195634600,0.0850000008940697,0.0850000008940697
0.0655134397736459,0.0850000008940697,0.0850000008940697
0.0656134599838318,0.0850000008940697,0.0850000008940697
0.0657134801940178,0.0850000008940697,0.0850000008940697
0.0658135004042037,0.0850000008940697,0.0850000008940697
0.0659135206143897,0.0850000008940697,0.0850000008940697
0.0660135408245756,0.0850000008940697,0.0850000008940697
0.0661135610347615,0.0850000008940697,0.0850000008940697
0.0662135812449474,0.0850000008940697,0.0850000008940697
0.0663136014551334,0.0850000008940697,0.0850000008940697
0.0664136216653193,0.0850000008940697,0.0850000008940697
0.0665136418755053,0.0850000008940697,0.0850000008940697
0.0666136620856912,0.0850000008940697,0.0850000008940697
0.0667136822958771,0.0850000008940697,0.0850000008940697
0.0668137025060631,0.0850000008940697,0.0850000008940697
0.0669137227162490,0.0850000008940697,0.0850000008940697
0.0670137429264349,0.0850000008940697,0.0850000008940697
0.0671137631366209,0.0850000008940697,0.0850000008940697
0.0672137833468068,0.0850000008940697,0.0850000008940697
0.0673138035569927,0.0850000008940697,0.0850000008940697
0.0674138237671787,0.0850000008940697,0.0850000008940697
0.0675138439773646,0.0850000008940697,0.0850000008940697
0.0676138641875505,0.0850000008940697,0.0850000008940697
0.0677138843977365,0.0850000008940697,0.0850000008940697
0.0678139046079224,0.0850000008940697,0.0850000008940697
0.0679139248181083,0.0850000008940697,0.0850000008940697
0.0680139450282943,0.0850000008940697,0.0850000008940697
0.0681139652384802,0.0850000008940697,0.0850000008940697
0.0682139854486661,0.0850000008940697,0.0850000008940697
0.0683140056588521,0.0850000008940697,0.0850000008940697
0.0684140258690380,0.0850000008940697,0.0850000008940697
0.0685140460792239,0.0850000008940697,0.0850000008940697
0.0686140662894099,0.0850000008940697,0.0850000008940697
0.0687140864995958,0.0850000008940697,0.0850000008940697
0.0688141067097817,0.0850000008940697,0.0850000008940697
0.0689141269199677,0.0850000008940697,0.0850000008940697
0.0690141471301536,0.0850000008940697,0.0850000008940697
0.0691141673403395,0.0850000008940697,0.0850000008940697
0.0692141875505255,0.0850000008940697,0.0850000008940697
0.0693142077607114,0.0850000008940697,0.0850000008940697
0.0694142279708973,0.0850000008940697,0.0850000008940697
0.0695142481810833,0.0850000008940697,0.0850000008940697
0.0696142683912692,0.0850000008940697,0.0850000008940697
0.0697142886014551,0.0850000008940697,0.0850000008940697
0.0698143088116411,0.0850000008940697,0.0850000008940697
0.0699143290218270,0.0850000008940697,0.0850000008940697
0.0700143492320129,0.0850000008940697,0.0850000008940697
0.0701143694421989,0.0850000008940697,0.0850000008940697
0.0702143896523848,0.0850000008940697,0.0850000008940697
0.0703144098625707,0.0850000008940697,0.0850000008940697
0.0704144300727567,0.0850000008940697,0.0850000008940697
0.0705144502829426,0.0850000008940697,0.0850000008940697
0.0706144704931285,0.0850000008940697,0.0850000008940697
0.0707144907033145,0.0850000008940697,0.0850000008940697
0.0708145109135004,0.0850000008940697,0.0850000008940697
0.0709145311236863,0.0850000008940697,0.0850000008940697
0.0710145513338723,0.0850000008940697,0.0850000008940697
0.0711145715440582,0.0850000008940697,0.0850000008940697
0.0712145917542441,0.0850000008940697,0.0850000008940697
0.0713146119644301,0.0850000008940697,0.0850000008940697
0.0714146321746160,0.0850000008940697,0.0850000008940697
0.0715146523848019,0.0850000008940697,0.0850000008940697
0.0716146725949879,0.0850000008940697,0.0850000008940697
0.0717146928051738,0.0850000008940697,0.0850000008940697
0.0718147130153597,0.0850000008940697,0.0850000008940697
0.0719147332255457,0.0850000008940697,0.0850000008940697
0.0720147534357316,0.0850000008940697,0.0850000008940697
0.0721147736459175,0.0850000008940697,0.0850000008940697
0.0722147938561035,0.0850000008940697,0.0850000008940697
0.0723148140662894,0.0850000008940697,0.0850000008940697
0.0724148342764753,0.0850000008940697,0.0850000008940697
0.0725148544866613,0.0850000008940697,0.0850000008940697
0.0726148746968472,0.0850000008940697,0.0850000008940697
0.0727148949070331,0.0850000008940697,0.0850000008940697
0.0728149151172191,0.0850000008940697,0.0850000008940697
0.0729149353274050,0.0850000008940697,0.0850000008940697
0.0730149555375910,0.0850000008940697,0.0850000008940697
0.0731149757477769,0.0850000008940697,0.0850000008940697
0.0732149959579628,0.0850000008940697,0.0850000008940697
0.0733150161681487,0.0850000008940697,0.0850000008940697
0.0734150363783347,0.0850000008940697,0.0850000008940697
0.0735150565885206,0.0850000008940697,0.0850000008940697
0.0736150767987065,0.0850000008940697,0.0850000008940697
0.0737150970088925,0.0850000008940697,0.0850000008940697
0.0738151172190784,0.0850000008940697,0.0850000008940697
0.0739151374292644,0.0850000008940697,0.0850000008940697
0.0740151576394503,0.0850000008940697,0.0850000008940697
0.0741151778496362,0.0850000008940697,0.0850000008940697
0.0742151980598222,0.0850000008940697,0.0850000008940697
0.0743152182700081,0.0850000008940697,0.0850000008940697
0.0744152384801940,0.0850000008940697,0.0850000008940697
0.0745152586903799,0.0850000008940697,0.0850000008940697
0.0746152789005659,0.0850000008940697,0.0850000008940697
0.0747152991107518,0.0850000008940697,0.0850000008940697
0.0748153193209377,0.0850000008940697,0.0850000008940697
0.0749153395311237,0.0850000008940697,0.0850000008940697
0.0750153597413096,0.0850000008940697,0.0850000008940697
0.0751153799514956,0.0850000008940697,0.0850000008940697
0.0752154001616815,0.0850000008940697,0.0850000008940697
0.0753154203718674,0.0362817309796810,-0.0189197007566690
0.0754154405820534,0.0338701382279396,-0.0193077791482210
0.0755154607922393,0.0317424088716507,-0.0193712692707777
0.0756154810024252,0.0308595206588507,-0.0202186908572912
0.0757155012126112,0.0331546589732170,-0.0207122303545475
0.0758155214227971,0.0332475192844868,-0.0205093491822481
0.0759155416329830,0.0320824496448040,-0.0203996207565069
0.0760155618431689,0.0299055203795433,-0.0203759390860796
0.0761155820533549,0.0284754093736410,-0.0197988804429770
0.0762156022635408,0.0283433701843023,-0.0199176892638206
0.0763156224737268,0.0279089808464050,-0.0198417808860540
0.0764156426839127,0.0256676804274321,-0.0195825695991516
0.0765156628940986,0.0256488490849733,-0.0194750297814608
0.0766156831042846,0.0249643791466951,-0.0191125497221947
0.0767157033144705,0.0244047902524471,-0.0187931992113590
0.0768157235246564,0.0239086691290140,-0.0186660401523113
0.0769157437348424,0.0241637900471687,-0.0180263090878725
0.0770157639450283,0.0254116896539927,-0.0181820001453161
0.0771157841552142,0.0257389806210995,-0.0181195698678493
0.0772158043654002,0.0269952602684498,-0.0180034209042788
0.0773158245755861,0.0265945103019476,-0.0179570205509663
0.0774158447857720,0.0264230594038963,-0.0177931208163500
0.0775158649959580,0.0279034003615379,-0.0181324407458305
0.0776158852061439,0.0262654908001423,-0.0174313299357891
0.0777159054163298,0.0268753506243229,-0.0174233503639698
0.0778159256265158,0.0257388800382614,-0.0167264807969332
0.0779159458367017,0.0262618009001017,-0.0165195800364017
0.0780159660468876,0.0261092390865088,-0.0159876905381680
0.0781159862570736,0.0273592304438353,-0.0161417499184608
0.0782160064672595,0.0256541594862938,-0.0156499892473221
0.0783160266774454,0.0272508896887302,-0.0155719099566340
0.0784160468876314,0.0254362095147371,-0.0152476998046041
0.0785160670978173,0.0239964500069618,-0.0150024304166436
0.0786160873080032,0.0241923592984676,-0.0147831598296762
0.0787161075181892,0.0244437195360661,-0.0144005101174116
0.0788161277283751,0.0246749296784401,-0.0143173001706600
0.0789161479385610,0.0243395697325468,-0.0137771498411894
0.0790161681487470,0.0250603500753641,-0.0133509198203683
0.0791161883589329,0.0240779295563698,-0.0128816999495029
0.0792162085691188,0.0251199696213007,-0.0125394901260734
0.0793162287793048,0.0235108491033316,-0.0122116301208735
0.0794162489894907,0.0243126992136240,-0.0120961703360081
0.0795162691996766,0.0228144004940987,-0.0117523698136210
0.0796162894098626,0.0226286295801401,-0.0114376498386264
0.0797163096200485,0.0211536996066570,-0.0110562797635794
0.0798163298302344,0.0219325795769691,-0.0107330298051238
0.0799163500404204,0.0202270001173019,-0.0103381704539061
0.0800163702506063,0.0203131604939699,-0.0099196303635836
0.0801163904607922,0.0199475791305304,-0.0096898274496198
0.0802164106709782,0.0199396200478077,-0.0094685405492783
0.0803164308811641,0.0191950891166925,-0.0093597872182727
0.0804164510913500,0.0192627105861902,-0.0088476659730077
0.0805164713015360,0.0187048893421888,-0.0088474098592997
0.0806164915117219,0.0175669696182013,-0.0086680026724935
0.0807165117219078,0.0181345697492361,-0.0081308735534549
0.0808165319320938,0.0169696006923914,-0.0079903071746230
0.0809165521422797,0.0177065897732973,-0.0073044640012085
0.0810165723524656,0.0167948994785547,-0.0070617799647152
0.0811165925626516,0.0161383096128702,-0.0065082199871540
0.0812166127728375,0.0162863992154598,-0.0063702478073537
0.0813166329830234,0.0170667208731174,-0.0058822538703680
0.0814166531932094,0.0152297196909785,-0.0058957198634744
0.0815166734033953,0.0163703206926584,-0.0052613099105656
0.0816166936135812,0.0161049794405699,-0.0052707670256495
0.0817167138237672,0.0174097791314125,-0.0047437339089811
0.0818167340339531,0.0166793093085289,-0.0046646720729768
0.0819167542441390,0.0180803202092648,-0.0039808689616621
0.0820167744543250,0.0176972392946482,-0.0040538460016251
0.0821167946645109,0.0184070598334074,-0.0032505409326404
0.0822168148746969,0.0181222204118967,-0.0033068670891225
0.0823168350848828,0.0186621006578207,-0.0028572429437190
0.0824168552950687,0.0178806092590094,-0.0030951160006225
0.0825168755052546,0.0187212899327278,-0.0025470010004938
0.0826168957154406,0.0185728892683983,-0.0025257510133088
0.0827169159256265,0.0192287899553776,-0.0019660010002553
0.0828169361358125,0.0191036798059940,-0.0017272490076721
0.0829169563459984,0.0192242003977299,-0.0013795129489154
0.0830169765561843,0.0202550906687975,-0.0014251789543778
0.0831169967663702,0.0200109891593456,-0.0014513309579343
0.0832170169765562,0.0206535700708628,-0.0010385300265625
0.0833170371867421,0.0199631694704294,-0.0013045649975538
0.0834170573969281,0.0212322901934385,-0.0009388967882842
0.0835170776071140,0.0194173492491245,-0.0015150069957599
0.0836170978172999,0.0235538706183434,0.0001900977949845
0.0837171180274859,0.0233694892376661,-0.0002058623067569
0.0838171382376718,0.0222611408680677,-0.0005082081188448
0.0839171584478577,0.0239774808287621,0.0000185175103979
0.0840171786580436,0.0220025293529034,-0.0003082776966039
0.0841171988682296,0.0218248404562473,0.0002856538048945
0.0842172190784155,0.0221027098596096,0.0001949831057573
0.0843172392886015,0.0229033604264259,0.0005185257759877
0.0844172594987874,0.0223654601722956,0.0004650113114621
0.0845172797089733,0.0221567396074533,0.0004651753115468
0.0846172999191593,0.0224195700138807,0.0006014721002430
0.0847173201293452,0.0232746303081512,0.0010604329872876
0.0848173403395311,0.0231468491256237,0.0009344497811981
0.0849173605497171,0.0224626101553440,0.0005082354764454
0.0850173807599030,0.0227800607681274,0.0011411060113460
0.0851174009700889,0.0234493203461170,0.0013075879542157
0.0852174211802749,0.0231733806431293,0.0010285819880664
0.0853174413904608,0.0234907306730747,0.0009302322287112
0.0854174616006467,0.0232216399163008,0.0008924626163207
0.0855174818108327,0.0214416198432446,0.0003065456112381
0.0856175020210186,0.0224223993718624,0.0007569285226054
0.0857175222312045,0.0212697591632605,0.0001806687942008
0.0858175424413905,0.0227684807032347,0.0004216968081892
0.0859175626515764,0.0216146893799305,0.0002093797957059
0.0860175828617623,0.0229604300111532,0.0009091278770939
0.0861176030719483,0.0224162805825472,0.0005177243147045
0.0862176232821342,0.0236965995281935,0.0009596811723895
0.0863176434923201,0.0224167108535767,0.0005018612137064
0.0864176637025061,0.0237207803875208,0.0006825756281614
0.0865176839126920,0.0226317904889584,0.0001500991056673
0.0866177041228779,0.0241776108741760,0.0004810772952624
0.0867177243330639,0.0231308601796627,-0.0001162262997241
0.0868177445432498,0.0241565294563770,0.0003704763075802
0.0869177647534357,0.0223930496722460,-0.0000384440609196
0.0870177849636217,0.0241382699459791,0.0004528507124633
0.0871178051738076,0.0227842107415199,-0.0000653255992802
0.0872178253839935,0.0236565694212914,0.0004975296906196
0.0873178455941795,0.0227185599505901,0.0002189749939134
0.0874178658043654,0.0234251301735640,0.0003607310063671
0.0875178860145513,0.0228261295706034,-0.0000241140405706
0.0876179062247373,0.0235110204666853,0.0002281874039909
0.0877179264349232,0.0224980991333723,-0.0002947686880361
0.0878179466451091,0.0226691700518131,0.0001662872964516
0.0879179668552951,0.0212298594415188,-0.0004419425968081
0.0880179870654810,0.0230495706200600,0.0002654051932041
0.0881180072756669,0.0230654701590538,-0.0000059523340497
0.0882180274858529,0.0238373801112175,0.0001358579029329
0.0883180476960388,0.0229885093867779,-0.0001777489960659
0.0884180679062247,0.0221475493162870,-0.0004770914092660
0.0885180881164107,0.0223414506763220,-0.0007434342987835
0.0886181083265966,0.0234095491468906,-0.0003560282930266
0.0887181285367825,0.0216620601713657,-0.0010859719477594
0.0888181487469685,0.0228342898190022,-0.0008624371839687
0.0889181689571544,0.0219489391893148,-0.0010940079810098
0.0890181891673403,0.0223207492381334,-0.0007757609128021
0.0891182093775263,0.0214504506438971,-0.0010847980156541
0.0892182295877122,0.0212958808988333,-0.0012097139842808
0.0893182497978982,0.0208963304758072,-0.0013054399751127
0.0894182700080841,0.0210648197680712,-0.0014844170073047
0.0895182902182700,0.0220437105745077,-0.0014084109570831
0.0896183104284559,0.0223526097834110,-0.0010949450079352
0.0897183306386419,0.0212527904659510,-0.0016270639607683
0.0898183508488278,0.0225589405745268,-0.0012023879680783
0.0899183710590137,0.0216827895492315,-0.0014205119805411
0.0900183912691997,0.0216586608439684,-0.0015259949723259
0.0901184114793856,0.0212982892990112,-0.0018245569663122
0.0902184316895715,0.0213568005710840,-0.0020389610435814
0.0903184518997575,0.0212566703557968,-0.0021360919345170
0.0904184721099434,0.0221347901970148,-0.0020511869806796
0.0905184923201293,0.0219119098037481,-0.0024621400516480
0.0906185125303153,0.0233794208616018,-0.0023059269879013
0.0907185327405012,0.0218261592090130,-0.0027209850959480
0.0908185529506872,0.0213613398373127,-0.0027057190891355
0.0909185731608731,0.0216170493513346,-0.0026257690042257
0.0910185933710590,0.0209519397467375,-0.0026392990257591
0.0911186135812449,0.0214248094707727,-0.0026698559522629
0.0912186337914309,0.0214428901672363,-0.0028422928880900
0.0913186540016168,0.0209956709295511,-0.0028253430500627
0.0914186742118027,0.0223986692726612,-0.0025082679931074
0.0915186944219887,0.0224335100501776,-0.0028155900072306
0.0916187146321746,0.0225878302007914,-0.0028410360682756
0.0917187348423606,0.0222879201173782,-0.0032564098946750
0.0918187550525465,0.0216171499341726,-0.0033426620066166
0.0919187752627324,0.0221688393503428,-0.0032230929937214
0.0920187954729184,0.0221006292849779,-0.0035012660082430
0.0921188156831043,0.0224409997463226,-0.0032641889993101
0.0922188358932902,0.0230594296008348,-0.0032261239830405
0.0923188561034761,0.0225407294929028,-0.0034995849709958
0.0924188763136621,0.0235552508383989,-0.0033743169624358
0.0925188965238480,0.0232636891305447,-0.0037004700861871
0.0926189167340340,0.0225611198693514,-0.0038887739647180
0.0927189369442199,0.0232746601104736,-0.0040491940453649
0.0928189571544058,0.0217470992356539,-0.0042290990240872
0.0929189773645918,0.0232830196619034,-0.0037947040982544
0.0930189975747777,0.0253359694033861,-0.0033810820896178
0.0931190177849636,0.0253237392753363,-0.0035012059379369
0.0932190379951496,0.0245852898806334,-0.0037018009461462
0.0933190582053355,0.0238130297511816,-0.0040369019843638
0.0934190784155214,0.0235623698681593,-0.0042246249504387
0.0935190986257074,0.0237561799585819,-0.0044869971461594
0.0936191188358933,0.0232701096683741,-0.0048122829757631
0.0937191390460792,0.0239411108195782,-0.0047366498038173
0.0938191592562651,0.0249289404600859,-0.0045101880095899
0.0939191794664511,0.0236363299190998,-0.0045756739564240
0.0940191996766370,0.0242477692663670,-0.0044283671304584
0.0941192198868230,0.0237970594316721,-0.0045526539906859
0.0942192400970089,0.0239534992724657,-0.0044116931967437
0.0943192603071948,0.0234232600778341,-0.0045792511664331
0.0944192805173808,0.0231998097151518,-0.0046744900755584
0.0945193007275667,0.0243153702467680,-0.0046504940837622
0.0946193209377526,0.0226443391293287,-0.0050494191236794
0.0947193411479386,0.0236069001257420,-0.0047052041627467
0.0948193613581245,0.0252794492989779,-0.0043578171171248
0.0949193815683104,0.0247207898646593,-0.0043373308144510
0.0950194017784964,0.0250305607914925,-0.0044185789301991
0.0951194219886823,0.0230325590819120,-0.0046091871336102
0.0952194421988682,0.0227924007922411,-0.0048426301218569
0.0953194624090542,0.0236483998596668,-0.0047384537756443
0.0954194826192401,0.0233559608459473,-0.0051693008281291
0.0955195028294260,0.0238524693995714,-0.0050576548092067
0.0956195230396120,0.0229251496493816,-0.0053792959079146
0.0957195432497979,0.0242826491594315,-0.0049606659449637
0.0958195634599838,0.0237818993628025,-0.0050248051993549
0.0959195836701698,0.0238230992108583,-0.0050402539782226
0.0960196038803557,0.0241744294762611,-0.0046388301998377
0.0961196240905416,0.0247856602072716,-0.0046294759958982
0.0962196443007276,0.0234095696359873,-0.0046658129431307
0.0963196645109135,0.0241108406335115,-0.0044967960566282
0.0964196847210994,0.0234796907752752,-0.0048530721105635
0.0965197049312854,0.0247506909072399,-0.0045673269778490
0.0966197251414713,0.0236160606145859,-0.0050494507886469
0.0967197453516572,0.0248877797275782,-0.0047745830379426
0.0968197655618432,0.0245329905301332,-0.0047853509895504
0.0969197857720291,0.0240762699395418,-0.0047881100326777
0.0970198059822150,0.0228418298065662,-0.0050613451749086
0.0971198261924010,0.0242517702281475,-0.0048025371506810
0.0972198464025869,0.0225611701607704,-0.0051022158004344
0.0973198666127728,0.0240370798856020,-0.0045692911371589
0.0974198868229588,0.0232123602181673,-0.0049865702167153
0.0975199070331447,0.0240229293704033,-0.0050792191177607
0.0976199272433306,0.0230512209236622,-0.0051871030591428
0.0977199474535166,0.0245559606701136,-0.0047190152108669
0.0978199676637025,0.0239041596651077,-0.0047988970763981
0.0979199878738884,0.0255028493702412,-0.0041172942146659
0.0980200080840744,0.0244086701422930,-0.0045421430841088
0.0981200282942603,0.0254604499787092,-0.0037899040617049
0.0982200485044462,0.0232024397701025,-0.0042786127887666
0.0983200687146322,0.0251317396759987,-0.0038053099997342
0.0984200889248181,0.0235954895615578,-0.0042655440047383
0.0985201091350040,0.0249107908457518,-0.0040012639947236
0.0986201293451900,0.0241251103579998,-0.0043609309941530
0.0987201495553759,0.0262248907238245,-0.0038482579402626
0.0988201697655618,0.0248073395341635,-0.0040122419595718
0.0989201899757478,0.0250129606574774,-0.0038985149003565
0.0990202101859337,0.0232477094978094,-0.0043142167851329
0.0991202303961196,0.0254158191382885,-0.0036311489529908
0.0992202506063056,0.0248036701232195,-0.0037240129895508
0.0993202708164915,0.0259843505918980,-0.0035391349811107
0.0994202910266774,0.0251528806984425,-0.0037272491026670
0.0995203112368634,0.0263006091117859,-0.0034426879137754
0.0996203314470493,0.0237589795142412,-0.0039179162122309
0.0997203516572352,0.0241362098604441,-0.0038319840095937
0.0998203718674212,0.0243770200759172,-0.0038952028844506
0.0999203920776071,0.0253053102642298,-0.0037031290121377
0.1000204122877931,0.0246603004634380,-0.0037804481107742
0.1001204324979790,0.0259661097079515,-0.0033794830087572
0.1002204527081649,0.0255175493657589,-0.0036282250657678
0.1003204729183508,0.0257751401513815,-0.0034063709899783
0.1004204931285368,0.0244081094861031,-0.0041147330775857
0.1005205133387227,0.0255310591310263,-0.0040715858340263
0.1006205335489087,0.0253265108913183,-0.0043483269400895
0.1007205537590946,0.0301076304167509,-0.0036403280682862
0.1008205739692805,0.0364558510482311,-0.0016626840224490
0.1009205941794664,0.0416945107281208,0.0005913596251048
0.1010206143896524,0.0442677289247513,0.0025319650303572
0.1011206345998383,0.0454267300665379,0.0056056538596749
0.1012206548100243,0.0412922017276287,0.0083128502592444
0.1013206750202102,0.0236662197858095,0.0049882452003658
0.1014206952303961,0.0850000008940697,0.0850000008940697
0.1015207154405821,0.0850000008940697,0.0850000008940697
0.1016207356507680,0.0850000008940697,0.0850000008940697
0.1017207558609539,0.0850000008940697,0.0850000008940697
0.1018207760711399,0.0850000008940697,0.0850000008940697
0.1019207962813258,0.0511927194893360,-0.0034669130109251
0.1020208164915117,0.0418306291103363,-0.0061665149405599
0.1021208367016977,0.0364067889750004,-0.0080523183569312
0.1022208569118836,0.0361314192414284,-0.0088583268225193
0.1023208771220695,0.0347305089235306,-0.0083446549251676
0.1024208973322555,0.0341631695628166,-0.0081837186589837
0.1025209175424414,0.0332963205873966,-0.0078069390729070
0.1026209377526273,0.0324564501643181,-0.0075962510891259
0.1027209579628133,0.0329719707369804,-0.0088451448827982
0.1028209781729992,0.0333850011229515,-0.0093047590926290
0.1029209983831851,0.0333064608275890,-0.0097335372120142
0.1030210185933711,0.0348351597785950,-0.0099665326997638
0.1031210388035570,0.0355141311883926,-0.0102678397670388
0.1032210590137429,0.0380955412983894,-0.0105327796190977
0.1033210792239289,0.0387087613344193,-0.0105343097820878
0.1034210994341148,0.0395146310329437,-0.0105369295924902
0.1035211196443007,0.0405264310538769,-0.0104211401194334
0.1036211398544867,0.0422025695443153,-0.0105512700974941
0.1037211600646726,0.0403209887444973,-0.0101334499195218
0.1038211802748585,0.0399270690977573,-0.0100208399817348
0.1039212004850445,0.0410617589950562,-0.0099758477881551
0.1040212206952304,0.0416230708360672,-0.0100838402286172
0.1041212409054163,0.0385917685925961,-0.0096105718985200
0.1042212611156023,0.0399694293737411,-0.0096618384122849
0.1043212813257882,0.0411800481379032,-0.0096119502559304
0.1044213015359741,0.0417342707514763,-0.0096826786175370
0.1045213217461601,0.0392824187874794,-0.0093589341267943
0.1046213419563460,0.0399235486984253,-0.0095195090398192
0.1047213621665319,0.0392177700996399,-0.0090135354548693
0.1048213823767179,0.0394403412938118,-0.0089973732829094
0.1049214025869038,0.0381379909813404,-0.0087467925623059
0.1050214227970897,0.0393906906247139,-0.0087629891932011
0.1051214430072757,0.0377311110496521,-0.0084301112219691
0.1052214632174616,0.0377131290733814,-0.0083751510828733
0.1053214834276475,0.0389676094055176,-0.0082008894532919
0.1054215036378335,0.0368254408240318,-0.0078633204102516
0.1055215238480194,0.0384657904505730,-0.0078553948551416
0.1056215440582053,0.0374642685055733,-0.0075313160195947
0.1057215642683913,0.0378007292747498,-0.0073962952010334
0.1058215844785772,0.0375241898000240,-0.0073656868189573
0.1059216046887631,0.0382037796080112,-0.0073139281012118
0.1060216248989491,0.0352935194969177,-0.0069213160313666
0.1061216451091350,0.0369127392768860,-0.0069275521673262
0.1062216653193209,0.0346520096063614,-0.0066484590061009
0.1063216855295069,0.0357992015779018,-0.0067618340253830
0.1064217057396928,0.0355221107602119,-0.0061509190127254
0.1065217259498787,0.0363728292286396,-0.0064682657830417
0.1066217461600647,0.0361418984830379,-0.0060799359343946
0.1067217663702506,0.0370909795165062,-0.0059452489949763
0.1068217865804365,0.0348527282476425,-0.0056450478732586
0.1069218067906225,0.0364402085542679,-0.0055267810821533
0.1070218270008084,0.0342133902013302,-0.0052862148731947
0.1071218472109944,0.0356696508824825,-0.0054399957880378
0.1072218674211803,0.0355936400592327,-0.0050146398134530
0.1073218876313662,0.0364217199385166,-0.0050753019750118
0.1074219078415521,0.0359453782439232,-0.0049432190135121
0.1075219280517381,0.0369358696043491,-0.0046998951584101
0.1076219482619240,0.0342106707394123,-0.0044449358247221
0.1077219684721099,0.0349432006478310,-0.0044138422235847
0.1078219886822959,0.0320710688829422,-0.0042706229723990
0.1079220088924818,0.0331088602542877,-0.0043620229698718
0.1080220291026677,0.0330041609704494,-0.0042564701288939
0.1081220493128537,0.0315272398293018,-0.0039726807735860
0.1082220695230396,0.0334288887679577,-0.0040957401506603
0.1083220897332256,0.0343971997499466,-0.0038959810044616
0.1084221099434115,0.0316782295703888,-0.0036925349850208
0.1085221301535974,0.0329041890799999,-0.0033071560319513
0.1086221503637834,0.0299542304128408,-0.0030487780459225
0.1087221705739693,0.0304935406893492,-0.0027659949846566
0.1088221907841552,0.0307653807103634,-0.0027357419021428
0.1089222109943411,0.0302147492766380,-0.0027195860166103
0.1090222312045271,0.0288698393851519,-0.0025369350332767
0.1091222514147130,0.0300679095089436,-0.0025908988900483
0.1092222716248989,0.0323575399816036,-0.0026265250053257
0.1093222918350849,0.0302744805812836,-0.0025267410092056
0.1094223120452708,0.0321558490395546,-0.0023542190901935
0.1095223322554567,0.0292546804994345,-0.0022350719664246
0.1096223524656427,0.0277449991554022,-0.0019634719938040
0.1097223726758286,0.0273372903466225,-0.0020757080055773
0.1098223928860146,0.0286902505904436,-0.0019161279778928
0.1099224130962005,0.0271230004727840,-0.0018465289613232
0.1100224333063864,0.0285949707031250,-0.0018860619748011
0.1101224535165723,0.0271585602313280,-0.0017912520561367
0.1102224737267583,0.0287204794585705,-0.0016890850383788
0.1103224939369442,0.0272828806191683,-0.0016714939847589
0.1104225141471302,0.0289106704294682,-0.0013427319936454
0.1105225343573161,0.0271516200155020,-0.0013567289570346
0.1106225545675020,0.0287600196897984,-0.0012400560081005
0.1107225747776880,0.0276422593742609,-0.0009190983255394
0.1108225949878739,0.0288584604859352,-0.0010641460539773
0.1109226151980598,0.0292522609233856,-0.0009599258773960
0.1110226354082458,0.0295168403536081,-0.0009405966266058
0.1111226556184317,0.0278476309031248,-0.0010018029715866
0.1112226758286176,0.0297452993690968,-0.0011112629435956
0.1113226960388036,0.0270718801766634,-0.0009550367249176
0.1114227162489895,0.0280037000775337,-0.0007941512158141
0.1115227364591754,0.0229917205870152,-0.0000299261791952
0.1116227566693614,0.0067309639416635,0.0024871008936316
0.1117227768795473,0.0044071739539504,0.0026407639961690
0.1118227970897332,0.0054621151648462,0.0029705138877034
0.1119228172999192,0.0055564912036061,0.0025508978869766
0.1120228375101051,0.0048603988252580,0.0032391219865531
0.1121228577202910,0.0052611050195992,0.0023235171101987
0.1122228779304770,0.0038255390245467,0.0030573119875044
0.1123228981406629,0.0046944348141551,0.0023105069994926
0.1124229183508488,0.0058579798787832,0.0028161259833723
0.1125229385610348,0.0051595829427242,0.0023296840954572
0.1126229587712207,0.0052012279629707,0.0025601109955460
0.1127229789814066,0.0061580161564052,0.0025991960428655
0.1128229991915926,0.0058204289525747,0.0020890280138701
0.1129230194017785,0.0062202308326960,0.0016618629451841
0.1130230396119644,0.0069746067747474,0.0013685070443898
0.1131230598221504,0.0095092030242085,0.0010328009957448
0.1132230800323363,0.0091902101412416,0.0007277341792360
0.1133231002425222,0.0097648911178112,0.0009852396324277
0.1134231204527082,0.0100917499512434,0.0013711450155824
0.1135231406628941,0.0091473832726479,0.0008020346867852
0.1136231608730800,0.0106806298717856,0.0007692638901062
0.1137231810832660,0.0100079700350761,0.0004502251103986
0.1138232012934519,0.0104505596682429,0.0005062185227871
0.1139232215036378,0.0104225100949407,0.0000399537311750
0.1140232417138238,0.0119355600327253,-0.0000059255021370
0.1141232619240097,0.0121116396039724,-0.0005746246897615
0.1142232821341956,0.0120875695720315,-0.0004445369122550
0.1143233023443816,0.0120121398940682,-0.0010182119440287
0.1144233225545675,0.0139017896726727,-0.0013908450491726
0.1145233427647534,0.0141667798161507,-0.0012821540003642
0.1146233629749394,0.0159652791917324,-0.0014044969575480
0.1147233831851253,0.0153948804363608,-0.0019289209740236
0.1148234033953112,0.0169969107955694,-0.0021307929418981
0.1149234236054972,0.0163367297500372,-0.0023367439862341
0.1150234438156831,0.0163774192333221,-0.0021870550699532
0.1151234640258690,0.0157450996339321,-0.0025807509664446
0.1152234842360550,0.0161799397319555,-0.0023236160632223
0.1153235044462409,0.0156744793057442,-0.0025853770785034
0.1154235246564268,0.0174199808388948,-0.0029513139743358
0.1155235448666128,0.0166818499565125,-0.0027818880043924
0.1156235650767987,0.0174831300973892,-0.0027873308863491
0.1157235852869846,0.0166049692779779,-0.0028454540297389
0.1158236054971706,0.0176023207604885,-0.0029544751159847
0.1159236257073565,0.0165901090949774,-0.0033239510376006
0.1160236459175424,0.0183935407549143,-0.0030193319544196
0.1161236661277284,0.0179332196712494,-0.0032579950056970
0.1162236863379143,0.0172230806201696,-0.0039161490276456
0.1163237065481002,0.0183379594236612,-0.0039184070192277
0.1164237267582862,0.0191361606121063,-0.0037603599485010
0.1165237469684721,0.0185805894434452,-0.0041433088481426
0.1166237671786580,0.0189124904572964,-0.0039103068411350
0.1167237873888440,0.0176534093916416,-0.0039859218522906
0.1168238075990299,0.0183020997792482,-0.0036950160283595
0.1169238278092159,0.0177712403237820,-0.0040515367873013
0.1170238480194018,0.0192928202450275,-0.0042029409669340
0.1171238682295877,0.0186562892049551,-0.0043697929941118
0.1172238884397736,0.0195467006415129,-0.0042276931926608
0.1173239086499596,0.0196368601173162,-0.0045915530063212
0.1174239288601455,0.0202775001525879,-0.0043681999668479
0.1175239490703315,0.0200460795313120,-0.0046328729949892
0.1176239692805174,0.0214834809303284,-0.0048458799719810
0.1177239894907033,0.0213739909231663,-0.0047706561163068
0.1178240097008892,0.0206742994487286,-0.0049962680786848
0.1179240299110752,0.0221503898501396,-0.0053578731603920
0.1180240501212611,0.0212538093328476,-0.0055319298990071
0.1181240703314470,0.0221004597842693,-0.0056441840715706
0.1182240905416330,0.0213237795978785,-0.0058303149417043
0.1183241107518189,0.0211153700947762,-0.0055220499634743
0.1184241309620049,0.0206406190991402,-0.0055520702153444
0.1185241511721908,0.0221409704536200,-0.0055501069873571
0.1186241713823767,0.0217129494994879,-0.0056222961284220
0.1187241915925626,0.0222534704953432,-0.0056349849328399
0.1188242118027486,0.0214678607881069,-0.0056736818514764
0.1189242320129345,0.0222588106989861,-0.0057068318128586
0.1190242522231204,0.0229847207665443,-0.0057372669689357
0.1191242724333064,0.0220791902393103,-0.0058963228948414
0.1192242926434923,0.0227862093597651,-0.0060244901105762
0.1193243128536783,0.0232152193784714,-0.0060139149427414
0.1194243330638642,0.0224695894867182,-0.0062817102298141
0.1195243532740501,0.0229006800800562,-0.0062970248982310
0.1196243734842361,0.0236936192959547,-0.0064750402234495
0.1197243936944220,0.0229362007230520,-0.0065941009670496
0.1198244139046079,0.0235932990908623,-0.0065872888080776
0.1199244341147939,0.0251301098614931,-0.0068226358853281
0.1200244543249798,0.0250361897051334,-0.0069704181514680
0.1201244745351657,0.0256457906216383,-0.0069864680990577
0.1202244947453517,0.0250823199748993,-0.0069005200639367
0.1203245149555376,0.0251579601317644,-0.0065803471952677
0.1204245351657235,0.0234851203858852,-0.0063328947871923
0.1205245553759095,0.0245613493025303,-0.0063239149749279
0.1206245755860954,0.0238798595964909,-0.0063243522308767
0.1207245957962813,0.0243880990892649,-0.0063533321954310
0.1208246160064673,0.0234062094241381,-0.0063851377926767
0.1209246362166532,0.0243445802479982,-0.0065241968259215
0.1210246564268391,0.0235528796911240,-0.0066337510943413
0.1211246766370251,0.0242213997989893,-0.0066418279893696
0.1212246968472110,0.0230291504412889,-0.0067895860411227
0.1213247170573969,0.0249493606388569,-0.0070264609530568
0.1214247372675828,0.0228807106614113,-0.0069694691337645
0.1215247574777688,0.0242371298372746,-0.0071656252257526
0.1216247776879547,0.0234535299241543,-0.0070772110484540
0.1217247978981407,0.0246458705514669,-0.0071028131060302
0.1218248181083266,0.0229090508073568,-0.0070497281849384
0.1219248383185125,0.0230060797184706,-0.0069674341939390
0.1220248585286985,0.0221689194440842,-0.0067513259127736
0.1221248787388844,0.0235887002199888,-0.0068181119859219
0.1222248989490703,0.0232354495674372,-0.0070111500099301
0.1223249191592563,0.0248483605682850,-0.0073549221269786
0.1224249393694422,0.0238122995942831,-0.0072028259746730
0.1225249595796281,0.0249652694910765,-0.0072607351467013
0.1226249797898141,0.0233920998871326,-0.0071898209862411
0.1227250000000000,0.0242332499474287,-0.0071739428676665
0.1228250202101859,0.0245592892169952,-0.0072607840411365
0.1229250404203719,0.0243200100958347,-0.0074814190156758
0.1230250606305578,0.0233964398503304,-0.0073402300477028
0.1231250808407437,0.0241270791739225,-0.0073965271003544
0.1232251010509297,0.0239178501069546,-0.0072033009491861
0.1233251212611156,0.0234843399375677,-0.0072820289060473
0.1234251414713015,0.0241101104766130,-0.0070323371328413
0.1235251616814875,0.0242248997092247,-0.0070837950333953
0.1236251818916734,0.0236889291554689,-0.0070866900496185
0.1237252021018593,0.0243465192615986,-0.0069960309192538
0.1238252223120453,0.0250406507402658,-0.0070538911968470
0.1239252425222312,0.0227409191429615,-0.0069393757730722
0.1240252627324171,0.0239517800509930,-0.0071063069626689
0.1241252829426031,0.0229862406849861,-0.0070073939859867
0.1242253031527890,0.0230336003005505,-0.0071892100386322
0.1243253233629749,0.0232828706502914,-0.0072162142023444
0.1244253435731609,0.0240983609110117,-0.0073156510479748
0.1245253637833468,0.0241295807063580,-0.0075736609287560
0.1246253839935327,0.0252675507217646,-0.0075379018671811
0.1247254042037187,0.0244276691228151,-0.0076310830190778
0.1248254244139046,0.0255983006209135,-0.0077650379389524
0.1249254446240905,0.0240172594785690,-0.0075136600062251
0.1250254648342765,0.0246761403977871,-0.0073207989335060
0.1251254850444624,0.0227774791419506,-0.0072387941181660
0.1252255052546483,0.0237581003457308,-0.0072935242205858
0.1253255254648343,0.0226930994540453,-0.0072910101152956
0.1254255456750202,0.0236273501068354,-0.0073110847733915
0.1255255658852061,0.0233153197914362,-0.0072406060062349
0.1256255860953921,0.0246299691498280,-0.0073222899809480
0.1257256063055780,0.0233551003038883,-0.0073103401809931
0.1258256265157640,0.0239469408988953,-0.0072417459450662
0.1259256467259499,0.0230132807046175,-0.0073042460717261
0.1260256669361358,0.0244889706373215,-0.0075396331958473
0.1261256871463217,0.0234675500541925,-0.0075189741328359
0.1262257073565077,0.0242139808833599,-0.0081120664253831
0.1263257275666936,0.0233468692749739,-0.0076639181934297
0.1264257477768795,0.0243502296507359,-0.0078097051009536
0.1265257679870655,0.0238413400948048,-0.0078363819047809
0.1266257881972514,0.0250809900462627,-0.0078098471276462
0.1267258084074374,0.0266823805868626,-0.0079954881221056
0.1268258286176233,0.0250466391444206,-0.0078871129080653
0.1269258488278092,0.0260804407298565,-0.0079845990985632
0.1270258690379952,0.0232777707278728,-0.0077676931396127
0.1271258892481811,0.0249026399105787,-0.0078559461981058
0.1272259094583670,0.0256437491625547,-0.0079821348190308
0.1273259296685530,0.0331915616989136,-0.0088680619373918
0.1274259498787389,0.0405959114432335,-0.0098879104480147
0.1275259700889248,0.0463477000594139,-0.0112690497189760
0.1276259902991108,0.0480609983205795,-0.0119213499128819
0.1277260105092967,0.0509645901620388,-0.0135483602061868
0.1278260307194826,0.0495800487697124,-0.0154084600508213
0.1279260509296685,0.0462899506092072,-0.0198750197887421
0.1280260711398545,0.0352498516440392,-0.0294081307947636
0.1281260913500404,0.0850000008940697,0.0850000008940697
0.1282261115602263,0.0850000008940697,0.0850000008940697
0.1283261317704123,0.0850000008940697,0.0850000008940697
0.1284261519805982,0.0850000008940697,0.0850000008940697
0.1285261721907842,0.0850000008940697,0.0850000008940697
0.1286261924009701,0.0349243804812431,-0.0312584899365902
0.1287262126111560,0.0334005914628506,-0.0246299803256989
0.1288262328213420,0.0305032897740602,-0.0210896097123623
0.1289262530315279,0.0310080107301474,-0.0203529894351959
0.1290262732417138,0.0324547104537487,-0.0199423506855965
0.1291262934518997,0.0330991297960281,-0.0196564104408026
0.1292263136620857,0.0333110988140106,-0.0194855406880379
0.1293263338722716,0.0339774303138256,-0.0191755201667547
0.1294263540824576,0.0338628701865673,-0.0191612392663956
0.1295263742926435,0.0335434898734093,-0.0187433008104563
0.1296263945028294,0.0333235189318657,-0.0185821000486612
0.1297264147130154,0.0351124405860901,-0.0188168603926897
0.1298264349232013,0.0360724888741970,-0.0189320296049118
0.1299264551333872,0.0356706902384758,-0.0188696794211864
0.1300264753435732,0.0370306894183159,-0.0190206300467253
0.1301264955537591,0.0382623411715031,-0.0193022992461920
0.1302265157639450,0.0403978899121284,-0.0190556198358536
0.1303265359741310,0.0387433208525181,-0.0187005400657654
0.1304265561843169,0.0371987894177437,-0.0188449602574110
0.1305265763945028,0.0366092287003994,-0.0189590491354465
0.1306265966046888,0.0370306111872196,-0.0188686698675156
0.1307266168148747,0.0358697585761547,-0.0186531003564596
0.1308266370250606,0.0341178886592388,-0.0184336900711060
0.1309266572352465,0.0347839295864105,-0.0181157290935516
0.1310266774454325,0.0352225415408611,-0.0177120100706816
0.1311266976556184,0.0332078710198402,-0.0169696100056171
0.1312267178658044,0.0339513011276722,-0.0165348704904318
0.1313267380759903,0.0336877703666687,-0.0161149799823761
0.1314267582861762,0.0335525684058666,-0.0158715192228556
0.1315267784963622,0.0341523513197899,-0.0156600605696440
0.1316267987065481,0.0322482585906982,-0.0154975401237607
0.1317268189167340,0.0309006702154875,-0.0151194101199508
0.1318268391269200,0.0300808604806662,-0.0148069597780704
0.1319268593371059,0.0302389692515135,-0.0144183896481991
0.1320268795472918,0.0309632606804371,-0.0139010502025485
0.1321268997574778,0.0293347407132387,-0.0135532300919294
0.1322269199676637,0.0297295805066824,-0.0130570195615292
0.1323269401778497,0.0307110305875540,-0.0128434197977185
0.1324269603880356,0.0320990495383739,-0.0125822601839900
0.1325269805982215,0.0316346399486065,-0.0120223397389054
0.1326270008084074,0.0309923496097326,-0.0118361497297883
0.1327270210185934,0.0323141701519489,-0.0113150803372264
0.1328270412287793,0.0333932898938656,-0.0108826598152518
0.1329270614389652,0.0311800409108400,-0.0105706900358200
0.1330270816491512,0.0321919918060303,-0.0099319405853748
0.1331271018593371,0.0333699099719524,-0.0093901660293341
0.1332271220695230,0.0330815501511097,-0.0089626619592309
0.1333271422797090,0.0321084707975388,-0.0087709287181497
0.1334271624898949,0.0336459986865520,-0.0085012726485729
0.1335271827000808,0.0353774614632130,-0.0080576995387673
0.1336272029102668,0.0333891585469246,-0.0079934792593122
0.1337272231204527,0.0339481197297573,-0.0076207411475480
0.1338272433306386,0.0350983887910843,-0.0068713398650289
0.1339272635408246,0.0327684096992016,-0.0068963128142059
0.1340272837510105,0.0339178405702114,-0.0062992358580232
0.1341273039611965,0.0334041006863117,-0.0059584910050035
0.1342273241713824,0.0346711687743664,-0.0052636479958892
0.1343273443815683,0.0348214991390705,-0.0050498121418059
0.1344273645917543,0.0364041402935982,-0.0042508868500590
0.1345273848019402,0.0342714302241802,-0.0043737608939409
0.1346274050121261,0.0363804996013641,-0.0036277570761740
0.1347274252223120,0.0338204503059387,-0.0037457300350070
0.1348274454324980,0.0357670895755291,-0.0027243210934103
0.1349274656426839,0.0323582813143730,-0.0031703119166195
0.1350274858528699,0.0350372307002544,-0.0024385231081396
0.1351275060630558,0.0340967699885368,-0.0018099279841408
0.1352275262732417,0.0347758084535599,-0.0018503259634599
0.1353275464834277,0.0331169813871384,-0.0017448599683121
0.1354275666936136,0.0353997088968754,-0.0010095640318468
0.1355275869037995,0.0315764807164669,-0.0018584820209071
0.1356276071139854,0.0311504993587732,-0.0009860087884590
0.1357276273241714,0.0265801604837179,-0.0017738359747455
0.1358276475343573,0.0271749496459961,-0.0011550179915503
0.1359276677445432,0.0250714998692274,-0.0008522960124537
0.1360276879547292,0.0256269592791796,-0.0007394481799565
0.1361277081649151,0.0237614605575800,-0.0006668635178357
0.1362277283751011,0.0244878605008125,0.0001111203964683
0.1363277485852870,0.0222057495266199,-0.0001985726994462
0.1364277687954729,0.0237997807562351,0.0003147363895550
0.1365277890056589,0.0212102998048067,-0.0003311354957987
0.1366278092158448,0.0228045396506786,0.0001089411016437
0.1367278294260307,0.0249573905020952,0.0004948832793161
0.1368278496362167,0.0231143403798342,0.0000569586991332
0.1369278698464026,0.0225644297897816,0.0003127846866846
0.1370278900565885,0.0235689599066973,0.0007512245210819
0.1371279102667745,0.0213011801242828,0.0003763659915421
0.1372279304769604,0.0231459196656942,0.0009363031131215
0.1373279506871463,0.0220834892243147,0.0011023220140487
0.1374279708973322,0.0209012795239687,0.0008735727751628
0.1375279911075182,0.0230560190975666,0.0012939829612151
0.1376280113177041,0.0206179600208998,0.0006870069773868
0.1377280315278901,0.0204341392964125,0.0011172560043633
0.1378280517380760,0.0165327601134777,0.0004209128965158
0.1379280719482619,0.0150401396676898,0.0009411160135642
0.1380280921584479,0.0128530804067850,0.0000010671590189
0.1381281123686338,0.0125807300209999,0.0004047651891597
0.1382281325788197,0.0118641601875424,0.0007269090856425
0.1383281527890056,0.0072845062240958,0.0002650713140611
0.1384281729991916,0.0049068499356508,-0.0002494599903002
0.1385281932093775,0.0043506841175258,-0.0003149741969537
0.1386282134195634,0.0014108530012891,-0.0010868050158024
0.1387282336297494,-0.0011052410118282,-0.0009910510852933
0.1388282538399353,-0.0037923289928585,-0.0009890369838104
0.1389282740501213,-0.0064700888469815,-0.0014686139766127
0.1390282942603072,-0.0059158587828279,-0.0012480779550970
0.1391283144704931,-0.0065518119372427,-0.0017278000013903
0.1392283346806791,-0.0077355420216918,-0.0014170380309224
0.1393283548908650,-0.0070182611234486,-0.0016461380291730
0.1394283751010509,-0.0067121791653335,-0.0015726200072095
0.1395283953112369,-0.0083074625581503,-0.0015733230393380
0.1396284155214228,-0.0079039027914405,-0.0018188729882240
0.1397284357316087,-0.0073771639727056,-0.0024609831161797
0.1398284559417947,-0.0069092139601707,-0.0024225800298154
0.1399284761519806,-0.0070993551053107,-0.0022853589616716
0.1400284963621665,-0.0086339637637138,-0.0026231650263071
0.1401285165723525,-0.0082227615639567,-0.0028121420182288
0.1402285367825384,-0.0076494091190398,-0.0026373469736427
0.1403285569927243,-0.0068243290297687,-0.0029071709141135
0.1404285772029103,-0.0059739830903709,-0.0032424048986286
0.1405285974130962,-0.0055496748536825,-0.0034635390620679
0.1406286176232821,-0.0065178400836885,-0.0033758999779820
0.1407286378334681,-0.0061035118997097,-0.0037263040430844
0.1408286580436540,-0.0057110050693154,-0.0040497519075871
0.1409286782538399,-0.0048045418225229,-0.0038755510468036
0.1410286984640259,-0.0041256360709667,-0.0037542108912021
0.1411287186742118,-0.0038582370616496,-0.0041224588640034
0.1412287388843977,-0.0027333139441907,-0.0041680610738695
0.1413287590945837,-0.0026467479765415,-0.0040938509628177
0.1414287793047696,-0.0009837975958362,-0.0041117360815406
0.1415287995149556,0.0007388872909360,-0.0043644970282912
0.1416288197251415,0.0013594999909401,-0.0046055829152465
0.1417288399353274,0.0013974669855088,-0.0048740562051535
0.1418288601455134,0.0028704439755529,-0.0050039011985064
0.1419288803556993,0.0034651830792427,-0.0047602830454707
0.1420289005658852,0.0033472760114819,-0.0050861397758126
0.1421289207760711,0.0039984961040318,-0.0052625741809607
0.1422289409862571,0.0051507391035557,-0.0051822960376740
0.1423289611964430,0.0059507298283279,-0.0050659212283790
0.1424289814066289,0.0057565090246499,-0.0053495690226555
0.1425290016168149,0.0071324962191284,-0.0055046090856194
0.1426290218270008,0.0081757418811321,-0.0053849210962653
0.1427290420371867,0.0092227822169662,-0.0053750001825392
0.1428290622473727,0.0088018458336592,-0.0055149071849883
0.1429290824575586,0.0098271742463112,-0.0052884938195348
0.1430291026677445,0.0103075699880719,-0.0051272148266435
0.1431291228779305,0.0106073403730989,-0.0051541258580983
0.1432291430881164,0.0109537299722433,-0.0046396870166063
0.1433291632983023,0.0107294898480177,-0.0047617051750422
0.1434291835084883,0.0118182701990008,-0.0050510750152171
0.1435292037186742,0.0120440796017647,-0.0047542508691549
0.1436292239288602,0.0128204999491572,-0.0048056840896606
0.1437292441390461,0.0128358397632837,-0.0051662260666490
0.1438292643492320,0.0134717896580696,-0.0050309598445892
0.1439292845594179,0.0148005299270153,-0.0046808868646622
0.1440293047696039,0.0146877299994230,-0.0046701831743121
0.1441293249797898,0.0138366995379329,-0.0046615288592875
0.1442293451899758,0.0146488500759006,-0.0042443461716175
0.1443293654001617,0.0144659103825688,-0.0044734859839082
0.1444293856103476,0.0147255798801780,-0.0042463298887014
0.1445294058205336,0.0158363301306963,-0.0040955850854516
0.1446294260307195,0.0166268590837717,-0.0042797848582268
0.1447294462409054,0.0169539097696543,-0.0043361838907003
0.1448294664510913,0.0176725797355175,-0.0038600990083069
0.1449294866612773,0.0161998905241489,-0.0043416242115200
0.1450295068714632,0.0182975102216005,-0.0040872488170862
0.1451295270816491,0.0193896200507879,-0.0037043699994683
0.1452295472918351,0.0186273697763681,-0.0038625788874924
0.1453295675020210,0.0198046993464231,-0.0037173230666667
0.1454295877122070,0.0209895800799131,-0.0036632579285651
0.1455296079223929,0.0206133704632521,-0.0039589530788362
0.1456296281325788,0.0202720090746880,-0.0040099811740220
0.1457296483427648,0.0212834291160107,-0.0039409538730979
0.1458296685529507,0.0223147496581078,-0.0037712210323662
0.1459296887631366,0.0226193703711033,-0.0033632239792496
0.1460297089733226,0.0215387996286154,-0.0035224130842835
0.1461297291835085,0.0225985292345285,-0.0031712050549686
0.1462297493936944,0.0234833993017673,-0.0028239639941603
0.1463297696038804,0.0230690091848373,-0.0029332109261304
0.1464297898140663,0.0233907606452703,-0.0031589269638062
0.1465298100242522,0.0236226003617048,-0.0033225528895855
0.1466298302344382,0.0257115401327610,-0.0029484769329429
0.1467298504446241,0.0252072196453810,-0.0031383950263262
0.1468298706548100,0.0268801897764206,-0.0028770230710506
0.1469298908649960,0.0270453896373510,-0.0030752639286220
0.1470299110751819,0.0287525691092014,-0.0024699750356376
0.1471299312853678,0.0264886096119881,-0.0028075559530407
0.1472299514955538,0.0275120399892330,-0.0024886399041861
0.1473299717057397,0.0266107395291328,-0.0029332479462028
0.1474299919159256,0.0284273494035006,-0.0025075550656766
0.1475300121261116,0.0284363292157650,-0.0028464880306274
0.1476300323362975,0.0286946501582861,-0.0027804840356112
0.1477300525464834,0.0294929705560207,-0.0024493189994246
0.1478300727566693,0.0281251296401024,-0.0029027580749243
0.1479300929668553,0.0286060906946659,-0.0025870429817587
0.1480301131770412,0.0293769203126431,-0.0024806580040604
0.1481301333872272,0.0302431806921959,-0.0020291469991207
0.1482301535974131,0.0283803902566433,-0.0022609001025558
0.1483301738075990,0.0297434292733669,-0.0019833529368043
0.1484301940177850,0.0295905508100986,-0.0022400550078601
0.1485302142279709,0.0302377305924892,-0.0022858420852572
0.1486302344381568,0.0300077702850103,-0.0026701430324465
0.1487302546483428,0.0314351096749306,-0.0023096250370145
0.1488302748585287,0.0292387101799250,-0.0031826710328460
0.1489302950687146,0.0308175403624773,-0.0026723160408437
0.1490303152789006,0.0297927893698215,-0.0029542150441557
0.1491303354890865,0.0301492996513844,-0.0027593260165304
0.1492303556992724,0.0291006900370121,-0.0027285469695926
0.1493303759094584,0.0309128090739250,-0.0022588099818677
0.1494303961196443,0.0287782996892929,-0.0029513570480049
0.1495304163298302,0.0314022712409496,-0.0020244140177965
0.1496304365400162,0.0310487300157547,-0.0023395100142807
0.1497304567502021,0.0285812597721815,-0.0029039999935776
0.1498304769603880,0.0302031207829714,-0.0026115500368178
0.1499304971705740,0.0302716903388500,-0.0024180829059333
0.1500305173807599,0.0287519004195929,-0.0027158539742231
0.1501305375909458,0.0309395398944616,-0.0023097291123122
0.1502305578011318,0.0327149704098701,-0.0015330989845097
0.1503305780113177,0.0307612307369709,-0.0021783579140902
0.1504305982215036,0.0296074207872152,-0.0028510109987110
0.1505306184316896,0.0298855602741241,-0.0029000230133533
0.1506306386418755,0.0283954609185457,-0.0033711150754243
0.1507306588520614,0.0293581597507000,-0.0031214240007102
0.1508306790622474,0.0284411497414112,-0.0034054899588227
0.1509306992724333,0.0287114102393389,-0.0030463410075754
0.1510307194826193,0.0299863200634718,-0.0026637979317456
0.1511307396928052,0.0290061403065920,-0.0028268019668758
0.1512307599029911,0.0294039603322744,-0.0025366300251335
0.1513307801131770,0.0290071591734886,-0.0024295470211655
0.1514308003233630,0.0303044095635414,-0.0022278779651970
0.1515308205335489,0.0293509494513273,-0.0025558329652995
0.1516308407437348,0.0301598403602839,-0.0024104660842568
0.1517308609539208,0.0290690902620554,-0.0027193001005799
0.1518308811641067,0.0292741693556309,-0.0027330080047250
0.1519309013742926,0.0286212302744389,-0.0028333209920675
0.1520309215844786,0.0279423091560602,-0.0028497639577836
0.1521309417946645,0.0282290708273649,-0.0027068350464106
0.1522309620048505,0.0280135795474052,-0.0028113620355725
0.1523309822150364,0.0285540707409382,-0.0026722499169409
0.1524310024252223,0.0295228008180857,-0.0026811920106411
0.1525310226354082,0.0272842794656754,-0.0032837549224496
0.1526310428455942,0.0275563597679138,-0.0033543619792908
0.1527310630557801,0.0274538490921259,-0.0034285860601813
0.1528310832659660,0.0275433901697397,-0.0032677468843758
0.1529311034761520,0.0274495407938957,-0.0034673321060836
0.1530311236863379,0.0277894008904696,-0.0029430349823087
0.1531311438965238,0.0268059708178043,-0.0031627740245312
0.1532311641067098,0.0269729997962713,-0.0028630769811571
0.1533311843168957,0.0262209791690111,-0.0033175218850374
0.1534312045270817,0.0264620892703533,-0.0031832240056247
0.1535312247372676,0.0272049903869629,-0.0032534529455006
0.1536312449474535,0.0263035893440247,-0.0036762210074812
0.1537312651576395,0.0261306595057249,-0.0037794280797243
0.1538312853678254,0.0257542598992586,-0.0039306459948421
0.1539313055780113,0.0249492600560188,-0.0044714477844536
0.1540313257881973,0.0318983308970928,-0.0035935570485890
0.1541313459983832,0.0398662611842155,-0.0014148249756545
0.1542313662085691,0.0464370287954807,0.0011385020334274
0.1543313864187550,0.0492095015943050,0.0031829609069973
0.1544314066289410,0.0533737093210220,0.0067733358591795
0.1545314268391269,0.0600697584450245,0.0131690399721265
0.1546314470493129,0.0408668518066406,0.0081659341230989
0.1547314672594988,0.0850000008940697,0.0850000008940697
0.1548314874696847,0.0850000008940697,0.0850000008940697
0.1549315076798707,0.0850000008940697,0.0850000008940697
0.1550315278900566,0.0850000008940697,0.0850000008940697
0.1551315481002425,0.0850000008940697,0.0850000008940697
0.1552315683104284,0.0551274307072163,-0.0134016601368785
0.1553315885206144,0.0419040210545063,-0.0099560953676701
0.1554316087308003,0.0350635014474392,-0.0093055451288819
0.1555316289409862,0.0333728790283203,-0.0088820243254304
0.1556316491511722,0.0346565805375576,-0.0092713413760066
0.1557316693613581,0.0345629714429379,-0.0091041876003146
0.1558316895715441,0.0334124602377415,-0.0087947091087699
0.1559317097817300,0.0336485207080841,-0.0088505931198597
0.1560317299919159,0.0341840013861656,-0.0097457971423864
0.1561317502021019,0.0348892584443092,-0.0102960504591465
0.1562317704122878,0.0353552810847759,-0.0106286304071546
0.1563317906224737,0.0351426899433136,-0.0106076896190643
0.1564318108326597,0.0379189811646938,-0.0106517598032951
0.1565318310428456,0.0402441807091236,-0.0108757698908448
0.1566318512530315,0.0410704091191292,-0.0109426900744438
0.1567318714632175,0.0402253903448582,-0.0107527701184154
0.1568318916734034,0.0420146211981773,-0.0107631599530578
0.1569319118835893,0.0436237789690495,-0.0108968298882246
0.1570319320937753,0.0421947203576565,-0.0106689501553774
0.1571319523039612,0.0431935600936413,-0.0108058201149106
0.1572319725141471,0.0445654392242432,-0.0109362602233887
0.1573319927243331,0.0453795082867146,-0.0108849499374628
0.1574320129345190,0.0415088310837746,-0.0102220699191093
0.1575320331447049,0.0426673516631126,-0.0101056899875402
0.1576320533548909,0.0428526587784290,-0.0099706109613180
0.1577320735650768,0.0405261591076851,-0.0097528891637921
0.1578320937752627,0.0396581403911114,-0.0095959147438407
0.1579321139854487,0.0402781888842583,-0.0097107095643878
0.1580321341956346,0.0411896295845509,-0.0098248748108745
0.1581321544058205,0.0416520088911057,-0.0099106747657061
0.1582321746160065,0.0391356311738491,-0.0095629673451185
0.1583321948261924,0.0398261696100235,-0.0093788914382458
0.1584322150363783,0.0372655503451824,-0.0089515289291739
0.1585322352465643,0.0375814810395241,-0.0086452281102538
0.1586322554567502,0.0365675911307335,-0.0083160446956754
0.1587322756669362,0.0364014096558094,-0.0081140659749508
0.1588322958771221,0.0355590097606182,-0.0079042082652450
0.1589323160873080,0.0363244786858559,-0.0077856220304966
0.1590323362974939,0.0365771986544132,-0.0077458252198994
0.1591323565076799,0.0359103493392467,-0.0076079401187599
0.1592323767178658,0.0336130596697330,-0.0072863670065999
0.1593323969280517,0.0345029383897781,-0.0071525787934661
0.1594324171382377,0.0331997796893120,-0.0069684390909970
0.1595324373484236,0.0334928892552853,-0.0068061468191445
0.1596324575586095,0.0332702398300171,-0.0067673800513148
0.1597324777687955,0.0339353904128075,-0.0067812791094184
0.1598324979789814,0.0345843210816383,-0.0066392519511282
0.1599325181891673,0.0319399200379848,-0.0064899888820946
0.1600325383993533,0.0324137583374977,-0.0062629040330648
0.1601325586095392,0.0334549695253372,-0.0063602807931602
0.1602325788197251,0.0322508402168751,-0.0059691211208701
0.1603325990299111,0.0326914601027966,-0.0059630419127643
0.1604326192400970,0.0326113291084766,-0.0057178311981261
0.1605326394502830,0.0332986190915108,-0.0055607180111110
0.1606326596604689,0.0311002898961306,-0.0053579690866172
0.1607326798706548,0.0322750918567181,-0.0050792279653251
0.1608327000808407,0.0328204296529293,-0.0051236287690699
0.1609327202910267,0.0333953686058521,-0.0052863550372422
0.1610327405012126,0.0324654690921307,-0.0052604139782488
0.1611327607113985,0.0335985496640205,-0.0053449058905244
0.1612327809215845,0.0316642597317696,-0.0053273430094123
0.1613328011317704,0.0330145284533501,-0.0052732829935849
0.1614328213419564,0.0307767502963543,-0.0051422528922558
0.1615328415521423,0.0312913693487644,-0.0051413020119071
0.1616328617623282,0.0314680300652981,-0.0047418600879610
0.1617328819725141,0.0316334888339043,-0.0044410540722311
0.1618329021827001,0.0298103298991919,-0.0043606120161712
0.1619329223928860,0.0305039193481207,-0.0043181590735912
0.1620329426030719,0.0306601803749800,-0.0038873269222677
0.1621329628132579,0.0281902700662613,-0.0039896857924759
0.1622329830234438,0.0290446802973747,-0.0035574499052018
0.1623330032336297,0.0266288798302412,-0.0037114149890840
0.1624330234438157,0.0273807700723410,-0.0034901509061456
0.1625330436540016,0.0280700791627169,-0.0034292719792575
0.1626330638641875,0.0285106692463160,-0.0030174648854882
0.1627330840743735,0.0257877092808485,-0.0028806079644710
0.1628331042845594,0.0271356105804443,-0.0031649179290980
0.1629331244947454,0.0258733108639717,-0.0029326570220292
0.1630331447049313,0.0263818297535181,-0.0030129239894450
0.1631331649151172,0.0272763706743717,-0.0029713960830122
0.1632331851253032,0.0277404002845287,-0.0028854641132057
0.1633332053354891,0.0258686393499374,-0.0025905519723892
0.1634332255456750,0.0263775903731585,-0.0024232380092144
0.1635332457558610,0.0243773199617863,-0.0022972929291427
0.1636332659660469,0.0256619807332754,-0.0022501870989799
0.1637332861762328,0.0237400103360415,-0.0019959490746260
0.1638333063864188,0.0236363094300032,-0.0017391639994457
0.1639333265966047,0.0241874903440475,-0.0018355400534347
0.1640333468067906,0.0238980501890182,-0.0017252990510315
0.1641333670169766,0.0139747103676200,-0.0007300503202714
0.1642333872271625,0.0129481498152018,-0.0003788183967117
0.1643334074373484,0.0120360301807523,-0.0000531103505637
0.1644334276475344,0.0115887196734548,-0.0001560297969263
0.1645334478577203,0.0119324298575521,-0.0000713072513463
0.1646334680679062,0.0119123002514243,-0.0001484007952968
0.1647334882780921,0.0108170099556446,-0.0002793534076773
0.1648335084882781,0.0113710295408964,-0.0001353383995593
0.1649335286984640,0.0116221401840448,-0.0004464935918804
0.1650335489086499,0.0110745504498482,-0.0005950892227702
0.1651335691188359,0.0121114095672965,-0.0006275830091909
0.1652335893290219,0.0123248603194952,-0.0005782524822280
0.1653336095392078,0.0114805400371552,-0.0005845571868122
0.1654336297493937,0.0113795502111316,-0.0004908897099085
0.1655336499595796,0.0111778499558568,-0.0004023282090202
0.1656336701697656,0.0112872496247292,-0.0007483583758585
0.1657336903799515,0.0120404800400138,-0.0009782214183360
0.1658337105901374,0.0122417602688074,-0.0011818490456790
0.1659337308003234,0.0131150102242827,-0.0014112109784037
0.1660337510105093,0.0128929195925593,-0.0017539260443300
0.1661337712206952,0.0134368296712637,-0.0018654200248420
0.1662337914308812,0.0143672497943044,-0.0023677970748395
0.1663338116410671,0.0154848704114556,-0.0025880769826472
0.1664338318512530,0.0162457693368196,-0.0025416600983590
0.1665338520614390,0.0172291696071625,-0.0029022139497101
0.1666338722716249,0.0168840400874615,-0.0030225259251893
0.1667338924818108,0.0173449795693159,-0.0028027840889990
0.1668339126919968,0.0172911994159222,-0.0032628769986331
0.1669339329021827,0.0181926302611828,-0.0032372300047427
0.1670339531123686,0.0185173992067575,-0.0037555911112577
0.1671339733225546,0.0188152398914099,-0.0034578118938953
0.1672339935327405,0.0193067993968725,-0.0038228230550885
0.1673340137429264,0.0201585590839386,-0.0038623830769211
0.1674340339531123,0.0191877000033855,-0.0039110211655498
0.1675340541632983,0.0209325291216373,-0.0041668359190226
0.1676340743734842,0.0220493096858263,-0.0041120769456029
0.1677340945836702,0.0223023202270269,-0.0040686312131584
0.1678341147938561,0.0221536997705698,-0.0045121340081096
0.1679341350040421,0.0225391890853643,-0.0046448959037662
0.1680341552142280,0.0211536996066570,-0.0049434229731560
0.1681341754244139,0.0228714291006327,-0.0053345612250268
0.1682341956345998,0.0234701205044985,-0.0053276689723134
0.1683342158447858,0.0230836905539036,-0.0053168861195445
0.1684342360549717,0.0246115103363991,-0.0052532050758600
0.1685342562651576,0.0251192096620798,-0.0052300491370261
0.1686342764753436,0.0239035002887249,-0.0055014169774950
0.1687342966855295,0.0252626705914736,-0.0055764978751540
0.1688343168957154,0.0241474509239197,-0.0055261100642383
0.1689343371059014,0.0252842996269464,-0.0059467060491443
0.1690343573160873,0.0260988194495440,-0.0059693697839975
0.1691343775262732,0.0258787907660007,-0.0063471579924226
0.1692343977364592,0.0252307001501322,-0.0061850529164076
0.1693344179466451,0.0260309893637896,-0.0064279348589480
0.1694344381568310,0.0274444296956062,-0.0064686927944422
0.1695344583670170,0.0254947207868099,-0.0065039820037782
0.1696344785772029,0.0275014806538820,-0.0068453918211162
0.1697344987873888,0.0286051891744137,-0.0068589858710766
0.1698345189975748,0.0263562090694904,-0.0069276047870517
0.1699345392077607,0.0280782300978899,-0.0071226591244340
0.1700345594179467,0.0273116398602724,-0.0070423679426312
0.1701345796281326,0.0275833792984486,-0.0071536242030561
0.1702345998383185,0.0270043797791004,-0.0070381369441748
0.1703346200485044,0.0279556196182966,-0.0069558848626912
0.1704346402586904,0.0298577807843685,-0.0070428648032248
0.1705346604688763,0.0287092905491590,-0.0070305322296917
0.1706346806790623,0.0295426696538925,-0.0069113038480282
0.1707347008892482,0.0282281991094351,-0.0068704090081155
0.1708347210994341,0.0295477602630854,-0.0069796377792954
0.1709347413096201,0.0280775092542171,-0.0069477790966630
0.1710347615198060,0.0292331203818321,-0.0072613940574229
0.1711347817299919,0.0278299693018198,-0.0073368060402572
0.1712348019401778,0.0288534406572580,-0.0075780088081956
0.1713348221503638,0.0272946003824472,-0.0073599279858172
0.1714348423605497,0.0269213598221540,-0.0073888502083719
0.1715348625707356,0.0250609796494246,-0.0069259991869330
0.1716348827809216,0.0265923291444778,-0.0069862990640104
0.1717349029911075,0.0272461492568254,-0.0070373620837927
0.1718349232012935,0.0265668109059334,-0.0070519451983273
0.1719349434114794,0.0244004298001528,-0.0067016971297562
0.1720349636216653,0.0242478903383017,-0.0065859449096024
0.1721349838318512,0.0260385200381279,-0.0065890238620341
0.1722350040420372,0.0247133690863848,-0.0066233510151505
0.1723350242522231,0.0257430803030729,-0.0067601390182972
0.1724350444624091,0.0239519309252501,-0.0065198359079659
0.1725350646725950,0.0249280408024788,-0.0064445277675986
0.1726350848827809,0.0244761705398560,-0.0065045310184360
0.1727351050929669,0.0254098791629076,-0.0064967940561473
0.1728351253031528,0.0249638799577951,-0.0066804601810873
0.1729351455133387,0.0255895592272282,-0.0066671269014478
0.1730351657235247,0.0241053700447083,-0.0067881471477449
0.1731351859337106,0.0243962705135345,-0.0067355372011662
0.1732352061438965,0.0226327292621136,-0.0065743159502745
0.1733352263540825,0.0245467703789473,-0.0066717248409986
0.1734352465642684,0.0231566298753023,-0.0062544741667807
0.1735352667744543,0.0236560199409723,-0.0063375299796462
0.1736352869846403,0.0232903696596622,-0.0063364598900080
0.1737353071948262,0.0241706706583500,-0.0063258358277380
0.1738353274050121,0.0230260491371155,-0.0062235360965133
0.1739353476151980,0.0236878693103790,-0.0062783220782876
0.1740353678253840,0.0228469409048557,-0.0064230179414153
0.1741353880355699,0.0242755506187677,-0.0065326048061252
0.1742354082457558,0.0227726306766272,-0.0067045590840280
0.1743354284559418,0.0238592308014631,-0.0067709879949689
0.1744354486661277,0.0239643193781376,-0.0068030147813261
0.1745354688763137,0.0228577796369791,-0.0069249938242137
0.1746354890864996,0.0238425191491842,-0.0069379322230816
0.1747355092966855,0.0245302692055702,-0.0068514337763190
0.1748355295068715,0.0238284692168236,-0.0068280650302768
0.1749355497170574,0.0247502308338881,-0.0068461489863694
0.1750355699272433,0.0238429997116327,-0.0070904628373682
0.1751355901374293,0.0246677491813898,-0.0071000941097736
0.1752356103476152,0.0229607596993446,-0.0069480151869357
0.1753356305578011,0.0245967190712690,-0.0070773861370981
0.1754356507679871,0.0233803801238537,-0.0069939550012350
0.1755356709781730,0.0244379509240389,-0.0070527410134673
0.1756356911883589,0.0233923494815826,-0.0069187339395285
0.1757357113985449,0.0246936995536089,-0.0069241449236870
0.1758357316087308,0.0254992991685867,-0.0070151221007109
0.1759357518189167,0.0249122790992260,-0.0071041570045054
0.1760357720291027,0.0233164802193642,-0.0070339618250728
0.1761357922392886,0.0237563308328390,-0.0071285041049123
0.1762358124494745,0.0244495198130608,-0.0074907657690346
0.1763358326596605,0.0245982408523560,-0.0075950259342790
0.1764358528698464,0.0233920495957136,-0.0072969631291926
0.1765358730800323,0.0239908806979656,-0.0073298271745443
0.1766358932902183,0.0230637490749359,-0.0072937519289553
0.1767359135004042,0.0246933195739985,-0.0072300359606743
0.1768359337105901,0.0242728497833014,-0.0071969390846789
0.1769359539207761,0.0246585104614496,-0.0074715288355947
0.1770359741309620,0.0235913805663586,-0.0073636630550027
0.1771359943411480,0.0241961404681206,-0.0073584499768913
0.1772360145513339,0.0234710592776537,-0.0074766050092876
0.1773360347615198,0.0234216395765543,-0.0073782010003924
0.1774360549717058,0.0241517405956984,-0.0074921320192516
0.1775360751818917,0.0240203607827425,-0.0073743788525462
0.1776360953920776,0.0231292508542538,-0.0073272618465126
0.1777361156022635,0.0249856505542994,-0.0076421578414738
0.1778361358124495,0.0260400306433439,-0.0078037758357823
0.1779361560226354,0.0252453405410051,-0.0081764440983534
0.1780361762328213,0.0260802600532770,-0.0084587689489126
0.1781361964430073,0.0261624995619059,-0.0086287613958120
0.1782362166531932,0.0271827206015587,-0.0087905572727323
0.1783362368633792,0.0257201306521893,-0.0085583021864295
0.1784362570735651,0.0265401992946863,-0.0086309742182493
0.1785362772837510,0.0250380802899599,-0.0084049571305513
0.1786362974939369,0.0262925997376442,-0.0084786573424935
0.1787363177041229,0.0261423699557781,-0.0082595683634281
0.1788363379143088,0.0272870399057865,-0.0085227228701115
0.1789363581244947,0.0262058600783348,-0.0085064843297005
0.1790363783346807,0.0265340004116297,-0.0085890488699079
0.1791363985448666,0.0249559506773949,-0.0086688287556171
0.1792364187550525,0.0255628097802401,-0.0086772497743368
0.1793364389652385,0.0256753992289305,-0.0086303306743503
0.1794364591754244,0.0266496203839779,-0.0088636707514524
0.1795364793856103,0.0259192101657391,-0.0087638199329376
0.1796364995957963,0.0268901903182268,-0.0087452391162515
0.1797365198059822,0.0257111098617315,-0.0085741542279720
0.1798365400161682,0.0262822099030018,-0.0088245039805770
0.1799365602263541,0.0251942202448845,-0.0086711775511503
0.1800365804365400,0.0265279300510883,-0.0088670151308179
0.1801366006467260,0.0256581492722034,-0.0088064465671778
0.1802366208569119,0.0274415500462055,-0.0088448692113161
0.1803366410670978,0.0262463893741369,-0.0085768541321158
0.1804366612772837,0.0269729997962713,-0.0083960331976414
0.1805366814874697,0.0269294306635857,-0.0084761558100581
0.1806367016976556,0.0333669409155846,-0.0091356337070465
0.1807367219078415,0.0405994988977909,-0.0102664399892092
0.1808367421180275,0.0448880493640900,-0.0114618698135018
0.1809367623282134,0.0520425997674465,-0.0139384595677257
0.1810367825383994,0.0500482991337776,-0.0148897096514702
0.1811368027485853,0.0519221201539040,-0.0178439393639565
0.1812368229587712,0.0480223596096039,-0.0222791600972414
0.1813368431689572,0.0850000008940697,0.0850000008940697
0.1814368633791431,0.0850000008940697,0.0850000008940697
0.1815368835893290,0.0850000008940697,0.0850000008940697
0.1816369037995149,0.0850000008940697,0.0850000008940697
0.1817369240097009,0.0850000008940697,0.0850000008940697
0.1818369442198868,0.0850000008940697,0.0850000008940697
0.1819369644300728,0.0369226783514023,-0.0313118509948254
0.1820369846402587,0.0347973182797432,-0.0237719491124153
0.1821370048504446,0.0321025215089321,-0.0206061303615570
0.1822370250606306,0.0329271517693996,-0.0198757499456406
0.1823370452708165,0.0330609604716301,-0.0196037795394659
0.1824370654810024,0.0338336601853371,-0.0193166900426149
0.1825370856911884,0.0329647399485111,-0.0190869197249413
0.1826371059013743,0.0337308198213577,-0.0189269408583641
0.1827371261115602,0.0334801003336906,-0.0187998693436384
0.1828371463217462,0.0332321710884571,-0.0184637494385242
0.1829371665319321,0.0336719714105129,-0.0186042692512274
0.1830371867421180,0.0340484604239464,-0.0185007899999619
0.1831372069523040,0.0364185012876987,-0.0186258293688297
0.1832372271624899,0.0357506908476353,-0.0185617990791798
0.1833372473726758,0.0370814017951488,-0.0185689590871334
0.1834372675828617,0.0380148105323315,-0.0185736007988453
0.1835372877930477,0.0397004187107086,-0.0188420899212360
0.1836373080032336,0.0401977188885212,-0.0187007505446672
0.1837373282134196,0.0414258018136024,-0.0186722297221422
0.1838373484236055,0.0402103997766972,-0.0185373891144991
0.1839373686337914,0.0372880510985851,-0.0186372399330139
0.1840373888439774,0.0350103601813316,-0.0182674694806337
0.1841374090541633,0.0346204787492752,-0.0180732291191816
0.1842374292643492,0.0342427790164948,-0.0177531391382217
0.1843374494745352,0.0351135991513729,-0.0174938794225454
0.1844374696847211,0.0347028709948063,-0.0171769391745329
0.1845374898949070,0.0346918888390064,-0.0168388802558184
0.1846375101050930,0.0330419689416885,-0.0164260808378458
0.1847375303152789,0.0329129099845886,-0.0162083804607391
0.1848375505254649,0.0332947410643101,-0.0159864798188210
0.1849375707356508,0.0337276197969913,-0.0156087195500731
0.1850375909458367,0.0341519787907600,-0.0153827099129558
0.1851376111560226,0.0314214490354061,-0.0148325897753239
0.1852376313662086,0.0313146300613880,-0.0144841000437737
0.1853376515763945,0.0317441001534462,-0.0141133395954967
0.1854376717865804,0.0299869701266289,-0.0137747898697853
0.1855376919967664,0.0308802593499422,-0.0134121803566813
0.1856377122069523,0.0318482182919979,-0.0130947697907686
0.1857377324171382,0.0300249606370926,-0.0129589596763253
0.1858377526273242,0.0299991294741631,-0.0123767303302884
0.1859377728375101,0.0309229791164398,-0.0120489401742816
0.1860377930476960,0.0317488387227058,-0.0115291504189372
0.1861378132578820,0.0315402187407017,-0.0109705002978444
0.1862378334680679,0.0302131492644548,-0.0106967203319073
0.1863378536782538,0.0309403799474239,-0.0100299399346113
0.1864378738884398,0.0321366004645824,-0.0096829030662775
0.1865378940986257,0.0302807092666626,-0.0094192661345005
0.1866379143088117,0.0302092898637056,-0.0090488055720925
0.1867379345189976,0.0315307602286339,-0.0086030550301075
0.1868379547291835,0.0324183702468872,-0.0081498408690095
0.1869379749393695,0.0325574800372124,-0.0077578211203218
0.1870379951495554,0.0311778802424669,-0.0075433030724525
0.1871380153597413,0.0328098013997078,-0.0071972049772739
0.1872380355699272,0.0341767296195030,-0.0065278122201562
0.1873380557801132,0.0317331701517105,-0.0062577258795500
0.1874380759902991,0.0327593199908733,-0.0058146431110799
0.1875380962004851,0.0340886190533638,-0.0051808180287480
0.1876381164106710,0.0316842906177044,-0.0053237350657582
0.1877381366208569,0.0337766483426094,-0.0045999931171536
0.1878381568310429,0.0312371291220188,-0.0045685661025345
0.1879381770412288,0.0331292599439621,-0.0039063179865479
0.1880381972514147,0.0349738597869873,-0.0030213498976082
0.1881382174616006,0.0326369516551495,-0.0028270729817450
0.1882382376717866,0.0331860408186913,-0.0024188309907913
0.1883382578819725,0.0355952009558678,-0.0016446040244773
0.1884382780921584,0.0337609797716141,-0.0016505180392414
0.1885382983023444,0.0361960791051388,-0.0011567110195756
0.1886383185125303,0.0367935486137867,-0.0008794264285825
0.1887383387227162,0.0343658886849880,-0.0009011966758408
0.1888383589329022,0.0347448214888573,-0.0005589465727098
0.1889383791430881,0.0327310487627983,-0.0006591638084501
0.1890383993532741,0.0327358506619930,-0.0002832883910742
0.1891384195634600,0.0344947390258312,0.0002037770027528
0.1892384397736459,0.0326854102313519,0.0002028065064223
0.1893384599838319,0.0353591293096542,0.0009824280859903
0.1894384801940178,0.0357037596404552,0.0011712179984897
0.1895385004042037,0.0348533689975739,0.0012303589610383
0.1896385206143897,0.0373650491237640,0.0017906619468704
0.1897385408245756,0.0364338904619217,0.0016300230054185
0.1898385610347615,0.0373739413917065,0.0018339899834245
0.1899385812449474,0.0394965000450611,0.0022665390279144
0.1900386014551334,0.0377411916851997,0.0019091760041192
0.1901386216653193,0.0403186492621899,0.0025605210103095
0.1902386418755053,0.0408055484294891,0.0026843668892980
0.1903386620856912,0.0393676199018955,0.0027159049641341
0.1904386822958771,0.0420901104807854,0.0031311700586230
0.1905387025060631,0.0387416593730450,0.0024154928978533
0.1906387227162490,0.0139641501009464,0.0011677109869197
0.1907387429264349,0.0081506585702300,0.0001546470011817
0.1908387631366208,0.0072696148417890,0.0004250844067428
0.1909387833468068,0.0049102110788226,-0.0003785435983445
0.1910388035569927,0.0056370589882135,0.0000600881503487
0.1911388237671786,0.0055287489667535,-0.0000250494504144
0.1912388439773646,0.0050712679512799,0.0002765854878817
0.1913388641875505,0.0042475429363549,0.0000572260396439
0.1914388843977365,0.0040980358608067,0.0002084658044623
0.1915389046079224,0.0040935389697552,0.0002783084928524
0.1916389248181083,0.0030173680279404,-0.0003781222039834
0.1917389450282943,0.0037006950005889,-0.0003665557887871
0.1918389652384802,0.0033431930933148,-0.0005189885268919
0.1919389854486661,0.0026725030038506,-0.0008196629933082
0.1920390056588521,0.0023887110874057,-0.0010208960156888
0.1921390258690380,0.0029586509335786,-0.0011499279644340
0.1922390460792239,0.0037828490603715,-0.0010252749780193
0.1923390662894099,0.0034295979421586,-0.0009630391141400
0.1924390864995958,0.0014909809688106,-0.0014389409916475
0.1925391067097817,-0.0005705815274268,-0.0015599109465256
0.1926391269199677,-0.0020475359633565,-0.0021424021106213
0.1927391471301536,-0.0017560960259289,-0.0022289820481092
0.1928391673403395,-0.0010672040516511,-0.0020390979479998
0.1929391875505255,0.0001889314007713,-0.0021580560132861
0.1930392077607114,-0.0000371267997252,-0.0022890081163496
0.1931392279708973,0.0000305165704049,-0.0024300969671458
0.1932392481810833,0.0002724810910877,-0.0023593669757247
0.1933392683912692,0.0010282750008628,-0.0025654349010438
0.1934392886014551,0.0012448660563678,-0.0031989479903132
0.1935393088116411,0.0009831809438765,-0.0032366900704801
0.1936393290218270,0.0018767969449982,-0.0033225729130208
0.1937393492320129,0.0031869369558990,-0.0034240060485899
0.1938393694421989,0.0025201640091836,-0.0037076079752296
0.1939393896523848,0.0018204730004072,-0.0039400700479746
0.1940394098625708,0.0016612169565633,-0.0038303509354591
0.1941394300727567,0.0018555209971964,-0.0039007989689708
0.1942394502829426,0.0025122729130089,-0.0037118049804121
0.1943394704931286,0.0020762151107192,-0.0040350789204240
0.1944394907033145,0.0029381110798568,-0.0041411011479795
0.1945395109135004,0.0042064171284437,-0.0040624681860209
0.1946395311236863,0.0044080410152674,-0.0040149828419089
0.1947395513338723,0.0034390538930893,-0.0042826449498534
0.1948395715440582,0.0042038927786052,-0.0043494608253241
0.1949395917542441,0.0048128399066627,-0.0040969857946038
0.1950396119644301,0.0054064351134002,-0.0041011180728674
0.1951396321746160,0.0063073341734707,-0.0042235921137035
0.1952396523848019,0.0060918377712369,-0.0045263930223882
0.1953396725949879,0.0070590600371361,-0.0044518811628222
0.1954396928051738,0.0075036031194031,-0.0045451009646058
0.1955397130153597,0.0070901080034673,-0.0048189940862358
0.1956397332255457,0.0084059936925769,-0.0049931770190597
0.1957397534357316,0.0090375943109393,-0.0050453022122383
0.1958397736459175,0.0096991173923016,-0.0049130711704493
0.1959397938561035,0.0102380597963929,-0.0046312599442899
0.1960398140662894,0.0102619603276253,-0.0045849550515413
0.1961398342764753,0.0101849101483822,-0.0048614661209285
0.1962398544866613,0.0119236297905445,-0.0049158059991896
0.1963398746968472,0.0120012797415257,-0.0047035859897733
0.1964398949070331,0.0128543199971318,-0.0046135131269693
0.1965399151172191,0.0128024602308869,-0.0050945370458066
0.1966399353274050,0.0140408203005791,-0.0052328212186694
0.1967399555375910,0.0148467300459743,-0.0050322371535003
0.1968399757477769,0.0154363000765443,-0.0049509280361235
0.1969399959579628,0.0148266004398465,-0.0054980469867587
0.1970400161681488,0.0159812793135643,-0.0054626818746328
0.1971400363783347,0.0167164690792561,-0.0051985578611493
0.1972400565885206,0.0171085502952337,-0.0048898220993578
0.1973400767987065,0.0170186292380095,-0.0053935698233545
0.1974400970088925,0.0183883607387543,-0.0054162167944014
0.1975401172190784,0.0175127293914557,-0.0051699900068343
0.1976401374292643,0.0176949091255665,-0.0051070838235319
0.1977401576394503,0.0180010795593262,-0.0054828617721796
0.1978401778496362,0.0187785606831312,-0.0050329961813986
0.1979401980598222,0.0196208693087101,-0.0048317909240723
0.1980402182700081,0.0185878109186888,-0.0050648502074182
0.1981402384801940,0.0188244692981243,-0.0046279178932309
0.1982402586903800,0.0190827306360006,-0.0043667168356478
0.1983402789005659,0.0190956797450781,-0.0044988449662924
0.1984402991107518,0.0188669394701719,-0.0048978822305799
0.1985403193209377,0.0186813808977604,-0.0047695380635560
0.1986403395311237,0.0172372795641422,-0.0050223860889673
0.1987403597413096,0.0183721501380205,-0.0051168808713555
0.1988403799514956,0.0182720907032490,-0.0049574160948396
0.1989404001616815,0.0190220605581999,-0.0048237778246403
0.1990404203718674,0.0177703201770782,-0.0050836699083447
0.1991404405820534,0.0177197791635990,-0.0047718859277666
0.1992404607922393,0.0170794092118740,-0.0048489361070096
0.1993404810024252,0.0176748298108578,-0.0051387948915362
0.1994405012126112,0.0181975495070219,-0.0048723910003901
0.1995405214227971,0.0198632106184959,-0.0044684819877148
0.1996405416329830,0.0189336799085140,-0.0048774620518088
0.1997405618431690,0.0187795497477055,-0.0044942521490157
0.1998405820533549,0.0181820094585419,-0.0046239201910794
0.1999406022635408,0.0197329502552748,-0.0045649688690901
0.2000406224737268,0.0218468308448792,-0.0041411169804633
0.2001406426839127,0.0219833105802536,-0.0040835808031261
0.2002406628940986,0.0216281991451979,-0.0041359160095453
0.2003406831042845,0.0230133794248104,-0.0038276510313153
0.2004407033144705,0.0221320800483227,-0.0041726222261786
0.2005407235246564,0.0229057595133781,-0.0038877800107002
0.2006407437348424,0.0242801103740931,-0.0037150590214878
0.2007407639450283,0.0250778701156378,-0.0035909679718316
0.2008407841552142,0.0246381107717752,-0.0036167569924146
0.2009408043654002,0.0261500701308250,-0.0031385160982609
0.2010408245755861,0.0257860496640205,-0.0033660689368844
0.2011408447857720,0.0276753194630146,-0.0028417890425771
0.2012408649959580,0.0265961196273565,-0.0031158130150288
0.2013408852061439,0.0275131706148386,-0.0026515589561313
0.2014409054163298,0.0287281703203917,-0.0024986269418150
0.2015409256265158,0.0282112192362547,-0.0024733850732446
0.2016409458367017,0.0275386609137058,-0.0025597710628062
0.2017409660468876,0.0295083094388247,-0.0023803610820323
0.2018409862570736,0.0284278299659491,-0.0028215129859746
0.2019410064672595,0.0287046395242214,-0.0025981650687754
0.2020410266774454,0.0292636603116989,-0.0026458930224180
0.2021410468876314,0.0287227500230074,-0.0025583049282432
0.2022410670978173,0.0276331696659327,-0.0029552869964391
0.2023410873080032,0.0285988505929708,-0.0027795699425042
0.2024411075181892,0.0276093892753124,-0.0031219508964568
0.2025411277283751,0.0293326191604137,-0.0027855550870299
0.2026411479385610,0.0299639794975519,-0.0026816639583558
0.2027411681487470,0.0288860499858856,-0.0027685980312526
0.2028411883589329,0.0285267904400826,-0.0027915050741285
0.2029412085691188,0.0293358899652958,-0.0025301089044660
0.2030412287793047,0.0303307492285967,-0.0021606299560517
0.2031412489894907,0.0292398799210787,-0.0026245079934597
0.2032412691996766,0.0300435703247786,-0.0021733581088483
0.2033412894098626,0.0287803392857313,-0.0027116830460727
0.2034413096200485,0.0306063108146191,-0.0023381719365716
0.2035413298302345,0.0305659007281065,-0.0024898669216782
0.2036413500404204,0.0308380108326674,-0.0027670839335769
0.2037413702506063,0.0284499693661928,-0.0034264489077032
0.2038413904607922,0.0289402306079865,-0.0033190438989550
0.2039414106709782,0.0298757702112198,-0.0028011579997838
0.2040414308811641,0.0283161997795105,-0.0033112850505859
0.2041414510913500,0.0302447993308306,-0.0028855460695922
0.2042414713015360,0.0287809707224369,-0.0031010769307613
0.2043414915117219,0.0298073198646307,-0.0029616081155837
0.2044415117219078,0.0282866004854441,-0.0032389799598604
0.2045415319320938,0.0290896296501160,-0.0030653020367026
0.2046415521422797,0.0282799992710352,-0.0030757409986109
0.2047415723524657,0.0295448694378138,-0.0027850170154124
0.2048415925626516,0.0309377498924732,-0.0025647799484432
0.2049416127728375,0.0296397805213928,-0.0027945779729635
0.2050416329830234,0.0285699591040611,-0.0031071829143912
0.2051416531932094,0.0292853694409132,-0.0030298710335046
0.2052416734033953,0.0286184307187796,-0.0032017240300775
0.2053416936135812,0.0290962196886539,-0.0032242978923023
0.2054417138237672,0.0303669907152653,-0.0029950460884720
0.2055417340339531,0.0288647003471851,-0.0033589310478419
0.2056417542441390,0.0285084694623947,-0.0032467320561409
0.2057417744543250,0.0277254097163677,-0.0035298969596624
0.2058417946645109,0.0301545094698668,-0.0031133589800447
0.2059418148746969,0.0287484508007765,-0.0033259741030633
0.2060418350848828,0.0304488595575094,-0.0030424559954554
0.2061418552950687,0.0285449791699648,-0.0035843010991812
0.2062418755052547,0.0291954204440117,-0.0033479440025985
0.2063418957154406,0.0281889904290438,-0.0035640338901430
0.2064419159256265,0.0294108893722296,-0.0030062790028751
0.2065419361358125,0.0285067502409220,-0.0033292539883405
0.2066419563459984,0.0297496207058430,-0.0033268409315497
0.2067419765561843,0.0272435694932938,-0.0039664148353040
0.2068419967663702,0.0288740396499634,-0.0036662661004812
0.2069420169765562,0.0275709591805935,-0.0039778351783752
0.2070420371867421,0.0278674792498350,-0.0037801449652761
0.2071420573969281,0.0275657493621111,-0.0039968779310584
0.2072420776071140,0.0278911404311657,-0.0040740501135588
0.2073420978172999,0.0335843302309513,-0.0035957100335509
0.2074421180274859,0.0416524410247803,-0.0014178239507601
0.2075421382376718,0.0464487187564373,0.0000384721497539
0.2076421584478577,0.0518716089427471,0.0024905509781092
0.2077421786580436,0.0596273392438889,0.0078468406572938
0.2078421988682296,0.0511009916663170,0.0064618708565831
0.2079422190784155,0.0452083200216293,0.0054520159028471
0.2080422392886014,0.0850000008940697,0.0850000008940697
0.2081422594987874,0.0850000008940697,0.0850000008940697
0.2082422797089733,0.0850000008940697,0.0850000008940697
0.2083422999191593,0.0850000008940697,0.0850000008940697
0.2084423201293452,0.0850000008940697,0.0850000008940697
0.2085423403395311,0.0620804987847805,-0.0224364995956421
0.2086423605497171,0.0462037287652493,-0.0150520801544189
0.2087423807599030,0.0393677204847336,-0.0127847697585821
0.2088424009700889,0.0378961116075516,-0.0120867900550365
0.2089424211802749,0.0372518002986908,-0.0113970097154379
0.2090424413904608,0.0356091409921646,-0.0105735696852207
0.2091424616006467,0.0346639789640903,-0.0097618047147989
0.2092424818108327,0.0340018197894096,-0.0096067627891898
0.2093425020210186,0.0333767384290695,-0.0102530000731349
0.2094425222312045,0.0344921685755253,-0.0105203101411462
0.2095425424413905,0.0347066484391689,-0.0106264101341367
0.2096425626515764,0.0378398597240448,-0.0108455503359437
0.2097425828617623,0.0382131189107895,-0.0109083997085690
0.2098426030719483,0.0402644090354443,-0.0111447498202324
0.2099426232821342,0.0406031496822834,-0.0112282196059823
0.2100426434923201,0.0411062687635422,-0.0113291302695870
0.2101426637025061,0.0434393212199211,-0.0114355096593499
0.2102426839126920,0.0447995215654373,-0.0114876497536898
0.2103427041228779,0.0462476797401905,-0.0115436799824238
0.2104427243330639,0.0447084009647369,-0.0111613096669316
0.2105427445432498,0.0447334982454777,-0.0109390998259187
0.2106427647534357,0.0435332395136356,-0.0105131799355149
0.2107427849636217,0.0438338406383991,-0.0104088298976421
0.2108428051738076,0.0420765988528728,-0.0101516600698233
0.2109428253839935,0.0425598993897438,-0.0102419303730130
0.2110428455941795,0.0424641408026218,-0.0099029028788209
0.2111428658043654,0.0429675392806530,-0.0101371696218848
0.2112428860145514,0.0403952486813068,-0.0097089298069477
0.2113429062247373,0.0405196808278561,-0.0098437340930104
0.2114429264349232,0.0408781804144382,-0.0095931645482779
0.2115429466451091,0.0413247793912888,-0.0095789115875959
0.2116429668552951,0.0375728197395802,-0.0089336745440960
0.2117429870654810,0.0379208996891975,-0.0087889162823558
0.2118430072756669,0.0356662012636662,-0.0082421414554119
0.2119430274858529,0.0357829295098782,-0.0080851921811700
0.2120430476960388,0.0352190583944321,-0.0077527370303869
0.2121430679062247,0.0356858111917973,-0.0077296597883105
0.2122430881164107,0.0344548486173153,-0.0073293829336762
0.2123431083265966,0.0324610397219658,-0.0070184320211411
0.2124431285367825,0.0331447795033455,-0.0069563467986882
0.2125431487469685,0.0338803008198738,-0.0068368250504136
0.2126431689571544,0.0345056802034378,-0.0067277741618454
0.2127431891673403,0.0318364799022675,-0.0064414008520544
0.2128432093775263,0.0331541597843170,-0.0064008268527687
0.2129432295877122,0.0335323885083199,-0.0063986880704761
0.2130432497978982,0.0325979404151440,-0.0062929037958384
0.2131432700080841,0.0310538504272699,-0.0060947281308472
0.2132432902182700,0.0317621715366840,-0.0062310700304806
0.2133433104284559,0.0325868204236031,-0.0059959432110190
0.2134433306386419,0.0333019085228443,-0.0059391087852418
0.2135433508488278,0.0309858303517103,-0.0055613620206714
0.2136433710590137,0.0314771384000778,-0.0054201120510697
0.2137433912691997,0.0327640213072300,-0.0051888129673898
0.2138434114793856,0.0324997305870056,-0.0049586761742830
0.2139434316895716,0.0308791100978851,-0.0048512401990592
0.2140434518997575,0.0319938808679581,-0.0049905749037862
0.2141434721099434,0.0294860396534204,-0.0049024741165340
0.2142434923201293,0.0305198207497597,-0.0048065460287035
0.2143435125303153,0.0309799704700708,-0.0047990689054132
0.2144435327405012,0.0309864301234484,-0.0047134920023382
0.2145435529506871,0.0291633307933807,-0.0047202832065523
0.2146435731608731,0.0293916407972574,-0.0044090962037444
0.2147435933710590,0.0289034806191921,-0.0043671601451933
0.2148436135812449,0.0267758797854185,-0.0041421889327466
0.2149436337914309,0.0277948305010796,-0.0041552768088877
0.2150436540016168,0.0289603993296623,-0.0041165761649609
0.2151436742118027,0.0273875296115875,-0.0041488129645586
0.2152436944219887,0.0281719900667667,-0.0040870630182326
0.2153437146321746,0.0288394801318645,-0.0040234401822090
0.2154437348423606,0.0270287692546844,-0.0037978249602020
0.2155437550525465,0.0283911600708961,-0.0037858190480620
0.2156437752627324,0.0271740201860666,-0.0033812129404396
0.2157437954729184,0.0270609706640244,-0.0031253630295396
0.2158438156831043,0.0272909197956324,-0.0031036220025271
0.2159438358932902,0.0275064595043659,-0.0031067100353539
0.2160438561034762,0.0250668991357088,-0.0031051689293236
0.2161438763136621,0.0260184798389673,-0.0031232489272952
0.2162438965238480,0.0271580591797829,-0.0032293018884957
0.2163439167340340,0.0266920607537031,-0.0032679750584066
0.2164439369442199,0.0263251308351755,-0.0034355630632490
0.2165439571544058,0.0275806002318859,-0.0033394929487258
0.2166439773645918,0.0257629808038473,-0.0032611750066280
0.2167439975747777,0.0268621090799570,-0.0030042559374124
0.2168440177849636,0.0254772491753101,-0.0029148880857974
0.2169440379951496,0.0263866707682610,-0.0028481280896813
0.2170440582053355,0.0268368907272816,-0.0029324160423130
0.2171440784155214,0.0279178693890572,-0.0028692439664155
0.2172440986257073,0.0259214695543051,-0.0029407700058073
0.2173441188358933,0.0266293305903673,-0.0026458050124347
0.2174441390460792,0.0249294694513083,-0.0024958949070424
0.2175441592562651,0.0245154500007629,-0.0023035530466586
0.2176441794664511,0.0224811304360628,-0.0019875669386238
0.2177441996766371,0.0172206498682499,-0.0009341986151412
0.2178442198868230,0.0123306000605226,-0.0007116175256670
0.2179442400970089,0.0124035701155663,-0.0006934194825590
0.2180442603071948,0.0121940402314067,-0.0005141593865119
0.2181442805173808,0.0106483995914459,-0.0011464620474726
0.2182443007275667,0.0116261197254062,-0.0012804019497707
0.2183443209377526,0.0122390696778893,-0.0010012650163844
0.2184443411479386,0.0130284996703267,-0.0012596410233527
0.2185443613581245,0.0127934999763966,-0.0015173460124061
0.2186443815683104,0.0135220903903246,-0.0014382139779627
0.2187444017784964,0.0130221704021096,-0.0017062169499695
0.2188444219886823,0.0138226598501205,-0.0017662909813225
0.2189444421988682,0.0144874602556229,-0.0017450250452384
0.2190444624090542,0.0140862902626395,-0.0021140410099179
0.2191444826192401,0.0138523904606700,-0.0020892960019410
0.2192445028294260,0.0140216303989291,-0.0022076528985053
0.2193445230396120,0.0154654104262590,-0.0023632170632482
0.2194445432497979,0.0157173108309507,-0.0023053199984133
0.2195445634599838,0.0154788699001074,-0.0027070520445704
0.2196445836701698,0.0166185405105352,-0.0027080080471933
0.2197446038803557,0.0151482298970222,-0.0027886880561709
0.2198446240905416,0.0156108103692532,-0.0030375770293176
0.2199446443007275,0.0159500408917665,-0.0031846340280026
0.2200446645109135,0.0162225198000669,-0.0033185810316354
0.2201446847210994,0.0182130001485348,-0.0034069600515068
0.2202447049312854,0.0185117200016975,-0.0033825710415840
0.2203447251414713,0.0188327804207802,-0.0040094088762999
0.2204447453516573,0.0191874708980322,-0.0037234190385789
0.2205447655618432,0.0191525407135487,-0.0037279180251062
0.2206447857720291,0.0202937405556440,-0.0041134217754006
0.2207448059822150,0.0195531696081161,-0.0040458310395479
0.2208448261924010,0.0203818809241056,-0.0041859019547701
0.2209448464025869,0.0193697493523359,-0.0041958452202380
0.2210448666127728,0.0211686007678509,-0.0045501790009439
0.2211448868229588,0.0225676000118256,-0.0049278140068054
0.2212449070331447,0.0224737599492073,-0.0051088328473270
0.2213449272433306,0.0224091392010450,-0.0054838592186570
0.2214449474535166,0.0219182390719652,-0.0054559069685638
0.2215449676637025,0.0220484696328640,-0.0055624409578741
0.2216449878738884,0.0237701907753944,-0.0059253061190248
0.2217450080840744,0.0250712502747774,-0.0057265711948276
0.2218450282942603,0.0257020890712738,-0.0058925570920110
0.2219450485044462,0.0242754202336073,-0.0061125000938773
0.2220450687146322,0.0242048297077417,-0.0058814198710024
0.2221450889248181,0.0240410901606083,-0.0059712301008403
0.2222451091350040,0.0231391992419958,-0.0060246838256717
0.2223451293451900,0.0252803303301334,-0.0059459540061653
0.2224451495553759,0.0241962391883135,-0.0061775417998433
0.2225451697655619,0.0241941493004560,-0.0060241362079978
0.2226451899757478,0.0235341992229223,-0.0058829071931541
0.2227452101859337,0.0271126795560122,-0.0061743869446218
0.2228452303961196,0.0261957701295614,-0.0064538591541350
0.2229452506063056,0.0258866492658854,-0.0067179710604250
0.2230452708164915,0.0256163999438286,-0.0065656718797982
0.2231452910266775,0.0261037405580282,-0.0069147460162640
0.2232453112368634,0.0261335503309965,-0.0070215291343629
0.2233453314470493,0.0270780697464943,-0.0069258450530469
0.2234453516572353,0.0266901105642319,-0.0071752769872546
0.2235453718674212,0.0277779195457697,-0.0069690188392997
0.2236453920776071,0.0259126797318459,-0.0067471899092197
0.2237454122877930,0.0278923492878675,-0.0068442369811237
0.2238454324979790,0.0268049202859402,-0.0069414027966559
0.2239454527081649,0.0280370898544788,-0.0071282149292529
0.2240454729183508,0.0277993399649858,-0.0071573010645807
0.2241454931285368,0.0287136808037758,-0.0073156980797648
0.2242455133387227,0.0279015004634857,-0.0073609692044556
0.2243455335489087,0.0284165106713772,-0.0073692710138857
0.2244455537590946,0.0266859401017427,-0.0072600031271577
0.2245455739692805,0.0275949705392122,-0.0072893928736448
0.2246455941794664,0.0268900394439697,-0.0073983380571008
0.2247456143896524,0.0279386304318905,-0.0072685619816184
0.2248456345998383,0.0279830805957317,-0.0074442271143198
0.2249456548100243,0.0272889696061611,-0.0074127102270722
0.2250456750202102,0.0260532703250647,-0.0074635008350015
0.2251456952303961,0.0266602803021669,-0.0073025841265917
0.2252457154405821,0.0260275509208441,-0.0073111061938107
0.2253457356507680,0.0262217298150063,-0.0071646189317107
0.2254457558609539,0.0243655201047659,-0.0070343678817153
0.2255457760711399,0.0260245408862829,-0.0071182851679623
0.2256457962813258,0.0274733807891607,-0.0071261050179601
0.2257458164915117,0.0252802502363920,-0.0070970891974866
0.2258458367016977,0.0258822105824947,-0.0070336028002203
0.2259458569118836,0.0244646091014147,-0.0071374969556928
0.2260458771220695,0.0253008306026459,-0.0071784351021051
0.2261458973322555,0.0254206992685795,-0.0074167679995298
0.2262459175424414,0.0250397194176912,-0.0074209477752447
0.2263459377526273,0.0244606491178274,-0.0074189659208059
0.2264459579628132,0.0252979900687933,-0.0074653038755059
0.2265459781729992,0.0250090397894382,-0.0074610901065171
0.2266459983831851,0.0249729193747044,-0.0073896488174796
0.2267460185933710,0.0256985202431679,-0.0071089728735387
0.2268460388035570,0.0246600694954395,-0.0070492420345545
0.2269460590137429,0.0262359399348497,-0.0072689750231802
0.2270460792239289,0.0244412496685982,-0.0071490718983114
0.2271460994341148,0.0256473496556282,-0.0073089390061796
0.2272461196443007,0.0253650192171335,-0.0072725680656731
0.2273461398544867,0.0248648002743721,-0.0071104648523033
0.2274461600646726,0.0255584791302681,-0.0070847398601472
0.2275461802748585,0.0243249200284481,-0.0071114278398454
0.2276462004850445,0.0250894706696272,-0.0072404108941555
0.2277462206952304,0.0226026307791471,-0.0071236290968955
0.2278462409054163,0.0238620005548000,-0.0072416700422764
0.2279462611156023,0.0245367903262377,-0.0074908579699695
0.2280462813257882,0.0235300101339817,-0.0077193928882480
0.2281463015359741,0.0247344896197319,-0.0078352168202400
0.2282463217461601,0.0254080705344677,-0.0079151559621096
0.2283463419563460,0.0246954597532749,-0.0080421045422554
0.2284463621665319,0.0248861201107502,-0.0080672185868025
0.2285463823767179,0.0243026707321405,-0.0078914146870375
0.2286464025869038,0.0226014107465744,-0.0077066048979759
0.2287464227970897,0.0235929694026709,-0.0075354347936809
0.2288464430072757,0.0249317102134228,-0.0077982707880437
0.2289464632174616,0.0244450308382511,-0.0077642989344895
0.2290464834276475,0.0240597296506166,-0.0078062647953629
0.2291465036378335,0.0255818106234074,-0.0077789002098143
0.2292465238480194,0.0250563193112612,-0.0079487944021821
0.2293465440582053,0.0253919009119272,-0.0079392669722438
0.2294465642683913,0.0252445098012686,-0.0080517772585154
0.2295465844785772,0.0266845896840096,-0.0083566298708320
0.2296466046887631,0.0254113897681236,-0.0081301368772984
0.2297466248989491,0.0263002105057240,-0.0081736408174038
0.2298466451091350,0.0253024399280548,-0.0081929396837950
0.2299466653193210,0.0253070704638958,-0.0083593456074595
0.2300466855295069,0.0234934799373150,-0.0081589845940471
0.2301467057396928,0.0249775201082230,-0.0083224168047309
0.2302467259498787,0.0244119707494974,-0.0082933101803064
0.2303467461600647,0.0243958197534084,-0.0083034876734018
0.2304467663702506,0.0245145000517368,-0.0082105044275522
0.2305467865804365,0.0255583096295595,-0.0083505213260651
0.2306468067906225,0.0269108992069960,-0.0083677060902119
0.2307468270008084,0.0253109093755484,-0.0083437059074640
0.2308468472109944,0.0258140396326780,-0.0082675479352474
0.2309468674211803,0.0252557806670666,-0.0084222927689552
0.2310468876313662,0.0254146605730057,-0.0084638884291053
0.2311469078415521,0.0248885601758957,-0.0086134206503630
0.2312469280517381,0.0257742591202259,-0.0088300593197346
0.2313469482619240,0.0243411995470524,-0.0087727764621377
0.2314469684721099,0.0253838505595922,-0.0089277829974890
0.2315469886822959,0.0252052396535873,-0.0089530982077122
0.2316470088924818,0.0257182996720076,-0.0089564612135291
0.2317470291026677,0.0248509291559458,-0.0088908104225993
0.2318470493128537,0.0257510207593441,-0.0088485823944211
0.2319470695230396,0.0242484994232655,-0.0088721960783005
0.2320470897332255,0.0257578808814287,-0.0090007008984685
0.2321471099434115,0.0249867103993893,-0.0089765517041087
0.2322471301535974,0.0264299400150776,-0.0091964444145560
0.2323471503637834,0.0255423206835985,-0.0090976106002927
0.2324471705739693,0.0269604604691267,-0.0093679241836071
0.2325471907841552,0.0263701807707548,-0.0091510377824306
0.2326472109943412,0.0269791092723608,-0.0092792958021164
0.2327472312045271,0.0253078509122133,-0.0090059461072087
0.2328472514147130,0.0260432008653879,-0.0091861980035901
0.2329472716248989,0.0254954490810633,-0.0094400485977530
0.2330472918350849,0.0266305301338434,-0.0095186885446310
0.2331473120452708,0.0262260790914297,-0.0095560066401958
0.2332473322554567,0.0271281599998474,-0.0097093218937516
0.2333473524656427,0.0259176008403301,-0.0094479788094759
0.2334473726758286,0.0258258301764727,-0.0092996945604682
0.2335473928860146,0.0252731107175350,-0.0091993547976017
0.2336474130962005,0.0265642106533051,-0.0094362637028098
0.2337474333063864,0.0257550906389952,-0.0092556402087212
0.2338474535165724,0.0256035607308149,-0.0090692304074764
0.2339474737267583,0.0315209515392780,-0.0100279403850436
0.2340474939369442,0.0383949801325798,-0.0111893704161048
0.2341475141471301,0.0442692488431931,-0.0128175504505634
0.2342475343573161,0.0460859388113022,-0.0141966696828604
0.2343475545675020,0.0540620498359203,-0.0175083000212908
0.2344475747776879,0.0542009212076664,-0.0206472594290972
0.2345475949878739,0.0449490696191788,-0.0244124904274940
0.2346476151980598,0.0850000008940697,0.0850000008940697
0.2347476354082458,0.0850000008940697,0.0850000008940697
0.2348476556184317,0.0850000008940697,0.0850000008940697
0.2349476758286176,0.0850000008940697,0.0850000008940697
0.2350476960388036,0.0850000008940697,0.0850000008940697
0.2351477162489895,0.0850000008940697,0.0850000008940697
0.2352477364591754,0.0423294603824615,-0.0342363081872463
0.2353477566693614,0.0377553105354309,-0.0246983505785465
0.2354477768795473,0.0341133214533329,-0.0211994107812643
0.2355477970897332,0.0342230685055256,-0.0199677105993032
0.2356478172999192,0.0343091189861298,-0.0193084795027971
0.2357478375101051,0.0341209992766380,-0.0190389808267355
0.2358478577202910,0.0333979688584805,-0.0187758803367615
0.2359478779304769,0.0328911095857620,-0.0185088105499744
0.2360478981406629,0.0319178588688374,-0.0184795595705509
0.2361479183508488,0.0319398716092110,-0.0182751193642616
0.2362479385610348,0.0317976400256157,-0.0181380398571491
0.2363479587712207,0.0333735495805740,-0.0183749906718731
0.2364479789814066,0.0353577509522438,-0.0184175893664360
0.2365479991915926,0.0350467599928379,-0.0182138308882713
0.2366480194017785,0.0362625904381275,-0.0184593703597784
0.2367480396119644,0.0351094789803028,-0.0185924302786589
0.2368480598221503,0.0351667515933514,-0.0186164900660515
0.2369480800323363,0.0341745093464851,-0.0183429103344679
0.2370481002425222,0.0345984399318695,-0.0183796808123589
0.2371481204527082,0.0340152792632580,-0.0183144193142653
0.2372481406628941,0.0345678590238094,-0.0182199906557798
0.2373481608730801,0.0346840210258961,-0.0180504303425550
0.2374481810832660,0.0344402790069580,-0.0179530698806047
0.2375482012934519,0.0326724313199520,-0.0175692308694124
0.2376482215036378,0.0332640707492828,-0.0173289999365807
0.2377482417138238,0.0330560281872749,-0.0170748494565487
0.2378482619240097,0.0332184098660946,-0.0166686493903399
0.2379482821341956,0.0334548391401768,-0.0164796207100153
0.2380483023443816,0.0310557708144188,-0.0159079991281033
0.2381483225545675,0.0311394799500704,-0.0156788490712643
0.2382483427647534,0.0310474094003439,-0.0152866002172232
0.2383483629749394,0.0311280991882086,-0.0149755096063018
0.2384483831851253,0.0287877395749092,-0.0147397704422474
0.2385484033953112,0.0293616503477097,-0.0145833203569055
0.2386484236054972,0.0295884292572737,-0.0141276502981782
0.2387484438156831,0.0297116506844759,-0.0137761803343892
0.2388484640258690,0.0279221404343843,-0.0133706601336598
0.2389484842360550,0.0280006900429726,-0.0129489600658417
0.2390485044462409,0.0285383109003305,-0.0126557303592563
0.2391485246564268,0.0295783001929522,-0.0121565395966172
0.2392485448666128,0.0288698207587004,-0.0118728503584862
0.2393485650767987,0.0291281696408987,-0.0115520795807242
0.2394485852869846,0.0290375407785177,-0.0112485596910119
0.2395486054971706,0.0298532694578171,-0.0107167800888419
0.2396486257073565,0.0282813794910908,-0.0102555500343442
0.2397486459175424,0.0289592798799276,-0.0099326660856605
0.2398486661277284,0.0298575591295958,-0.0091736344620585
0.2399486863379143,0.0311016794294119,-0.0087723610922694
0.2400487065481003,0.0319791212677956,-0.0085338260978460
0.2401487267582862,0.0305790901184082,-0.0083230230957270
0.2402487469684721,0.0304178707301617,-0.0080822175368667
0.2403487671786581,0.0316576808691025,-0.0074464888311923
0.2404487873888440,0.0324026085436344,-0.0075762812048197
0.2405488075990299,0.0303006190806627,-0.0074641089886427
0.2406488278092158,0.0313477702438831,-0.0069868620485067
0.2407488480194018,0.0323845110833645,-0.0064270892180502
0.2408488682295877,0.0316042713820934,-0.0062387310899794
0.2409488884397736,0.0326201505959034,-0.0055158520117402
0.2410489086499596,0.0319104418158531,-0.0052443048916757
0.2411489288601455,0.0334084816277027,-0.0046732728369534
0.2412489490703314,0.0311637409031391,-0.0045924200676382
0.2413489692805174,0.0325248800218105,-0.0040050172246993
0.2414489894907033,0.0332934707403183,-0.0033702130895108
0.2415490097008892,0.0349330417811871,-0.0030154450796545
0.2416490299110752,0.0320876091718674,-0.0030520930886269
0.2417490501212611,0.0338045582175255,-0.0020743270870298
0.2418490703314471,0.0308101493865252,-0.0023199419956654
0.2419490905416330,0.0330087095499039,-0.0017542269779369
0.2420491107518189,0.0347304083406925,-0.0011658510193229
0.2421491309620049,0.0362668298184872,-0.0004981110105291
0.2422491511721908,0.0335474498569965,-0.0007928779814392
0.2423491713823767,0.0360963083803654,0.0000321398292726
0.2424491915925626,0.0364775285124779,0.0001566385035403
0.2425492118027486,0.0363843403756618,0.0002834020997398
0.2426492320129345,0.0338674411177635,0.0001145292990259
0.2427492522231205,0.0362548902630806,0.0010349740041420
0.2428492724333064,0.0389276295900345,0.0015056310221553
0.2429492926434923,0.0407187901437283,0.0023193110246211
0.2430493128536783,0.0384927690029144,0.0019072700524703
0.2431493330638642,0.0416541695594788,0.0023810570128262
0.2432493532740501,0.0349320098757744,0.0018796629738063
0.2433493734842360,0.0336429588496685,0.0018366379663348
0.2434493936944220,0.0283982902765274,0.0010114499600604
0.2435494139046079,0.0296576097607613,0.0014179870486259
0.2436494341147938,0.0273679997771978,0.0009699576185085
0.2437494543249798,0.0284368991851807,0.0014746380038559
0.2438494745351657,0.0258958004415035,0.0009422043222003
0.2439494947453517,0.0303851906210184,0.0021872259676456
0.2440495149555376,0.0295534692704678,0.0022264060098678
0.2441495351657235,0.0310451500117779,0.0023533410858363
0.2442495553759095,0.0285394601523876,0.0017791580175981
0.2443495755860954,0.0297469794750214,0.0021682931110263
0.2444495957962813,0.0286067891865969,0.0018701449735090
0.2445496160064673,0.0298725795000792,0.0021736950147897
0.2446496362166532,0.0319328904151917,0.0027110720984638
0.2447496564268391,0.0322023592889309,0.0028508130926639
0.2448496766370251,0.0311582200229168,0.0027449280023575
0.2449496968472110,0.0302845407277346,0.0024963929317892
0.2450497170573969,0.0323410704731941,0.0026282730977982
0.2451497372675829,0.0318627208471298,0.0025410819798708
0.2452497574777688,0.0336948595941067,0.0022658118978143
0.2453497776879547,0.0321957394480705,0.0018526900094002
0.2454497978981407,0.0336170718073845,0.0019412919646129
0.2455498181083266,0.0362543798983097,0.0023567110765725
0.2456498383185125,0.0331043303012848,0.0019295179517940
0.2457498585286985,0.0315997190773487,0.0014518159441650
0.2458498787388844,0.0353220887482166,0.0021961301099509
0.2459498989490703,0.0331331714987755,0.0019123799866065
0.2460499191592563,0.0332698710262775,0.0019208509474993
0.2461499393694422,0.0304173994809389,0.0013174399500713
0.2462499595796281,0.0319217517971992,0.0015239459462464
0.2463499797898140,0.0341051705181599,0.0018277079798281
0.2464500000000000,0.0300456397235394,0.0012732970062643
0.2465500202101860,0.0318856909871101,0.0015332530019805
0.2466500404203719,0.0337406508624554,0.0018680420471355
0.2467500606305578,0.0291099697351456,0.0008970528724603
0.2468500808407438,0.0301299002021551,0.0010309040080756
0.2469501010509297,0.0272329207509756,0.0006216624751687
0.2470501212611156,0.0274245999753475,0.0004153006011620
0.2471501414713015,0.0286801904439926,0.0005279349861667
0.2472501616814875,0.0260090902447701,0.0001225375017384
0.2473501818916734,0.0270851906388998,0.0001623114949325
0.2474502021018593,0.0286418404430151,0.0002486364974175
0.2475502223120453,0.0251414291560650,-0.0004232983046677
0.2476502425222312,0.0266810990869999,-0.0001296950067626
0.2477502627324171,0.0275861807167530,0.0002365591935813
0.2478502829426031,0.0234989095479250,-0.0006593868019991
0.2479503031527890,0.0214193891733885,-0.0007072936277837
0.2480503233629749,0.0165027398616076,-0.0010436869924888
0.2481503435731609,0.0175554994493723,-0.0010213670320809
0.2482503637833468,0.0173407606780529,-0.0009543945197947
0.2483503839935327,0.0148677900433540,-0.0013938340125605
0.2484504042037187,0.0145029798150063,-0.0016384379705414
0.2485504244139046,0.0115609196946025,-0.0022098110057414
0.2486504446240905,0.0103627499192953,-0.0024023929145187
0.2487504648342765,0.0111051201820374,-0.0022612449247390
0.2488504850444624,0.0100981099531054,-0.0024129250086844
0.2489505052546483,0.0083261374384165,-0.0028976351022720
0.2490505254648343,0.0090554738417268,-0.0026555738877505
0.2491505456750202,0.0067495340481400,-0.0029495409689844
0.2492505658852062,0.0028308830223978,-0.0035776400472969
0.2493505860953921,-0.0006417147815228,-0.0038012419827282
0.2494506063055780,0.0001073828025255,-0.0036127730272710
0.2495506265157640,-0.0009214922902174,-0.0041923727840185
0.2496506467259499,-0.0001471713039791,-0.0039976788684726
0.2497506669361358,-0.0001785758067854,-0.0042116590775549
0.2498506871463217,-0.0006201104843058,-0.0047099031507969
0.2499507073565077,0.0004112196911592,-0.0049405731260777
0.2500507275666936,0.0004797249857802,-0.0050033670850098
0.2501507477768796,0.0005528851179406,-0.0051122270524502
0.2502507679870655,-0.0008861019741744,-0.0056765731424093
0.2503507881972514,-0.0008536921232007,-0.0059389071539044
0.2504508084074373,-0.0006213595042937,-0.0061856531538069
0.2505508286176233,-0.0014631639933214,-0.0063672661781311
0.2506508488278092,-0.0033080319408327,-0.0065425010398030
0.2507508690379951,-0.0037758729886264,-0.0069913109764457
0.2508508892481811,-0.0039563560858369,-0.0068791368976235
0.2509509094583670,-0.0034142399672419,-0.0069213528186083
0.2510509296685530,-0.0052670231088996,-0.0071656662039459
0.2511509498787389,-0.0093740792945027,-0.0074171721935272
0.2512509700889248,-0.0130848102271557,-0.0077065750956535
0.2513509902991107,-0.0147083196789026,-0.0079585202038288
0.2514510105092967,-0.0140824001282454,-0.0081314407289028
0.2515510307194826,-0.0150532498955727,-0.0083504635840654
0.2516510509296686,-0.0145380003377795,-0.0085651986300945
0.2517510711398545,-0.0136717902496457,-0.0088423686102033
0.2518510913500404,-0.0132474303245544,-0.0088639268651605
0.2519511115602264,-0.0130402296781540,-0.0090507064014673
0.2520511317704123,-0.0122311199083924,-0.0094148283824325
0.2521511519805982,-0.0109087396413088,-0.0096694901585579
0.2522511721907841,-0.0095231207087636,-0.0098372409120202
0.2523511924009701,-0.0097806118428707,-0.0098902210593224
0.2524512126111561,-0.0091448146849871,-0.0101515399292111
0.2525512328213420,-0.0080299340188503,-0.0101608103141189
0.2526512530315279,-0.0069769239053130,-0.0104260602965951
0.2527512732417138,-0.0055713527835906,-0.0102994795888662
0.2528512934518998,-0.0048574008978903,-0.0103190802037716
0.2529513136620857,-0.0045861960388720,-0.0104292100295424
0.2530513338722716,-0.0044185919687152,-0.0102743702009320
0.2531513540824576,-0.0034097479656339,-0.0102066695690155
0.2532513742926435,-0.0037155139725655,-0.0101753203198314
0.2533513945028295,-0.0032413739245385,-0.0101233897730708
0.2534514147130154,-0.0029000591021031,-0.0102479504421353
0.2535514349232013,-0.0019717069808394,-0.0102374497801065
0.2536514551333872,-0.0020967449527234,-0.0101853497326374
0.2537514753435732,-0.0019182210089639,-0.0099690277129412
0.2538514955537591,-0.0017701080068946,-0.0098971389234066
0.2539515157639450,-0.0015728319995105,-0.0097138797864318
0.2540515359741309,-0.0007999907829799,-0.0096011580899358
0.2541515561843169,-0.0005429760785773,-0.0096246581524611
0.2542515763945028,-0.0004748066130560,-0.0092994747683406
0.2543515966046888,0.0002988690102939,-0.0092255985364318
0.2544516168148747,0.0016442670021206,-0.0090770283713937
0.2545516370250606,0.0011232149554417,-0.0088625140488148
0.2546516572352466,0.0016241970006377,-0.0085786012932658
0.2547516774454325,0.0026595739182085,-0.0082892728969455
0.2548516976556184,0.0030048179905862,-0.0080073913559318
0.2549517178658044,0.0015036780387163,-0.0077761481516063
0.2550517380759904,0.0023246870841831,-0.0078611485660076
0.2551517582861763,0.0029368191026151,-0.0076905521564186
0.2552517784963622,0.0025840820744634,-0.0075650000944734
0.2553517987065481,0.0028795690741390,-0.0077862679027021
0.2554518189167341,0.0038110110908747,-0.0074105258099735
0.2555518391269200,0.0034759019035846,-0.0073066949844360
0.2556518593371059,0.0045882971026003,-0.0071126031689346
0.2557518795472918,0.0056265988387167,-0.0069134468212724
0.2558518997574778,0.0062603149563074,-0.0067314780317247
0.2559519199676637,0.0050539700314403,-0.0065956329926848
0.2560519401778497,0.0057750130072236,-0.0061929100193083
0.2561519603880356,0.0068912371061742,-0.0060631949454546
0.2562519805982215,0.0069730910472572,-0.0055828969925642
0.2563520008084074,0.0064682220108807,-0.0056643229909241
0.2564520210185934,0.0075289299711585,-0.0053886589594185
0.2565520412287793,0.0089957946911454,-0.0051572378724813
0.2566520614389652,0.0078875133767724,-0.0052337450906634
0.2567520816491512,0.0083060916513205,-0.0050093620084226
0.2568521018593371,0.0089133568108082,-0.0048270509578288
0.2569521220695231,0.0104600600898266,-0.0045836069621146
0.2570521422797090,0.0097901737317443,-0.0047467141412199
0.2571521624898949,0.0099597927182913,-0.0045435419306159
0.2572521827000808,0.0098934229463339,-0.0045391530729830
0.2573522029102668,0.0100701497867703,-0.0045210099779069
0.2574522231204527,0.0109502803534269,-0.0045777130872011
0.2575522433306386,0.0111851301044226,-0.0039872648194432
0.2576522635408245,0.0101942904293537,-0.0041796909645200
0.2577522837510105,0.0113840801641345,-0.0040105558000505
0.2578523039611965,0.0121964998543262,-0.0035986779257655
0.2579523241713824,0.0110937496647239,-0.0035962129477412
0.2580523443815683,0.0111717600375414,-0.0033636779990047
0.2581523645917542,0.0126500297337770,-0.0029433809686452
0.2582523848019402,0.0136207900941372,-0.0027311840094626
0.2583524050121261,0.0123667502775788,-0.0029903820250183
0.2584524252223120,0.0127964699640870,-0.0026311699766666
0.2585524454324979,0.0124660301953554,-0.0031320750713348
0.2586524656426839,0.0134881604462862,-0.0028716910164803
0.2587524858528698,0.0129708396270871,-0.0024902350269258
0.2588525060630558,0.0125791002064943,-0.0026521619874984
0.2589525262732417,0.0132222101092339,-0.0026485519483685
0.2590525464834276,0.0133847901597619,-0.0025893989950418
0.2591525666936136,0.0146206896752119,-0.0021113581024110
0.2592525869037995,0.0135131999850273,-0.0023358440957963
0.2593526071139854,0.0141316596418619,-0.0021640479099005
0.2594526273241713,0.0159999206662178,-0.0019466730300337
0.2595526475343574,0.0159490890800953,-0.0017289649695158
0.2596526677445433,0.0153359500691295,-0.0018110950477421
0.2597526879547292,0.0158168096095324,-0.0014799539931118
0.2598527081649151,0.0152759002521634,-0.0017715450376272
0.2599527283751011,0.0163330901414156,-0.0013386340579018
0.2600527485852870,0.0156955495476723,-0.0016272050561383
0.2601527687954729,0.0164215192198753,-0.0014671309618279
0.2602527890056588,0.0178161803632975,-0.0010628129821271
0.2603528092158448,0.0179213192313910,-0.0012397860409692
0.2604528294260308,0.0180652309209108,-0.0016111680306494
0.2605528496362167,0.0197558999061584,-0.0009277486242354
0.2606528698464026,0.0256017707288265,0.0006075486890040
0.2607528900565885,0.0280968192964792,0.0010269290069118
0.2608529102667745,0.0309043508023024,0.0024349240120500
0.2609529304769604,0.0303852893412113,0.0032109250314534
0.2610529506871463,0.0322163887321949,0.0057243350893259
0.2611529708973322,0.0303453095257282,0.0073844031430781
0.2612529911075182,0.0324361994862556,0.0129301501438022
0.2613530113177041,0.0850000008940697,0.0850000008940697
0.2614530315278901,0.0850000008940697,0.0850000008940697
0.2615530517380760,0.0850000008940697,0.0850000008940697
0.2616530719482619,0.0850000008940697,0.0850000008940697
0.2617530921584479,0.0850000008940697,0.0850000008940697
0.2618531123686338,0.0850000008940697,0.0850000008940697
0.2619531325788197,0.0850000008940697,0.0850000008940697
0.2620531527890057,0.0850000008940697,0.0850000008940697
0.2621531729991916,0.0850000008940697,0.0850000008940697
0.2622531932093775,0.0850000008940697,0.0850000008940697
0.2623532134195635,0.0850000008940697,0.0850000008940697
0.2624532336297494,0.0850000008940697,0.0850000008940697
0.2625532538399353,0.0850000008940697,0.0850000008940697
0.2626532740501212,0.0850000008940697,0.0850000008940697
0.2627532942603072,0.0850000008940697,0.0850000008940697
0.2628533144704931,0.0850000008940697,0.0850000008940697
0.2629533346806791,0.0850000008940697,0.0850000008940697
0.2630533548908650,0.0850000008940697,0.0850000008940697
0.2631533751010509,0.0850000008940697,0.0850000008940697
0.2632533953112369,0.0850000008940697,0.0850000008940697
0.2633534155214228,0.0850000008940697,0.0850000008940697
0.2634534357316087,0.0850000008940697,0.0850000008940697
0.2635534559417946,0.0850000008940697,0.0850000008940697
0.2636534761519806,0.0850000008940697,0.0850000008940697
0.2637534963621665,0.0850000008940697,0.0850000008940697
0.2638535165723525,0.0850000008940697,0.0850000008940697
0.2639535367825384,0.0850000008940697,0.0850000008940697
0.2640535569927243,0.0850000008940697,0.0850000008940697
0.2641535772029102,0.0850000008940697,0.0850000008940697
0.2642535974130962,0.0850000008940697,0.0850000008940697
0.2643536176232822,0.0850000008940697,0.0850000008940697
0.2644536378334681,0.0850000008940697,0.0850000008940697
0.2645536580436540,0.0850000008940697,0.0850000008940697
0.2646536782538400,0.0850000008940697,0.0850000008940697
0.2647536984640259,0.0850000008940697,0.0850000008940697
0.2648537186742118,0.0850000008940697,0.0850000008940697
0.2649537388843978,0.0850000008940697,0.0850000008940697
0.2650537590945837,0.0850000008940697,0.0850000008940697
0.2651537793047696,0.0850000008940697,0.0850000008940697
0.2652537995149555,0.0850000008940697,0.0850000008940697
0.2653538197251415,0.0850000008940697,0.0850000008940697
0.2654538399353274,0.0850000008940697,0.0850000008940697
0.2655538601455134,0.0850000008940697,0.0850000008940697
0.2656538803556993,0.0850000008940697,0.0850000008940697
0.2657539005658852,0.0850000008940697,0.0850000008940697
0.2658539207760712,0.0850000008940697,0.0850000008940697
0.2659539409862571,0.0850000008940697,0.0850000008940697
0.2660539611964430,0.0850000008940697,0.0850000008940697
0.2661539814066289,0.0850000008940697,0.0850000008940697
0.2662540016168149,0.0850000008940697,0.0850000008940697
0.2663540218270008,0.0850000008940697,0.0850000008940697
0.2664540420371868,0.0850000008940697,0.0850000008940697
0.2665540622473727,0.0850000008940697,0.0850000008940697
0.2666540824575586,0.0850000008940697,0.0850000008940697
0.2667541026677445,0.0850000008940697,0.0850000008940697
0.2668541228779305,0.0850000008940697,0.0850000008940697
0.2669541430881164,0.0850000008940697,0.0850000008940697
0.2670541632983023,0.0850000008940697,0.0850000008940697
0.2671541835084883,0.0850000008940697,0.0850000008940697
0.2672542037186742,0.0850000008940697,0.0850000008940697
0.2673542239288602,0.0850000008940697,0.0850000008940697
0.2674542441390461,0.0850000008940697,0.0850000008940697
0.2675542643492320,0.0850000008940697,0.0850000008940697
0.2676542845594179,0.0850000008940697,0.0850000008940697
0.2677543047696039,0.0850000008940697,0.0850000008940697
0.2678543249797898,0.0850000008940697,0.0850000008940697
0.2679543451899757,0.0850000008940697,0.0850000008940697
0.2680543654001616,0.0850000008940697,0.0850000008940697
0.2681543856103476,0.0850000008940697,0.0850000008940697
0.2682544058205336,0.0850000008940697,0.0850000008940697
0.2683544260307195,0.0850000008940697,0.0850000008940697
0.2684544462409054,0.0850000008940697,0.0850000008940697
0.2685544664510913,0.0850000008940697,0.0850000008940697
0.2686544866612773,0.0850000008940697,0.0850000008940697
0.2687545068714632,0.0850000008940697,0.0850000008940697
0.2688545270816491,0.0850000008940697,0.0850000008940697
0.2689545472918350,0.0850000008940697,0.0850000008940697
0.2690545675020210,0.0850000008940697,0.0850000008940697
0.2691545877122069,0.0850000008940697,0.0850000008940697
0.2692546079223929,0.0850000008940697,0.0850000008940697
0.2693546281325788,0.0850000008940697,0.0850000008940697
0.2694546483427648,0.0850000008940697,0.0850000008940697
0.2695546685529507,0.0850000008940697,0.0850000008940697
0.2696546887631366,0.0850000008940697,0.0850000008940697
0.2697547089733226,0.0850000008940697,0.0850000008940697
0.2698547291835085,0.0850000008940697,0.0850000008940697
0.2699547493936945,0.0850000008940697,0.0850000008940697
0.2700547696038804,0.0850000008940697,0.0850000008940697
0.2701547898140663,0.0850000008940697,0.0850000008940697
0.2702548100242522,0.0850000008940697,0.0850000008940697
0.2703548302344382,0.0850000008940697,0.0850000008940697
0.2704548504446241,0.0850000008940697,0.0850000008940697
0.2705548706548100,0.0850000008940697,0.0850000008940697
0.2706548908649959,0.0850000008940697,0.0850000008940697
0.2707549110751819,0.0850000008940697,0.0850000008940697
0.2708549312853679,0.0850000008940697,0.0850000008940697
0.2709549514955538,0.0850000008940697,0.0850000008940697
0.2710549717057397,0.0850000008940697,0.0850000008940697
0.2711549919159256,0.0850000008940697,0.0850000008940697
0.2712550121261116,0.0850000008940697,0.0850000008940697
0.2713550323362975,0.0850000008940697,0.0850000008940697
0.2714550525464834,0.0850000008940697,0.0850000008940697
0.2715550727566693,0.0850000008940697,0.0850000008940697
0.2716550929668553,0.0850000008940697,0.0850000008940697
0.2717551131770412,0.0850000008940697,0.0850000008940697
0.2718551333872272,0.0850000008940697,0.0850000008940697
0.2719551535974131,0.0850000008940697,0.0850000008940697
0.2720551738075990,0.0850000008940697,0.0850000008940697
0.2721551940177850,0.0850000008940697,0.0850000008940697
0.2722552142279709,0.0850000008940697,0.0850000008940697
0.2723552344381568,0.0850000008940697,0.0850000008940697
0.2724552546483427,0.0850000008940697,0.0850000008940697
0.2725552748585287,0.0850000008940697,0.0850000008940697
0.2726552950687146,0.0850000008940697,0.0850000008940697
0.2727553152789006,0.0850000008940697,0.0850000008940697
0.2728553354890865,0.0850000008940697,0.0850000008940697
0.2729553556992724,0.0850000008940697,0.0850000008940697
0.2730553759094583,0.0850000008940697,0.0850000008940697
0.2731553961196443,0.0850000008940697,0.0850000008940697
0.2732554163298302,0.0850000008940697,0.0850000008940697
0.2733554365400162,0.0850000008940697,0.0850000008940697
0.2734554567502021,0.0850000008940697,0.0850000008940697
0.2735554769603880,0.0850000008940697,0.0850000008940697
0.2736554971705740,0.0850000008940697,0.0850000008940697
0.2737555173807599,0.0850000008940697,0.0850000008940697
0.2738555375909458,0.0850000008940697,0.0850000008940697
0.2739555578011318,0.0850000008940697,0.0850000008940697
0.2740555780113177,0.0850000008940697,0.0850000008940697
0.2741555982215036,0.0850000008940697,0.0850000008940697
0.2742556184316896,0.0850000008940697,0.0850000008940697
0.2743556386418755,0.0850000008940697,0.0850000008940697
0.2744556588520615,0.0850000008940697,0.0850000008940697
0.2745556790622474,0.0850000008940697,0.0850000008940697
0.2746556992724333,0.0850000008940697,0.0850000008940697
0.2747557194826193,0.0850000008940697,0.0850000008940697
0.2748557396928052,0.0850000008940697,0.0850000008940697
0.2749557599029911,0.0850000008940697,0.0850000008940697
0.2750557801131771,0.0850000008940697,0.0850000008940697
0.2751558003233630,0.0850000008940697,0.0850000008940697
0.2752558205335489,0.0850000008940697,0.0850000008940697
0.2753558407437349,0.0850000008940697,0.0850000008940697
0.2754558609539208,0.0850000008940697,0.0850000008940697
0.2755558811641067,0.0850000008940697,0.0850000008940697
0.2756559013742926,0.0850000008940697,0.0850000008940697
0.2757559215844786,0.0850000008940697,0.0850000008940697
0.2758559417946645,0.0850000008940697,0.0850000008940697
0.2759559620048505,0.0850000008940697,0.0850000008940697
0.2760559822150364,0.0850000008940697,0.0850000008940697
0.2761560024252223,0.0850000008940697,0.0850000008940697
0.2762560226354083,0.0850000008940697,0.0850000008940697
0.2763560428455942,0.0850000008940697,0.0850000008940697
0.2764560630557801,0.0850000008940697,0.0850000008940697
0.2765560832659660,0.0850000008940697,0.0850000008940697
0.2766561034761520,0.0850000008940697,0.0850000008940697
0.2767561236863379,0.0850000008940697,0.0850000008940697
0.2768561438965239,0.0850000008940697,0.0850000008940697
0.2769561641067098,0.0850000008940697,0.0850000008940697
0.2770561843168957,0.0850000008940697,0.0850000008940697
0.2771562045270816,0.0850000008940697,0.0850000008940697
0.2772562247372676,0.0850000008940697,0.0850000008940697
0.2773562449474535,0.0850000008940697,0.0850000008940697
0.2774562651576394,0.0850000008940697,0.0850000008940697
0.2775562853678254,0.0850000008940697,0.0850000008940697
0.2776563055780113,0.0850000008940697,0.0850000008940697
0.2777563257881973,0.0850000008940697,0.0850000008940697
0.2778563459983832,0.0850000008940697,0.0850000008940697
0.2779563662085691,0.0850000008940697,0.0850000008940697
0.2780563864187550,0.0850000008940697,0.0850000008940697
0.2781564066289410,0.0850000008940697,0.0850000008940697
0.2782564268391269,0.0850000008940697,0.0850000008940697
0.2783564470493128,0.0850000008940697,0.0850000008940697
0.2784564672594987,0.0850000008940697,0.0850000008940697
0.2785564874696847,0.0850000008940697,0.0850000008940697
0.2786565076798706,0.0850000008940697,0.0850000008940697
0.2787565278900566,0.0850000008940697,0.0850000008940697
0.2788565481002426,0.0850000008940697,0.0850000008940697
0.2789565683104285,0.0850000008940697,0.0850000008940697
0.2790565885206144,0.0850000008940697,0.0850000008940697
0.2791566087308003,0.0850000008940697,0.0850000008940697
0.2792566289409863,0.0850000008940697,0.0850000008940697
0.2793566491511722,0.0850000008940697,0.0850000008940697
0.2794566693613582,0.0850000008940697,0.0850000008940697
0.2795566895715441,0.0850000008940697,0.0850000008940697
0.2796567097817300,0.0850000008940697,0.0850000008940697
0.2797567299919159,0.0850000008940697,0.0850000008940697
0.2798567502021019,0.0850000008940697,0.0850000008940697
0.2799567704122878,0.0850000008940697,0.0850000008940697
0.2800567906224737,0.0850000008940697,0.0850000008940697
0.2801568108326597,0.0850000008940697,0.0850000008940697
0.2802568310428456,0.0850000008940697,0.0850000008940697
0.2803568512530316,0.0850000008940697,0.0850000008940697
0.2804568714632175,0.0850000008940697,0.0850000008940697
0.2805568916734034,0.0850000008940697,0.0850000008940697
0.2806569118835893,0.0850000008940697,0.0850000008940697
0.2807569320937753,0.0850000008940697,0.0850000008940697
0.2808569523039612,0.0850000008940697,0.0850000008940697
0.2809569725141471,0.0850000008940697,0.0850000008940697
0.2810569927243330,0.0850000008940697,0.0850000008940697
0.2811570129345190,0.0850000008940697,0.0850000008940697
0.2812570331447049,0.0850000008940697,0.0850000008940697
0.2813570533548909,0.0850000008940697,0.0850000008940697
0.2814570735650768,0.0850000008940697,0.0850000008940697
0.2815570937752627,0.0850000008940697,0.0850000008940697
0.2816571139854487,0.0850000008940697,0.0850000008940697
0.2817571341956346,0.0850000008940697,0.0850000008940697
0.2818571544058205,0.0850000008940697,0.0850000008940697
0.2819571746160064,0.0850000008940697,0.0850000008940697
0.2820571948261924,0.0850000008940697,0.0850000008940697
0.2821572150363783,0.0850000008940697,0.0850000008940697
0.2822572352465643,0.0850000008940697,0.0850000008940697
0.2823572554567502,0.0850000008940697,0.0850000008940697
0.2824572756669361,0.0850000008940697,0.0850000008940697
0.2825572958771220,0.0850000008940697,0.0850000008940697
0.2826573160873080,0.0850000008940697,0.0850000008940697
0.2827573362974939,0.0850000008940697,0.0850000008940697
0.2828573565076798,0.0850000008940697,0.0850000008940697
0.2829573767178658,0.0850000008940697,0.0850000008940697
0.2830573969280517,0.0850000008940697,0.0850000008940697
0.2831574171382377,0.0850000008940697,0.0850000008940697
0.2832574373484236,0.0850000008940697,0.0850000008940697
0.2833574575586095,0.0850000008940697,0.0850000008940697
0.2834574777687954,0.0850000008940697,0.0850000008940697
0.2835574979789814,0.0850000008940697,0.0850000008940697
0.2836575181891673,0.0850000008940697,0.0850000008940697
0.2837575383993533,0.0850000008940697,0.0850000008940697
0.2838575586095392,0.0850000008940697,0.0850000008940697
0.2839575788197252,0.0850000008940697,0.0850000008940697
0.2840575990299111,0.0850000008940697,0.0850000008940697
0.2841576192400970,0.0850000008940697,0.0850000008940697
0.2842576394502830,0.0850000008940697,0.0850000008940697
0.2843576596604689,0.0850000008940697,0.0850000008940697
0.2844576798706548,0.0850000008940697,0.0850000008940697
0.2845577000808407,0.0850000008940697,0.0850000008940697
0.2846577202910267,0.0850000008940697,0.0850000008940697
0.2847577405012126,0.0850000008940697,0.0850000008940697
0.2848577607113986,0.0850000008940697,0.0850000008940697
0.2849577809215845,0.0850000008940697,0.0850000008940697
0.2850578011317704,0.0850000008940697,0.0850000008940697
0.2851578213419563,0.0850000008940697,0.0850000008940697
0.2852578415521423,0.0850000008940697,0.0850000008940697
0.2853578617623282,0.0850000008940697,0.0850000008940697
0.2854578819725141,0.0850000008940697,0.0850000008940697
0.2855579021827001,0.0850000008940697,0.0850000008940697
0.2856579223928860,0.0850000008940697,0.0850000008940697
0.2857579426030720,0.0850000008940697,0.0850000008940697
0.2858579628132579,0.0850000008940697,0.0850000008940697
0.2859579830234438,0.0850000008940697,0.0850000008940697
0.2860580032336297,0.0850000008940697,0.0850000008940697
0.2861580234438157,0.0850000008940697,0.0850000008940697
0.2862580436540016,0.0850000008940697,0.0850000008940697
0.2863580638641876,0.0850000008940697,0.0850000008940697
0.2864580840743735,0.0850000008940697,0.0850000008940697
0.2865581042845594,0.0850000008940697,0.0850000008940697
0.2866581244947454,0.0850000008940697,0.0850000008940697
0.2867581447049313,0.0850000008940697,0.0850000008940697
0.2868581649151172,0.0850000008940697,0.0850000008940697
0.2869581851253031,0.0850000008940697,0.0850000008940697
0.2870582053354891,0.0850000008940697,0.0850000008940697
0.2871582255456750,0.0850000008940697,0.0850000008940697
0.2872582457558610,0.0850000008940697,0.0850000008940697
0.2873582659660469,0.0850000008940697,0.0850000008940697
0.2874582861762328,0.0850000008940697,0.0850000008940697
0.2875583063864187,0.0850000008940697,0.0850000008940697
0.2876583265966047,0.0850000008940697,0.0850000008940697
0.2877583468067906,0.0850000008940697,0.0850000008940697
0.2878583670169765,0.0850000008940697,0.0850000008940697
0.2879583872271625,0.0850000008940697,0.0850000008940697
0.2880584074373484,0.0850000008940697,0.0850000008940697
0.2881584276475344,0.0850000008940697,0.0850000008940697
0.2882584478577203,0.0850000008940697,0.0850000008940697
0.2883584680679063,0.0850000008940697,0.0850000008940697
0.2884584882780922,0.0850000008940697,0.0850000008940697
0.2885585084882781,0.0850000008940697,0.0850000008940697
0.2886585286984640,0.0850000008940697,0.0850000008940697
0.2887585489086500,0.0850000008940697,0.0850000008940697
0.2888585691188359,0.0850000008940697,0.0850000008940697
0.2889585893290219,0.0850000008940697,0.0850000008940697
0.2890586095392078,0.0850000008940697,0.0850000008940697
0.2891586297493937,0.0850000008940697,0.0850000008940697
0.2892586499595797,0.0850000008940697,0.0850000008940697
0.2893586701697656,0.0850000008940697,0.0850000008940697
0.2894586903799515,0.0850000008940697,0.0850000008940697
0.2895587105901374,0.0850000008940697,0.0850000008940697
0.2896587308003234,0.0850000008940697,0.0850000008940697
0.2897587510105093,0.0850000008940697,0.0850000008940697
0.2898587712206953,0.0850000008940697,0.0850000008940697
0.2899587914308812,0.0850000008940697,0.0850000008940697
0.2900588116410671,0.0850000008940697,0.0850000008940697
0.2901588318512530,0.0850000008940697,0.0850000008940697
0.2902588520614390,0.0850000008940697,0.0850000008940697
0.2903588722716249,0.0850000008940697,0.0850000008940697
0.2904588924818108,0.0850000008940697,0.0850000008940697
0.2905589126919968,0.0850000008940697,0.0850000008940697
0.2906589329021827,0.0850000008940697,0.0850000008940697
0.2907589531123687,0.0850000008940697,0.0850000008940697
0.2908589733225546,0.0850000008940697,0.0850000008940697
0.2909589935327405,0.0850000008940697,0.0850000008940697
0.2910590137429264,0.0850000008940697,0.0850000008940697
0.2911590339531124,0.0850000008940697,0.0850000008940697
0.2912590541632983,0.0850000008940697,0.0850000008940697
0.2913590743734842,0.0850000008940697,0.0850000008940697
0.2914590945836701,0.0850000008940697,0.0850000008940697
0.2915591147938561,0.0850000008940697,0.0850000008940697
0.2916591350040420,0.0850000008940697,0.0850000008940697
0.2917591552142280,0.0850000008940697,0.0850000008940697
0.2918591754244139,0.0850000008940697,0.0850000008940697
0.2919591956345998,0.0850000008940697,0.0850000008940697
0.2920592158447858,0.0850000008940697,0.0850000008940697
0.2921592360549717,0.0850000008940697,0.0850000008940697
0.2922592562651576,0.0850000008940697,0.0850000008940697
0.2923592764753435,0.0850000008940697,0.0850000008940697
0.2924592966855295,0.0850000008940697,0.0850000008940697
0.2925593168957154,0.0850000008940697,0.0850000008940697
0.2926593371059014,0.0850000008940697,0.0850000008940697
0.2927593573160873,0.0850000008940697,0.0850000008940697
0.2928593775262732,0.0850000008940697,0.0850000008940697
0.2929593977364591,0.0850000008940697,0.0850000008940697
0.2930594179466451,0.0850000008940697,0.0850000008940697
0.2931594381568311,0.0850000008940697,0.0850000008940697
0.2932594583670170,0.0850000008940697,0.0850000008940697
0.2933594785772030,0.0850000008940697,0.0850000008940697
0.2934594987873889,0.0850000008940697,0.0850000008940697
0.2935595189975748,0.0850000008940697,0.0850000008940697
0.2936595392077607,0.0850000008940697,0.0850000008940697
0.2937595594179467,0.0850000008940697,0.0850000008940697
0.2938595796281326,0.0850000008940697,0.0850000008940697
0.2939595998383185,0.0850000008940697,0.0850000008940697
0.2940596200485044,0.0850000008940697,0.0850000008940697
0.2941596402586904,0.0850000008940697,0.0850000008940697
0.2942596604688763,0.0850000008940697,0.0850000008940697
0.2943596806790623,0.0850000008940697,0.0850000008940697
0.2944597008892482,0.0850000008940697,0.0850000008940697
0.2945597210994341,0.0850000008940697,0.0850000008940697
0.2946597413096201,0.0850000008940697,0.0850000008940697
0.2947597615198060,0.0850000008940697,0.0850000008940697
0.2948597817299919,0.0850000008940697,0.0850000008940697
0.2949598019401778,0.0850000008940697,0.0850000008940697
0.2950598221503638,0.0850000008940697,0.0850000008940697
0.2951598423605497,0.0850000008940697,0.0850000008940697
0.2952598625707357,0.0850000008940697,0.0850000008940697
0.2953598827809216,0.0850000008940697,0.0850000008940697
0.2954599029911075,0.0850000008940697,0.0850000008940697
0.2955599232012934,0.0850000008940697,0.0850000008940697
0.2956599434114794,0.0850000008940697,0.0850000008940697
0.2957599636216653,0.0850000008940697,0.0850000008940697
0.2958599838318512,0.0850000008940697,0.0850000008940697
0.2959600040420372,0.0850000008940697,0.0850000008940697
0.2960600242522231,0.0850000008940697,0.0850000008940697
0.2961600444624091,0.0850000008940697,0.0850000008940697
0.2962600646725950,0.0850000008940697,0.0850000008940697
0.2963600848827809,0.0850000008940697,0.0850000008940697
0.2964601050929668,0.0850000008940697,0.0850000008940697
0.2965601253031528,0.0850000008940697,0.0850000008940697
0.2966601455133387,0.0850000008940697,0.0850000008940697
0.2967601657235246,0.0850000008940697,0.0850000008940697
0.2968601859337106,0.0850000008940697,0.0850000008940697
0.2969602061438965,0.0850000008940697,0.0850000008940697
0.2970602263540824,0.0850000008940697,0.0850000008940697
0.2971602465642684,0.0850000008940697,0.0850000008940697
0.2972602667744543,0.0850000008940697,0.0850000008940697
0.2973602869846402,0.0850000008940697,0.0850000008940697
0.2974603071948262,0.0850000008940697,0.0850000008940697
0.2975603274050121,0.0850000008940697,0.0850000008940697
0.2976603476151981,0.0850000008940697,0.0850000008940697
0.2977603678253840,0.0850000008940697,0.0850000008940697
0.2978603880355700,0.0850000008940697,0.0850000008940697
0.2979604082457559,0.0850000008940697,0.0850000008940697
0.2980604284559418,0.0850000008940697,0.0850000008940697
0.2981604486661277,0.0850000008940697,0.0850000008940697
0.2982604688763137,0.0850000008940697,0.0850000008940697
0.2983604890864996,0.0850000008940697,0.0850000008940697
0.2984605092966855,0.0850000008940697,0.0850000008940697
0.2985605295068715,0.0850000008940697,0.0850000008940697
0.2986605497170574,0.0850000008940697,0.0850000008940697
0.2987605699272434,0.0850000008940697,0.0850000008940697
0.2988605901374293,0.0850000008940697,0.0850000008940697
0.2989606103476152,0.0850000008940697,0.0850000008940697
0.2990606305578011,0.0850000008940697,0.0850000008940697
0.2991606507679871,0.0850000008940697,0.0850000008940697
0.2992606709781730,0.0850000008940697,0.0850000008940697
0.2993606911883590,0.0850000008940697,0.0850000008940697
0.2994607113985449,0.0850000008940697,0.0850000008940697
0.2995607316087308,0.0850000008940697,0.0850000008940697
0.2996607518189167,0.0850000008940697,0.0850000008940697
0.2997607720291027,0.0850000008940697,0.0850000008940697
0.2998607922392886,0.0850000008940697,0.0850000008940697
0.2999608124494745,0.0850000008940697,0.0850000008940697
0.3000608326596605,0.0850000008940697,0.0850000008940697
0.3001608528698464,0.0850000008940697,0.0850000008940697
0.3002608730800324,0.0850000008940697,0.0850000008940697
0.3003608932902183,0.0850000008940697,0.0850000008940697
0.3004609135004042,0.0850000008940697,0.0850000008940697
0.3005609337105901,0.0623067989945412,-0.0103342598304152
0.3006609539207761,0.0539148710668087,-0.0071386760100722
0.3007609741309620,0.0462121702730656,-0.0052795619703829
0.3008609943411479,0.0447103604674339,-0.0055364388972521
0.3009610145513338,0.0430739298462868,-0.0053221238777041
0.3010610347615198,0.0406940206885338,-0.0053131068125367
0.3011610549717058,0.0387352891266346,-0.0053174439817667
0.3012610751818917,0.0385912992060184,-0.0053715822286904
0.3013610953920776,0.0380313508212566,-0.0061821499839425
0.3014611156022635,0.0378823801875114,-0.0064147799275815
0.3015611358124495,0.0371236801147461,-0.0064409109763801
0.3016611560226354,0.0369032993912697,-0.0067588128149509
0.3017611762328213,0.0356948189437389,-0.0067229559645057
0.3018611964430072,0.0373529307544231,-0.0068282578140497
0.3019612166531932,0.0388301983475685,-0.0069042202085257
0.3020612368633791,0.0403325296938419,-0.0071749421767890
0.3021612570735651,0.0384831205010414,-0.0071823359467089
0.3022612772837510,0.0399010106921196,-0.0073047350160778
0.3023612974939369,0.0396849103271961,-0.0070489868521690
0.3024613177041229,0.0404341593384743,-0.0068719908595085
0.3025613379143088,0.0407905094325542,-0.0065447841770947
0.3026613581244948,0.0394124984741211,-0.0063366340473294
0.3027613783346807,0.0400292500853539,-0.0062849940732121
0.3028613985448667,0.0407731793820858,-0.0061698630452156
0.3029614187550526,0.0412058904767036,-0.0063595059327781
0.3030614389652385,0.0416526384651661,-0.0064793592318892
0.3031614591754244,0.0384869389235973,-0.0064397719688714
0.3032614793856104,0.0389494113624096,-0.0060476008802652
0.3033614995957963,0.0391070693731308,-0.0059625757858157
0.3034615198059822,0.0394959114491940,-0.0054812692105770
0.3035615400161681,0.0360123999416828,-0.0049425340257585
0.3036615602263541,0.0360642410814762,-0.0045596179552376
0.3037615804365401,0.0347983799874783,-0.0043986937962472
0.3038616006467260,0.0334408916532993,-0.0040472052060068
0.3039616208569119,0.0340384803712368,-0.0039348411373794
0.3040616410670978,0.0330669209361076,-0.0037795510143042
0.3041616612772838,0.0331533700227737,-0.0036802929826081
0.3042616814874697,0.0313416793942451,-0.0035493338946253
0.3043617016976556,0.0320798791944981,-0.0033417390659451
0.3044617219078415,0.0308414399623871,-0.0031254950445145
0.3045617421180275,0.0301644708961248,-0.0027280258946121
0.3046617623282134,0.0298973191529512,-0.0027628729585558
0.3047617825383994,0.0304650906473398,-0.0026507240254432
0.3048618027485853,0.0304351206868887,-0.0025693960487843
0.3049618229587712,0.0303664002567530,-0.0026768730022013
0.3050618431689572,0.0289693195372820,-0.0027765349950641
0.3051618633791431,0.0301082096993923,-0.0027881339192390
0.3052618835893290,0.0291745606809855,-0.0026418999768794
0.3053619037995149,0.0297325197607279,-0.0025003289338201
0.3054619240097009,0.0297521799802780,-0.0023079889360815
0.3055619442198868,0.0308823008090258,-0.0020481059327722
0.3056619644300728,0.0290393903851509,-0.0021025920286775
0.3057619846402587,0.0299680400639772,-0.0018640509806573
0.3058620048504446,0.0299367401748896,-0.0016848420491442
0.3059620250606305,0.0309612993150949,-0.0017950179753825
0.3060620452708165,0.0302913393825293,-0.0017666920321062
0.3061620654810024,0.0294339898973703,-0.0018456700490788
0.3062620856911883,0.0308170691132545,-0.0017775469459593
0.3063621059013743,0.0316473990678787,-0.0017397700576112
0.3064621261115602,0.0293120592832565,-0.0016086569521576
0.3065621463217462,0.0296899192035198,-0.0013423949712887
0.3066621665319321,0.0307216793298721,-0.0011604110477492
0.3067621867421180,0.0277215503156185,-0.0011143429437652
0.3068622069523039,0.0287477802485228,-0.0010501929791644
0.3069622271624899,0.0291718393564224,-0.0008841449161991
0.3070622473726758,0.0299608390778303,-0.0008042906993069
0.3071622675828617,0.0279846806079149,-0.0008547347970307
0.3072622877930477,0.0275218095630407,-0.0007657444803044
0.3073623080032336,0.0276827793568373,-0.0002085805026582
0.3074623282134196,0.0280493907630444,0.0001135265993071
0.3075623484236055,0.0263864193111658,0.0001363319024676
0.3076623686337915,0.0276388507336378,0.0002722479111981
0.3077623888439774,0.0269443690776825,0.0003449436917435
0.3078624090541633,0.0269399099051952,0.0001651368947932
0.3079624292643492,0.0279645193368196,0.0002766110992525
0.3080624494745352,0.0268516801297665,-0.0002859767992049
0.3081624696847211,0.0270849801599979,-0.0004389501991682
0.3082624898949071,0.0281170699745417,-0.0004138441872783
0.3083625101050930,0.0256567001342773,-0.0003243038954679
0.3084625303152789,0.0257856193929911,-0.0000612428120803
0.3085625505254648,0.0264004506170750,0.0005919017712586
0.3086625707356508,0.0244020894169807,0.0005643605254591
0.3087625909458367,0.0253288205713034,0.0007661752752028
0.3088626111560226,0.0264654494822025,0.0009772866033018
0.3089626313662086,0.0243920590728521,0.0007149949087761
0.3090626515763945,0.0249203294515610,0.0008339661289938
0.3091626717865805,0.0263283401727676,0.0008610134245828
0.3092626919967664,0.0243914593011141,0.0007135805208236
0.3093627122069523,0.0254455395042896,0.0008739220211282
0.3094627324171382,0.0260282494127750,0.0013107520062476
0.3095627526273242,0.0245274994522333,0.0012122819898650
0.3096627728375101,0.0243049301207066,0.0014179779682308
0.3097627930476961,0.0247907992452383,0.0016156149795279
0.3098628132578820,0.0226132497191429,0.0015102620236576
0.3099628334680679,0.0241442508995533,0.0014854719629511
0.3100628536782538,0.0241119991987944,0.0014511710032821
0.3101628738884398,0.0232539400458336,0.0012434510281309
0.3102628940986257,0.0243728104978800,0.0016101299552247
0.3103629143088116,0.0244603008031845,0.0018836309900507
0.3104629345189976,0.0209419708698988,0.0022524050436914
0.3105629547291835,0.0211423095315695,0.0026412489823997
0.3106629749393695,0.0101123396307230,0.0038074839394540
0.3107629951495554,0.0053393631242216,0.0049387807957828
0.3108630153597413,0.0052568810060620,0.0051278090104461
0.3109630355699272,0.0051723890937865,0.0044750720262527
0.3110630557801132,0.0048403101973236,0.0047644157893956
0.3111630759902991,0.0039470870979130,0.0040913759730756
0.3112630962004850,0.0042411009781063,0.0042192670516670
0.3113631164106709,0.0038907770067453,0.0037805109750479
0.3114631366208569,0.0049702818505466,0.0040162880904973
0.3115631568310429,0.0046575781889260,0.0034903010819107
0.3116631770412288,0.0054024220444262,0.0034076010342687
0.3117631972514147,0.0057806470431387,0.0038074681069702
0.3118632174616006,0.0066013247705996,0.0035768570378423
0.3119632376717866,0.0065983948297799,0.0029638910200447
0.3120632578819725,0.0075578070245683,0.0028224640991539
0.3121632780921585,0.0075784060172737,0.0022985660471022
0.3122632983023444,0.0072463122196496,0.0025461160112172
0.3123633185125304,0.0072761988267303,0.0020808260887861
0.3124633387227163,0.0083999736234546,0.0023860970977694
0.3125633589329022,0.0097300168126822,0.0020418320782483
0.3126633791430881,0.0120121398940682,0.0021617710590363
0.3127633993532741,0.0119542796164751,0.0016671610064805
0.3128634195634600,0.0117535796016455,0.0019945290405303
0.3129634397736459,0.0107920402660966,0.0012154700234532
0.3130634599838319,0.0119114201515913,0.0010607199510559
0.3131634801940178,0.0126752601936460,0.0001740033039823
0.3132635004042038,0.0128422696143389,0.0003272281028330
0.3133635206143897,0.0127160903066397,-0.0000784961230238
0.3134635408245756,0.0135375298559666,0.0002164312027162
0.3135635610347615,0.0146691398695111,0.0004911890719086
0.3136635812449475,0.0138953300192952,0.0000457596688648
0.3137636014551334,0.0141207398846745,0.0002244748029625
0.3138636216653193,0.0150744700804353,0.0003134561120532
0.3139636418755052,0.0151654500514269,-0.0004851291887462
0.3140636620856912,0.0153261600062251,-0.0004863287904300
0.3141636822958772,0.0160844195634127,-0.0008456876967102
0.3142637025060631,0.0156243098899722,-0.0007839808822609
0.3143637227162490,0.0168637093156576,-0.0009019189747050
0.3144637429264349,0.0174560993909836,-0.0015057199634612
0.3145637631366209,0.0178758502006531,-0.0013305849861354
0.3146637833468068,0.0189098194241524,-0.0012005890021101
0.3147638035569927,0.0181053895503283,-0.0017849430441856
0.3148638237671786,0.0185789093375206,-0.0018589469837025
0.3149638439773646,0.0184612497687340,-0.0019839610904455
0.3150638641875505,0.0177472699433565,-0.0023723370395601
0.3151638843977365,0.0180633105337620,-0.0023688708897680
0.3152639046079224,0.0184270404279232,-0.0026128920726478
0.3153639248181083,0.0190597195178270,-0.0024443240836263
0.3154639450282943,0.0202776491641998,-0.0023932990152389
0.3155639652384802,0.0211471300572157,-0.0024172759149224
0.3156639854486661,0.0196660496294498,-0.0026016540359706
0.3157640056588520,0.0210327692329884,-0.0024200489278883
0.3158640258690380,0.0198310296982527,-0.0027073889505118
0.3159640460792239,0.0194287505000830,-0.0026317930314690
0.3160640662894099,0.0200863108038902,-0.0028582250233740
0.3161640864995958,0.0203602500259876,-0.0029751339461654
0.3162641067097817,0.0199665091931820,-0.0032806340605021
0.3163641269199676,0.0214209798723459,-0.0033675848972052
0.3164641471301536,0.0224057994782925,-0.0032506859861314
0.3165641673403395,0.0218528602272272,-0.0033140371087939
0.3166641875505254,0.0228547696024179,-0.0032618129625916
0.3167642077607113,0.0227528493851423,-0.0033188438974321
0.3168642279708973,0.0231174193322659,-0.0031506279483438
0.3169642481810833,0.0217579193413258,-0.0032195060048252
0.3170642683912692,0.0224347505718470,-0.0032718949951231
0.3171642886014552,0.0217830408364534,-0.0033468198962510
0.3172643088116411,0.0224058497697115,-0.0031749720219523
0.3173643290218270,0.0219547692686319,-0.0032804349903017
0.3174643492320129,0.0232737697660923,-0.0031165420077741
0.3175643694421989,0.0225326102226973,-0.0032191930804402
0.3176643896523848,0.0235953107476234,-0.0030417109373957
0.3177644098625708,0.0228584595024586,-0.0031532840803266
0.3178644300727567,0.0227036401629448,-0.0031980900093913
0.3179644502829426,0.0239394195377827,-0.0032301850151271
0.3180644704931285,0.0230360999703407,-0.0038061079103500
0.3181644907033145,0.0224906597286463,-0.0038112211041152
0.3182645109135004,0.0220116507261992,-0.0038981488905847
0.3183645311236863,0.0221769399940968,-0.0039105028845370
0.3184645513338723,0.0227475408464670,-0.0037828430067748
0.3185645715440582,0.0241882205009460,-0.0038823799695820
0.3186645917542442,0.0228579305112362,-0.0037997439503670
0.3187646119644301,0.0228559896349907,-0.0036847249139100
0.3188646321746160,0.0224234405905008,-0.0036063850857317
0.3189646523848019,0.0232951398938894,-0.0037344729062170
0.3190646725949879,0.0228856094181538,-0.0042062979191542
0.3191646928051738,0.0238140393048525,-0.0039686160162091
0.3192647130153597,0.0226038396358490,-0.0041916850022972
0.3193647332255456,0.0226686391979456,-0.0040069548413157
0.3194647534357316,0.0216315202414989,-0.0039024539291859
0.3195647736459176,0.0233187600970268,-0.0038348119705915
0.3196647938561035,0.0222276207059622,-0.0038296240381896
0.3197648140662894,0.0231425091624260,-0.0041095139458776
0.3198648342764753,0.0221705399453640,-0.0039865071885288
0.3199648544866613,0.0219768509268761,-0.0039846799336374
0.3200648746968472,0.0220949593931437,-0.0040862499736249
0.3201648949070331,0.0221144091337919,-0.0040411371737719
0.3202649151172191,0.0211274195462465,-0.0042036487720907
0.3203649353274050,0.0213063303381205,-0.0037962980568409
0.3204649555375909,0.0205939598381519,-0.0038645020686090
0.3205649757477769,0.0215866304934025,-0.0035831520799547
0.3206649959579628,0.0219413395971060,-0.0034442760515958
0.3207650161681487,0.0221322607249022,-0.0036948889028281
0.3208650363783347,0.0231232307851315,-0.0035661701112986
0.3209650565885206,0.0212848298251629,-0.0038027949631214
0.3210650767987066,0.0223012305796146,-0.0038143680430949
0.3211650970088925,0.0217799209058285,-0.0042223599739373
0.3212651172190784,0.0226479806005955,-0.0041182441636920
0.3213651374292643,0.0216194596141577,-0.0042614210397005
0.3214651576394503,0.0228716600686312,-0.0041134259663522
0.3215651778496362,0.0217439401894808,-0.0042771110311151
0.3216651980598221,0.0233448501676321,-0.0041986391879618
0.3217652182700080,0.0214394405484200,-0.0043324138969183
0.3218652384801940,0.0223717391490936,-0.0042644818313420
0.3219652586903800,0.0212829504162073,-0.0042882049456239
0.3220652789005659,0.0223621204495430,-0.0044294591061771
0.3221652991107519,0.0217197593301535,-0.0044569182209671
0.3222653193209378,0.0227626096457243,-0.0044957129284739
0.3223653395311237,0.0217774305492640,-0.0044020079076290
0.3224653597413096,0.0228136591613293,-0.0040412340313196
0.3225653799514956,0.0220434106886387,-0.0042513730004430
0.3226654001616815,0.0224006101489067,-0.0041463500820100
0.3227654203718675,0.0219991598278284,-0.0042179049924016
0.3228654405820534,0.0227028299123049,-0.0040750540792942
0.3229654607922393,0.0219742897897959,-0.0044092931784689
0.3230654810024252,0.0225836094468832,-0.0045468909665942
0.3231655012126112,0.0218122992664576,-0.0047857169993222
0.3232655214227971,0.0224498808383942,-0.0046092239208519
0.3233655416329830,0.0221114493906498,-0.0045597860589623
0.3234655618431690,0.0227185599505901,-0.0043010511435568
0.3235655820533549,0.0235799700021744,-0.0040765600278974
0.3236656022635409,0.0229915007948875,-0.0040776729583740
0.3237656224737268,0.0233999304473400,-0.0038929691072553
0.3238656426839127,0.0229620002210140,-0.0037474229466170
0.3239656628940986,0.0222341790795326,-0.0038580771069974
0.3240656831042846,0.0227664094418287,-0.0041813352145255
0.3241657033144705,0.0219098106026649,-0.0043488051742315
0.3242657235246564,0.0222404599189758,-0.0042020631954074
0.3243657437348423,0.0238306391984224,-0.0040489099919796
0.3244657639450283,0.0226136595010757,-0.0040580751374364
0.3245657841552142,0.0224298909306526,-0.0038265599869192
0.3246658043654002,0.0224224999547005,-0.0037876421120018
0.3247658245755861,0.0221274998039007,-0.0040336148813367
0.3248658447857720,0.0222814399749041,-0.0041408720426261
0.3249658649959580,0.0218668896704912,-0.0042758798226714
0.3250658852061439,0.0222566295415163,-0.0042707030661404
0.3251659054163298,0.0215891208499670,-0.0044923052191734
0.3252659256265157,0.0228575002402067,-0.0043101171031594
0.3253659458367017,0.0220414493232965,-0.0043809171766043
0.3254659660468876,0.0226886495947838,-0.0041494918987155
0.3255659862570736,0.0216513592749834,-0.0041035208851099
0.3256660064672595,0.0220598205924034,-0.0038781811017543
0.3257660266774454,0.0211193505674601,-0.0038257960695773
0.3258660468876313,0.0216323100030422,-0.0042006829753518
0.3259660670978173,0.0273285508155823,-0.0042534000240266
0.3260660873080032,0.0339014604687691,-0.0046749101020396
0.3261661075181891,0.0376452617347240,-0.0055571161210537
0.3262661277283751,0.0387543290853500,-0.0060169119387865
0.3263661479385610,0.0460744090378284,-0.0072006811387837
0.3264661681487470,0.0433240085840225,-0.0080143474042416
0.3265661883589329,0.0327904000878334,-0.0092338100075722
0.3266662085691189,0.0850000008940697,0.0850000008940697
0.3267662287793048,0.0850000008940697,0.0850000008940697
0.3268662489894907,0.0850000008940697,0.0850000008940697
0.3269662691996766,0.0850000008940697,0.0850000008940697
0.3270662894098626,0.0850000008940697,0.0850000008940697
0.3271663096200485,0.0850000008940697,0.0850000008940697
0.3272663298302345,0.0850000008940697,0.0850000008940697
0.3273663500404204,0.0850000008940697,0.0850000008940697
0.3274663702506063,0.0850000008940697,0.0850000008940697
0.3275663904607923,0.0850000008940697,0.0850000008940697
0.3276664106709782,0.0850000008940697,0.0850000008940697
0.3277664308811641,0.0850000008940697,0.0850000008940697
0.3278664510913500,0.0850000008940697,0.0850000008940697
0.3279664713015360,0.0850000008940697,0.0850000008940697
0.3280664915117219,0.0850000008940697,0.0850000008940697
0.3281665117219079,0.0850000008940697,0.0850000008940697
0.3282665319320938,0.0850000008940697,0.0850000008940697
0.3283665521422797,0.0850000008940697,0.0850000008940697
0.3284665723524656,0.0850000008940697,0.0850000008940697
0.3285665925626516,0.0850000008940697,0.0850000008940697
0.3286666127728375,0.0850000008940697,0.0850000008940697
0.3287666329830234,0.0850000008940697,0.0850000008940697
0.3288666531932094,0.0850000008940697,0.0850000008940697
0.3289666734033953,0.0850000008940697,0.0850000008940697
0.3290666936135813,0.0850000008940697,0.0850000008940697
0.3291667138237672,0.0850000008940697,0.0850000008940697
0.3292667340339531,0.0850000008940697,0.0850000008940697
0.3293667542441390,0.0850000008940697,0.0850000008940697
0.3294667744543250,0.0850000008940697,0.0850000008940697
0.3295667946645109,0.0850000008940697,0.0850000008940697
0.3296668148746968,0.0850000008940697,0.0850000008940697
0.3297668350848827,0.0850000008940697,0.0850000008940697
0.3298668552950687,0.0850000008940697,0.0850000008940697
0.3299668755052547,0.0850000008940697,0.0850000008940697
0.3300668957154406,0.0850000008940697,0.0850000008940697
0.3301669159256265,0.0850000008940697,0.0850000008940697
0.3302669361358124,0.0850000008940697,0.0850000008940697
0.3303669563459984,0.0850000008940697,0.0850000008940697
0.3304669765561843,0.0850000008940697,0.0850000008940697
0.3305669967663702,0.0850000008940697,0.0850000008940697
0.3306670169765561,0.0850000008940697,0.0850000008940697
0.3307670371867421,0.0850000008940697,0.0850000008940697
0.3308670573969280,0.0850000008940697,0.0850000008940697
0.3309670776071140,0.0850000008940697,0.0850000008940697
0.3310670978172999,0.0850000008940697,0.0850000008940697
0.3311671180274858,0.0850000008940697,0.0850000008940697
0.3312671382376718,0.0850000008940697,0.0850000008940697
0.3313671584478577,0.0850000008940697,0.0850000008940697
0.3314671786580437,0.0850000008940697,0.0850000008940697
0.3315671988682296,0.0850000008940697,0.0850000008940697
0.3316672190784156,0.0850000008940697,0.0850000008940697
0.3317672392886015,0.0850000008940697,0.0850000008940697
0.3318672594987874,0.0850000008940697,0.0850000008940697
0.3319672797089733,0.0850000008940697,0.0850000008940697
0.3320672999191593,0.0850000008940697,0.0850000008940697
0.3321673201293452,0.0850000008940697,0.0850000008940697
0.3322673403395311,0.0850000008940697,0.0850000008940697
0.3323673605497171,0.0850000008940697,0.0850000008940697
0.3324673807599030,0.0850000008940697,0.0850000008940697
0.3325674009700890,0.0850000008940697,0.0850000008940697
0.3326674211802749,0.0850000008940697,0.0850000008940697
0.3327674413904608,0.0850000008940697,0.0850000008940697
0.3328674616006467,0.0850000008940697,0.0850000008940697
0.3329674818108327,0.0850000008940697,0.0850000008940697
0.3330675020210186,0.0850000008940697,0.0850000008940697
0.3331675222312045,0.0850000008940697,0.0850000008940697
0.3332675424413905,0.0850000008940697,0.0850000008940697
0.3333675626515764,0.0850000008940697,0.0850000008940697
0.3334675828617623,0.0850000008940697,0.0850000008940697
0.3335676030719483,0.0850000008940697,0.0850000008940697
0.3336676232821342,0.0850000008940697,0.0850000008940697
0.3337676434923201,0.0850000008940697,0.0850000008940697
0.3338676637025061,0.0850000008940697,0.0850000008940697
0.3339676839126920,0.0850000008940697,0.0850000008940697
0.3340677041228780,0.0850000008940697,0.0850000008940697
0.3341677243330639,0.0850000008940697,0.0850000008940697
0.3342677445432498,0.0850000008940697,0.0850000008940697
0.3343677647534357,0.0850000008940697,0.0850000008940697
0.3344677849636217,0.0850000008940697,0.0850000008940697
0.3345678051738076,0.0850000008940697,0.0850000008940697
0.3346678253839935,0.0850000008940697,0.0850000008940697
0.3347678455941794,0.0850000008940697,0.0850000008940697
0.3348678658043654,0.0850000008940697,0.0850000008940697
0.3349678860145513,0.0850000008940697,0.0850000008940697
0.3350679062247373,0.0850000008940697,0.0850000008940697
0.3351679264349232,0.0850000008940697,0.0850000008940697
0.3352679466451091,0.0850000008940697,0.0850000008940697
0.3353679668552951,0.0850000008940697,0.0850000008940697
0.3354679870654810,0.0850000008940697,0.0850000008940697
0.3355680072756669,0.0850000008940697,0.0850000008940697
0.3356680274858528,0.0850000008940697,0.0850000008940697
0.3357680476960388,0.0850000008940697,0.0850000008940697
0.3358680679062247,0.0850000008940697,0.0850000008940697
0.3359680881164107,0.0850000008940697,0.0850000008940697
0.3360681083265966,0.0850000008940697,0.0850000008940697
0.3361681285367826,0.0850000008940697,0.0850000008940697
0.3362681487469685,0.0850000008940697,0.0850000008940697
0.3363681689571544,0.0850000008940697,0.0850000008940697
0.3364681891673404,0.0850000008940697,0.0850000008940697
0.3365682093775263,0.0850000008940697,0.0850000008940697
0.3366682295877123,0.0850000008940697,0.0850000008940697
0.3367682497978982,0.0850000008940697,0.0850000008940697
0.3368682700080841,0.0850000008940697,0.0850000008940697
0.3369682902182700,0.0850000008940697,0.0850000008940697
0.3370683104284560,0.0850000008940697,0.0850000008940697
0.3371683306386419,0.0850000008940697,0.0850000008940697
0.3372683508488278,0.0850000008940697,0.0850000008940697
0.3373683710590137,0.0850000008940697,0.0850000008940697
0.3374683912691997,0.0850000008940697,0.0850000008940697
0.3375684114793856,0.0850000008940697,0.0850000008940697
0.3376684316895716,0.0850000008940697,0.0850000008940697
0.3377684518997575,0.0850000008940697,0.0850000008940697
0.3378684721099434,0.0850000008940697,0.0850000008940697
0.3379684923201294,0.0850000008940697,0.0850000008940697
0.3380685125303153,0.0850000008940697,0.0850000008940697
0.3381685327405012,0.0850000008940697,0.0850000008940697
0.3382685529506871,0.0850000008940697,0.0850000008940697
0.3383685731608731,0.0850000008940697,0.0850000008940697
0.3384685933710590,0.0850000008940697,0.0850000008940697
0.3385686135812450,0.0850000008940697,0.0850000008940697
0.3386686337914309,0.0850000008940697,0.0850000008940697
0.3387686540016168,0.0850000008940697,0.0850000008940697
0.3388686742118027,0.0850000008940697,0.0850000008940697
0.3389686944219887,0.0850000008940697,0.0850000008940697
0.3390687146321746,0.0850000008940697,0.0850000008940697
0.3391687348423605,0.0850000008940697,0.0850000008940697
0.3392687550525465,0.0850000008940697,0.0850000008940697
0.3393687752627324,0.0850000008940697,0.0850000008940697
0.3394687954729184,0.0850000008940697,0.0850000008940697
0.3395688156831043,0.0850000008940697,0.0850000008940697
0.3396688358932902,0.0850000008940697,0.0850000008940697
0.3397688561034761,0.0850000008940697,0.0850000008940697
0.3398688763136621,0.0850000008940697,0.0850000008940697
0.3399688965238480,0.0850000008940697,0.0850000008940697
0.3400689167340339,0.0850000008940697,0.0850000008940697
0.3401689369442198,0.0850000008940697,0.0850000008940697
0.3402689571544058,0.0850000008940697,0.0850000008940697
0.3403689773645917,0.0850000008940697,0.0850000008940697
0.3404689975747777,0.0850000008940697,0.0850000008940697
0.3405690177849636,0.0850000008940697,0.0850000008940697
0.3406690379951495,0.0850000008940697,0.0850000008940697
0.3407690582053355,0.0850000008940697,0.0850000008940697
0.3408690784155214,0.0850000008940697,0.0850000008940697
0.3409690986257074,0.0850000008940697,0.0850000008940697
0.3410691188358933,0.0850000008940697,0.0850000008940697
0.3411691390460793,0.0850000008940697,0.0850000008940697
0.3412691592562652,0.0850000008940697,0.0850000008940697
0.3413691794664511,0.0850000008940697,0.0850000008940697
0.3414691996766370,0.0850000008940697,0.0850000008940697
0.3415692198868230,0.0850000008940697,0.0850000008940697
0.3416692400970089,0.0850000008940697,0.0850000008940697
0.3417692603071948,0.0850000008940697,0.0850000008940697
0.3418692805173808,0.0850000008940697,0.0850000008940697
0.3419693007275667,0.0850000008940697,0.0850000008940697
0.3420693209377527,0.0850000008940697,0.0850000008940697
0.3421693411479386,0.0850000008940697,0.0850000008940697
0.3422693613581245,0.0850000008940697,0.0850000008940697
0.3423693815683104,0.0850000008940697,0.0850000008940697
0.3424694017784964,0.0850000008940697,0.0850000008940697
0.3425694219886823,0.0850000008940697,0.0850000008940697
0.3426694421988682,0.0850000008940697,0.0850000008940697
0.3427694624090541,0.0850000008940697,0.0850000008940697
0.3428694826192401,0.0850000008940697,0.0850000008940697
0.3429695028294260,0.0850000008940697,0.0850000008940697
0.3430695230396120,0.0850000008940697,0.0850000008940697
0.3431695432497979,0.0850000008940697,0.0850000008940697
0.3432695634599838,0.0850000008940697,0.0850000008940697
0.3433695836701698,0.0850000008940697,0.0850000008940697
0.3434696038803557,0.0850000008940697,0.0850000008940697
0.3435696240905416,0.0850000008940697,0.0850000008940697
0.3436696443007276,0.0850000008940697,0.0850000008940697
0.3437696645109135,0.0850000008940697,0.0850000008940697
0.3438696847210994,0.0850000008940697,0.0850000008940697
0.3439697049312854,0.0850000008940697,0.0850000008940697
0.3440697251414713,0.0850000008940697,0.0850000008940697
0.3441697453516572,0.0850000008940697,0.0850000008940697
0.3442697655618431,0.0850000008940697,0.0850000008940697
0.3443697857720291,0.0850000008940697,0.0850000008940697
0.3444698059822150,0.0850000008940697,0.0850000008940697
0.3445698261924010,0.0850000008940697,0.0850000008940697
0.3446698464025869,0.0850000008940697,0.0850000008940697
0.3447698666127728,0.0850000008940697,0.0850000008940697
0.3448698868229588,0.0850000008940697,0.0850000008940697
0.3449699070331447,0.0850000008940697,0.0850000008940697
0.3450699272433306,0.0850000008940697,0.0850000008940697
0.3451699474535165,0.0850000008940697,0.0850000008940697
0.3452699676637025,0.0850000008940697,0.0850000008940697
0.3453699878738884,0.0850000008940697,0.0850000008940697
0.3454700080840744,0.0850000008940697,0.0850000008940697
0.3455700282942603,0.0850000008940697,0.0850000008940697
0.3456700485044463,0.0850000008940697,0.0850000008940697
0.3457700687146322,0.0850000008940697,0.0850000008940697
0.3458700889248181,0.0850000008940697,0.0850000008940697
0.3459701091350041,0.0850000008940697,0.0850000008940697
0.3460701293451900,0.0850000008940697,0.0850000008940697
0.3461701495553760,0.0850000008940697,0.0850000008940697
0.3462701697655619,0.0850000008940697,0.0850000008940697
0.3463701899757478,0.0850000008940697,0.0850000008940697
0.3464702101859337,0.0850000008940697,0.0850000008940697
0.3465702303961197,0.0850000008940697,0.0850000008940697
0.3466702506063056,0.0850000008940697,0.0850000008940697
0.3467702708164915,0.0850000008940697,0.0850000008940697
0.3468702910266774,0.0850000008940697,0.0850000008940697
0.3469703112368634,0.0850000008940697,0.0850000008940697
0.3470703314470494,0.0850000008940697,0.0850000008940697
0.3471703516572353,0.0850000008940697,0.0850000008940697
0.3472703718674212,0.0850000008940697,0.0850000008940697
0.3473703920776071,0.0850000008940697,0.0850000008940697
0.3474704122877931,0.0850000008940697,0.0850000008940697
0.3475704324979790,0.0850000008940697,0.0850000008940697
0.3476704527081649,0.0850000008940697,0.0850000008940697
0.3477704729183508,0.0850000008940697,0.0850000008940697
0.3478704931285368,0.0850000008940697,0.0850000008940697
0.3479705133387227,0.0850000008940697,0.0850000008940697
0.3480705335489087,0.0850000008940697,0.0850000008940697
0.3481705537590946,0.0850000008940697,0.0850000008940697
0.3482705739692805,0.0850000008940697,0.0850000008940697
0.3483705941794665,0.0850000008940697,0.0850000008940697
0.3484706143896524,0.0850000008940697,0.0850000008940697
0.3485706345998383,0.0850000008940697,0.0850000008940697
0.3486706548100242,0.0850000008940697,0.0850000008940697
0.3487706750202102,0.0850000008940697,0.0850000008940697
0.3488706952303961,0.0850000008940697,0.0850000008940697
0.3489707154405821,0.0850000008940697,0.0850000008940697
0.3490707356507680,0.0850000008940697,0.0850000008940697
0.3491707558609539,0.0850000008940697,0.0850000008940697
0.3492707760711398,0.0850000008940697,0.0850000008940697
0.3493707962813258,0.0850000008940697,0.0850000008940697
0.3494708164915117,0.0850000008940697,0.0850000008940697
0.3495708367016976,0.0850000008940697,0.0850000008940697
0.3496708569118836,0.0850000008940697,0.0850000008940697
0.3497708771220695,0.0850000008940697,0.0850000008940697
0.3498708973322555,0.0850000008940697,0.0850000008940697
0.3499709175424414,0.0850000008940697,0.0850000008940697
0.3500709377526273,0.0850000008940697,0.0850000008940697
0.3501709579628132,0.0850000008940697,0.0850000008940697
0.3502709781729992,0.0850000008940697,0.0850000008940697
0.3503709983831851,0.0850000008940697,0.0850000008940697
0.3504710185933711,0.0850000008940697,0.0850000008940697
0.3505710388035570,0.0850000008940697,0.0850000008940697
0.3506710590137430,0.0850000008940697,0.0850000008940697
0.3507710792239289,0.0850000008940697,0.0850000008940697
0.3508710994341148,0.0850000008940697,0.0850000008940697
0.3509711196443008,0.0850000008940697,0.0850000008940697
0.3510711398544867,0.0850000008940697,0.0850000008940697
0.3511711600646726,0.0850000008940697,0.0850000008940697
0.3512711802748585,0.0850000008940697,0.0850000008940697
0.3513712004850445,0.0850000008940697,0.0850000008940697
0.3514712206952304,0.0850000008940697,0.0850000008940697
0.3515712409054164,0.0850000008940697,0.0850000008940697
0.3516712611156023,0.0850000008940697,0.0850000008940697
0.3517712813257882,0.0850000008940697,0.0850000008940697
0.3518713015359741,0.0850000008940697,0.0850000008940697
0.3519713217461601,0.0850000008940697,0.0850000008940697
0.3520713419563460,0.0850000008940697,0.0850000008940697
0.3521713621665319,0.0850000008940697,0.0850000008940697
0.3522713823767179,0.0850000008940697,0.0850000008940697
0.3523714025869038,0.0850000008940697,0.0850000008940697
0.3524714227970898,0.0850000008940697,0.0850000008940697
0.3525714430072757,0.0850000008940697,0.0850000008940697
0.3526714632174616,0.0850000008940697,0.0850000008940697
0.3527714834276475,0.0850000008940697,0.0850000008940697
0.3528715036378335,0.0850000008940697,0.0850000008940697
0.3529715238480194,0.0850000008940697,0.0850000008940697
0.3530715440582053,0.0850000008940697,0.0850000008940697
0.3531715642683912,0.0850000008940697,0.0850000008940697
0.3532715844785772,0.0850000008940697,0.0850000008940697
0.3533716046887631,0.0850000008940697,0.0850000008940697
0.3534716248989491,0.0850000008940697,0.0850000008940697
0.3535716451091350,0.0850000008940697,0.0850000008940697
0.3536716653193209,0.0850000008940697,0.0850000008940697
0.3537716855295069,0.0850000008940697,0.0850000008940697
0.3538717057396928,0.0850000008940697,0.0850000008940697
0.3539717259498787,0.0850000008940697,0.0850000008940697
0.3540717461600646,0.0850000008940697,0.0850000008940697
0.3541717663702506,0.0850000008940697,0.0850000008940697
0.3542717865804365,0.0850000008940697,0.0850000008940697
0.3543718067906225,0.0850000008940697,0.0850000008940697
0.3544718270008084,0.0850000008940697,0.0850000008940697
0.3545718472109943,0.0850000008940697,0.0850000008940697
0.3546718674211802,0.0850000008940697,0.0850000008940697
0.3547718876313662,0.0850000008940697,0.0850000008940697
0.3548719078415521,0.0850000008940697,0.0850000008940697
0.3549719280517381,0.0850000008940697,0.0850000008940697
0.3550719482619240,0.0850000008940697,0.0850000008940697
0.3551719684721099,0.0850000008940697,0.0850000008940697
0.3552719886822959,0.0850000008940697,0.0850000008940697
0.3553720088924818,0.0850000008940697,0.0850000008940697
0.3554720291026678,0.0850000008940697,0.0850000008940697
0.3555720493128537,0.0850000008940697,0.0850000008940697
0.3556720695230396,0.0850000008940697,0.0850000008940697
0.3557720897332255,0.0850000008940697,0.0850000008940697
0.3558721099434115,0.0850000008940697,0.0850000008940697
0.3559721301535974,0.0850000008940697,0.0850000008940697
0.3560721503637834,0.0850000008940697,0.0850000008940697
0.3561721705739693,0.0850000008940697,0.0850000008940697
0.3562721907841552,0.0850000008940697,0.0850000008940697
0.3563722109943412,0.0850000008940697,0.0850000008940697
0.3564722312045271,0.0850000008940697,0.0850000008940697
0.3565722514147130,0.0850000008940697,0.0850000008940697
0.3566722716248990,0.0850000008940697,0.0850000008940697
0.3567722918350849,0.0850000008940697,0.0850000008940697
0.3568723120452708,0.0850000008940697,0.0850000008940697
0.3569723322554568,0.0850000008940697,0.0850000008940697
0.3570723524656427,0.0850000008940697,0.0850000008940697
0.3571723726758286,0.0850000008940697,0.0850000008940697
0.3572723928860145,0.0850000008940697,0.0850000008940697
0.3573724130962005,0.0850000008940697,0.0850000008940697
0.3574724333063864,0.0850000008940697,0.0850000008940697
0.3575724535165724,0.0850000008940697,0.0850000008940697
0.3576724737267583,0.0850000008940697,0.0850000008940697
0.3577724939369442,0.0850000008940697,0.0850000008940697
0.3578725141471302,0.0850000008940697,0.0850000008940697
0.3579725343573161,0.0850000008940697,0.0850000008940697
0.3580725545675020,0.0850000008940697,0.0850000008940697
0.3581725747776879,0.0850000008940697,0.0850000008940697
0.3582725949878739,0.0850000008940697,0.0850000008940697
0.3583726151980598,0.0850000008940697,0.0850000008940697
0.3584726354082458,0.0850000008940697,0.0850000008940697
0.3585726556184317,0.0850000008940697,0.0850000008940697
0.3586726758286176,0.0850000008940697,0.0850000008940697
0.3587726960388035,0.0850000008940697,0.0850000008940697
0.3588727162489895,0.0850000008940697,0.0850000008940697
0.3589727364591754,0.0850000008940697,0.0850000008940697
0.3590727566693613,0.0850000008940697,0.0850000008940697
0.3591727768795473,0.0850000008940697,0.0850000008940697
0.3592727970897332,0.0850000008940697,0.0850000008940697
0.3593728172999192,0.0850000008940697,0.0850000008940697
0.3594728375101051,0.0850000008940697,0.0850000008940697
0.3595728577202910,0.0850000008940697,0.0850000008940697
0.3596728779304769,0.0850000008940697,0.0850000008940697
0.3597728981406629,0.0850000008940697,0.0850000008940697
0.3598729183508488,0.0850000008940697,0.0850000008940697
0.3599729385610347,0.0850000008940697,0.0850000008940697
0.3600729587712207,0.0850000008940697,0.0850000008940697
0.3601729789814067,0.0850000008940697,0.0850000008940697
0.3602729991915926,0.0850000008940697,0.0850000008940697
0.3603730194017785,0.0850000008940697,0.0850000008940697
0.3604730396119645,0.0850000008940697,0.0850000008940697
0.3605730598221504,0.0850000008940697,0.0850000008940697
0.3606730800323363,0.0850000008940697,0.0850000008940697
0.3607731002425222,0.0850000008940697,0.0850000008940697
0.3608731204527082,0.0850000008940697,0.0850000008940697
0.3609731406628941,0.0850000008940697,0.0850000008940697
0.3610731608730801,0.0850000008940697,0.0850000008940697
0.3611731810832660,0.0850000008940697,0.0850000008940697
0.3612732012934519,0.0850000008940697,0.0850000008940697
0.3613732215036378,0.0850000008940697,0.0850000008940697
0.3614732417138238,0.0850000008940697,0.0850000008940697
0.3615732619240097,0.0850000008940697,0.0850000008940697
0.3616732821341956,0.0850000008940697,0.0850000008940697
0.3617733023443816,0.0850000008940697,0.0850000008940697
0.3618733225545675,0.0850000008940697,0.0850000008940697
0.3619733427647535,0.0850000008940697,0.0850000008940697
0.3620733629749394,0.0850000008940697,0.0850000008940697
0.3621733831851253,0.0850000008940697,0.0850000008940697
0.3622734033953112,0.0850000008940697,0.0850000008940697
0.3623734236054972,0.0850000008940697,0.0850000008940697
0.3624734438156831,0.0850000008940697,0.0850000008940697
0.3625734640258690,0.0850000008940697,0.0850000008940697
0.3626734842360549,0.0850000008940697,0.0850000008940697
0.3627735044462409,0.0850000008940697,0.0850000008940697
0.3628735246564269,0.0850000008940697,0.0850000008940697
0.3629735448666128,0.0850000008940697,0.0850000008940697
0.3630735650767987,0.0850000008940697,0.0850000008940697
0.3631735852869846,0.0850000008940697,0.0850000008940697
0.3632736054971706,0.0850000008940697,0.0850000008940697
0.3633736257073565,0.0850000008940697,0.0850000008940697
0.3634736459175424,0.0850000008940697,0.0850000008940697
0.3635736661277283,0.0850000008940697,0.0850000008940697
0.3636736863379143,0.0850000008940697,0.0850000008940697
0.3637737065481002,0.0850000008940697,0.0850000008940697
0.3638737267582862,0.0850000008940697,0.0850000008940697
0.3639737469684721,0.0850000008940697,0.0850000008940697
0.3640737671786580,0.0850000008940697,0.0850000008940697
0.3641737873888440,0.0850000008940697,0.0850000008940697
0.3642738075990299,0.0850000008940697,0.0850000008940697
0.3643738278092158,0.0850000008940697,0.0850000008940697
0.3644738480194017,0.0850000008940697,0.0850000008940697
0.3645738682295877,0.0850000008940697,0.0850000008940697
0.3646738884397736,0.0850000008940697,0.0850000008940697
0.3647739086499596,0.0850000008940697,0.0850000008940697
0.3648739288601455,0.0850000008940697,0.0850000008940697
0.3649739490703315,0.0850000008940697,0.0850000008940697
0.3650739692805174,0.0850000008940697,0.0850000008940697
0.3651739894907033,0.0850000008940697,0.0850000008940697
0.3652740097008892,0.0850000008940697,0.0850000008940697
0.3653740299110752,0.0850000008940697,0.0850000008940697
0.3654740501212612,0.0850000008940697,0.0850000008940697
0.3655740703314471,0.0850000008940697,0.0850000008940697
0.3656740905416330,0.0850000008940697,0.0850000008940697
0.3657741107518189,0.0850000008940697,0.0850000008940697
0.3658741309620049,0.0850000008940697,0.0850000008940697
0.3659741511721908,0.0850000008940697,0.0850000008940697
0.3660741713823767,0.0850000008940697,0.0850000008940697
0.3661741915925626,0.0850000008940697,0.0850000008940697
0.3662742118027486,0.0850000008940697,0.0850000008940697
0.3663742320129345,0.0850000008940697,0.0850000008940697
0.3664742522231205,0.0850000008940697,0.0850000008940697
0.3665742724333064,0.0850000008940697,0.0850000008940697
0.3666742926434923,0.0850000008940697,0.0850000008940697
0.3667743128536783,0.0850000008940697,0.0850000008940697
0.3668743330638642,0.0850000008940697,0.0850000008940697
0.3669743532740501,0.0850000008940697,0.0850000008940697
0.3670743734842360,0.0850000008940697,0.0850000008940697
0.3671743936944220,0.0850000008940697,0.0850000008940697
0.3672744139046079,0.0850000008940697,0.0850000008940697
0.3673744341147939,0.0850000008940697,0.0850000008940697
0.3674744543249798,0.0850000008940697,0.0850000008940697
0.3675744745351657,0.0850000008940697,0.0850000008940697
0.3676744947453516,0.0850000008940697,0.0850000008940697
0.3677745149555376,0.0850000008940697,0.0850000008940697
0.3678745351657235,0.0850000008940697,0.0850000008940697
0.3679745553759095,0.0850000008940697,0.0850000008940697
0.3680745755860954,0.0850000008940697,0.0850000008940697
0.3681745957962813,0.0850000008940697,0.0850000008940697
0.3682746160064673,0.0850000008940697,0.0850000008940697
0.3683746362166532,0.0850000008940697,0.0850000008940697
0.3684746564268391,0.0850000008940697,0.0850000008940697
0.3685746766370250,0.0850000008940697,0.0850000008940697
0.3686746968472110,0.0850000008940697,0.0850000008940697
0.3687747170573969,0.0850000008940697,0.0850000008940697
0.3688747372675829,0.0850000008940697,0.0850000008940697
0.3689747574777688,0.0850000008940697,0.0850000008940697
0.3690747776879547,0.0850000008940697,0.0850000008940697
0.3691747978981406,0.0850000008940697,0.0850000008940697
0.3692748181083266,0.0850000008940697,0.0850000008940697
0.3693748383185125,0.0850000008940697,0.0850000008940697
0.3694748585286984,0.0850000008940697,0.0850000008940697
0.3695748787388844,0.0850000008940697,0.0850000008940697
0.3696748989490704,0.0850000008940697,0.0850000008940697
0.3697749191592563,0.0850000008940697,0.0850000008940697
0.3698749393694422,0.0850000008940697,0.0850000008940697
0.3699749595796282,0.0850000008940697,0.0850000008940697
0.3700749797898141,0.0850000008940697,0.0850000008940697
0.3701750000000000,0.0850000008940697,0.0850000008940697
0.3702750202101859,0.0850000008940697,0.0850000008940697
0.3703750404203719,0.0850000008940697,0.0850000008940697
0.3704750606305578,0.0850000008940697,0.0850000008940697
0.3705750808407438,0.0850000008940697,0.0850000008940697
0.3706751010509297,0.0850000008940697,0.0850000008940697
0.3707751212611156,0.0850000008940697,0.0850000008940697
0.3708751414713016,0.0850000008940697,0.0850000008940697
0.3709751616814875,0.0850000008940697,0.0850000008940697
0.3710751818916734,0.0850000008940697,0.0850000008940697
0.3711752021018593,0.0850000008940697,0.0850000008940697
0.3712752223120453,0.0850000008940697,0.0850000008940697
0.3713752425222312,0.0850000008940697,0.0850000008940697
0.3714752627324172,0.0850000008940697,0.0850000008940697
0.3715752829426031,0.0850000008940697,0.0850000008940697
0.3716753031527890,0.0850000008940697,0.0850000008940697
0.3717753233629749,0.0850000008940697,0.0850000008940697
0.3718753435731609,0.0850000008940697,0.0850000008940697
0.3719753637833468,0.0850000008940697,0.0850000008940697
0.3720753839935327,0.0850000008940697,0.0850000008940697
0.3721754042037187,0.0850000008940697,0.0850000008940697
0.3722754244139046,0.0850000008940697,0.0850000008940697
0.3723754446240906,0.0850000008940697,0.0850000008940697
0.3724754648342765,0.0850000008940697,0.0850000008940697
0.3725754850444624,0.0850000008940697,0.0850000008940697
0.3726755052546483,0.0850000008940697,0.0850000008940697
0.3727755254648343,0.0850000008940697,0.0850000008940697
0.3728755456750202,0.0850000008940697,0.0850000008940697
0.3729755658852061,0.0850000008940697,0.0850000008940697
0.3730755860953920,0.0850000008940697,0.0850000008940697
0.3731756063055780,0.0850000008940697,0.0850000008940697
0.3732756265157640,0.0850000008940697,0.0850000008940697
0.3733756467259499,0.0850000008940697,0.0850000008940697
0.3734756669361358,0.0850000008940697,0.0850000008940697
0.3735756871463217,0.0850000008940697,0.0850000008940697
0.3736757073565077,0.0850000008940697,0.0850000008940697
0.3737757275666936,0.0850000008940697,0.0850000008940697
0.3738757477768795,0.0850000008940697,0.0850000008940697
0.3739757679870654,0.0850000008940697,0.0850000008940697
0.3740757881972514,0.0850000008940697,0.0850000008940697
0.3741758084074373,0.0850000008940697,0.0850000008940697
0.3742758286176233,0.0850000008940697,0.0850000008940697
0.3743758488278092,0.0850000008940697,0.0850000008940697
0.3744758690379952,0.0850000008940697,0.0850000008940697
0.3745758892481811,0.0850000008940697,0.0850000008940697
0.3746759094583670,0.0850000008940697,0.0850000008940697
0.3747759296685530,0.0850000008940697,0.0850000008940697
0.3748759498787389,0.0850000008940697,0.0850000008940697
0.3749759700889249,0.0850000008940697,0.0850000008940697
0.3750759902991108,0.0850000008940697,0.0850000008940697
0.3751760105092967,0.0850000008940697,0.0850000008940697
0.3752760307194826,0.0850000008940697,0.0850000008940697
0.3753760509296686,0.0850000008940697,0.0850000008940697
0.3754760711398545,0.0850000008940697,0.0850000008940697
0.3755760913500404,0.0850000008940697,0.0850000008940697
0.3756761115602263,0.0850000008940697,0.0850000008940697
0.3757761317704123,0.0850000008940697,0.0850000008940697
0.3758761519805983,0.0850000008940697,0.0850000008940697
0.3759761721907842,0.0850000008940697,0.0850000008940697
0.3760761924009701,0.0850000008940697,0.0850000008940697
0.3761762126111560,0.0850000008940697,0.0850000008940697
0.3762762328213420,0.0850000008940697,0.0850000008940697
0.3763762530315279,0.0850000008940697,0.0850000008940697
0.3764762732417138,0.0850000008940697,0.0850000008940697
0.3765762934518997,0.0850000008940697,0.0850000008940697
0.3766763136620857,0.0850000008940697,0.0850000008940697
0.3767763338722716,0.0850000008940697,0.0850000008940697
0.3768763540824576,0.0850000008940697,0.0850000008940697
0.3769763742926435,0.0850000008940697,0.0850000008940697
0.3770763945028294,0.0850000008940697,0.0850000008940697
0.3771764147130154,0.0850000008940697,0.0850000008940697
0.3772764349232013,0.0850000008940697,0.0850000008940697
0.3773764551333872,0.0850000008940697,0.0850000008940697
0.3774764753435731,0.0850000008940697,0.0850000008940697
0.3775764955537591,0.0850000008940697,0.0850000008940697
0.3776765157639450,0.0850000008940697,0.0850000008940697
0.3777765359741310,0.0850000008940697,0.0850000008940697
0.3778765561843169,0.0850000008940697,0.0850000008940697
0.3779765763945028,0.0850000008940697,0.0850000008940697
0.3780765966046887,0.0850000008940697,0.0850000008940697
0.3781766168148747,0.0850000008940697,0.0850000008940697
0.3782766370250606,0.0850000008940697,0.0850000008940697
0.3783766572352465,0.0850000008940697,0.0850000008940697
0.3784766774454325,0.0850000008940697,0.0850000008940697
0.3785766976556184,0.0850000008940697,0.0850000008940697
0.3786767178658044,0.0850000008940697,0.0850000008940697
0.3787767380759903,0.0850000008940697,0.0850000008940697
0.3788767582861762,0.0850000008940697,0.0850000008940697
0.3789767784963621,0.0850000008940697,0.0850000008940697
0.3790767987065481,0.0850000008940697,0.0850000008940697
0.3791768189167340,0.0850000008940697,0.0850000008940697
0.3792768391269200,0.0850000008940697,0.0850000008940697
0.3793768593371059,0.0850000008940697,0.0850000008940697
0.3794768795472919,0.0850000008940697,0.0850000008940697
0.3795768997574778,0.0850000008940697,0.0850000008940697
0.3796769199676637,0.0850000008940697,0.0850000008940697
0.3797769401778496,0.0850000008940697,0.0850000008940697
0.3798769603880356,0.0850000008940697,0.0850000008940697
0.3799769805982215,0.0850000008940697,0.0850000008940697
0.3800770008084075,0.0850000008940697,0.0850000008940697
0.3801770210185934,0.0850000008940697,0.0850000008940697
0.3802770412287793,0.0850000008940697,0.0850000008940697
0.3803770614389653,0.0850000008940697,0.0850000008940697
0.3804770816491512,0.0850000008940697,0.0850000008940697
0.3805771018593371,0.0850000008940697,0.0850000008940697
0.3806771220695230,0.0850000008940697,0.0850000008940697
0.3807771422797090,0.0850000008940697,0.0850000008940697
0.3808771624898949,0.0850000008940697,0.0850000008940697
0.3809771827000809,0.0850000008940697,0.0850000008940697
0.3810772029102668,0.0850000008940697,0.0850000008940697
0.3811772231204527,0.0850000008940697,0.0850000008940697
0.3812772433306387,0.0850000008940697,0.0850000008940697
0.3813772635408246,0.0850000008940697,0.0850000008940697
0.3814772837510105,0.0850000008940697,0.0850000008940697
0.3815773039611964,0.0850000008940697,0.0850000008940697
0.3816773241713824,0.0850000008940697,0.0850000008940697
0.3817773443815683,0.0850000008940697,0.0850000008940697
0.3818773645917543,0.0850000008940697,0.0850000008940697
0.3819773848019402,0.0850000008940697,0.0850000008940697
0.3820774050121261,0.0850000008940697,0.0850000008940697
0.3821774252223120,0.0850000008940697,0.0850000008940697
0.3822774454324980,0.0850000008940697,0.0850000008940697
0.3823774656426839,0.0850000008940697,0.0850000008940697
0.3824774858528698,0.0850000008940697,0.0850000008940697
0.3825775060630558,0.0850000008940697,0.0850000008940697
0.3826775262732417,0.0850000008940697,0.0850000008940697
0.3827775464834277,0.0850000008940697,0.0850000008940697
0.3828775666936136,0.0850000008940697,0.0850000008940697
0.3829775869037995,0.0850000008940697,0.0850000008940697
0.3830776071139854,0.0850000008940697,0.0850000008940697
0.3831776273241714,0.0850000008940697,0.0850000008940697
0.3832776475343573,0.0850000008940697,0.0850000008940697
0.3833776677445432,0.0850000008940697,0.0850000008940697
0.3834776879547291,0.0850000008940697,0.0850000008940697
0.3835777081649151,0.0850000008940697,0.0850000008940697
0.3836777283751010,0.0850000008940697,0.0850000008940697
0.3837777485852870,0.0850000008940697,0.0850000008940697
0.3838777687954730,0.0850000008940697,0.0850000008940697
0.3839777890056589,0.0850000008940697,0.0850000008940697
0.3840778092158448,0.0850000008940697,0.0850000008940697
0.3841778294260307,0.0850000008940697,0.0850000008940697
0.3842778496362167,0.0850000008940697,0.0850000008940697
0.3843778698464026,0.0850000008940697,0.0850000008940697
0.3844778900565886,0.0850000008940697,0.0850000008940697
0.3845779102667745,0.0850000008940697,0.0850000008940697
0.3846779304769604,0.0850000008940697,0.0850000008940697
0.3847779506871463,0.0850000008940697,0.0850000008940697
0.3848779708973323,0.0850000008940697,0.0850000008940697
0.3849779911075182,0.0850000008940697,0.0850000008940697
0.3850780113177041,0.0850000008940697,0.0850000008940697
0.3851780315278901,0.0850000008940697,0.0850000008940697
0.3852780517380760,0.0850000008940697,0.0850000008940697
0.3853780719482620,0.0850000008940697,0.0850000008940697
0.3854780921584479,0.0850000008940697,0.0850000008940697
0.3855781123686338,0.0850000008940697,0.0850000008940697
0.3856781325788197,0.0850000008940697,0.0850000008940697
0.3857781527890057,0.0850000008940697,0.0850000008940697
0.3858781729991916,0.0850000008940697,0.0850000008940697
0.3859781932093775,0.0850000008940697,0.0850000008940697
0.3860782134195634,0.0850000008940697,0.0850000008940697
0.3861782336297494,0.0850000008940697,0.0850000008940697
0.3862782538399353,0.0850000008940697,0.0850000008940697
0.3863782740501213,0.0850000008940697,0.0850000008940697
0.3864782942603072,0.0850000008940697,0.0850000008940697
0.3865783144704931,0.0850000008940697,0.0850000008940697
0.3866783346806791,0.0850000008940697,0.0850000008940697
0.3867783548908650,0.0850000008940697,0.0850000008940697
0.3868783751010509,0.0850000008940697,0.0850000008940697
0.3869783953112368,0.0850000008940697,0.0850000008940697
0.3870784155214228,0.0850000008940697,0.0850000008940697
0.3871784357316087,0.0850000008940697,0.0850000008940697
0.3872784559417947,0.0850000008940697,0.0850000008940697
0.3873784761519806,0.0850000008940697,0.0850000008940697
0.3874784963621665,0.0850000008940697,0.0850000008940697
0.3875785165723524,0.0850000008940697,0.0850000008940697
0.3876785367825384,0.0850000008940697,0.0850000008940697
0.3877785569927243,0.0850000008940697,0.0850000008940697
0.3878785772029102,0.0850000008940697,0.0850000008940697
0.3879785974130962,0.0850000008940697,0.0850000008940697
0.3880786176232821,0.0850000008940697,0.0850000008940697
0.3881786378334681,0.0850000008940697,0.0850000008940697
0.3882786580436540,0.0850000008940697,0.0850000008940697
0.3883786782538399,0.0850000008940697,0.0850000008940697
0.3884786984640258,0.0850000008940697,0.0850000008940697
0.3885787186742118,0.0850000008940697,0.0850000008940697
0.3886787388843977,0.0850000008940697,0.0850000008940697
0.3887787590945837,0.0850000008940697,0.0850000008940697
0.3888787793047696,0.0850000008940697,0.0850000008940697
0.3889787995149556,0.0850000008940697,0.0850000008940697
0.3890788197251415,0.0850000008940697,0.0850000008940697
0.3891788399353274,0.0850000008940697,0.0850000008940697
0.3892788601455134,0.0850000008940697,0.0850000008940697
0.3893788803556993,0.0850000008940697,0.0850000008940697
0.3894789005658852,0.0850000008940697,0.0850000008940697
0.3895789207760711,0.0850000008940697,0.0850000008940697
0.3896789409862571,0.0850000008940697,0.0850000008940697
0.3897789611964430,0.0850000008940697,0.0850000008940697
0.3898789814066290,0.0850000008940697,0.0850000008940697
0.3899790016168149,0.0850000008940697,0.0850000008940697
0.3900790218270008,0.0850000008940697,0.0850000008940697
0.3901790420371867,0.0850000008940697,0.0850000008940697
0.3902790622473727,0.0850000008940697,0.0850000008940697
0.3903790824575586,0.0850000008940697,0.0850000008940697
0.3904791026677445,0.0850000008940697,0.0850000008940697
0.3905791228779305,0.0850000008940697,0.0850000008940697
0.3906791430881164,0.0850000008940697,0.0850000008940697
0.3907791632983024,0.0850000008940697,0.0850000008940697
0.3908791835084883,0.0850000008940697,0.0850000008940697
0.3909792037186742,0.0850000008940697,0.0850000008940697
0.3910792239288601,0.0850000008940697,0.0850000008940697
0.3911792441390461,0.0850000008940697,0.0850000008940697
0.3912792643492320,0.0850000008940697,0.0850000008940697
0.3913792845594180,0.0850000008940697,0.0850000008940697
0.3914793047696039,0.0850000008940697,0.0850000008940697
0.3915793249797898,0.0850000008940697,0.0850000008940697
0.3916793451899758,0.0850000008940697,0.0850000008940697
0.3917793654001617,0.0850000008940697,0.0850000008940697
0.3918793856103476,0.0850000008940697,0.0850000008940697
0.3919794058205335,0.0850000008940697,0.0850000008940697
0.3920794260307195,0.0850000008940697,0.0850000008940697
0.3921794462409054,0.0850000008940697,0.0850000008940697
0.3922794664510914,0.0850000008940697,0.0850000008940697
0.3923794866612773,0.0850000008940697,0.0850000008940697
0.3924795068714632,0.0850000008940697,0.0850000008940697
0.3925795270816491,0.0850000008940697,0.0850000008940697
0.3926795472918351,0.0850000008940697,0.0850000008940697
0.3927795675020210,0.0850000008940697,0.0850000008940697
0.3928795877122069,0.0850000008940697,0.0850000008940697
0.3929796079223929,0.0850000008940697,0.0850000008940697
0.3930796281325788,0.0850000008940697,0.0850000008940697
0.3931796483427648,0.0850000008940697,0.0850000008940697
0.3932796685529507,0.0850000008940697,0.0850000008940697
0.3933796887631366,0.0850000008940697,0.0850000008940697
0.3934797089733225,0.0850000008940697,0.0850000008940697
0.3935797291835085,0.0850000008940697,0.0850000008940697
0.3936797493936944,0.0850000008940697,0.0850000008940697
0.3937797696038804,0.0850000008940697,0.0850000008940697
0.3938797898140663,0.0850000008940697,0.0850000008940697
0.3939798100242523,0.0850000008940697,0.0850000008940697
0.3940798302344382,0.0850000008940697,0.0850000008940697
0.3941798504446241,0.0850000008940697,0.0850000008940697
0.3942798706548101,0.0850000008940697,0.0850000008940697
0.3943798908649960,0.0850000008940697,0.0850000008940697
0.3944799110751819,0.0850000008940697,0.0850000008940697
0.3945799312853678,0.0850000008940697,0.0850000008940697
0.3946799514955538,0.0850000008940697,0.0850000008940697
0.3947799717057397,0.0850000008940697,0.0850000008940697
0.3948799919159257,0.0850000008940697,0.0850000008940697
0.3949800121261116,0.0850000008940697,0.0850000008940697
0.3950800323362975,0.0850000008940697,0.0850000008940697
0.3951800525464834,0.0850000008940697,0.0850000008940697
0.3952800727566694,0.0850000008940697,0.0850000008940697
0.3953800929668553,0.0850000008940697,0.0850000008940697
0.3954801131770412,0.0850000008940697,0.0850000008940697
0.3955801333872272,0.0850000008940697,0.0850000008940697
0.3956801535974131,0.0850000008940697,0.0850000008940697
0.3957801738075991,0.0850000008940697,0.0850000008940697
0.3958801940177850,0.0850000008940697,0.0850000008940697
0.3959802142279709,0.0850000008940697,0.0850000008940697
0.3960802344381568,0.0850000008940697,0.0850000008940697
0.3961802546483428,0.0850000008940697,0.0850000008940697
0.3962802748585287,0.0850000008940697,0.0850000008940697
0.3963802950687146,0.0850000008940697,0.0850000008940697
0.3964803152789005,0.0850000008940697,0.0850000008940697
0.3965803354890865,0.0850000008940697,0.0850000008940697
0.3966803556992724,0.0850000008940697,0.0850000008940697
0.3967803759094584,0.0850000008940697,0.0850000008940697
0.3968803961196443,0.0850000008940697,0.0850000008940697
0.3969804163298302,0.0850000008940697,0.0850000008940697
0.3970804365400162,0.0850000008940697,0.0850000008940697
0.3971804567502021,0.0850000008940697,0.0850000008940697
0.3972804769603880,0.0850000008940697,0.0850000008940697
0.3973804971705739,0.0850000008940697,0.0850000008940697
0.3974805173807599,0.0850000008940697,0.0850000008940697
0.3975805375909458,0.0850000008940697,0.0850000008940697
0.3976805578011318,0.0850000008940697,0.0850000008940697
0.3977805780113177,0.0850000008940697,0.0850000008940697
0.3978805982215036,0.0850000008940697,0.0850000008940697
0.3979806184316895,0.0850000008940697,0.0850000008940697
0.3980806386418755,0.0850000008940697,0.0850000008940697
0.3981806588520614,0.0850000008940697,0.0850000008940697
0.3982806790622474,0.0850000008940697,0.0850000008940697
0.3983806992724334,0.0850000008940697,0.0850000008940697
0.3984807194826193,0.0850000008940697,0.0850000008940697
0.3985807396928052,0.0850000008940697,0.0850000008940697
0.3986807599029911,0.0850000008940697,0.0850000008940697
0.3987807801131771,0.0850000008940697,0.0850000008940697
0.3988808003233630,0.0850000008940697,0.0850000008940697
0.3989808205335489,0.0850000008940697,0.0850000008940697
0.3990808407437348,0.0850000008940697,0.0850000008940697
0.3991808609539208,0.0850000008940697,0.0850000008940697
0.3992808811641067,0.0850000008940697,0.0850000008940697
0.3993809013742927,0.0850000008940697,0.0850000008940697
0.3994809215844786,0.0850000008940697,0.0850000008940697
0.3995809417946645,0.0850000008940697,0.0850000008940697
0.3996809620048505,0.0850000008940697,0.0850000008940697
0.3997809822150364,0.0850000008940697,0.0850000008940697
0.3998810024252223,0.0850000008940697,0.0850000008940697
0.3999810226354082,0.0850000008940697,0.0850000008940697
0.4000810428455942,0.0850000008940697,0.0850000008940697
0.4001810630557801,0.0850000008940697,0.0850000008940697
0.4002810832659661,0.0850000008940697,0.0850000008940697
0.4003811034761520,0.0850000008940697,0.0850000008940697
0.4004811236863379,0.0850000008940697,0.0850000008940697
0.4005811438965238,0.0850000008940697,0.0850000008940697
0.4006811641067098,0.0850000008940697,0.0850000008940697
0.4007811843168957,0.0850000008940697,0.0850000008940697
0.4008812045270816,0.0850000008940697,0.0850000008940697
0.4009812247372676,0.0850000008940697,0.0850000008940697
0.4010812449474535,0.0850000008940697,0.0850000008940697
0.4011812651576395,0.0850000008940697,0.0850000008940697
0.4012812853678254,0.0850000008940697,0.0850000008940697
0.4013813055780113,0.0850000008940697,0.0850000008940697
0.4014813257881972,0.0850000008940697,0.0850000008940697
0.4015813459983832,0.0850000008940697,0.0850000008940697
0.4016813662085691,0.0850000008940697,0.0850000008940697
0.4017813864187550,0.0850000008940697,0.0850000008940697
0.4018814066289410,0.0850000008940697,0.0850000008940697
0.4019814268391269,0.0850000008940697,0.0850000008940697
0.4020814470493128,0.0850000008940697,0.0850000008940697
0.4021814672594988,0.0850000008940697,0.0850000008940697
0.4022814874696847,0.0850000008940697,0.0850000008940697
0.4023815076798706,0.0850000008940697,0.0850000008940697
0.4024815278900566,0.0850000008940697,0.0850000008940697
0.4025815481002425,0.0850000008940697,0.0850000008940697
0.4026815683104285,0.0850000008940697,0.0850000008940697
0.4027815885206144,0.0850000008940697,0.0850000008940697
0.4028816087308003,0.0850000008940697,0.0850000008940697
0.4029816289409862,0.0850000008940697,0.0850000008940697
0.4030816491511722,0.0850000008940697,0.0850000008940697
0.4031816693613581,0.0850000008940697,0.0850000008940697
0.4032816895715441,0.0850000008940697,0.0850000008940697
0.4033817097817300,0.0850000008940697,0.0850000008940697
0.4034817299919159,0.0850000008940697,0.0850000008940697
0.4035817502021019,0.0850000008940697,0.0850000008940697
0.4036817704122878,0.0850000008940697,0.0850000008940697
0.4037817906224738,0.0850000008940697,0.0850000008940697
0.4038818108326597,0.0850000008940697,0.0850000008940697
0.4039818310428456,0.0850000008940697,0.0850000008940697
0.4040818512530315,0.0850000008940697,0.0850000008940697
0.4041818714632175,0.0850000008940697,0.0850000008940697
0.4042818916734034,0.0850000008940697,0.0850000008940697
0.4043819118835894,0.0850000008940697,0.0850000008940697
0.4044819320937753,0.0850000008940697,0.0850000008940697
0.4045819523039612,0.0850000008940697,0.0850000008940697
0.4046819725141471,0.0850000008940697,0.0850000008940697
0.4047819927243331,0.0850000008940697,0.0850000008940697
0.4048820129345190,0.0850000008940697,0.0850000008940697
0.4049820331447049,0.0850000008940697,0.0850000008940697
0.4050820533548909,0.0850000008940697,0.0850000008940697
0.4051820735650768,0.0850000008940697,0.0850000008940697
0.4052820937752628,0.0850000008940697,0.0850000008940697
0.4053821139854487,0.0850000008940697,0.0850000008940697
0.4054821341956346,0.0850000008940697,0.0850000008940697
0.4055821544058205,0.0850000008940697,0.0850000008940697
0.4056821746160065,0.0850000008940697,0.0850000008940697
0.4057821948261924,0.0850000008940697,0.0850000008940697
0.4058822150363783,0.0850000008940697,0.0850000008940697
0.4059822352465642,0.0850000008940697,0.0850000008940697
0.4060822554567502,0.0850000008940697,0.0850000008940697
0.4061822756669362,0.0850000008940697,0.0850000008940697
0.4062822958771221,0.0850000008940697,0.0850000008940697
0.4063823160873080,0.0850000008940697,0.0850000008940697
0.4064823362974939,0.0850000008940697,0.0850000008940697
0.4065823565076799,0.0850000008940697,0.0850000008940697
0.4066823767178658,0.0850000008940697,0.0850000008940697
0.4067823969280517,0.0850000008940697,0.0850000008940697
0.4068824171382376,0.0850000008940697,0.0850000008940697
0.4069824373484236,0.0850000008940697,0.0850000008940697
0.4070824575586095,0.0850000008940697,0.0850000008940697
0.4071824777687955,0.0850000008940697,0.0850000008940697
0.4072824979789814,0.0850000008940697,0.0850000008940697
0.4073825181891673,0.0850000008940697,0.0850000008940697
0.4074825383993533,0.0850000008940697,0.0850000008940697
0.4075825586095392,0.0850000008940697,0.0850000008940697
0.4076825788197251,0.0850000008940697,0.0850000008940697
0.4077825990299110,0.0850000008940697,0.0850000008940697
0.4078826192400971,0.0850000008940697,0.0850000008940697
0.4079826394502830,0.0850000008940697,0.0850000008940697
0.4080826596604689,0.0850000008940697,0.0850000008940697
0.4081826798706548,0.0850000008940697,0.0850000008940697
0.4082827000808408,0.0850000008940697,0.0850000008940697
0.4083827202910267,0.0850000008940697,0.0850000008940697
0.4084827405012126,0.0850000008940697,0.0850000008940697
0.4085827607113985,0.0850000008940697,0.0850000008940697
0.4086827809215845,0.0850000008940697,0.0850000008940697
0.4087828011317705,0.0850000008940697,0.0850000008940697
0.4088828213419564,0.0850000008940697,0.0850000008940697
0.4089828415521423,0.0850000008940697,0.0850000008940697
0.4090828617623282,0.0850000008940697,0.0850000008940697
0.4091828819725142,0.0850000008940697,0.0850000008940697
0.4092829021827001,0.0850000008940697,0.0850000008940697
0.4093829223928860,0.0850000008940697,0.0850000008940697
0.4094829426030719,0.0850000008940697,0.0850000008940697
0.4095829628132579,0.0850000008940697,0.0850000008940697
0.4096829830234438,0.0850000008940697,0.0850000008940697
0.4097830032336298,0.0850000008940697,0.0850000008940697
0.4098830234438157,0.0850000008940697,0.0850000008940697
0.4099830436540016,0.0850000008940697,0.0850000008940697
0.4100830638641876,0.0850000008940697,0.0850000008940697
0.4101830840743735,0.0850000008940697,0.0850000008940697
0.4102831042845594,0.0850000008940697,0.0850000008940697
0.4103831244947453,0.0850000008940697,0.0850000008940697
0.4104831447049313,0.0850000008940697,0.0850000008940697
0.4105831649151172,0.0850000008940697,0.0850000008940697
0.4106831851253032,0.0850000008940697,0.0850000008940697
0.4107832053354891,0.0850000008940697,0.0850000008940697
0.4108832255456750,0.0850000008940697,0.0850000008940697
0.4109832457558609,0.0850000008940697,0.0850000008940697
0.4110832659660469,0.0850000008940697,0.0850000008940697
0.4111832861762328,0.0850000008940697,0.0850000008940697
0.4112833063864187,0.0850000008940697,0.0850000008940697
0.4113833265966047,0.0850000008940697,0.0850000008940697
0.4114833468067906,0.0850000008940697,0.0850000008940697
0.4115833670169766,0.0850000008940697,0.0850000008940697
0.4116833872271625,0.0850000008940697,0.0850000008940697
0.4117834074373484,0.0850000008940697,0.0850000008940697
0.4118834276475343,0.0850000008940697,0.0850000008940697
0.4119834478577203,0.0850000008940697,0.0850000008940697
0.4120834680679062,0.0850000008940697,0.0850000008940697
0.4121834882780921,0.0850000008940697,0.0850000008940697
0.4122835084882780,0.0850000008940697,0.0850000008940697
0.4123835286984640,0.0850000008940697,0.0850000008940697
0.4124835489086499,0.0850000008940697,0.0850000008940697
0.4125835691188359,0.0850000008940697,0.0850000008940697
0.4126835893290219,0.0850000008940697,0.0850000008940697
0.4127836095392078,0.0850000008940697,0.0850000008940697
0.4128836297493937,0.0850000008940697,0.0850000008940697
0.4129836499595796,0.0850000008940697,0.0850000008940697
0.4130836701697656,0.0850000008940697,0.0850000008940697
0.4131836903799515,0.0850000008940697,0.0850000008940697
0.4132837105901375,0.0850000008940697,0.0850000008940697
0.4133837308003234,0.0850000008940697,0.0850000008940697
0.4134837510105093,0.0850000008940697,0.0850000008940697
0.4135837712206952,0.0850000008940697,0.0850000008940697
0.4136837914308812,0.0850000008940697,0.0850000008940697
0.4137838116410671,0.0850000008940697,0.0850000008940697
0.4138838318512530,0.0850000008940697,0.0850000008940697
0.4139838520614390,0.0850000008940697,0.0850000008940697
0.4140838722716249,0.0850000008940697,0.0850000008940697
0.4141838924818109,0.0850000008940697,0.0850000008940697
0.4142839126919968,0.0850000008940697,0.0850000008940697
0.4143839329021827,0.0850000008940697,0.0850000008940697
0.4144839531123686,0.0850000008940697,0.0850000008940697
0.4145839733225546,0.0850000008940697,0.0850000008940697
0.4146839935327405,0.0850000008940697,0.0850000008940697
0.4147840137429264,0.0850000008940697,0.0850000008940697
0.4148840339531124,0.0850000008940697,0.0850000008940697
0.4149840541632983,0.0850000008940697,0.0850000008940697
0.4150840743734842,0.0850000008940697,0.0850000008940697
0.4151840945836702,0.0850000008940697,0.0850000008940697
0.4152841147938561,0.0850000008940697,0.0850000008940697
0.4153841350040420,0.0850000008940697,0.0850000008940697
0.4154841552142280,0.0850000008940697,0.0850000008940697
0.4155841754244139,0.0850000008940697,0.0850000008940697
0.4156841956345999,0.0850000008940697,0.0850000008940697
0.4157842158447858,0.0850000008940697,0.0850000008940697
0.4158842360549717,0.0850000008940697,0.0850000008940697
0.4159842562651576,0.0850000008940697,0.0850000008940697
0.4160842764753436,0.0850000008940697,0.0850000008940697
0.4161842966855295,0.0850000008940697,0.0850000008940697
0.4162843168957154,0.0850000008940697,0.0850000008940697
0.4163843371059013,0.0850000008940697,0.0850000008940697
0.4164843573160873,0.0850000008940697,0.0850000008940697
0.4165843775262733,0.0850000008940697,0.0850000008940697
0.4166843977364592,0.0850000008940697,0.0850000008940697
0.4167844179466451,0.0850000008940697,0.0850000008940697
0.4168844381568310,0.0850000008940697,0.0850000008940697
0.4169844583670170,0.0850000008940697,0.0850000008940697
0.4170844785772029,0.0850000008940697,0.0850000008940697
0.4171844987873888,0.0850000008940697,0.0850000008940697
0.4172845189975747,0.0850000008940697,0.0850000008940697
0.4173845392077608,0.0850000008940697,0.0850000008940697
0.4174845594179467,0.0850000008940697,0.0850000008940697
0.4175845796281326,0.0850000008940697,0.0850000008940697
0.4176845998383185,0.0850000008940697,0.0850000008940697
0.4177846200485045,0.0850000008940697,0.0850000008940697
0.4178846402586904,0.0850000008940697,0.0850000008940697
0.4179846604688763,0.0850000008940697,0.0850000008940697
0.4180846806790623,0.0850000008940697,0.0850000008940697
0.4181847008892482,0.0850000008940697,0.0850000008940697
0.4182847210994342,0.0850000008940697,0.0850000008940697
0.4183847413096201,0.0850000008940697,0.0850000008940697
0.4184847615198060,0.0850000008940697,0.0850000008940697
0.4185847817299919,0.0850000008940697,0.0850000008940697
0.4186848019401779,0.0850000008940697,0.0850000008940697
0.4187848221503638,0.0850000008940697,0.0850000008940697
0.4188848423605497,0.0850000008940697,0.0850000008940697
0.4189848625707356,0.0850000008940697,0.0850000008940697
0.4190848827809216,0.0850000008940697,0.0850000008940697
0.4191849029911075,0.0850000008940697,0.0850000008940697
0.4192849232012935,0.0850000008940697,0.0850000008940697
0.4193849434114794,0.0850000008940697,0.0850000008940697
0.4194849636216653,0.0850000008940697,0.0850000008940697
0.4195849838318513,0.0850000008940697,0.0850000008940697
0.4196850040420372,0.0850000008940697,0.0850000008940697
0.4197850242522231,0.0850000008940697,0.0850000008940697
0.4198850444624090,0.0850000008940697,0.0850000008940697
0.4199850646725950,0.0850000008940697,0.0850000008940697
0.4200850848827809,0.0850000008940697,0.0850000008940697
0.4201851050929669,0.0850000008940697,0.0850000008940697
0.4202851253031528,0.0850000008940697,0.0850000008940697
0.4203851455133387,0.0850000008940697,0.0850000008940697
0.4204851657235246,0.0850000008940697,0.0850000008940697
0.4205851859337106,0.0850000008940697,0.0850000008940697
0.4206852061438965,0.0850000008940697,0.0850000008940697
0.4207852263540824,0.0850000008940697,0.0850000008940697
0.4208852465642684,0.0850000008940697,0.0850000008940697
0.4209852667744543,0.0850000008940697,0.0850000008940697
0.4210852869846403,0.0850000008940697,0.0850000008940697
0.4211853071948262,0.0850000008940697,0.0850000008940697
0.4212853274050121,0.0850000008940697,0.0850000008940697
0.4213853476151980,0.0850000008940697,0.0850000008940697
0.4214853678253840,0.0850000008940697,0.0850000008940697
0.4215853880355699,0.0850000008940697,0.0850000008940697
0.4216854082457558,0.0850000008940697,0.0850000008940697
0.4217854284559417,0.0850000008940697,0.0850000008940697
0.4218854486661277,0.0850000008940697,0.0850000008940697
0.4219854688763137,0.0850000008940697,0.0850000008940697
0.4220854890864996,0.0850000008940697,0.0850000008940697
0.4221855092966856,0.0850000008940697,0.0850000008940697
0.4222855295068715,0.0850000008940697,0.0850000008940697
0.4223855497170574,0.0850000008940697,0.0850000008940697
0.4224855699272433,0.0850000008940697,0.0850000008940697
0.4225855901374293,0.0850000008940697,0.0850000008940697
0.4226856103476152,0.0850000008940697,0.0850000008940697
0.4227856305578012,0.0850000008940697,0.0850000008940697
0.4228856507679871,0.0850000008940697,0.0850000008940697
0.4229856709781730,0.0850000008940697,0.0850000008940697
0.4230856911883589,0.0850000008940697,0.0850000008940697
0.4231857113985449,0.0850000008940697,0.0850000008940697
0.4232857316087308,0.0850000008940697,0.0850000008940697
0.4233857518189167,0.0850000008940697,0.0850000008940697
0.4234857720291027,0.0850000008940697,0.0850000008940697
0.4235857922392886,0.0850000008940697,0.0850000008940697
0.4236858124494746,0.0850000008940697,0.0850000008940697
0.4237858326596605,0.0850000008940697,0.0850000008940697
0.4238858528698464,0.0850000008940697,0.0850000008940697
0.4239858730800323,0.0850000008940697,0.0850000008940697
0.4240858932902183,0.0850000008940697,0.0850000008940697
0.4241859135004042,0.0850000008940697,0.0850000008940697
0.4242859337105901,0.0850000008940697,0.0850000008940697
0.4243859539207760,0.0850000008940697,0.0850000008940697
0.4244859741309620,0.0850000008940697,0.0850000008940697
0.4245859943411480,0.0850000008940697,0.0850000008940697
0.4246860145513339,0.0850000008940697,0.0850000008940697
0.4247860347615198,0.0850000008940697,0.0850000008940697
0.4248860549717057,0.0850000008940697,0.0850000008940697
0.4249860751818917,0.0850000008940697,0.0850000008940697
0.4250860953920776,0.0850000008940697,0.0850000008940697
0.4251861156022635,0.0850000008940697,0.0850000008940697
0.4252861358124495,0.0850000008940697,0.0850000008940697
0.4253861560226354,0.0850000008940697,0.0850000008940697
0.4254861762328213,0.0850000008940697,0.0850000008940697
0.4255861964430073,0.0850000008940697,0.0850000008940697
0.4256862166531932,0.0850000008940697,0.0850000008940697
0.4257862368633791,0.0850000008940697,0.0850000008940697
0.4258862570735651,0.0850000008940697,0.0850000008940697
0.4259862772837510,0.0850000008940697,0.0850000008940697
0.4260862974939369,0.0850000008940697,0.0850000008940697
0.4261863177041229,0.0850000008940697,0.0850000008940697
0.4262863379143088,0.0850000008940697,0.0850000008940697
0.4263863581244947,0.0850000008940697,0.0850000008940697
0.4264863783346807,0.0850000008940697,0.0850000008940697
0.4265863985448666,0.0850000008940697,0.0850000008940697
0.4266864187550525,0.0850000008940697,0.0850000008940697
0.4267864389652384,0.0850000008940697,0.0850000008940697
0.4268864591754244,0.0850000008940697,0.0850000008940697
0.4269864793856103,0.0850000008940697,0.0850000008940697
0.4270864995957963,0.0850000008940697,0.0850000008940697
0.4271865198059823,0.0850000008940697,0.0850000008940697
0.4272865400161682,0.0850000008940697,0.0850000008940697
0.4273865602263541,0.0850000008940697,0.0850000008940697
0.4274865804365400,0.0850000008940697,0.0850000008940697
0.4275866006467260,0.0850000008940697,0.0850000008940697
0.4276866208569119,0.0850000008940697,0.0850000008940697
0.4277866410670979,0.0850000008940697,0.0850000008940697
0.4278866612772838,0.0850000008940697,0.0850000008940697
0.4279866814874697,0.0850000008940697,0.0850000008940697
0.4280867016976556,0.0850000008940697,0.0850000008940697
0.4281867219078416,0.0850000008940697,0.0850000008940697
0.4282867421180275,0.0850000008940697,0.0850000008940697
0.4283867623282134,0.0850000008940697,0.0850000008940697
0.4284867825383994,0.0850000008940697,0.0850000008940697
0.4285868027485853,0.0850000008940697,0.0850000008940697
0.4286868229587713,0.0850000008940697,0.0850000008940697
0.4287868431689572,0.0850000008940697,0.0850000008940697
0.4288868633791431,0.0850000008940697,0.0850000008940697
0.4289868835893290,0.0850000008940697,0.0850000008940697
0.4290869037995150,0.0850000008940697,0.0850000008940697
0.4291869240097009,0.0850000008940697,0.0850000008940697
0.4292869442198868,0.0850000008940697,0.0850000008940697
0.4293869644300727,0.0850000008940697,0.0850000008940697
0.4294869846402587,0.0850000008940697,0.0850000008940697
0.4295870048504446,0.0850000008940697,0.0850000008940697
0.4296870250606306,0.0850000008940697,0.0850000008940697
0.4297870452708165,0.0850000008940697,0.0850000008940697
0.4298870654810024,0.0850000008940697,0.0850000008940697
0.4299870856911884,0.0850000008940697,0.0850000008940697
0.4300871059013743,0.0850000008940697,0.0850000008940697
0.4301871261115602,0.0850000008940697,0.0850000008940697
0.4302871463217461,0.0850000008940697,0.0850000008940697
0.4303871665319321,0.0850000008940697,0.0850000008940697
0.4304871867421180,0.0850000008940697,0.0850000008940697
0.4305872069523040,0.0850000008940697,0.0850000008940697
0.4306872271624899,0.0850000008940697,0.0850000008940697
0.4307872473726758,0.0850000008940697,0.0850000008940697
0.4308872675828617,0.0850000008940697,0.0850000008940697
0.4309872877930477,0.0850000008940697,0.0850000008940697
0.4310873080032336,0.0850000008940697,0.0850000008940697
0.4311873282134195,0.0850000008940697,0.0850000008940697
0.4312873484236055,0.0850000008940697,0.0850000008940697
0.4313873686337914,0.0850000008940697,0.0850000008940697
0.4314873888439774,0.0850000008940697,0.0850000008940697
0.4315874090541633,0.0850000008940697,0.0850000008940697
0.4316874292643492,0.0850000008940697,0.0850000008940697
0.4317874494745352,0.0850000008940697,0.0850000008940697
0.4318874696847211,0.0850000008940697,0.0850000008940697
0.4319874898949070,0.0850000008940697,0.0850000008940697
0.4320875101050930,0.0850000008940697,0.0850000008940697
0.4321875303152789,0.0850000008940697,0.0850000008940697
0.4322875505254649,0.0850000008940697,0.0850000008940697
0.4323875707356508,0.0850000008940697,0.0850000008940697
0.4324875909458367,0.0850000008940697,0.0850000008940697
0.4325876111560227,0.0850000008940697,0.0850000008940697
0.4326876313662086,0.0850000008940697,0.0850000008940697
0.4327876515763945,0.0850000008940697,0.0850000008940697
0.4328876717865804,0.0850000008940697,0.0850000008940697
0.4329876919967664,0.0850000008940697,0.0850000008940697
0.4330877122069523,0.0850000008940697,0.0850000008940697
0.4331877324171383,0.0850000008940697,0.0850000008940697
0.4332877526273242,0.0850000008940697,0.0850000008940697
0.4333877728375101,0.0850000008940697,0.0850000008940697
0.4334877930476960,0.0850000008940697,0.0850000008940697
0.4335878132578820,0.0850000008940697,0.0850000008940697
0.4336878334680679,0.0850000008940697,0.0850000008940697
0.4337878536782538,0.0850000008940697,0.0850000008940697
0.4338878738884398,0.0850000008940697,0.0850000008940697
0.4339878940986257,0.0850000008940697,0.0850000008940697
0.4340879143088117,0.0850000008940697,0.0850000008940697
0.4341879345189976,0.0850000008940697,0.0850000008940697
0.4342879547291835,0.0850000008940697,0.0850000008940697
0.4343879749393694,0.0850000008940697,0.0850000008940697
0.4344879951495554,0.0850000008940697,0.0850000008940697
0.4345880153597413,0.0850000008940697,0.0850000008940697
0.4346880355699272,0.0850000008940697,0.0850000008940697
0.4347880557801131,0.0850000008940697,0.0850000008940697
0.4348880759902991,0.0850000008940697,0.0850000008940697
0.4349880962004851,0.0850000008940697,0.0850000008940697
0.4350881164106710,0.0850000008940697,0.0850000008940697
0.4351881366208569,0.0850000008940697,0.0850000008940697
0.4352881568310428,0.0850000008940697,0.0850000008940697
0.4353881770412288,0.0850000008940697,0.0850000008940697
0.4354881972514147,0.0850000008940697,0.0850000008940697
0.4355882174616006,0.0850000008940697,0.0850000008940697
0.4356882376717865,0.0850000008940697,0.0850000008940697
0.4357882578819725,0.0850000008940697,0.0850000008940697
0.4358882780921584,0.0850000008940697,0.0850000008940697
0.4359882983023444,0.0850000008940697,0.0850000008940697
0.4360883185125303,0.0850000008940697,0.0850000008940697
0.4361883387227162,0.0850000008940697,0.0850000008940697
0.4362883589329022,0.0850000008940697,0.0850000008940697
0.4363883791430881,0.0850000008940697,0.0850000008940697
0.4364883993532741,0.0850000008940697,0.0850000008940697
0.4365884195634600,0.0850000008940697,0.0850000008940697
0.4366884397736460,0.0850000008940697,0.0850000008940697
0.4367884599838319,0.0850000008940697,0.0850000008940697
0.4368884801940178,0.0850000008940697,0.0850000008940697
0.4369885004042037,0.0850000008940697,0.0850000008940697
0.4370885206143897,0.0850000008940697,0.0850000008940697
0.4371885408245756,0.0850000008940697,0.0850000008940697
0.4372885610347615,0.0850000008940697,0.0850000008940697
0.4373885812449474,0.0850000008940697,0.0850000008940697
0.4374886014551334,0.0850000008940697,0.0850000008940697
0.4375886216653194,0.0850000008940697,0.0850000008940697
0.4376886418755053,0.0850000008940697,0.0850000008940697
0.4377886620856912,0.0850000008940697,0.0850000008940697
0.4378886822958771,0.0850000008940697,0.0850000008940697
0.4379887025060631,0.0850000008940697,0.0850000008940697
0.4380887227162490,0.0850000008940697,0.0850000008940697
0.4381887429264349,0.0850000008940697,0.0850000008940697
0.4382887631366209,0.0850000008940697,0.0850000008940697
0.4383887833468068,0.0850000008940697,0.0850000008940697
0.4384888035569927,0.0850000008940697,0.0850000008940697
0.4385888237671787,0.0850000008940697,0.0850000008940697
0.4386888439773646,0.0850000008940697,0.0850000008940697
0.4387888641875505,0.0850000008940697,0.0850000008940697
0.4388888843977365,0.0850000008940697,0.0850000008940697
0.4389889046079224,0.0850000008940697,0.0850000008940697
0.4390889248181084,0.0850000008940697,0.0850000008940697
0.4391889450282943,0.0850000008940697,0.0850000008940697
0.4392889652384802,0.0850000008940697,0.0850000008940697
0.4393889854486661,0.0850000008940697,0.0850000008940697
0.4394890056588521,0.0850000008940697,0.0850000008940697
0.4395890258690380,0.0850000008940697,0.0850000008940697
0.4396890460792239,0.0850000008940697,0.0850000008940697
0.4397890662894098,0.0850000008940697,0.0850000008940697
0.4398890864995958,0.0850000008940697,0.0850000008940697
0.4399891067097817,0.0850000008940697,0.0850000008940697
0.4400891269199677,0.0850000008940697,0.0850000008940697
0.4401891471301536,0.0850000008940697,0.0850000008940697
0.4402891673403395,0.0850000008940697,0.0850000008940697
0.4403891875505255,0.0850000008940697,0.0850000008940697
0.4404892077607114,0.0850000008940697,0.0850000008940697
0.4405892279708973,0.0850000008940697,0.0850000008940697
0.4406892481810832,0.0850000008940697,0.0850000008940697
0.4407892683912692,0.0850000008940697,0.0850000008940697
0.4408892886014551,0.0850000008940697,0.0850000008940697
0.4409893088116411,0.0850000008940697,0.0850000008940697
0.4410893290218270,0.0850000008940697,0.0850000008940697
0.4411893492320129,0.0850000008940697,0.0850000008940697
0.4412893694421988,0.0850000008940697,0.0850000008940697
0.4413893896523848,0.0850000008940697,0.0850000008940697
0.4414894098625707,0.0850000008940697,0.0850000008940697
0.4415894300727567,0.0850000008940697,0.0850000008940697
0.4416894502829427,0.0850000008940697,0.0850000008940697
0.4417894704931286,0.0850000008940697,0.0850000008940697
0.4418894907033145,0.0850000008940697,0.0850000008940697
0.4419895109135004,0.0850000008940697,0.0850000008940697
0.4420895311236864,0.0850000008940697,0.0850000008940697
0.4421895513338723,0.0850000008940697,0.0850000008940697
0.4422895715440582,0.0850000008940697,0.0850000008940697
0.4423895917542441,0.0850000008940697,0.0850000008940697
0.4424896119644301,0.0850000008940697,0.0850000008940697
0.4425896321746160,0.0850000008940697,0.0850000008940697
0.4426896523848020,0.0850000008940697,0.0850000008940697
0.4427896725949879,0.0850000008940697,0.0850000008940697
0.4428896928051738,0.0850000008940697,0.0850000008940697
0.4429897130153598,0.0850000008940697,0.0850000008940697
0.4430897332255457,0.0850000008940697,0.0850000008940697
0.4431897534357316,0.0850000008940697,0.0850000008940697
0.4432897736459175,0.0850000008940697,0.0850000008940697
0.4433897938561035,0.0850000008940697,0.0850000008940697
0.4434898140662894,0.0850000008940697,0.0850000008940697
0.4435898342764754,0.0850000008940697,0.0850000008940697
0.4436898544866613,0.0850000008940697,0.0850000008940697
0.4437898746968472,0.0850000008940697,0.0850000008940697
0.4438898949070331,0.0850000008940697,0.0850000008940697
0.4439899151172191,0.0850000008940697,0.0850000008940697
0.4440899353274050,0.0850000008940697,0.0850000008940697
0.4441899555375909,0.0850000008940697,0.0850000008940697
0.4442899757477769,0.0850000008940697,0.0850000008940697
0.4443899959579628,0.0850000008940697,0.0850000008940697
0.4444900161681488,0.0850000008940697,0.0850000008940697
0.4445900363783347,0.0850000008940697,0.0850000008940697
0.4446900565885206,0.0850000008940697,0.0850000008940697
0.4447900767987065,0.0850000008940697,0.0850000008940697
0.4448900970088925,0.0850000008940697,0.0850000008940697
0.4449901172190784,0.0850000008940697,0.0850000008940697
0.4450901374292643,0.0850000008940697,0.0850000008940697
0.4451901576394502,0.0850000008940697,0.0850000008940697
0.4452901778496362,0.0850000008940697,0.0850000008940697
0.4453901980598221,0.0850000008940697,0.0850000008940697
0.4454902182700081,0.0850000008940697,0.0850000008940697
0.4455902384801940,0.0850000008940697,0.0850000008940697
0.4456902586903799,0.0850000008940697,0.0850000008940697
0.4457902789005659,0.0850000008940697,0.0850000008940697
0.4458902991107518,0.0850000008940697,0.0850000008940697
0.4459903193209377,0.0850000008940697,0.0850000008940697
0.4460903395311236,0.0850000008940697,0.0850000008940697
0.4461903597413097,0.0850000008940697,0.0850000008940697
0.4462903799514956,0.0850000008940697,0.0850000008940697
0.4463904001616815,0.0850000008940697,0.0850000008940697
0.4464904203718674,0.0850000008940697,0.0850000008940697
0.4465904405820534,0.0850000008940697,0.0850000008940697
0.4466904607922393,0.0850000008940697,0.0850000008940697
0.4467904810024252,0.0850000008940697,0.0850000008940697
0.4468905012126112,0.0850000008940697,0.0850000008940697
0.4469905214227971,0.0850000008940697,0.0850000008940697
0.4470905416329831,0.0850000008940697,0.0850000008940697
0.4471905618431690,0.0850000008940697,0.0850000008940697
0.4472905820533549,0.0850000008940697,0.0850000008940697
0.4473906022635408,0.0850000008940697,0.0850000008940697
0.4474906224737268,0.0850000008940697,0.0850000008940697
0.4475906426839127,0.0850000008940697,0.0850000008940697
0.4476906628940986,0.0850000008940697,0.0850000008940697
0.4477906831042845,0.0850000008940697,0.0850000008940697
0.4478907033144705,0.0850000008940697,0.0850000008940697
0.4479907235246564,0.0850000008940697,0.0850000008940697
0.4480907437348424,0.0850000008940697,0.0850000008940697
0.4481907639450283,0.0850000008940697,0.0850000008940697
0.4482907841552142,0.0850000008940697,0.0850000008940697
0.4483908043654002,0.0850000008940697,0.0850000008940697
0.4484908245755861,0.0850000008940697,0.0850000008940697
0.4485908447857720,0.0850000008940697,0.0850000008940697
0.4486908649959579,0.0850000008940697,0.0850000008940697
0.4487908852061439,0.0850000008940697,0.0850000008940697
0.4488909054163298,0.0850000008940697,0.0850000008940697
0.4489909256265158,0.0850000008940697,0.0850000008940697
0.4490909458367017,0.0850000008940697,0.0850000008940697
0.4491909660468876,0.0850000008940697,0.0850000008940697
0.4492909862570735,0.0850000008940697,0.0850000008940697
0.4493910064672595,0.0850000008940697,0.0850000008940697
0.4494910266774454,0.0850000008940697,0.0850000008940697
0.4495910468876314,0.0850000008940697,0.0850000008940697
0.4496910670978173,0.0850000008940697,0.0850000008940697
0.4497910873080032,0.0850000008940697,0.0850000008940697
0.4498911075181892,0.0850000008940697,0.0850000008940697
0.4499911277283751,0.0850000008940697,0.0850000008940697
0.4500911479385610,0.0850000008940697,0.0850000008940697
0.4501911681487469,0.0850000008940697,0.0850000008940697
0.4502911883589329,0.0850000008940697,0.0850000008940697
0.4503912085691188,0.0850000008940697,0.0850000008940697
0.4504912287793048,0.0850000008940697,0.0850000008940697
0.4505912489894907,0.0850000008940697,0.0850000008940697
0.4506912691996766,0.0850000008940697,0.0850000008940697
0.4507912894098626,0.0850000008940697,0.0850000008940697
0.4508913096200485,0.0850000008940697,0.0850000008940697
0.4509913298302345,0.0850000008940697,0.0850000008940697
0.4510913500404204,0.0850000008940697,0.0850000008940697
0.4511913702506063,0.0850000008940697,0.0850000008940697
0.4512913904607923,0.0850000008940697,0.0850000008940697
0.4513914106709782,0.0850000008940697,0.0850000008940697
0.4514914308811641,0.0850000008940697,0.0850000008940697
0.4515914510913501,0.0850000008940697,0.0850000008940697
0.4516914713015360,0.0850000008940697,0.0850000008940697
0.4517914915117219,0.0850000008940697,0.0850000008940697
0.4518915117219078,0.0850000008940697,0.0850000008940697
0.4519915319320938,0.0850000008940697,0.0850000008940697
0.4520915521422798,0.0850000008940697,0.0850000008940697
0.4521915723524657,0.0850000008940697,0.0850000008940697
0.4522915925626516,0.0850000008940697,0.0850000008940697
0.4523916127728375,0.0850000008940697,0.0850000008940697
0.4524916329830235,0.0850000008940697,0.0850000008940697
0.4525916531932094,0.0850000008940697,0.0850000008940697
0.4526916734033953,0.0850000008940697,0.0850000008940697
0.4527916936135812,0.0850000008940697,0.0850000008940697
0.4528917138237672,0.0850000008940697,0.0850000008940697
0.4529917340339531,0.0850000008940697,0.0850000008940697
0.4530917542441391,0.0850000008940697,0.0850000008940697
0.4531917744543250,0.0850000008940697,0.0850000008940697
0.4532917946645109,0.0850000008940697,0.0850000008940697
0.4533918148746969,0.0850000008940697,0.0850000008940697
0.4534918350848828,0.0850000008940697,0.0850000008940697
0.4535918552950687,0.0850000008940697,0.0850000008940697
0.4536918755052546,0.0850000008940697,0.0850000008940697
0.4537918957154406,0.0850000008940697,0.0850000008940697
0.4538919159256265,0.0850000008940697,0.0850000008940697
0.4539919361358125,0.0850000008940697,0.0850000008940697
0.4540919563459984,0.0850000008940697,0.0850000008940697
0.4541919765561843,0.0850000008940697,0.0850000008940697
0.4542919967663702,0.0850000008940697,0.0850000008940697
0.4543920169765562,0.0850000008940697,0.0850000008940697
0.4544920371867421,0.0850000008940697,0.0850000008940697
0.4545920573969280,0.0850000008940697,0.0850000008940697
0.4546920776071140,0.0850000008940697,0.0850000008940697
0.4547920978172999,0.0850000008940697,0.0850000008940697
0.4548921180274859,0.0850000008940697,0.0850000008940697
0.4549921382376718,0.0850000008940697,0.0850000008940697
0.4550921584478577,0.0850000008940697,0.0850000008940697
0.4551921786580436,0.0850000008940697,0.0850000008940697
0.4552921988682296,0.0850000008940697,0.0850000008940697
0.4553922190784155,0.0850000008940697,0.0850000008940697
0.4554922392886014,0.0850000008940697,0.0850000008940697
0.4555922594987873,0.0850000008940697,0.0850000008940697
0.4556922797089734,0.0850000008940697,0.0850000008940697
0.4557922999191593,0.0850000008940697,0.0850000008940697
0.4558923201293452,0.0850000008940697,0.0850000008940697
0.4559923403395312,0.0850000008940697,0.0850000008940697
0.4560923605497171,0.0850000008940697,0.0850000008940697
0.4561923807599030,0.0850000008940697,0.0850000008940697
0.4562924009700889,0.0850000008940697,0.0850000008940697
0.4563924211802749,0.0850000008940697,0.0850000008940697
0.4564924413904608,0.0850000008940697,0.0850000008940697
0.4565924616006468,0.0850000008940697,0.0850000008940697
0.4566924818108327,0.0850000008940697,0.0850000008940697
0.4567925020210186,0.0850000008940697,0.0850000008940697
0.4568925222312045,0.0850000008940697,0.0850000008940697
0.4569925424413905,0.0850000008940697,0.0850000008940697
0.4570925626515764,0.0850000008940697,0.0850000008940697
0.4571925828617623,0.0850000008940697,0.0850000008940697
0.4572926030719483,0.0850000008940697,0.0850000008940697
0.4573926232821342,0.0850000008940697,0.0850000008940697
0.4574926434923202,0.0850000008940697,0.0850000008940697
0.4575926637025061,0.0850000008940697,0.0850000008940697
0.4576926839126920,0.0850000008940697,0.0850000008940697
0.4577927041228779,0.0850000008940697,0.0850000008940697
0.4578927243330639,0.0850000008940697,0.0850000008940697
0.4579927445432498,0.0850000008940697,0.0850000008940697
0.4580927647534357,0.0850000008940697,0.0850000008940697
0.4581927849636216,0.0850000008940697,0.0850000008940697
0.4582928051738076,0.0850000008940697,0.0850000008940697
0.4583928253839935,0.0850000008940697,0.0850000008940697
0.4584928455941795,0.0850000008940697,0.0850000008940697
0.4585928658043654,0.0850000008940697,0.0850000008940697
0.4586928860145513,0.0850000008940697,0.0850000008940697
0.4587929062247373,0.0850000008940697,0.0850000008940697
0.4588929264349232,0.0850000008940697,0.0850000008940697
0.4589929466451091,0.0850000008940697,0.0850000008940697
0.4590929668552950,0.0850000008940697,0.0850000008940697
0.4591929870654810,0.0850000008940697,0.0850000008940697
0.4592930072756669,0.0850000008940697,0.0850000008940697
0.4593930274858529,0.0850000008940697,0.0850000008940697
0.4594930476960388,0.0850000008940697,0.0850000008940697
0.4595930679062247,0.0850000008940697,0.0850000008940697
0.4596930881164106,0.0850000008940697,0.0850000008940697
0.4597931083265966,0.0850000008940697,0.0850000008940697
0.4598931285367825,0.0850000008940697,0.0850000008940697
0.4599931487469684,0.0850000008940697,0.0850000008940697
0.4600931689571544,0.0850000008940697,0.0850000008940697
0.4601931891673403,0.0850000008940697,0.0850000008940697
0.4602932093775263,0.0850000008940697,0.0850000008940697
0.4603932295877122,0.0850000008940697,0.0850000008940697
0.4604932497978982,0.0850000008940697,0.0850000008940697
0.4605932700080841,0.0850000008940697,0.0850000008940697
0.4606932902182700,0.0850000008940697,0.0850000008940697
0.4607933104284559,0.0850000008940697,0.0850000008940697
0.4608933306386419,0.0850000008940697,0.0850000008940697
0.4609933508488278,0.0850000008940697,0.0850000008940697
0.4610933710590138,0.0850000008940697,0.0850000008940697
0.4611933912691997,0.0850000008940697,0.0850000008940697
0.4612934114793856,0.0850000008940697,0.0850000008940697
0.4613934316895716,0.0850000008940697,0.0850000008940697
0.4614934518997575,0.0850000008940697,0.0850000008940697
0.4615934721099434,0.0850000008940697,0.0850000008940697
0.4616934923201294,0.0850000008940697,0.0850000008940697
0.4617935125303153,0.0850000008940697,0.0850000008940697
0.4618935327405012,0.0850000008940697,0.0850000008940697
0.4619935529506872,0.0850000008940697,0.0850000008940697
0.4620935731608731,0.0850000008940697,0.0850000008940697
0.4621935933710590,0.0850000008940697,0.0850000008940697
0.4622936135812449,0.0850000008940697,0.0850000008940697
0.4623936337914309,0.0850000008940697,0.0850000008940697
0.4624936540016168,0.0850000008940697,0.0850000008940697
0.4625936742118028,0.0850000008940697,0.0850000008940697
0.4626936944219887,0.0850000008940697,0.0850000008940697
0.4627937146321746,0.0850000008940697,0.0850000008940697
0.4628937348423606,0.0850000008940697,0.0850000008940697
0.4629937550525465,0.0850000008940697,0.0850000008940697
0.4630937752627324,0.0850000008940697,0.0850000008940697
0.4631937954729183,0.0850000008940697,0.0850000008940697
0.4632938156831043,0.0850000008940697,0.0850000008940697
0.4633938358932902,0.0850000008940697,0.0850000008940697
0.4634938561034762,0.0850000008940697,0.0850000008940697
0.4635938763136621,0.0850000008940697,0.0850000008940697
0.4636938965238480,0.0850000008940697,0.0850000008940697
0.4637939167340339,0.0850000008940697,0.0850000008940697
0.4638939369442199,0.0850000008940697,0.0850000008940697
0.4639939571544058,0.0850000008940697,0.0850000008940697
0.4640939773645917,0.0850000008940697,0.0850000008940697
0.4641939975747777,0.0850000008940697,0.0850000008940697
0.4642940177849636,0.0850000008940697,0.0850000008940697
0.4643940379951496,0.0850000008940697,0.0850000008940697
0.4644940582053355,0.0850000008940697,0.0850000008940697
0.4645940784155214,0.0850000008940697,0.0850000008940697
0.4646940986257073,0.0850000008940697,0.0850000008940697
0.4647941188358933,0.0850000008940697,0.0850000008940697
0.4648941390460792,0.0850000008940697,0.0850000008940697
0.4649941592562651,0.0850000008940697,0.0850000008940697
0.4650941794664510,0.0850000008940697,0.0850000008940697
0.4651941996766370,0.0850000008940697,0.0850000008940697
0.4652942198868230,0.0850000008940697,0.0850000008940697
0.4653942400970089,0.0850000008940697,0.0850000008940697
0.4654942603071949,0.0850000008940697,0.0850000008940697
0.4655942805173808,0.0850000008940697,0.0850000008940697
0.4656943007275667,0.0850000008940697,0.0850000008940697
0.4657943209377526,0.0850000008940697,0.0850000008940697
0.4658943411479386,0.0850000008940697,0.0850000008940697
0.4659943613581245,0.0850000008940697,0.0850000008940697
0.4660943815683105,0.0850000008940697,0.0850000008940697
0.4661944017784964,0.0850000008940697,0.0850000008940697
0.4662944219886823,0.0850000008940697,0.0850000008940697
0.4663944421988682,0.0850000008940697,0.0850000008940697
0.4664944624090542,0.0850000008940697,0.0850000008940697
0.4665944826192401,0.0850000008940697,0.0850000008940697
0.4666945028294260,0.0850000008940697,0.0850000008940697
0.4667945230396120,0.0850000008940697,0.0850000008940697
0.4668945432497979,0.0850000008940697,0.0850000008940697
0.4669945634599839,0.0850000008940697,0.0850000008940697
0.4670945836701698,0.0850000008940697,0.0850000008940697
0.4671946038803557,0.0850000008940697,0.0850000008940697
0.4672946240905416,0.0850000008940697,0.0850000008940697
0.4673946443007276,0.0850000008940697,0.0850000008940697
0.4674946645109135,0.0850000008940697,0.0850000008940697
0.4675946847210994,0.0850000008940697,0.0850000008940697
0.4676947049312853,0.0850000008940697,0.0850000008940697
0.4677947251414713,0.0850000008940697,0.0850000008940697
0.4678947453516573,0.0850000008940697,0.0850000008940697
0.4679947655618432,0.0850000008940697,0.0850000008940697
0.4680947857720291,0.0850000008940697,0.0850000008940697
0.4681948059822150,0.0850000008940697,0.0850000008940697
0.4682948261924010,0.0850000008940697,0.0850000008940697
0.4683948464025869,0.0850000008940697,0.0850000008940697
0.4684948666127728,0.0850000008940697,0.0850000008940697
0.4685948868229587,0.0850000008940697,0.0850000008940697
0.4686949070331447,0.0850000008940697,0.0850000008940697
0.4687949272433306,0.0850000008940697,0.0850000008940697
0.4688949474535166,0.0850000008940697,0.0850000008940697
0.4689949676637025,0.0850000008940697,0.0850000008940697
0.4690949878738884,0.0850000008940697,0.0850000008940697
0.4691950080840744,0.0850000008940697,0.0850000008940697
0.4692950282942603,0.0850000008940697,0.0850000008940697
0.4693950485044462,0.0850000008940697,0.0850000008940697
0.4694950687146321,0.0850000008940697,0.0850000008940697
0.4695950889248181,0.0850000008940697,0.0850000008940697
0.4696951091350040,0.0850000008940697,0.0850000008940697
0.4697951293451900,0.0850000008940697,0.0850000008940697
0.4698951495553759,0.0850000008940697,0.0850000008940697
0.4699951697655619,0.0850000008940697,0.0850000008940697
0.4700951899757478,0.0850000008940697,0.0850000008940697
0.4701952101859337,0.0850000008940697,0.0850000008940697
0.4702952303961196,0.0850000008940697,0.0850000008940697
0.4703952506063056,0.0850000008940697,0.0850000008940697
0.4704952708164916,0.0850000008940697,0.0850000008940697
0.4705952910266775,0.0850000008940697,0.0850000008940697
0.4706953112368634,0.0850000008940697,0.0850000008940697
0.4707953314470493,0.0850000008940697,0.0850000008940697
0.4708953516572353,0.0850000008940697,0.0850000008940697
0.4709953718674212,0.0850000008940697,0.0850000008940697
0.4710953920776071,0.0850000008940697,0.0850000008940697
0.4711954122877930,0.0850000008940697,0.0850000008940697
0.4712954324979790,0.0850000008940697,0.0850000008940697
0.4713954527081649,0.0850000008940697,0.0850000008940697
0.4714954729183509,0.0850000008940697,0.0850000008940697
0.4715954931285368,0.0850000008940697,0.0850000008940697
0.4716955133387227,0.0850000008940697,0.0850000008940697
0.4717955335489087,0.0850000008940697,0.0850000008940697
0.4718955537590946,0.0850000008940697,0.0850000008940697
0.4719955739692805,0.0850000008940697,0.0850000008940697
0.4720955941794664,0.0850000008940697,0.0850000008940697
0.4721956143896524,0.0850000008940697,0.0850000008940697
0.4722956345998383,0.0850000008940697,0.0850000008940697
0.4723956548100243,0.0850000008940697,0.0850000008940697
0.4724956750202102,0.0850000008940697,0.0850000008940697
0.4725956952303961,0.0850000008940697,0.0850000008940697
0.4726957154405820,0.0850000008940697,0.0850000008940697
0.4727957356507680,0.0850000008940697,0.0850000008940697
0.4728957558609539,0.0850000008940697,0.0850000008940697
0.4729957760711399,0.0850000008940697,0.0850000008940697
0.4730957962813258,0.0850000008940697,0.0850000008940697
0.4731958164915117,0.0850000008940697,0.0850000008940697
0.4732958367016977,0.0850000008940697,0.0850000008940697
0.4733958569118836,0.0850000008940697,0.0850000008940697
0.4734958771220695,0.0850000008940697,0.0850000008940697
0.4735958973322554,0.0850000008940697,0.0850000008940697
0.4736959175424414,0.0850000008940697,0.0850000008940697
0.4737959377526273,0.0850000008940697,0.0850000008940697
0.4738959579628133,0.0850000008940697,0.0850000008940697
0.4739959781729992,0.0850000008940697,0.0850000008940697
0.4740959983831851,0.0850000008940697,0.0850000008940697
0.4741960185933710,0.0850000008940697,0.0850000008940697
0.4742960388035570,0.0850000008940697,0.0850000008940697
0.4743960590137429,0.0850000008940697,0.0850000008940697
0.4744960792239288,0.0850000008940697,0.0850000008940697
0.4745960994341148,0.0850000008940697,0.0850000008940697
0.4746961196443007,0.0850000008940697,0.0850000008940697
0.4747961398544867,0.0850000008940697,0.0850000008940697
0.4748961600646726,0.0850000008940697,0.0850000008940697
0.4749961802748586,0.0850000008940697,0.0850000008940697
0.4750962004850445,0.0850000008940697,0.0850000008940697
0.4751962206952304,0.0850000008940697,0.0850000008940697
0.4752962409054163,0.0850000008940697,0.0850000008940697
0.4753962611156023,0.0850000008940697,0.0850000008940697
0.4754962813257882,0.0850000008940697,0.0850000008940697
0.4755963015359742,0.0850000008940697,0.0850000008940697
0.4756963217461601,0.0850000008940697,0.0850000008940697
0.4757963419563460,0.0850000008940697,0.0850000008940697
0.4758963621665320,0.0850000008940697,0.0850000008940697
0.4759963823767179,0.0850000008940697,0.0850000008940697
0.4760964025869038,0.0850000008940697,0.0850000008940697
0.4761964227970897,0.0850000008940697,0.0850000008940697
0.4762964430072757,0.0850000008940697,0.0850000008940697
0.4763964632174616,0.0850000008940697,0.0850000008940697
0.4764964834276476,0.0850000008940697,0.0850000008940697
0.4765965036378335,0.0850000008940697,0.0850000008940697
0.4766965238480194,0.0850000008940697,0.0850000008940697
0.4767965440582053,0.0850000008940697,0.0850000008940697
0.4768965642683913,0.0850000008940697,0.0850000008940697
0.4769965844785772,0.0850000008940697,0.0850000008940697
0.4770966046887631,0.0850000008940697,0.0850000008940697
0.4771966248989491,0.0850000008940697,0.0850000008940697
0.4772966451091350,0.0850000008940697,0.0850000008940697
0.4773966653193210,0.0850000008940697,0.0850000008940697
0.4774966855295069,0.0850000008940697,0.0850000008940697
0.4775967057396928,0.0850000008940697,0.0850000008940697
0.4776967259498787,0.0850000008940697,0.0850000008940697
0.4777967461600647,0.0850000008940697,0.0850000008940697
0.4778967663702506,0.0850000008940697,0.0850000008940697
0.4779967865804365,0.0850000008940697,0.0850000008940697
0.4780968067906224,0.0850000008940697,0.0850000008940697
0.4781968270008084,0.0850000008940697,0.0850000008940697
0.4782968472109944,0.0850000008940697,0.0850000008940697
0.4783968674211803,0.0850000008940697,0.0850000008940697
0.4784968876313662,0.0850000008940697,0.0850000008940697
0.4785969078415521,0.0850000008940697,0.0850000008940697
0.4786969280517381,0.0850000008940697,0.0850000008940697
0.4787969482619240,0.0850000008940697,0.0850000008940697
0.4788969684721099,0.0850000008940697,0.0850000008940697
0.4789969886822958,0.0850000008940697,0.0850000008940697
0.4790970088924818,0.0850000008940697,0.0850000008940697
0.4791970291026677,0.0850000008940697,0.0850000008940697
0.4792970493128537,0.0850000008940697,0.0850000008940697
0.4793970695230396,0.0850000008940697,0.0850000008940697
0.4794970897332255,0.0850000008940697,0.0850000008940697
0.4795971099434115,0.0850000008940697,0.0850000008940697
0.4796971301535974,0.0850000008940697,0.0850000008940697
0.4797971503637834,0.0850000008940697,0.0850000008940697
0.4798971705739693,0.0850000008940697,0.0850000008940697
0.4799971907841553,0.0850000008940697,0.0850000008940697
0.4800972109943412,0.0850000008940697,0.0850000008940697
0.4801972312045271,0.0850000008940697,0.0850000008940697
0.4802972514147130,0.0850000008940697,0.0850000008940697
0.4803972716248990,0.0850000008940697,0.0850000008940697
0.4804972918350849,0.0850000008940697,0.0850000008940697
0.4805973120452708,0.0850000008940697,0.0850000008940697
0.4806973322554567,0.0850000008940697,0.0850000008940697
0.4807973524656427,0.0850000008940697,0.0850000008940697
0.4808973726758286,0.0850000008940697,0.0850000008940697
0.4809973928860146,0.0850000008940697,0.0850000008940697
0.4810974130962005,0.0850000008940697,0.0850000008940697
0.4811974333063864,0.0850000008940697,0.0850000008940697
0.4812974535165724,0.0850000008940697,0.0850000008940697
0.4813974737267583,0.0850000008940697,0.0850000008940697
0.4814974939369442,0.0850000008940697,0.0850000008940697
0.4815975141471301,0.0850000008940697,0.0850000008940697
0.4816975343573161,0.0850000008940697,0.0850000008940697
0.4817975545675020,0.0850000008940697,0.0850000008940697
0.4818975747776880,0.0850000008940697,0.0850000008940697
0.4819975949878739,0.0850000008940697,0.0850000008940697
0.4820976151980598,0.0850000008940697,0.0850000008940697
0.4821976354082457,0.0850000008940697,0.0850000008940697
0.4822976556184317,0.0850000008940697,0.0850000008940697
0.4823976758286176,0.0850000008940697,0.0850000008940697
0.4824976960388035,0.0850000008940697,0.0850000008940697
0.4825977162489895,0.0850000008940697,0.0850000008940697
0.4826977364591754,0.0850000008940697,0.0850000008940697
0.4827977566693614,0.0850000008940697,0.0850000008940697
0.4828977768795473,0.0850000008940697,0.0850000008940697
0.4829977970897332,0.0850000008940697,0.0850000008940697
0.4830978172999191,0.0850000008940697,0.0850000008940697
0.4831978375101051,0.0850000008940697,0.0850000008940697
0.4832978577202910,0.0850000008940697,0.0850000008940697
0.4833978779304769,0.0850000008940697,0.0850000008940697
0.4834978981406629,0.0850000008940697,0.0850000008940697
0.4835979183508488,0.0850000008940697,0.0850000008940697
0.4836979385610348,0.0850000008940697,0.0850000008940697
0.4837979587712207,0.0850000008940697,0.0850000008940697
0.4838979789814066,0.0850000008940697,0.0850000008940697
0.4839979991915925,0.0850000008940697,0.0850000008940697
0.4840980194017785,0.0850000008940697,0.0850000008940697
0.4841980396119644,0.0850000008940697,0.0850000008940697
0.4842980598221504,0.0850000008940697,0.0850000008940697
0.4843980800323363,0.0850000008940697,0.0850000008940697
0.4844981002425223,0.0850000008940697,0.0850000008940697
0.4845981204527082,0.0850000008940697,0.0850000008940697
0.4846981406628941,0.0850000008940697,0.0850000008940697
0.4847981608730800,0.0850000008940697,0.0850000008940697
0.4848981810832660,0.0850000008940697,0.0850000008940697
0.4849982012934519,0.0850000008940697,0.0850000008940697
0.4850982215036378,0.0850000008940697,0.0850000008940697
0.4851982417138238,0.0850000008940697,0.0850000008940697
0.4852982619240097,0.0850000008940697,0.0850000008940697
0.4853982821341957,0.0850000008940697,0.0850000008940697
0.4854983023443816,0.0850000008940697,0.0850000008940697
0.4855983225545675,0.0850000008940697,0.0850000008940697
0.4856983427647534,0.0850000008940697,0.0850000008940697
0.4857983629749394,0.0850000008940697,0.0850000008940697
0.4858983831851253,0.0850000008940697,0.0850000008940697
0.4859984033953113,0.0850000008940697,0.0850000008940697
0.4860984236054972,0.0850000008940697,0.0850000008940697
0.4861984438156831,0.0850000008940697,0.0850000008940697
0.4862984640258691,0.0850000008940697,0.0850000008940697
0.4863984842360550,0.0850000008940697,0.0850000008940697
0.4864985044462409,0.0850000008940697,0.0850000008940697
0.4865985246564268,0.0850000008940697,0.0850000008940697
0.4866985448666128,0.0850000008940697,0.0850000008940697
0.4867985650767987,0.0850000008940697,0.0850000008940697
0.4868985852869847,0.0850000008940697,0.0850000008940697
0.4869986054971706,0.0850000008940697,0.0850000008940697
0.4870986257073565,0.0850000008940697,0.0850000008940697
0.4871986459175424,0.0850000008940697,0.0850000008940697
0.4872986661277284,0.0850000008940697,0.0850000008940697
0.4873986863379143,0.0850000008940697,0.0850000008940697
0.4874987065481002,0.0850000008940697,0.0850000008940697
0.4875987267582862,0.0850000008940697,0.0850000008940697
0.4876987469684721,0.0850000008940697,0.0850000008940697
0.4877987671786581,0.0850000008940697,0.0850000008940697
0.4878987873888440,0.0850000008940697,0.0850000008940697
0.4879988075990299,0.0850000008940697,0.0850000008940697
0.4880988278092158,0.0850000008940697,0.0850000008940697
0.4881988480194018,0.0850000008940697,0.0850000008940697
0.4882988682295877,0.0850000008940697,0.0850000008940697
0.4883988884397736,0.0850000008940697,0.0850000008940697
0.4884989086499595,0.0850000008940697,0.0850000008940697
0.4885989288601455,0.0850000008940697,0.0850000008940697
0.4886989490703314,0.0850000008940697,0.0850000008940697
0.4887989692805174,0.0850000008940697,0.0850000008940697
0.4888989894907033,0.0850000008940697,0.0850000008940697
0.4889990097008892,0.0850000008940697,0.0850000008940697
0.4890990299110752,0.0850000008940697,0.0850000008940697
0.4891990501212611,0.0850000008940697,0.0850000008940697
0.4892990703314471,0.0850000008940697,0.0850000008940697
0.4893990905416330,0.0850000008940697,0.0850000008940697
0.4894991107518190,0.0850000008940697,0.0850000008940697
0.4895991309620049,0.0850000008940697,0.0850000008940697
0.4896991511721908,0.0850000008940697,0.0850000008940697
0.4897991713823767,0.0850000008940697,0.0850000008940697
0.4898991915925627,0.0850000008940697,0.0850000008940697
0.4899992118027486,0.0850000008940697,0.0850000008940697
0.4900992320129345,0.0850000008940697,0.0850000008940697
0.4901992522231205,0.0850000008940697,0.0850000008940697
0.4902992724333064,0.0850000008940697,0.0850000008940697
0.4903992926434924,0.0850000008940697,0.0850000008940697
0.4904993128536783,0.0850000008940697,0.0850000008940697
0.4905993330638642,0.0850000008940697,0.0850000008940697
0.4906993532740501,0.0850000008940697,0.0850000008940697
0.4907993734842361,0.0850000008940697,0.0850000008940697
0.4908993936944220,0.0850000008940697,0.0850000008940697
0.4909994139046079,0.0850000008940697,0.0850000008940697
0.4910994341147938,0.0850000008940697,0.0850000008940697
0.4911994543249798,0.0850000008940697,0.0850000008940697
0.4912994745351657,0.0850000008940697,0.0850000008940697
0.4913994947453517,0.0850000008940697,0.0850000008940697
0.4914995149555376,0.0850000008940697,0.0850000008940697
0.4915995351657235,0.0850000008940697,0.0850000008940697
0.4916995553759095,0.0850000008940697,0.0850000008940697
0.4917995755860954,0.0850000008940697,0.0850000008940697
0.4918995957962813,0.0850000008940697,0.0850000008940697
0.4919996160064672,0.0850000008940697,0.0850000008940697
0.4920996362166532,0.0850000008940697,0.0850000008940697
0.4921996564268391,0.0850000008940697,0.0850000008940697
0.4922996766370251,0.0850000008940697,0.0850000008940697
0.4923996968472110,0.0850000008940697,0.0850000008940697
0.4924997170573969,0.0850000008940697,0.0850000008940697
0.4925997372675828,0.0850000008940697,0.0850000008940697
0.4926997574777688,0.0850000008940697,0.0850000008940697
0.4927997776879547,0.0850000008940697,0.0850000008940697
0.4928997978981406,0.0850000008940697,0.0850000008940697
0.4929998181083266,0.0850000008940697,0.0850000008940697
0.4930998383185125,0.0850000008940697,0.0850000008940697
0.4931998585286985,0.0850000008940697,0.0850000008940697
0.4932998787388844,0.0850000008940697,0.0850000008940697
0.4933998989490703,0.0850000008940697,0.0850000008940697
0.4934999191592562,0.0850000008940697,0.0850000008940697
0.4935999393694422,0.0850000008940697,0.0850000008940697
0.4936999595796281,0.0850000008940697,0.0850000008940697
0.4937999797898140,0.0850000008940697,0.0850000008940697
0.4939000000000000,0.0850000008940697,0.0850000008940697
