#timeI (float32)[1],PositionR (float32)[1],PositionZ (float32)[1]
-0.00100000,0.00000000,0.00000000
-0.00089998,0.00000000,0.00000000
-0.00079996,0.00000000,0.00000000
-0.00069994,0.00000000,0.00000000
-0.00059992,0.00000000,0.00000000
-0.00049990,0.00000000,0.00000000
-0.00039988,0.00000000,0.00000000
-0.00029986,0.00000000,0.00000000
-0.00019984,0.08500000,0.08500000
-0.00009982,0.08500000,0.08500000
0.00000020,0.08500000,0.08500000
0.00010022,0.08500000,0.08500000
0.00020024,0.08500000,0.08500000
0.00030026,0.08500000,0.08500000
0.00040028,0.08500000,0.08500000
0.00050030,0.08500000,0.08500000
0.00060032,0.08500000,0.08500000
0.00070034,0.08500000,0.08500000
0.00080036,0.08500000,0.08500000
0.00090038,0.08500000,0.08500000
0.00100040,0.08500000,0.08500000
0.00110042,0.08500000,0.08500000
0.00120044,0.08500000,0.08500000
0.00130046,0.08500000,0.08500000
0.00140048,0.08500000,0.08500000
0.00150050,0.08500000,0.08500000
0.00160052,0.08500000,0.08500000
0.00170054,0.08500000,0.08500000
0.00180056,0.08500000,0.08500000
0.00190058,0.08500000,0.08500000
0.00200060,0.08500000,0.08500000
0.00210062,0.08500000,0.08500000
0.00220064,0.08500000,0.08500000
0.00230066,0.08500000,0.08500000
0.00240068,0.08500000,0.08500000
0.00250070,0.08500000,0.08500000
0.00260072,0.08500000,0.08500000
0.00270074,0.08500000,0.08500000
0.00280076,0.08500000,0.08500000
0.00290078,0.08500000,0.08500000
0.00300080,0.08500000,0.08500000
0.00310082,0.08500000,0.08500000
0.00320084,0.08500000,0.08500000
0.00330086,0.08500000,0.08500000
0.00340088,0.08500000,0.08500000
0.00350090,0.08500000,0.08500000
0.00360092,0.08500000,0.08500000
0.00370094,0.08500000,0.08500000
0.00380096,0.08500000,0.08500000
0.00390098,0.08500000,0.08500000
0.00400100,0.08500000,0.08500000
0.00410102,0.08500000,0.08500000
0.00420104,0.08500000,0.08500000
0.00430106,0.08500000,0.08500000
0.00440108,0.08500000,0.08500000
0.00450110,0.08500000,0.08500000
0.00460112,0.08500000,0.08500000
0.00470114,0.08500000,0.08500000
0.00480116,0.08500000,0.08500000
0.00490118,0.08500000,0.08500000
0.00500120,0.08500000,0.08500000
0.00510122,0.08500000,0.08500000
0.00520124,0.08500000,0.08500000
0.00530126,0.08500000,0.08500000
0.00540128,0.08500000,0.08500000
0.00550130,0.08500000,0.08500000
0.00560132,0.08500000,0.08500000
0.00570134,0.08500000,0.08500000
0.00580136,0.08500000,0.08500000
0.00590138,0.08500000,0.08500000
0.00600140,0.08500000,0.08500000
0.00610142,0.08500000,0.08500000
0.00620144,0.08500000,0.08500000
0.00630146,0.08500000,0.08500000
0.00640148,0.08500000,0.08500000
0.00650150,0.08500000,0.08500000
0.00660152,0.08500000,0.08500000
0.00670154,0.08500000,0.08500000
0.00680156,0.08500000,0.08500000
0.00690158,0.08500000,0.08500000
0.00700160,0.08500000,0.08500000
0.00710162,0.08500000,0.08500000
0.00720164,0.08500000,0.08500000
0.00730166,0.08500000,0.08500000
0.00740168,0.08500000,0.08500000
0.00750170,0.08500000,0.08500000
0.00760172,0.08500000,0.08500000
0.00770174,0.08500000,0.08500000
0.00780176,0.08500000,0.08500000
0.00790178,0.08500000,0.08500000
0.00800180,0.08500000,0.08500000
0.00810182,0.08500000,0.08500000
0.00820184,0.08500000,0.08500000
0.00830186,0.08500000,0.08500000
0.00840188,0.08500000,0.08500000
0.00850190,0.08500000,0.08500000
0.00860192,0.08500000,0.08500000
0.00870194,0.08500000,0.08500000
0.00880196,0.08500000,0.08500000
0.00890199,0.08500000,0.08500000
0.00900200,0.08500000,0.08500000
0.00910203,0.08500000,0.08500000
0.00920204,0.08500000,0.08500000
0.00930206,0.08500000,0.08500000
0.00940209,0.08500000,0.08500000
0.00950210,0.08500000,0.08500000
0.00960213,0.08500000,0.08500000
0.00970215,0.08500000,0.08500000
0.00980217,0.08500000,0.08500000
0.00990219,0.08500000,0.08500000
0.01000220,0.08500000,0.08500000
0.01010223,0.08500000,0.08500000
0.01020225,0.08500000,0.08500000
0.01030227,0.08500000,0.08500000
0.01040229,0.08500000,0.08500000
0.01050231,0.08500000,0.08500000
0.01060233,0.08500000,0.08500000
0.01070235,0.08500000,0.08500000
0.01080237,0.08500000,0.08500000
0.01090239,0.08500000,0.08500000
0.01100241,0.08500000,0.08500000
0.01110243,0.08500000,0.08500000
0.01120245,0.08500000,0.08500000
0.01130247,0.08500000,0.08500000
0.01140249,0.08500000,0.08500000
0.01150251,0.08500000,0.08500000
0.01160253,0.08500000,0.08500000
0.01170255,0.08500000,0.08500000
0.01180257,0.08500000,0.08500000
0.01190259,0.08500000,0.08500000
0.01200261,0.08500000,0.08500000
0.01210263,0.08500000,0.08500000
0.01220265,0.08500000,0.08500000
0.01230267,0.08500000,0.08500000
0.01240269,0.08500000,0.08500000
0.01250271,0.08500000,0.08500000
0.01260273,0.08500000,0.08500000
0.01270275,0.08500000,0.08500000
0.01280277,0.08500000,0.08500000
0.01290279,0.08500000,0.08500000
0.01300281,0.08500000,0.08500000
0.01310283,0.08500000,0.08500000
0.01320285,0.08500000,0.08500000
0.01330287,0.08500000,0.08500000
0.01340289,0.08500000,0.08500000
0.01350291,0.08500000,0.08500000
0.01360293,0.08500000,0.08500000
0.01370295,0.08500000,0.08500000
0.01380297,0.08500000,0.08500000
0.01390299,0.08500000,0.08500000
0.01400301,0.08500000,0.08500000
0.01410303,0.08500000,0.08500000
0.01420305,0.08500000,0.08500000
0.01430307,0.08500000,0.08500000
0.01440309,0.08500000,0.08500000
0.01450311,0.08500000,0.08500000
0.01460313,0.08500000,0.08500000
0.01470315,0.08500000,0.08500000
0.01480317,0.08500000,0.08500000
0.01490319,0.08500000,0.08500000
0.01500321,0.08500000,0.08500000
0.01510323,0.08500000,0.08500000
0.01520325,0.08500000,0.08500000
0.01530327,0.08500000,0.08500000
0.01540329,0.08500000,0.08500000
0.01550331,0.08500000,0.08500000
0.01560333,0.08500000,0.08500000
0.01570335,0.08500000,0.08500000
0.01580337,0.08500000,0.08500000
0.01590339,0.08500000,0.08500000
0.01600341,0.08500000,0.08500000
0.01610343,0.08500000,0.08500000
0.01620345,0.08500000,0.08500000
0.01630347,0.08500000,0.08500000
0.01640349,0.08500000,0.08500000
0.01650351,0.08500000,0.08500000
0.01660353,0.08500000,0.08500000
0.01670355,0.08500000,0.08500000
0.01680357,0.08500000,0.08500000
0.01690359,0.08500000,0.08500000
0.01700361,0.08500000,0.08500000
0.01710363,0.08500000,0.08500000
0.01720365,0.08500000,0.08500000
0.01730367,0.08500000,0.08500000
0.01740369,0.08500000,0.08500000
0.01750371,0.08500000,0.08500000
0.01760373,0.08500000,0.08500000
0.01770375,0.08500000,0.08500000
0.01780377,0.08500000,0.08500000
0.01790379,0.08500000,0.08500000
0.01800381,0.08500000,0.08500000
0.01810383,0.08500000,0.08500000
0.01820385,0.08500000,0.08500000
0.01830387,0.08500000,0.08500000
0.01840389,0.08500000,0.08500000
0.01850391,0.08500000,0.08500000
0.01860393,0.08500000,0.08500000
0.01870395,0.08500000,0.08500000
0.01880397,0.08500000,0.08500000
0.01890399,0.08500000,0.08500000
0.01900401,0.08500000,0.08500000
0.01910403,0.08500000,0.08500000
0.01920405,0.08500000,0.08500000
0.01930407,0.08500000,0.08500000
0.01940409,0.08500000,0.08500000
0.01950411,0.08500000,0.08500000
0.01960413,0.08500000,0.08500000
0.01970415,0.08500000,0.08500000
0.01980417,0.08500000,0.08500000
0.01990419,0.08500000,0.08500000
0.02000421,0.08500000,0.08500000
0.02010423,0.08500000,0.08500000
0.02020425,0.08500000,0.08500000
0.02030427,0.08500000,0.08500000
0.02040429,0.08500000,0.08500000
0.02050431,0.08500000,0.08500000
0.02060433,0.08500000,0.08500000
0.02070435,0.08500000,0.08500000
0.02080437,0.08500000,0.08500000
0.02090439,0.08500000,0.08500000
0.02100441,0.08500000,0.08500000
0.02110443,0.08500000,0.08500000
0.02120445,0.08500000,0.08500000
0.02130447,0.08500000,0.08500000
0.02140449,0.08500000,0.08500000
0.02150451,0.08500000,0.08500000
0.02160453,0.08500000,0.08500000
0.02170455,0.08500000,0.08500000
0.02180457,0.08500000,0.08500000
0.02190459,0.08500000,0.08500000
0.02200461,0.08500000,0.08500000
0.02210463,0.08500000,0.08500000
0.02220465,0.08500000,0.08500000
0.02230467,0.08500000,0.08500000
0.02240469,0.08500000,0.08500000
0.02250471,0.08500000,0.08500000
0.02260473,0.08500000,0.08500000
0.02270475,0.08500000,0.08500000
0.02280477,0.08500000,0.08500000
0.02290479,0.08500000,0.08500000
0.02300481,0.08500000,0.08500000
0.02310483,0.08500000,0.08500000
0.02320485,0.08500000,0.08500000
0.02330487,0.08500000,0.08500000
0.02340489,0.08500000,0.08500000
0.02350491,0.08500000,0.08500000
0.02360493,0.08500000,0.08500000
0.02370495,0.08500000,0.08500000
0.02380497,0.08500000,0.08500000
0.02390499,0.08500000,0.08500000
0.02400501,0.08500000,0.08500000
0.02410503,0.08500000,0.08500000
0.02420505,0.08500000,0.08500000
0.02430507,0.08500000,0.08500000
0.02440509,0.08500000,0.08500000
0.02450511,0.08500000,0.08500000
0.02460513,0.08500000,0.08500000
0.02470515,0.08500000,0.08500000
0.02480517,0.08500000,0.08500000
0.02490519,0.08500000,0.08500000
0.02500521,0.08500000,0.08500000
0.02510523,0.08500000,0.08500000
0.02520525,0.08500000,0.08500000
0.02530527,0.08500000,0.08500000
0.02540529,0.08500000,0.08500000
0.02550531,0.08500000,0.08500000
0.02560533,0.08500000,0.08500000
0.02570535,0.08500000,0.08500000
0.02580537,0.08500000,0.08500000
0.02590539,0.08500000,0.08500000
0.02600541,0.08500000,0.08500000
0.02610543,0.08500000,0.08500000
0.02620545,0.08500000,0.08500000
0.02630547,0.08500000,0.08500000
0.02640549,0.08500000,0.08500000
0.02650551,0.08500000,0.08500000
0.02660553,0.08500000,0.08500000
0.02670555,0.08500000,0.08500000
0.02680557,0.08500000,0.08500000
0.02690559,0.08500000,0.08500000
0.02700561,0.08500000,0.08500000
0.02710563,0.08500000,0.08500000
0.02720565,0.08500000,0.08500000
0.02730567,0.08500000,0.08500000
0.02740569,0.08500000,0.08500000
0.02750571,0.08500000,0.08500000
0.02760573,0.08500000,0.08500000
0.02770575,0.08500000,0.08500000
0.02780577,0.08500000,0.08500000
0.02790579,0.08500000,0.08500000
0.02800581,0.08500000,0.08500000
0.02810583,0.08500000,0.08500000
0.02820585,0.08500000,0.08500000
0.02830587,0.08500000,0.08500000
0.02840589,0.08500000,0.08500000
0.02850591,0.08500000,0.08500000
0.02860593,0.08500000,0.08500000
0.02870595,0.08500000,0.08500000
0.02880597,0.08500000,0.08500000
0.02890599,0.08500000,0.08500000
0.02900601,0.08500000,0.08500000
0.02910604,0.08500000,0.08500000
0.02920605,0.08500000,0.08500000
0.02930607,0.08500000,0.08500000
0.02940610,0.08500000,0.08500000
0.02950611,0.08500000,0.08500000
0.02960613,0.08500000,0.08500000
0.02970615,0.08500000,0.08500000
0.02980618,0.08500000,0.08500000
0.02990619,0.08500000,0.08500000
0.03000621,0.08500000,0.08500000
0.03010624,0.08500000,0.08500000
0.03020625,0.08500000,0.08500000
0.03030627,0.08500000,0.08500000
0.03040630,0.08500000,0.08500000
0.03050632,0.08500000,0.08500000
0.03060633,0.08500000,0.08500000
0.03070636,0.08500000,0.08500000
0.03080638,0.08500000,0.08500000
0.03090639,0.08500000,0.08500000
0.03100642,0.08500000,0.08500000
0.03110644,0.08500000,0.08500000
0.03120646,0.08500000,0.08500000
0.03130647,0.08500000,0.08500000
0.03140650,0.08500000,0.08500000
0.03150652,0.08500000,0.08500000
0.03160653,0.08500000,0.08500000
0.03170656,0.08500000,0.08500000
0.03180658,0.08500000,0.08500000
0.03190660,0.08500000,0.08500000
0.03200661,0.08500000,0.08500000
0.03210664,0.08500000,0.08500000
0.03220666,0.08500000,0.08500000
0.03230667,0.08500000,0.08500000
0.03240670,0.08500000,0.08500000
0.03250672,0.08500000,0.08500000
0.03260674,0.08500000,0.08500000
0.03270676,0.08500000,0.08500000
0.03280678,0.08500000,0.08500000
0.03290680,0.08500000,0.08500000
0.03300682,0.08500000,0.08500000
0.03310684,0.08500000,0.08500000
0.03320686,0.08500000,0.08500000
0.03330688,0.08500000,0.08500000
0.03340689,0.08500000,0.08500000
0.03350692,0.08500000,0.08500000
0.03360694,0.08500000,0.08500000
0.03370695,0.08500000,0.08500000
0.03380698,0.08500000,0.08500000
0.03390700,0.08500000,0.08500000
0.03400702,0.08500000,0.08500000
0.03410704,0.08500000,0.08500000
0.03420706,0.08500000,0.08500000
0.03430708,0.08500000,0.08500000
0.03440710,0.08500000,0.08500000
0.03450712,0.08500000,0.08500000
0.03460714,0.08500000,0.08500000
0.03470716,0.08500000,0.08500000
0.03480718,0.08500000,0.08500000
0.03490720,0.08500000,0.08500000
0.03500722,0.08500000,0.08500000
0.03510724,0.08500000,0.08500000
0.03520726,0.08500000,0.08500000
0.03530728,0.08500000,0.08500000
0.03540730,0.08500000,0.08500000
0.03550732,0.08500000,0.08500000
0.03560734,0.08500000,0.08500000
0.03570736,0.08500000,0.08500000
0.03580738,0.08500000,0.08500000
0.03590740,0.08500000,0.08500000
0.03600742,0.08500000,0.08500000
0.03610744,0.08500000,0.08500000
0.03620746,0.08500000,0.08500000
0.03630748,0.08500000,0.08500000
0.03640750,0.08500000,0.08500000
0.03650752,0.08500000,0.08500000
0.03660754,0.08500000,0.08500000
0.03670756,0.08500000,0.08500000
0.03680758,0.08500000,0.08500000
0.03690760,0.08500000,0.08500000
0.03700762,0.08500000,0.08500000
0.03710764,0.08500000,0.08500000
0.03720766,0.08500000,0.08500000
0.03730768,0.08500000,0.08500000
0.03740770,0.08500000,0.08500000
0.03750772,0.08500000,0.08500000
0.03760774,0.08500000,0.08500000
0.03770776,0.08500000,0.08500000
0.03780778,0.08500000,0.08500000
0.03790780,0.08500000,0.08500000
0.03800782,0.08500000,0.08500000
0.03810784,0.08500000,0.08500000
0.03820786,0.08500000,0.08500000
0.03830788,0.08500000,0.08500000
0.03840790,0.08500000,0.08500000
0.03850792,0.08500000,0.08500000
0.03860794,0.08500000,0.08500000
0.03870796,0.08500000,0.08500000
0.03880798,0.08500000,0.08500000
0.03890800,0.08500000,0.08500000
0.03900802,0.08500000,0.08500000
0.03910804,0.08500000,0.08500000
0.03920806,0.08500000,0.08500000
0.03930808,0.08500000,0.08500000
0.03940810,0.08500000,0.08500000
0.03950812,0.08500000,0.08500000
0.03960814,0.08500000,0.08500000
0.03970816,0.08500000,0.08500000
0.03980818,0.08500000,0.08500000
0.03990820,0.08500000,0.08500000
0.04000822,0.08500000,0.08500000
0.04010824,0.08500000,0.08500000
0.04020826,0.08500000,0.08500000
0.04030828,0.08500000,0.08500000
0.04040830,0.08500000,0.08500000
0.04050832,0.08500000,0.08500000
0.04060834,0.08500000,0.08500000
0.04070836,0.08500000,0.08500000
0.04080838,0.08500000,0.08500000
0.04090840,0.08500000,0.08500000
0.04100842,0.08500000,0.08500000
0.04110844,0.08500000,0.08500000
0.04120846,0.08500000,0.08500000
0.04130848,0.08500000,0.08500000
0.04140850,0.08500000,0.08500000
0.04150852,0.08500000,0.08500000
0.04160854,0.08500000,0.08500000
0.04170856,0.08500000,0.08500000
0.04180858,0.08500000,0.08500000
0.04190860,0.08500000,0.08500000
0.04200862,0.08500000,0.08500000
0.04210864,0.08500000,0.08500000
0.04220866,0.08500000,0.08500000
0.04230868,0.08500000,0.08500000
0.04240870,0.08500000,0.08500000
0.04250872,0.08500000,0.08500000
0.04260874,0.08500000,0.08500000
0.04270876,0.08500000,0.08500000
0.04280878,0.08500000,0.08500000
0.04290880,0.08500000,0.08500000
0.04300882,0.08500000,0.08500000
0.04310884,0.08500000,0.08500000
0.04320886,0.08500000,0.08500000
0.04330888,0.08500000,0.08500000
0.04340890,0.08500000,0.08500000
0.04350892,0.08500000,0.08500000
0.04360894,0.08500000,0.08500000
0.04370896,0.08500000,0.08500000
0.04380898,0.08500000,0.08500000
0.04390900,0.08500000,0.08500000
0.04400902,0.08500000,0.08500000
0.04410904,0.08500000,0.08500000
0.04420906,0.08500000,0.08500000
0.04430908,0.08500000,0.08500000
0.04440910,0.08500000,0.08500000
0.04450912,0.08500000,0.08500000
0.04460914,0.08500000,0.08500000
0.04470916,0.08500000,0.08500000
0.04480918,0.08500000,0.08500000
0.04490920,0.08500000,0.08500000
0.04500922,0.08500000,0.08500000
0.04510924,0.08500000,0.08500000
0.04520926,0.08500000,0.08500000
0.04530928,0.08500000,0.08500000
0.04540930,0.08500000,0.08500000
0.04550932,0.08500000,0.08500000
0.04560934,0.08500000,0.08500000
0.04570936,0.08500000,0.08500000
0.04580938,0.08500000,0.08500000
0.04590940,0.08500000,0.08500000
0.04600942,0.08500000,0.08500000
0.04610944,0.08500000,0.08500000
0.04620946,0.08500000,0.08500000
0.04630948,0.08500000,0.08500000
0.04640950,0.08500000,0.08500000
0.04650952,0.08500000,0.08500000
0.04660954,0.08500000,0.08500000
0.04670956,0.08500000,0.08500000
0.04680958,0.08500000,0.08500000
0.04690960,0.08500000,0.08500000
0.04700962,0.08500000,0.08500000
0.04710964,0.08500000,0.08500000
0.04720966,0.08500000,0.08500000
0.04730968,0.08500000,0.08500000
0.04740970,0.08500000,0.08500000
0.04750972,0.08500000,0.08500000
0.04760975,0.08500000,0.08500000
0.04770976,0.08500000,0.08500000
0.04780978,0.08500000,0.08500000
0.04790981,0.08500000,0.08500000
0.04800982,0.08500000,0.08500000
0.04810984,0.08500000,0.08500000
0.04820987,0.08500000,0.08500000
0.04830988,0.08500000,0.08500000
0.04840990,0.08500000,0.08500000
0.04850992,0.08500000,0.08500000
0.04860994,0.08500000,0.08500000
0.04870996,0.08500000,0.08500000
0.04880998,0.08500000,0.08500000
0.04891000,0.08500000,0.08500000
0.04901003,0.08500000,0.08500000
0.04911004,0.08500000,0.08500000
0.04921006,0.08500000,0.08500000
0.04931009,0.08500000,0.08500000
0.04941010,0.08500000,0.08500000
0.04951012,0.08500000,0.08500000
0.04961015,0.08500000,0.08500000
0.04971016,0.08500000,0.08500000
0.04981018,0.08500000,0.08500000
0.04991021,0.08500000,0.08500000
0.05001022,0.08500000,0.08500000
0.05011024,0.08500000,0.08500000
0.05021027,0.08500000,0.08500000
0.05031028,0.08500000,0.08500000
0.05041031,0.08500000,0.08500000
0.05051033,0.08500000,0.08500000
0.05061034,0.08500000,0.08500000
0.05071037,0.08500000,0.08500000
0.05081039,0.08500000,0.08500000
0.05091040,0.08500000,0.08500000
0.05101043,0.08500000,0.08500000
0.05111045,0.08500000,0.08500000
0.05121046,0.08500000,0.08500000
0.05131049,0.08500000,0.08500000
0.05141050,0.08500000,0.08500000
0.05151052,0.08500000,0.08500000
0.05161055,0.08500000,0.08500000
0.05171056,0.08500000,0.08500000
0.05181059,0.08500000,0.08500000
0.05191061,0.08500000,0.08500000
0.05201062,0.08500000,0.08500000
0.05211065,0.08500000,0.08500000
0.05221067,0.08500000,0.08500000
0.05231068,0.08500000,0.08500000
0.05241071,0.08500000,0.08500000
0.05251073,0.08500000,0.08500000
0.05261074,0.08500000,0.08500000
0.05271077,0.08500000,0.08500000
0.05281079,0.08500000,0.08500000
0.05291080,0.08500000,0.08500000
0.05301083,0.08500000,0.08500000
0.05311085,0.08500000,0.08500000
0.05321087,0.08500000,0.08500000
0.05331089,0.08500000,0.08500000
0.05341091,0.08500000,0.08500000
0.05351093,0.08500000,0.08500000
0.05361095,0.08500000,0.08500000
0.05371097,0.08500000,0.08500000
0.05381099,0.08500000,0.08500000
0.05391101,0.08500000,0.08500000
0.05401103,0.08500000,0.08500000
0.05411105,0.08500000,0.08500000
0.05421107,0.08500000,0.08500000
0.05431108,0.08500000,0.08500000
0.05441111,0.08500000,0.08500000
0.05451113,0.08500000,0.08500000
0.05461115,0.08500000,0.08500000
0.05471117,0.08500000,0.08500000
0.05481119,0.08500000,0.08500000
0.05491121,0.03721760,0.01455781
0.05501123,0.03447598,0.01400685
0.05511125,0.03292031,0.01193325
0.05521127,0.02966733,0.01013871
0.05531129,0.02840611,0.00586959
0.05541131,0.02798591,0.00337061
0.05551133,0.02836904,0.00129753
0.05561135,0.02901215,0.00107150
0.05571137,0.02844655,0.00047719
0.05581139,0.02692602,-0.00119410
0.05591141,0.02628276,-0.00169078
0.05601143,0.02674636,-0.00202857
0.05611145,0.02834370,-0.00212893
0.05621147,0.02832742,-0.00283108
0.05631149,0.02766919,-0.00337897
0.05641151,0.02849073,-0.00363483
0.05651153,0.02906929,-0.00400832
0.05661155,0.03145498,-0.00386840
0.05671157,0.03237514,-0.00412718
0.05681159,0.03425286,-0.00434485
0.05691161,0.03440142,-0.00460162
0.05701163,0.03596472,-0.00476112
0.05711165,0.03781314,-0.00490008
0.05721167,0.03613341,-0.00483917
0.05731169,0.03790381,-0.00502517
0.05741171,0.03714976,-0.00516868
0.05751173,0.03978443,-0.00523626
0.05761175,0.03903386,-0.00500627
0.05771177,0.04101479,-0.00506309
0.05781179,0.03927193,-0.00469411
0.05791181,0.03830805,-0.00464222
0.05801183,0.03953386,-0.00438190
0.05811185,0.03785249,-0.00441156
0.05821187,0.04065043,-0.00430582
0.05831189,0.03950840,-0.00433444
0.05841191,0.04034302,-0.00439913
0.05851193,0.04096102,-0.00432107
0.05861195,0.03824845,-0.00434924
0.05871197,0.03749178,-0.00408298
0.05881199,0.03557894,-0.00420802
0.05891201,0.03578209,-0.00380033
0.05901203,0.03523814,-0.00411299
0.05911205,0.03332114,-0.00384844
0.05921207,0.03610384,-0.00403444
0.05931209,0.03472422,-0.00397359
0.05941211,0.03520193,-0.00372957
0.05951213,0.03229468,-0.00335027
0.05961215,0.03086479,-0.00332877
0.05971217,0.03217522,-0.00315257
0.05981219,0.03441522,-0.00298916
0.05991221,0.03253911,-0.00264653
0.06001223,0.03161306,-0.00292939
0.06011225,0.02980732,-0.00276118
0.06021227,0.03084149,-0.00278549
0.06031229,0.03038860,-0.00288510
0.06041231,0.02854181,-0.00300373
0.06051233,0.03074854,-0.00292598
0.06061235,0.02900679,-0.00292470
0.06071237,0.03036717,-0.00280821
0.06081239,0.02960520,-0.00257463
0.06091241,0.02991878,-0.00266073
0.06101243,0.02980153,-0.00220463
0.06111245,0.02868014,-0.00266441
0.06121247,0.03021183,-0.00204973
0.06131249,0.02949407,-0.00243779
0.06141251,0.02980373,-0.00265971
0.06151253,0.03200979,-0.00273668
0.06161255,0.03092534,-0.00281380
0.06171257,0.03209672,-0.00262332
0.06181259,0.03039951,-0.00267122
0.06191261,0.03194334,-0.00261084
0.06201263,0.03117450,-0.00278544
0.06211265,0.03296870,-0.00282134
0.06221267,0.03228112,-0.00298410
0.06231269,0.02915664,-0.00323409
0.06241271,0.03123656,-0.00302615
0.06251273,0.02868178,-0.00292666
0.06261275,0.03030864,-0.00286334
0.06271277,0.03006823,-0.00285918
0.06281279,0.02975804,-0.00298972
0.06291281,0.03171351,-0.00266550
0.06301283,0.03009608,-0.00289798
0.06311285,0.03113245,-0.00261494
0.06321287,0.03008524,-0.00274381
0.06331289,0.03053784,-0.00276830
0.06341291,0.03054565,-0.00287843
0.06351293,0.02905059,-0.00293020
0.06361295,0.03120544,-0.00283018
0.06371297,0.03051521,-0.00313510
0.06381299,0.03210143,-0.00288809
0.06391301,0.03147751,-0.00294119
0.06401303,0.03215317,-0.00284144
0.06411305,0.03194974,-0.00319686
0.06421307,0.03063649,-0.00266836
0.06431310,0.03082520,-0.00263454
0.06441311,0.03069541,-0.00280985
0.06451313,0.03279194,-0.00278334
0.06461315,0.03101940,-0.00281378
0.06471317,0.03252005,-0.00248641
0.06481319,0.03165844,-0.00258009
0.06491321,0.03036976,-0.00259441
0.06501323,0.03034833,-0.00269350
0.06511325,0.03104204,-0.00251685
0.06521327,0.03020264,-0.00284589
0.06531329,0.03288081,-0.00293434
0.06541331,0.03169065,-0.00302711
0.06551333,0.03287115,-0.00318911
0.06561335,0.03211748,-0.00310991
0.06571337,0.03373259,-0.00315698
0.06581339,0.03185723,-0.00298348
0.06591341,0.03042263,-0.00302531
0.06601344,0.03015700,-0.00291628
0.06611345,0.03061286,-0.00291914
0.06621347,0.03020138,-0.00293470
0.06631349,0.03215022,-0.00296570
0.06641351,0.03156923,-0.00297279
0.06651353,0.03308049,-0.00286644
0.06661356,0.03252119,-0.00301926
0.06671357,0.03144378,-0.00295285
0.06681359,0.03234839,-0.00297480
0.06691361,0.03020292,-0.00296110
0.06701363,0.03073755,-0.00277154
0.06711366,0.02978705,-0.00304971
0.06721368,0.03190756,-0.00303311
0.06731369,0.03081229,-0.00316666
0.06741371,0.03243647,-0.00327982
0.06751373,0.03100229,-0.00320562
0.06761375,0.03033954,-0.00340638
0.06771378,0.03183882,-0.00283287
0.06781379,0.03074959,-0.00294673
0.06791381,0.03193175,-0.00261478
0.06801383,0.03147533,-0.00268238
0.06811385,0.03059348,-0.00297253
0.06821387,0.03229599,-0.00289708
0.06831390,0.03129324,-0.00311018
0.06841391,0.03199329,-0.00305075
0.06851393,0.03052761,-0.00307422
0.06861395,0.03106228,-0.00304718
0.06871397,0.03053216,-0.00293609
0.06881400,0.03091699,-0.00303152
0.06891402,0.03067739,-0.00302088
0.06901403,0.02939466,-0.00313897
0.06911405,0.03109308,-0.00319464
0.06921407,0.03024059,-0.00327467
0.06931409,0.03253279,-0.00320146
0.06941412,0.03023935,-0.00320549
0.06951414,0.03028471,-0.00301940
0.06961415,0.02928163,-0.00281549
0.06971417,0.02991402,-0.00279092
0.06981419,0.03011080,-0.00280575
0.06991422,0.02878289,-0.00301122
0.07001424,0.02969401,-0.00275204
0.07011426,0.02941618,-0.00304415
0.07021427,0.03004447,-0.00321792
0.07031429,0.03126024,-0.00321892
0.07041431,0.02988108,-0.00355814
0.07051434,0.03111717,-0.00327898
0.07061436,0.03004377,-0.00359450
0.07071437,0.03126938,-0.00341288
0.07081439,0.03072153,-0.00350826
0.07091441,0.03247333,-0.00326485
0.07101443,0.03113431,-0.00336892
0.07111446,0.03042733,-0.00326114
0.07121448,0.03099116,-0.00321516
0.07131449,0.02976118,-0.00322699
0.07141451,0.03016367,-0.00307968
0.07151453,0.02974463,-0.00311353
0.07161456,0.03029520,-0.00307600
0.07171458,0.02905641,-0.00306463
0.07181460,0.03045407,-0.00288524
0.07191461,0.03059278,-0.00296620
0.07201463,0.03088550,-0.00305884
0.07211465,0.03179051,-0.00349855
0.07221468,0.03016116,-0.00377990
0.07231470,0.02935143,-0.00384489
0.07241472,0.03018384,-0.00395684
0.07251473,0.02918115,-0.00407606
0.07261475,0.03078811,-0.00390708
0.07271478,0.03074804,-0.00415096
0.07281480,0.03002319,-0.00408056
0.07291482,0.03141569,-0.00399474
0.07301484,0.03007914,-0.00395753
0.07311485,0.03221019,-0.00395201
0.07321487,0.03116011,-0.00394473
0.07331490,0.03334054,-0.00400479
0.07341492,0.03249985,-0.00402160
0.07351494,0.03394787,-0.00393947
0.07361495,0.03072847,-0.00403728
0.07371497,0.03122967,-0.00385098
0.07381499,0.03148539,-0.00382984
0.07391502,0.03021843,-0.00395428
0.07401504,0.03303560,-0.00393823
0.07411506,0.03209612,-0.00406928
0.07421507,0.03081378,-0.00390019
0.07431509,0.03068757,-0.00374262
0.07441512,0.03016534,-0.00396588
0.07451514,0.03113725,-0.00370251
0.07461516,0.03049175,-0.00387773
0.07471518,0.03257170,-0.00384110
0.07481519,0.03095282,-0.00389396
0.07491521,0.03112149,-0.00365745
0.07501524,0.03076516,-0.00367984
0.07511526,0.02982354,-0.00382908
0.07521528,0.03136273,-0.00410603
0.07531530,0.02967536,-0.00428499
0.07541531,0.03216558,-0.00447658
0.07551534,0.03140538,-0.00468970
0.07561536,0.03138327,-0.00455998
0.07571538,0.03077934,-0.00460631
0.07581540,0.03300468,-0.00444910
0.07591542,0.03190133,-0.00430478
0.07601543,0.03265977,-0.00410809
0.07611546,0.03229602,-0.00440076
0.07621548,0.03031467,-0.00453672
0.07631550,0.03203165,-0.00427441
0.07641552,0.03248166,-0.00472640
0.07651554,0.03168365,-0.00457708
0.07661555,0.03150031,-0.00446089
0.07671558,0.03153546,-0.00439036
0.07681560,0.03104346,-0.00419074
0.07691562,0.03078001,-0.00454731
0.07701564,0.03294557,-0.00418511
0.07711565,0.03229939,-0.00463917
0.07721568,0.03155217,-0.00472244
0.07731570,0.03202812,-0.00482743
0.07741572,0.03101592,-0.00472008
0.07751574,0.03262208,-0.00474753
0.07761576,0.03149336,-0.00450051
0.07771577,0.03260642,-0.00433701
0.07781580,0.03171776,-0.00425858
0.07791582,0.03249757,-0.00415671
0.07801584,0.03069068,-0.00408270
0.07811586,0.03151258,-0.00416096
0.07821588,0.03140774,-0.00406863
0.07831590,0.03131309,-0.00430716
0.07841592,0.03211602,-0.00434947
0.07851594,0.03024637,-0.00456232
0.07861596,0.03174874,-0.00447769
0.07871598,0.03110859,-0.00465149
0.07881600,0.03201934,-0.00477296
0.07891602,0.03012895,-0.00465073
0.07901604,0.03021074,-0.00473746
0.07911606,0.03184105,-0.00499159
0.07921608,0.03018785,-0.00498972
0.07931610,0.03155637,-0.00485801
0.07941612,0.03090716,-0.00488460
0.07951614,0.03139502,-0.00481326
0.07961616,0.03109658,-0.00476695
0.07971618,0.03297239,-0.00503814
0.07981620,0.03863706,-0.00516660
0.07991622,0.04408827,-0.00564024
0.08001624,0.04846242,-0.00621098
0.08011626,0.05051208,-0.00747839
0.08021628,0.05306495,-0.00968279
0.08031630,0.03818768,-0.01066909
0.08041632,0.08500000,0.08500000
0.08051634,0.08500000,0.08500000
0.08061636,0.08500000,0.08500000
0.08071638,0.08500000,0.08500000
0.08081640,0.08500000,0.08500000
0.08091642,0.08500000,0.08500000
0.08101644,0.08500000,0.08500000
0.08111646,0.08500000,0.08500000
0.08121648,0.08500000,0.08500000
0.08131650,0.08500000,0.08500000
0.08141652,0.08500000,0.08500000
0.08151654,0.08500000,0.08500000
0.08161656,0.08500000,0.08500000
0.08171658,0.08500000,0.08500000
0.08181660,0.08500000,0.08500000
0.08191662,0.08500000,0.08500000
0.08201664,0.08500000,0.08500000
0.08211666,0.08500000,0.08500000
0.08221668,0.08500000,0.08500000
0.08231670,0.08500000,0.08500000
0.08241672,0.08500000,0.08500000
0.08251674,0.08500000,0.08500000
0.08261676,0.08500000,0.08500000
0.08271678,0.08500000,0.08500000
0.08281680,0.08500000,0.08500000
0.08291682,0.08500000,0.08500000
0.08301684,0.08500000,0.08500000
0.08311686,0.08500000,0.08500000
0.08321688,0.08500000,0.08500000
0.08331690,0.08500000,0.08500000
0.08341692,0.08500000,0.08500000
0.08351694,0.08500000,0.08500000
0.08361696,0.08500000,0.08500000
0.08371698,0.08500000,0.08500000
0.08381700,0.08500000,0.08500000
0.08391702,0.08500000,0.08500000
0.08401704,0.08500000,0.08500000
0.08411706,0.08500000,0.08500000
0.08421708,0.08500000,0.08500000
0.08431710,0.08500000,0.08500000
0.08441712,0.08500000,0.08500000
0.08451714,0.08500000,0.08500000
0.08461716,0.08500000,0.08500000
0.08471718,0.08500000,0.08500000
0.08481720,0.08500000,0.08500000
0.08491722,0.08500000,0.08500000
0.08501724,0.08500000,0.08500000
0.08511726,0.08500000,0.08500000
0.08521729,0.08500000,0.08500000
0.08531730,0.08500000,0.08500000
0.08541732,0.08500000,0.08500000
0.08551734,0.08500000,0.08500000
0.08561736,0.08500000,0.08500000
0.08571738,0.08500000,0.08500000
0.08581740,0.08500000,0.08500000
0.08591742,0.08500000,0.08500000
0.08601744,0.08500000,0.08500000
0.08611746,0.08500000,0.08500000
0.08621748,0.08500000,0.08500000
0.08631750,0.08500000,0.08500000
0.08641752,0.08500000,0.08500000
0.08651754,0.08500000,0.08500000
0.08661756,0.08500000,0.08500000
0.08671758,0.08500000,0.08500000
0.08681760,0.08500000,0.08500000
0.08691763,0.08500000,0.08500000
0.08701764,0.08500000,0.08500000
0.08711766,0.08500000,0.08500000
0.08721768,0.08500000,0.08500000
0.08731770,0.08500000,0.08500000
0.08741772,0.08500000,0.08500000
0.08751775,0.08500000,0.08500000
0.08761776,0.08500000,0.08500000
0.08771778,0.08500000,0.08500000
0.08781780,0.08500000,0.08500000
0.08791782,0.08500000,0.08500000
0.08801785,0.08500000,0.08500000
0.08811787,0.08500000,0.08500000
0.08821788,0.08500000,0.08500000
0.08831790,0.08500000,0.08500000
0.08841792,0.08500000,0.08500000
0.08851794,0.08500000,0.08500000
0.08861797,0.08500000,0.08500000
0.08871798,0.08500000,0.08500000
0.08881800,0.08500000,0.08500000
0.08891802,0.08500000,0.08500000
0.08901804,0.08500000,0.08500000
0.08911806,0.08500000,0.08500000
0.08921809,0.08500000,0.08500000
0.08931810,0.08500000,0.08500000
0.08941812,0.08500000,0.08500000
0.08951814,0.08500000,0.08500000
0.08961816,0.08500000,0.08500000
0.08971819,0.08500000,0.08500000
0.08981821,0.08500000,0.08500000
0.08991822,0.08500000,0.08500000
0.09001824,0.08500000,0.08500000
0.09011826,0.08500000,0.08500000
0.09021828,0.08500000,0.08500000
0.09031831,0.08500000,0.08500000
0.09041833,0.08500000,0.08500000
0.09051834,0.08500000,0.08500000
0.09061836,0.08500000,0.08500000
0.09071838,0.08500000,0.08500000
0.09081841,0.08500000,0.08500000
0.09091843,0.08500000,0.08500000
0.09101845,0.08500000,0.08500000
0.09111846,0.08500000,0.08500000
0.09121848,0.08500000,0.08500000
0.09131850,0.08500000,0.08500000
0.09141853,0.08500000,0.08500000
0.09151855,0.08500000,0.08500000
0.09161856,0.08500000,0.08500000
0.09171858,0.08500000,0.08500000
0.09181860,0.08500000,0.08500000
0.09191862,0.08500000,0.08500000
0.09201865,0.08500000,0.08500000
0.09211867,0.08500000,0.08500000
0.09221868,0.08500000,0.08500000
0.09231870,0.08500000,0.08500000
0.09241872,0.08500000,0.08500000
0.09251875,0.08500000,0.08500000
0.09261877,0.08500000,0.08500000
0.09271879,0.08500000,0.08500000
0.09281880,0.08500000,0.08500000
0.09291882,0.08500000,0.08500000
0.09301884,0.08500000,0.08500000
0.09311887,0.08500000,0.08500000
0.09321889,0.08500000,0.08500000
0.09331891,0.08500000,0.08500000
0.09341892,0.08500000,0.08500000
0.09351894,0.08500000,0.08500000
0.09361897,0.08500000,0.08500000
0.09371899,0.08500000,0.08500000
0.09381901,0.08500000,0.08500000
0.09391903,0.08500000,0.08500000
0.09401904,0.08500000,0.08500000
0.09411906,0.08500000,0.08500000
0.09421909,0.08500000,0.08500000
0.09431911,0.08500000,0.08500000
0.09441913,0.08500000,0.08500000
0.09451914,0.08500000,0.08500000
0.09461916,0.08500000,0.08500000
0.09471918,0.08500000,0.08500000
0.09481921,0.08500000,0.08500000
0.09491923,0.08500000,0.08500000
0.09501925,0.08500000,0.08500000
0.09511926,0.08500000,0.08500000
0.09521928,0.08500000,0.08500000
0.09531931,0.08500000,0.08500000
0.09541933,0.08500000,0.08500000
0.09551935,0.08500000,0.08500000
0.09561937,0.08500000,0.08500000
0.09571938,0.08500000,0.08500000
0.09581940,0.08500000,0.08500000
0.09591943,0.08500000,0.08500000
0.09601945,0.08500000,0.08500000
0.09611947,0.08500000,0.08500000
0.09621949,0.08500000,0.08500000
0.09631950,0.08500000,0.08500000
0.09641953,0.08500000,0.08500000
0.09651955,0.08500000,0.08500000
0.09661957,0.08500000,0.08500000
0.09671959,0.08500000,0.08500000
0.09681961,0.08500000,0.08500000
0.09691962,0.08500000,0.08500000
0.09701965,0.08500000,0.08500000
0.09711967,0.08500000,0.08500000
0.09721969,0.08500000,0.08500000
0.09731971,0.08500000,0.08500000
0.09741973,0.08500000,0.08500000
0.09751974,0.08500000,0.08500000
0.09761977,0.08500000,0.08500000
0.09771979,0.08500000,0.08500000
0.09781981,0.08500000,0.08500000
0.09791983,0.08500000,0.08500000
0.09801984,0.08500000,0.08500000
0.09811987,0.08500000,0.08500000
0.09821989,0.08500000,0.08500000
0.09831991,0.08500000,0.08500000
0.09841993,0.08500000,0.08500000
0.09851995,0.08500000,0.08500000
0.09861996,0.08500000,0.08500000
0.09871999,0.08500000,0.08500000
0.09882001,0.08500000,0.08500000
0.09892003,0.08500000,0.08500000
0.09902005,0.08500000,0.08500000
0.09912007,0.08500000,0.08500000
0.09922009,0.08500000,0.08500000
0.09932011,0.08500000,0.08500000
0.09942013,0.08500000,0.08500000
0.09952015,0.08500000,0.08500000
0.09962017,0.08500000,0.08500000
0.09972019,0.08500000,0.08500000
0.09982021,0.08500000,0.08500000
0.09992023,0.08500000,0.08500000
0.10002025,0.08500000,0.08500000
0.10012027,0.08500000,0.08500000
0.10022029,0.08500000,0.08500000
0.10032031,0.08500000,0.08500000
0.10042033,0.08500000,0.08500000
0.10052035,0.08500000,0.08500000
0.10062037,0.08500000,0.08500000
0.10072039,0.08500000,0.08500000
0.10082041,0.08500000,0.08500000
0.10092043,0.08500000,0.08500000
0.10102045,0.08500000,0.08500000
0.10112047,0.08500000,0.08500000
0.10122049,0.08500000,0.08500000
0.10132051,0.08500000,0.08500000
0.10142053,0.08500000,0.08500000
0.10152055,0.08500000,0.08500000
0.10162057,0.08500000,0.08500000
0.10172059,0.08500000,0.08500000
0.10182061,0.08500000,0.08500000
0.10192063,0.08500000,0.08500000
0.10202065,0.08500000,0.08500000
0.10212067,0.08500000,0.08500000
0.10222069,0.08500000,0.08500000
0.10232071,0.08500000,0.08500000
0.10242073,0.08500000,0.08500000
0.10252075,0.08500000,0.08500000
0.10262077,0.08500000,0.08500000
0.10272079,0.08500000,0.08500000
0.10282081,0.08500000,0.08500000
0.10292083,0.08500000,0.08500000
0.10302085,0.08500000,0.08500000
0.10312087,0.08500000,0.08500000
0.10322089,0.08500000,0.08500000
0.10332091,0.03013047,0.00273532
0.10342093,0.02916884,0.00151246
0.10352095,0.02696297,0.00078853
0.10362097,0.02969859,-0.00080094
0.10372099,0.03209089,-0.00216034
0.10382101,0.03363191,-0.00269015
0.10392103,0.03488147,-0.00288155
0.10402105,0.03533108,-0.00329246
0.10412107,0.03619472,-0.00430515
0.10422109,0.03592509,-0.00453540
0.10432111,0.03618082,-0.00485507
0.10442113,0.03801763,-0.00489794
0.10452115,0.03808731,-0.00515293
0.10462117,0.03920865,-0.00512179
0.10472119,0.03867223,-0.00535035
0.10482121,0.04015283,-0.00531959
0.10492123,0.04202651,-0.00531686
0.10502125,0.04333745,-0.00527313
0.10512127,0.04224158,-0.00518200
0.10522129,0.04227119,-0.00518939
0.10532131,0.04244138,-0.00495936
0.10542133,0.04273595,-0.00495819
0.10552135,0.04104773,-0.00504196
0.10562137,0.04269297,-0.00513769
0.10572139,0.04155870,-0.00493520
0.10582141,0.04186187,-0.00473170
0.10592143,0.04115153,-0.00442723
0.10602145,0.04161933,-0.00428630
0.10612148,0.04165697,-0.00398499
0.10622149,0.04258147,-0.00388679
0.10632151,0.04092783,-0.00370755
0.10642153,0.04171941,-0.00337652
0.10652155,0.03969693,-0.00334716
0.10662157,0.04047531,-0.00323501
0.10672159,0.03825530,-0.00309766
0.10682161,0.03903586,-0.00305441
0.10692163,0.03966459,-0.00298638
0.10702165,0.04031379,-0.00286731
0.10712167,0.03851873,-0.00287424
0.10722169,0.03868937,-0.00250014
0.10732171,0.03632605,-0.00253533
0.10742173,0.03755829,-0.00243486
0.10752175,0.03900903,-0.00223698
0.10762177,0.03683608,-0.00208344
0.10772179,0.03605824,-0.00187465
0.10782182,0.03644510,-0.00141289
0.10792183,0.03596763,-0.00117465
0.10802185,0.03389809,-0.00108890
0.10812187,0.03525613,-0.00101029
0.10822189,0.03331137,-0.00088887
0.10832191,0.03435596,-0.00086170
0.10842194,0.03520987,-0.00068423
0.10852195,0.03209893,-0.00080493
0.10862197,0.03193240,-0.00065275
0.10872199,0.03295456,-0.00068374
0.10882201,0.03037698,-0.00081409
0.10892204,0.03114918,-0.00076589
0.10902206,0.03078016,-0.00045873
0.10912207,0.03054130,-0.00051369
0.10922209,0.03207330,-0.00037080
0.10932211,0.03047761,-0.00046236
0.10942213,0.03256548,-0.00045521
0.10952216,0.03130802,-0.00065151
0.10962217,0.03292316,-0.00049314
0.10972219,0.03109914,-0.00060803
0.10982221,0.03071327,-0.00022506
0.10992223,0.02846811,0.00008167
0.11002225,0.02650713,0.00028719
0.11012228,0.02786520,0.00073178
0.11022229,0.02700428,0.00044981
0.11032231,0.02841908,0.00054926
0.11042233,0.02747914,0.00015125
0.11052235,0.02775374,0.00049626
0.11062238,0.02566052,0.00033588
0.11072240,0.02527935,0.00076253
0.11082241,0.02416349,0.00046253
0.11092243,0.02521160,0.00080139
0.11102245,0.02305652,0.00069376
0.11112247,0.02360796,0.00095010
0.11122250,0.02201319,0.00087569
0.11132252,0.02290290,0.00110641
0.11142253,0.02125880,0.00079825
0.11152255,0.02212646,0.00106016
0.11162257,0.01995476,0.00082232
0.11172260,0.02051677,0.00117782
0.11182262,0.01999903,0.00088025
0.11192264,0.02114411,0.00089349
0.11202265,0.01965816,0.00064752
0.11212267,0.02159099,0.00058527
0.11222269,0.02002510,0.00017898
0.11232272,0.02125660,0.00034001
0.11242274,0.02039804,0.00000225
0.11252275,0.02225932,0.00007937
0.11262277,0.02109875,-0.00018421
0.11272279,0.02198815,0.00007637
0.11282281,0.02153099,-0.00010145
0.11292284,0.02295993,0.00004085
0.11302286,0.02305784,-0.00041010
0.11312287,0.02450447,-0.00027407
0.11322289,0.02453289,-0.00059960
0.11332291,0.02530931,-0.00050194
0.11342294,0.02439526,-0.00086123
0.11352296,0.02450943,-0.00081612
0.11362298,0.02439745,-0.00110836
0.11372299,0.02608315,-0.00123513
0.11382301,0.02587912,-0.00144023
0.11392303,0.02501316,-0.00147831
0.11402306,0.02509025,-0.00147573
0.11412308,0.02596980,-0.00184267
0.11422310,0.02699002,-0.00183148
0.11432311,0.02749564,-0.00173673
0.11442313,0.02725184,-0.00204710
0.11452316,0.02924510,-0.00184519
0.11462318,0.02812232,-0.00209065
0.11472320,0.02728198,-0.00218128
0.11482322,0.02798634,-0.00222094
0.11492323,0.02992665,-0.00201751
0.11502325,0.02829717,-0.00217970
0.11512328,0.02736985,-0.00244378
0.11522330,0.02850890,-0.00241521
0.11532332,0.02942513,-0.00257192
0.11542333,0.02963415,-0.00279642
0.11552335,0.02950975,-0.00330322
0.11562337,0.02975834,-0.00317007
0.11572340,0.02818712,-0.00356082
0.11582342,0.02978827,-0.00328702
0.11592344,0.02950786,-0.00335347
0.11602345,0.03189049,-0.00352382
0.11612347,0.03045242,-0.00341299
0.11622350,0.03182440,-0.00343425
0.11632352,0.03112636,-0.00350883
0.11642354,0.03199401,-0.00348438
0.11652356,0.03136869,-0.00353270
0.11662357,0.03240660,-0.00347531
0.11672359,0.03269438,-0.00357832
0.11682362,0.03254615,-0.00354533
0.11692364,0.03155686,-0.00366216
0.11702366,0.03102760,-0.00365611
0.11712368,0.03293413,-0.00344183
0.11722369,0.03158465,-0.00385401
0.11732372,0.03353969,-0.00371014
0.11742374,0.03234001,-0.00401784
0.11752376,0.03177659,-0.00358743
0.11762378,0.03128330,-0.00358197
0.11772380,0.03336880,-0.00363044
0.11782381,0.03094578,-0.00351819
0.11792384,0.03310020,-0.00325111
0.11802386,0.03181626,-0.00327449
0.11812388,0.03038472,-0.00370122
0.11822390,0.03080667,-0.00316544
0.11832392,0.02998411,-0.00346401
0.11842393,0.03194888,-0.00336045
0.11852396,0.02939723,-0.00345788
0.11862398,0.03174526,-0.00344535
0.11872400,0.03125631,-0.00375233
0.11882402,0.03219335,-0.00385725
0.11892403,0.03233537,-0.00398569
0.11902406,0.03289104,-0.00402969
0.11912408,0.03136072,-0.00394528
0.11922410,0.03145061,-0.00401982
0.11932412,0.03123256,-0.00388336
0.11942414,0.02985220,-0.00406577
0.11952415,0.03187274,-0.00396095
0.11962418,0.03136027,-0.00411594
0.11972420,0.03301822,-0.00405953
0.11982422,0.02889816,-0.00404448
0.11992424,0.03192525,-0.00384341
0.12002426,0.03174623,-0.00393579
0.12012428,0.03138367,-0.00392037
0.12022430,0.03223016,-0.00405383
0.12032432,0.03270278,-0.00424593
0.12042434,0.03325168,-0.00430560
0.12052436,0.03192222,-0.00448362
0.12062438,0.03260030,-0.00445042
0.12072440,0.03112067,-0.00468097
0.12082442,0.03169804,-0.00429968
0.12092444,0.03015349,-0.00441316
0.12102446,0.03070747,-0.00407513
0.12112448,0.03075160,-0.00402595
0.12122450,0.03095590,-0.00395318
0.12132452,0.03152818,-0.00405554
0.12142454,0.03181566,-0.00400760
0.12152456,0.03272159,-0.00406976
0.12162458,0.03156232,-0.00427118
0.12172460,0.03271601,-0.00418798
0.12182462,0.03116474,-0.00425916
0.12192464,0.03260939,-0.00416349
0.12202466,0.03250263,-0.00424478
0.12212468,0.03163034,-0.00425903
0.12222470,0.03176314,-0.00436602
0.12232472,0.03217036,-0.00450048
0.12242474,0.03339040,-0.00486281
0.12252476,0.03131970,-0.00484634
0.12262478,0.03315366,-0.00467687
0.12272480,0.03233532,-0.00483109
0.12282482,0.03191741,-0.00464587
0.12292484,0.03187656,-0.00426799
0.12302486,0.03405519,-0.00423048
0.12312488,0.03256459,-0.00420628
0.12322490,0.03346320,-0.00420218
0.12332492,0.03341919,-0.00435642
0.12342494,0.03550297,-0.00442615
0.12352496,0.03495536,-0.00466345
0.12362498,0.03391816,-0.00484256
0.12372500,0.03668687,-0.00469594
0.12382502,0.03547890,-0.00485125
0.12392504,0.03545594,-0.00479511
0.12402506,0.03438890,-0.00473235
0.12412508,0.03702020,-0.00474464
0.12422510,0.03852632,-0.00475542
0.12432512,0.04044519,-0.00483350
0.12442514,0.04046999,-0.00491456
0.12452516,0.03726432,-0.00496826
0.12462518,0.03671017,-0.00454842
0.12472520,0.03526777,-0.00438951
0.12482522,0.03524324,-0.00421980
0.12492524,0.03464747,-0.00432701
0.12502526,0.03719680,-0.00411868
0.12512528,0.03623699,-0.00426356
0.12522530,0.03714900,-0.00436052
0.12532532,0.03671919,-0.00439171
0.12542534,0.03629823,-0.00448456
0.12552536,0.03766201,-0.00457911
0.12562538,0.03594289,-0.00457295
0.12572540,0.03670184,-0.00458117
0.12582542,0.03341034,-0.00450647
0.12592544,0.03491442,-0.00399462
0.12602546,0.03324123,-0.00379640
0.12612548,0.03654972,-0.00359634
0.12622550,0.03694772,-0.00381637
0.12632552,0.03659697,-0.00400321
0.12642554,0.03524275,-0.00372197
0.12652556,0.03601227,-0.00363874
0.12662558,0.03368663,-0.00348523
0.12672560,0.03401498,-0.00338273
0.12682562,0.03455596,-0.00344123
0.12692564,0.03446771,-0.00353249
0.12702567,0.03590686,-0.00355989
0.12712568,0.03362748,-0.00364502
0.12722570,0.03266854,-0.00333084
0.12732572,0.03012123,-0.00321667
0.12742574,0.03208456,-0.00309060
0.12752576,0.03333586,-0.00327444
0.12762578,0.03379972,-0.00323073
0.12772580,0.03458096,-0.00317635
0.12782582,0.03296786,-0.00323921
0.12792584,0.03365881,-0.00289138
0.12802586,0.03197076,-0.00286443
0.12812589,0.03339574,-0.00268483
0.12822591,0.03189582,-0.00280909
0.12832593,0.03353227,-0.00278131
0.12842595,0.03203899,-0.00298413
0.12852596,0.03110946,-0.00281579
0.12862598,0.03267669,-0.00292088
0.12872600,0.03822603,-0.00298368
0.12882602,0.04274789,-0.00345345
0.12892604,0.04806554,-0.00409843
0.12902606,0.05041339,-0.00455297
0.12912608,0.04236849,-0.00535584
0.12922610,0.03269646,-0.00545852
0.12932613,0.00722115,-0.01016247
0.12942615,0.08500000,0.08500000
0.12952617,0.08500000,0.08500000
0.12962619,0.08500000,0.08500000
0.12972620,0.08500000,0.08500000
0.12982622,0.08500000,0.08500000
0.12992624,0.08500000,0.08500000
0.13002626,0.08500000,0.08500000
0.13012628,0.08500000,0.08500000
0.13022630,0.08500000,0.08500000
0.13032632,0.08500000,0.08500000
0.13042635,0.08500000,0.08500000
0.13052637,0.08500000,0.08500000
0.13062639,0.08500000,0.08500000
0.13072641,0.08500000,0.08500000
0.13082642,0.08500000,0.08500000
0.13092644,0.08500000,0.08500000
0.13102646,0.08500000,0.08500000
0.13112648,0.08500000,0.08500000
0.13122650,0.08500000,0.08500000
0.13132652,0.08500000,0.08500000
0.13142654,0.08500000,0.08500000
0.13152657,0.08500000,0.08500000
0.13162659,0.08500000,0.08500000
0.13172661,0.08500000,0.08500000
0.13182663,0.08500000,0.08500000
0.13192665,0.08500000,0.08500000
0.13202666,0.08500000,0.08500000
0.13212668,0.08500000,0.08500000
0.13222670,0.08500000,0.08500000
0.13232672,0.08500000,0.08500000
0.13242674,0.08500000,0.08500000
0.13252676,0.08500000,0.08500000
0.13262679,0.08500000,0.08500000
0.13272681,0.08500000,0.08500000
0.13282683,0.08500000,0.08500000
0.13292685,0.08500000,0.08500000
0.13302687,0.08500000,0.08500000
0.13312689,0.08500000,0.08500000
0.13322690,0.08500000,0.08500000
0.13332692,0.08500000,0.08500000
0.13342694,0.08500000,0.08500000
0.13352696,0.08500000,0.08500000
0.13362698,0.08500000,0.08500000
0.13372701,0.08500000,0.08500000
0.13382703,0.08500000,0.08500000
0.13392705,0.08500000,0.08500000
0.13402707,0.08500000,0.08500000
0.13412709,0.08500000,0.08500000
0.13422711,0.08500000,0.08500000
0.13432712,0.08500000,0.08500000
0.13442714,0.08500000,0.08500000
0.13452716,0.08500000,0.08500000
0.13462718,0.08500000,0.08500000
0.13472720,0.08500000,0.08500000
0.13482722,0.08500000,0.08500000
0.13492725,0.08500000,0.08500000
0.13502727,0.08500000,0.08500000
0.13512729,0.08500000,0.08500000
0.13522731,0.08500000,0.08500000
0.13532733,0.08500000,0.08500000
0.13542735,0.08500000,0.08500000
0.13552736,0.08500000,0.08500000
0.13562738,0.08500000,0.08500000
0.13572740,0.08500000,0.08500000
0.13582742,0.08500000,0.08500000
0.13592744,0.08500000,0.08500000
0.13602747,0.08500000,0.08500000
0.13612749,0.08500000,0.08500000
0.13622751,0.08500000,0.08500000
0.13632753,0.08500000,0.08500000
0.13642755,0.08500000,0.08500000
0.13652757,0.08500000,0.08500000
0.13662758,0.08500000,0.08500000
0.13672760,0.08500000,0.08500000
0.13682762,0.08500000,0.08500000
0.13692764,0.08500000,0.08500000
0.13702766,0.08500000,0.08500000
0.13712769,0.08500000,0.08500000
0.13722771,0.08500000,0.08500000
0.13732773,0.08500000,0.08500000
0.13742775,0.08500000,0.08500000
0.13752777,0.08500000,0.08500000
0.13762779,0.08500000,0.08500000
0.13772781,0.08500000,0.08500000
0.13782782,0.08500000,0.08500000
0.13792784,0.08500000,0.08500000
0.13802786,0.08500000,0.08500000
0.13812788,0.08500000,0.08500000
0.13822791,0.08500000,0.08500000
0.13832793,0.08500000,0.08500000
0.13842795,0.08500000,0.08500000
0.13852797,0.08500000,0.08500000
0.13862799,0.08500000,0.08500000
0.13872801,0.08500000,0.08500000
0.13882803,0.08500000,0.08500000
0.13892805,0.08500000,0.08500000
0.13902806,0.08500000,0.08500000
0.13912808,0.08500000,0.08500000
0.13922810,0.08500000,0.08500000
0.13932812,0.08500000,0.08500000
0.13942815,0.08500000,0.08500000
0.13952817,0.08500000,0.08500000
0.13962819,0.08500000,0.08500000
0.13972821,0.08500000,0.08500000
0.13982823,0.08500000,0.08500000
0.13992825,0.08500000,0.08500000
0.14002827,0.08500000,0.08500000
0.14012828,0.08500000,0.08500000
0.14022830,0.08500000,0.08500000
0.14032832,0.08500000,0.08500000
0.14042834,0.08500000,0.08500000
0.14052837,0.08500000,0.08500000
0.14062839,0.08500000,0.08500000
0.14072841,0.08500000,0.08500000
0.14082843,0.08500000,0.08500000
0.14092845,0.08500000,0.08500000
0.14102847,0.08500000,0.08500000
0.14112849,0.08500000,0.08500000
0.14122852,0.08500000,0.08500000
0.14132852,0.08500000,0.08500000
0.14142854,0.08500000,0.08500000
0.14152856,0.08500000,0.08500000
0.14162859,0.08500000,0.08500000
0.14172861,0.08500000,0.08500000
0.14182863,0.08500000,0.08500000
0.14192865,0.08500000,0.08500000
0.14202867,0.08500000,0.08500000
0.14212869,0.08500000,0.08500000
0.14222871,0.08500000,0.08500000
0.14232874,0.08500000,0.08500000
0.14242874,0.08500000,0.08500000
0.14252876,0.08500000,0.08500000
0.14262878,0.08500000,0.08500000
0.14272881,0.08500000,0.08500000
0.14282883,0.08500000,0.08500000
0.14292885,0.08500000,0.08500000
0.14302887,0.08500000,0.08500000
0.14312889,0.08500000,0.08500000
0.14322891,0.08500000,0.08500000
0.14332893,0.08500000,0.08500000
0.14342896,0.08500000,0.08500000
0.14352898,0.08500000,0.08500000
0.14362898,0.08500000,0.08500000
0.14372900,0.08500000,0.08500000
0.14382903,0.08500000,0.08500000
0.14392905,0.08500000,0.08500000
0.14402907,0.08500000,0.08500000
0.14412909,0.08500000,0.08500000
0.14422911,0.08500000,0.08500000
0.14432913,0.08500000,0.08500000
0.14442915,0.08500000,0.08500000
0.14452917,0.08500000,0.08500000
0.14462920,0.08500000,0.08500000
0.14472922,0.08500000,0.08500000
0.14482922,0.08500000,0.08500000
0.14492924,0.08500000,0.08500000
0.14502927,0.02562498,-0.00495212
0.14512929,0.02770794,-0.00265227
0.14522931,0.02853473,-0.00171220
0.14532933,0.03086350,-0.00224726
0.14542935,0.03480714,-0.00330765
0.14552937,0.03626523,-0.00367039
0.14562939,0.03601335,-0.00354788
0.14572942,0.03648051,-0.00363800
0.14582944,0.03769699,-0.00471686
0.14592944,0.03739868,-0.00477642
0.14602946,0.03721244,-0.00500190
0.14612949,0.03710404,-0.00495296
0.14622951,0.03683753,-0.00522628
0.14632953,0.03610770,-0.00541412
0.14642955,0.03798998,-0.00555445
0.14652957,0.03691119,-0.00579078
0.14662959,0.03915945,-0.00574502
0.14672961,0.03890833,-0.00562366
0.14682964,0.04002222,-0.00553503
0.14692966,0.04157496,-0.00561713
0.14702968,0.03907329,-0.00533345
0.14712968,0.04043519,-0.00536736
0.14722971,0.04184287,-0.00523909
0.14732973,0.04006298,-0.00528714
0.14742975,0.04053034,-0.00522338
0.14752977,0.04125336,-0.00527833
0.14762979,0.04181424,-0.00501380
0.14772981,0.04028751,-0.00485030
0.14782983,0.04089166,-0.00456434
0.14792986,0.04138268,-0.00423044
0.14802988,0.04127520,-0.00407471
0.14812990,0.04116427,-0.00405113
0.14822990,0.04045251,-0.00404375
0.14832993,0.03997449,-0.00389459
0.14842995,0.04079668,-0.00400812
0.14852997,0.03817844,-0.00390836
0.14862999,0.03965613,-0.00384456
0.14873001,0.04105294,-0.00378900
0.14883003,0.03977514,-0.00370117
0.14893005,0.03930704,-0.00369297
0.14903008,0.04053745,-0.00349850
0.14913010,0.03907422,-0.00342507
0.14923012,0.04049346,-0.00339512
0.14933014,0.03922843,-0.00321038
0.14943015,0.04001577,-0.00328087
0.14953017,0.04018412,-0.00311949
0.14963019,0.03818678,-0.00281787
0.14973021,0.03708795,-0.00251095
0.14983023,0.03764416,-0.00210053
0.14993025,0.03558673,-0.00204079
0.15003027,0.03747784,-0.00190453
0.15013029,0.03638058,-0.00200906
0.15023032,0.03686706,-0.00192932
0.15033034,0.03575734,-0.00170598
0.15043036,0.03420534,-0.00182267
0.15053038,0.03629088,-0.00188879
0.15063039,0.03394337,-0.00185323
0.15073041,0.03581212,-0.00166432
0.15083043,0.03101930,-0.00129193
0.15093045,0.02901535,-0.00071764
0.15103047,0.02970263,-0.00013662
0.15113049,0.02880959,-0.00038128
0.15123051,0.03099635,-0.00014787
0.15133054,0.03023337,-0.00046303
0.15143056,0.03150772,-0.00039584
0.15153058,0.02883221,-0.00046619
0.15163060,0.02746637,0.00000935
0.15173061,0.02605450,0.00007057
0.15183063,0.02652055,0.00002405
0.15193065,0.02787476,0.00032740
0.15203067,0.02700894,0.00004039
0.15213069,0.02836557,0.00011823
0.15223071,0.02665379,-0.00002918
0.15233073,0.02732271,0.00000897
0.15243076,0.02606389,-0.00018629
0.15253078,0.02696430,-0.00011902
0.15263080,0.02582560,-0.00022831
0.15273082,0.02698012,-0.00007477
0.15283084,0.02469241,-0.00004679
0.15293085,0.02636936,0.00013781
0.15303087,0.02571885,0.00021897
0.15313089,0.02452828,0.00067361
0.15323091,0.02237827,0.00044156
0.15333093,0.02321772,0.00048837
0.15343095,0.02258050,0.00042024
0.15353098,0.02370430,0.00028203
0.15363100,0.02269285,0.00000986
0.15373102,0.02423645,0.00003715
0.15383104,0.02309839,-0.00003829
0.15393106,0.02310575,0.00016625
0.15403108,0.02235258,0.00008134
0.15413109,0.02457030,0.00005246
0.15423111,0.02455392,-0.00001924
0.15433113,0.02558214,-0.00009720
0.15443115,0.02417859,-0.00032703
0.15453117,0.02491865,-0.00031744
0.15463120,0.02384237,-0.00040832
0.15473122,0.02592067,-0.00045369
0.15483124,0.02536451,-0.00031175
0.15493126,0.02534884,-0.00034457
0.15503128,0.02478725,-0.00038628
0.15513130,0.02577733,-0.00033218
0.15523131,0.02498037,-0.00069224
0.15533133,0.02717918,-0.00079798
0.15543135,0.02614739,-0.00130105
0.15553137,0.02760696,-0.00156195
0.15563139,0.02667699,-0.00156502
0.15573141,0.02841016,-0.00161680
0.15583144,0.02734352,-0.00205993
0.15593146,0.02818252,-0.00183209
0.15603148,0.02802293,-0.00187469
0.15613150,0.02915529,-0.00169450
0.15623152,0.02944377,-0.00185471
0.15633154,0.02725327,-0.00182864
0.15643155,0.02855847,-0.00196145
0.15653157,0.02903544,-0.00206087
0.15663159,0.03098892,-0.00230204
0.15673161,0.03051536,-0.00243904
0.15683163,0.03267570,-0.00238024
0.15693166,0.03306982,-0.00234986
0.15703168,0.03136762,-0.00240341
0.15713170,0.03168745,-0.00226040
0.15723172,0.03324450,-0.00253759
0.15733174,0.03150620,-0.00251291
0.15743176,0.03109333,-0.00253338
0.15753177,0.03058464,-0.00274915
0.15763179,0.03104652,-0.00260757
0.15773181,0.03032388,-0.00253129
0.15783183,0.03242301,-0.00235887
0.15793185,0.03308212,-0.00255742
0.15803188,0.03405430,-0.00243006
0.15813190,0.03234588,-0.00260862
0.15823192,0.03341845,-0.00244076
0.15833194,0.03375700,-0.00270780
0.15843196,0.03413560,-0.00271210
0.15853198,0.03234819,-0.00285921
0.15863200,0.03324044,-0.00284427
0.15873201,0.03263113,-0.00286090
0.15883203,0.03502104,-0.00294395
0.15893205,0.03388374,-0.00310809
0.15903207,0.03320295,-0.00290415
0.15913210,0.03150610,-0.00261826
0.15923212,0.03174492,-0.00268749
0.15933214,0.03292789,-0.00270812
0.15943216,0.03313889,-0.00288017
0.15953218,0.03441823,-0.00300020
0.15963220,0.03378906,-0.00286725
0.15973222,0.03507471,-0.00289442
0.15983224,0.03176410,-0.00292867
0.15993225,0.03226401,-0.00252571
0.16003227,0.03006218,-0.00242769
0.16013229,0.03199738,-0.00231787
0.16023232,0.03175698,-0.00250543
0.16033234,0.03436547,-0.00273376
0.16043236,0.03359061,-0.00284804
0.16053238,0.03452775,-0.00289045
0.16063240,0.03087705,-0.00286837
0.16073242,0.03296754,-0.00256195
0.16083244,0.03353330,-0.00244778
0.16093246,0.03276177,-0.00235588
0.16103247,0.03032144,-0.00207540
0.16113249,0.03283167,-0.00203414
0.16123251,0.03319995,-0.00211706
0.16133253,0.03503282,-0.00226037
0.16143256,0.03478726,-0.00237970
0.16153258,0.03199781,-0.00236034
0.16163260,0.03150526,-0.00211897
0.16173262,0.02826682,-0.00203185
0.16183264,0.03047131,-0.00202862
0.16193266,0.03102258,-0.00215817
0.16203268,0.03245454,-0.00204321
0.16213271,0.03049516,-0.00213182
0.16223271,0.03131696,-0.00220540
0.16233273,0.02875117,-0.00224037
0.16243275,0.02848541,-0.00225922
0.16253278,0.02796587,-0.00225523
0.16263280,0.02971447,-0.00211723
0.16273282,0.02955075,-0.00218239
0.16283284,0.02876946,-0.00236675
0.16293286,0.02977544,-0.00210649
0.16303288,0.02879575,-0.00181839
0.16313290,0.02739019,-0.00181131
0.16323293,0.02997683,-0.00186234
0.16333293,0.03070120,-0.00206578
0.16343295,0.03023616,-0.00243971
0.16353297,0.03113282,-0.00253413
0.16363300,0.02952464,-0.00239021
0.16373302,0.03017909,-0.00260602
0.16383304,0.03103812,-0.00259860
0.16393306,0.03214030,-0.00247314
0.16403308,0.03059639,-0.00241745
0.16413310,0.03075722,-0.00227078
0.16423312,0.02892218,-0.00211489
0.16433315,0.02975660,-0.00215778
0.16443317,0.03036948,-0.00237023
0.16453317,0.03357797,-0.00251964
0.16463319,0.03170991,-0.00250132
0.16473322,0.03219524,-0.00216537
0.16483324,0.02971542,-0.00197195
0.16493326,0.02982257,-0.00171993
0.16503328,0.02951714,-0.00157117
0.16513330,0.03054149,-0.00177627
0.16523332,0.03023029,-0.00188899
0.16533334,0.02950681,-0.00232048
0.16543336,0.03040874,-0.00233370
0.16553339,0.02770346,-0.00248238
0.16563341,0.02954761,-0.00233671
0.16573341,0.02994347,-0.00239144
0.16583344,0.03115196,-0.00231680
0.16593346,0.03085559,-0.00232835
0.16603348,0.03298868,-0.00221285
0.16613350,0.03178138,-0.00234062
0.16623352,0.03257264,-0.00231290
0.16633354,0.03064244,-0.00238001
0.16643356,0.03156794,-0.00234011
0.16653358,0.02978050,-0.00216241
0.16663361,0.03042579,-0.00196932
0.16673363,0.03098501,-0.00203501
0.16683363,0.03252860,-0.00231663
0.16693365,0.03327388,-0.00218383
0.16703368,0.03041349,-0.00226755
0.16713370,0.03211071,-0.00223812
0.16723372,0.03049516,-0.00248052
0.16733374,0.03110737,-0.00229456
0.16743376,0.02892974,-0.00232591
0.16753378,0.03027717,-0.00204731
0.16763380,0.02977524,-0.00178475
0.16773383,0.02724618,-0.00187223
0.16783385,0.02802931,-0.00189926
0.16793387,0.03037103,-0.00177816
0.16803387,0.02768997,-0.00165187
0.16813390,0.02717462,-0.00136164
0.16823392,0.02588148,-0.00135148
0.16833394,0.02827480,-0.00137168
0.16843396,0.02819959,-0.00188100
0.16853398,0.02956838,-0.00218751
0.16863400,0.03085611,-0.00231452
0.16873402,0.03023668,-0.00252306
0.16883405,0.02931179,-0.00249929
0.16893407,0.02846814,-0.00248337
0.16903409,0.03119724,-0.00254548
0.16913409,0.03121822,-0.00279000
0.16923412,0.03363651,-0.00290210
0.16933414,0.03029764,-0.00298772
0.16943416,0.02957332,-0.00278252
0.16953418,0.02877180,-0.00279147
0.16963420,0.03155942,-0.00268685
0.16973422,0.03208967,-0.00278692
0.16983424,0.03137348,-0.00303088
0.16993427,0.03202651,-0.00274714
0.17003429,0.03071474,-0.00276410
0.17013431,0.03219197,-0.00279456
0.17023433,0.03220985,-0.00327038
0.17033434,0.03061082,-0.00342271
0.17043436,0.03526880,-0.00325871
0.17053438,0.04320952,-0.00361306
0.17063440,0.05059973,-0.00426238
0.17073442,0.04874251,-0.00441344
0.17083444,0.04387401,-0.00458762
0.17093446,0.03641881,-0.00642032
0.17103448,-0.00051893,-0.00842437
0.17113451,0.08500000,0.08500000
0.17123453,0.08500000,0.08500000
0.17133455,0.08500000,0.08500000
0.17143457,0.08500000,0.08500000
0.17153458,0.08500000,0.08500000
0.17163460,0.08500000,0.08500000
0.17173462,0.08500000,0.08500000
0.17183464,0.08500000,0.08500000
0.17193466,0.08500000,0.08500000
0.17203468,0.08500000,0.08500000
0.17213470,0.08500000,0.08500000
0.17223473,0.08500000,0.08500000
0.17233475,0.08500000,0.08500000
0.17243477,0.08500000,0.08500000
0.17253479,0.08500000,0.08500000
0.17263480,0.08500000,0.08500000
0.17273482,0.08500000,0.08500000
0.17283484,0.08500000,0.08500000
0.17293486,0.08500000,0.08500000
0.17303488,0.08500000,0.08500000
0.17313490,0.08500000,0.08500000
0.17323492,0.08500000,0.08500000
0.17333495,0.08500000,0.08500000
0.17343497,0.08500000,0.08500000
0.17353499,0.08500000,0.08500000
0.17363501,0.08500000,0.08500000
0.17373503,0.08500000,0.08500000
0.17383504,0.08500000,0.08500000
0.17393506,0.08500000,0.08500000
0.17403508,0.08500000,0.08500000
0.17413510,0.08500000,0.08500000
0.17423512,0.08500000,0.08500000
0.17433514,0.08500000,0.08500000
0.17443517,0.08500000,0.08500000
0.17453519,0.08500000,0.08500000
0.17463521,0.08500000,0.08500000
0.17473523,0.08500000,0.08500000
0.17483525,0.08500000,0.08500000
0.17493527,0.08500000,0.08500000
0.17503528,0.08500000,0.08500000
0.17513530,0.08500000,0.08500000
0.17523532,0.08500000,0.08500000
0.17533534,0.08500000,0.08500000
0.17543536,0.08500000,0.08500000
0.17553539,0.08500000,0.08500000
0.17563541,0.08500000,0.08500000
0.17573543,0.08500000,0.08500000
0.17583545,0.08500000,0.08500000
0.17593547,0.08500000,0.08500000
0.17603549,0.08500000,0.08500000
0.17613550,0.08500000,0.08500000
0.17623552,0.08500000,0.08500000
0.17633554,0.08500000,0.08500000
0.17643556,0.08500000,0.08500000
0.17653558,0.08500000,0.08500000
0.17663560,0.08500000,0.08500000
0.17673563,0.08500000,0.08500000
0.17683565,0.08500000,0.08500000
0.17693567,0.08500000,0.08500000
0.17703569,0.08500000,0.08500000
0.17713571,0.08500000,0.08500000
0.17723573,0.08500000,0.08500000
0.17733574,0.08500000,0.08500000
0.17743576,0.08500000,0.08500000
0.17753578,0.08500000,0.08500000
0.17763580,0.08500000,0.08500000
0.17773582,0.08500000,0.08500000
0.17783585,0.08500000,0.08500000
0.17793587,0.08500000,0.08500000
0.17803589,0.08500000,0.08500000
0.17813591,0.08500000,0.08500000
0.17823593,0.08500000,0.08500000
0.17833595,0.08500000,0.08500000
0.17843596,0.08500000,0.08500000
0.17853598,0.08500000,0.08500000
0.17863600,0.08500000,0.08500000
0.17873602,0.08500000,0.08500000
0.17883604,0.08500000,0.08500000
0.17893607,0.08500000,0.08500000
0.17903609,0.08500000,0.08500000
0.17913611,0.08500000,0.08500000
0.17923613,0.08500000,0.08500000
0.17933615,0.08500000,0.08500000
0.17943617,0.08500000,0.08500000
0.17953619,0.08500000,0.08500000
0.17963620,0.08500000,0.08500000
0.17973622,0.08500000,0.08500000
0.17983624,0.08500000,0.08500000
0.17993626,0.08500000,0.08500000
0.18003629,0.08500000,0.08500000
0.18013631,0.08500000,0.08500000
0.18023633,0.08500000,0.08500000
0.18033635,0.08500000,0.08500000
0.18043637,0.08500000,0.08500000
0.18053639,0.08500000,0.08500000
0.18063641,0.08500000,0.08500000
0.18073643,0.08500000,0.08500000
0.18083644,0.08500000,0.08500000
0.18093646,0.08500000,0.08500000
0.18103648,0.08500000,0.08500000
0.18113651,0.08500000,0.08500000
0.18123653,0.08500000,0.08500000
0.18133655,0.08500000,0.08500000
0.18143657,0.08500000,0.08500000
0.18153659,0.08500000,0.08500000
0.18163661,0.08500000,0.08500000
0.18173663,0.08500000,0.08500000
0.18183665,0.08500000,0.08500000
0.18193666,0.08500000,0.08500000
0.18203668,0.08500000,0.08500000
0.18213670,0.08500000,0.08500000
0.18223672,0.08500000,0.08500000
0.18233675,0.08500000,0.08500000
0.18243677,0.08500000,0.08500000
0.18253679,0.08500000,0.08500000
0.18263681,0.08500000,0.08500000
0.18273683,0.08500000,0.08500000
0.18283685,0.08500000,0.08500000
0.18293687,0.08500000,0.08500000
0.18303690,0.08500000,0.08500000
0.18313690,0.08500000,0.08500000
0.18323692,0.08500000,0.08500000
0.18333694,0.08500000,0.08500000
0.18343697,0.08500000,0.08500000
0.18353699,0.08500000,0.08500000
0.18363701,0.08500000,0.08500000
0.18373703,0.08500000,0.08500000
0.18383705,0.08500000,0.08500000
0.18393707,0.08500000,0.08500000
0.18403709,0.08500000,0.08500000
0.18413712,0.08500000,0.08500000
0.18423712,0.08500000,0.08500000
0.18433714,0.08500000,0.08500000
0.18443716,0.00896427,0.00261948
0.18453719,0.01154386,0.00237225
0.18463721,0.01275392,0.00226921
0.18473723,0.01762326,0.00068894
0.18483725,0.02218297,-0.00054508
0.18493727,0.02690852,-0.00169647
0.18503729,0.02809371,-0.00211428
0.18513731,0.03006992,-0.00239248
0.18523734,0.03213663,-0.00360704
0.18533736,0.03307165,-0.00437899
0.18543736,0.03325378,-0.00509715
0.18553738,0.03340168,-0.00531007
0.18563741,0.03380990,-0.00569180
0.18573743,0.03498863,-0.00595395
0.18583745,0.03662292,-0.00615143
0.18593747,0.03770567,-0.00632227
0.18603749,0.03889179,-0.00629898
0.18613751,0.03758656,-0.00626687
0.18623753,0.03836527,-0.00610701
0.18633755,0.03940612,-0.00609694
0.18643758,0.03977473,-0.00599348
0.18653760,0.04095950,-0.00631458
0.18663760,0.04174247,-0.00592640
0.18673763,0.04021855,-0.00616489
0.18683765,0.04097035,-0.00597746
0.18693767,0.04144841,-0.00619912
0.18703769,0.03934036,-0.00591392
0.18713771,0.04039703,-0.00608806
0.18723773,0.04196122,-0.00605886
0.18733775,0.04312359,-0.00585333
0.18743777,0.04413481,-0.00565149
0.18753780,0.04213042,-0.00549487
0.18763782,0.04204776,-0.00515977
0.18773782,0.04073769,-0.00506175
0.18783784,0.04284603,-0.00509357
0.18793787,0.04130679,-0.00497398
0.18803789,0.04218111,-0.00489286
0.18813791,0.04069909,-0.00468793
0.18823793,0.04283670,-0.00492792
0.18833795,0.04226037,-0.00465060
0.18843797,0.04220542,-0.00472537
0.18853799,0.04026682,-0.00438410
0.18863802,0.04156559,-0.00447660
0.18873804,0.04135549,-0.00425265
0.18883806,0.04087314,-0.00453955
0.18893806,0.03856738,-0.00427193
0.18903809,0.03844279,-0.00416525
0.18913811,0.03946035,-0.00382442
0.18923813,0.03817935,-0.00393500
0.18933815,0.03858131,-0.00367688
0.18943817,0.03707634,-0.00342540
0.18953819,0.03770499,-0.00342964
0.18963821,0.03620250,-0.00309402
0.18973824,0.03754203,-0.00320331
0.18983826,0.03572075,-0.00298336
0.18993828,0.03791827,-0.00308419
0.19003828,0.03725742,-0.00297474
0.19013831,0.03899638,-0.00318899
0.19023833,0.03750851,-0.00270435
0.19033835,0.03917581,-0.00303234
0.19043837,0.03748059,-0.00278685
0.19053839,0.03570600,-0.00260283
0.19063841,0.03086168,-0.00190911
0.19073843,0.03162456,-0.00186792
0.19083846,0.02952177,-0.00164302
0.19093848,0.03032204,-0.00170202
0.19103850,0.02747691,-0.00132535
0.19113852,0.02856999,-0.00118068
0.19123853,0.02779711,-0.00116237
0.19133855,0.02916592,-0.00101046
0.19143857,0.02925505,-0.00083800
0.19153859,0.03014464,-0.00097036
0.19163861,0.02964215,-0.00113381
0.19173863,0.03010761,-0.00093378
0.19183865,0.03103354,-0.00092050
0.19193867,0.02956778,-0.00103020
0.19203870,0.02930021,-0.00095322
0.19213872,0.02666442,-0.00082019
0.19223874,0.02712142,-0.00071201
0.19233876,0.02520971,-0.00077844
0.19243877,0.02667639,-0.00046197
0.19253879,0.02561173,-0.00054608
0.19263881,0.02539728,-0.00044403
0.19273883,0.02353059,-0.00038597
0.19283885,0.02453107,-0.00034244
0.19293887,0.02399143,-0.00060590
0.19303889,0.02548127,-0.00037095
0.19313892,0.02520549,-0.00067545
0.19323894,0.02620323,-0.00051659
0.19333896,0.02557070,-0.00062706
0.19343898,0.02539291,-0.00051386
0.19353899,0.02465493,-0.00068664
0.19363901,0.02499829,-0.00047117
0.19373903,0.02403675,-0.00074374
0.19383905,0.02584613,-0.00090684
0.19393907,0.02517489,-0.00119818
0.19403909,0.02609383,-0.00098271
0.19413911,0.02476461,-0.00109636
0.19423914,0.02503191,-0.00082730
0.19433916,0.02502056,-0.00095031
0.19443918,0.02709729,-0.00084665
0.19453920,0.02659792,-0.00104352
0.19463922,0.02742740,-0.00097102
0.19473923,0.02619532,-0.00114493
0.19483925,0.02500685,-0.00152780
0.19493927,0.02640901,-0.00157328
0.19503929,0.02487477,-0.00181445
0.19513931,0.02672329,-0.00185797
0.19523933,0.02630533,-0.00226707
0.19533936,0.02699566,-0.00207204
0.19543938,0.02717886,-0.00259522
0.19553940,0.02805037,-0.00270805
0.19563942,0.02761021,-0.00280968
0.19573944,0.02880884,-0.00290265
0.19583946,0.02900167,-0.00323225
0.19593947,0.03060960,-0.00334321
0.19603949,0.03288321,-0.00323430
0.19613951,0.03219799,-0.00330462
0.19623953,0.03137299,-0.00329746
0.19633955,0.03271856,-0.00310723
0.19643958,0.03143882,-0.00315019
0.19653960,0.03236711,-0.00321181
0.19663962,0.03037257,-0.00318476
0.19673964,0.03112910,-0.00313843
0.19683966,0.03092569,-0.00315925
0.19693968,0.03336679,-0.00328806
0.19703969,0.03264354,-0.00337293
0.19713971,0.03397933,-0.00340495
0.19723973,0.03187661,-0.00324138
0.19733975,0.03372815,-0.00331241
0.19743977,0.03335850,-0.00345918
0.19753979,0.03554184,-0.00342039
0.19763982,0.03307081,-0.00320049
0.19773984,0.03352284,-0.00309129
0.19783986,0.03266864,-0.00298490
0.19793988,0.03511601,-0.00308532
0.19803990,0.03417565,-0.00299649
0.19813992,0.03523792,-0.00318410
0.19823993,0.03314208,-0.00308471
0.19833995,0.03202512,-0.00313633
0.19843997,0.03373131,-0.00309223
0.19853999,0.03154931,-0.00328995
0.19864001,0.03397592,-0.00320347
0.19874004,0.03249090,-0.00348923
0.19884006,0.03299817,-0.00356131
0.19894008,0.03151323,-0.00345122
0.19904010,0.03314913,-0.00328190
0.19914012,0.03313810,-0.00350231
0.19924014,0.03400330,-0.00349306
0.19934015,0.03241403,-0.00335182
0.19944017,0.03223700,-0.00316976
0.19954019,0.03030852,-0.00298923
0.19964021,0.03063836,-0.00310397
0.19974023,0.03208196,-0.00310621
0.19984026,0.03462837,-0.00318620
0.19994028,0.03395763,-0.00323827
0.20004030,0.03187639,-0.00341629
0.20014032,0.03136462,-0.00319332
0.20024034,0.03050073,-0.00310117
0.20034036,0.03060619,-0.00324268
0.20044038,0.03400344,-0.00322694
0.20054039,0.03223636,-0.00337040
0.20064041,0.03223115,-0.00338004
0.20074043,0.03468767,-0.00347634
0.20084045,0.03255517,-0.00351399
0.20094048,0.03216868,-0.00333284
0.20104050,0.03044229,-0.00326012
0.20114052,0.03169179,-0.00309631
0.20124054,0.03206122,-0.00304545
0.20134056,0.03446200,-0.00303541
0.20144058,0.03187711,-0.00311006
0.20154060,0.03307965,-0.00293862
0.20164062,0.03058108,-0.00270029
0.20174063,0.03144227,-0.00264675
0.20184065,0.03263264,-0.00302065
0.20194067,0.03361237,-0.00333670
0.20204070,0.03518574,-0.00344437
0.20214072,0.03216972,-0.00361496
0.20224074,0.03197096,-0.00343628
0.20234076,0.02977908,-0.00347871
0.20244078,0.03218624,-0.00351959
0.20254080,0.03246210,-0.00366033
0.20264082,0.03481296,-0.00370235
0.20274084,0.03262193,-0.00363229
0.20284085,0.03376936,-0.00337259
0.20294087,0.03123790,-0.00318421
0.20304089,0.03238768,-0.00309707
0.20314091,0.03310945,-0.00316246
0.20324094,0.03547424,-0.00323351
0.20334096,0.03577733,-0.00327291
0.20344098,0.03395939,-0.00310482
0.20354100,0.03172980,-0.00302148
0.20364102,0.02961934,-0.00302184
0.20374104,0.03130357,-0.00297459
0.20384106,0.03209727,-0.00328569
0.20394109,0.03539306,-0.00338799
0.20404109,0.03513315,-0.00367177
0.20414111,0.03376095,-0.00333237
0.20424113,0.03074006,-0.00303722
0.20434116,0.03185808,-0.00257527
0.20444118,0.03204639,-0.00250710
0.20454120,0.03381569,-0.00269605
0.20464122,0.03295672,-0.00286639
0.20474124,0.03259975,-0.00283544
0.20484126,0.03270952,-0.00238432
0.20494128,0.03303801,-0.00262418
0.20504131,0.03357384,-0.00259312
0.20514131,0.02973693,-0.00256728
0.20524133,0.02951350,-0.00224154
0.20534135,0.02934564,-0.00252912
0.20544138,0.03242881,-0.00251704
0.20554140,0.03140886,-0.00290941
0.20564142,0.03055272,-0.00266593
0.20574144,0.02800747,-0.00252981
0.20584146,0.03001089,-0.00267868
0.20594148,0.03089204,-0.00231121
0.20604150,0.03104195,-0.00242933
0.20614153,0.03157097,-0.00238708
0.20624155,0.03174221,-0.00218025
0.20634155,0.02918429,-0.00220084
0.20644157,0.02971841,-0.00217655
0.20654160,0.02967414,-0.00209332
0.20664162,0.03030097,-0.00228157
0.20674164,0.03254659,-0.00219753
0.20684166,0.03118971,-0.00238697
0.20694168,0.03064739,-0.00244036
0.20704170,0.02905866,-0.00235562
0.20714172,0.02921044,-0.00218139
0.20724174,0.02870324,-0.00239368
0.20734177,0.03150749,-0.00234391
0.20744179,0.03128242,-0.00225558
0.20754179,0.03060544,-0.00236519
0.20764182,0.02887312,-0.00218729
0.20774184,0.02801378,-0.00211049
0.20784186,0.02827900,-0.00182445
0.20794188,0.02857826,-0.00205207
0.20804190,0.03069424,-0.00197958
0.20814192,0.03089642,-0.00227904
0.20824194,0.03159786,-0.00211775
0.20834196,0.02897753,-0.00222062
0.20844199,0.02887194,-0.00208223
0.20854201,0.02918696,-0.00214738
0.20864201,0.02894577,-0.00224367
0.20874203,0.02935604,-0.00242248
0.20884206,0.02956818,-0.00245144
0.20894208,0.03109325,-0.00259589
0.20904210,0.03127271,-0.00298774
0.20914212,0.03238307,-0.00304340
0.20924214,0.02999091,-0.00308834
0.20934216,0.02897393,-0.00266192
0.20944218,0.02838349,-0.00264040
0.20954221,0.03077993,-0.00263359
0.20964223,0.03199962,-0.00308713
0.20974225,0.03210289,-0.00321738
0.20984225,0.03859963,-0.00315347
0.20994228,0.04261146,-0.00316150
0.21004230,0.04565863,-0.00322756
0.21014232,0.04819704,-0.00371490
0.21024234,0.04600826,-0.00461497
0.21034236,0.02290624,-0.00536355
0.21044238,-0.01269171,-0.01212094
0.21054240,0.08500000,0.08500000
0.21064243,0.08500000,0.08500000
0.21074245,0.08500000,0.08500000
0.21084247,0.08500000,0.08500000
0.21094247,0.08500000,0.08500000
0.21104250,0.08500000,0.08500000
0.21114252,0.08500000,0.08500000
0.21124254,0.08500000,0.08500000
0.21134256,0.08500000,0.08500000
0.21144258,0.08500000,0.08500000
0.21154260,0.08500000,0.08500000
0.21164262,0.08500000,0.08500000
0.21174265,0.08500000,0.08500000
0.21184267,0.08500000,0.08500000
0.21194269,0.08500000,0.08500000
0.21204271,0.08500000,0.08500000
0.21214272,0.08500000,0.08500000
0.21224274,0.08500000,0.08500000
0.21234276,0.08500000,0.08500000
0.21244278,0.08500000,0.08500000
0.21254280,0.08500000,0.08500000
0.21264282,0.08500000,0.08500000
0.21274284,0.08500000,0.08500000
0.21284286,0.08500000,0.08500000
0.21294289,0.08500000,0.08500000
0.21304291,0.08500000,0.08500000
0.21314293,0.08500000,0.08500000
0.21324295,0.08500000,0.08500000
0.21334296,0.08500000,0.08500000
0.21344298,0.08500000,0.08500000
0.21354300,0.08500000,0.08500000
0.21364302,0.08500000,0.08500000
0.21374304,0.08500000,0.08500000
0.21384306,0.08500000,0.08500000
0.21394308,0.08500000,0.08500000
0.21404311,0.08500000,0.08500000
0.21414313,0.08500000,0.08500000
0.21424315,0.08500000,0.08500000
0.21434317,0.08500000,0.08500000
0.21444318,0.08500000,0.08500000
0.21454320,0.08500000,0.08500000
0.21464322,0.08500000,0.08500000
0.21474324,0.08500000,0.08500000
0.21484326,0.08500000,0.08500000
0.21494328,0.08500000,0.08500000
0.21504330,0.08500000,0.08500000
0.21514333,0.08500000,0.08500000
0.21524335,0.08500000,0.08500000
0.21534337,0.08500000,0.08500000
0.21544339,0.08500000,0.08500000
0.21554341,0.08500000,0.08500000
0.21564342,0.08500000,0.08500000
0.21574344,0.08500000,0.08500000
0.21584346,0.08500000,0.08500000
0.21594348,0.08500000,0.08500000
0.21604350,0.08500000,0.08500000
0.21614352,0.08500000,0.08500000
0.21624355,0.08500000,0.08500000
0.21634357,0.08500000,0.08500000
0.21644359,0.08500000,0.08500000
0.21654361,0.08500000,0.08500000
0.21664363,0.08500000,0.08500000
0.21674365,0.08500000,0.08500000
0.21684366,0.08500000,0.08500000
0.21694368,0.08500000,0.08500000
0.21704370,0.08500000,0.08500000
0.21714372,0.08500000,0.08500000
0.21724374,0.08500000,0.08500000
0.21734377,0.08500000,0.08500000
0.21744379,0.08500000,0.08500000
0.21754381,0.08500000,0.08500000
0.21764383,0.08500000,0.08500000
0.21774385,0.08500000,0.08500000
0.21784387,0.08500000,0.08500000
0.21794388,0.08500000,0.08500000
0.21804390,0.08500000,0.08500000
0.21814392,0.08500000,0.08500000
0.21824394,0.08500000,0.08500000
0.21834396,0.08500000,0.08500000
0.21844398,0.08500000,0.08500000
0.21854401,0.08500000,0.08500000
0.21864403,0.08500000,0.08500000
0.21874405,0.08500000,0.08500000
0.21884407,0.08500000,0.08500000
0.21894409,0.08500000,0.08500000
0.21904411,0.08500000,0.08500000
0.21914412,0.08500000,0.08500000
0.21924414,0.08500000,0.08500000
0.21934416,0.08500000,0.08500000
0.21944418,0.08500000,0.08500000
0.21954420,0.08500000,0.08500000
0.21964423,0.08500000,0.08500000
0.21974425,0.08500000,0.08500000
0.21984427,0.08500000,0.08500000
0.21994429,0.08500000,0.08500000
0.22004431,0.08500000,0.08500000
0.22014433,0.08500000,0.08500000
0.22024434,0.08500000,0.08500000
0.22034436,0.08500000,0.08500000
0.22044438,0.08500000,0.08500000
0.22054440,0.08500000,0.08500000
0.22064442,0.08500000,0.08500000
0.22074445,0.08500000,0.08500000
0.22084447,0.08500000,0.08500000
0.22094449,0.08500000,0.08500000
0.22104451,0.08500000,0.08500000
0.22114453,0.08500000,0.08500000
0.22124455,0.08500000,0.08500000
0.22134457,0.08500000,0.08500000
0.22144458,0.08500000,0.08500000
0.22154460,0.08500000,0.08500000
0.22164462,0.08500000,0.08500000
0.22174464,0.08500000,0.08500000
0.22184467,0.08500000,0.08500000
0.22194469,0.08500000,0.08500000
0.22204471,0.08500000,0.08500000
0.22214473,0.08500000,0.08500000
0.22224475,0.08500000,0.08500000
0.22234477,0.08500000,0.08500000
0.22244479,0.08500000,0.08500000
0.22254482,0.08500000,0.08500000
0.22264482,0.08500000,0.08500000
0.22274484,0.08500000,0.08500000
0.22284486,0.08500000,0.08500000
0.22294489,0.08500000,0.08500000
0.22304491,0.08500000,0.08500000
0.22314493,0.08500000,0.08500000
0.22324495,0.08500000,0.08500000
0.22334497,0.08500000,0.08500000
0.22344499,0.08500000,0.08500000
0.22354501,0.08500000,0.08500000
0.22364503,0.08500000,0.08500000
0.22374504,0.08500000,0.08500000
0.22384506,0.08500000,0.08500000
0.22394508,0.01402251,-0.00166635
0.22404510,0.01713378,-0.00046352
0.22414513,0.01834972,-0.00058672
0.22424515,0.02067115,-0.00057557
0.22434517,0.02544104,-0.00156669
0.22444519,0.02798909,-0.00218987
0.22454521,0.02980644,-0.00219291
0.22464523,0.03110968,-0.00258429
0.22474525,0.03301936,-0.00362573
0.22484528,0.03334069,-0.00402757
0.22494528,0.03409281,-0.00451502
0.22504530,0.03422853,-0.00478589
0.22514532,0.03486183,-0.00529284
0.22524535,0.03517543,-0.00555263
0.22534537,0.03741166,-0.00596871
0.22544539,0.03838766,-0.00615232
0.22554541,0.03945048,-0.00627243
0.22564543,0.03916799,-0.00629943
0.22574545,0.04013336,-0.00606640
0.22584547,0.04076816,-0.00596573
0.22594550,0.03929501,-0.00588189
0.22604550,0.04108695,-0.00600392
0.22614552,0.03930562,-0.00560246
0.22624554,0.04096486,-0.00572608
0.22634557,0.04205573,-0.00567000
0.22644559,0.04039386,-0.00565640
0.22654561,0.04027051,-0.00551851
0.22664563,0.04244007,-0.00562693
0.22674565,0.04093531,-0.00538176
0.22684567,0.04425760,-0.00543375
0.22694569,0.04388190,-0.00531251
0.22704572,0.04565844,-0.00524793
0.22714574,0.04449452,-0.00524587
0.22724574,0.04417101,-0.00497202
0.22734576,0.04111243,-0.00492337
0.22744579,0.04265809,-0.00479161
0.22754581,0.04177566,-0.00469901
0.22764583,0.04263109,-0.00453891
0.22774585,0.03990683,-0.00415602
0.22784587,0.03926719,-0.00383609
0.22794589,0.03782905,-0.00361738
0.22804591,0.03998262,-0.00348348
0.22814594,0.03957849,-0.00344154
0.22824596,0.03933205,-0.00339926
0.22834598,0.03954523,-0.00327550
0.22844598,0.03772248,-0.00318912
0.22854601,0.03924423,-0.00308646
0.22864603,0.03697058,-0.00306642
0.22874605,0.03614230,-0.00269744
0.22884607,0.03410371,-0.00275011
0.22894609,0.03532586,-0.00269579
0.22904611,0.03442781,-0.00252853
0.22914613,0.03485300,-0.00248247
0.22924615,0.03365045,-0.00253965
0.22934618,0.03199590,-0.00233529
0.22944620,0.03172190,-0.00197626
0.22954620,0.03157241,-0.00216284
0.22964622,0.03151842,-0.00170964
0.22974625,0.03047833,-0.00178371
0.22984627,0.03251760,-0.00179344
0.22994629,0.03249063,-0.00179451
0.23004631,0.03369717,-0.00169864
0.23014633,0.02956790,-0.00165323
0.23024635,0.02992757,-0.00156065
0.23034637,0.03016810,-0.00152030
0.23044640,0.02939703,-0.00176424
0.23054642,0.03115487,-0.00167576
0.23064644,0.03048933,-0.00179269
0.23074644,0.03018444,-0.00153198
0.23084647,0.02844645,-0.00144491
0.23094649,0.02858213,-0.00115315
0.23104651,0.02606364,-0.00096561
0.23114653,0.02793633,-0.00084127
0.23124655,0.02767074,-0.00097219
0.23134657,0.02903839,-0.00090495
0.23144659,0.02837134,-0.00115230
0.23154662,0.02748037,-0.00111470
0.23164664,0.02483801,-0.00084360
0.23174666,0.02480702,-0.00069226
0.23184666,0.02379668,-0.00054107
0.23194669,0.02471916,-0.00065452
0.23204671,0.02420052,-0.00074618
0.23214673,0.02557932,-0.00088724
0.23224675,0.02460478,-0.00136203
0.23234677,0.02587703,-0.00149280
0.23244679,0.02573614,-0.00154551
0.23254681,0.02718760,-0.00160450
0.23264684,0.02624867,-0.00152715
0.23274686,0.02700185,-0.00149539
0.23284688,0.02599625,-0.00136718
0.23294690,0.02742638,-0.00130697
0.23304691,0.02718472,-0.00146464
0.23314693,0.02836989,-0.00134973
0.23324695,0.02778375,-0.00172110
0.23334697,0.02921865,-0.00149359
0.23344699,0.02814486,-0.00177351
0.23354701,0.02851010,-0.00158180
0.23364703,0.02719509,-0.00193109
0.23374706,0.02834824,-0.00180562
0.23384708,0.02770236,-0.00184604
0.23394710,0.02877308,-0.00161311
0.23404712,0.02667508,-0.00151867
0.23414714,0.02747408,-0.00149820
0.23424715,0.02682869,-0.00162638
0.23434717,0.02837574,-0.00186257
0.23444719,0.02795719,-0.00197164
0.23454721,0.02780109,-0.00204350
0.23464723,0.02777634,-0.00197826
0.23474725,0.02715783,-0.00194698
0.23484727,0.02878372,-0.00198502
0.23494730,0.02787826,-0.00230489
0.23504732,0.02911998,-0.00220179
0.23514734,0.02879073,-0.00255986
0.23524736,0.03097830,-0.00247488
0.23534737,0.03099367,-0.00283273
0.23544739,0.03137567,-0.00298339
0.23554741,0.03008512,-0.00316411
0.23564743,0.03227626,-0.00315978
0.23574745,0.03056668,-0.00327567
0.23584747,0.03266108,-0.00316552
0.23594749,0.03248887,-0.00322909
0.23604752,0.03411287,-0.00321946
0.23614754,0.03332906,-0.00313380
0.23624756,0.03366744,-0.00313688
0.23634758,0.03255817,-0.00322196
0.23644760,0.03323133,-0.00318591
0.23654761,0.03232763,-0.00311643
0.23664763,0.03515391,-0.00319533
0.23674765,0.03519254,-0.00323378
0.23684767,0.03590479,-0.00337861
0.23694769,0.03477741,-0.00338301
0.23704771,0.03228823,-0.00319190
0.23714774,0.03378889,-0.00326470
0.23724776,0.03363127,-0.00336057
0.23734778,0.03517297,-0.00353082
0.23744780,0.03247400,-0.00349222
0.23754782,0.03237308,-0.00329571
0.23764784,0.03100020,-0.00291958
0.23774785,0.03404491,-0.00277628
0.23784787,0.03400962,-0.00276167
0.23794789,0.03626063,-0.00275604
0.23804791,0.03473771,-0.00276863
0.23814793,0.03432181,-0.00263278
0.23824796,0.03128108,-0.00263183
0.23834798,0.03157571,-0.00251927
0.23844800,0.03182824,-0.00249415
0.23854802,0.03411932,-0.00257070
0.23864804,0.03363854,-0.00289556
0.23874806,0.03392805,-0.00288263
0.23884807,0.03127132,-0.00266467
0.23894809,0.03124804,-0.00238850
0.23904811,0.03024946,-0.00255196
0.23914813,0.03063075,-0.00253099
0.23924815,0.03095448,-0.00273888
0.23934818,0.03057765,-0.00280270
0.23944820,0.03118256,-0.00261260
0.23954822,0.03047141,-0.00270168
0.23964824,0.03101825,-0.00267813
0.23974826,0.02902733,-0.00259912
0.23984828,0.03141149,-0.00244520
0.23994830,0.02929934,-0.00252278
0.24004831,0.02943486,-0.00232401
0.24014833,0.02944175,-0.00242920
0.24024835,0.03178433,-0.00253411
0.24034837,0.03108393,-0.00273454
0.24044839,0.03134278,-0.00294112
0.24054842,0.02965175,-0.00267716
0.24064844,0.02949384,-0.00254725
0.24074846,0.03014723,-0.00252545
0.24084848,0.03024532,-0.00275052
0.24094850,0.03153791,-0.00258000
0.24104852,0.02886233,-0.00267757
0.24114853,0.03147816,-0.00248761
0.24124855,0.03046181,-0.00274099
0.24134857,0.03302203,-0.00269723
0.24144859,0.03271494,-0.00288412
0.24154861,0.03301713,-0.00308209
0.24164864,0.03222158,-0.00259110
0.24174866,0.02986075,-0.00259529
0.24184868,0.02818207,-0.00249708
0.24194870,0.03036311,-0.00249477
0.24204872,0.03190346,-0.00266646
0.24214874,0.03441243,-0.00300718
0.24224876,0.03453838,-0.00326311
0.24234877,0.03363940,-0.00344101
0.24244879,0.03298561,-0.00327788
0.24254881,0.03182380,-0.00328997
0.24264883,0.03116188,-0.00318068
0.24274886,0.03056242,-0.00327628
0.24284888,0.03344200,-0.00323062
0.24294890,0.03165033,-0.00322258
0.24304892,0.03169055,-0.00300158
0.24314894,0.03029443,-0.00289153
0.24324896,0.03134476,-0.00275938
0.24334898,0.03048582,-0.00261379
0.24344901,0.03322547,-0.00285011
0.24354901,0.03176060,-0.00297915
0.24364903,0.03238389,-0.00293390
0.24374905,0.03062741,-0.00288055
0.24384908,0.02919614,-0.00311503
0.24394910,0.03147555,-0.00283550
0.24404912,0.02907800,-0.00308422
0.24414914,0.03127284,-0.00274122
0.24424916,0.03070359,-0.00293516
0.24434918,0.03314354,-0.00299832
0.24444920,0.03089095,-0.00311655
0.24454922,0.03032597,-0.00289136
0.24464923,0.03014049,-0.00259989
0.24474925,0.03290516,-0.00261732
0.24484927,0.03352353,-0.00276883
0.24494930,0.03275320,-0.00288408
0.24504932,0.03169586,-0.00245270
0.24514934,0.02932142,-0.00257313
0.24524936,0.03070068,-0.00239773
0.24534938,0.03196845,-0.00284069
0.24544940,0.03220275,-0.00294656
0.24554942,0.03195421,-0.00308588
0.24564944,0.03413061,-0.00288774
0.24574947,0.03295843,-0.00320946
0.24584947,0.03388509,-0.00281648
0.24594949,0.03146539,-0.00272683
0.24604951,0.03270338,-0.00261605
0.24614954,0.03371413,-0.00270904
0.24624956,0.03670342,-0.00276584
0.24634958,0.03642100,-0.00294270
0.24644960,0.03492394,-0.00282473
0.24654962,0.03342570,-0.00255704
0.24664964,0.03344386,-0.00263498
0.24674966,0.03192734,-0.00239454
0.24684969,0.03004469,-0.00270871
0.24694969,0.03145066,-0.00241592
0.24704971,0.03131425,-0.00260327
0.24714973,0.03117000,-0.00241256
0.24724976,0.03080950,-0.00219524
0.24734978,0.02783865,-0.00226322
0.24744980,0.02823560,-0.00228707
0.24754982,0.02979717,-0.00230258
0.24764984,0.03045860,-0.00253546
0.24774986,0.03299289,-0.00249011
0.24784988,0.03144967,-0.00258182
0.24794991,0.03227222,-0.00209742
0.24804993,0.02984016,-0.00195391
0.24814993,0.02966816,-0.00187022
0.24824995,0.03040623,-0.00191179
0.24834998,0.03019433,-0.00238854
0.24845000,0.03018935,-0.00242032
0.24855002,0.02957686,-0.00257760
0.24865004,0.03085793,-0.00235507
0.24875006,0.02916230,-0.00251736
0.24885008,0.03045772,-0.00250996
0.24895010,0.02991003,-0.00263223
0.24905013,0.02994300,-0.00270257
0.24915015,0.03220171,-0.00292762
0.24925017,0.03234683,-0.00317927
0.24935017,0.03867187,-0.00315357
0.24945020,0.04387890,-0.00334983
0.24955022,0.04460881,-0.00367836
0.24965024,0.04554460,-0.00407454
0.24975026,0.03897840,-0.00420101
0.24985028,0.02690153,-0.00561892
0.24995030,-0.00293200,-0.00841246
0.25005032,0.08500000,0.08500000
0.25015034,0.08500000,0.08500000
0.25025037,0.08500000,0.08500000
0.25035039,0.08500000,0.08500000
0.25045039,0.08500000,0.08500000
0.25055042,0.08500000,0.08500000
0.25065044,0.08500000,0.08500000
0.25075046,0.08500000,0.08500000
0.25085048,0.08500000,0.08500000
0.25095050,0.08500000,0.08500000
0.25105052,0.08500000,0.08500000
0.25115054,0.08500000,0.08500000
0.25125056,0.08500000,0.08500000
0.25135059,0.08500000,0.08500000
0.25145061,0.08500000,0.08500000
0.25155063,0.08500000,0.08500000
0.25165063,0.08500000,0.08500000
0.25175066,0.08500000,0.08500000
0.25185068,0.08500000,0.08500000
0.25195070,0.08500000,0.08500000
0.25205072,0.08500000,0.08500000
0.25215074,0.08500000,0.08500000
0.25225076,0.08500000,0.08500000
0.25235078,0.08500000,0.08500000
0.25245081,0.08500000,0.08500000
0.25255083,0.08500000,0.08500000
0.25265085,0.08500000,0.08500000
0.25275085,0.08500000,0.08500000
0.25285088,0.08500000,0.08500000
0.25295090,0.08500000,0.08500000
0.25305092,0.08500000,0.08500000
0.25315094,0.08500000,0.08500000
0.25325096,0.08500000,0.08500000
0.25335098,0.08500000,0.08500000
0.25345100,0.08500000,0.08500000
0.25355103,0.08500000,0.08500000
0.25365105,0.08500000,0.08500000
0.25375107,0.08500000,0.08500000
0.25385109,0.08500000,0.08500000
0.25395110,0.08500000,0.08500000
0.25405112,0.08500000,0.08500000
0.25415114,0.08500000,0.08500000
0.25425116,0.08500000,0.08500000
0.25435118,0.08500000,0.08500000
0.25445120,0.08500000,0.08500000
0.25455122,0.08500000,0.08500000
0.25465125,0.08500000,0.08500000
0.25475127,0.08500000,0.08500000
0.25485129,0.08500000,0.08500000
0.25495131,0.08500000,0.08500000
0.25505133,0.08500000,0.08500000
0.25515134,0.08500000,0.08500000
0.25525136,0.08500000,0.08500000
0.25535138,0.08500000,0.08500000
0.25545140,0.08500000,0.08500000
0.25555142,0.08500000,0.08500000
0.25565144,0.08500000,0.08500000
0.25575146,0.08500000,0.08500000
0.25585149,0.08500000,0.08500000
0.25595151,0.08500000,0.08500000
0.25605151,0.08500000,0.08500000
0.25615155,0.08500000,0.08500000
0.25625156,0.08500000,0.08500000
0.25635159,0.08500000,0.08500000
0.25645160,0.08500000,0.08500000
0.25655164,0.08500000,0.08500000
0.25665164,0.08500000,0.08500000
0.25675168,0.08500000,0.08500000
0.25685168,0.08500000,0.08500000
0.25695169,0.08500000,0.08500000
0.25705173,0.08500000,0.08500000
0.25715173,0.08500000,0.08500000
0.25725177,0.08500000,0.08500000
0.25735178,0.08500000,0.08500000
0.25745181,0.08500000,0.08500000
0.25755182,0.08500000,0.08500000
0.25765186,0.08500000,0.08500000
0.25775186,0.08500000,0.08500000
0.25785190,0.08500000,0.08500000
0.25795190,0.08500000,0.08500000
0.25805191,0.08500000,0.08500000
0.25815195,0.08500000,0.08500000
0.25825195,0.08500000,0.08500000
0.25835199,0.08500000,0.08500000
0.25845200,0.08500000,0.08500000
0.25855203,0.08500000,0.08500000
0.25865204,0.08500000,0.08500000
0.25875208,0.08500000,0.08500000
0.25885208,0.08500000,0.08500000
0.25895212,0.08500000,0.08500000
0.25905212,0.08500000,0.08500000
0.25915213,0.08500000,0.08500000
0.25925217,0.08500000,0.08500000
0.25935217,0.08500000,0.08500000
0.25945221,0.08500000,0.08500000
0.25955222,0.08500000,0.08500000
0.25965225,0.08500000,0.08500000
0.25975226,0.08500000,0.08500000
0.25985229,0.08500000,0.08500000
0.25995230,0.08500000,0.08500000
0.26005234,0.08500000,0.08500000
0.26015234,0.08500000,0.08500000
0.26025238,0.08500000,0.08500000
0.26035239,0.08500000,0.08500000
0.26045239,0.08500000,0.08500000
0.26055243,0.08500000,0.08500000
0.26065244,0.08500000,0.08500000
0.26075247,0.08500000,0.08500000
0.26085248,0.08500000,0.08500000
0.26095251,0.08500000,0.08500000
0.26105252,0.08500000,0.08500000
0.26115256,0.08500000,0.08500000
0.26125256,0.08500000,0.08500000
0.26135260,0.08500000,0.08500000
0.26145261,0.08500000,0.08500000
0.26155261,0.08500000,0.08500000
0.26165265,0.08500000,0.08500000
0.26175266,0.08500000,0.08500000
0.26185269,0.08500000,0.08500000
0.26195270,0.08500000,0.08500000
0.26205273,0.08500000,0.08500000
0.26215274,0.08500000,0.08500000
0.26225278,0.08500000,0.08500000
0.26235278,0.08500000,0.08500000
0.26245282,0.08500000,0.08500000
0.26255283,0.08500000,0.08500000
0.26265283,0.08500000,0.08500000
0.26275287,0.08500000,0.08500000
0.26285287,0.08500000,0.08500000
0.26295291,0.08500000,0.08500000
0.26305292,0.08500000,0.08500000
0.26315295,0.08500000,0.08500000
0.26325296,0.01198547,-0.00249561
0.26335300,0.01828219,-0.00128653
0.26345300,0.01968119,-0.00054914
0.26355304,0.02078409,-0.00084336
0.26365305,0.02247258,-0.00126589
0.26375308,0.02578663,-0.00228636
0.26385309,0.02826940,-0.00295381
0.26395309,0.03072222,-0.00313190
0.26405313,0.03355138,-0.00417242
0.26415314,0.03552324,-0.00484819
0.26425317,0.03527583,-0.00479274
0.26435318,0.03570034,-0.00491650
0.26445322,0.03606093,-0.00512410
0.26455322,0.03575392,-0.00544494
0.26465326,0.03673969,-0.00557221
0.26475327,0.03736182,-0.00580609
0.26485330,0.03743828,-0.00570716
0.26495331,0.03671044,-0.00574151
0.26505331,0.03900888,-0.00563955
0.26515335,0.03943041,-0.00546009
0.26525336,0.04090843,-0.00581064
0.26535339,0.04007624,-0.00564373
0.26545340,0.04130219,-0.00593603
0.26555344,0.03943339,-0.00575972
0.26565344,0.04049785,-0.00590241
0.26575348,0.04086853,-0.00573633
0.26585349,0.04208627,-0.00583303
0.26595352,0.04013477,-0.00547158
0.26605353,0.04193024,-0.00553455
0.26615353,0.04040323,-0.00511007
0.26625357,0.04206257,-0.00522445
0.26635358,0.04050868,-0.00482332
0.26645361,0.04180069,-0.00489077
0.26655362,0.04074268,-0.00485281
0.26665366,0.04124844,-0.00483094
0.26675366,0.04180628,-0.00477087
0.26685370,0.04117528,-0.00484631
0.26695370,0.04342555,-0.00474047
0.26705374,0.04158457,-0.00459039
0.26715375,0.04144235,-0.00436920
0.26725378,0.03838969,-0.00382050
0.26735379,0.03929421,-0.00386130
0.26745380,0.04075943,-0.00355932
0.26755383,0.03863686,-0.00383450
0.26765384,0.03686812,-0.00337238
0.26775388,0.03840123,-0.00326469
0.26785388,0.03714218,-0.00311376
0.26795392,0.03944960,-0.00304934
0.26805392,0.03842839,-0.00272327
0.26815396,0.03720822,-0.00253854
0.26825397,0.03319837,-0.00220406
0.26835400,0.03411740,-0.00209536
0.26845401,0.03509242,-0.00209038
0.26855402,0.03468195,-0.00242794
0.26865405,0.03553073,-0.00226289
0.26875406,0.03341150,-0.00232176
0.26885410,0.03375480,-0.00235208
0.26895410,0.03087466,-0.00210048
0.26905414,0.03106902,-0.00198532
0.26915414,0.03008024,-0.00184389
0.26925418,0.03174151,-0.00185061
0.26935419,0.03285798,-0.00161171
0.26945422,0.03215583,-0.00186980
0.26955423,0.03390837,-0.00150930
0.26965424,0.03248448,-0.00182291
0.26975427,0.03330518,-0.00156925
0.26985428,0.03005685,-0.00156757
0.26995432,0.02868918,-0.00103955
0.27005432,0.02664137,-0.00114680
0.27015436,0.02802238,-0.00082968
0.27025436,0.02715610,-0.00089154
0.27035440,0.02914282,-0.00099246
0.27045441,0.02856732,-0.00119513
0.27055444,0.03051210,-0.00155055
0.27065445,0.02828490,-0.00134477
0.27075446,0.02945621,-0.00161292
0.27085449,0.02859090,-0.00138016
0.27095450,0.03047164,-0.00143381
0.27105453,0.02838794,-0.00099808
0.27115454,0.02677174,-0.00067301
0.27125458,0.02533909,-0.00025691
0.27135458,0.02485835,-0.00042212
0.27145462,0.02485438,-0.00053503
0.27155463,0.02707318,-0.00083623
0.27165466,0.02838359,-0.00061966
0.27175467,0.02745838,-0.00101609
0.27185471,0.02494113,-0.00127942
0.27195471,0.02516254,-0.00102445
0.27205472,0.02362018,-0.00081851
0.27215475,0.02490170,-0.00091766
0.27225476,0.02408154,-0.00114157
0.27235480,0.02572968,-0.00103306
0.27245480,0.02698869,-0.00118869
0.27255484,0.02495386,-0.00134019
0.27265485,0.02466005,-0.00119075
0.27275488,0.02437084,-0.00116800
0.27285489,0.02511327,-0.00134817
0.27295493,0.02489813,-0.00110349
0.27305493,0.02387792,-0.00129254
0.27315494,0.02506800,-0.00113107
0.27325497,0.02460033,-0.00145967
0.27335498,0.02522994,-0.00127849
0.27345502,0.02463050,-0.00171711
0.27355502,0.02550201,-0.00156443
0.27365506,0.02572885,-0.00209121
0.27375507,0.02692171,-0.00215043
0.27385510,0.02557128,-0.00237747
0.27395511,0.02841626,-0.00244406
0.27405515,0.02694936,-0.00226273
0.27415515,0.02851517,-0.00221533
0.27425516,0.02834387,-0.00232179
0.27435519,0.02858975,-0.00250298
0.27445520,0.02858628,-0.00228078
0.27455524,0.03027471,-0.00238598
0.27465524,0.02889556,-0.00258134
0.27475528,0.03064859,-0.00250766
0.27485529,0.02990443,-0.00245123
0.27495532,0.03179416,-0.00264953
0.27505533,0.03183199,-0.00255481
0.27515536,0.03119093,-0.00284437
0.27525537,0.03168193,-0.00272517
0.27535541,0.03179536,-0.00321194
0.27545541,0.03395014,-0.00319069
0.27555542,0.03365162,-0.00367642
0.27565546,0.03372666,-0.00365287
0.27575546,0.03187748,-0.00374995
0.27585550,0.03328811,-0.00380247
0.27595551,0.03344762,-0.00364224
0.27605554,0.03580676,-0.00366454
0.27615555,0.03536758,-0.00348527
0.27625558,0.03600009,-0.00350970
0.27635559,0.03453201,-0.00326454
0.27645563,0.03612965,-0.00326062
0.27655563,0.03469517,-0.00330187
0.27665564,0.03563451,-0.00346935
0.27675568,0.03332169,-0.00320479
0.27685568,0.03225032,-0.00343486
0.27695572,0.03332520,-0.00338580
0.27705573,0.03604131,-0.00347244
0.27715576,0.03535484,-0.00333113
0.27725577,0.03539513,-0.00321660
0.27735580,0.03311136,-0.00312225
0.27745581,0.03143666,-0.00320950
0.27755585,0.03445480,-0.00328006
0.27765585,0.03436023,-0.00340219
0.27775586,0.03566192,-0.00337296
0.27785590,0.03290635,-0.00320352
0.27795590,0.03238801,-0.00303376
0.27805594,0.03165373,-0.00275454
0.27815594,0.03471171,-0.00274250
0.27825598,0.03505383,-0.00266937
0.27835599,0.03476382,-0.00283214
0.27845602,0.03299740,-0.00273247
0.27855603,0.03324893,-0.00279387
0.27865607,0.03216743,-0.00293251
0.27875607,0.03335667,-0.00301463
0.27885611,0.03056909,-0.00304184
0.27895612,0.03054222,-0.00284708
0.27905612,0.03080147,-0.00286355
0.27915616,0.03234876,-0.00295423
0.27925616,0.03337629,-0.00294320
0.27935620,0.03129885,-0.00306424
0.27945621,0.03305231,-0.00307471
0.27955624,0.03071558,-0.00319802
0.27965625,0.03113553,-0.00296328
0.27975629,0.03017622,-0.00291391
0.27985629,0.03226334,-0.00285088
0.27995633,0.03071981,-0.00277968
0.28005634,0.03129766,-0.00260663
0.28015634,0.03011304,-0.00257300
0.28025638,0.03180499,-0.00254483
0.28035638,0.03019751,-0.00259287
0.28045642,0.03101405,-0.00275935
0.28055643,0.03173504,-0.00260304
0.28065646,0.02893471,-0.00295625
0.28075647,0.02855402,-0.00270484
0.28085651,0.02714448,-0.00274654
0.28095651,0.02988252,-0.00224170
0.28105655,0.03050185,-0.00249946
0.28115656,0.03096858,-0.00261189
0.28125656,0.03117923,-0.00263890
0.28135660,0.03208836,-0.00246304
0.28145660,0.02937301,-0.00241192
0.28155664,0.02866822,-0.00284730
0.28165665,0.03118996,-0.00259883
0.28175668,0.03285557,-0.00285792
0.28185669,0.03380864,-0.00299636
0.28195673,0.03136605,-0.00318329
0.28205673,0.03189895,-0.00298504
0.28215677,0.03092141,-0.00313140
0.28225677,0.03260022,-0.00316899
0.28235681,0.03143355,-0.00336378
0.28245682,0.03196307,-0.00305441
0.28255682,0.03045270,-0.00304049
0.28265686,0.03206221,-0.00311313
0.28275687,0.03317141,-0.00346125
0.28285690,0.03573658,-0.00342361
0.28295691,0.03479883,-0.00323887
0.28305695,0.03339314,-0.00302241
0.28315695,0.03105127,-0.00280330
0.28325699,0.03171763,-0.00267068
0.28335699,0.03366143,-0.00279611
0.28345703,0.03384930,-0.00314929
0.28355704,0.03723768,-0.00312854
0.28365704,0.03477778,-0.00359801
0.28375708,0.03340682,-0.00334612
0.28385709,0.03122530,-0.00325069
0.28395712,0.03143482,-0.00304307
0.28405713,0.03214392,-0.00304554
0.28415717,0.03166227,-0.00280950
0.28425717,0.03153958,-0.00258265
0.28435721,0.03370312,-0.00258071
0.28445721,0.03443169,-0.00260150
0.28455725,0.03302298,-0.00298993
0.28465726,0.03009351,-0.00256780
0.28475726,0.02874053,-0.00255819
0.28485730,0.03132551,-0.00248587
0.28495731,0.03347941,-0.00276861
0.28505734,0.03511288,-0.00284207
0.28515735,0.03455904,-0.00279293
0.28525739,0.03446778,-0.00245046
0.28535739,0.03151415,-0.00254060
0.28545743,0.03222259,-0.00225243
0.28555743,0.03096415,-0.00245547
0.28565747,0.03076991,-0.00279519
0.28575748,0.03386075,-0.00276856
0.28585748,0.03267575,-0.00296298
0.28595752,0.03133195,-0.00244854
0.28605753,0.02899193,-0.00234239
0.28615756,0.03086723,-0.00210195
0.28625757,0.03223906,-0.00220905
0.28635760,0.03484404,-0.00236262
0.28645761,0.03346583,-0.00266912
0.28655765,0.02974438,-0.00222104
0.28665765,0.02696212,-0.00205948
0.28675769,0.02821207,-0.00212409
0.28685770,0.03137786,-0.00228963
0.28695773,0.02908731,-0.00231080
0.28705774,0.03260706,-0.00227177
0.28715775,0.03255909,-0.00253917
0.28725778,0.03175105,-0.00233547
0.28735779,0.02949686,-0.00230561
0.28745782,0.03287417,-0.00244781
0.28755783,0.03161584,-0.00244570
0.28765787,0.02923295,-0.00232418
0.28775787,0.02973785,-0.00220681
0.28785791,0.02980647,-0.00216938
0.28795792,0.03057586,-0.00203406
0.28805795,0.03003395,-0.00228575
0.28815796,0.03154854,-0.00211756
0.28825797,0.02949217,-0.00199016
0.28835800,0.02781333,-0.00183344
0.28845801,0.02785069,-0.00189070
0.28855804,0.02878509,-0.00242686
0.28865805,0.03454060,-0.00259199
0.28875809,0.04118967,-0.00270018
0.28885809,0.04091252,-0.00295688
0.28895813,0.04312015,-0.00338017
0.28905814,0.04487734,-0.00392063
0.28915817,0.02083459,-0.00410601
0.28925818,-0.01372124,-0.00976454
0.28935818,0.08500000,0.08500000
0.28945822,0.08500000,0.08500000
0.28955823,0.08500000,0.08500000
0.28965826,0.08500000,0.08500000
0.28975827,0.08500000,0.08500000
0.28985831,0.08500000,0.08500000
0.28995831,0.08500000,0.08500000
0.29005835,0.08500000,0.08500000
0.29015836,0.08500000,0.08500000
0.29025839,0.08500000,0.08500000
0.29035840,0.08500000,0.08500000
0.29045844,0.08500000,0.08500000
0.29055844,0.08500000,0.08500000
0.29065845,0.08500000,0.08500000
0.29075848,0.08500000,0.08500000
0.29085849,0.08500000,0.08500000
0.29095853,0.08500000,0.08500000
0.29105853,0.08500000,0.08500000
0.29115857,0.08500000,0.08500000
0.29125858,0.08500000,0.08500000
0.29135861,0.08500000,0.08500000
0.29145862,0.08500000,0.08500000
0.29155865,0.08500000,0.08500000
0.29165866,0.08500000,0.08500000
0.29175867,0.08500000,0.08500000
0.29185870,0.08500000,0.08500000
0.29195871,0.08500000,0.08500000
0.29205875,0.08500000,0.08500000
0.29215875,0.08500000,0.08500000
0.29225879,0.08500000,0.08500000
0.29235880,0.08500000,0.08500000
0.29245883,0.08500000,0.08500000
0.29255884,0.08500000,0.08500000
0.29265887,0.08500000,0.08500000
0.29275888,0.08500000,0.08500000
0.29285889,0.08500000,0.08500000
0.29295892,0.08500000,0.08500000
0.29305893,0.08500000,0.08500000
0.29315897,0.08500000,0.08500000
0.29325897,0.08500000,0.08500000
0.29335901,0.08500000,0.08500000
0.29345901,0.08500000,0.08500000
0.29355905,0.08500000,0.08500000
0.29365906,0.08500000,0.08500000
0.29375909,0.08500000,0.08500000
0.29385910,0.08500000,0.08500000
0.29395914,0.08500000,0.08500000
0.29405914,0.08500000,0.08500000
0.29415915,0.08500000,0.08500000
0.29425919,0.08500000,0.08500000
0.29435919,0.08500000,0.08500000
0.29445923,0.08500000,0.08500000
0.29455923,0.08500000,0.08500000
0.29465927,0.08500000,0.08500000
0.29475928,0.08500000,0.08500000
0.29485931,0.08500000,0.08500000
0.29495932,0.08500000,0.08500000
0.29505936,0.08500000,0.08500000
0.29515936,0.08500000,0.08500000
0.29525937,0.08500000,0.08500000
0.29535941,0.08500000,0.08500000
0.29545941,0.08500000,0.08500000
0.29555945,0.08500000,0.08500000
0.29565945,0.08500000,0.08500000
0.29575949,0.08500000,0.08500000
0.29585950,0.08500000,0.08500000
0.29595953,0.08500000,0.08500000
0.29605954,0.08500000,0.08500000
0.29615958,0.08500000,0.08500000
0.29625958,0.08500000,0.08500000
0.29635959,0.08500000,0.08500000
0.29645963,0.08500000,0.08500000
0.29655963,0.08500000,0.08500000
0.29665967,0.08500000,0.08500000
0.29675967,0.08500000,0.08500000
0.29685971,0.08500000,0.08500000
0.29695972,0.08500000,0.08500000
0.29705975,0.08500000,0.08500000
0.29715976,0.08500000,0.08500000
0.29725980,0.08500000,0.08500000
0.29735980,0.08500000,0.08500000
0.29745981,0.08500000,0.08500000
0.29755984,0.08500000,0.08500000
0.29765985,0.08500000,0.08500000
0.29775989,0.08500000,0.08500000
0.29785989,0.08500000,0.08500000
0.29795993,0.08500000,0.08500000
0.29805994,0.08500000,0.08500000
0.29815997,0.08500000,0.08500000
0.29825998,0.08500000,0.08500000
0.29836002,0.08500000,0.08500000
0.29846002,0.08500000,0.08500000
0.29856006,0.08500000,0.08500000
0.29866006,0.08500000,0.08500000
0.29876007,0.08500000,0.08500000
0.29886011,0.08500000,0.08500000
0.29896011,0.08500000,0.08500000
0.29906015,0.08500000,0.08500000
0.29916016,0.08500000,0.08500000
0.29926019,0.08500000,0.08500000
0.29936020,0.08500000,0.08500000
0.29946024,0.08500000,0.08500000
0.29956024,0.08500000,0.08500000
0.29966028,0.08500000,0.08500000
0.29976028,0.08500000,0.08500000
0.29986029,0.08500000,0.08500000
0.29996033,0.08500000,0.08500000
0.30006033,0.08500000,0.08500000
0.30016037,0.08500000,0.08500000
0.30026038,0.08500000,0.08500000
0.30036041,0.08500000,0.08500000
0.30046042,0.08500000,0.08500000
0.30056046,0.08500000,0.08500000
0.30066046,0.08500000,0.08500000
0.30076050,0.08500000,0.08500000
0.30086050,0.08500000,0.08500000
0.30096051,0.08500000,0.08500000
0.30106055,0.08500000,0.08500000
0.30116055,0.08500000,0.08500000
0.30126059,0.08500000,0.08500000
0.30136060,0.08500000,0.08500000
0.30146063,0.08500000,0.08500000
0.30156064,0.08500000,0.08500000
0.30166068,0.08500000,0.08500000
0.30176068,0.08500000,0.08500000
0.30186072,0.08500000,0.08500000
0.30196072,0.08500000,0.08500000
0.30206076,0.08500000,0.08500000
0.30216077,0.08500000,0.08500000
0.30226077,0.08500000,0.08500000
0.30236081,0.08500000,0.08500000
0.30246082,0.08500000,0.08500000
0.30256085,0.08500000,0.08500000
0.30266086,0.01303157,-0.00219690
0.30276089,0.01702155,-0.00123961
0.30286090,0.01737858,-0.00032365
0.30296094,0.02249507,-0.00109640
0.30306094,0.02601353,-0.00174639
0.30316098,0.02931551,-0.00224696
0.30326099,0.03086113,-0.00262056
0.30336099,0.03251938,-0.00272937
0.30346103,0.03450190,-0.00407449
0.30356104,0.03463644,-0.00435396
0.30366107,0.03564692,-0.00492006
0.30376108,0.03616333,-0.00520997
0.30386111,0.03649351,-0.00556486
0.30396112,0.03650497,-0.00574106
0.30406116,0.03855269,-0.00605021
0.30416116,0.03765750,-0.00607501
0.30426120,0.03811339,-0.00595302
0.30436121,0.03977629,-0.00600958
0.30446121,0.03829127,-0.00563179
0.30456125,0.03980018,-0.00580655
0.30466125,0.04073764,-0.00537680
0.30476129,0.04017358,-0.00548698
0.30486130,0.04077788,-0.00540231
0.30496133,0.04112897,-0.00543876
0.30506134,0.04024911,-0.00525651
0.30516138,0.04242284,-0.00554003
0.30526138,0.04212388,-0.00528039
0.30536142,0.04156438,-0.00550433
0.30546143,0.04214267,-0.00541425
0.30556146,0.04341754,-0.00542265
0.30566147,0.04132352,-0.00512657
0.30576147,0.04178670,-0.00504162
0.30586151,0.04000305,-0.00479591
0.30596152,0.04192787,-0.00467709
0.30606155,0.04081964,-0.00469972
0.30616156,0.04203974,-0.00452136
0.30626160,0.04207942,-0.00443511
0.30636160,0.04075244,-0.00422668
0.30646164,0.04317177,-0.00417494
0.30656165,0.04138726,-0.00411068
0.30666168,0.04012784,-0.00385067
0.30676169,0.03756313,-0.00338779
0.30686169,0.03948553,-0.00342274
0.30696173,0.03813583,-0.00342632
0.30706174,0.03965066,-0.00343288
0.30716177,0.03755258,-0.00304017
0.30726178,0.03685864,-0.00318206
0.30736182,0.03682068,-0.00262998
0.30746182,0.03462349,-0.00259596
0.30756186,0.03590331,-0.00230047
0.30766187,0.03412407,-0.00231743
0.30776190,0.03421636,-0.00205969
0.30786191,0.03320426,-0.00181367
0.30796191,0.03221503,-0.00157790
0.30806195,0.03382335,-0.00138838
0.30816196,0.03258540,-0.00154266
0.30826199,0.03261058,-0.00149484
0.30836200,0.03068968,-0.00154554
0.30846204,0.03147327,-0.00136230
0.30856204,0.03277468,-0.00160523
0.30866208,0.03247432,-0.00154917
0.30876208,0.03444480,-0.00159994
0.30886212,0.03107531,-0.00156691
0.30896213,0.03011822,-0.00118250
0.30906216,0.02648078,-0.00101031
0.30916217,0.02691211,-0.00096578
0.30926218,0.02611274,-0.00100030
0.30936221,0.02797078,-0.00088581
0.30946222,0.02656044,-0.00099903
0.30956226,0.02771700,-0.00081044
0.30966226,0.02706894,-0.00086033
0.30976230,0.02922923,-0.00088530
0.30986230,0.02834914,-0.00088623
0.30996234,0.02684719,-0.00063255
0.31006235,0.02357701,-0.00049915
0.31016238,0.02428855,-0.00045658
0.31026239,0.02475565,-0.00081183
0.31036240,0.02511712,-0.00077043
0.31046243,0.02552396,-0.00091581
0.31056244,0.02615610,-0.00120846
0.31066248,0.02622251,-0.00129113
0.31076248,0.02680454,-0.00122752
0.31086252,0.02592717,-0.00132326
0.31096252,0.02639792,-0.00102000
0.31106256,0.02474167,-0.00123461
0.31116257,0.02602983,-0.00099777
0.31126260,0.02614556,-0.00100480
0.31136261,0.02637382,-0.00110275
0.31146262,0.02571566,-0.00134876
0.31156265,0.02755431,-0.00126793
0.31166266,0.02648590,-0.00146178
0.31176270,0.02694068,-0.00137409
0.31186270,0.02570895,-0.00151856
0.31196274,0.02719106,-0.00153712
0.31206274,0.02689303,-0.00168811
0.31216278,0.02874371,-0.00169882
0.31226279,0.02893531,-0.00219917
0.31236282,0.03042353,-0.00212640
0.31246283,0.02775179,-0.00215752
0.31256284,0.02839521,-0.00215297
0.31266287,0.02817529,-0.00207813
0.31276288,0.02944479,-0.00205605
0.31286292,0.02898809,-0.00213532
0.31296292,0.03115999,-0.00198199
0.31306296,0.02999661,-0.00232380
0.31316296,0.02992197,-0.00215432
0.31326300,0.02949537,-0.00213842
0.31336301,0.02974538,-0.00229181
0.31346304,0.03030593,-0.00236119
0.31356305,0.02870794,-0.00260244
0.31366309,0.03003293,-0.00252762
0.31376309,0.02900808,-0.00259120
0.31386310,0.03100794,-0.00258513
0.31396313,0.03028372,-0.00277536
0.31406314,0.03212634,-0.00284055
0.31416318,0.03000137,-0.00280458
0.31426318,0.03084823,-0.00274569
0.31436322,0.03115368,-0.00278955
0.31446323,0.03305771,-0.00282733
0.31456326,0.03302518,-0.00294608
0.31466327,0.03485280,-0.00284864
0.31476331,0.03409603,-0.00304074
0.31486331,0.03251452,-0.00282086
0.31496332,0.03163933,-0.00283989
0.31506335,0.03477198,-0.00287429
0.31516336,0.03318861,-0.00305335
0.31526340,0.03610915,-0.00304228
0.31536340,0.03596874,-0.00319945
0.31546344,0.03321012,-0.00334149
0.31556345,0.03509967,-0.00338357
0.31566348,0.03276875,-0.00343406
0.31576349,0.03317659,-0.00323055
0.31586353,0.03283566,-0.00307907
0.31596353,0.03148176,-0.00300259
0.31606354,0.03235535,-0.00276526
0.31616357,0.03233418,-0.00277653
0.31626358,0.03026589,-0.00278458
0.31636362,0.03049944,-0.00267585
0.31646362,0.02982020,-0.00270173
0.31656366,0.03156262,-0.00272402
0.31666367,0.03171386,-0.00273366
0.31676370,0.03439448,-0.00272196
0.31686371,0.03357856,-0.00287258
0.31696375,0.03343733,-0.00281377
0.31706375,0.03187229,-0.00278407
0.31716379,0.03381250,-0.00284230
0.31726379,0.03527822,-0.00315802
0.31736380,0.03417809,-0.00338280
0.31746384,0.03334786,-0.00302882
0.31756384,0.03106606,-0.00293274
0.31766388,0.03240576,-0.00271597
0.31776389,0.03181561,-0.00278967
0.31786392,0.03363003,-0.00260395
0.31796393,0.03412323,-0.00271854
0.31806396,0.03505583,-0.00273642
0.31816397,0.03314772,-0.00259766
0.31826401,0.03248024,-0.00236818
0.31836401,0.03033904,-0.00228687
0.31846402,0.03199664,-0.00224760
0.31856406,0.03222043,-0.00240255
0.31866406,0.03419133,-0.00247034
0.31876410,0.03408217,-0.00261441
0.31886411,0.03041895,-0.00281805
0.31896414,0.02956514,-0.00254465
0.31906415,0.02727729,-0.00274123
0.31916418,0.03015735,-0.00256685
0.31926419,0.03034008,-0.00285978
0.31936423,0.03265722,-0.00285320
0.31946423,0.03115268,-0.00283480
0.31956424,0.03033304,-0.00271051
0.31966428,0.02869697,-0.00248584
0.31976428,0.03072929,-0.00243102
0.31986432,0.03059681,-0.00254734
0.31996432,0.03209501,-0.00258889
0.32006436,0.03019323,-0.00240991
0.32016437,0.03130141,-0.00240431
0.32026440,0.02907815,-0.00236460
0.32036441,0.02895331,-0.00219283
0.32046445,0.02915068,-0.00252992
0.32056445,0.02886483,-0.00259199
0.32066449,0.02918309,-0.00267243
0.32076450,0.03139455,-0.00279477
0.32086450,0.02935048,-0.00264808
0.32096454,0.02857424,-0.00230054
0.32106454,0.02613059,-0.00224527
0.32116458,0.02939972,-0.00227672
0.32126459,0.03093101,-0.00243076
0.32136462,0.03313386,-0.00254348
0.32146463,0.03360772,-0.00271092
0.32156467,0.03080689,-0.00242316
0.32166467,0.03035166,-0.00238302
0.32176471,0.03065637,-0.00246472
0.32186472,0.03323396,-0.00266994
0.32196472,0.03167205,-0.00298926
0.32206476,0.03363270,-0.00315125
0.32216476,0.03026119,-0.00306120
0.32226480,0.03017562,-0.00287855
0.32236481,0.02942613,-0.00303658
0.32246484,0.03172267,-0.00312960
0.32256485,0.03242579,-0.00307777
0.32266489,0.03425694,-0.00317826
0.32276489,0.03286885,-0.00321200
0.32286493,0.03218041,-0.00306574
0.32296494,0.03109022,-0.00285837
0.32306494,0.03179657,-0.00281950
0.32316498,0.03240407,-0.00280485
0.32326498,0.03260724,-0.00297839
0.32336502,0.03509494,-0.00295026
0.32346503,0.03273519,-0.00301236
0.32356506,0.03198922,-0.00299559
0.32366507,0.02979306,-0.00273307
0.32376511,0.03175777,-0.00287562
0.32386511,0.03337073,-0.00287594
0.32396515,0.03458812,-0.00323656
0.32406516,0.03556857,-0.00307655
0.32416519,0.03259936,-0.00305482
0.32426520,0.03257160,-0.00276984
0.32436520,0.03104204,-0.00273317
0.32446524,0.03325168,-0.00256019
0.32456525,0.03298254,-0.00281288
0.32466528,0.03236534,-0.00267513
0.32476529,0.03081759,-0.00258057
0.32486533,0.03147702,-0.00255913
0.32496533,0.03338037,-0.00257036
0.32506537,0.03108776,-0.00267016
0.32516537,0.03184678,-0.00256929
0.32526541,0.03086131,-0.00244645
0.32536542,0.02997342,-0.00232081
0.32546542,0.03332171,-0.00259189
0.32556546,0.03495830,-0.00293947
0.32566547,0.03348374,-0.00304082
0.32576550,0.03228749,-0.00287710
0.32586551,0.03090130,-0.00267723
0.32596555,0.03126439,-0.00255500
0.32606555,0.03224211,-0.00258190
0.32616559,0.03029293,-0.00248627
0.32626559,0.03237588,-0.00249631
0.32636563,0.03073889,-0.00238827
0.32646564,0.03297167,-0.00233585
0.32656564,0.03016913,-0.00231556
0.32666568,0.02932254,-0.00207894
0.32676569,0.03001373,-0.00211852
0.32686572,0.03125659,-0.00234066
0.32696573,0.03429556,-0.00239920
0.32706577,0.03226453,-0.00273105
0.32716577,0.03150255,-0.00259246
0.32726581,0.02913962,-0.00244737
0.32736581,0.03120010,-0.00231439
0.32746585,0.02992227,-0.00223000
0.32756586,0.03169541,-0.00218437
0.32766586,0.03119168,-0.00216655
0.32776590,0.03213864,-0.00191008
0.32786591,0.03039799,-0.00192252
0.32796594,0.02787408,-0.00215037
0.32806595,0.03489272,-0.00198127
0.32816599,0.04073696,-0.00196780
0.32826599,0.04535975,-0.00226945
0.32836603,0.04437461,-0.00245961
0.32846603,0.03865718,-0.00287092
0.32856607,0.02715022,-0.00481646
0.32866608,-0.00553307,-0.00685897
0.32876611,0.08500000,0.08500000
0.32886612,0.08500000,0.08500000
0.32896613,0.08500000,0.08500000
0.32906616,0.08500000,0.08500000
0.32916617,0.08500000,0.08500000
0.32926620,0.08500000,0.08500000
0.32936621,0.08500000,0.08500000
0.32946625,0.08500000,0.08500000
0.32956625,0.08500000,0.08500000
0.32966629,0.08500000,0.08500000
0.32976630,0.08500000,0.08500000
0.32986633,0.08500000,0.08500000
0.32996634,0.08500000,0.08500000
0.33006635,0.08500000,0.08500000
0.33016638,0.08500000,0.08500000
0.33026639,0.08500000,0.08500000
0.33036642,0.08500000,0.08500000
0.33046643,0.08500000,0.08500000
0.33056647,0.08500000,0.08500000
0.33066647,0.08500000,0.08500000
0.33076651,0.08500000,0.08500000
0.33086652,0.08500000,0.08500000
0.33096655,0.08500000,0.08500000
0.33106656,0.08500000,0.08500000
0.33116656,0.08500000,0.08500000
0.33126660,0.08500000,0.08500000
0.33136661,0.08500000,0.08500000
0.33146664,0.08500000,0.08500000
0.33156665,0.08500000,0.08500000
0.33166669,0.08500000,0.08500000
0.33176669,0.08500000,0.08500000
0.33186673,0.08500000,0.08500000
0.33196674,0.08500000,0.08500000
0.33206677,0.08500000,0.08500000
0.33216678,0.08500000,0.08500000
0.33226682,0.08500000,0.08500000
0.33236682,0.08500000,0.08500000
0.33246683,0.08500000,0.08500000
0.33256686,0.08500000,0.08500000
0.33266687,0.08500000,0.08500000
0.33276691,0.08500000,0.08500000
0.33286691,0.08500000,0.08500000
0.33296695,0.08500000,0.08500000
0.33306696,0.08500000,0.08500000
0.33316699,0.08500000,0.08500000
0.33326700,0.08500000,0.08500000
0.33336703,0.08500000,0.08500000
0.33346704,0.08500000,0.08500000
0.33356705,0.08500000,0.08500000
0.33366708,0.08500000,0.08500000
0.33376709,0.08500000,0.08500000
0.33386713,0.08500000,0.08500000
0.33396713,0.08500000,0.08500000
0.33406717,0.08500000,0.08500000
0.33416718,0.08500000,0.08500000
0.33426721,0.08500000,0.08500000
0.33436722,0.08500000,0.08500000
0.33446725,0.08500000,0.08500000
0.33456726,0.08500000,0.08500000
0.33466727,0.08500000,0.08500000
0.33476730,0.08500000,0.08500000
0.33486731,0.08500000,0.08500000
0.33496735,0.08500000,0.08500000
0.33506735,0.08500000,0.08500000
0.33516739,0.08500000,0.08500000
0.33526740,0.08500000,0.08500000
0.33536743,0.08500000,0.08500000
0.33546744,0.08500000,0.08500000
0.33556747,0.08500000,0.08500000
0.33566748,0.08500000,0.08500000
0.33576752,0.08500000,0.08500000
0.33586752,0.08500000,0.08500000
0.33596753,0.08500000,0.08500000
0.33606757,0.08500000,0.08500000
0.33616757,0.08500000,0.08500000
0.33626761,0.08500000,0.08500000
0.33636761,0.08500000,0.08500000
0.33646765,0.08500000,0.08500000
0.33656766,0.08500000,0.08500000
0.33666769,0.08500000,0.08500000
0.33676770,0.08500000,0.08500000
0.33686774,0.08500000,0.08500000
0.33696774,0.08500000,0.08500000
0.33706775,0.08500000,0.08500000
0.33716779,0.08500000,0.08500000
0.33726779,0.08500000,0.08500000
0.33736783,0.08500000,0.08500000
0.33746783,0.08500000,0.08500000
0.33756787,0.08500000,0.08500000
0.33766788,0.08500000,0.08500000
0.33776791,0.08500000,0.08500000
0.33786792,0.08500000,0.08500000
0.33796796,0.08500000,0.08500000
0.33806796,0.08500000,0.08500000
0.33816797,0.08500000,0.08500000
0.33826801,0.08500000,0.08500000
0.33836801,0.08500000,0.08500000
0.33846805,0.08500000,0.08500000
0.33856805,0.08500000,0.08500000
0.33866809,0.08500000,0.08500000
0.33876810,0.08500000,0.08500000
0.33886813,0.08500000,0.08500000
0.33896814,0.08500000,0.08500000
0.33906818,0.08500000,0.08500000
0.33916818,0.08500000,0.08500000
0.33926819,0.08500000,0.08500000
0.33936823,0.08500000,0.08500000
0.33946823,0.08500000,0.08500000
0.33956827,0.08500000,0.08500000
0.33966827,0.08500000,0.08500000
0.33976831,0.08500000,0.08500000
0.33986832,0.08500000,0.08500000
0.33996835,0.08500000,0.08500000
0.34006836,0.08500000,0.08500000
0.34016840,0.08500000,0.08500000
0.34026840,0.08500000,0.08500000
0.34036844,0.08500000,0.08500000
0.34046844,0.08500000,0.08500000
0.34056845,0.08500000,0.08500000
0.34066849,0.08500000,0.08500000
0.34076849,0.08500000,0.08500000
0.34086853,0.08500000,0.08500000
0.34096854,0.08500000,0.08500000
0.34106857,0.08500000,0.08500000
0.34116858,0.08500000,0.08500000
0.34126862,0.08500000,0.08500000
0.34136862,0.08500000,0.08500000
0.34146866,0.08500000,0.08500000
0.34156866,0.08500000,0.08500000
0.34166867,0.08500000,0.08500000
0.34176871,0.08500000,0.08500000
0.34186871,0.08500000,0.08500000
0.34196875,0.08500000,0.08500000
0.34206876,0.08500000,0.08500000
0.34216879,0.00658314,0.00010039
0.34226880,0.01266521,-0.00007643
0.34236884,0.01284007,0.00020120
0.34246884,0.01671307,-0.00035081
0.34256888,0.02130834,-0.00136879
0.34266888,0.02615530,-0.00259977
0.34276889,0.02845327,-0.00264900
0.34286893,0.03085910,-0.00327381
0.34296893,0.03394401,-0.00411033
0.34306897,0.03492234,-0.00449454
0.34316898,0.03507282,-0.00483028
0.34326901,0.03554990,-0.00519774
0.34336902,0.03645828,-0.00549522
0.34346906,0.03654595,-0.00586629
0.34356906,0.03795024,-0.00624894
0.34366910,0.03821145,-0.00646940
0.34376910,0.03992314,-0.00651210
0.34386914,0.03867023,-0.00655433
0.34396915,0.03990719,-0.00636010
0.34406915,0.03923518,-0.00610777
0.34416919,0.04062476,-0.00629646
0.34426920,0.04186814,-0.00613880
0.34436923,0.04094106,-0.00601969
0.34446924,0.04301751,-0.00620286
0.34456927,0.04137024,-0.00607354
0.34466928,0.04311525,-0.00626509
0.34476932,0.04193320,-0.00590891
0.34486932,0.04288462,-0.00585826
0.34496936,0.04400403,-0.00563321
0.34506937,0.04517778,-0.00564062
0.34516937,0.04184530,-0.00529143
0.34526941,0.04291545,-0.00518389
0.34536942,0.04149092,-0.00523305
0.34546945,0.04396085,-0.00541673
0.34556946,0.04332035,-0.00554668
0.34566949,0.04263026,-0.00543344
0.34576950,0.04090387,-0.00520698
0.34586954,0.04155464,-0.00498756
0.34596954,0.04147699,-0.00462489
0.34606958,0.04018163,-0.00434461
0.34616959,0.04162735,-0.00407862
0.34626959,0.03879626,-0.00379545
0.34636963,0.03944806,-0.00385421
0.34646964,0.03603336,-0.00353906
0.34656967,0.03775007,-0.00352903
0.34666968,0.03759995,-0.00355251
0.34676971,0.04009052,-0.00363983
0.34686972,0.03859473,-0.00337186
0.34696976,0.03769456,-0.00323321
0.34706976,0.03482337,-0.00273856
0.34716980,0.03489412,-0.00255792
0.34726981,0.03243744,-0.00233327
0.34736984,0.03278493,-0.00226798
0.34746985,0.03198567,-0.00237790
0.34756985,0.03403060,-0.00236996
0.34766989,0.03307683,-0.00242304
0.34776990,0.03485093,-0.00225812
0.34786993,0.03263727,-0.00191369
0.34796994,0.03082883,-0.00155456
0.34806998,0.02956145,-0.00145464
0.34816998,0.02952419,-0.00125892
0.34827002,0.03019849,-0.00107346
0.34837003,0.02990622,-0.00130818
0.34847006,0.03040177,-0.00136463
0.34857007,0.02963378,-0.00156233
0.34867007,0.03025133,-0.00147928
0.34877011,0.02625881,-0.00139894
0.34887012,0.02645709,-0.00122882
0.34897015,0.02611301,-0.00127547
0.34907016,0.02761154,-0.00127879
0.34917020,0.02727494,-0.00141551
0.34927020,0.02864372,-0.00137347
0.34937024,0.02647350,-0.00129636
0.34947025,0.02810089,-0.00131097
0.34957028,0.02730608,-0.00148991
0.34967029,0.02815343,-0.00136463
0.34977029,0.02743970,-0.00141000
0.34987033,0.02855575,-0.00160112
0.34997034,0.02647915,-0.00133251
0.35007037,0.02537487,-0.00123401
0.35017038,0.02619996,-0.00128005
0.35027042,0.02742595,-0.00137498
0.35037042,0.02631562,-0.00162647
0.35047046,0.02817109,-0.00172517
0.35057047,0.02755263,-0.00195175
0.35067050,0.02832990,-0.00209915
0.35077051,0.02734721,-0.00211273
0.35087054,0.02728954,-0.00187262
0.35097055,0.02626162,-0.00173489
0.35107056,0.02497166,-0.00180241
0.35117059,0.02684830,-0.00173536
0.35127060,0.02691253,-0.00209734
0.35137064,0.02849385,-0.00197595
0.35147064,0.02806858,-0.00218604
0.35157068,0.02809246,-0.00228111
0.35167068,0.02706965,-0.00244186
0.35177072,0.02833247,-0.00228036
0.35187073,0.02803149,-0.00251574
0.35197076,0.03045705,-0.00245601
0.35207077,0.02993149,-0.00257251
0.35217078,0.03003600,-0.00249466
0.35227081,0.02881980,-0.00281865
0.35237082,0.03045364,-0.00285038
0.35247086,0.03058103,-0.00304139
0.35257086,0.03144232,-0.00316191
0.35267090,0.03083582,-0.00312306
0.35277090,0.03211289,-0.00317763
0.35287094,0.03234809,-0.00301883
0.35297095,0.03274356,-0.00291014
0.35307098,0.03159647,-0.00282960
0.35317099,0.03080640,-0.00295942
0.35327100,0.03129097,-0.00297808
0.35337103,0.03054025,-0.00297906
0.35347104,0.03101472,-0.00288047
0.35357108,0.03011406,-0.00315314
0.35367108,0.03222408,-0.00321477
0.35377112,0.03234209,-0.00334148
0.35387112,0.03450160,-0.00348725
0.35397116,0.03263105,-0.00337639
0.35407117,0.03263437,-0.00306867
0.35417120,0.03153647,-0.00292448
0.35427121,0.03323888,-0.00302580
0.35437122,0.03280126,-0.00297443
0.35447125,0.03501605,-0.00313071
0.35457126,0.03360186,-0.00321702
0.35467130,0.03470181,-0.00311351
0.35477130,0.03328301,-0.00316690
0.35487134,0.03256880,-0.00304036
0.35497134,0.03328781,-0.00284002
0.35507138,0.03294228,-0.00311230
0.35517139,0.03497270,-0.00318799
0.35527142,0.03381808,-0.00345207
0.35537143,0.03419714,-0.00337845
0.35547147,0.03182400,-0.00339890
0.35557147,0.03320054,-0.00338726
0.35567148,0.03227135,-0.00350176
0.35577151,0.03562992,-0.00372301
0.35587152,0.03545495,-0.00368347
0.35597156,0.03703798,-0.00350087
0.35607156,0.03449775,-0.00339835
0.35617160,0.03534086,-0.00334491
0.35627161,0.03482569,-0.00318561
0.35637164,0.03251148,-0.00302095
0.35647165,0.03364736,-0.00293484
0.35657169,0.03128114,-0.00315936
0.35667169,0.03294770,-0.00290438
0.35677170,0.02928637,-0.00296269
0.35687173,0.03034979,-0.00283158
0.35697174,0.03102589,-0.00293091
0.35707178,0.03714741,-0.00282297
0.35717178,0.03744751,-0.00294685
0.35727182,0.03625590,-0.00313896
0.35737183,0.03337622,-0.00303725
0.35747186,0.03216741,-0.00287065
0.35757187,0.03048816,-0.00262834
0.35767191,0.03326922,-0.00266552
0.35777191,0.03313052,-0.00267375
0.35787192,0.03156205,-0.00283378
0.35797195,0.03159789,-0.00245349
0.35807196,0.03014903,-0.00243212
0.35817200,0.03199155,-0.00217494
0.35827200,0.03010778,-0.00245698
0.35837204,0.03194607,-0.00229921
0.35847205,0.03059263,-0.00250076
0.35857208,0.03117781,-0.00263037
0.35867209,0.02880489,-0.00263838
0.35877213,0.02859058,-0.00254517
0.35887213,0.02873172,-0.00240494
0.35897217,0.03126431,-0.00248417
0.35907217,0.03135130,-0.00262316
0.35917218,0.03394955,-0.00262191
0.35927222,0.03256798,-0.00256854
0.35937222,0.03176621,-0.00257220
0.35947226,0.02929400,-0.00233367
0.35957227,0.02969642,-0.00223769
0.35967230,0.03087379,-0.00228280
0.35977231,0.03037100,-0.00280068
0.35987234,0.03152413,-0.00252360
0.35997235,0.02913593,-0.00242136
0.36007239,0.02821315,-0.00231493
0.36017239,0.02876359,-0.00235307
0.36027240,0.02916078,-0.00257589
0.36037244,0.03198391,-0.00287915
0.36047244,0.03174350,-0.00323083
0.36057248,0.03263013,-0.00316124
0.36067249,0.02961630,-0.00327664
0.36077252,0.03053664,-0.00287595
0.36087253,0.03078399,-0.00279269
0.36097256,0.03206578,-0.00269160
0.36107257,0.03124031,-0.00267820
0.36117261,0.03174581,-0.00258890
0.36127261,0.02960750,-0.00240123
0.36137262,0.03036742,-0.00243036
0.36147266,0.02996719,-0.00252223
0.36157266,0.02987283,-0.00286485
0.36167270,0.03344910,-0.00293394
0.36177271,0.03287180,-0.00306808
0.36187274,0.03307083,-0.00294706
0.36197275,0.03157931,-0.00305353
0.36207278,0.03121772,-0.00280692
0.36217279,0.03020474,-0.00291975
0.36227283,0.03025250,-0.00284102
0.36237283,0.03208159,-0.00304811
0.36247287,0.03113292,-0.00329447
0.36257288,0.03095848,-0.00339889
0.36267288,0.02949806,-0.00324682
0.36277292,0.03211155,-0.00336657
0.36287292,0.03108311,-0.00338320
0.36297296,0.03264076,-0.00302072
0.36307297,0.03128613,-0.00305925
0.36317300,0.03338060,-0.00297498
0.36327301,0.03158520,-0.00301588
0.36337305,0.03060840,-0.00287308
0.36347305,0.03211016,-0.00281300
0.36357309,0.03117681,-0.00329642
0.36367310,0.03253351,-0.00323748
0.36377310,0.03249755,-0.00343363
0.36387314,0.03518176,-0.00354034
0.36397314,0.03288732,-0.00343066
0.36407318,0.03022012,-0.00309614
0.36417319,0.03105239,-0.00288989
0.36427322,0.03267287,-0.00325408
0.36437323,0.03494385,-0.00321206
0.36447327,0.03404723,-0.00348618
0.36457327,0.03167367,-0.00310817
0.36467331,0.02842980,-0.00299149
0.36477332,0.02878049,-0.00262888
0.36487332,0.02948554,-0.00257838
0.36497336,0.03161966,-0.00269813
0.36507336,0.03447386,-0.00287405
0.36517340,0.03288123,-0.00300516
0.36527341,0.03332752,-0.00309520
0.36537344,0.03145285,-0.00315806
0.36547345,0.03197166,-0.00312031
0.36557349,0.03078978,-0.00314592
0.36567349,0.03380612,-0.00330569
0.36577353,0.03369867,-0.00334787
0.36587354,0.03318527,-0.00322701
0.36597357,0.03124841,-0.00285195
0.36607358,0.03243372,-0.00263615
0.36617358,0.03224402,-0.00260707
0.36627362,0.02998408,-0.00265890
0.36637363,0.03211746,-0.00264665
0.36647366,0.02953462,-0.00288961
0.36657367,0.03118091,-0.00287040
0.36667371,0.02963462,-0.00285317
0.36677371,0.03156998,-0.00282463
0.36687375,0.03152657,-0.00293505
0.36697375,0.03359370,-0.00291772
0.36707379,0.03368769,-0.00292683
0.36717380,0.03308883,-0.00297601
0.36727380,0.03145980,-0.00286482
0.36737384,0.02832392,-0.00286250
0.36747385,0.03078836,-0.00274513
0.36757388,0.03944085,-0.00275236
0.36767389,0.04092025,-0.00312139
0.36777393,0.04250794,-0.00287477
0.36787393,0.04095373,-0.00341045
0.36797397,0.03665608,-0.00330974
0.36807397,0.02417587,-0.00323460
0.36817401,-0.00787107,-0.00755097
0.36827402,0.08500000,0.08500000
0.36837402,0.08500000,0.08500000
0.36847406,0.08500000,0.08500000
0.36857407,0.08500000,0.08500000
0.36867410,0.08500000,0.08500000
0.36877411,0.08500000,0.08500000
0.36887415,0.08500000,0.08500000
0.36897415,0.08500000,0.08500000
0.36907419,0.08500000,0.08500000
0.36917419,0.08500000,0.08500000
0.36927423,0.08500000,0.08500000
0.36937424,0.08500000,0.08500000
0.36947424,0.08500000,0.08500000
0.36957428,0.08500000,0.08500000
0.36967429,0.08500000,0.08500000
0.36977432,0.08500000,0.08500000
0.36987433,0.08500000,0.08500000
0.36997437,0.08500000,0.08500000
0.37007437,0.08500000,0.08500000
0.37017441,0.08500000,0.08500000
0.37027441,0.08500000,0.08500000
0.37037445,0.08500000,0.08500000
0.37047446,0.08500000,0.08500000
0.37057449,0.08500000,0.08500000
0.37067450,0.08500000,0.08500000
0.37077451,0.08500000,0.08500000
0.37087454,0.08500000,0.08500000
0.37097455,0.08500000,0.08500000
0.37107458,0.08500000,0.08500000
0.37117459,0.08500000,0.08500000
0.37127463,0.08500000,0.08500000
0.37137463,0.08500000,0.08500000
0.37147467,0.08500000,0.08500000
0.37157468,0.08500000,0.08500000
0.37167471,0.08500000,0.08500000
0.37177472,0.08500000,0.08500000
0.37187473,0.08500000,0.08500000
0.37197476,0.08500000,0.08500000
0.37207477,0.08500000,0.08500000
0.37217480,0.08500000,0.08500000
0.37227481,0.08500000,0.08500000
0.37237485,0.08500000,0.08500000
0.37247485,0.08500000,0.08500000
0.37257489,0.08500000,0.08500000
0.37267490,0.08500000,0.08500000
0.37277493,0.08500000,0.08500000
0.37287494,0.08500000,0.08500000
0.37297495,0.08500000,0.08500000
0.37307498,0.08500000,0.08500000
0.37317499,0.08500000,0.08500000
0.37327502,0.08500000,0.08500000
0.37337503,0.08500000,0.08500000
0.37347507,0.08500000,0.08500000
0.37357507,0.08500000,0.08500000
0.37367511,0.08500000,0.08500000
0.37377512,0.08500000,0.08500000
0.37387515,0.08500000,0.08500000
0.37397516,0.08500000,0.08500000
0.37407520,0.08500000,0.08500000
0.37417520,0.08500000,0.08500000
0.37427521,0.08500000,0.08500000
0.37437524,0.08500000,0.08500000
0.37447525,0.08500000,0.08500000
0.37457529,0.08500000,0.08500000
0.37467529,0.08500000,0.08500000
0.37477533,0.08500000,0.08500000
0.37487534,0.08500000,0.08500000
0.37497537,0.08500000,0.08500000
0.37507538,0.08500000,0.08500000
0.37517542,0.08500000,0.08500000
0.37527542,0.08500000,0.08500000
0.37537543,0.08500000,0.08500000
0.37547546,0.08500000,0.08500000
0.37557547,0.08500000,0.08500000
0.37567551,0.08500000,0.08500000
0.37577551,0.08500000,0.08500000
0.37587555,0.08500000,0.08500000
0.37597556,0.08500000,0.08500000
0.37607559,0.08500000,0.08500000
0.37617560,0.08500000,0.08500000
0.37627563,0.08500000,0.08500000
0.37637564,0.08500000,0.08500000
0.37647565,0.08500000,0.08500000
0.37657568,0.08500000,0.08500000
0.37667569,0.08500000,0.08500000
0.37677573,0.08500000,0.08500000
0.37687573,0.08500000,0.08500000
0.37697577,0.08500000,0.08500000
0.37707578,0.08500000,0.08500000
0.37717581,0.08500000,0.08500000
0.37727582,0.08500000,0.08500000
0.37737585,0.08500000,0.08500000
0.37747586,0.08500000,0.08500000
0.37757590,0.08500000,0.08500000
0.37767590,0.08500000,0.08500000
0.37777591,0.08500000,0.08500000
0.37787595,0.08500000,0.08500000
0.37797595,0.08500000,0.08500000
0.37807599,0.08500000,0.08500000
0.37817599,0.08500000,0.08500000
0.37827603,0.08500000,0.08500000
0.37837604,0.08500000,0.08500000
0.37847607,0.08500000,0.08500000
0.37857608,0.08500000,0.08500000
0.37867612,0.08500000,0.08500000
0.37877612,0.08500000,0.08500000
0.37887613,0.08500000,0.08500000
0.37897617,0.08500000,0.08500000
0.37907617,0.08500000,0.08500000
0.37917621,0.08500000,0.08500000
0.37927621,0.08500000,0.08500000
0.37937625,0.08500000,0.08500000
0.37947626,0.08500000,0.08500000
0.37957629,0.08500000,0.08500000
0.37967630,0.08500000,0.08500000
0.37977634,0.08500000,0.08500000
0.37987634,0.08500000,0.08500000
0.37997635,0.08500000,0.08500000
0.38007639,0.08500000,0.08500000
0.38017639,0.08500000,0.08500000
0.38027643,0.08500000,0.08500000
0.38037643,0.08500000,0.08500000
0.38047647,0.08500000,0.08500000
0.38057648,0.08500000,0.08500000
0.38067651,0.08500000,0.08500000
0.38077652,0.08500000,0.08500000
0.38087656,0.08500000,0.08500000
0.38097656,0.08500000,0.08500000
0.38107657,0.08500000,0.08500000
0.38117661,0.08500000,0.08500000
0.38127661,0.08500000,0.08500000
0.38137665,0.08500000,0.08500000
0.38147665,0.08500000,0.08500000
0.38157669,0.08500000,0.08500000
0.38167670,0.08500000,0.08500000
0.38177673,0.08500000,0.08500000
0.38187674,0.08500000,0.08500000
0.38197678,0.08500000,0.08500000
0.38207678,0.08500000,0.08500000
0.38217682,0.08500000,0.08500000
0.38227682,0.08500000,0.08500000
0.38237683,0.08500000,0.08500000
0.38247687,0.01361576,-0.00224433
0.38257687,0.01599687,-0.00006199
0.38267691,0.01764291,0.00017309
0.38277692,0.02099813,-0.00025690
0.38287695,0.02555607,-0.00135114
0.38297696,0.02802176,-0.00208041
0.38307700,0.02942254,-0.00220979
0.38317700,0.03033872,-0.00246736
0.38327704,0.03220035,-0.00351071
0.38337704,0.03255448,-0.00404598
0.38347705,0.03340262,-0.00460645
0.38357709,0.03357866,-0.00488920
0.38367709,0.03475269,-0.00526373
0.38377713,0.03649590,-0.00563776
0.38387714,0.03606917,-0.00583346
0.38397717,0.03804880,-0.00590136
0.38407718,0.03768120,-0.00582003
0.38417722,0.03746869,-0.00598506
0.38427722,0.03828079,-0.00562995
0.38437726,0.03977788,-0.00565510
0.38447726,0.03814816,-0.00562529
0.38457727,0.03961147,-0.00571214
0.38467731,0.04072913,-0.00530577
0.38477731,0.03918168,-0.00543284
0.38487735,0.03877448,-0.00513107
0.38497736,0.03997038,-0.00525138
0.38507739,0.03982108,-0.00518794
0.38517740,0.03958398,-0.00546604
0.38527744,0.04097873,-0.00549798
0.38537744,0.04229080,-0.00544496
0.38547748,0.04147100,-0.00549740
0.38557748,0.04224763,-0.00557847
0.38567752,0.04129697,-0.00553750
0.38577753,0.04146638,-0.00527361
0.38587753,0.04267395,-0.00513735
0.38597757,0.04230028,-0.00511806
0.38607758,0.04515507,-0.00518469
0.38617761,0.04223619,-0.00491965
0.38627762,0.04269333,-0.00484229
0.38637766,0.04191080,-0.00449633
0.38647766,0.04270093,-0.00464352
0.38657770,0.03973748,-0.00419272
0.38667770,0.04030604,-0.00412214
0.38677774,0.03740123,-0.00363742
0.38687775,0.03973457,-0.00388509
0.38697775,0.03747284,-0.00360569
0.38707779,0.03610571,-0.00357036
0.38717780,0.03292185,-0.00319949
0.38727783,0.03339233,-0.00316036
0.38737784,0.03360206,-0.00281824
0.38747787,0.03314334,-0.00293272
0.38757788,0.03503275,-0.00259700
0.38767792,0.03377663,-0.00261746
0.38777792,0.03536921,-0.00253952
0.38787796,0.03342741,-0.00235759
0.38797797,0.03379386,-0.00222386
0.38807797,0.03202708,-0.00197477
0.38817801,0.03272491,-0.00205328
0.38827802,0.03155120,-0.00190339
0.38837805,0.03446514,-0.00225199
0.38847806,0.03239703,-0.00197351
0.38857809,0.03297675,-0.00210978
0.38867810,0.03042970,-0.00177939
0.38877814,0.03059743,-0.00193664
0.38887814,0.02789925,-0.00162488
0.38897818,0.02874061,-0.00181491
0.38907819,0.02549616,-0.00167178
0.38917822,0.02744333,-0.00179357
0.38927823,0.02556027,-0.00142645
0.38937823,0.02674373,-0.00148462
0.38947827,0.02610018,-0.00146184
0.38957828,0.02693926,-0.00146682
0.38967831,0.02685885,-0.00148497
0.38977832,0.02815513,-0.00136247
0.38987836,0.02703198,-0.00153510
0.38997836,0.02740399,-0.00143442
0.39007840,0.02644221,-0.00163393
0.39017841,0.02547486,-0.00149961
0.39027844,0.02461196,-0.00173223
0.39037845,0.02578090,-0.00153551
0.39047845,0.02473782,-0.00178616
0.39057849,0.02566487,-0.00182545
0.39067850,0.02516903,-0.00207917
0.39077853,0.02690539,-0.00194260
0.39087854,0.02468012,-0.00211972
0.39097858,0.02539721,-0.00185606
0.39107858,0.02526312,-0.00213287
0.39117862,0.02691444,-0.00208618
0.39127863,0.02539749,-0.00212617
0.39137866,0.02674232,-0.00203551
0.39147867,0.02511295,-0.00206838
0.39157867,0.02694522,-0.00191823
0.39167871,0.02583261,-0.00201734
0.39177872,0.02772789,-0.00212116
0.39187875,0.02769087,-0.00249906
0.39197876,0.02800792,-0.00273832
0.39207880,0.02779643,-0.00256913
0.39217880,0.02984111,-0.00286171
0.39227884,0.02846354,-0.00320763
0.39237885,0.02790833,-0.00299170
0.39247888,0.02783917,-0.00298335
0.39257889,0.02898362,-0.00300284
0.39267892,0.02835202,-0.00313577
0.39277893,0.02933224,-0.00289838
0.39287894,0.03021920,-0.00312952
0.39297897,0.02895181,-0.00337049
0.39307898,0.02999173,-0.00332095
0.39317902,0.02977494,-0.00348158
0.39327902,0.03067809,-0.00353851
0.39337906,0.02917481,-0.00348178
0.39347906,0.03015254,-0.00348649
0.39357910,0.03109802,-0.00353310
0.39367911,0.03293044,-0.00369564
0.39377914,0.03221126,-0.00363818
0.39387915,0.03292271,-0.00372877
0.39397916,0.03157971,-0.00380410
0.39407919,0.03157504,-0.00381052
0.39417920,0.03210560,-0.00377755
0.39427924,0.03450311,-0.00377946
0.39437924,0.03287836,-0.00370635
0.39447928,0.03253658,-0.00348513
0.39457928,0.03182703,-0.00352263
0.39467932,0.03031892,-0.00356303
0.39477933,0.03292626,-0.00341652
0.39487936,0.03346820,-0.00373558
0.39497937,0.03597826,-0.00398635
0.39507938,0.03399079,-0.00406055
0.39517941,0.03383316,-0.00414996
0.39527942,0.03347753,-0.00404208
0.39537946,0.03542985,-0.00418973
0.39547946,0.03548637,-0.00421958
0.39557950,0.03615585,-0.00435762
0.39567950,0.03551603,-0.00433265
0.39577954,0.03400683,-0.00428707
0.39587955,0.03359207,-0.00439650
0.39597958,0.03283504,-0.00439701
0.39607959,0.03429008,-0.00416511
0.39617960,0.03477470,-0.00416268
0.39627963,0.03660857,-0.00432884
0.39637964,0.03510031,-0.00429009
0.39647968,0.03653123,-0.00421307
0.39657968,0.03526370,-0.00431330
0.39667972,0.03585444,-0.00410808
0.39677972,0.03442542,-0.00396845
0.39687976,0.03542324,-0.00396831
0.39697977,0.03637522,-0.00405154
0.39707980,0.03387375,-0.00437710
0.39717981,0.03398667,-0.00427595
0.39727985,0.03576394,-0.00407851
0.39737985,0.03620166,-0.00423947
0.39747986,0.03502700,-0.00430690
0.39757990,0.03510946,-0.00392040
0.39767990,0.03225907,-0.00366800
0.39777994,0.03263048,-0.00357547
0.39787994,0.03356113,-0.00350572
0.39797998,0.03386547,-0.00354571
0.39807999,0.03454651,-0.00348726
0.39818002,0.03589376,-0.00366794
0.39828003,0.03599677,-0.00358328
0.39838007,0.03414447,-0.00356216
0.39848007,0.03252298,-0.00338043
0.39858008,0.03021709,-0.00342570
0.39868011,0.03262929,-0.00335129
0.39878012,0.03344517,-0.00373000
0.39888016,0.03428810,-0.00388729
0.39898016,0.03454734,-0.00417281
0.39908020,0.03228119,-0.00396732
0.39918021,0.03106556,-0.00390981
0.39928024,0.03015622,-0.00383755
0.39938025,0.03080048,-0.00365124
0.39948029,0.02934008,-0.00365059
0.39958029,0.03207484,-0.00350909
0.39968030,0.03257373,-0.00365732
0.39978033,0.03412883,-0.00370806
0.39988034,0.03329926,-0.00378629
0.39998038,0.03586855,-0.00383250
0.40008038,0.03410596,-0.00398234
0.40018042,0.03432771,-0.00372152
0.40028043,0.03203755,-0.00369560
0.40038046,0.02870127,-0.00375111
0.40048047,0.03100644,-0.00362208
0.40058051,0.03209057,-0.00385814
0.40068051,0.03467082,-0.00397044
0.40078055,0.03469281,-0.00391763
0.40088055,0.03540806,-0.00391011
0.40098056,0.03199751,-0.00371228
0.40108060,0.03342891,-0.00338496
0.40118060,0.03095836,-0.00327999
0.40128064,0.03091604,-0.00307339
0.40138065,0.03244790,-0.00330211
0.40148068,0.03298447,-0.00341276
0.40158069,0.03451718,-0.00340165
0.40168073,0.03165837,-0.00330914
0.40178073,0.03272163,-0.00325074
0.40188077,0.03135344,-0.00333119
0.40198077,0.03187237,-0.00338956
0.40208078,0.03157864,-0.00348164
0.40218082,0.03156314,-0.00379604
0.40228082,0.03364313,-0.00385985
0.40238086,0.03005956,-0.00391057
0.40248087,0.03032512,-0.00343737
0.40258090,0.02897044,-0.00352779
0.40268091,0.03196210,-0.00344627
0.40278094,0.03285188,-0.00364246
0.40288095,0.03212184,-0.00373135
0.40298099,0.03128240,-0.00352890
0.40308099,0.03110613,-0.00340191
0.40318100,0.03167369,-0.00353980
0.40328104,0.03244478,-0.00362153
0.40338104,0.03560106,-0.00361826
0.40348108,0.03339772,-0.00364822
0.40358109,0.03020476,-0.00337523
0.40368112,0.03016469,-0.00327108
0.40378113,0.03134295,-0.00326102
0.40388116,0.03280175,-0.00354556
0.40398117,0.03195813,-0.00366919
0.40408121,0.03096256,-0.00356784
0.40418121,0.03038315,-0.00351780
0.40428125,0.03178235,-0.00345007
0.40438126,0.03204539,-0.00329567
0.40448126,0.03543578,-0.00335047
0.40458130,0.03484654,-0.00354379
0.40468130,0.03312438,-0.00325851
0.40478134,0.03170492,-0.00331589
0.40488135,0.03074080,-0.00310424
0.40498138,0.03253391,-0.00309436
0.40508139,0.03252764,-0.00332031
0.40518143,0.03403268,-0.00325025
0.40528143,0.03210051,-0.00330043
0.40538147,0.03221592,-0.00342803
0.40548148,0.03092223,-0.00334689
0.40558148,0.03026753,-0.00327032
0.40568152,0.03233614,-0.00335711
0.40578152,0.03287645,-0.00356702
0.40588156,0.03414892,-0.00360231
0.40598157,0.03278723,-0.00360162
0.40608160,0.03331290,-0.00341614
0.40618161,0.03131664,-0.00346289
0.40628165,0.03009797,-0.00314507
0.40638165,0.02952998,-0.00298273
0.40648169,0.02707311,-0.00301098
0.40658170,0.03052589,-0.00289271
0.40668170,0.03140039,-0.00308056
0.40678174,0.03333190,-0.00320051
0.40688174,0.03210156,-0.00329633
0.40698178,0.03192838,-0.00317857
0.40708179,0.03038138,-0.00328444
0.40718182,0.02932641,-0.00319636
0.40728183,0.03162885,-0.00332253
0.40738187,0.02873072,-0.00340411
0.40748187,0.03097800,-0.00324174
0.40758191,0.03009105,-0.00323118
0.40768192,0.02891574,-0.00311892
0.40778195,0.03050486,-0.00339272
0.40788196,0.03683100,-0.00343252
0.40798196,0.04617891,-0.00365996
0.40808200,0.04620725,-0.00391588
0.40818201,0.04664317,-0.00461906
0.40828204,0.04047892,-0.00467545
0.40838205,0.01973758,-0.00519984
0.40848209,-0.02544184,-0.01306228
0.40858209,0.08500000,0.08500000
0.40868213,0.08500000,0.08500000
0.40878214,0.08500000,0.08500000
0.40888217,0.08500000,0.08500000
0.40898218,0.08500000,0.08500000
0.40908218,0.08500000,0.08500000
0.40918222,0.08500000,0.08500000
0.40928223,0.08500000,0.08500000
0.40938226,0.08500000,0.08500000
0.40948227,0.08500000,0.08500000
0.40958231,0.08500000,0.08500000
0.40968231,0.08500000,0.08500000
0.40978235,0.08500000,0.08500000
0.40988235,0.08500000,0.08500000
0.40998239,0.08500000,0.08500000
0.41008240,0.08500000,0.08500000
0.41018240,0.08500000,0.08500000
0.41028244,0.08500000,0.08500000
0.41038245,0.08500000,0.08500000
0.41048248,0.08500000,0.08500000
0.41058249,0.08500000,0.08500000
0.41068253,0.08500000,0.08500000
0.41078253,0.08500000,0.08500000
0.41088257,0.08500000,0.08500000
0.41098257,0.08500000,0.08500000
0.41108261,0.08500000,0.08500000
0.41118262,0.08500000,0.08500000
0.41128262,0.08500000,0.08500000
0.41138266,0.08500000,0.08500000
0.41148267,0.08500000,0.08500000
0.41158270,0.08500000,0.08500000
0.41168271,0.08500000,0.08500000
0.41178275,0.08500000,0.08500000
0.41188275,0.08500000,0.08500000
0.41198279,0.08500000,0.08500000
0.41208279,0.08500000,0.08500000
0.41218283,0.08500000,0.08500000
0.41228284,0.08500000,0.08500000
0.41238287,0.08500000,0.08500000
0.41248288,0.08500000,0.08500000
0.41258289,0.08500000,0.08500000
0.41268292,0.08500000,0.08500000
0.41278293,0.08500000,0.08500000
0.41288297,0.08500000,0.08500000
0.41298297,0.08500000,0.08500000
0.41308301,0.08500000,0.08500000
0.41318301,0.08500000,0.08500000
0.41328305,0.08500000,0.08500000
0.41338306,0.08500000,0.08500000
0.41348309,0.08500000,0.08500000
0.41358310,0.08500000,0.08500000
0.41368311,0.08500000,0.08500000
0.41378314,0.08500000,0.08500000
0.41388315,0.08500000,0.08500000
0.41398318,0.08500000,0.08500000
0.41408319,0.08500000,0.08500000
0.41418323,0.08500000,0.08500000
0.41428323,0.08500000,0.08500000
0.41438327,0.08500000,0.08500000
0.41448328,0.08500000,0.08500000
0.41458331,0.08500000,0.08500000
0.41468332,0.08500000,0.08500000
0.41478333,0.08500000,0.08500000
0.41488336,0.08500000,0.08500000
0.41498337,0.08500000,0.08500000
0.41508340,0.08500000,0.08500000
0.41518341,0.08500000,0.08500000
0.41528345,0.08500000,0.08500000
0.41538345,0.08500000,0.08500000
0.41548349,0.08500000,0.08500000
0.41558350,0.08500000,0.08500000
0.41568353,0.08500000,0.08500000
0.41578354,0.08500000,0.08500000
0.41588358,0.08500000,0.08500000
0.41598358,0.08500000,0.08500000
0.41608359,0.08500000,0.08500000
0.41618362,0.08500000,0.08500000
0.41628363,0.08500000,0.08500000
0.41638367,0.08500000,0.08500000
0.41648367,0.08500000,0.08500000
0.41658371,0.08500000,0.08500000
0.41668372,0.08500000,0.08500000
0.41678375,0.08500000,0.08500000
0.41688376,0.08500000,0.08500000
0.41698380,0.08500000,0.08500000
0.41708380,0.08500000,0.08500000
0.41718381,0.08500000,0.08500000
0.41728384,0.08500000,0.08500000
0.41738385,0.08500000,0.08500000
0.41748389,0.08500000,0.08500000
0.41758389,0.08500000,0.08500000
0.41768393,0.08500000,0.08500000
0.41778394,0.08500000,0.08500000
0.41788397,0.08500000,0.08500000
0.41798398,0.08500000,0.08500000
0.41808401,0.08500000,0.08500000
0.41818402,0.08500000,0.08500000
0.41828403,0.08500000,0.08500000
0.41838406,0.08500000,0.08500000
0.41848407,0.08500000,0.08500000
0.41858411,0.08500000,0.08500000
0.41868411,0.08500000,0.08500000
0.41878415,0.08500000,0.08500000
0.41888416,0.08500000,0.08500000
0.41898419,0.08500000,0.08500000
0.41908420,0.08500000,0.08500000
0.41918423,0.08500000,0.08500000
0.41928424,0.08500000,0.08500000
0.41938428,0.08500000,0.08500000
0.41948428,0.08500000,0.08500000
0.41958429,0.08500000,0.08500000
0.41968433,0.08500000,0.08500000
0.41978433,0.08500000,0.08500000
0.41988437,0.08500000,0.08500000
0.41998438,0.08500000,0.08500000
0.42008441,0.08500000,0.08500000
0.42018442,0.08500000,0.08500000
0.42028445,0.08500000,0.08500000
0.42038446,0.08500000,0.08500000
0.42048450,0.08500000,0.08500000
0.42058450,0.08500000,0.08500000
0.42068451,0.08500000,0.08500000
0.42078455,0.08500000,0.08500000
0.42088455,0.08500000,0.08500000
0.42098459,0.08500000,0.08500000
0.42108459,0.08500000,0.08500000
0.42118463,0.08500000,0.08500000
0.42128464,0.08500000,0.08500000
0.42138467,0.08500000,0.08500000
0.42148468,0.08500000,0.08500000
0.42158472,0.08500000,0.08500000
0.42168472,0.08500000,0.08500000
0.42178473,0.08500000,0.08500000
0.42188477,0.08500000,0.08500000
0.42198477,0.08500000,0.08500000
0.42208481,0.08500000,0.08500000
0.42218481,0.08500000,0.08500000
0.42228485,0.08500000,0.08500000
0.42238486,0.08500000,0.08500000
0.42248489,0.08500000,0.08500000
0.42258490,0.08500000,0.08500000
0.42268494,0.08500000,0.08500000
0.42278494,0.08500000,0.08500000
0.42288495,0.08500000,0.08500000
0.42298499,0.08500000,0.08500000
0.42308499,0.08500000,0.08500000
0.42318503,0.08500000,0.08500000
0.42328503,0.08500000,0.08500000
0.42338507,0.08500000,0.08500000
0.42348508,0.08500000,0.08500000
0.42358511,0.08500000,0.08500000
0.42368512,0.08500000,0.08500000
0.42378516,0.08500000,0.08500000
0.42388516,0.08500000,0.08500000
0.42398520,0.08500000,0.08500000
0.42408521,0.08500000,0.08500000
0.42418521,0.08500000,0.08500000
0.42428525,0.08500000,0.08500000
0.42438525,0.08500000,0.08500000
0.42448529,0.08500000,0.08500000
0.42458530,0.08500000,0.08500000
0.42468533,0.08500000,0.08500000
0.42478534,0.08500000,0.08500000
0.42488538,0.08500000,0.08500000
0.42498538,0.08500000,0.08500000
0.42508542,0.08500000,0.08500000
0.42518542,0.08500000,0.08500000
0.42528543,0.08500000,0.08500000
0.42538547,0.08500000,0.08500000
0.42548547,0.08500000,0.08500000
0.42558551,0.08500000,0.08500000
0.42568552,0.08500000,0.08500000
0.42578555,0.08500000,0.08500000
0.42588556,0.08500000,0.08500000
0.42598560,0.08500000,0.08500000
0.42608560,0.08500000,0.08500000
0.42618564,0.08500000,0.08500000
0.42628564,0.08500000,0.08500000
0.42638565,0.08500000,0.08500000
0.42648569,0.08500000,0.08500000
0.42658569,0.08500000,0.08500000
0.42668573,0.08500000,0.08500000
0.42678574,0.08500000,0.08500000
0.42688577,0.08500000,0.08500000
0.42698578,0.08500000,0.08500000
0.42708582,0.08500000,0.08500000
0.42718582,0.08500000,0.08500000
0.42728586,0.08500000,0.08500000
0.42738586,0.08500000,0.08500000
0.42748590,0.08500000,0.08500000
0.42758591,0.08500000,0.08500000
0.42768591,0.08500000,0.08500000
0.42778595,0.08500000,0.08500000
0.42788596,0.08500000,0.08500000
0.42798599,0.08500000,0.08500000
0.42808600,0.08500000,0.08500000
0.42818604,0.08500000,0.08500000
0.42828604,0.08500000,0.08500000
0.42838608,0.08500000,0.08500000
0.42848608,0.08500000,0.08500000
0.42858612,0.08500000,0.08500000
0.42868613,0.08500000,0.08500000
0.42878613,0.08500000,0.08500000
0.42888617,0.08500000,0.08500000
0.42898618,0.08500000,0.08500000
0.42908621,0.08500000,0.08500000
0.42918622,0.08500000,0.08500000
0.42928625,0.08500000,0.08500000
0.42938626,0.08500000,0.08500000
0.42948630,0.08500000,0.08500000
0.42958630,0.08500000,0.08500000
0.42968634,0.08500000,0.08500000
0.42978635,0.08500000,0.08500000
0.42988635,0.08500000,0.08500000
0.42998639,0.08500000,0.08500000
0.43008640,0.08500000,0.08500000
0.43018643,0.08500000,0.08500000
0.43028644,0.08500000,0.08500000
0.43038647,0.08500000,0.08500000
0.43048648,0.08500000,0.08500000
0.43058652,0.08500000,0.08500000
0.43068652,0.08500000,0.08500000
0.43078656,0.08500000,0.08500000
0.43088657,0.08500000,0.08500000
0.43098660,0.08500000,0.08500000
0.43108661,0.08500000,0.08500000
0.43118661,0.08500000,0.08500000
0.43128665,0.08500000,0.08500000
0.43138666,0.08500000,0.08500000
0.43148669,0.08500000,0.08500000
0.43158670,0.08500000,0.08500000
0.43168674,0.08500000,0.08500000
0.43178674,0.08500000,0.08500000
0.43188678,0.08500000,0.08500000
0.43198679,0.08500000,0.08500000
0.43208682,0.08500000,0.08500000
0.43218683,0.08500000,0.08500000
0.43228683,0.08500000,0.08500000
0.43238687,0.08500000,0.08500000
0.43248688,0.08500000,0.08500000
0.43258691,0.08500000,0.08500000
0.43268692,0.08500000,0.08500000
0.43278696,0.08500000,0.08500000
0.43288696,0.08500000,0.08500000
0.43298700,0.08500000,0.08500000
0.43308701,0.08500000,0.08500000
0.43318704,0.08500000,0.08500000
0.43328705,0.08500000,0.08500000
0.43338705,0.08500000,0.08500000
0.43348709,0.08500000,0.08500000
0.43358710,0.08500000,0.08500000
0.43368713,0.08500000,0.08500000
0.43378714,0.08500000,0.08500000
0.43388718,0.08500000,0.08500000
0.43398718,0.08500000,0.08500000
0.43408722,0.08500000,0.08500000
0.43418723,0.08500000,0.08500000
0.43428726,0.08500000,0.08500000
0.43438727,0.08500000,0.08500000
0.43448730,0.08500000,0.08500000
0.43458731,0.08500000,0.08500000
0.43468732,0.08500000,0.08500000
0.43478735,0.08500000,0.08500000
0.43488736,0.08500000,0.08500000
0.43498740,0.08500000,0.08500000
0.43508740,0.08500000,0.08500000
0.43518744,0.08500000,0.08500000
0.43528745,0.08500000,0.08500000
0.43538748,0.08500000,0.08500000
0.43548749,0.08500000,0.08500000
0.43558752,0.08500000,0.08500000
0.43568753,0.08500000,0.08500000
0.43578754,0.08500000,0.08500000
0.43588757,0.08500000,0.08500000
0.43598758,0.08500000,0.08500000
0.43608762,0.08500000,0.08500000
0.43618762,0.08500000,0.08500000
0.43628766,0.08500000,0.08500000
0.43638766,0.08500000,0.08500000
0.43648770,0.08500000,0.08500000
0.43658771,0.08500000,0.08500000
0.43668774,0.08500000,0.08500000
0.43678775,0.08500000,0.08500000
0.43688776,0.08500000,0.08500000
0.43698779,0.08500000,0.08500000
0.43708780,0.08500000,0.08500000
0.43718784,0.08500000,0.08500000
0.43728784,0.08500000,0.08500000
0.43738788,0.08500000,0.08500000
0.43748788,0.08500000,0.08500000
0.43758792,0.08500000,0.08500000
0.43768793,0.08500000,0.08500000
0.43778796,0.08500000,0.08500000
0.43788797,0.08500000,0.08500000
0.43798798,0.08500000,0.08500000
0.43808801,0.08500000,0.08500000
0.43818802,0.08500000,0.08500000
0.43828806,0.08500000,0.08500000
0.43838806,0.08500000,0.08500000
0.43848810,0.08500000,0.08500000
0.43858810,0.08500000,0.08500000
0.43868814,0.08500000,0.08500000
0.43878815,0.08500000,0.08500000
0.43888818,0.08500000,0.08500000
0.43898819,0.08500000,0.08500000
0.43908823,0.08500000,0.08500000
0.43918823,0.08500000,0.08500000
0.43928824,0.08500000,0.08500000
0.43938828,0.08500000,0.08500000
0.43948828,0.08500000,0.08500000
0.43958832,0.08500000,0.08500000
0.43968832,0.08500000,0.08500000
0.43978836,0.08500000,0.08500000
0.43988837,0.08500000,0.08500000
0.43998840,0.08500000,0.08500000
0.44008841,0.08500000,0.08500000
0.44018845,0.08500000,0.08500000
0.44028845,0.08500000,0.08500000
0.44038846,0.08500000,0.08500000
0.44048849,0.08500000,0.08500000
0.44058850,0.08500000,0.08500000
0.44068854,0.08500000,0.08500000
0.44078854,0.08500000,0.08500000
0.44088858,0.08500000,0.08500000
0.44098859,0.08500000,0.08500000
0.44108862,0.08500000,0.08500000
0.44118863,0.08500000,0.08500000
0.44128867,0.08500000,0.08500000
0.44138867,0.08500000,0.08500000
0.44148868,0.08500000,0.08500000
0.44158871,0.08500000,0.08500000
0.44168872,0.08500000,0.08500000
0.44178876,0.08500000,0.08500000
0.44188876,0.08500000,0.08500000
0.44198880,0.08500000,0.08500000
0.44208881,0.08500000,0.08500000
0.44218884,0.08500000,0.08500000
0.44228885,0.08500000,0.08500000
0.44238889,0.08500000,0.08500000
0.44248889,0.08500000,0.08500000
0.44258893,0.08500000,0.08500000
0.44268893,0.08500000,0.08500000
0.44278894,0.08500000,0.08500000
0.44288898,0.08500000,0.08500000
0.44298898,0.08500000,0.08500000
0.44308902,0.08500000,0.08500000
0.44318903,0.08500000,0.08500000
0.44328906,0.08500000,0.08500000
0.44338907,0.08500000,0.08500000
0.44348911,0.08500000,0.08500000
0.44358911,0.08500000,0.08500000
0.44368915,0.08500000,0.08500000
0.44378915,0.08500000,0.08500000
0.44388916,0.08500000,0.08500000
0.44398920,0.08500000,0.08500000
0.44408920,0.08500000,0.08500000
0.44418924,0.08500000,0.08500000
0.44428925,0.08500000,0.08500000
0.44438928,0.08500000,0.08500000
0.44448929,0.08500000,0.08500000
0.44458932,0.08500000,0.08500000
0.44468933,0.08500000,0.08500000
0.44478937,0.08500000,0.08500000
0.44488937,0.08500000,0.08500000
0.44498938,0.08500000,0.08500000
0.44508942,0.08500000,0.08500000
0.44518942,0.08500000,0.08500000
0.44528946,0.08500000,0.08500000
0.44538947,0.08500000,0.08500000
0.44548950,0.08500000,0.08500000
0.44558951,0.08500000,0.08500000
0.44568954,0.08500000,0.08500000
0.44578955,0.08500000,0.08500000
0.44588959,0.08500000,0.08500000
0.44598959,0.08500000,0.08500000
0.44608963,0.08500000,0.08500000
0.44618964,0.08500000,0.08500000
0.44628964,0.08500000,0.08500000
0.44638968,0.08500000,0.08500000
0.44648969,0.08500000,0.08500000
0.44658972,0.08500000,0.08500000
0.44668973,0.08500000,0.08500000
0.44678976,0.08500000,0.08500000
0.44688977,0.08500000,0.08500000
0.44698981,0.08500000,0.08500000
0.44708981,0.08500000,0.08500000
0.44718985,0.08500000,0.08500000
0.44728986,0.08500000,0.08500000
0.44738986,0.08500000,0.08500000
0.44748990,0.08500000,0.08500000
0.44758990,0.08500000,0.08500000
0.44768994,0.08500000,0.08500000
0.44778995,0.08500000,0.08500000
0.44788998,0.08500000,0.08500000
0.44798999,0.08500000,0.08500000
0.44809003,0.08500000,0.08500000
0.44819003,0.08500000,0.08500000
0.44829007,0.08500000,0.08500000
0.44839008,0.08500000,0.08500000
0.44849008,0.08500000,0.08500000
0.44859012,0.08500000,0.08500000
0.44869012,0.08500000,0.08500000
0.44879016,0.08500000,0.08500000
0.44889017,0.08500000,0.08500000
0.44899020,0.08500000,0.08500000
0.44909021,0.08500000,0.08500000
0.44919025,0.08500000,0.08500000
0.44929025,0.08500000,0.08500000
0.44939029,0.08500000,0.08500000
0.44949030,0.08500000,0.08500000
0.44959030,0.08500000,0.08500000
0.44969034,0.08500000,0.08500000
0.44979034,0.08500000,0.08500000
0.44989038,0.08500000,0.08500000
0.44999039,0.08500000,0.08500000
0.45009042,0.08500000,0.08500000
0.45019043,0.08500000,0.08500000
0.45029047,0.08500000,0.08500000
0.45039047,0.08500000,0.08500000
0.45049051,0.08500000,0.08500000
0.45059052,0.08500000,0.08500000
0.45069055,0.08500000,0.08500000
0.45079056,0.08500000,0.08500000
0.45089056,0.08500000,0.08500000
0.45099060,0.08500000,0.08500000
0.45109061,0.08500000,0.08500000
0.45119064,0.08500000,0.08500000
0.45129065,0.08500000,0.08500000
0.45139069,0.08500000,0.08500000
0.45149069,0.08500000,0.08500000
0.45159073,0.08500000,0.08500000
0.45169073,0.08500000,0.08500000
0.45179077,0.08500000,0.08500000
0.45189078,0.08500000,0.08500000
0.45199078,0.08500000,0.08500000
0.45209082,0.08500000,0.08500000
0.45219083,0.08500000,0.08500000
0.45229086,0.08500000,0.08500000
0.45239087,0.08500000,0.08500000
0.45249091,0.08500000,0.08500000
0.45259091,0.08500000,0.08500000
0.45269095,0.08500000,0.08500000
0.45279095,0.08500000,0.08500000
0.45289099,0.08500000,0.08500000
0.45299100,0.08500000,0.08500000
0.45309100,0.08500000,0.08500000
0.45319104,0.08500000,0.08500000
0.45329105,0.08500000,0.08500000
0.45339108,0.08500000,0.08500000
0.45349109,0.08500000,0.08500000
0.45359113,0.08500000,0.08500000
0.45369113,0.08500000,0.08500000
0.45379117,0.08500000,0.08500000
0.45389117,0.08500000,0.08500000
0.45399121,0.08500000,0.08500000
0.45409122,0.08500000,0.08500000
0.45419125,0.08500000,0.08500000
0.45429126,0.08500000,0.08500000
0.45439127,0.08500000,0.08500000
0.45449130,0.08500000,0.08500000
0.45459131,0.08500000,0.08500000
0.45469135,0.08500000,0.08500000
0.45479135,0.08500000,0.08500000
0.45489139,0.08500000,0.08500000
0.45499139,0.08500000,0.08500000
0.45509143,0.08500000,0.08500000
0.45519144,0.08500000,0.08500000
0.45529147,0.08500000,0.08500000
0.45539148,0.08500000,0.08500000
0.45549149,0.08500000,0.08500000
0.45559152,0.08500000,0.08500000
0.45569153,0.08500000,0.08500000
0.45579156,0.08500000,0.08500000
0.45589157,0.08500000,0.08500000
0.45599161,0.08500000,0.08500000
0.45609161,0.08500000,0.08500000
0.45619165,0.08500000,0.08500000
0.45629166,0.08500000,0.08500000
0.45639169,0.08500000,0.08500000
0.45649170,0.08500000,0.08500000
0.45659171,0.08500000,0.08500000
0.45669174,0.08500000,0.08500000
0.45679175,0.08500000,0.08500000
0.45689178,0.08500000,0.08500000
0.45699179,0.08500000,0.08500000
0.45709183,0.08500000,0.08500000
0.45719183,0.08500000,0.08500000
0.45729187,0.08500000,0.08500000
0.45739188,0.08500000,0.08500000
0.45749191,0.08500000,0.08500000
0.45759192,0.08500000,0.08500000
0.45769196,0.08500000,0.08500000
0.45779196,0.08500000,0.08500000
0.45789197,0.08500000,0.08500000
0.45799200,0.08500000,0.08500000
0.45809201,0.08500000,0.08500000
0.45819205,0.08500000,0.08500000
0.45829205,0.08500000,0.08500000
0.45839209,0.08500000,0.08500000
0.45849210,0.08500000,0.08500000
0.45859213,0.08500000,0.08500000
0.45869214,0.08500000,0.08500000
0.45879218,0.08500000,0.08500000
0.45889218,0.08500000,0.08500000
0.45899219,0.08500000,0.08500000
0.45909222,0.08500000,0.08500000
0.45919223,0.08500000,0.08500000
0.45929227,0.08500000,0.08500000
0.45939227,0.08500000,0.08500000
0.45949231,0.08500000,0.08500000
0.45959232,0.08500000,0.08500000
0.45969235,0.08500000,0.08500000
0.45979236,0.08500000,0.08500000
0.45989240,0.08500000,0.08500000
0.45999240,0.08500000,0.08500000
0.46009241,0.08500000,0.08500000
0.46019244,0.08500000,0.08500000
0.46029245,0.08500000,0.08500000
0.46039249,0.08500000,0.08500000
0.46049249,0.08500000,0.08500000
0.46059253,0.08500000,0.08500000
0.46069254,0.08500000,0.08500000
0.46079257,0.08500000,0.08500000
0.46089258,0.08500000,0.08500000
0.46099261,0.08500000,0.08500000
0.46109262,0.08500000,0.08500000
0.46119266,0.08500000,0.08500000
0.46129266,0.08500000,0.08500000
0.46139267,0.08500000,0.08500000
0.46149271,0.08500000,0.08500000
0.46159271,0.08500000,0.08500000
0.46169275,0.08500000,0.08500000
0.46179276,0.08500000,0.08500000
0.46189279,0.08500000,0.08500000
0.46199280,0.08500000,0.08500000
0.46209283,0.08500000,0.08500000
0.46219284,0.08500000,0.08500000
0.46229288,0.08500000,0.08500000
0.46239288,0.08500000,0.08500000
0.46249289,0.08500000,0.08500000
0.46259293,0.08500000,0.08500000
0.46269293,0.08500000,0.08500000
0.46279297,0.08500000,0.08500000
0.46289297,0.08500000,0.08500000
0.46299301,0.08500000,0.08500000
0.46309302,0.08500000,0.08500000
0.46319305,0.08500000,0.08500000
0.46329306,0.08500000,0.08500000
0.46339310,0.08500000,0.08500000
0.46349310,0.08500000,0.08500000
0.46359311,0.08500000,0.08500000
0.46369315,0.08500000,0.08500000
0.46379315,0.08500000,0.08500000
0.46389319,0.08500000,0.08500000
0.46399319,0.08500000,0.08500000
0.46409323,0.08500000,0.08500000
0.46419324,0.08500000,0.08500000
0.46429327,0.08500000,0.08500000
0.46439328,0.08500000,0.08500000
0.46449332,0.08500000,0.08500000
0.46459332,0.08500000,0.08500000
0.46469333,0.08500000,0.08500000
0.46479337,0.08500000,0.08500000
0.46489337,0.08500000,0.08500000
0.46499341,0.08500000,0.08500000
0.46509341,0.08500000,0.08500000
0.46519345,0.08500000,0.08500000
0.46529346,0.08500000,0.08500000
0.46539349,0.08500000,0.08500000
0.46549350,0.08500000,0.08500000
0.46559354,0.08500000,0.08500000
0.46569354,0.08500000,0.08500000
0.46579358,0.08500000,0.08500000
0.46589359,0.08500000,0.08500000
0.46599359,0.08500000,0.08500000
0.46609363,0.08500000,0.08500000
0.46619363,0.08500000,0.08500000
0.46629367,0.08500000,0.08500000
0.46639368,0.08500000,0.08500000
0.46649371,0.08500000,0.08500000
0.46659372,0.08500000,0.08500000
0.46669376,0.08500000,0.08500000
0.46679376,0.08500000,0.08500000
0.46689380,0.08500000,0.08500000
0.46699380,0.08500000,0.08500000
0.46709381,0.08500000,0.08500000
0.46719385,0.08500000,0.08500000
0.46729385,0.08500000,0.08500000
0.46739389,0.08500000,0.08500000
0.46749390,0.08500000,0.08500000
0.46759393,0.08500000,0.08500000
0.46769394,0.08500000,0.08500000
0.46779398,0.08500000,0.08500000
0.46789398,0.08500000,0.08500000
0.46799402,0.08500000,0.08500000
0.46809402,0.08500000,0.08500000
0.46819403,0.08500000,0.08500000
0.46829407,0.08500000,0.08500000
0.46839407,0.08500000,0.08500000
0.46849411,0.08500000,0.08500000
0.46859412,0.08500000,0.08500000
0.46869415,0.08500000,0.08500000
0.46879416,0.08500000,0.08500000
0.46889420,0.08500000,0.08500000
0.46899420,0.08500000,0.08500000
0.46909424,0.08500000,0.08500000
0.46919424,0.08500000,0.08500000
0.46929428,0.08500000,0.08500000
0.46939429,0.08500000,0.08500000
0.46949429,0.08500000,0.08500000
0.46959433,0.08500000,0.08500000
0.46969434,0.08500000,0.08500000
0.46979437,0.08500000,0.08500000
0.46989438,0.08500000,0.08500000
0.46999442,0.08500000,0.08500000
0.47009442,0.08500000,0.08500000
0.47019446,0.08500000,0.08500000
0.47029446,0.08500000,0.08500000
0.47039450,0.08500000,0.08500000
0.47049451,0.08500000,0.08500000
0.47059451,0.08500000,0.08500000
0.47069455,0.08500000,0.08500000
0.47079456,0.08500000,0.08500000
0.47089459,0.08500000,0.08500000
0.47099460,0.08500000,0.08500000
0.47109464,0.08500000,0.08500000
0.47119464,0.08500000,0.08500000
0.47129468,0.08500000,0.08500000
0.47139468,0.08500000,0.08500000
0.47149472,0.08500000,0.08500000
0.47159473,0.08500000,0.08500000
0.47169473,0.08500000,0.08500000
0.47179477,0.08500000,0.08500000
0.47189478,0.08500000,0.08500000
0.47199481,0.08500000,0.08500000
0.47209482,0.08500000,0.08500000
0.47219485,0.08500000,0.08500000
0.47229486,0.08500000,0.08500000
0.47239490,0.08500000,0.08500000
0.47249490,0.08500000,0.08500000
0.47259494,0.08500000,0.08500000
0.47269495,0.08500000,0.08500000
0.47279498,0.08500000,0.08500000
0.47289499,0.08500000,0.08500000
0.47299500,0.08500000,0.08500000
0.47309503,0.08500000,0.08500000
0.47319504,0.08500000,0.08500000
0.47329507,0.08500000,0.08500000
0.47339508,0.08500000,0.08500000
0.47349512,0.08500000,0.08500000
0.47359512,0.08500000,0.08500000
0.47369516,0.08500000,0.08500000
0.47379517,0.08500000,0.08500000
0.47389520,0.08500000,0.08500000
0.47399521,0.08500000,0.08500000
0.47409521,0.08500000,0.08500000
0.47419525,0.08500000,0.08500000
0.47429526,0.08500000,0.08500000
0.47439529,0.08500000,0.08500000
0.47449530,0.08500000,0.08500000
0.47459534,0.08500000,0.08500000
0.47469534,0.08500000,0.08500000
0.47479538,0.08500000,0.08500000
0.47489539,0.08500000,0.08500000
0.47499542,0.08500000,0.08500000
0.47509543,0.08500000,0.08500000
0.47519543,0.08500000,0.08500000
0.47529547,0.08500000,0.08500000
0.47539548,0.08500000,0.08500000
0.47549551,0.08500000,0.08500000
0.47559552,0.08500000,0.08500000
0.47569556,0.08500000,0.08500000
0.47579556,0.08500000,0.08500000
0.47589560,0.08500000,0.08500000
0.47599561,0.08500000,0.08500000
0.47609564,0.08500000,0.08500000
0.47619565,0.08500000,0.08500000
0.47629568,0.08500000,0.08500000
0.47639569,0.08500000,0.08500000
0.47649570,0.08500000,0.08500000
0.47659573,0.08500000,0.08500000
0.47669574,0.08500000,0.08500000
0.47679578,0.08500000,0.08500000
0.47689578,0.08500000,0.08500000
0.47699582,0.08500000,0.08500000
0.47709583,0.08500000,0.08500000
0.47719586,0.08500000,0.08500000
0.47729587,0.08500000,0.08500000
0.47739590,0.08500000,0.08500000
0.47749591,0.08500000,0.08500000
0.47759592,0.08500000,0.08500000
0.47769595,0.08500000,0.08500000
0.47779596,0.08500000,0.08500000
0.47789600,0.08500000,0.08500000
0.47799600,0.08500000,0.08500000
0.47809604,0.08500000,0.08500000
0.47819604,0.08500000,0.08500000
0.47829608,0.08500000,0.08500000
0.47839609,0.08500000,0.08500000
0.47849612,0.08500000,0.08500000
0.47859613,0.08500000,0.08500000
0.47869614,0.08500000,0.08500000
0.47879617,0.08500000,0.08500000
0.47889618,0.08500000,0.08500000
0.47899622,0.08500000,0.08500000
0.47909622,0.08500000,0.08500000
0.47919626,0.08500000,0.08500000
0.47929626,0.08500000,0.08500000
0.47939630,0.08500000,0.08500000
0.47949631,0.08500000,0.08500000
0.47959634,0.08500000,0.08500000
0.47969635,0.08500000,0.08500000
0.47979636,0.08500000,0.08500000
0.47989639,0.08500000,0.08500000
0.47999640,0.08500000,0.08500000
0.48009644,0.08500000,0.08500000
0.48019644,0.08500000,0.08500000
0.48029648,0.08500000,0.08500000
0.48039648,0.08500000,0.08500000
0.48049652,0.08500000,0.08500000
0.48059653,0.08500000,0.08500000
0.48069656,0.08500000,0.08500000
0.48079657,0.08500000,0.08500000
0.48089661,0.08500000,0.08500000
0.48099661,0.08500000,0.08500000
0.48109662,0.08500000,0.08500000
0.48119666,0.08500000,0.08500000
0.48129666,0.08500000,0.08500000
0.48139670,0.08500000,0.08500000
0.48149670,0.08500000,0.08500000
0.48159674,0.08500000,0.08500000
0.48169675,0.08500000,0.08500000
0.48179678,0.08500000,0.08500000
0.48189679,0.08500000,0.08500000
0.48199683,0.08500000,0.08500000
0.48209683,0.08500000,0.08500000
0.48219684,0.08500000,0.08500000
0.48229688,0.08500000,0.08500000
0.48239688,0.08500000,0.08500000
0.48249692,0.08500000,0.08500000
0.48259692,0.08500000,0.08500000
0.48269696,0.08500000,0.08500000
0.48279697,0.08500000,0.08500000
0.48289700,0.08500000,0.08500000
0.48299701,0.08500000,0.08500000
0.48309705,0.08500000,0.08500000
0.48319705,0.08500000,0.08500000
0.48329706,0.08500000,0.08500000
0.48339709,0.08500000,0.08500000
0.48349710,0.08500000,0.08500000
0.48359714,0.08500000,0.08500000
0.48369714,0.08500000,0.08500000
0.48379718,0.08500000,0.08500000
0.48389719,0.08500000,0.08500000
0.48399722,0.08500000,0.08500000
0.48409723,0.08500000,0.08500000
0.48419727,0.08500000,0.08500000
0.48429727,0.08500000,0.08500000
0.48439731,0.08500000,0.08500000
0.48449731,0.08500000,0.08500000
0.48459732,0.08500000,0.08500000
0.48469736,0.08500000,0.08500000
0.48479736,0.08500000,0.08500000
0.48489740,0.08500000,0.08500000
0.48499741,0.08500000,0.08500000
0.48509744,0.08500000,0.08500000
0.48519745,0.08500000,0.08500000
0.48529749,0.08500000,0.08500000
0.48539749,0.08500000,0.08500000
0.48549753,0.08500000,0.08500000
0.48559753,0.08500000,0.08500000
0.48569754,0.08500000,0.08500000
0.48579758,0.08500000,0.08500000
0.48589758,0.08500000,0.08500000
0.48599762,0.08500000,0.08500000
0.48609763,0.08500000,0.08500000
0.48619766,0.08500000,0.08500000
0.48629767,0.08500000,0.08500000
0.48639771,0.08500000,0.08500000
0.48649771,0.08500000,0.08500000
0.48659775,0.08500000,0.08500000
0.48669775,0.08500000,0.08500000
0.48679776,0.08500000,0.08500000
0.48689780,0.08500000,0.08500000
0.48699780,0.08500000,0.08500000
0.48709784,0.08500000,0.08500000
0.48719785,0.08500000,0.08500000
0.48729788,0.08500000,0.08500000
0.48739789,0.08500000,0.08500000
0.48749792,0.08500000,0.08500000
0.48759793,0.08500000,0.08500000
0.48769797,0.08500000,0.08500000
0.48779797,0.08500000,0.08500000
0.48789801,0.08500000,0.08500000
0.48799802,0.08500000,0.08500000
0.48809802,0.08500000,0.08500000
0.48819806,0.08500000,0.08500000
0.48829807,0.08500000,0.08500000
0.48839810,0.08500000,0.08500000
0.48849811,0.08500000,0.08500000
0.48859814,0.08500000,0.08500000
0.48869815,0.08500000,0.08500000
0.48879819,0.08500000,0.08500000
0.48889819,0.08500000,0.08500000
0.48899823,0.08500000,0.08500000
0.48909824,0.08500000,0.08500000
0.48919824,0.08500000,0.08500000
0.48929828,0.08500000,0.08500000
0.48939828,0.08500000,0.08500000
0.48949832,0.08500000,0.08500000
0.48959833,0.08500000,0.08500000
0.48969836,0.08500000,0.08500000
0.48979837,0.08500000,0.08500000
0.48989841,0.08500000,0.08500000
0.48999841,0.08500000,0.08500000
0.49009845,0.08500000,0.08500000
0.49019846,0.08500000,0.08500000
0.49029846,0.08500000,0.08500000
0.49039850,0.08500000,0.08500000
0.49049850,0.08500000,0.08500000
0.49059854,0.08500000,0.08500000
0.49069855,0.08500000,0.08500000
0.49079858,0.08500000,0.08500000
0.49089859,0.08500000,0.08500000
0.49099863,0.08500000,0.08500000
0.49109863,0.08500000,0.08500000
0.49119867,0.08500000,0.08500000
0.49129868,0.08500000,0.08500000
0.49139868,0.08500000,0.08500000
0.49149872,0.08500000,0.08500000
0.49159872,0.08500000,0.08500000
0.49169876,0.08500000,0.08500000
0.49179877,0.08500000,0.08500000
0.49189880,0.08500000,0.08500000
0.49199881,0.08500000,0.08500000
0.49209885,0.08500000,0.08500000
0.49219885,0.08500000,0.08500000
0.49229889,0.08500000,0.08500000
0.49239890,0.08500000,0.08500000
0.49249893,0.08500000,0.08500000
0.49259894,0.08500000,0.08500000
0.49269894,0.08500000,0.08500000
0.49279898,0.08500000,0.08500000
0.49289899,0.08500000,0.08500000
0.49299902,0.08500000,0.08500000
0.49309903,0.08500000,0.08500000
0.49319907,0.08500000,0.08500000
0.49329907,0.08500000,0.08500000
0.49339911,0.08500000,0.08500000
0.49349911,0.08500000,0.08500000
0.49359915,0.08500000,0.08500000
0.49369916,0.08500000,0.08500000
0.49379916,0.08500000,0.08500000
0.49389920,0.08500000,0.08500000
0.49399921,0.08500000,0.08500000
0.49409924,0.08500000,0.08500000
0.49419925,0.08500000,0.08500000
0.49429929,0.08500000,0.08500000
0.49439929,0.08500000,0.08500000
0.49449933,0.08500000,0.08500000
0.49459933,0.08500000,0.08500000
0.49469937,0.08500000,0.08500000
0.49479938,0.08500000,0.08500000
0.49489938,0.08500000,0.08500000
0.49499942,0.08500000,0.08500000
0.49509943,0.08500000,0.08500000
0.49519946,0.08500000,0.08500000
0.49529947,0.08500000,0.08500000
0.49539951,0.08500000,0.08500000
0.49549951,0.08500000,0.08500000
0.49559955,0.08500000,0.08500000
0.49569955,0.08500000,0.08500000
0.49579959,0.08500000,0.08500000
0.49589960,0.08500000,0.08500000
0.49599963,0.08500000,0.08500000
0.49609964,0.08500000,0.08500000
0.49619965,0.08500000,0.08500000
0.49629968,0.08500000,0.08500000
0.49639969,0.08500000,0.08500000
0.49649973,0.08500000,0.08500000
0.49659973,0.08500000,0.08500000
0.49669977,0.08500000,0.08500000
0.49679977,0.08500000,0.08500000
0.49689981,0.08500000,0.08500000
0.49699982,0.08500000,0.08500000
0.49709985,0.08500000,0.08500000
0.49719986,0.08500000,0.08500000
0.49729987,0.08500000,0.08500000
0.49739990,0.08500000,0.08500000
0.49749991,0.08500000,0.08500000
0.49759995,0.08500000,0.08500000
0.49769995,0.08500000,0.08500000
0.49779999,0.08500000,0.08500000
0.49789999,0.08500000,0.08500000
