#timeI (float32)[1],PositionR (float32)[1],PositionZ (float32)[1]
-0.00100000,0.00000000,0.00000000
-0.00089999,0.00000000,0.00000000
-0.00079997,0.00000000,0.00000000
-0.00069996,0.00000000,0.00000000
-0.00059995,0.00000000,0.00000000
-0.00049994,0.00000000,0.00000000
-0.00039992,0.00000000,0.00000000
-0.00029991,0.00000000,0.00000000
-0.00019990,0.00000858,0.00000048
-0.00009988,0.00000095,-0.00000334
0.00000013,0.00000095,0.00000048
0.00010014,-0.00005245,-0.00000334
0.00020015,-0.00001812,-0.00000715
0.00030017,-0.00000286,0.00000048
0.00040018,0.00000477,0.00000048
0.00050019,0.00000477,0.00000048
0.00060021,-0.00001049,0.00000048
0.00070022,-0.00000286,0.00000048
0.00080023,-0.00001049,0.00000048
0.00090024,-0.00000286,0.00000048
0.00100026,-0.00000286,0.00000048
0.00110027,0.00000477,-0.00000715
0.00120028,0.00000477,0.00000048
0.00130030,0.00000858,0.00000429
0.00140031,-0.00000286,0.00000048
0.00150032,0.00000477,0.00000048
0.00160033,0.00000095,0.00000048
0.00170035,0.00000095,-0.00000334
0.00180036,0.00005436,0.00000048
0.00190037,-0.00001812,0.00000048
0.00200039,-0.00000286,-0.00000334
0.00210040,0.00000095,0.00000048
0.00220041,-0.00001049,-0.00000334
0.00230042,0.00000095,0.00000429
0.00240044,-0.00000668,-0.00000334
0.00250045,0.00000095,-0.00000334
0.00260046,-0.00000286,0.00000048
0.00270048,0.00000095,-0.00000334
0.00280049,0.00000477,-0.00000334
0.00290050,0.00000477,0.00000048
0.00300051,0.00000095,-0.00000334
0.00310053,-0.00000286,-0.00000334
0.00320054,0.00000095,-0.00000334
0.00330055,0.00000477,-0.00000334
0.00340057,0.00001240,-0.00000334
0.00350058,0.00001621,0.00000811
0.00360059,-0.00000668,0.00009203
0.00370060,-0.00080776,0.00006914
0.00380062,-0.00527476,0.00095033
0.00390063,-0.01514336,0.00714538
0.00400064,-0.03555956,0.02663081
0.00410066,-0.03743257,0.05122028
0.00420067,-0.01691337,0.01405760
0.00430068,-0.02937595,0.04314458
0.00440069,-0.02006430,0.02901499
0.00450071,-0.00524043,0.00919769
0.00460072,-0.00322246,0.00151491
0.00470073,-0.02380270,0.02814142
0.00480075,-0.00034237,0.02646677
0.00490076,-0.00841425,0.02318614
0.00500077,-0.00454616,0.02634471
0.00510078,0.00828264,-0.02967016
0.00520080,0.01161286,-0.03471699
0.00530081,0.01067444,-0.04406297
0.00540082,0.01710219,-0.04294527
0.00550084,-0.01184365,-0.03926028
0.00560085,0.00380419,-0.03330937
0.00570086,0.01428695,-0.03982104
0.00580087,0.01221939,-0.04318560
0.00590089,0.01015946,-0.04465425
0.00600090,0.00730989,-0.04480684
0.00610091,0.00143527,-0.04399812
0.00620093,0.00179385,-0.04256380
0.00630094,0.00267505,-0.04220522
0.00640095,0.00953004,-0.03973712
0.00650096,0.01015565,-0.03454151
0.00660098,0.00940034,-0.03423252
0.00670099,0.01095292,-0.03072683
0.00680100,0.02015776,-0.01918358
0.00690102,0.02157301,-0.00865886
0.00700103,0.02594845,-0.00991008
0.00710104,0.02233976,0.00589035
0.00720105,0.02010435,0.00084734
0.00730107,0.01179215,-0.00606488
0.00740108,0.01346680,-0.00023222
0.00750109,0.00944612,0.00010729
0.00760111,0.00106525,-0.00889919
0.00770112,0.00975511,-0.00808285
0.00780113,0.00090885,-0.01093242
0.00790114,0.03092662,-0.00179624
0.00800116,-0.00919244,-0.00339078
0.00810117,-0.00644968,-0.00537823
0.00820118,0.00165653,0.00671814
0.00830120,0.00120639,0.00318955
0.00840121,0.01815505,0.00694321
0.00850122,0.00461291,0.00294541
0.00860123,0.01208588,0.01025817
0.00870125,-0.00282955,0.00576828
0.00880126,-0.00784586,0.01064727
0.00890127,-0.00380611,0.02137035
0.00900129,-0.00161647,0.01930279
0.00910130,-0.00433253,0.02260631
0.00920131,-0.00450038,0.01573606
0.00930132,0.00405978,-0.00921199
0.00940134,-0.00546549,0.01391264
0.00950135,-0.00502299,0.01893277
0.00960136,0.00586413,-0.00881145
0.00970138,-0.01176354,0.01738782
0.00980139,0.00238513,0.00414323
0.00990140,-0.01021478,0.02688639
0.01000141,0.00388812,-0.01812692
0.01010143,-0.01465126,0.01581998
0.01020144,0.00195026,-0.00717113
0.01030145,-0.00535868,0.00587128
0.01040147,-0.01519676,0.02260250
0.01050148,-0.00934885,0.00658463
0.01060149,-0.00416469,0.00772140
0.01070150,0.00600527,-0.01409098
0.01080152,-0.01589866,0.01854367
0.01090153,0.00302600,-0.00034666
0.01100154,0.00186252,-0.00191450
0.01110155,0.00029850,-0.00097990
0.01120157,0.00759981,-0.00198698
0.01130158,-0.00286388,0.00938079
0.01140159,0.00642488,-0.00318479
0.01150161,0.00463580,0.00196123
0.01160162,-0.00739573,0.00822494
0.01170163,0.00034809,-0.00025892
0.01180165,-0.00564860,0.01843686
0.01190166,0.00320147,-0.00054121
0.01200167,-0.00038815,-0.00760219
0.01210168,-0.00460719,0.00154543
0.01220170,-0.00729273,0.01426741
0.01230171,-0.01129815,0.01742978
0.01240172,-0.00092983,0.00479935
0.01250173,-0.00784586,0.01562162
0.01260175,-0.00109768,0.01237914
0.01270176,-0.01611610,0.01998181
0.01280177,0.00743959,-0.00311231
0.01290179,-0.00144100,-0.00573681
0.01300180,0.00266360,0.00057268
0.01310181,-0.01206872,0.02276271
0.01320183,0.00407504,0.00397157
0.01330184,-0.01742454,0.01389357
0.01340185,-0.00327968,0.00792358
0.01350186,0.00360965,0.00635956
0.01360188,-0.00028134,0.00253724
0.01370189,0.00014210,0.00862930
0.01380190,-0.00265788,0.01406904
0.01390191,-0.00372600,0.01313444
0.01400193,0.00104618,-0.00965831
0.01410194,-0.00361156,0.00029802
0.01420195,-0.00421046,0.00530671
0.01430197,-0.01121041,0.01205107
0.01440198,-0.00307369,0.01327940
0.01450199,-0.00388240,0.01176116
0.01460201,0.00338077,-0.00043821
0.01470202,0.00070285,-0.00168943
0.01480203,-0.00046062,0.01239439
0.01490204,-0.00305461,0.00317811
0.01500206,0.00282000,-0.00926540
0.01510207,-0.00067043,0.01162764
0.01520208,-0.01225182,0.01399656
0.01530209,-0.00901315,0.02004666
0.01540211,-0.00010205,0.00835464
0.01550212,-0.00661372,0.00714920
0.01560213,-0.00829218,0.01540800
0.01570215,-0.00247859,0.00919387
0.01580216,-0.01171777,0.01210066
0.01590217,-0.00301647,0.01880688
0.01600218,0.00647829,0.00599717
0.01610220,-0.00505732,0.01128051
0.01620221,-0.00426768,0.00966689
0.01630222,0.00880144,-0.00227689
0.01640224,0.00174426,0.00664185
0.01650225,-0.00299358,0.01462980
0.01660226,-0.01015374,0.01699872
0.01670227,-0.00848291,0.00841568
0.01680229,0.00455187,0.00415849
0.01690230,0.00205707,-0.00111341
0.01700231,-0.00581263,0.00404786
0.01710233,-0.00969217,0.00994155
0.01720234,-0.00335597,0.00397157
0.01730235,-0.00129223,0.00172471
0.01740236,-0.00245189,0.00980422
0.01750238,0.00386523,0.00452470
0.01760239,-0.00800989,0.01156279
0.01770240,-0.00344371,0.00839660
0.01780242,-0.01090142,0.01577421
0.01790243,0.00433444,-0.00004911
0.01800244,-0.00494670,0.01732297
0.01810246,-0.01314446,0.01207015
0.01820247,-0.00268840,0.00339173
0.01830248,-0.01022241,0.01322600
0.01840249,-0.00043774,-0.00506924
0.01850251,0.00121021,0.00429200
0.01860252,-0.00431346,0.00106477
0.01870253,0.00178241,0.01217696
0.01880255,-0.00222682,-0.00235700
0.01890256,-0.01325127,0.01447721
0.01900257,-0.00921533,0.00906799
0.01910258,-0.00305080,0.00215577
0.01920260,-0.00258159,0.00666092
0.01930261,-0.00111675,0.00257539
0.01940262,-0.00407695,0.00484132
0.01950263,-0.00691889,0.00369309
0.01960265,-0.01102731,0.00934646
0.01970266,0.00057697,-0.00039625
0.01980267,-0.00661753,0.00577973
0.01990269,-0.00532054,-0.00225782
0.02000270,-0.01414009,0.00796554
0.02010271,-0.00459575,0.00505494
0.02020272,-0.01174829,0.01367231
0.02030274,-0.00033855,-0.00378369
0.02040275,-0.00634669,0.01147887
0.02050276,-0.00574397,0.01042602
0.02060278,-0.00361156,-0.00065183
0.02070279,-0.01240060,0.01381346
0.02080280,-0.00843714,0.00460862
0.02090281,-0.00875375,0.00658081
0.02100283,-0.00780390,0.00630234
0.02110284,-0.00986001,0.00175905
0.02120285,-0.00092983,0.00073671
0.02130287,0.00563143,0.00397919
0.02140288,-0.00348567,0.00748108
0.02150289,-0.01558204,0.00995681
0.02160291,0.00311755,0.00758026
0.02170292,-0.01607414,0.01946301
0.02180293,0.01464935,0.00138902
0.02190294,0.00191974,0.00693176
0.02200296,-0.00507640,-0.00073194
0.02210297,-0.00905893,0.00542115
0.02220298,-0.01541039,0.01044127
0.02230299,-0.00175380,0.00847290
0.02240301,-0.00227260,0.01084563
0.02250302,-0.00539301,0.00647782
0.02260303,-0.02588551,0.01802487
0.02270305,-0.00618266,0.00322389
0.02280306,0.00634859,-0.00195646
0.02290307,0.00206088,0.01497312
0.02300308,-0.00271510,0.00853012
0.02310310,-0.00420283,-0.00012541
0.02320311,-0.02073187,0.00809143
0.02330312,-0.02265829,0.00993392
0.02340314,-0.00865076,0.01503797
0.02350315,-0.00698374,0.01877637
0.02360316,-0.00938699,0.01936001
0.02370317,0.00255679,0.00538681
0.02380319,-0.00240611,-0.00419186
0.02390320,-0.01432701,0.01721997
0.02400321,-0.00262355,0.00933502
0.02410323,-0.00860879,0.00840423
0.02420324,-0.00643061,0.00158357
0.02430325,-0.00449275,0.00353669
0.02440326,-0.00190258,0.00139284
0.02450328,-0.00390529,-0.00588559
0.02460329,-0.00985620,0.00519226
0.02470330,-0.01045511,0.00805710
0.02480332,-0.00549982,0.00849197
0.02490333,-0.01566597,0.00883529
0.02500334,-0.00212764,-0.00030851
0.02510335,-0.00536631,-0.00139570
0.02520337,-0.00813959,0.00621460
0.02530338,0.00040913,-0.00273084
0.02540339,-0.00141430,-0.00542019
0.02550341,-0.00493525,0.00373505
0.02560342,0.00006580,0.00336122
0.02570343,-0.01435753,0.01670881
0.02580344,-0.00154781,0.00357865
0.02590346,-0.00648020,0.00674103
0.02600347,-0.01293465,0.01033828
0.02610348,-0.00839899,0.00440262
0.02620350,0.00653170,0.00562714
0.02630351,-0.01286599,0.01181838
0.02640352,-0.00329875,0.01030395
0.02650353,-0.00722407,0.01391646
0.02660355,-0.00413798,0.00972030
0.02670356,-0.00880716,0.01514478
0.02680357,-0.00008297,0.01381346
0.02690359,-0.00771234,0.00588272
0.02700360,-0.00584696,0.00406693
0.02710361,-0.00516032,0.00579880
0.02720362,-0.00689982,0.01519056
0.02730364,-0.01887412,0.02098888
0.02740365,0.00181675,0.00825546
0.02750366,-0.00619028,0.00859497
0.02760368,-0.00498103,0.01842923
0.02770369,-0.00186824,0.01324125
0.02780370,-0.01098535,0.01290556
0.02790371,0.00049304,0.01099059
0.02800373,-0.00029660,0.00264024
0.02810374,-0.00332927,0.00956771
0.02820375,-0.00514888,0.00909469
0.02830377,-0.00819681,0.01249358
0.02840378,0.00301074,0.00227403
0.02850379,-0.00208187,0.00995681
0.02860380,-0.00757502,0.00713013
0.02870382,0.01887221,0.00807617
0.02880383,-0.01046273,0.01856656
0.02890384,0.00793550,0.00082826
0.02900385,0.01211640,0.01205870
0.02910387,-0.00215053,0.00145387
0.02920388,-0.00130748,-0.00058698
0.02930389,-0.01740165,0.01952786
0.02940391,-0.01032922,0.00385331
0.02950392,-0.00784967,0.00497101
0.02960393,-0.01304146,0.01024291
0.02970395,-0.00186824,0.01526304
0.02980396,-0.00303172,0.00293016
0.02990397,-0.01071450,0.01757474
0.03000398,-0.01274010,0.00389527
0.03010400,-0.00246715,0.00391816
0.03020401,-0.00831125,0.00703094
0.03030402,-0.00302409,0.01141402
0.03040404,-0.01335808,0.01399275
0.03050405,-0.00597285,0.02700465
0.03060406,0.01364990,0.01099822
0.03070407,-0.00493525,0.01491209
0.03080409,-0.00911615,0.01271101
0.03090410,-0.00578593,0.01459165
0.03100411,-0.02399343,0.01849026
0.03110413,0.00267505,0.01158187
0.03120414,0.00249194,0.01936001
0.03130415,-0.01066110,0.01783032
0.03140416,0.00892732,0.01381346
0.03150418,0.00037860,0.00890777
0.03160419,-0.00861261,0.01864667
0.03170420,0.00288104,0.01680417
0.03180421,-0.00037289,0.01177642
0.03190423,-0.00733088,0.02010769
0.03200424,-0.01747794,0.02431529
0.03210426,-0.00837991,0.01811261
0.03220427,-0.00974557,0.01036498
0.03230428,-0.01444145,0.02065319
0.03240429,-0.00406932,0.01441999
0.03250431,-0.00248241,0.00402879
0.03260432,-0.01436898,0.01402327
0.03270433,-0.00736139,0.00598191
0.03280434,-0.01808829,0.02047772
0.03290436,-0.00820062,0.01403471
0.03300437,-0.00452708,0.01028487
0.03310438,-0.00616358,0.01459165
0.03320440,0.00323581,0.00677155
0.03330441,0.00533007,0.00703476
0.03340442,0.00986192,0.01601072
0.03350443,0.01648803,0.01116225
0.03360445,-0.00237560,-0.01044032
0.03370446,-0.01080224,-0.01493784
0.03380447,0.00748155,-0.05432448
0.03390448,0.02448743,-0.05857786
0.03400450,0.02347654,-0.07246332
0.03410451,0.02515118,-0.04804932
0.03420452,0.01523681,-0.02452033
0.03430453,0.01673980,-0.00891445
0.03440455,0.00829027,0.00048876
0.03450456,0.00129413,0.00381135
0.03460458,0.00045490,0.00573395
0.03470459,-0.00063610,0.00789688
0.03480460,0.00298404,0.00943420
0.03490461,0.00143146,0.00960967
0.03500463,0.00567339,0.01118132
0.03510464,0.00714586,0.01281401
0.03520465,0.01028916,0.01514860
0.03530466,0.00932786,0.01643415
0.03540468,0.00567721,0.01770825
0.03550469,0.00511263,0.01820798
0.03560470,0.00527666,0.01986737
0.03570472,0.00544451,0.02307552
0.03580473,0.00798128,0.02675288
0.03590474,0.00633715,0.02640955
0.03600476,0.00569628,0.02709238
0.03610477,0.00524615,0.02856485
0.03620478,0.00450228,0.02893106
0.03630479,0.00444125,0.02789347
0.03640481,0.00524233,0.02999536
0.03650482,0.00542544,0.03348580
0.03660483,0.00704668,0.04317129
0.03670485,0.00904557,0.06166108
0.03680486,0.01108262,0.07476071
0.03690487,0.01038453,0.08050563
0.03700488,0.01231858,0.08500000
0.03710490,0.00946138,0.08500000
0.03720491,0.01290604,0.08500000
0.03730492,0.00982758,0.08500000
0.03740493,0.00798128,0.08500000
0.03750495,0.00581454,0.06639892
0.03760496,-0.00116253,0.05826601
0.03770498,-0.02456563,0.04805790
0.03780499,-0.00493907,0.02117962
0.03790500,0.00728319,-0.01675363
0.03800501,0.00362109,-0.02790777
0.03810503,0.00127506,-0.03403034
0.03820504,0.00394534,-0.03874911
0.03830505,0.00547121,-0.03131429
0.03840506,0.00551699,-0.02974264
0.03850508,0.01036927,-0.02545874
0.03860509,0.00808427,-0.02332252
0.03870510,0.01524063,-0.02482169
0.03880511,0.00872133,-0.02528708
0.03890513,0.01342102,-0.02010292
0.03900514,0.02342694,-0.01719232
0.03910515,0.01667113,-0.01422449
0.03920517,0.03152553,-0.01273676
0.03930518,0.02461713,-0.01872582
0.03940519,0.02800457,-0.01911492
0.03950520,0.01805968,-0.01846261
0.03960522,0.03293315,-0.01648279
0.03970523,0.04113091,-0.01283213
0.03980524,0.03799523,-0.01180598
0.03990526,0.03079692,-0.01640649
0.04000527,0.03699197,-0.01631112
0.04010528,0.03731622,-0.01730676
0.04020530,0.01529022,-0.01515527
0.04030531,0.03139583,-0.01966805
0.04040532,0.02929393,-0.02482932
0.04050533,0.01493545,-0.01574655
0.04060535,0.02469342,-0.01465555
0.04070536,0.01908964,-0.02284187
0.04080537,0.02117628,-0.02594702
0.04090538,0.01868529,-0.02260536
0.04100540,0.01137253,-0.02036614
0.04110541,0.00390338,-0.01559778
0.04120543,0.00965211,-0.01996178
0.04130544,0.01709838,-0.01861138
0.04140545,0.00758455,-0.02262825
0.04150546,0.01061341,-0.01809258
0.04160548,0.01487442,-0.02073235
0.04170549,0.01306625,-0.01238963
0.04180550,0.00499438,-0.02400154
0.04190551,0.00819490,-0.02312415
0.04200553,0.01182648,-0.01727243
0.04210554,0.00520800,-0.01721139
0.04220555,0.00809190,-0.00428342
0.04230556,0.00785158,-0.01774545
0.04240558,0.00806901,-0.01110026
0.04250559,0.01173111,-0.00679348
0.04260560,0.01043412,-0.01177546
0.04270562,0.00843904,-0.01292750
0.04280563,0.01424499,-0.00446271
0.04290564,0.01800246,-0.00397061
0.04300565,0.01177308,-0.00156736
0.04310567,0.00922105,0.00080538
0.04320568,0.00507830,0.00866363
0.04330569,0.01527114,0.00201463
0.04340570,0.00177097,0.00202226
0.04350572,0.00163364,0.00347947
0.04360573,0.01410385,-0.00067854
0.04370575,0.01196000,0.00745056
0.04380576,0.00634859,0.00402879
0.04390577,0.01928801,0.00611542
0.04400578,0.02621167,0.00979659
0.04410580,0.00878999,0.00453614
0.04420581,0.01060960,0.00593613
0.04430582,0.01298996,0.00183534
0.04440583,0.02271360,0.00375031
0.04450585,0.00412463,0.00994537
0.04460586,0.01802535,0.00449418
0.04470587,0.01087281,0.00880096
0.04480589,0.01558776,0.00265550
0.04490590,-0.00686167,0.02005429
0.04500591,-0.00665568,-0.00091123
0.04510593,0.00788210,0.00581024
0.04520594,0.00743578,0.00254869
0.04530595,-0.00416469,0.01223799
0.04540596,-0.01047036,0.00670288
0.04550598,0.01158234,0.00353669
0.04560599,0.02013868,0.00359773
0.04570600,0.00917909,0.00910995
0.04580602,0.01516433,0.00595902
0.04590603,0.02044004,-0.00793026
0.04600604,-0.01044366,0.00813720
0.04610605,0.01411911,0.00602005
0.04620607,0.00592898,-0.01217219
0.04630608,-0.01469703,0.00604294
0.04640609,0.00704668,0.01005218
0.04650610,-0.02652257,0.00959823
0.04660612,-0.01654716,-0.00410794
0.04670613,-0.01196572,-0.00873516
0.04680614,-0.01900763,0.00395249
0.04690615,-0.00636957,0.00559662
0.04700617,-0.02598851,0.01022384
0.04710618,-0.00630854,0.00316667
0.04720620,0.01135728,-0.00645016
0.04730621,-0.01056573,0.00564240
0.04740622,-0.01486488,0.00020647
0.04750623,-0.01497169,0.00828598
0.04760625,0.01118180,0.01029250
0.04770626,0.00183963,0.00278520
0.04780627,0.00846193,0.01356932
0.04790628,-0.01529213,0.00516175
0.04800630,-0.01555534,0.00633286
0.04810631,0.00777147,0.00309800
0.04820632,-0.01552101,0.01215788
0.04830634,-0.00523280,-0.00506161
0.04840635,-0.01484963,0.01133010
0.04850636,0.02092451,0.00358628
0.04860637,0.01202485,0.00781296
0.04870639,-0.01983161,0.01394697
0.04880640,-0.01402565,0.02427333
0.04890641,-0.00999734,0.01201674
0.04900643,-0.00338267,0.01184127
0.04910644,-0.00964639,0.01331755
0.04920645,0.00160694,-0.00128507
0.04930647,0.02355664,0.00377320
0.04940648,-0.01307198,0.01264998
0.04950649,0.01688857,-0.00310468
0.04960650,-0.02308172,0.01470228
0.04970652,-0.00384044,0.00132799
0.04980653,-0.00234508,0.00616120
0.04990654,-0.01574989,0.01396986
0.05000655,0.00416659,0.00405167
0.05010657,0.01886076,-0.00473355
0.05020658,0.00084400,0.00536011
0.05030659,0.02266782,-0.00199079
0.05040660,-0.02821629,0.00658463
0.05050662,-0.01620384,0.00908706
0.05060663,-0.02175039,0.00581406
0.05070665,-0.00874994,0.00976989
0.05080666,-0.01360985,0.00273179
0.05090667,0.00260638,0.01324889
0.05100668,-0.02239889,0.00840042
0.05110670,0.00270557,-0.00181150
0.05120671,0.02085585,-0.01202723
0.05130672,0.01360794,0.00586365
0.05140673,0.02274030,0.00320481
0.05150675,0.01965803,-0.01359507
0.05160676,0.01705260,0.00393723
0.05170677,-0.01698204,-0.00309705
0.05180679,-0.02067084,0.00329255
0.05190680,0.02007383,-0.00518368
0.05200681,-0.00879953,0.00851486
0.05210682,-0.01559730,0.00483368
0.05220684,-0.01249596,0.01354262
0.05230685,0.02316755,-0.00785015
0.05240686,-0.01811500,0.01385923
0.05250687,-0.01547142,0.01446958
0.05260689,0.00075245,-0.00052976
0.05270690,-0.01599785,0.01409193
0.05280692,-0.00310421,0.01160475
0.05290693,-0.00823114,0.01784177
0.05300694,0.00541781,0.00163316
0.05310695,-0.01343819,0.01005218
0.05320697,0.00012684,0.00345277
0.05330698,-0.00287532,0.00283479
0.05340699,-0.00530146,0.01097533
0.05350700,0.00254535,-0.00914714
0.05360702,0.00357913,0.00383042
0.05370703,-0.00385951,0.01384016
0.05380704,0.00433062,-0.00421857
0.05390705,-0.00865076,0.01632734
0.05400707,-0.00904367,0.00412415
0.05410708,-0.00045681,0.02344936
0.05420710,0.00358294,-0.00114011
0.05430711,-0.01169106,0.01809354
0.05440712,-0.01198861,0.01432463
0.05450713,-0.00691126,0.01540800
0.05460715,-0.00839899,0.01322981
0.05470716,-0.00392818,0.01417204
0.05480717,-0.00153255,-0.00566052
0.05490718,-0.00243282,0.00253724
0.05500720,0.00292682,-0.00752209
0.05510721,0.00039768,-0.00477933
0.05520722,-0.00929544,0.01831479
0.05530724,0.00265598,-0.00473355
0.05540725,-0.00509166,0.00246858
0.05550726,-0.00615977,0.01321455
0.05560727,-0.00508403,0.00877426
0.05570729,-0.00372600,-0.00023222
0.05580730,0.00291156,-0.01247737
0.05590731,0.00174808,0.00699280
0.05600732,0.00158786,0.00028276
0.05610734,-0.00876139,0.01292082
0.05620735,-0.01581093,0.01659818
0.05630737,0.00002766,0.00777862
0.05640738,0.00023365,0.00723312
0.05650739,-0.02905170,0.01540800
0.05660740,-0.00532817,0.01572080
0.05670742,0.00185108,0.00528000
0.05680743,-0.00362682,0.00159120
0.05690744,-0.02725499,0.01053283
0.05700745,0.00768373,-0.00058699
0.05710747,0.00573824,-0.00910900
0.05720748,-0.02399724,0.02584879
0.05730749,-0.00536250,0.01045653
0.05740751,-0.00150203,0.00388764
0.05750752,0.00827501,-0.00033903
0.05760753,-0.01570793,0.01140639
0.05770754,-0.00870416,0.01528974
0.05780756,-0.00163936,0.01012847
0.05790757,-0.00770090,0.01578565
0.05800758,-0.00198268,0.00954482
0.05810759,0.00474261,-0.00794170
0.05820761,-0.00518702,0.00534867
0.05830762,-0.00929544,0.01063201
0.05840763,0.00824068,-0.00309323
0.05850765,-0.01961035,0.01439329
0.05860766,-0.02575200,0.01418348
0.05870767,-0.00572871,0.01206633
0.05880769,-0.02241415,0.01640363
0.05890770,-0.00806329,0.00050783
0.05900771,-0.00614069,-0.00308179
0.05910772,0.02243131,-0.00182294
0.05920774,-0.00490855,-0.00230359
0.05930775,-0.01136300,0.01213118
0.05940776,0.00430773,0.00935790
0.05950777,-0.01133248,0.00495957
0.05960779,0.00924394,-0.00480221
0.05970780,0.00271701,0.00779007
0.05980782,0.01040742,0.00029421
0.05990783,0.00633333,0.01147887
0.06000784,-0.01772590,0.00379991
0.06010785,-0.01682945,-0.00558423
0.06020787,-0.02338308,0.00619934
0.06030788,-0.00648401,-0.00520657
0.06040789,-0.00705622,-0.00139570
0.06050790,-0.02242559,0.00277757
0.06060792,-0.00414943,-0.00201749
0.06070793,0.02543728,-0.01203868
0.06080794,-0.01812644,0.00929305
0.06090796,-0.02093405,0.00709580
0.06100797,0.00217151,0.00266313
0.06110798,-0.01986212,0.01260802
0.06120799,0.01172730,0.00072908
0.06130801,-0.01342293,0.00676773
0.06140802,-0.01261422,-0.00037336
0.06150803,-0.00482081,0.01022765
0.06160804,-0.01504799,0.01446577
0.06170806,-0.02309316,0.01331373
0.06180807,-0.00186824,0.01905865
0.06190808,-0.00313091,0.01308867
0.06200809,-0.00978753,0.00776336
0.06210811,-0.02127737,0.01104781
0.06220812,-0.01692100,-0.00196027
0.06230814,-0.01178643,-0.00232267
0.06240815,-0.00493144,-0.00142622
0.06250816,-0.00200176,0.00486802
0.06260817,-0.01586051,0.00278138
0.06270819,-0.02185721,0.00230455
0.06280820,-0.00200939,0.00497483
0.06290821,-0.00552653,0.00722931
0.06300822,-0.00936029,0.00814483
0.06310824,-0.00289821,0.01054046
0.06320825,-0.00665949,0.00981185
0.06330826,-0.00555705,0.01353499
0.06340828,-0.00232219,0.01856274
0.06350829,0.00078296,0.01241347
0.06360830,0.00089359,0.00148820
0.06370832,0.01007554,-0.01127955
0.06380833,0.00813005,-0.01912255
0.06390834,-0.00128841,-0.04223192
0.06400835,0.01157471,-0.04796159
0.06410837,0.01406189,-0.06136639
0.06420838,0.02028746,-0.05486998
0.06430840,0.02313703,-0.04191530
0.06440840,0.01920790,-0.03105108
0.06450842,0.01411911,-0.02284187
0.06460843,0.00948808,-0.01661630
0.06470844,0.00683687,-0.00746487
0.06480846,0.00467394,-0.00218152
0.06490847,0.00452898,0.00589798
0.06500848,0.00610064,0.02042431
0.06510850,0.00972077,0.02782862
0.06520851,0.01088044,0.02557795
0.06530852,-0.01269051,0.01601453
0.06540853,-0.00979898,0.01876111
0.06550854,0.00756548,0.01760907
0.06560856,0.01087662,0.01645704
0.06570857,-0.00756357,0.01743360
0.06580859,0.00698564,0.01703687
0.06590860,0.00894639,0.01339384
0.06600861,0.00874040,0.01168868
0.06610863,0.00893114,0.01023528
0.06620863,0.00811860,0.00951431
0.06630865,0.00789354,0.00936935
0.06640866,0.00539873,0.00907943
0.06650867,0.00615023,0.00808380
0.06660869,0.00654696,0.00789688
0.06670870,0.00585268,0.00777099
0.06680872,0.00573061,0.00825164
0.06690873,0.00533007,0.00768707
0.06700874,0.00516604,0.00743149
0.06710875,0.00543307,0.00748489
0.06720876,0.00552462,0.00733230
0.06730878,0.00594805,0.00855682
0.06740879,0.00627993,0.00967834
0.06750880,0.00683306,0.01143691
0.06760882,0.00706957,0.01110122
0.06770883,0.00702379,0.01339003
0.06780885,0.00710390,0.01248213
0.06790885,0.00769899,0.01754422
0.06800887,0.00975892,0.02397960
0.06810888,0.01282212,0.02362102
0.06820889,0.02016157,0.02011532
0.06830891,0.02955333,0.02259487
0.06840892,0.03560342,0.01844449
0.06850893,0.03511896,0.01448103
0.06860895,0.01677795,0.01918454
0.06870896,0.01688094,0.01126143
0.06880897,0.02893917,0.00588654
0.06890898,0.03135768,0.00613831
0.06900900,0.03300562,0.00208711
0.06910901,0.03760232,0.00038195
0.06920902,0.04023827,-0.00501202
0.06930904,0.04148185,-0.00591610
0.06940905,0.04140938,-0.00768993
0.06950906,0.04155433,-0.01061580
0.06960907,0.04177941,-0.01053188
0.06970908,0.04202736,-0.00786541
0.06980910,0.04066933,-0.00804089
0.06990911,0.03957833,-0.00939891
0.07000912,0.04154289,-0.00974605
0.07010914,0.03974999,-0.00352811
0.07020915,0.03774346,-0.00553845
0.07030917,0.03823175,-0.00329541
0.07040918,0.03890695,-0.00560711
0.07050919,0.03550806,-0.00604962
0.07060920,0.03542795,-0.01002071
0.07070921,0.03533639,-0.01731057
0.07080923,0.03338328,-0.01752801
0.07090924,0.03051463,-0.00545834
0.07100925,0.02740567,-0.00214338
0.07110927,0.02665799,-0.00021315
0.07120928,0.02344602,0.00495957
0.07130930,0.02131361,0.00119447
0.07140930,0.02169126,0.01312300
0.07150932,0.02121442,0.01279112
0.07160933,0.02027601,0.01151320
0.07170934,0.01823516,0.01181838
0.07180936,0.01876158,0.01758618
0.07190937,0.01790710,0.01903576
0.07200938,0.01706023,0.02372402
0.07210940,0.01826186,0.02136272
0.07220940,0.01917738,0.01347014
0.07230942,0.01831145,0.02508586
0.07240943,0.01715178,0.01738400
0.07250945,0.02132124,0.01018950
0.07260946,0.02352613,-0.00098371
0.07270947,0.01886458,0.02594798
0.07280949,0.02454465,-0.01588388
0.07290950,0.02837078,-0.00862835
0.07300951,0.02253431,0.01545759
0.07310952,0.02198118,-0.01921028
0.07320953,0.02530759,-0.01463648
0.07330955,0.02291959,0.00125169
0.07340956,0.02115339,-0.02610724
0.07350957,0.02277082,0.01332518
0.07360959,0.01822371,0.03099099
0.07370960,0.01192567,0.01157042
0.07380962,0.01164338,-0.00433682
0.07390963,0.01454636,-0.04156435
0.07400964,0.02031416,-0.03579655
0.07410965,0.02065367,-0.04155672
0.07420966,0.02183622,-0.00466107
0.07430968,0.01942915,-0.03320637
0.07440969,0.01777358,-0.04935013
0.07450970,0.02147764,-0.04236925
0.07460972,0.01292893,0.02565425
0.07470973,0.00412463,0.02787821
0.07480974,-0.00016308,0.03661003
0.07490975,0.00126743,0.03791847
0.07500977,-0.00071621,0.02209896
0.07510978,0.00235843,-0.02315849
0.07520979,0.01238343,-0.03968371
0.07530981,0.01450821,-0.03288594
0.07540982,0.01327225,-0.03344288
0.07550983,0.01262375,-0.03848971
0.07560985,0.01178071,-0.03298131
0.07570985,0.01042649,-0.03042547
0.07580987,0.00906465,-0.02759497
0.07590988,0.00881669,-0.02843801
0.07600990,0.00885865,-0.02531379
0.07610991,0.00982377,-0.02438300
0.07620992,0.00957963,-0.02160973
0.07630994,0.00925157,-0.02185768
0.07640995,0.00890443,-0.02167076
0.07650996,0.00837038,-0.02394813
0.07660997,0.00793169,-0.02187294
0.07670998,0.00720308,-0.02063316
0.07681000,0.00702761,-0.01671167
0.07691001,0.00659655,-0.01467081
0.07701003,0.00574969,-0.01514765
0.07711004,0.00516223,-0.01404139
0.07721005,0.00475405,-0.01298090
0.07731007,0.00419711,-0.01229045
0.07741007,0.00374316,-0.01066920
0.07751009,0.00350665,-0.00909374
0.07761010,0.00316714,-0.00834224
0.07771011,0.00271320,-0.00774334
0.07781013,0.00253772,-0.00640057
0.07791014,0.00216007,-0.00564145
0.07801015,0.00204181,-0.00461148
0.07811017,0.00185871,-0.00381421
0.07821018,0.00173282,-0.00270032
0.07831019,0.00164508,-0.00229215
0.07841020,0.00150012,-0.00226926
0.07851022,0.00145816,-0.00231504
0.07861023,0.00141239,-0.00194883
0.07871024,0.00134754,-0.00200223
0.07881026,0.00129413,-0.00163984
0.07891027,0.00116825,-0.00160169
0.07901028,0.00111103,-0.00146436
0.07911029,0.00118351,-0.00123930
0.07921030,0.00106525,-0.00118208
0.07931032,0.00107669,-0.00114011
0.07941033,0.00112247,-0.00110960
0.07951035,0.00093555,-0.00096845
0.07961036,0.00098514,-0.00101423
0.07971037,0.00092029,-0.00088453
0.07981039,0.00090122,-0.00090742
0.07991040,0.00248813,-0.00081205
0.08001041,0.00110721,-0.00085783
0.08011042,0.00088214,-0.00075102
0.08021043,0.00095462,-0.00077009
0.08031045,0.00083255,-0.00067472
0.08041046,0.00080967,-0.00066328
0.08051048,0.00080585,-0.00063658
0.08061049,0.00126361,-0.00053358
0.08071050,0.00079059,-0.00049925
0.08081052,0.00071430,-0.00044584
0.08091052,0.00071048,-0.00047254
0.08101054,0.00067997,-0.00037336
0.08111055,0.00073337,-0.00038099
0.08121056,0.00068378,-0.00037336
0.08131058,0.00070285,-0.00032377
0.08141059,0.00063419,-0.00028181
0.08151060,0.00054264,-0.00023985
0.08161062,0.00054264,-0.00027418
0.08171062,0.00060367,-0.00027418
0.08181064,0.00054264,-0.00023222
0.08191065,0.00054264,-0.00028562
0.08201067,0.00050068,-0.00023222
0.08211068,0.00055408,-0.00037718
0.08221069,0.00051975,-0.00033522
0.08231071,0.00058460,-0.00043058
0.08241072,0.00048160,-0.00034666
0.08251073,0.00047016,-0.00030088
0.08261074,0.00050449,-0.00033522
0.08271075,0.00043583,-0.00030851
0.08281077,0.00046253,-0.00033522
0.08291078,0.00045490,-0.00030088
0.08301080,0.00049305,-0.00033522
0.08311081,0.00047016,-0.00040769
0.08321082,0.00045871,-0.00038862
0.08331084,0.00048923,-0.00039244
0.08341085,0.00048160,-0.00040770
0.08351086,0.00282764,-0.00044584
0.08361087,0.00290011,-0.00051832
0.08371088,0.00079822,-0.00050306
0.08381090,0.00055408,-0.00062513
0.08391091,0.00050449,-0.00079679
0.08401093,0.00049686,-0.00065946
0.08411094,0.00062275,-0.00059461
0.08421095,0.00058841,-0.00071287
0.08431096,0.00059986,-0.00086164
0.08441097,0.00051593,-0.00078535
0.08451099,0.00049305,-0.00079298
0.08461100,0.00061893,-0.00099516
0.08471101,0.00066471,-0.00094938
0.08481103,0.00055027,-0.00093794
0.08491104,0.00052738,-0.00089597
0.08501105,0.00055027,-0.00088453
0.08511107,0.00063038,-0.00101042
0.08521107,0.00061130,-0.00094938
0.08531109,0.00055790,-0.00101042
0.08541110,0.00054264,-0.00109815
0.08551112,0.00058078,-0.00102949
0.08561113,0.00065708,-0.00115537
0.08571114,0.00062275,-0.00091123
0.08581116,0.00056171,-0.00101042
0.08591117,0.00054264,-0.00122404
0.08601118,0.00063419,-0.00128889
0.08611119,0.00059986,-0.00112104
0.08621120,0.00060367,-0.00104475
0.08631122,0.00056934,-0.00103330
0.08641123,0.00052356,-0.00117445
0.08651125,0.00058078,-0.00115537
0.08661126,0.00058460,-0.00101423
0.08671127,0.00053501,-0.00085401
0.08681129,0.00046634,-0.00084257
0.08691129,0.00052356,-0.00108289
0.08701131,0.00055790,-0.00109434
0.08711132,0.00052738,-0.00108289
0.08721133,0.00051975,-0.00085783
0.08731135,0.00045490,-0.00090360
0.08741136,0.00047397,-0.00112867
0.08751138,0.00047397,-0.00098753
0.08761139,0.00046253,-0.00093412
0.08771140,0.00045108,-0.00083494
0.08781141,0.00038623,-0.00086164
0.08791142,0.00042820,-0.00102186
0.08801144,0.00043583,-0.00097608
0.08811145,0.00040912,-0.00101423
0.08821146,0.00038624,-0.00091886
0.08831148,0.00040150,-0.00104093
0.08841149,0.00040531,-0.00106382
0.08851151,0.00045490,-0.00102949
0.08861152,-0.00007153,-0.00030088
0.08871152,-0.00041866,0.00033998
0.08881154,-0.00059032,0.00056887
0.08891155,-0.00060940,0.00054598
0.08901157,-0.00060177,0.00054598
0.08911158,-0.00054073,0.00057268
0.08921159,-0.00053310,0.00059175
0.08931161,-0.00054073,0.00056886
0.08941162,-0.00061703,0.00053835
0.08951163,-0.00055218,0.00049639
0.08961164,-0.00048733,0.00046205
0.08971165,-0.00044918,0.00042772
0.08981167,-0.00038433,0.00043917
0.08991168,-0.00035381,0.00045442
0.09001170,-0.00038052,0.00043535
0.09011171,-0.00033855,0.00041628
0.09021172,-0.00025463,0.00041246
0.09031174,-0.00020504,0.00042391
0.09041174,-0.00018978,0.00036669
0.09051176,-0.00018978,0.00037813
0.09061177,-0.00018215,0.00038957
0.09071178,-0.00016308,0.00034380
0.09081180,-0.00015163,0.00034380
0.09091181,-0.00014019,0.00034761
0.09101183,-0.00012493,0.00032091
0.09111184,-0.00013256,0.00033235
0.09121185,-0.00119686,0.00031710
0.09131186,-0.00027752,0.00034761
0.09141187,-0.00009441,0.00038195
0.09151189,-0.00005627,0.00037432
0.09161190,-0.00006390,0.00036287
0.09171191,-0.00006771,0.00032854
0.09181193,-0.00007153,0.00034380
0.09191194,-0.00006008,0.00030184
0.09201196,-0.00008678,0.00030565
0.09211196,-0.00005627,0.00029421
0.09221198,-0.00006771,0.00027513
0.09231199,-0.00010586,0.00037050
0.09241200,-0.00018978,0.00045442
0.09251202,-0.00035381,0.00054979
0.09261203,-0.00045681,0.00069475
0.09271204,-0.00049496,0.00083589
0.09281206,-0.00027752,0.00108766
0.09291207,-0.00027370,0.00132417
0.09301208,-0.00052929,0.00173997
0.09311209,-0.00037289,0.00192689
0.09321210,-0.00006771,0.00249910
0.09331212,0.00000095,0.00276231
0.09341213,-0.00013638,0.00315141
0.09351215,-0.00184536,0.00345658
0.09361216,-0.00207805,0.00381516
0.09371217,-0.00235652,0.00385331
0.09381219,-0.00236797,0.00401353
0.09391219,-0.00216960,0.00428056
0.09401221,-0.00262737,0.00499009
0.09411222,-0.00264644,0.00525711
0.09421223,-0.00184917,0.00593994
0.09431225,-0.00249767,0.00718353
0.09441226,-0.00322246,0.00842712
0.09451228,-0.00404262,0.01082656
0.09461229,-0.00557993,0.01305815
0.09471230,-0.00580500,0.01666684
0.09481231,-0.00676630,0.01767011
0.09491232,-0.01067636,0.01985592
0.09501234,-0.01298043,0.02374309
0.09511235,-0.01357933,0.02909128
0.09521236,-0.01681800,0.03796805
0.09531238,-0.02255911,0.04085577
0.09541239,-0.03593340,0.04634130
0.09551241,-0.02981464,0.05381427
0.09561241,-0.01896186,0.06401474
0.09571243,-0.02844517,0.07278851
0.09581244,-0.03346530,0.08500000
0.09591245,-0.07005959,0.08193995
0.09601247,-0.05288587,0.08500000
0.09611248,-0.04812133,0.08500000
0.09621249,-0.04193390,0.08500000
0.09631251,-0.04927718,0.08500000
0.09641252,-0.04861342,0.08500000
0.09651253,-0.04418457,0.08500000
0.09661254,-0.04482925,0.08500000
0.09671255,-0.03793992,0.08500000
0.09681257,-0.03448001,0.08500000
0.09691258,-0.03318682,0.08500000
0.09701260,-0.03287021,0.08500000
0.09711261,-0.03093616,0.08500000
0.09721262,-0.03624239,0.08500000
0.09731263,-0.03396883,0.08500000
0.09741264,-0.02760212,0.08500000
0.09751266,-0.04127778,0.08500000
0.09761267,-0.03776063,0.08500000
0.09771268,-0.04370392,0.08500000
0.09781270,-0.03794755,0.08500000
0.09791271,-0.03359118,0.08500000
0.09801273,-0.03700914,0.08500000
0.09811274,-0.03635683,0.08500000
0.09821275,-0.03472033,0.08500000
0.09831276,-0.02408117,0.08500000
0.09841277,-0.05111204,0.08500000
0.09851279,-0.02870838,0.06885176
0.09861280,-0.00681208,0.02386134
0.09871281,-0.01114938,0.01719327
0.09881283,-0.00954721,0.01090285
0.09891284,-0.00487422,0.01163527
0.09901286,-0.00722407,0.00352906
0.09911286,-0.00027752,0.00623749
0.09921288,-0.00453090,0.00957916
0.09931289,-0.02095694,0.03280297
0.09941290,-0.02475637,0.00269364
0.09951292,-0.01003930,0.01263853
0.09961293,0.00572298,0.01560255
0.09971294,-0.00687693,0.00569199
0.09981296,-0.01139352,0.01648755
0.09991296,-0.02353185,0.00348710
0.10001298,-0.01985831,0.00133562
0.10011299,0.03121272,0.01794476
0.10021301,-0.00437068,0.01939053
0.10031302,-0.01399514,0.02609294
0.10041303,-0.01321312,0.02813761
0.10051305,0.00002003,0.02158016
0.10061306,-0.00270366,0.02847330
0.10071307,0.00305270,0.02719920
0.10081308,0.00130939,0.02680247
0.10091309,0.01404663,0.02189678
0.10101311,0.00617312,0.03345910
0.10111312,0.00549792,0.01474806
0.10121313,-0.00183391,0.00614594
0.10131315,-0.00919244,0.02292675
0.10141316,-0.00766657,0.02725642
0.10151318,-0.00957010,0.02002758
0.10161319,-0.01480003,0.01499220
0.10171320,-0.02509969,-0.00551938
0.10181321,-0.00416850,0.02757303
0.10191322,-0.02215857,-0.00898311
0.10201324,-0.02006812,-0.00913570
0.10211325,-0.01624199,0.02595942
0.10221326,-0.02331060,-0.01344248
0.10231328,-0.02009100,-0.00057936
0.10241329,-0.01309487,0.02788965
0.10251330,-0.01495643,0.02072186
0.10261331,-0.01006982,0.01538129
0.10271333,-0.01319024,0.01994366
0.10281334,-0.00990198,0.01921887
0.10291335,-0.02193731,0.00910613
0.10301337,-0.01885505,0.02592890
0.10311338,-0.00757120,-0.00405454
0.10321339,-0.01640220,0.02559321
0.10331341,-0.00535868,0.00236558
0.10341341,-0.00911233,0.02182812
0.10351343,-0.02367300,0.01179549
0.10361344,-0.01212975,0.02523082
0.10371346,-0.00930689,0.02604716
0.10381347,-0.02241415,0.02127499
0.10391348,-0.00820444,0.01658674
0.10401350,-0.02086157,0.03081933
0.10411351,-0.02849858,0.00955245
0.10421352,-0.02905170,0.02413600
0.10431353,-0.02623647,0.02038616
0.10441354,-0.01446053,0.01702924
0.10451356,-0.02393240,0.03546562
0.10461357,-0.02320379,0.00962112
0.10471358,-0.02994815,0.01659055
0.10481360,-0.02416128,0.00523041
0.10491361,-0.02991382,0.01828046
0.10501363,-0.02269643,0.01088378
0.10511363,-0.00733851,0.02164883
0.10521365,-0.02341741,0.00733993
0.10531366,-0.02081198,0.02033657
0.10541367,-0.02398198,0.03130761
0.10551369,-0.01395699,0.02643244
0.10561370,-0.00743006,0.02188534
0.10571371,-0.02660267,0.01800961
0.10581373,-0.00208187,0.01867337
0.10591374,-0.02511495,0.02666895
0.10601375,-0.02043433,0.01764340
0.10611376,-0.01107690,0.00040865
0.10621378,-0.01840873,0.01827664
0.10631379,-0.01430412,0.02291530
0.10641380,-0.02871220,0.02217144
0.10651382,-0.01339241,0.02115292
0.10661383,-0.00682734,0.01484342
0.10671384,-0.00992486,0.03178445
0.10681386,-0.02270025,0.02317470
0.10691386,-0.00886819,0.02866022
0.10701388,-0.01111886,0.02226299
0.10711389,-0.00345897,0.00982711
0.10721391,-0.00716685,0.01045272
0.10731392,-0.02493566,0.02640574
0.10741393,-0.01543709,0.02679484
0.10751395,0.00039005,0.00428437
0.10761396,-0.00588511,0.02551310
0.10771397,-0.00538920,0.01893277
0.10781398,-0.01076410,0.01903195
0.10791399,-0.00753687,0.01548811
0.10801401,-0.02358144,0.02248424
0.10811402,-0.02780049,0.02568858
0.10821404,-0.02316183,0.02863733
0.10831405,-0.01560493,0.02726023
0.10841406,-0.02521794,0.02536052
0.10851408,-0.00326823,0.01854748
0.10861408,-0.01529976,0.00148057
0.10871410,-0.02404683,0.01473661
0.10881411,-0.01006601,0.00679062
0.10891412,-0.01961417,0.02022213
0.10901414,-0.00974176,0.00909469
0.10911415,-0.01393791,0.02628367
0.10921416,-0.01101205,0.02910654
0.10931418,-0.02030844,0.03115884
0.10941419,-0.01443764,0.01565214
0.10951420,-0.01069162,0.01272627
0.10961421,-0.03419009,0.01926846
0.10971423,-0.01725669,0.01250883
0.10981424,-0.00939462,0.02225155
0.10991425,-0.01405617,0.02177089
0.11001427,-0.01114938,0.02622264
0.11011428,-0.02001089,0.02262157
0.11021429,-0.02224249,0.02752726
0.11031430,-0.01970572,0.02736323
0.11041431,-0.01470467,0.03055231
0.11051433,-0.00392817,0.01947445
0.11061434,-0.02780430,0.01264235
0.11071436,-0.01446816,0.01692243
0.11081437,-0.01120278,0.02432674
0.11091438,-0.01853080,0.01483198
0.11101440,-0.00934122,0.02938501
0.11111441,-0.01467033,0.01260039
0.11121442,-0.03070346,0.02442973
0.11131443,-0.00485896,0.01525922
0.11141444,-0.02730839,0.02331966
0.11151446,-0.02139181,0.01618238
0.11161447,-0.00560664,0.00728271
0.11171449,-0.02475255,0.01693387
0.11181450,-0.02083868,0.02323192
0.11191451,-0.01971716,0.01254317
0.11201453,-0.00217342,0.01737256
0.11211453,-0.01171395,0.02147335
0.11221455,-0.01916022,0.02229732
0.11231456,-0.01577660,0.01565595
0.11241457,-0.02707188,0.01909298
0.11251459,-0.02587788,0.02650874
0.11261460,-0.01368233,0.02596705
0.11271461,-0.00793741,0.01779218
0.11281463,-0.02456182,0.01379820
0.11291463,-0.01999564,0.01221129
0.11301465,-0.01713081,0.02231639
0.11311466,-0.01370522,0.00863311
0.11321468,-0.02950947,0.01725431
0.11331469,-0.00816629,0.00976989
0.11341470,-0.01058480,0.01214644
0.11351472,-0.02353185,0.01329085
0.11361473,-0.00978754,0.00786636
0.11371474,-0.01705833,0.01319929
0.11381475,-0.01586052,0.02023358
0.11391476,-0.03195468,0.01881833
0.11401478,-0.00238704,0.01194808
0.11411479,-0.02004523,0.01086471
0.11421481,-0.03125278,0.01046035
0.11431482,-0.00347041,0.00793884
0.11441483,-0.02340215,0.02498668
0.11451485,-0.01402947,0.01083037
0.11461485,-0.01017663,0.01335951
0.11471487,-0.01694007,0.00854919
0.11481488,-0.02745335,0.01238677
0.11491489,-0.01880545,0.01311156
0.11501491,-0.01901145,0.02191585
0.11511492,-0.02587788,0.01440092
0.11521494,-0.02149099,0.00914810
0.11531495,-0.02629750,0.01238295
0.11541496,-0.02671330,0.01613279
0.11551497,-0.01575752,0.01027343
0.11561498,-0.02099890,0.01089904
0.11571500,-0.02062506,0.01570173
0.11581501,-0.01995749,0.00307893
0.11591502,-0.01977438,0.00456666
0.11601504,-0.01998419,0.00135850
0.11611505,-0.01616951,0.02019924
0.11621507,-0.02736180,0.01327177
0.11631508,-0.02171987,0.01377150
0.11641508,-0.01060006,0.00518082
0.11651510,-0.00815103,0.00139665
0.11661511,-0.00924585,0.00965926
0.11671513,-0.00590800,0.00942657
0.11681514,-0.00914667,0.01055953
0.11691515,-0.00993249,0.01421781
0.11701517,-0.00549983,0.01845975
0.11711518,-0.00625895,0.01962323
0.11721519,-0.00581645,0.02829782
0.11731520,-0.00238704,0.03688087
0.11741521,-0.00134182,0.03680076
0.11751523,-0.00068569,0.03438988
0.11761524,0.00331210,-0.02705710
0.11771526,0.00553225,-0.02847235
0.11781527,-0.00232601,-0.04109515
0.11791528,-0.00178814,-0.04415071
0.11801530,0.00003910,-0.04472673
0.11811530,0.00314807,-0.03784885
0.11821532,0.00748918,-0.02308601
0.11831533,0.00626467,-0.01246211
0.11841534,0.00422000,-0.00698040
0.11851536,0.00298022,-0.00470303
0.11861537,0.00184726,-0.00273847
0.11871539,0.00057697,-0.00147962
0.11881540,0.00054645,-0.00067854
0.11891541,0.00025272,-0.00023222
0.11901542,0.00016117,-0.00008726
0.11911543,0.00008869,-0.00003767
0.11921545,0.00006962,-0.00004148
0.11931546,0.00010395,-0.00004148
0.11941547,0.00018787,-0.00006437
0.11951549,0.00028324,-0.00007963
0.11961550,0.00035190,-0.00011396
0.11971552,0.00043583,-0.00015593
0.11981552,0.00063419,-0.00010252
0.11991553,0.00090885,-0.00036192
0.12001555,0.00141620,0.00026750
0.12011556,0.00162601,-0.00037336
0.12021558,0.00172901,-0.00205945
0.12031559,0.00190066,0.00197267
0.12041560,0.00346087,0.02531474
0.12051562,0.00524233,0.02003903
0.12061563,0.00619219,0.02030606
0.12071564,0.00896928,0.01642652
0.12081565,0.01292893,0.01515623
0.12091566,0.01735015,0.01661725
0.12101568,0.02364820,0.01728864
0.12111569,0.02635662,0.01516767
0.12121571,0.02674954,0.01941723
0.12131572,0.02707378,0.01906247
0.12141573,0.02625363,0.01800961
0.12151575,0.01514526,0.01963085
0.12161575,0.01473328,0.02000088
0.12171577,0.02331632,0.02011913
0.12181578,0.02320951,0.01779599
0.12191579,0.02271360,0.01837964
0.12201581,0.02556317,0.01808591
0.12211582,0.03101817,0.00997970
0.12221584,0.03022090,0.01151702
0.12231585,0.02883236,0.00567292
0.12241586,0.03510370,-0.00081968
0.12251587,0.02580731,0.00256395
0.12261588,0.01851744,0.00456284
0.12271590,0.01361938,0.01878781
0.12281591,0.00942323,-0.00778149
0.12291592,0.01881117,-0.04408967
0.12301594,0.02901928,-0.04577577
0.12311595,0.02818386,-0.03972567
0.12321597,0.02647488,-0.03662815
0.12331597,0.02394956,-0.02901022
0.12341599,0.02352613,-0.02539771
0.12351600,0.02394574,-0.02877371
0.12361601,0.02385419,-0.03010503
0.12371603,0.02037138,-0.03004781
0.12381604,0.02094740,-0.02959005
0.12391605,0.01830001,-0.03517857
0.12401607,0.01647277,-0.02736990
0.12411608,0.01450821,-0.02904836
0.12421609,0.01319596,-0.02738135
0.12431610,0.01212021,-0.02526419
0.12441611,0.00990388,-0.01982827
0.12451613,0.00961396,-0.02090782
0.12461614,0.00898072,-0.01999611
0.12471616,0.00689028,-0.01929421
0.12481617,0.00604723,-0.01523920
0.12491618,0.00529955,-0.01384684
0.12501619,0.00431536,-0.01285120
0.12511620,0.00369738,-0.01105067
0.12521622,0.00341891,-0.01068446
0.12531623,0.00277042,-0.00996730
0.12541624,0.00272082,-0.00804088
0.12551626,0.00240421,-0.00720928
0.12561627,0.00216769,-0.00673245
0.12571629,0.00200748,-0.00537060
0.12581630,0.00177478,-0.00525235
0.12591631,0.00163364,-0.00404309
0.12601632,0.00158405,-0.00404309
0.12611633,0.00145053,-0.00339078
0.12621635,0.00142383,-0.00300931
0.12631636,0.00137805,-0.00249814
0.12641637,0.00131320,-0.00215482
0.12651639,0.00127124,-0.00194883
0.12661640,0.00143527,-0.00184965
0.12671642,0.00117969,-0.00180006
0.12681642,0.00111865,-0.00168562
0.12691644,0.00101566,-0.00146818
0.12701645,0.00097751,-0.00123548
0.12711646,0.00090503,-0.00115919
0.12721648,0.00085163,-0.00102949
0.12731649,0.00083637,-0.00088072
0.12741650,0.00076389,-0.00088453
0.12751652,0.00075245,-0.00089979
0.12761652,0.00080967,-0.00093031
0.12771654,0.00079441,-0.00085401
0.12781655,0.00082874,-0.00077390
0.12791656,0.00076389,-0.00088453
0.12801659,0.00074482,-0.00082731
0.12811659,0.00076770,-0.00071668
0.12821660,0.00073719,-0.00055647
0.12831662,0.00071811,-0.00052595
0.12841663,0.00074482,-0.00073957
0.12851665,0.00078296,-0.00064802
0.12861665,0.00073337,-0.00064421
0.12871667,0.00073337,-0.00087690
0.12881668,0.00070285,-0.00077390
0.12891669,0.00071430,-0.00069761
0.12901671,0.00070667,-0.00069380
0.12911671,0.00066089,-0.00077772
0.12921674,0.00063419,-0.00070143
0.12931674,0.00067997,-0.00078535
0.12941676,0.00072956,-0.00081968
0.12951677,0.00072574,-0.00069761
0.12961679,0.00071048,-0.00070906
0.12971680,0.00069522,-0.00059843
0.12981680,0.00069141,-0.00072431
0.12991682,0.00072193,-0.00087690
0.13001683,0.00415515,-0.00073957
0.13011685,0.00110340,-0.00056028
0.13021686,0.00064182,-0.00052976
0.13031688,0.00057315,-0.00054884
0.13041689,0.00059986,-0.00046873
0.13051691,0.00054645,-0.00046492
0.13061691,0.00150013,-0.00044584
0.13071692,0.00067615,-0.00039625
0.13081694,0.00054264,-0.00045347
0.13091695,0.00051593,-0.00033140
0.13101697,0.00051975,-0.00036192
0.13111697,0.00056553,-0.00048017
0.13121700,0.00051593,-0.00036955
0.13131700,0.00049686,-0.00036955
0.13141702,0.00048923,-0.00034285
0.13151703,0.00049686,-0.00028181
0.13161703,0.00049305,-0.00035429
0.13171706,0.00045871,-0.00044966
0.13181706,0.00043583,-0.00034285
0.13191708,0.00044346,-0.00039625
0.13201709,0.00043583,-0.00036573
0.13211711,0.00048160,-0.00055265
0.13221712,0.00044346,-0.00053358
0.13231714,0.00044727,-0.00046873
0.13241714,0.00043583,-0.00047636
0.13251715,0.00043964,-0.00049162
0.13261717,0.00043583,-0.00048399
0.13271718,0.00044346,-0.00058317
0.13281720,0.00043964,-0.00062895
0.13291721,0.00046253,-0.00057554
0.13301723,0.00042820,-0.00062132
0.13311723,0.00044727,-0.00057554
0.13321725,0.00052356,-0.00064802
0.13331726,0.00043964,-0.00064039
0.13341727,0.00050449,-0.00086546
0.13351729,0.00050068,-0.00083494
0.13361729,0.00046634,-0.00098371
0.13371732,0.00052356,-0.00084257
0.13381732,0.00046634,-0.00078153
0.13391734,0.00051212,-0.00099134
0.13401735,0.00053501,-0.00103330
0.13411736,0.00051975,-0.00091886
0.13421738,0.00061512,-0.00110197
0.13431738,0.00060749,-0.00094175
0.13441740,0.00054645,-0.00103712
0.13451741,0.00060367,-0.00103712
0.13461743,0.00057315,-0.00106382
0.13471744,0.00054645,-0.00109434
0.13481746,0.00055790,-0.00103330
0.13491747,0.00049305,-0.00085401
0.13501747,0.00051212,-0.00114774
0.13511749,0.00058460,-0.00102186
0.13521750,0.00048923,-0.00093412
0.13531752,0.00053501,-0.00111341
0.13541753,0.00054264,-0.00094557
0.13551755,0.00048923,-0.00101423
0.13561755,0.00055408,-0.00105238
0.13571758,0.00056171,-0.00101423
0.13581758,0.00051212,-0.00104856
0.13591759,0.00058460,-0.00120878
0.13601761,0.00056934,-0.00087309
0.13611761,0.00053882,-0.00102567
0.13621764,0.00050831,-0.00093794
0.13631764,0.00053501,-0.00099134
0.13641766,0.00051975,-0.00093412
0.13651767,0.00049686,-0.00107908
0.13661769,0.00052356,-0.00101805
0.13671770,0.00051212,-0.00105238
0.13681770,0.00047016,-0.00099134
0.13691772,0.00050831,-0.00110960
0.13701773,0.00048160,-0.00091505
0.13711775,0.00043964,-0.00083494
0.13721776,0.00043201,-0.00087309
0.13731778,0.00045490,-0.00092268
0.13741779,0.00050449,-0.00099897
0.13751781,0.00042820,-0.00086927
0.13761781,0.00044727,-0.00104856
0.13771782,0.00048923,-0.00102186
0.13781784,0.00049305,-0.00096845
0.13791785,0.00042057,-0.00086927
0.13801787,0.00042057,-0.00094557
0.13811787,0.00048542,-0.00091123
0.13821790,0.00050831,-0.00089979
0.13831790,0.00043964,-0.00083113
0.13841792,0.00042820,-0.00089597
0.13851793,0.00048923,-0.00102949
0.13861794,0.00050831,-0.00096845
0.13871796,0.00050449,-0.00092649
0.13881796,0.00041675,-0.00085020
0.13891798,0.00043964,-0.00101805
0.13901799,0.00050831,-0.00097990
0.13911801,0.00051975,-0.00086546
0.13921802,0.00043964,-0.00073957
0.13931802,0.00042820,-0.00083113
0.13941805,0.00051212,-0.00088072
0.13951805,0.00050449,-0.00079298
0.13961807,0.00050068,-0.00069380
0.13971808,0.00042438,-0.00065946
0.13981810,0.00046635,-0.00076628
0.13991811,0.00050449,-0.00084257
0.14001813,0.00051975,-0.00082731
0.14011813,0.00047397,-0.00066709
0.14021814,0.00044727,-0.00063276
0.14031816,0.00048542,-0.00080824
0.14041817,0.00050068,-0.00074720
0.14051819,0.00050449,-0.00080061
0.14061819,0.00050068,-0.00071668
0.14071822,0.00041294,-0.00067091
0.14081822,0.00040150,-0.00087309
0.14091824,0.00044727,-0.00075865
0.14101825,0.00048160,-0.00061369
0.14111826,0.00048160,-0.00071668
0.14121828,0.00039005,-0.00069380
0.14131828,0.00039005,-0.00063276
0.14141830,0.00044727,-0.00070143
0.14151831,0.00046635,-0.00059461
0.14161833,0.00049305,-0.00062132
0.14171834,0.00045490,-0.00065565
0.14181836,0.00041294,-0.00068998
0.14191837,0.00044727,-0.00068617
0.14201837,0.00044727,-0.00066328
0.14211839,0.00045490,-0.00059461
0.14221840,0.00042438,-0.00051069
0.14231842,0.00036335,-0.00052595
0.14241843,0.00033283,-0.00065183
0.14251845,0.00035953,-0.00064421
0.14261845,0.00034046,-0.00065565
0.14271848,0.00032902,-0.00056410
0.14281848,0.00037479,-0.00056410
0.14291849,0.00035953,-0.00054502
0.14301851,0.00010395,-0.00015593
0.14311852,-0.00014400,0.00006914
0.14321854,-0.00021267,0.00021791
0.14331854,-0.00033092,0.00025225
0.14341856,-0.00030804,0.00023317
0.14351857,-0.00028133,0.00022173
0.14361859,-0.00024700,0.00021791
0.14371860,-0.00020123,0.00021791
0.14381860,-0.00019741,0.00022554
0.14391862,-0.00020123,0.00021791
0.14401863,-0.00023937,0.00021791
0.14411865,-0.00023937,0.00023317
0.14421866,-0.00021267,0.00022554
0.14431868,-0.00018597,0.00022554
0.14441869,-0.00026607,0.00022554
0.14451869,-0.00022030,0.00021410
0.14461871,-0.00017071,0.00021028
0.14471872,-0.00016308,0.00019121
0.14481874,-0.00015545,0.00017977
0.14491875,-0.00015163,0.00017595
0.14501877,-0.00015163,0.00016832
0.14511877,-0.00015926,0.00016451
0.14521880,-0.00011730,0.00015688
0.14531880,-0.00010967,0.00015306
0.14541881,-0.00011730,0.00014162
0.14551883,-0.00011349,0.00014162
0.14561884,-0.00012493,0.00014162
0.14571886,-0.00010204,0.00013018
0.14581886,-0.00012112,0.00014162
0.14591888,-0.00012112,0.00014162
0.14601889,-0.00013256,0.00013781
0.14611891,-0.00012493,0.00013781
0.14621892,-0.00012493,0.00013781
0.14631892,-0.00009823,0.00013018
0.14641895,-0.00009441,0.00012255
0.14651895,-0.00010967,0.00011873
0.14661897,-0.00008678,0.00011873
0.14671898,-0.00007915,0.00010729
0.14681900,-0.00011730,0.00017214
0.14691901,-0.00004864,0.00017595
0.14701903,-0.00006390,0.00021791
0.14711903,-0.00009823,0.00026750
0.14721904,-0.00021648,0.00030947
0.14731906,-0.00035000,0.00041628
0.14741907,-0.00041485,0.00051164
0.14751909,-0.00039959,0.00061083
0.14761909,-0.00028133,0.00064897
0.14771912,-0.00024319,0.00076723
0.14781912,-0.00018215,0.00104189
0.14791914,-0.00021267,0.00125169
0.14801915,-0.00018215,0.00133943
0.14811916,-0.00007534,0.00168275
0.14821918,-0.00086117,0.00196123
0.14831918,-0.00022030,0.00212907
0.14841920,-0.00027752,0.00241517
0.14851921,-0.00040340,0.00245332
0.14861923,-0.00078869,0.00261735
0.14871924,-0.00091457,0.00262880
0.14881926,-0.00039577,0.00273561
0.14891927,-0.00083828,0.00292634
0.14901927,-0.00090694,0.00292634
0.14911929,-0.00106335,0.00294541
0.14921930,-0.00145244,0.00309800
0.14931932,-0.00211238,0.00320863
0.14941933,-0.00257396,0.00322007
0.14951935,-0.00273799,0.00312089
0.14961935,-0.00288676,0.00327729
0.14971936,-0.00317668,0.00333070
0.14981938,-0.00305461,0.00396775
0.14991939,-0.00342082,0.00453995
0.15001941,-0.00378703,0.00481461
0.15011942,-0.00384425,0.00598191
0.15021944,-0.00380611,0.00717590
0.15031944,-0.00515650,0.00899932
0.15041946,-0.00500773,0.01129195
0.15051947,-0.00640772,0.01422544
0.15061948,-0.00698755,0.01573225
0.15071950,-0.00961587,0.01799436
0.15081950,-0.01143548,0.02347606
0.15091953,-0.01014612,0.02496760
0.15101953,-0.01278588,0.03209725
0.15111955,-0.02031607,0.03153649
0.15121956,-0.02167029,0.03827323
0.15131958,-0.02683919,0.04346884
0.15141959,-0.02707188,0.05595812
0.15151959,-0.03615465,0.05692324
0.15161961,-0.04334915,0.06552535
0.15171962,-0.05107770,0.07167082
0.15181964,-0.05015837,0.07724407
0.15191965,-0.04522216,0.08500000
0.15201967,-0.04544723,0.08500000
0.15211967,-0.04357803,0.08500000
0.15221970,-0.04853712,0.08500000
0.15231970,-0.04349411,0.08500000
0.15241971,-0.04462326,0.08500000
0.15251973,-0.04007615,0.08500000
0.15261974,-0.04079713,0.08500000
0.15271976,-0.04546630,0.08500000
0.15281976,-0.04636275,0.08500000
0.15291978,-0.05029951,0.08500000
0.15301979,-0.05195509,0.08500000
0.15311981,-0.05344281,0.08500000
0.15321982,-0.05015837,0.08500000
0.15331982,-0.04613387,0.08500000
0.15341985,-0.05401883,0.08500000
0.15351985,-0.04469192,0.08500000
0.15361987,-0.04292191,0.08500000
0.15371988,-0.04907118,0.08500000
0.15381990,-0.05304608,0.08500000
0.15391991,-0.03922166,0.08500000
0.15401991,-0.04786574,0.08500000
0.15411993,-0.03643312,0.08500000
0.15421994,-0.05299649,0.08500000
0.15431996,-0.04473007,0.08500000
0.15441997,-0.04429519,0.08500000
0.15451999,-0.03783311,0.08500000
0.15462000,-0.03637209,0.08500000
0.15472002,-0.04756819,0.08500000
0.15482002,0.00026416,0.04018439
0.15492003,-0.01050088,0.02019924
0.15502005,-0.00536631,0.01245162
0.15512006,-0.00313091,0.00292253
0.15522008,-0.00507640,0.00533341
0.15532008,-0.00106716,0.00753067
0.15542010,-0.00612162,0.01104781
0.15552011,-0.02097601,0.02027172
0.15562013,-0.01575752,0.00081301
0.15572014,-0.00773142,0.00303697
0.15582014,0.00304889,0.00859878
0.15592017,-0.00206661,-0.00662945
0.15602017,-0.01379296,0.02309459
0.15612019,-0.01603599,0.00811432
0.15622020,-0.02235311,0.00732849
0.15632022,-0.01068017,0.01430174
0.15642023,-0.01044747,0.02090496
0.15652025,-0.00967309,0.02934686
0.15662025,-0.00507258,0.03700675
0.15672026,-0.00619791,0.03244820
0.15682028,-0.00178814,0.02573054
0.15692029,-0.00155926,0.02753870
0.15702031,0.00277804,0.02865640
0.15712032,0.01014039,0.03190270
0.15722034,0.01567169,0.02557032
0.15732034,-0.00702570,0.02005047
0.15742036,0.01056382,0.01282545
0.15752037,0.00576494,0.01843304
0.15762038,-0.00496577,0.01281783
0.15772040,-0.00318431,0.02053875
0.15782040,-0.00440883,0.02693598
0.15792043,0.01569076,0.01018569
0.15802043,-0.00515651,0.02359432
0.15812045,-0.03084079,-0.00579022
0.15822046,-0.01959891,0.02126354
0.15832048,-0.01352211,0.01382872
0.15842049,-0.02233023,-0.01377436
0.15852049,-0.00596141,0.01652952
0.15862051,-0.01016137,0.03269234
0.15872052,-0.02042670,-0.00833461
0.15882054,-0.01239678,0.00242280
0.15892055,-0.01465508,0.03677406
0.15902057,-0.00773905,-0.00392865
0.15912057,-0.01177880,0.03027765
0.15922058,-0.01295754,0.02045864
0.15932060,-0.02083868,0.02255672
0.15942061,-0.02569097,0.02437251
0.15952063,-0.02046484,0.00703857
0.15962064,-0.01433464,0.02073712
0.15972066,-0.00827692,0.00782821
0.15982066,-0.01800819,0.02382701
0.15992068,-0.02561467,0.01887555
0.16002069,-0.01074120,0.02413219
0.16012070,-0.02769368,0.02437251
0.16022072,-0.02081961,0.01897854
0.16032072,-0.01449486,0.01477476
0.16042075,-0.02404683,0.02004284
0.16052075,-0.01590629,0.01890988
0.16062077,-0.02517217,0.01545759
0.16072078,-0.01592918,0.00846145
0.16082080,-0.02615254,0.02595942
0.16092081,-0.02475255,0.01429411
0.16102081,-0.01817603,0.00950286
0.16112083,-0.02015204,0.01007125
0.16122084,-0.00421046,0.01434370
0.16132086,-0.00828073,0.02087063
0.16142087,-0.00637339,0.01834149
0.16152089,-0.00969598,0.02301830
0.16162090,-0.01602455,0.02092022
0.16172092,0.00487994,0.00540207
0.16182092,-0.00117779,0.01385161
0.16192093,-0.01378533,0.03022043
0.16202095,-0.01563164,0.01981396
0.16212096,-0.03258029,0.01953549
0.16222098,-0.02073187,0.01878018
0.16232098,-0.01107690,0.01441618
0.16242101,-0.02027411,0.02844278
0.16252101,-0.01776786,0.02035183
0.16262103,-0.01501366,0.00693558
0.16272104,-0.01507851,0.02588694
0.16282104,-0.00952432,0.00287294
0.16292107,-0.01557060,0.02925150
0.16302107,-0.01634879,0.02477687
0.16312109,-0.01882071,0.01381346
0.16322110,-0.01890464,0.02579921
0.16332112,-0.01548668,0.01736493
0.16342113,-0.01211449,0.03183785
0.16352115,-0.00706385,0.01849789
0.16362115,-0.01619621,0.02915231
0.16372116,-0.02611821,0.01915402
0.16382118,-0.00938699,0.00981185
0.16392119,-0.00527094,0.01142546
0.16402121,-0.02439778,0.01440092
0.16412122,-0.02828877,0.02188534
0.16422124,-0.01779075,0.02034420
0.16432124,-0.03202334,0.01532407
0.16442125,-0.02420705,0.02395671
0.16452127,0.00246524,0.01040694
0.16462128,-0.01441093,0.01993222
0.16472130,-0.01528069,0.01330992
0.16482130,-0.00522517,0.02291149
0.16492133,-0.02304739,0.02101177
0.16502133,-0.01130196,0.00713776
0.16512135,-0.01013848,0.02331966
0.16522136,-0.01769157,0.02236980
0.16532137,-0.03097812,0.01271483
0.16542139,-0.00798700,0.01835294
0.16552139,-0.01255700,0.02501719
0.16562141,-0.02626698,0.01857800
0.16572142,-0.02961246,0.02569621
0.16582144,-0.00890253,0.01395460
0.16592145,-0.01135918,0.01809354
0.16602147,-0.02982990,0.02546733
0.16612148,-0.02450841,0.01728482
0.16622148,-0.01981253,0.02369731
0.16632150,-0.01853461,0.01935620
0.16642151,-0.02537053,0.01654096
0.16652153,-0.02049918,0.01890225
0.16662154,-0.01531883,0.00970504
0.16672156,-0.01501366,0.00340699
0.16682156,0.00032901,0.01358458
0.16692159,-0.01573845,0.01936764
0.16702159,-0.01610084,0.02962915
0.16712160,-0.00760172,0.00828979
0.16722162,0.00141239,0.01401564
0.16732162,-0.01039788,0.01595350
0.16742165,-0.02575200,0.01268813
0.16752165,-0.03057376,0.01162383
0.16762167,-0.00506114,0.01072738
0.16772168,-0.02512258,0.01792569
0.16782170,-0.00300883,0.02337306
0.16792171,-0.00608729,0.02079815
0.16802171,-0.02342504,0.01840253
0.16812173,-0.02054877,0.01403090
0.16822174,-0.02656834,0.01766629
0.16832176,-0.01519295,0.01626630
0.16842177,-0.01101586,0.01741834
0.16852179,-0.02203650,0.02360576
0.16862180,-0.00934503,0.00480698
0.16872182,-0.01515862,0.02153057
0.16882182,-0.01780219,0.00613068
0.16892183,-0.00841806,0.01784558
0.16902185,-0.01872535,0.01979870
0.16912186,-0.02664845,0.02501338
0.16922188,-0.03147785,0.01628537
0.16932188,-0.02664464,0.01610609
0.16942191,-0.01994986,0.01002166
0.16952191,-0.00923822,0.01125762
0.16962192,-0.02200979,0.00812194
0.16972194,-0.01529213,0.00223588
0.16982195,-0.02097601,0.01137587
0.16992197,-0.02680104,0.00252198
0.17002197,-0.02167791,0.01029250
0.17012199,-0.01438042,0.00754211
0.17022200,-0.02091879,0.00000429
0.17032202,-0.02088065,0.01572462
0.17042203,-0.01072213,0.00593231
0.17052203,-0.01641365,0.00815628
0.17062206,-0.01198098,0.01345106
0.17072206,-0.00804422,0.01371428
0.17082208,-0.01496406,0.00724838
0.17092209,-0.00929544,0.00742386
0.17102211,-0.00656412,0.01940579
0.17112212,-0.00352382,0.01784940
0.17122214,-0.00888345,0.01866955
0.17132214,-0.00403117,0.03334084
0.17142215,-0.01463600,0.05355487
0.17152217,-0.00123501,0.03908576
0.17162218,-0.00263881,0.03587379
0.17172220,0.00535677,0.00991866
0.17182220,0.00254916,-0.04591691
0.17192223,-0.00242519,-0.04551255
0.17202223,-0.00829599,-0.04537523
0.17212225,-0.00810907,-0.03850497
0.17222226,-0.00670908,-0.03032628
0.17232227,-0.00348186,-0.02300209
0.17242229,-0.00238704,-0.01522012
0.17252229,-0.00147915,-0.00886104
0.17262231,-0.00064373,-0.00498532
0.17272232,-0.00026989,-0.00251340
0.17282234,-0.00009060,-0.00114393
0.17292235,-0.00002575,-0.00056028
0.17302237,0.00003529,-0.00019789
0.17312238,0.00003147,-0.00007200
0.17322238,0.00002003,-0.00003386
0.17332240,0.00001621,-0.00001478
0.17342241,0.00000858,-0.00001097
0.17352243,0.00000858,-0.00001097
0.17362244,0.00000477,-0.00000715
0.17372246,0.00000858,-0.00000334
0.17382246,0.00000095,-0.00000715
0.17392249,-0.00002575,0.00000048
0.17402249,-0.00001049,-0.00000715
0.17412250,-0.00002575,-0.00000334
0.17422252,-0.00000668,0.00000048
0.17432253,-0.00004482,0.00000048
0.17442255,-0.00002956,-0.00000334
0.17452255,-0.00000286,0.00000429
0.17462257,-0.00000668,-0.00000334
0.17472258,-0.00000668,-0.00000334
0.17482259,-0.00000668,0.00000048
0.17492261,-0.00000286,0.00000048
0.17502261,-0.00001049,0.00000048
0.17512263,-0.00000668,0.00000048
0.17522264,-0.00000668,-0.00000334
0.17532266,-0.00000668,0.00000048
0.17542267,-0.00000668,0.00000048
0.17552269,-0.00000286,-0.00000334
0.17562270,-0.00001049,0.00000048
0.17572270,-0.00000668,0.00000048
0.17582272,-0.00000668,0.00000048
0.17592273,-0.00001049,0.00000048
0.17602275,-0.00000668,-0.00000334
0.17612276,-0.00000286,0.00000048
0.17622278,-0.00000286,0.00000048
0.17632278,-0.00000286,0.00000048
0.17642281,-0.00000668,0.00000429
0.17652281,-0.00000668,0.00000048
0.17662282,-0.00000668,0.00000048
0.17672284,0.00000095,0.00000048
0.17682285,-0.00000286,0.00000048
0.17692287,0.00000095,0.00000429
0.17702287,-0.00000286,0.00000048
0.17712289,-0.00000668,0.00000429
0.17722290,0.00000095,-0.00000334
0.17732292,-0.00001049,-0.00000334
0.17742293,-0.00000668,0.00000048
0.17752293,-0.00001049,0.00000048
0.17762296,-0.00000286,-0.00000334
0.17772296,-0.00000286,0.00000429
0.17782298,0.00000095,0.00000429
0.17792299,-0.00000286,-0.00000334
0.17802301,0.00000095,0.00000048
0.17812302,-0.00000286,0.00000048
0.17822304,-0.00000286,-0.00000334
0.17832304,0.00000477,0.00000048
0.17842305,-0.00000286,0.00000048
0.17852307,-0.00000286,0.00000048
0.17862308,0.00000095,0.00000048
0.17872310,0.00000095,0.00000048
0.17882310,0.00000477,0.00000048
0.17892313,-0.00000668,0.00000048
0.17902313,0.00000095,0.00000429
0.17912315,-0.00000286,-0.00000334
0.17922316,-0.00000286,0.00000429
0.17932317,0.00000858,0.00000048
0.17942319,0.00000095,-0.00000715
0.17952319,0.00000095,0.00000048
0.17962321,0.00000095,0.00000048
0.17972322,-0.00000286,0.00000048
0.17982324,-0.00000286,-0.00000334
0.17992325,0.00000477,-0.00000334
0.18002325,0.00000095,0.00000048
0.18012328,0.00000095,-0.00000334
0.18022328,-0.00000286,-0.00000334
0.18032330,0.00000095,0.00000048
0.18042331,0.00000477,-0.00000334
0.18052333,0.00000095,-0.00000334
0.18062334,0.00000095,0.00000048
0.18072336,-0.00000668,-0.00000334
0.18082336,-0.00001431,0.00000048
0.18092337,-0.00000286,-0.00000334
0.18102339,0.00000095,0.00000048
0.18112340,0.00000095,-0.00000334
0.18122342,0.00000477,0.00000429
0.18132343,0.00000477,0.00000048
0.18142345,0.00000095,-0.00000334
0.18152345,0.00000477,0.00000048
0.18162347,0.00000477,0.00000048
0.18172348,0.00000477,0.00000048
0.18182349,0.00000477,0.00000048
0.18192351,0.00000095,0.00000048
0.18202351,0.00000095,0.00000048
0.18212354,0.00000095,0.00000048
0.18222354,-0.00001049,0.00000048
0.18232356,-0.00000286,0.00000048
0.18242357,-0.00000668,0.00000048
0.18252359,0.00000095,0.00000048
0.18262360,0.00000095,0.00000048
0.18272360,0.00000095,0.00000048
0.18282362,0.00000095,0.00000429
0.18292363,0.00000095,0.00000048
0.18302365,0.00000477,0.00000429
0.18312366,0.00000095,0.00000048
0.18322368,0.00000477,0.00000048
0.18332368,0.00000095,0.00000048
0.18342371,0.00000477,-0.00000334
0.18352371,0.00000477,0.00000048
0.18362372,0.00000477,0.00000048
0.18372374,0.00000095,0.00000048
0.18382375,0.00000095,0.00000048
0.18392377,-0.00007534,0.00000048
0.18402377,-0.00003719,-0.00000334
0.18412379,-0.00002194,0.00000048
0.18422380,-0.00000286,-0.00000334
0.18432382,0.00000095,-0.00000334
0.18442383,0.00000095,-0.00000334
0.18452383,0.00000095,0.00000048
0.18462386,0.00000477,0.00000048
0.18472386,0.00000477,0.00000048
0.18482388,0.00000095,0.00000048
0.18492389,0.00000477,0.00000048
0.18502391,0.00000095,0.00000048
0.18512392,-0.00000286,0.00000048
0.18522392,0.00000477,0.00000048
0.18532394,0.00000095,0.00000048
0.18542395,-0.00000286,0.00000048
0.18552397,0.00000095,0.00000048
0.18562398,-0.00001049,0.00000048
0.18572400,0.00000095,0.00000048
0.18582401,-0.00000286,-0.00000334
0.18592403,-0.00000286,0.00000429
0.18602403,0.00000095,0.00000429
0.18612404,0.00000477,-0.00000334
0.18622406,0.00000095,0.00000048
0.18632407,0.00000095,-0.00000334
0.18642409,-0.00000286,-0.00000334
0.18652409,-0.00000286,0.00000048
0.18662411,0.00000095,0.00000048
0.18672412,-0.00000286,0.00000048
0.18682414,0.00000095,0.00000429
0.18692415,-0.00000286,0.00000429
0.18702415,0.00000095,0.00000048
0.18712418,-0.00000668,-0.00000334
0.18722418,0.00000095,0.00000048
0.18732420,-0.00001812,0.00000048
0.18742421,-0.00000286,0.00000048
0.18752423,-0.00000286,-0.00000334
0.18762424,-0.00000286,0.00000048
0.18772426,0.00000095,0.00000048
0.18782426,0.00000095,0.00000048
0.18792427,-0.00000668,-0.00000334
0.18802429,-0.00000286,-0.00000334
0.18812430,-0.00000286,0.00000048
0.18822432,0.00000095,0.00000429
0.18832433,-0.00000286,0.00000048
0.18842435,-0.00000668,-0.00000334
0.18852435,-0.00000286,0.00000048
0.18862437,-0.00000286,0.00000048
0.18872438,0.00000095,0.00000048
0.18882439,-0.00000286,0.00000048
0.18892441,-0.00001049,-0.00000334
0.18902441,-0.00000286,0.00000048
0.18912444,-0.00001049,0.00000048
0.18922444,-0.00000668,-0.00000334
0.18932446,-0.00000286,-0.00000334
0.18942447,-0.00000286,-0.00000334
0.18952448,-0.00000668,0.00000048
0.18962450,-0.00000286,0.00000429
0.18972450,-0.00000286,-0.00000334
0.18982452,-0.00000668,0.00000048
0.18992453,-0.00000286,0.00000048
0.19002455,-0.00000668,0.00000048
0.19012456,-0.00000286,0.00000048
0.19022458,-0.00000668,0.00000048
0.19032458,-0.00000286,0.00000048
0.19042459,-0.00000668,0.00000048
0.19052461,-0.00000286,0.00000048
0.19062462,0.00000095,0.00000048
0.19072464,-0.00001049,0.00000048
0.19082465,-0.00001431,0.00000048
0.19092467,-0.00001049,0.00000048
0.19102467,-0.00000668,0.00000048
0.19112469,-0.00000286,0.00000048
0.19122470,-0.00000286,0.00000048
0.19132471,-0.00001049,0.00000429
0.19142473,-0.00000286,0.00000048
0.19152473,-0.00000668,0.00000048
0.19162476,-0.00000286,0.00000048
0.19172476,-0.00000286,0.00000048
0.19182478,-0.00000668,-0.00000334
0.19192479,-0.00000668,-0.00000334
0.19202481,-0.00000668,-0.00000334
0.19212482,-0.00001431,0.00000048
0.19222482,-0.00003338,0.00000048
0.19232484,-0.00001049,0.00000048
0.19242485,-0.00001431,0.00000048
0.19252487,-0.00000668,0.00000429
0.19262488,-0.00000286,0.00000048
0.19272490,-0.00000286,-0.00000334
0.19282491,-0.00000286,-0.00000334
0.19292493,-0.00000286,-0.00000715
0.19302493,-0.00000668,-0.00000334
0.19312494,-0.00000286,-0.00000334
0.19322496,-0.00002956,-0.00000334
0.19332497,-0.00001049,-0.00000334
0.19342499,-0.00000668,0.00000048
0.19352499,-0.00000668,0.00000048
0.19362502,-0.00000286,0.00000429
0.19372502,-0.00000286,-0.00000715
0.19382504,-0.00000286,0.00000048
0.19392505,-0.00000286,0.00000048
0.19402505,-0.00000668,0.00000048
0.19412508,-0.00001431,0.00000048
0.19422508,-0.00001049,0.00000048
0.19432510,0.00000095,0.00000048
0.19442511,-0.00000668,0.00000048
0.19452513,-0.00000668,0.00000048
0.19462514,-0.00000286,0.00000048
0.19472514,-0.00000286,-0.00000334
0.19482516,-0.00000286,0.00000048
0.19492517,-0.00000286,0.00000048
0.19502519,-0.00000668,0.00000429
0.19512520,-0.00000286,-0.00000334
0.19522522,0.00000095,-0.00000334
0.19532523,-0.00000286,0.00000048
0.19542525,-0.00000286,0.00000048
0.19552525,-0.00000668,-0.00000334
0.19562526,-0.00001431,0.00000048
0.19572528,-0.00000286,-0.00000334
0.19582529,-0.00001049,-0.00000334
0.19592531,-0.00000668,-0.00000334
0.19602531,-0.00000286,0.00000048
0.19612534,-0.00000286,0.00000048
0.19622534,-0.00000286,-0.00000334
0.19632536,-0.00000286,0.00000429
0.19642537,-0.00000286,0.00000429
0.19652538,-0.00000286,0.00000048
0.19662540,0.00000095,0.00000048
0.19672540,0.00000095,0.00000048
0.19682542,-0.00000286,0.00000048
0.19692543,-0.00000286,0.00000048
0.19702545,-0.00000668,0.00000048
0.19712546,0.00000095,0.00000429
0.19722548,0.00000095,0.00000048
0.19732549,-0.00000668,0.00000048
0.19742549,-0.00000668,-0.00000334
0.19752551,-0.00000668,0.00000048
0.19762552,-0.00000286,0.00000048
0.19772554,0.00000095,0.00000429
0.19782555,-0.00000286,0.00000048
0.19792557,0.00000095,0.00000048
0.19802557,0.00000095,0.00000048
0.19812560,0.00000095,0.00000048
0.19822560,0.00000095,0.00000048
0.19832561,0.00000477,0.00000048
0.19842563,-0.00000286,-0.00000334
0.19852563,0.00000477,0.00000048
0.19862566,0.00000095,0.00000048
0.19872566,0.00000095,-0.00000334
0.19882568,0.00000477,-0.00000334
0.19892569,-0.00000668,0.00000048
0.19902571,0.00000095,0.00000048
0.19912572,-0.00000286,0.00000048
0.19922572,0.00000095,0.00000048
0.19932574,0.00000095,0.00000048
0.19942575,0.00000477,0.00000048
0.19952577,0.00000095,0.00000429
0.19962578,0.00000095,0.00000048
0.19972580,-0.00000286,0.00000048
0.19982581,0.00000477,0.00000048
0.19992581,0.00000095,0.00000048
0.20002583,-0.00000286,0.00000048
0.20012584,0.00000095,0.00000048
0.20022586,0.00000095,-0.00000334
0.20032587,0.00000095,0.00000048
0.20042589,0.00000095,0.00000048
0.20052589,0.00000477,-0.00000334
0.20062592,0.00000477,0.00000429
0.20072592,-0.00000286,-0.00000334
0.20082593,-0.00001431,-0.00000334
0.20092595,0.00000095,-0.00000334
0.20102596,0.00000095,0.00000048
0.20112598,0.00000095,0.00000048
0.20122598,-0.00000286,-0.00000334
0.20132600,-0.00000286,0.00000048
0.20142601,-0.00000286,0.00000048
0.20152603,0.00000095,0.00000048
0.20162604,0.00000095,0.00000048
0.20172604,0.00000095,-0.00000334
0.20182607,0.00000477,0.00000048
0.20192607,-0.00000286,-0.00000334
0.20202609,0.00000095,0.00000429
0.20212610,0.00000095,0.00000048
0.20222612,-0.00000286,-0.00000334
0.20232613,-0.00000286,-0.00000334
0.20242615,-0.00001431,0.00000048
0.20252615,-0.00000286,-0.00000334
0.20262616,-0.00000668,0.00000048
0.20272618,0.00000095,0.00000048
0.20282619,0.00000095,-0.00000334
0.20292621,0.00000477,-0.00000334
0.20302621,0.00000095,-0.00000334
0.20312624,0.00000095,0.00000048
0.20322624,0.00000095,0.00000048
0.20332626,-0.00000286,-0.00000334
0.20342627,-0.00000286,-0.00000334
0.20352628,0.00000095,0.00000048
0.20362630,-0.00000286,0.00000048
0.20372630,0.00000095,0.00000048
0.20382632,0.00000095,0.00000048
0.20392633,0.00000095,0.00000048
0.20402635,-0.00000668,0.00000048
0.20412636,-0.00001431,0.00000048
0.20422638,-0.00000668,0.00000048
0.20432639,0.00000095,-0.00000334
0.20442639,0.00000095,-0.00000334
0.20452641,0.00000095,0.00000048
0.20462642,-0.00000286,-0.00000334
0.20472644,-0.00000286,0.00000048
0.20482645,-0.00000286,0.00000048
0.20492647,-0.00000286,-0.00000334
0.20502647,-0.00000286,-0.00000334
0.20512648,-0.00000286,0.00000429
0.20522650,0.00000095,-0.00000334
0.20532651,0.00000477,-0.00000334
0.20542653,0.00000095,-0.00000334
0.20552654,0.00000095,0.00000048
0.20562656,-0.00000668,0.00000048
0.20572656,-0.00001049,0.00000048
0.20582658,-0.00000668,-0.00000334
0.20592659,0.00000095,-0.00000334
0.20602660,-0.00000286,-0.00000334
0.20612662,0.00000095,0.00000048
0.20622662,-0.00000286,-0.00000334
0.20632664,0.00000095,-0.00000334
0.20642665,-0.00000286,0.00000429
0.20652667,-0.00000286,0.00000048
0.20662668,0.00000095,-0.00000334
0.20672670,0.00000095,0.00000048
0.20682671,-0.00000286,0.00000048
0.20692671,0.00000095,0.00000048
0.20702673,-0.00000286,-0.00000334
0.20712674,0.00000095,-0.00000334
0.20722676,0.00000095,-0.00000334
0.20732677,-0.00001431,0.00000048
0.20742679,-0.00000286,0.00000048
0.20752679,-0.00000668,-0.00000334
0.20762682,0.00000095,0.00000048
0.20772682,-0.00000668,0.00000048
0.20782683,-0.00000286,0.00000048
0.20792685,-0.00000668,0.00000048
0.20802686,-0.00000286,0.00000048
0.20812688,-0.00000286,-0.00000334
0.20822688,-0.00000286,-0.00000334
0.20832690,-0.00000286,0.00000048
0.20842691,-0.00000286,0.00000048
0.20852693,0.00000095,0.00000429
0.20862694,-0.00000286,0.00000048
0.20872694,-0.00000668,0.00000048
0.20882697,-0.00000286,0.00000048
0.20892697,-0.00001049,-0.00000334
0.20902699,-0.00000286,0.00000429
0.20912700,-0.00001049,-0.00000334
0.20922702,-0.00000668,0.00000048
0.20932703,-0.00000286,0.00000048
0.20942705,-0.00000286,0.00000048
0.20952705,0.00000095,0.00000048
0.20962706,-0.00000668,-0.00000334
0.20972708,-0.00000286,0.00000048
0.20982709,0.00000095,-0.00000334
0.20992711,-0.00000668,0.00000048
0.21002711,0.00000095,-0.00000334
0.21012714,-0.00000286,-0.00000334
0.21022714,0.00000095,0.00000048
0.21032715,0.00000095,0.00000048
0.21042717,-0.00000286,-0.00000334
0.21052718,0.00000095,0.00000048
0.21062720,-0.00001049,-0.00000334
0.21072720,-0.00001049,-0.00000334
0.21082722,-0.00001431,-0.00000334
0.21092723,-0.00000668,-0.00000334
0.21102725,-0.00000668,-0.00000334
0.21112726,0.00000095,0.00000048
0.21122726,-0.00000286,0.00000429
0.21132729,-0.00000668,0.00000048
0.21142729,0.00000095,0.00000429
0.21152731,-0.00000286,0.00000048
0.21162732,-0.00000286,0.00000048
0.21172734,-0.00000668,0.00000429
0.21182735,-0.00000286,0.00000048
0.21192737,-0.00000286,0.00000048
0.21202737,-0.00000668,-0.00000334
0.21212738,-0.00000286,0.00000048
0.21222740,-0.00000286,-0.00000334
0.21232741,-0.00000668,-0.00000334
0.21242743,-0.00001049,-0.00000334
0.21252744,-0.00000286,0.00000048
0.21262746,-0.00000286,-0.00000334
0.21272746,-0.00000286,0.00000048
0.21282748,-0.00000286,0.00000429
0.21292749,-0.00000286,0.00000048
0.21302750,-0.00000286,0.00000429
0.21312752,-0.00000286,0.00000048
0.21322752,-0.00000286,-0.00000334
0.21332755,-0.00000286,-0.00000334
0.21342755,-0.00000286,-0.00000334
0.21352757,-0.00000668,-0.00000334
0.21362758,-0.00000286,-0.00000334
0.21372760,-0.00000286,0.00000048
0.21382761,-0.00000668,-0.00000334
0.21392761,-0.00000286,0.00000048
0.21402763,-0.00000668,0.00000048
0.21412764,-0.00001812,-0.00000334
0.21422766,-0.00000668,-0.00000334
0.21432767,-0.00000668,-0.00000334
0.21442769,-0.00001049,0.00000048
0.21452769,-0.00000668,-0.00000334
0.21462772,0.00000095,0.00000048
0.21472772,-0.00000286,-0.00000334
0.21482773,-0.00000286,0.00000048
0.21492775,-0.00000668,0.00000048
0.21502776,-0.00000286,0.00000048
0.21512778,0.00000095,-0.00000334
0.21522778,-0.00000286,0.00000048
0.21532780,-0.00000668,-0.00000334
0.21542781,-0.00000286,0.00000048
0.21552782,-0.00000668,0.00000048
0.21562784,-0.00001049,-0.00000334
0.21572784,-0.00000286,-0.00000334
0.21582787,-0.00000668,0.00000048
0.21592787,-0.00001049,-0.00000334
0.21602789,-0.00000286,-0.00000334
0.21612790,-0.00000286,0.00000429
0.21622792,0.00000095,0.00000048
0.21632793,-0.00000286,0.00000048
0.21642793,0.00000095,-0.00000334
0.21652795,-0.00000286,-0.00000334
0.21662796,-0.00000286,0.00000048
0.21672798,0.00000477,-0.00000334
0.21682799,-0.00000286,0.00000429
0.21692801,-0.00000286,0.00000048
0.21702802,-0.00000286,0.00000048
0.21712804,-0.00000286,0.00000429
0.21722804,-0.00000286,0.00000048
0.21732805,-0.00001049,0.00000048
0.21742807,-0.00000286,0.00000048
0.21752808,-0.00000668,-0.00000334
0.21762810,-0.00000286,0.00000048
0.21772810,-0.00000286,0.00000048
0.21782813,0.00000095,0.00000048
0.21792813,0.00000095,0.00000048
0.21802815,0.00000095,0.00000048
0.21812816,-0.00000286,0.00000048
0.21822816,0.00000095,0.00000048
0.21832819,0.00000477,-0.00000334
0.21842819,0.00000095,-0.00000334
0.21852821,0.00000095,0.00000048
0.21862822,0.00000477,0.00000048
0.21872824,0.00000095,0.00000429
0.21882825,0.00000095,0.00000429
0.21892827,-0.00000286,-0.00000334
0.21902827,-0.00000668,0.00000048
0.21912828,-0.00000286,0.00000048
0.21922830,-0.00000286,0.00000048
0.21932831,0.00000477,0.00000429
0.21942833,-0.00000286,0.00000048
0.21952834,0.00000095,0.00000048
0.21962836,0.00000477,0.00000048
0.21972836,0.00000095,-0.00000334
0.21982838,0.00000095,0.00000048
0.21992839,-0.00000286,0.00000048
0.22002840,0.00000858,-0.00000715
0.22012842,0.00000095,-0.00000715
0.22022842,0.00000477,-0.00000334
0.22032845,0.00000477,-0.00000334
0.22042845,0.00000095,0.00000429
0.22052847,0.00000477,0.00000048
0.22062848,0.00000477,0.00000429
0.22072849,-0.00000668,0.00000048
0.22082851,-0.00002194,-0.00000334
0.22092851,-0.00000286,-0.00000334
0.22102853,0.00000095,-0.00000334
0.22112854,0.00000477,0.00000048
0.22122856,0.00000095,0.00000048
0.22132857,0.00000095,0.00000048
0.22142859,0.00000477,-0.00000334
0.22152859,0.00000095,0.00000048
0.22162860,0.00000477,-0.00000334
0.22172862,0.00000095,0.00000048
0.22182863,0.00000095,-0.00000334
0.22192865,0.00000095,-0.00000334
0.22202866,0.00000477,0.00000429
0.22212868,-0.00000286,-0.00000334
0.22222868,-0.00000286,0.00000048
0.22232870,-0.00000286,-0.00000334
0.22242871,-0.00001812,-0.00000334
0.22252872,-0.00000668,0.00000048
0.22262874,-0.00000286,0.00000048
0.22272874,0.00000095,0.00000048
0.22282877,0.00000095,0.00000048
0.22292877,0.00000095,0.00000048
0.22302879,0.00000095,0.00000048
0.22312880,-0.00000286,-0.00000334
0.22322882,-0.00000286,0.00000048
0.22332883,-0.00000286,-0.00000334
0.22342883,-0.00000286,0.00000048
0.22352885,0.00000095,0.00000048
0.22362886,0.00000477,0.00000048
0.22372888,0.00000477,0.00000048
0.22382889,0.00000095,-0.00000334
0.22392891,0.00000095,0.00000048
0.22402892,-0.00000668,-0.00000334
0.22412894,-0.00001812,0.00000048
0.22422894,0.00000095,-0.00000334
0.22432895,-0.00000286,0.00000048
0.22442897,0.00000095,-0.00000715
0.22452898,-0.00000286,-0.00000334
0.22462900,-0.00000286,0.00000429
0.22472900,-0.00000286,-0.00000334
0.22482903,-0.00000286,0.00000048
0.22492903,-0.00000286,-0.00000334
0.22502905,0.00000095,0.00000048
0.22512906,0.00000477,-0.00000334
0.22522906,-0.00000286,0.00000048
0.22532909,0.00000095,-0.00000334
0.22542909,-0.00000286,0.00000048
0.22552911,-0.00000286,0.00000048
0.22562912,-0.00001049,0.00000429
0.22572914,-0.00000286,-0.00000334
0.22582915,-0.00000668,-0.00000334
0.22592915,-0.00000286,0.00000048
0.22602917,-0.00000286,0.00000048
0.22612918,-0.00000286,-0.00000334
0.22622920,0.00000477,0.00000048
0.22632921,-0.00000286,0.00000048
0.22642923,0.00000095,0.00000048
0.22652924,-0.00000286,0.00000048
0.22662926,0.00000095,-0.00000334
0.22672926,0.00000095,0.00000048
0.22682927,0.00000095,-0.00000334
0.22692929,0.00000095,0.00000048
0.22702930,-0.00000286,-0.00000334
0.22712932,0.00000095,0.00000048
0.22722932,-0.00000286,0.00000048
0.22732935,-0.00001049,0.00000048
0.22742935,-0.00000286,0.00000048
0.22752937,-0.00001049,0.00000048
0.22762938,-0.00000286,-0.00000334
0.22772939,-0.00000668,0.00000048
0.22782941,-0.00000668,-0.00000334
0.22792941,-0.00000286,0.00000048
0.22802943,0.00000095,0.00000048
0.22812944,-0.00000668,0.00000048
0.22822946,-0.00000286,-0.00000334
0.22832947,-0.00000286,0.00000429
0.22842949,-0.00000286,0.00000429
0.22852950,-0.00000286,0.00000048
0.22862950,-0.00000668,-0.00000334
0.22872952,-0.00000668,0.00000048
0.22882953,-0.00000668,-0.00000334
0.22892955,-0.00001049,-0.00000334
0.22902956,-0.00000668,-0.00000715
0.22912958,-0.00000668,-0.00000334
0.22922958,-0.00000286,0.00000048
0.22932961,-0.00000286,0.00000048
0.22942961,-0.00000668,-0.00000334
0.22952962,-0.00000668,-0.00000334
0.22962964,-0.00000286,0.00000048
0.22972964,0.00000095,0.00000048
0.22982967,-0.00000286,0.00000048
0.22992967,0.00000095,-0.00000334
0.23002969,-0.00000286,0.00000048
0.23012970,0.00000095,-0.00000334
0.23022971,0.00000095,0.00000048
0.23032973,0.00000095,0.00000048
0.23042973,-0.00000668,0.00000048
0.23052975,-0.00000286,0.00000048
0.23062976,-0.00000668,0.00000048
0.23072978,-0.00001049,-0.00000334
0.23082979,-0.00001431,-0.00000334
0.23092981,-0.00001049,0.00000048
0.23102982,-0.00000286,-0.00000334
0.23112982,-0.00000286,0.00000429
0.23122984,-0.00000286,-0.00000334
0.23132985,-0.00000286,0.00000048
0.23142987,-0.00000286,0.00000429
0.23152988,-0.00000286,0.00000429
0.23162990,0.00000095,0.00000048
0.23172990,-0.00000668,0.00000048
0.23182993,-0.00000286,-0.00000334
0.23192993,0.00000095,0.00000429
0.23202994,-0.00000286,0.00000429
0.23212996,-0.00000286,-0.00000334
0.23222997,-0.00000668,0.00000048
0.23232999,-0.00000668,0.00000048
0.23242999,-0.00001431,-0.00000334
0.23253001,-0.00000286,-0.00000334
0.23263002,-0.00000286,-0.00000334
0.23273004,-0.00000286,0.00000429
0.23283005,-0.00000286,-0.00000334
0.23293005,-0.00000286,0.00000048
0.23303008,-0.00000286,0.00000048
0.23313008,-0.00000286,-0.00000334
0.23323010,0.00000095,0.00000048
0.23333011,-0.00000668,-0.00000334
0.23343013,-0.00000668,-0.00000334
0.23353014,-0.00000668,0.00000048
0.23363016,-0.00000286,-0.00000334
0.23373016,0.00000095,0.00000048
0.23383017,-0.00000286,-0.00000334
0.23393019,-0.00000286,0.00000048
0.23403020,-0.00001431,-0.00000334
0.23413022,-0.00002194,-0.00000334
0.23423022,-0.00001049,0.00000429
0.23433025,-0.00000668,0.00000429
0.23443025,-0.00000286,0.00000048
0.23453027,-0.00000286,0.00000048
0.23463028,-0.00000286,0.00000048
0.23473029,0.00000095,0.00000048
0.23483031,-0.00000286,-0.00000334
0.23493031,0.00000477,0.00000048
0.23503033,-0.00000286,0.00000048
0.23513034,-0.00000668,-0.00000334
0.23523036,0.00000095,0.00000048
0.23533037,0.00000477,0.00000048
0.23543037,-0.00000286,0.00000048
0.23553040,0.00000095,0.00000048
0.23563040,-0.00001049,0.00000429
0.23573042,0.00000095,0.00000048
0.23583043,-0.00000668,0.00000048
0.23593045,-0.00000286,-0.00000334
0.23603046,0.00000095,-0.00000334
0.23613048,0.00000095,0.00000048
0.23623048,0.00000095,0.00000048
0.23633049,-0.00000286,0.00000048
0.23643051,-0.00000286,0.00000048
0.23653052,0.00000095,0.00000048
0.23663054,-0.00000286,0.00000048
0.23673055,-0.00000286,-0.00000334
0.23683057,-0.00000286,0.00000048
0.23693057,-0.00000668,-0.00000334
0.23703059,-0.00000286,-0.00000334
0.23713060,-0.00000286,0.00000429
0.23723061,0.00000095,0.00000048
0.23733063,-0.00001049,-0.00000334
0.23743063,-0.00000668,0.00000048
0.23753065,-0.00001049,0.00000048
0.23763066,-0.00000286,0.00000048
0.23773068,0.00000095,0.00000048
0.23783069,-0.00000286,0.00000048
0.23793071,0.00000095,-0.00000334
0.23803072,-0.00000286,-0.00000334
0.23813072,0.00000095,-0.00000334
0.23823074,0.00000095,0.00000048
0.23833075,0.00000095,0.00000048
0.23843077,0.00000095,0.00000429
0.23853078,0.00000095,0.00000048
0.23863080,0.00000095,0.00000048
0.23873080,-0.00000668,-0.00000334
0.23883083,0.00000095,-0.00000715
0.23893083,-0.00000668,-0.00000715
0.23903084,-0.00000286,0.00000048
0.23913086,-0.00000286,0.00000048
0.23923087,0.00000095,0.00000048
0.23933089,-0.00000286,-0.00000334
0.23943089,0.00000477,0.00000048
0.23953091,-0.00000286,0.00000048
0.23963092,-0.00000286,-0.00000334
0.23973094,0.00000095,0.00000048
0.23983095,0.00000095,0.00000048
0.23993095,0.00000095,-0.00000334
0.24003098,0.00000095,0.00000048
0.24013098,0.00000095,0.00000429
0.24023100,0.00000477,0.00000048
0.24033101,0.00000095,0.00000048
0.24043103,0.00000095,0.00000048
0.24053104,0.00000477,0.00000048
0.24063104,0.00000095,0.00000429
0.24073106,-0.00000286,0.00000048
0.24083107,-0.00001431,0.00000048
0.24093109,-0.00000286,0.00000048
0.24103110,0.00000095,-0.00000334
0.24113112,0.00000095,0.00000048
0.24123112,0.00000477,0.00000048
0.24133115,-0.00000286,-0.00000334
0.24143115,0.00000095,0.00000048
0.24153116,0.00000095,0.00000048
0.24163118,0.00000477,0.00000048
0.24173119,0.00000477,0.00000048
0.24183121,-0.00000286,-0.00000334
0.24193121,-0.00000286,0.00000048
0.24203123,-0.00000286,0.00000429
0.24213124,0.00000477,0.00000048
0.24223126,-0.00000668,0.00000048
0.24233127,-0.00000668,0.00000048
0.24243127,-0.00001431,-0.00000334
0.24253130,-0.00001049,0.00000048
0.24263130,0.00000095,0.00000048
0.24273132,-0.00000286,0.00000429
0.24283133,0.00000477,0.00000048
0.24293135,-0.00000286,-0.00000334
0.24303136,0.00000095,-0.00000334
0.24313138,-0.00000286,0.00000811
0.24323138,0.00000095,0.00000048
0.24333139,0.00000477,-0.00000334
0.24343141,0.00000477,0.00000048
0.24353142,-0.00000286,0.00000048
0.24363144,0.00000477,-0.00000334
0.24373145,0.00000095,0.00000429
0.24383147,0.00000095,-0.00000334
0.24393147,0.00000095,0.00000048
0.24403149,-0.00000668,0.00000429
0.24413150,-0.00001812,0.00000048
0.24423151,0.00000095,-0.00000334
0.24433153,0.00000095,0.00000048
0.24443153,-0.00000286,0.00000048
0.24453156,0.00000477,0.00000048
0.24463156,0.00000095,0.00000048
0.24473158,0.00000095,0.00000048
0.24483159,0.00000095,0.00000048
0.24493161,-0.00000668,0.00000429
0.24503162,0.00000095,0.00000048
0.24513162,-0.00000286,0.00000429
0.24523164,0.00000477,0.00000048
0.24533165,0.00000095,0.00000811
0.24543167,-0.00000286,-0.00000334
0.24553168,-0.00000286,-0.00000334
0.24563170,-0.00000286,0.00000048
0.24573170,-0.00000668,0.00000429
0.24583171,-0.00000286,0.00000048
0.24593173,0.00000095,0.00000048
0.24603174,-0.00000286,-0.00000334
0.24613176,0.00000095,-0.00000334
0.24623177,-0.00000286,0.00000429
0.24633179,0.00000095,0.00000048
0.24643179,0.00000095,-0.00000334
0.24653181,0.00000477,0.00000048
0.24663182,-0.00000286,0.00000048
0.24673183,-0.00000286,-0.00000334
0.24683185,0.00000095,0.00000048
0.24693185,-0.00000286,-0.00000334
0.24703188,0.00000095,0.00000048
0.24713188,-0.00000286,0.00000048
0.24723190,0.00000095,0.00000048
0.24733191,-0.00001431,-0.00000334
0.24743193,-0.00000286,-0.00000334
0.24753194,-0.00001049,0.00000048
0.24763194,-0.00000668,-0.00000334
0.24773196,0.00000095,0.00000429
0.24783197,-0.00000668,0.00000048
0.24793199,-0.00000286,0.00000048
0.24803200,-0.00000286,-0.00000334
0.24813202,-0.00000286,0.00000048
0.24823203,-0.00000286,-0.00000334
0.24833205,0.00000095,0.00000429
0.24843205,0.00000095,-0.00000334
0.24853206,-0.00000286,-0.00000334
0.24863208,-0.00000286,-0.00000715
0.24873209,-0.00000286,0.00000048
0.24883211,-0.00000286,0.00000048
0.24893211,-0.00001049,-0.00000334
0.24903214,-0.00000286,-0.00000334
0.24913214,-0.00000668,0.00000048
0.24923216,-0.00000286,-0.00000334
0.24933217,-0.00000286,-0.00000334
0.24943217,-0.00000286,-0.00000334
0.24953220,0.00000095,0.00000048
0.24963220,-0.00000286,0.00000048
0.24973222,0.00000477,-0.00000334
0.24983223,0.00000095,-0.00000334
0.24993225,-0.00000668,0.00000048
0.25003226,-0.00000286,-0.00000334
0.25013228,0.00000095,-0.00000334
0.25023228,-0.00000286,0.00000048
0.25033229,-0.00000286,0.00000048
0.25043231,-0.00000286,0.00000048
0.25053232,-0.00000668,-0.00000334
0.25063234,-0.00000286,0.00000048
0.25073235,-0.00001049,0.00000048
0.25083237,-0.00001049,-0.00000334
0.25093237,-0.00000286,-0.00000334
0.25103238,0.00000095,-0.00000334
0.25113240,-0.00000286,-0.00000334
0.25123241,-0.00000286,0.00000048
0.25133243,-0.00000286,0.00000048
0.25143243,-0.00000286,0.00000048
0.25153246,-0.00000286,0.00000048
0.25163246,0.00000095,0.00000048
0.25173248,-0.00000286,0.00000048
0.25183249,-0.00000668,-0.00000334
0.25193250,0.00000095,0.00000048
0.25203252,-0.00000286,-0.00000334
0.25213252,0.00000095,-0.00000334
0.25223254,0.00000095,-0.00000334
0.25233255,-0.00000668,0.00000048
0.25243257,-0.00001049,0.00000048
0.25253258,-0.00000286,-0.00000334
0.25263260,0.00000095,-0.00000334
0.25273260,-0.00000286,-0.00000334
0.25283261,0.00000095,-0.00000334
0.25293263,0.00000095,-0.00000334
0.25303264,-0.00000286,0.00000048
0.25313266,0.00000095,0.00000048
0.25323267,-0.00000668,0.00000048
0.25333269,-0.00000286,0.00000048
0.25343269,-0.00000286,-0.00000334
0.25353271,0.00000095,-0.00000334
0.25363272,0.00000095,-0.00000334
0.25373273,-0.00000286,-0.00000334
0.25383275,-0.00000286,-0.00000334
0.25393275,-0.00000286,0.00000048
0.25403278,-0.00001049,-0.00000334
0.25413278,-0.00001431,0.00000048
0.25423280,-0.00000668,-0.00000334
0.25433281,-0.00000668,-0.00000334
0.25443283,0.00000095,-0.00000334
0.25453284,-0.00000286,0.00000048
0.25463284,-0.00000286,0.00000048
0.25473286,-0.00000668,0.00000048
0.25483287,-0.00000668,0.00000048
0.25493289,-0.00000286,0.00000048
0.25503290,-0.00000286,-0.00000334
0.25513292,0.00000095,0.00000048
0.25523293,-0.00000286,-0.00000715
0.25533295,-0.00000286,0.00000048
0.25543295,-0.00000286,-0.00000334
0.25553296,-0.00000286,0.00000048
0.25563298,-0.00001431,-0.00000715
0.25573299,-0.00000286,0.00000048
0.25583301,-0.00001049,0.00000048
0.25593301,0.00000095,-0.00000334
0.25603302,-0.00000668,-0.00000334
0.25613306,0.00000095,-0.00000334
0.25623306,-0.00000286,0.00000048
0.25633307,-0.00000668,0.00000048
0.25643307,-0.00000286,-0.00000715
0.25653308,0.00000095,-0.00000334
0.25663312,0.00000095,0.00000048
0.25673312,-0.00000286,0.00000048
0.25683313,0.00000477,-0.00000334
0.25693314,-0.00000286,0.00000048
0.25703317,-0.00000286,0.00000048
0.25713318,0.00000095,0.00000048
0.25723318,-0.00000668,0.00000429
0.25733319,-0.00000668,0.00000048
0.25743320,-0.00000668,-0.00000334
0.25753323,-0.00001049,-0.00000715
0.25763324,-0.00000286,0.00000429
0.25773325,-0.00000286,0.00000048
0.25783325,-0.00000286,0.00000048
0.25793329,-0.00000286,0.00000429
0.25803329,-0.00000286,0.00000048
0.25813330,0.00000095,-0.00000334
0.25823331,0.00000095,0.00000048
0.25833331,0.00000095,0.00000048
0.25843335,0.00000095,0.00000048
0.25853336,0.00000477,0.00000048
0.25863336,0.00000095,-0.00000334
0.25873337,0.00000095,0.00000048
0.25883337,-0.00000286,-0.00000334
0.25893341,-0.00000286,-0.00000334
0.25903342,-0.00000286,-0.00000334
0.25913342,0.00000095,0.00000048
0.25923343,0.00000095,-0.00000334
0.25933347,0.00000477,-0.00000334
0.25943347,-0.00000286,-0.00000334
0.25953348,0.00000095,0.00000429
0.25963348,0.00000095,0.00000048
0.25973349,0.00000095,0.00000048
0.25983353,0.00000095,-0.00000334
0.25993353,0.00000095,0.00000048
0.26003354,0.00000095,0.00000048
0.26013354,0.00000095,-0.00000334
0.26023358,0.00000095,-0.00000334
0.26033359,0.00000095,0.00000048
0.26043359,0.00000095,-0.00000334
0.26053360,0.00000095,-0.00000334
0.26063361,0.00000095,0.00000048
0.26073364,-0.00000286,0.00000048
0.26083365,-0.00001431,0.00000048
0.26093365,-0.00000286,0.00000048
0.26103366,0.00000095,-0.00000334
0.26113370,0.00000095,0.00000048
0.26123370,-0.00000286,0.00000048
0.26133371,-0.00000286,0.00000048
0.26143372,0.00000095,0.00000048
0.26153372,0.00000095,-0.00000334
0.26163376,0.00000477,0.00000048
0.26173376,0.00000477,0.00000048
0.26183377,0.00000477,-0.00000334
0.26193378,0.00000477,0.00000429
0.26203381,0.00000477,-0.00000334
0.26213382,0.00000095,-0.00000334
0.26223383,-0.00000668,0.00000048
0.26233383,0.00000095,-0.00000334
0.26243384,-0.00001049,0.00000048
0.26253387,-0.00000668,-0.00000334
0.26263388,0.00000477,-0.00000334
0.26273389,0.00000477,-0.00000334
0.26283389,0.00000095,0.00000429
0.26293393,0.00000095,0.00000048
0.26303394,0.00000477,0.00000048
0.26313394,0.00000095,0.00000048
0.26323395,-0.00000286,0.00000429
0.26333395,0.00000095,0.00000048
0.26343399,-0.00000286,-0.00000334
0.26353400,0.00000477,-0.00000334
0.26363400,0.00000095,0.00000048
0.26373401,0.00000095,-0.00000334
0.26383405,0.00000095,-0.00000334
0.26393405,0.00000095,0.00000048
0.26403406,-0.00000286,-0.00000334
0.26413406,-0.00001431,0.00000048
0.26423407,-0.00000286,-0.00000334
0.26433411,-0.00000286,0.00000048
0.26443411,0.00000095,-0.00000334
0.26453412,0.00000095,-0.00000334
0.26463412,0.00000477,-0.00000334
0.26473416,-0.00000286,-0.00000334
0.26483417,-0.00000286,0.00000048
0.26493417,0.00000477,0.00000429
0.26503418,0.00000095,0.00000429
0.26513419,-0.00000286,-0.00000334
0.26523422,0.00000477,-0.00000715
0.26533423,-0.00000286,-0.00000334
0.26543423,0.00000095,0.00000048
0.26553424,-0.00000286,0.00000048
0.26563428,-0.00001049,-0.00000334
0.26573428,-0.00000286,-0.00000334
0.26583429,-0.00000668,0.00000048
0.26593430,-0.00000286,0.00000048
0.26603430,-0.00000286,0.00000429
0.26613434,0.00000095,0.00000048
0.26623434,0.00000095,0.00000429
0.26633435,-0.00000286,-0.00000334
0.26643436,-0.00000286,0.00000048
0.26653439,-0.00000286,0.00000048
0.26663440,0.00000095,0.00000048
0.26673441,-0.00000286,0.00000048
0.26683441,-0.00000286,-0.00000334
0.26693442,-0.00000286,0.00000048
0.26703445,-0.00000286,0.00000048
0.26713446,0.00000095,0.00000048
0.26723447,0.00000095,-0.00000334
0.26733447,-0.00001049,0.00000429
0.26743451,-0.00000286,-0.00000334
0.26753452,-0.00001049,-0.00000334
0.26763452,0.00000095,0.00000048
0.26773453,-0.00000286,0.00000048
0.26783453,0.00000095,0.00000048
0.26793457,-0.00000668,-0.00000334
0.26803458,0.00000095,-0.00000334
0.26813458,-0.00000286,0.00000048
0.26823459,-0.00000286,-0.00000334
0.26833459,-0.00000286,0.00000048
0.26843463,0.00000095,0.00000048
0.26853464,-0.00000286,0.00000048
0.26863464,0.00000095,0.00000048
0.26873465,-0.00000286,-0.00000334
0.26883469,0.00000095,0.00000048
0.26893469,-0.00001049,0.00000048
0.26903470,-0.00000668,0.00000048
0.26913470,-0.00001049,-0.00000334
0.26923471,-0.00000668,0.00000048
0.26933475,-0.00000668,0.00000048
0.26943475,-0.00000668,0.00000048
0.26953476,-0.00000668,-0.00000334
0.26963477,-0.00000668,0.00000048
0.26973480,-0.00000286,-0.00000334
0.26983481,-0.00000286,0.00000048
0.26993481,0.00000095,0.00000048
0.27003482,0.00000095,0.00000048
0.27013483,0.00000095,0.00000429
0.27023486,0.00000095,0.00000048
0.27033487,0.00000095,0.00000048
0.27043488,-0.00000286,0.00000048
0.27053488,-0.00000286,0.00000048
0.27063492,-0.00000668,0.00000048
0.27073492,-0.00001049,-0.00000334
0.27083493,-0.00001431,0.00000048
0.27093494,-0.00000668,-0.00000334
0.27103494,-0.00000286,0.00000048
0.27113498,-0.00000286,0.00000048
0.27123499,-0.00000286,-0.00000334
0.27133499,-0.00000286,-0.00000334
0.27143500,-0.00000286,0.00000048
0.27153503,-0.00000286,0.00000048
0.27163504,-0.00000286,0.00000048
0.27173505,-0.00000286,-0.00000334
0.27183505,-0.00000668,0.00000048
0.27193506,-0.00000286,0.00000429
0.27203510,-0.00000668,0.00000048
0.27213510,-0.00000286,-0.00000334
0.27223511,-0.00000286,0.00000048
0.27233511,-0.00000286,0.00000048
0.27243515,-0.00001431,-0.00000334
0.27253516,0.00000095,0.00000048
0.27263516,-0.00000286,0.00000048
0.27273517,-0.00000286,-0.00000334
0.27283517,-0.00000286,-0.00000715
0.27293521,-0.00000286,0.00000048
0.27303522,-0.00000286,0.00000048
0.27313522,-0.00000286,0.00000048
0.27323523,-0.00000286,-0.00000334
0.27333527,-0.00000286,0.00000048
0.27343527,-0.00000286,0.00000048
0.27353528,-0.00000286,0.00000048
0.27363528,-0.00000286,0.00000048
0.27373529,-0.00000286,0.00000048
0.27383533,-0.00000286,0.00000048
0.27393533,-0.00001049,-0.00000334
0.27403534,-0.00001431,-0.00000334
0.27413535,-0.00002194,-0.00000334
0.27423538,-0.00001049,0.00000048
0.27433539,-0.00000286,0.00000048
0.27443539,-0.00000286,0.00000048
0.27453540,-0.00000286,-0.00000334
0.27463541,-0.00000286,-0.00000334
0.27473544,-0.00000668,-0.00000334
0.27483545,-0.00000286,-0.00000334
0.27493546,-0.00000668,-0.00000334
0.27503546,-0.00000286,0.00000429
0.27513550,0.00000095,-0.00000334
0.27523550,0.00000095,0.00000048
0.27533551,-0.00000286,0.00000048
0.27543552,0.00000095,0.00000048
0.27553552,-0.00000286,-0.00000334
0.27563556,-0.00001049,-0.00000334
0.27573557,-0.00000668,-0.00000334
0.27583557,-0.00000668,-0.00000334
0.27593558,-0.00000286,-0.00000715
0.27603561,0.00000095,0.00000048
0.27613562,0.00000095,0.00000048
0.27623563,-0.00000286,-0.00000334
0.27633563,-0.00000286,0.00000048
0.27643564,0.00000095,0.00000048
0.27653568,-0.00000286,0.00000048
0.27663568,0.00000095,0.00000048
0.27673569,0.00000095,0.00000048
0.27683569,-0.00000286,-0.00000334
0.27693573,0.00000095,0.00000429
0.27703574,0.00000095,0.00000048
0.27713574,0.00000095,-0.00000334
0.27723575,-0.00000286,-0.00000334
0.27733575,-0.00001049,0.00000429
0.27743579,-0.00000668,0.00000048
0.27753580,-0.00000668,0.00000048
0.27763580,-0.00000286,-0.00000334
0.27773581,0.00000477,-0.00000334
0.27783585,0.00000095,0.00000048
0.27793585,-0.00000286,0.00000048
0.27803586,0.00000095,0.00000048
0.27813586,0.00000095,-0.00000334
0.27823587,-0.00000668,0.00000048
0.27833591,-0.00000286,0.00000048
0.27843591,0.00000095,-0.00000334
0.27853592,0.00000477,0.00000429
0.27863593,0.00000477,0.00000048
0.27873593,-0.00000286,-0.00000334
0.27883597,0.00000095,-0.00000334
0.27893597,-0.00001049,0.00000048
0.27903598,0.00000095,0.00000048
0.27913599,-0.00000286,0.00000048
0.27923602,0.00000477,-0.00000334
0.27933603,0.00000095,0.00000048
0.27943604,-0.00000286,-0.00000334
0.27953604,0.00000095,0.00000048
0.27963605,0.00000477,0.00000048
0.27973608,0.00000477,-0.00000334
0.27983609,-0.00000286,0.00000048
0.27993610,0.00000477,-0.00000334
0.28003610,0.00000477,-0.00000334
0.28013614,0.00000477,-0.00000334
0.28023615,0.00000095,0.00000048
0.28033615,0.00000095,-0.00000334
0.28043616,0.00000477,0.00000048
0.28053616,0.00000477,0.00000429
0.28063620,0.00000095,-0.00000334
0.28073621,-0.00001049,0.00000048
0.28083621,-0.00001812,-0.00000334
0.28093622,-0.00000668,0.00000429
0.28103625,-0.00000286,0.00000048
0.28113626,0.00000095,0.00000429
0.28123627,0.00000095,-0.00000334
0.28133627,0.00000095,0.00000048
0.28143628,0.00000477,-0.00000334
0.28153632,0.00000477,0.00000048
0.28163632,0.00000095,0.00000048
0.28173633,0.00000477,-0.00000334
0.28183633,0.00000095,-0.00000715
0.28193637,0.00000095,-0.00000334
0.28203638,0.00000095,0.00000048
0.28213638,0.00000477,-0.00000334
0.28223639,-0.00001049,-0.00000334
0.28233640,-0.00000286,-0.00000334
0.28243643,-0.00001049,-0.00000334
0.28253644,-0.00000668,0.00000048
0.28263644,-0.00000286,0.00000048
0.28273645,0.00000095,-0.00000334
0.28283649,0.00000095,-0.00000334
0.28293649,0.00000477,-0.00000334
0.28303650,0.00000095,0.00000048
0.28313651,-0.00000286,-0.00000334
0.28323651,0.00000095,0.00000048
0.28333655,0.00000477,-0.00000715
0.28343655,0.00000095,-0.00000334
0.28353656,-0.00000286,-0.00000334
0.28363657,0.00000095,-0.00000334
0.28373660,0.00000477,0.00000048
0.28383661,-0.00000286,0.00000048
0.28393661,0.00000095,0.00000048
0.28403662,0.00000095,0.00000429
0.28413663,-0.00001812,0.00000048
0.28423666,-0.00000286,-0.00000334
0.28433667,0.00000095,0.00000048
0.28443668,-0.00000286,0.00000048
0.28453668,-0.00000286,-0.00000334
0.28463672,0.00000095,-0.00000334
0.28473672,-0.00000286,0.00000429
0.28483673,0.00000095,0.00000048
0.28493674,0.00000095,0.00000048
0.28503674,-0.00000286,0.00000048
0.28513678,-0.00000286,-0.00000334
0.28523679,0.00000095,-0.00000334
0.28533679,-0.00000286,0.00000048
0.28543680,0.00000095,-0.00000715
0.28553683,0.00000477,0.00000048
0.28563684,-0.00001049,-0.00000334
0.28573685,-0.00000668,0.00000048
0.28583685,-0.00000286,0.00000048
0.28593686,0.00000095,0.00000429
0.28603690,0.00000095,0.00000048
0.28613690,-0.00000286,-0.00000334
0.28623691,0.00000477,-0.00000334
0.28633691,0.00000095,0.00000048
0.28643695,0.00000477,-0.00000334
0.28653696,-0.00000286,-0.00000334
0.28663696,0.00000095,-0.00000334
0.28673697,0.00000095,-0.00000334
0.28683698,-0.00000286,-0.00000334
0.28693701,-0.00000286,0.00000048
0.28703702,0.00000095,0.00000048
0.28713702,-0.00000286,-0.00000334
0.28723703,0.00000095,0.00000048
0.28733707,-0.00000668,-0.00000334
0.28743707,0.00000095,0.00000048
0.28753708,-0.00001049,0.00000048
0.28763708,-0.00000286,0.00000048
0.28773709,0.00000095,-0.00000334
0.28783713,-0.00000286,-0.00000334
0.28793713,0.00000095,0.00000048
0.28803714,0.00000095,0.00000048
0.28813715,0.00000095,-0.00000334
0.28823718,-0.00000286,-0.00000334
0.28833719,-0.00000286,0.00000048
0.28843719,0.00000095,0.00000429
0.28853720,0.00000095,0.00000429
0.28863721,0.00000095,0.00000048
0.28873724,0.00000095,0.00000048
0.28883725,-0.00000286,-0.00000715
0.28893726,-0.00001049,-0.00000334
0.28903726,-0.00000286,0.00000048
0.28913727,-0.00000286,0.00000048
0.28923730,-0.00000286,0.00000048
0.28933731,0.00000095,0.00000048
0.28943732,0.00000095,-0.00000334
0.28953732,-0.00000286,0.00000048
0.28963736,0.00000095,-0.00000334
0.28973737,-0.00000286,0.00000048
0.28983737,-0.00000286,0.00000429
0.28993738,0.00000095,-0.00000334
0.29003738,0.00000095,0.00000048
0.29013742,0.00000095,0.00000048
0.29023743,-0.00000286,-0.00000334
0.29033743,-0.00000286,0.00000048
0.29043744,-0.00000286,0.00000048
0.29053748,-0.00000286,0.00000048
0.29063748,-0.00000668,0.00000048
0.29073749,-0.00000668,-0.00000715
0.29083749,-0.00001431,0.00000048
0.29093750,-0.00000668,-0.00000334
0.29103754,-0.00000668,0.00000048
0.29113754,-0.00000668,-0.00000334
0.29123755,-0.00000286,0.00000048
0.29133755,-0.00000286,-0.00000334
0.29143759,0.00000095,0.00000048
0.29153760,-0.00000286,0.00000048
0.29163760,0.00000095,0.00000048
0.29173761,-0.00000286,0.00000048
0.29183762,-0.00000286,0.00000048
0.29193765,-0.00000286,-0.00000334
0.29203766,0.00000095,-0.00000334
0.29213766,-0.00000286,0.00000429
0.29223767,-0.00000668,0.00000048
0.29233771,-0.00000668,0.00000048
0.29243771,-0.00001431,0.00000048
0.29253772,-0.00000668,0.00000429
0.29263773,-0.00000668,0.00000048
0.29273773,-0.00000286,-0.00000334
0.29283777,-0.00000286,-0.00000334
0.29293777,-0.00000286,-0.00000334
0.29303778,-0.00000286,-0.00000334
0.29313779,-0.00000668,0.00000048
0.29323782,0.00000095,-0.00000334
0.29333783,-0.00000286,0.00000048
0.29343784,-0.00000286,0.00000429
0.29353784,0.00000095,0.00000048
0.29363785,-0.00000668,0.00000048
0.29373788,0.00000095,0.00000429
0.29383789,-0.00000286,-0.00000334
0.29393790,-0.00000286,0.00000048
0.29403790,-0.00001049,0.00000048
0.29413794,-0.00002194,0.00000048
0.29423795,-0.00001049,0.00000048
0.29433795,-0.00000286,0.00000048
0.29443796,-0.00000286,-0.00000334
0.29453796,0.00000095,0.00000429
0.29463800,0.00000095,-0.00000334
0.29473801,-0.00000286,-0.00000334
0.29483801,0.00000095,0.00000048
0.29493802,-0.00000286,0.00000429
0.29503806,-0.00000668,0.00000048
0.29513806,-0.00000286,0.00000429
0.29523807,0.00000095,0.00000048
0.29533807,-0.00000286,0.00000048
0.29543808,-0.00000286,0.00000429
0.29553812,-0.00000286,0.00000429
0.29563812,-0.00001431,0.00000048
0.29573813,-0.00000668,-0.00000334
0.29583813,-0.00000668,-0.00000715
0.29593817,-0.00000668,0.00000048
0.29603818,-0.00000286,0.00000429
0.29613818,0.00000095,0.00000048
0.29623819,-0.00000286,-0.00000334
0.29633820,-0.00000286,0.00000048
0.29643823,-0.00000286,0.00000048
0.29653824,-0.00000286,-0.00000334
0.29663824,0.00000095,-0.00000715
0.29673825,-0.00000286,0.00000429
0.29683829,-0.00000286,0.00000048
0.29693829,-0.00000286,0.00000048
0.29703830,-0.00000286,0.00000048
0.29713831,0.00000095,0.00000048
0.29723831,0.00000095,0.00000048
0.29733835,-0.00001049,0.00000048
0.29743835,-0.00000286,0.00000048
0.29753836,-0.00000668,0.00000048
0.29763837,-0.00000286,0.00000048
0.29773840,-0.00000668,-0.00000334
0.29783841,-0.00000286,0.00000048
0.29793842,0.00000095,0.00000048
0.29803842,0.00000095,0.00000048
0.29813843,-0.00000286,0.00000048
0.29823846,0.00000095,0.00000048
0.29833847,0.00000095,-0.00000334
0.29843848,0.00000095,0.00000048
0.29853848,-0.00000286,0.00000048
0.29863852,0.00000095,0.00000429
0.29873853,0.00000477,0.00000048
0.29883853,-0.00000286,-0.00000715
0.29893854,-0.00001049,0.00000048
0.29903854,0.00000095,0.00000048
0.29913858,-0.00000668,-0.00000334
0.29923859,0.00000095,0.00000048
0.29933859,-0.00000286,0.00000048
0.29943860,0.00000095,0.00000048
0.29953860,0.00000095,0.00000048
0.29963864,-0.00000286,-0.00000334
0.29973865,0.00000477,0.00000048
0.29983865,0.00000095,-0.00000334
0.29993866,0.00000095,-0.00000334
0.30003870,0.00000095,-0.00000334
0.30013870,-0.00000286,-0.00000334
0.30023871,0.00000095,-0.00000334
0.30033871,0.00000095,0.00000048
0.30043872,-0.00000286,0.00000048
0.30053876,0.00000095,0.00000048
0.30063876,0.00000477,0.00000048
0.30073877,0.00000095,-0.00000334
0.30083878,-0.00001812,0.00000048
0.30093881,-0.00000668,-0.00000334
0.30103882,0.00000477,-0.00000334
0.30113882,-0.00000286,0.00000048
0.30123883,0.00000095,-0.00000334
0.30133884,0.00000095,-0.00000334
0.30143887,0.00000477,0.00000048
0.30153888,0.00000095,0.00000048
0.30163889,-0.00000286,0.00000048
0.30173889,0.00000477,0.00000048
0.30183893,-0.00000286,-0.00000334
0.30193893,0.00000095,0.00000429
0.30203894,-0.00000286,0.00000048
0.30213895,0.00000095,0.00000048
0.30223895,-0.00000668,-0.00000334
0.30233899,-0.00000286,-0.00000334
0.30243900,-0.00001049,-0.00000334
0.30253900,-0.00000668,0.00000048
0.30263901,0.00000095,0.00000048
0.30273904,-0.00000286,0.00000048
0.30283905,-0.00000286,0.00000048
0.30293906,-0.00000286,-0.00000334
0.30303906,0.00000095,-0.00000334
0.30313907,0.00000477,-0.00000334
0.30323911,-0.00000286,0.00000048
0.30333911,-0.00000286,0.00000048
0.30343912,0.00000095,0.00000429
0.30353912,0.00000095,0.00000048
0.30363916,0.00000095,-0.00000334
0.30373917,0.00000095,-0.00000334
0.30383917,0.00000095,0.00000048
0.30393918,0.00000095,-0.00000334
0.30403918,-0.00000286,-0.00000334
0.30413922,-0.00001049,-0.00000334
0.30423923,-0.00000668,0.00000048
0.30433923,-0.00000286,-0.00000334
0.30443924,0.00000095,0.00000048
0.30453928,0.00000477,0.00000048
0.30463928,0.00000095,0.00000048
0.30473929,-0.00000286,0.00000048
0.30483929,0.00000477,-0.00000334
0.30493930,0.00000477,0.00000048
0.30503934,-0.00000286,0.00000048
0.30513934,0.00000095,0.00000429
0.30523935,-0.00000286,-0.00000334
0.30533936,0.00000095,0.00000429
0.30543939,-0.00000668,0.00000048
0.30553940,-0.00000286,0.00000048
0.30563940,-0.00001049,-0.00000334
0.30573941,-0.00000286,-0.00000334
0.30583942,-0.00000668,-0.00000334
0.30593945,-0.00000286,0.00000048
0.30603946,0.00000095,-0.00000334
0.30613947,-0.00000286,-0.00000334
0.30623947,0.00000095,-0.00000334
0.30633951,0.00000095,-0.00000334
0.30643951,0.00000477,-0.00000334
0.30653952,0.00000095,-0.00000334
0.30663953,-0.00000286,-0.00000334
0.30673953,0.00000095,-0.00000334
0.30683957,0.00000095,-0.00000715
0.30693958,0.00000095,-0.00000334
0.30703958,0.00000095,0.00000048
0.30713959,-0.00000286,-0.00000334
0.30723962,0.00000095,-0.00000334
0.30733963,-0.00001049,0.00000048
0.30743964,-0.00000286,-0.00000334
0.30753964,-0.00000668,0.00000048
0.30763965,-0.00000286,0.00000048
0.30773969,-0.00000668,0.00000048
0.30783969,-0.00000286,0.00000048
0.30793970,-0.00000286,-0.00000334
0.30803970,0.00000095,-0.00000334
0.30813974,-0.00000286,0.00000048
0.30823975,-0.00000286,-0.00000334
0.30833975,0.00000095,0.00000048
0.30843976,-0.00000286,-0.00000334
0.30853976,0.00000095,-0.00000334
0.30863980,-0.00000286,-0.00000334
0.30873981,-0.00000668,-0.00000334
0.30883981,-0.00000286,0.00000429
0.30893982,-0.00001431,-0.00000334
0.30903983,-0.00000286,0.00000048
0.30913986,-0.00001049,-0.00000715
0.30923987,-0.00000286,0.00000048
0.30933987,0.00000095,-0.00000334
0.30943988,-0.00000286,0.00000048
0.30953992,-0.00000286,0.00000048
0.30963992,0.00000095,0.00000048
0.30973993,0.00000095,0.00000048
0.30983994,-0.00000668,-0.00000334
0.30993994,-0.00000668,-0.00000334
0.31003998,-0.00000668,0.00000048
0.31013998,-0.00000668,-0.00000715
0.31023999,0.00000477,0.00000048
0.31034000,-0.00000668,-0.00000334
0.31044003,0.00000095,-0.00000334
0.31054004,-0.00000286,0.00000048
0.31064005,-0.00000668,0.00000048
0.31074005,-0.00000668,-0.00000334
0.31084006,-0.00001049,-0.00000334
0.31094009,-0.00000668,-0.00000334
0.31104010,-0.00000286,-0.00000334
0.31114011,0.00000095,0.00000048
0.31124011,-0.00000286,0.00000048
0.31134015,-0.00000286,-0.00000334
0.31144016,-0.00000286,-0.00000334
0.31154016,-0.00000286,0.00000048
0.31164017,0.00000095,-0.00000334
0.31174017,-0.00000286,-0.00000334
0.31184021,-0.00000286,-0.00000334
0.31194022,-0.00000286,0.00000048
0.31204022,-0.00000286,-0.00000334
0.31214023,-0.00000286,-0.00000334
0.31224026,-0.00000286,-0.00000334
0.31234027,-0.00000668,-0.00000334
0.31244028,-0.00001049,-0.00000334
0.31254028,-0.00000668,-0.00000334
0.31264029,-0.00000286,-0.00000334
0.31274033,-0.00000668,-0.00000334
0.31284033,-0.00000286,0.00000429
0.31294034,-0.00000286,0.00000429
0.31304034,0.00000095,-0.00000334
0.31314038,-0.00000286,0.00000048
0.31324039,-0.00000286,-0.00000334
0.31334039,-0.00000286,-0.00000334
0.31344040,-0.00000668,-0.00000334
0.31354041,-0.00000286,-0.00000334
0.31364044,0.00000095,0.00000429
0.31374045,-0.00000286,-0.00000334
0.31384045,-0.00000286,-0.00000334
0.31394046,-0.00000286,0.00000048
0.31404050,-0.00000668,0.00000429
0.31414050,-0.00001431,0.00000048
0.31424051,-0.00001049,0.00000048
0.31434052,-0.00000668,0.00000048
0.31444052,-0.00000286,-0.00000334
0.31454056,-0.00000668,-0.00000334
0.31464056,-0.00000286,0.00000048
0.31474057,-0.00000286,-0.00000334
0.31484058,-0.00000668,-0.00000334
0.31494061,-0.00000286,0.00000048
0.31504062,-0.00000286,0.00000048
0.31514063,-0.00000286,-0.00000334
0.31524063,0.00000095,0.00000048
0.31534064,-0.00000668,0.00000048
0.31544067,-0.00000668,0.00000048
0.31554068,-0.00000286,-0.00000334
0.31564069,-0.00001049,0.00000048
0.31574069,-0.00000286,0.00000048
0.31584073,-0.00001049,-0.00000334
0.31594073,0.00000095,-0.00000715
0.31604074,0.00000095,0.00000048
0.31614075,-0.00000286,0.00000048
0.31624075,-0.00000286,-0.00000334
0.31634079,-0.00000286,-0.00000334
0.31644080,0.00000095,0.00000048
0.31654080,-0.00000286,0.00000048
0.31664081,-0.00000286,0.00000048
0.31674084,-0.00000668,0.00000048
0.31684085,0.00000095,0.00000048
0.31694086,-0.00000286,-0.00000715
0.31704086,-0.00000286,0.00000048
0.31714087,-0.00000286,0.00000048
0.31724091,0.00000095,0.00000048
0.31734091,-0.00001049,0.00000048
0.31744092,-0.00000286,0.00000048
0.31754092,-0.00001049,-0.00000334
0.31764096,-0.00000286,0.00000048
0.31774097,0.00000095,-0.00000334
0.31784097,0.00000095,0.00000048
0.31794098,0.00000095,0.00000048
0.31804099,0.00000095,0.00000048
0.31814102,0.00000095,0.00000429
0.31824103,0.00000477,-0.00000334
0.31834103,0.00000095,-0.00000334
0.31844104,0.00000095,-0.00000715
0.31854108,-0.00000286,-0.00000334
0.31864108,-0.00000286,0.00000048
0.31874109,0.00000095,0.00000048
0.31884109,0.00000095,0.00000048
0.31894110,-0.00000668,0.00000048
0.31904114,-0.00000286,-0.00000334
0.31914114,-0.00000286,-0.00000715
0.31924115,0.00000095,0.00000429
0.31934116,0.00000095,0.00000048
0.31944116,-0.00000286,0.00000429
0.31954120,0.00000095,-0.00000334
0.31964120,0.00000477,-0.00000334
0.31974121,0.00000095,-0.00000334
0.31984122,0.00000477,-0.00000334
0.31994125,0.00000477,-0.00000334
0.32004126,0.00000095,0.00000048
0.32014127,0.00000095,0.00000429
0.32024127,-0.00000286,0.00000048
0.32034128,0.00000095,0.00000048
0.32044131,0.00000095,0.00000048
0.32054132,0.00000095,0.00000048
0.32064133,0.00000095,-0.00000334
0.32074133,-0.00000286,-0.00000334
0.32084137,-0.00001812,-0.00000334
0.32094138,-0.00000286,0.00000048
0.32104138,0.00000095,0.00000048
0.32114139,0.00000477,0.00000048
0.32124139,0.00000095,-0.00000334
0.32134143,0.00000095,0.00000048
0.32144144,0.00000477,0.00000048
0.32154144,0.00000095,0.00000048
0.32164145,0.00000095,0.00000048
0.32174149,0.00000477,-0.00000334
0.32184149,0.00000095,0.00000048
0.32194150,-0.00000286,0.00000048
0.32204150,0.00000095,-0.00000334
0.32214151,0.00000095,-0.00000334
0.32224155,-0.00000286,0.00000048
0.32234155,-0.00000286,0.00000048
0.32244156,-0.00001431,0.00000048
0.32254156,-0.00000286,-0.00000715
0.32264160,0.00000477,-0.00000334
0.32274161,0.00000095,-0.00000334
0.32284161,-0.00000286,0.00000048
0.32294162,0.00000095,-0.00000334
0.32304163,0.00000095,0.00000048
0.32314166,0.00000095,0.00000048
0.32324167,0.00000095,-0.00000334
0.32334167,-0.00000286,0.00000048
0.32344168,0.00000095,0.00000048
0.32354172,-0.00000286,0.00000048
0.32364172,0.00000095,-0.00000334
0.32374173,-0.00000286,-0.00000334
0.32384174,0.00000095,0.00000048
0.32394174,0.00000095,-0.00000715
0.32404178,-0.00000668,-0.00000334
0.32414178,-0.00001812,0.00000429
0.32424179,-0.00000668,0.00000048
0.32434180,-0.00000286,-0.00000334
0.32444183,-0.00000286,-0.00000334
0.32454184,-0.00000286,-0.00000334
0.32464185,-0.00000286,0.00000048
0.32474185,-0.00000286,0.00000048
0.32484186,-0.00000286,-0.00000334
0.32494189,0.00000095,0.00000048
0.32504190,-0.00000286,0.00000048
0.32514191,-0.00000286,0.00000048
0.32524191,-0.00000286,0.00000429
0.32534195,0.00000095,-0.00000334
0.32544196,-0.00000286,0.00000048
0.32554196,0.00000095,0.00000429
0.32564197,-0.00001431,-0.00000334
0.32574197,-0.00000668,0.00000048
0.32584201,-0.00000286,-0.00000334
0.32594202,0.00000095,-0.00000334
0.32604202,-0.00000286,0.00000429
0.32614203,-0.00000668,0.00000429
0.32624207,-0.00000286,0.00000048
0.32634207,-0.00000286,0.00000048
0.32644208,-0.00000286,0.00000429
0.32654208,0.00000095,-0.00000334
0.32664209,-0.00000286,-0.00000334
0.32674213,-0.00000286,-0.00000334
0.32684213,0.00000095,0.00000048
0.32694214,-0.00000286,0.00000048
0.32704214,-0.00000286,0.00000048
0.32714218,-0.00000286,-0.00000334
0.32724219,0.00000095,-0.00000334
0.32734219,-0.00001431,-0.00000334
0.32744220,0.00000095,0.00000048
0.32754221,-0.00000668,0.00000048
0.32764224,-0.00000286,0.00000048
0.32774225,-0.00000286,0.00000048
0.32784225,-0.00000286,-0.00000334
0.32794226,-0.00000286,0.00000048
0.32804230,-0.00000286,0.00000048
0.32814230,-0.00000286,0.00000048
0.32824231,0.00000095,-0.00000334
0.32834232,-0.00000286,0.00000048
0.32844232,-0.00000286,-0.00000334
0.32854236,0.00000095,0.00000048
0.32864236,0.00000095,0.00000048
0.32874237,-0.00000286,0.00000048
0.32884238,0.00000095,0.00000048
0.32894241,-0.00000668,-0.00000334
0.32904242,-0.00000668,0.00000429
0.32914243,-0.00000668,-0.00000334
0.32924243,-0.00000286,0.00000048
0.32934244,0.00000095,0.00000048
0.32944247,-0.00000286,0.00000048
0.32954248,-0.00000286,0.00000048
0.32964249,0.00000095,0.00000048
0.32974249,-0.00000286,-0.00000334
0.32984250,0.00000095,0.00000048
0.32994254,-0.00000286,0.00000048
0.33004254,-0.00000286,0.00000048
0.33014255,-0.00000286,-0.00000334
0.33024255,-0.00000668,0.00000048
0.33034259,0.00000095,0.00000048
0.33044260,-0.00000668,0.00000048
0.33054260,-0.00000286,0.00000429
0.33064261,-0.00001049,-0.00000334
0.33074261,-0.00001049,-0.00000334
0.33084265,-0.00001049,0.00000048
0.33094266,-0.00000668,0.00000048
0.33104266,-0.00000286,-0.00000334
0.33114267,-0.00000286,0.00000048
0.33124271,-0.00000286,-0.00000334
0.33134271,0.00000095,0.00000048
0.33144272,0.00000095,-0.00000334
0.33154272,-0.00000668,0.00000048
0.33164273,0.00000095,-0.00000334
0.33174277,-0.00000286,0.00000048
0.33184277,-0.00000668,-0.00000334
0.33194278,-0.00000286,-0.00000334
0.33204279,-0.00000286,0.00000048
0.33214282,-0.00000286,-0.00000334
0.33224283,-0.00000286,0.00000048
0.33234283,-0.00000668,-0.00000334
0.33244284,-0.00001049,-0.00000334
0.33254285,-0.00000286,0.00000048
0.33264288,-0.00000286,-0.00000334
0.33274289,-0.00000286,-0.00000715
0.33284290,-0.00000668,-0.00000334
0.33294290,-0.00000286,0.00000429
0.33304294,-0.00000286,0.00000048
0.33314294,-0.00000286,-0.00000334
0.33324295,-0.00000668,0.00000048
0.33334296,-0.00000286,0.00000048
0.33344296,-0.00000286,0.00000048
0.33354300,-0.00000286,0.00000048
0.33364301,-0.00000286,0.00000048
0.33374301,0.00000095,0.00000048
0.33384302,-0.00000286,0.00000048
0.33394305,-0.00000286,-0.00000334
0.33404306,-0.00000668,0.00000429
0.33414307,-0.00002194,0.00000048
0.33424307,-0.00000668,0.00000048
0.33434308,-0.00000668,-0.00000334
0.33444312,-0.00000286,0.00000048
0.33454312,-0.00000286,0.00000048
0.33464313,-0.00000286,-0.00000334
0.33474313,-0.00000286,0.00000048
0.33484317,-0.00000286,-0.00000334
0.33494318,-0.00000286,0.00000048
0.33504318,-0.00000286,-0.00000334
0.33514319,-0.00000286,0.00000048
0.33524319,-0.00000286,-0.00000334
0.33534323,0.00000095,-0.00000334
0.33544324,-0.00000286,-0.00000334
0.33554324,-0.00000286,0.00000048
0.33564325,-0.00001431,0.00000048
0.33574329,-0.00000668,0.00000048
0.33584329,-0.00000668,0.00000048
0.33594330,-0.00000286,0.00000429
0.33604330,0.00000095,0.00000048
0.33614331,-0.00000286,0.00000048
0.33624335,-0.00000286,0.00000048
0.33634335,-0.00000286,0.00000048
0.33644336,-0.00000286,0.00000048
0.33654337,0.00000095,0.00000048
0.33664340,0.00000095,0.00000048
0.33674341,-0.00000286,0.00000048
0.33684341,-0.00000286,-0.00000334
0.33694342,-0.00000286,0.00000048
0.33704343,0.00000095,0.00000048
0.33714346,0.00000477,-0.00000334
0.33724347,-0.00000668,0.00000048
0.33734348,-0.00001049,-0.00000334
0.33744348,0.00000095,-0.00000334
0.33754352,-0.00000668,0.00000048
0.33764352,-0.00000286,-0.00000334
0.33774353,0.00000095,0.00000048
0.33784354,0.00000095,0.00000048
0.33794354,0.00000095,0.00000048
0.33804358,-0.00000286,-0.00000334
0.33814359,0.00000095,0.00000429
0.33824359,0.00000095,-0.00000334
0.33834360,-0.00000286,-0.00000334
0.33844363,0.00000095,0.00000048
0.33854364,0.00000095,-0.00000334
0.33864365,0.00000095,0.00000048
0.33874365,0.00000477,-0.00000334
0.33884366,0.00000095,-0.00000334
0.33894370,-0.00001049,0.00000048
0.33904370,-0.00000286,-0.00000334
0.33914371,-0.00000668,-0.00000334
0.33924371,0.00000477,0.00000429
0.33934372,-0.00000286,0.00000429
0.33944376,0.00000095,0.00000048
0.33954376,0.00000477,-0.00000334
0.33964377,0.00000477,0.00000429
0.33974377,0.00000477,-0.00000334
0.33984381,0.00000858,0.00000048
0.33994382,0.00000477,-0.00000334
0.34004382,-0.00000286,-0.00000334
0.34014383,0.00000095,0.00000048
0.34024384,0.00000095,-0.00000334
0.34034387,0.00000095,0.00000048
0.34044388,0.00000095,0.00000048
0.34054388,0.00000095,0.00000048
0.34064389,0.00000477,-0.00000334
0.34074393,0.00000095,0.00000048
0.34084393,-0.00001431,-0.00000334
0.34094394,-0.00000286,0.00000048
0.34104395,0.00000477,-0.00000334
0.34114395,-0.00000286,-0.00000334
0.34124399,0.00000095,-0.00000334
0.34134399,-0.00000286,0.00000048
0.34144400,0.00000095,0.00000048
0.34154401,0.00000095,0.00000048
0.34164404,0.00000477,0.00000429
0.34174405,0.00000095,0.00000048
0.34184406,0.00000095,-0.00000334
0.34194406,0.00000477,0.00000048
0.34204407,-0.00000286,0.00000048
0.34214410,0.00000095,0.00000048
0.34224411,-0.00000668,-0.00000334
0.34234412,-0.00000286,0.00000048
0.34244412,-0.00000668,0.00000429
0.34254416,0.00000095,0.00000048
0.34264417,0.00000095,0.00000429
0.34274417,0.00000095,0.00000048
0.34284418,0.00000095,0.00000429
0.34294418,0.00000095,0.00000048
0.34304422,0.00000095,0.00000048
0.34314423,0.00000477,0.00000048
0.34324423,-0.00000286,0.00000048
0.34334424,-0.00000286,0.00000048
0.34344427,0.00000095,0.00000048
0.34354428,-0.00000286,0.00000048
0.34364429,-0.00000286,0.00000429
0.34374429,0.00000477,0.00000048
0.34384430,-0.00000286,0.00000429
0.34394434,-0.00000286,-0.00000334
0.34404434,-0.00000286,0.00000048
0.34414435,-0.00002194,-0.00000334
0.34424435,-0.00000286,0.00000048
0.34434439,-0.00000286,0.00000048
0.34444440,-0.00000286,-0.00000334
0.34454440,-0.00000286,0.00000048
0.34464441,-0.00000286,0.00000048
0.34474442,-0.00000286,0.00000048
0.34484445,-0.00000286,-0.00000334
0.34494446,0.00000095,0.00000048
0.34504446,0.00000095,0.00000048
0.34514447,-0.00000668,0.00000048
0.34524451,-0.00000286,0.00000048
0.34534451,-0.00000286,0.00000429
0.34544452,-0.00000668,0.00000429
0.34554453,-0.00000286,0.00000048
0.34564453,-0.00001431,-0.00000715
0.34574457,-0.00000286,0.00000048
0.34584457,-0.00000286,0.00000048
0.34594458,-0.00000668,0.00000048
0.34604459,-0.00000286,0.00000048
0.34614462,-0.00000286,-0.00000334
0.34624463,-0.00000668,0.00000048
0.34634464,-0.00000286,0.00000048
0.34644464,-0.00000286,-0.00000334
0.34654465,0.00000095,-0.00000715
0.34664468,-0.00000668,0.00000048
0.34674469,0.00000095,0.00000048
0.34684470,-0.00000668,0.00000048
0.34694470,-0.00000668,-0.00000334
0.34704474,0.00000095,0.00000048
0.34714474,0.00000095,0.00000048
0.34724475,0.00000095,0.00000429
0.34734476,-0.00001431,0.00000048
0.34744476,-0.00000286,-0.00000334
0.34754480,-0.00000668,0.00000429
0.34764481,-0.00000286,0.00000048
0.34774481,0.00000095,0.00000429
0.34784482,0.00000095,-0.00000334
0.34794485,0.00000095,0.00000048
0.34804486,0.00000095,0.00000048
0.34814487,-0.00000286,0.00000048
0.34824487,-0.00000286,0.00000048
0.34834488,-0.00000286,0.00000048
0.34844492,0.00000095,-0.00000334
0.34854492,0.00000095,-0.00000334
0.34864493,0.00000095,-0.00000334
0.34874493,0.00000095,0.00000429
0.34884497,-0.00000286,-0.00000334
0.34894498,-0.00001049,0.00000048
0.34904498,-0.00000286,0.00000048
0.34914499,-0.00001049,-0.00000334
0.34924500,-0.00000286,0.00000048
0.34934503,-0.00000286,-0.00000334
0.34944504,0.00000095,0.00000048
0.34954504,0.00000095,0.00000048
0.34964505,-0.00000668,0.00000048
0.34974506,-0.00000286,0.00000048
0.34984509,0.00000095,0.00000048
0.34994510,-0.00000668,0.00000048
0.35004510,-0.00000668,0.00000048
0.35014511,-0.00000286,-0.00000334
0.35024515,-0.00000286,0.00000429
0.35034515,-0.00000286,0.00000048
0.35044516,-0.00000286,-0.00000334
0.35054517,-0.00000286,0.00000048
0.35064517,-0.00000668,-0.00000334
0.35074521,-0.00001049,-0.00000334
0.35084521,-0.00001049,-0.00000334
0.35094522,-0.00000668,-0.00000334
0.35104523,-0.00000668,0.00000048
0.35114526,-0.00000286,0.00000048
0.35124527,0.00000095,-0.00000334
0.35134528,-0.00000286,0.00000048
0.35144528,-0.00000668,0.00000048
0.35154529,-0.00000286,-0.00000334
0.35164532,-0.00000286,-0.00000334
0.35174533,0.00000095,-0.00000334
0.35184534,-0.00000286,0.00000048
0.35194534,-0.00000286,0.00000048
0.35204538,-0.00000286,-0.00000334
0.35214539,-0.00000668,-0.00000334
0.35224539,-0.00000286,-0.00000334
0.35234540,-0.00000286,0.00000429
0.35244540,-0.00001049,0.00000048
0.35254544,-0.00000286,-0.00000334
0.35264545,0.00000095,0.00000048
0.35274545,0.00000095,0.00000048
0.35284546,-0.00000286,0.00000429
0.35294550,0.00000095,0.00000048
0.35304550,0.00000095,-0.00000334
0.35314551,-0.00000286,0.00000048
0.35324551,-0.00000286,0.00000048
0.35334552,-0.00000286,0.00000048
0.35344556,-0.00000286,0.00000048
0.35354556,0.00000095,-0.00000334
0.35364557,-0.00000286,-0.00000334
0.35374557,0.00000095,0.00000048
0.35384561,0.00000095,0.00000048
0.35394562,-0.00000286,0.00000048
0.35404562,-0.00000668,0.00000429
0.35414563,-0.00002194,-0.00000715
0.35424564,-0.00000668,0.00000429
0.35434567,-0.00000286,0.00000048
0.35444568,0.00000095,-0.00000334
0.35454568,-0.00000286,0.00000048
0.35464569,-0.00000286,0.00000048
0.35474573,-0.00000286,0.00000048
0.35484573,0.00000095,0.00000048
0.35494574,0.00000477,0.00000048
0.35504575,0.00000095,0.00000048
0.35514575,-0.00000286,0.00000048
0.35524579,0.00000095,0.00000048
0.35534579,-0.00000286,0.00000048
0.35544580,-0.00000286,0.00000048
0.35554581,-0.00000286,0.00000429
0.35564584,-0.00000668,0.00000048
0.35574585,-0.00000286,-0.00000334
0.35584586,-0.00001049,0.00000048
0.35594586,-0.00000286,0.00000048
0.35604587,0.00000095,0.00000048
0.35614590,0.00000095,0.00000429
0.35624591,0.00000095,0.00000048
0.35634592,0.00000095,0.00000048
0.35644592,0.00000095,0.00000048
0.35654596,-0.00000286,0.00000048
0.35664597,0.00000095,0.00000048
0.35674597,-0.00000286,0.00000429
0.35684598,0.00000095,0.00000048
0.35694598,0.00000095,0.00000048
0.35704602,0.00000095,0.00000048
0.35714603,0.00000477,0.00000048
0.35724603,0.00000095,0.00000048
0.35734604,-0.00001049,-0.00000334
0.35744608,-0.00000286,0.00000048
0.35754608,-0.00001049,-0.00000334
0.35764609,0.00000095,0.00000048
0.35774609,0.00000095,-0.00000334
0.35784610,0.00000095,0.00000429
0.35794614,0.00000095,0.00000048
0.35804614,0.00000095,-0.00000334
0.35814615,0.00000095,0.00000048
0.35824615,0.00000095,-0.00000334
0.35834619,0.00000095,0.00000429
0.35844620,0.00000095,0.00000048
0.35854620,0.00000477,0.00000048
0.35864621,0.00000477,0.00000048
0.35874622,0.00000477,0.00000048
0.35884625,0.00000095,0.00000048
0.35894626,-0.00000668,0.00000048
0.35904626,-0.00000286,0.00000048
0.35914627,-0.00000286,-0.00000334
0.35924631,0.00000095,-0.00000334
0.35934631,-0.00000286,-0.00000334
0.35944632,0.00000095,0.00000048
0.35954633,0.00000095,0.00000429
0.35964633,0.00000477,0.00000048
0.35974637,0.00000477,0.00000048
0.35984637,0.00000095,-0.00000334
0.35994638,0.00000477,0.00000048
0.36004639,0.00000095,0.00000429
0.36014639,0.00000477,0.00000048
0.36024643,0.00000477,0.00000048
0.36034644,0.00000477,0.00000048
0.36044644,0.00000095,0.00000048
0.36054645,-0.00000286,0.00000048
0.36064648,0.00000095,0.00000048
0.36074649,-0.00000286,0.00000048
0.36084650,-0.00001431,0.00000429
0.36094650,-0.00000286,0.00000429
0.36104651,0.00000477,0.00000429
0.36114655,0.00000095,0.00000048
0.36124655,0.00000095,0.00000048
0.36134656,0.00000095,0.00000048
0.36144656,0.00000095,0.00000048
0.36154660,0.00000095,0.00000048
0.36164661,0.00000095,0.00000429
0.36174661,0.00000477,0.00000429
0.36184662,0.00000858,0.00000048
0.36194662,0.00000095,-0.00000334
0.36204666,0.00000095,0.00000048
0.36214667,0.00000095,0.00000048
0.36224667,-0.00000286,-0.00000334
0.36234668,-0.00000668,0.00000048
0.36244672,-0.00001049,-0.00000334
0.36254672,-0.00000286,0.00000048
0.36264673,0.00000095,0.00000048
0.36274673,0.00000095,0.00000048
0.36284674,-0.00000286,0.00000048
0.36294678,0.00000477,0.00000048
0.36304678,0.00000477,0.00000048
0.36314679,0.00000095,0.00000048
0.36324680,0.00000095,0.00000048
0.36334683,0.00000095,-0.00000334
0.36344684,0.00000095,0.00000429
0.36354684,0.00000477,0.00000048
0.36364685,0.00000477,0.00000048
0.36374686,0.00000095,-0.00000334
0.36384689,-0.00000286,0.00000429
0.36394690,-0.00000286,0.00000048
0.36404691,-0.00000286,0.00000429
0.36414691,-0.00001049,-0.00000715
0.36424695,-0.00000286,-0.00000334
0.36434695,-0.00000286,0.00000048
0.36444696,-0.00000286,0.00000429
0.36454697,0.00000095,0.00000048
0.36464697,0.00000095,0.00000048
0.36474701,-0.00000286,-0.00000334
0.36484702,-0.00000286,-0.00000334
0.36494702,-0.00000668,0.00000048
0.36504703,0.00000095,0.00000048
0.36514706,0.00000095,0.00000048
0.36524707,-0.00000286,0.00000048
0.36534708,-0.00000286,-0.00000334
0.36544708,-0.00000286,0.00000048
0.36554709,0.00000095,0.00000048
0.36564713,-0.00001049,0.00000048
0.36574713,-0.00000668,-0.00000334
0.36584714,-0.00000668,0.00000048
0.36594714,-0.00000668,0.00000048
0.36604718,0.00000095,0.00000048
0.36614719,0.00000095,0.00000048
0.36624719,0.00000095,-0.00000334
0.36634720,0.00000095,-0.00000334
0.36644720,0.00000095,-0.00000334
0.36654724,-0.00000286,0.00000048
0.36664725,-0.00000286,0.00000429
0.36674725,-0.00000286,-0.00000334
0.36684726,-0.00000286,0.00000048
0.36694730,-0.00000286,-0.00000334
0.36704730,-0.00000286,0.00000048
0.36714731,-0.00000286,0.00000048
0.36724731,-0.00000286,0.00000048
0.36734732,-0.00001049,0.00000048
0.36744736,-0.00000286,-0.00000334
0.36754736,-0.00000668,0.00000048
0.36764737,0.00000095,0.00000048
0.36774738,0.00000095,0.00000048
0.36784741,-0.00000668,0.00000048
0.36794742,-0.00000286,-0.00000334
0.36804742,0.00000095,0.00000048
0.36814743,0.00000095,-0.00000715
0.36824744,0.00000095,-0.00000334
0.36834747,0.00000095,0.00000048
0.36844748,-0.00000286,-0.00000334
0.36854749,0.00000477,0.00000048
0.36864749,-0.00000286,0.00000048
0.36874753,-0.00000286,0.00000048
0.36884753,0.00000095,0.00000048
0.36894754,-0.00001431,0.00000048
0.36904755,-0.00000286,-0.00000334
0.36914755,-0.00001049,0.00000048
0.36924759,-0.00000286,-0.00000334
0.36934760,-0.00000286,0.00000048
0.36944760,-0.00000286,0.00000048
0.36954761,0.00000095,0.00000048
0.36964764,-0.00000286,0.00000048
0.36974765,0.00000095,0.00000048
0.36984766,-0.00000286,-0.00000334
0.36994766,-0.00000286,0.00000048
0.37004767,-0.00000286,0.00000048
0.37014771,-0.00000668,0.00000048
0.37024771,-0.00000668,-0.00000334
0.37034772,-0.00000668,0.00000048
0.37044772,-0.00000286,0.00000048
0.37054773,-0.00000286,0.00000429
0.37064777,-0.00001431,0.00000048
0.37074777,-0.00000286,0.00000048
0.37084778,-0.00001049,0.00000048
0.37094778,-0.00000668,0.00000048
0.37104782,-0.00000286,0.00000429
0.37114783,-0.00000286,-0.00000334
0.37124783,-0.00000286,-0.00000334
0.37134784,-0.00000286,0.00000429
0.37144785,-0.00000286,0.00000048
0.37154788,-0.00000286,0.00000429
0.37164789,-0.00000286,0.00000048
0.37174789,-0.00000668,-0.00000334
0.37184790,-0.00000286,0.00000429
0.37194794,-0.00000286,-0.00000334
0.37204794,-0.00000286,0.00000048
0.37214795,-0.00000668,0.00000048
0.37224796,-0.00000286,-0.00000334
0.37234796,-0.00001049,-0.00000334
0.37244800,-0.00001049,0.00000048
0.37254800,-0.00000286,-0.00000334
0.37264801,-0.00000668,0.00000048
0.37274802,-0.00000286,0.00000048
0.37284805,-0.00000286,0.00000048
0.37294806,-0.00000286,-0.00000334
0.37304807,-0.00000286,-0.00000334
0.37314807,-0.00000286,0.00000048
0.37324808,-0.00000286,0.00000048
0.37334811,-0.00000668,0.00000048
0.37344812,-0.00000668,0.00000048
0.37354813,-0.00000668,0.00000048
0.37364813,-0.00000286,0.00000048
0.37374817,-0.00000286,-0.00000334
0.37384818,-0.00000286,0.00000048
0.37394818,-0.00000286,0.00000048
0.37404819,-0.00001431,-0.00000334
0.37414819,-0.00001431,0.00000048
0.37424823,-0.00001049,-0.00000334
0.37434824,-0.00000668,0.00000048
0.37444824,-0.00000668,0.00000048
0.37454825,-0.00000286,0.00000048
0.37464828,-0.00000286,0.00000429
0.37474829,-0.00000286,0.00000048
0.37484830,-0.00000286,0.00000048
0.37494830,-0.00000286,0.00000048
0.37504831,-0.00000286,-0.00000334
0.37514835,-0.00000286,-0.00000334
0.37524835,0.00000095,0.00000048
0.37534836,-0.00000668,-0.00000334
0.37544836,-0.00000668,-0.00000334
0.37554840,-0.00000286,0.00000048
0.37564841,-0.00001049,-0.00000334
0.37574841,-0.00000668,0.00000048
0.37584842,-0.00000668,0.00000048
0.37594843,-0.00000286,-0.00000334
0.37604846,-0.00000668,-0.00000334
0.37614847,0.00000095,-0.00000334
0.37624847,-0.00000286,0.00000048
0.37634848,-0.00000286,0.00000048
0.37644852,0.00000095,0.00000429
0.37654852,-0.00000286,-0.00000334
0.37664853,-0.00000286,0.00000429
0.37674854,-0.00000286,0.00000048
0.37684854,0.00000095,0.00000048
0.37694858,0.00000095,-0.00000334
0.37704858,0.00000477,0.00000048
0.37714859,-0.00000286,0.00000048
0.37724860,0.00000095,0.00000048
0.37734863,-0.00001049,0.00000048
0.37744864,-0.00000286,-0.00000334
0.37754865,-0.00000668,-0.00000715
0.37764865,-0.00000286,-0.00000334
0.37774866,0.00000095,-0.00000334
0.37784869,0.00000095,-0.00000334
0.37794870,0.00000095,0.00000048
0.37804871,-0.00000286,0.00000048
0.37814871,-0.00000286,-0.00000334
0.37824875,0.00000095,-0.00000334
0.37834875,0.00000095,-0.00000334
0.37844876,0.00000095,-0.00000334
0.37854877,0.00000095,-0.00000334
0.37864877,0.00000095,-0.00000334
0.37874881,0.00000095,-0.00000334
0.37884882,0.00000095,0.00000048
0.37894882,-0.00001049,-0.00000334
0.37904883,-0.00000286,0.00000048
0.37914886,-0.00000286,0.00000048
0.37924887,-0.00000286,-0.00000334
0.37934888,0.00000477,-0.00000334
0.37944888,-0.00000286,-0.00000715
0.37954889,0.00000477,0.00000048
0.37964893,0.00000477,-0.00000334
0.37974893,0.00000477,0.00000048
0.37984894,0.00000095,0.00000048
0.37994894,0.00000477,0.00000048
0.38004895,0.00000095,-0.00000334
0.38014899,0.00000477,0.00000048
0.38024899,0.00000477,0.00000048
0.38034900,0.00000095,0.00000048
0.38044901,0.00000477,0.00000048
0.38054904,0.00000477,-0.00000334
0.38064905,0.00000095,0.00000048
0.38074905,-0.00000286,-0.00000334
0.38084906,-0.00001812,0.00000048
0.38094907,-0.00000286,-0.00000334
0.38104910,0.00000095,0.00000048
0.38114911,0.00000095,0.00000048
0.38124911,0.00000095,-0.00000334
0.38134912,0.00000477,-0.00000334
0.38144916,0.00000477,0.00000048
0.38154916,0.00000477,-0.00000334
0.38164917,0.00000095,-0.00000334
0.38174918,0.00000095,-0.00000334
0.38184918,0.00000095,-0.00000334
0.38194922,0.00000095,0.00000048
0.38204922,0.00000095,0.00000048
0.38214923,0.00000095,0.00000429
0.38224924,-0.00000668,-0.00000334
0.38234927,0.00000095,0.00000048
0.38244928,-0.00000668,0.00000048
0.38254929,-0.00000286,0.00000048
0.38264929,-0.00000286,0.00000429
0.38274930,0.00000095,-0.00000334
0.38284933,-0.00000286,0.00000048
0.38294934,0.00000095,-0.00000334
0.38304935,0.00000477,-0.00000715
0.38314935,0.00000477,0.00000048
0.38324939,0.00000095,0.00000429
0.38334940,0.00000095,-0.00000334
0.38344940,0.00000095,0.00000048
0.38354941,0.00000095,0.00000048
0.38364941,0.00000477,0.00000048
0.38374945,-0.00000286,0.00000048
0.38384946,0.00000095,0.00000048
0.38394946,0.00000095,-0.00000334
0.38404947,-0.00001049,0.00000048
0.38414951,-0.00001049,-0.00000334
0.38424951,-0.00000286,0.00000048
0.38434952,0.00000095,0.00000048
0.38444952,-0.00000286,0.00000048
0.38454953,-0.00000286,0.00000048
0.38464957,0.00000095,0.00000048
0.38474957,0.00000477,0.00000429
0.38484958,-0.00000286,0.00000048
0.38494958,-0.00000286,0.00000048
0.38504962,-0.00000286,0.00000048
0.38514963,-0.00000286,0.00000429
0.38524963,0.00000095,0.00000048
0.38534964,-0.00000286,-0.00000334
0.38544965,0.00000095,-0.00000334
0.38554968,-0.00000286,0.00000048
0.38564969,-0.00001049,-0.00000334
0.38574969,-0.00000286,0.00000048
0.38584970,-0.00000668,0.00000048
0.38594974,-0.00000668,-0.00000334
0.38604974,-0.00000286,0.00000048
0.38614975,0.00000095,0.00000429
0.38624976,-0.00000286,0.00000048
0.38634976,0.00000095,0.00000048
0.38644980,0.00000095,0.00000048
0.38654980,0.00000095,-0.00000334
0.38664981,-0.00000668,-0.00000334
0.38674982,0.00000095,0.00000048
0.38684985,-0.00000286,0.00000048
0.38694986,-0.00000286,0.00000048
0.38704987,0.00000095,0.00000048
0.38714987,0.00000095,0.00000429
0.38724988,-0.00000286,0.00000048
0.38734991,-0.00001431,-0.00000334
0.38744992,-0.00000286,0.00000048
0.38754993,-0.00001049,0.00000048
0.38764993,-0.00000668,0.00000048
0.38774997,0.00000095,-0.00000334
0.38784998,0.00000095,-0.00000334
0.38794998,-0.00000286,0.00000429
0.38804999,0.00000095,0.00000048
0.38814999,0.00000095,0.00000048
0.38825003,0.00000095,-0.00000334
0.38835004,-0.00000668,-0.00000334
0.38845004,-0.00000286,-0.00000334
0.38855005,-0.00000286,0.00000048
0.38865009,0.00000095,0.00000048
0.38875009,0.00000095,0.00000048
0.38885010,0.00000095,0.00000048
0.38895010,-0.00000668,0.00000048
0.38905011,-0.00000286,0.00000429
0.38915015,-0.00001049,0.00000048
0.38925015,-0.00000286,0.00000048
0.38935016,-0.00000286,0.00000048
0.38945016,-0.00000286,0.00000429
0.38955020,-0.00000668,0.00000048
0.38965021,0.00000095,0.00000048
0.38975021,-0.00000668,-0.00000334
0.38985022,-0.00000668,0.00000048
0.38995023,-0.00000286,0.00000048
0.39005026,-0.00000668,0.00000048
0.39015027,-0.00000286,0.00000048
0.39025027,0.00000095,0.00000048
0.39035028,-0.00000286,-0.00000334
0.39045029,0.00000095,0.00000048
0.39055032,0.00000095,0.00000048
0.39065033,-0.00001049,-0.00000334
0.39075034,-0.00000668,-0.00000334
0.39085034,-0.00001431,0.00000048
0.39095038,0.00000095,0.00000048
0.39105038,-0.00000286,0.00000048
0.39115039,-0.00000286,0.00000048
0.39125040,0.00000095,-0.00000334
0.39135040,-0.00000286,0.00000048
0.39145044,0.00000095,-0.00000334
0.39155045,-0.00000668,0.00000048
0.39165045,0.00000477,0.00000048
0.39175046,0.00000095,0.00000048
0.39185049,-0.00000286,0.00000429
0.39195050,0.00000095,0.00000048
0.39205051,0.00000095,0.00000048
0.39215051,0.00000095,0.00000048
0.39225052,-0.00000668,0.00000048
0.39235056,-0.00000668,0.00000048
0.39245056,-0.00001431,-0.00000334
0.39255057,-0.00000286,-0.00000334
0.39265057,-0.00000286,0.00000048
0.39275061,0.00000095,0.00000048
0.39285062,0.00000095,0.00000429
0.39295062,0.00000095,0.00000429
0.39305063,-0.00000286,0.00000048
0.39315063,-0.00000286,0.00000048
0.39325067,0.00000095,0.00000048
0.39335068,0.00000477,0.00000429
0.39345068,0.00000095,0.00000048
0.39355069,-0.00000286,0.00000048
0.39365073,0.00000095,-0.00000334
0.39375073,-0.00000286,0.00000048
0.39385074,0.00000095,0.00000048
0.39395074,-0.00000286,-0.00000334
0.39405075,-0.00001049,0.00000048
0.39415079,-0.00001812,0.00000048
0.39425079,-0.00001049,-0.00000334
0.39435080,-0.00000286,0.00000048
0.39445081,0.00000095,0.00000048
0.39455084,-0.00000286,0.00000048
0.39465085,-0.00000286,0.00000048
0.39475085,0.00000095,-0.00000334
0.39485086,-0.00000286,0.00000048
0.39495087,0.00000477,0.00000048
0.39505090,0.00000095,-0.00000334
0.39515091,-0.00000286,0.00000048
0.39525092,0.00000477,0.00000048
0.39535092,0.00000095,-0.00000334
0.39545096,-0.00000286,0.00000048
0.39555096,0.00000477,0.00000048
0.39565097,-0.00000668,0.00000048
0.39575098,-0.00000286,0.00000048
0.39585098,-0.00000286,-0.00000715
0.39595102,0.00000095,-0.00000334
0.39605103,0.00000095,0.00000048
0.39615103,0.00000095,0.00000048
0.39625104,0.00000095,0.00000048
0.39635107,0.00000095,0.00000048
0.39645108,0.00000477,0.00000048
0.39655109,-0.00000286,0.00000048
0.39665109,-0.00000286,0.00000048
0.39675110,-0.00000286,0.00000048
0.39685114,-0.00000668,0.00000429
0.39695114,0.00000095,-0.00000334
0.39705115,0.00000095,0.00000048
0.39715115,0.00000095,0.00000048
0.39725119,0.00000095,0.00000048
0.39735120,-0.00000668,0.00000048
0.39745120,-0.00000286,-0.00000334
0.39755121,-0.00001049,0.00000048
0.39765121,-0.00000286,0.00000429
0.39775125,-0.00000668,-0.00000334
0.39785126,0.00000095,0.00000429
0.39795126,-0.00000286,0.00000048
0.39805127,0.00000095,0.00000048
0.39815131,-0.00000286,0.00000048
0.39825131,0.00000095,-0.00000334
0.39835132,0.00000095,0.00000048
0.39845132,-0.00000286,-0.00000334
0.39855133,0.00000095,0.00000048
0.39865137,0.00000095,0.00000048
0.39875137,-0.00000286,0.00000429
0.39885138,0.00000095,0.00000048
0.39895139,-0.00000668,-0.00000334
0.39905142,0.00000095,-0.00000334
0.39915143,-0.00000668,-0.00000334
0.39925143,0.00000095,0.00000429
0.39935144,0.00000095,0.00000429
0.39945145,0.00000095,0.00000048
0.39955148,0.00000095,0.00000048
0.39965149,0.00000477,0.00000048
0.39975150,0.00000477,0.00000048
0.39985150,0.00000095,0.00000048
0.39995154,0.00000095,0.00000048
0.40005154,0.00000477,0.00000048
0.40015155,0.00000095,0.00000048
0.40025156,0.00000095,0.00000048
0.40035156,0.00000095,-0.00000334
0.40045160,-0.00000286,0.00000048
0.40055161,-0.00000286,-0.00000334
0.40065161,-0.00000286,0.00000048
0.40075162,-0.00000286,0.00000048
0.40085162,-0.00001431,-0.00000334
0.40095166,-0.00000668,0.00000048
0.40105167,0.00000095,-0.00000334
0.40115167,-0.00000286,0.00000048
0.40125168,0.00000095,0.00000048
0.40135172,0.00000095,0.00000048
0.40145172,0.00000095,-0.00000334
0.40155173,-0.00000286,0.00000429
0.40165173,-0.00000286,-0.00000334
0.40175174,0.00000095,0.00000048
0.40185178,0.00000095,-0.00000334
0.40195178,0.00000095,-0.00000334
0.40205179,-0.00000286,-0.00000334
0.40215179,-0.00000286,-0.00000334
0.40225183,-0.00000286,0.00000048
0.40235184,-0.00000668,-0.00000334
0.40245184,-0.00001431,0.00000048
0.40255185,-0.00000286,-0.00000334
0.40265186,-0.00000286,0.00000048
0.40275189,0.00000095,0.00000048
0.40285190,0.00000095,-0.00000715
0.40295190,0.00000095,-0.00000334
0.40305191,0.00000095,0.00000429
0.40315195,-0.00000286,0.00000048
0.40325195,-0.00000286,0.00000048
0.40335196,-0.00000286,0.00000048
0.40345197,-0.00000286,0.00000048
0.40355197,-0.00000286,0.00000429
0.40365201,-0.00000286,-0.00000334
0.40375201,0.00000095,0.00000429
0.40385202,0.00000095,0.00000048
0.40395203,-0.00000286,0.00000048
0.40405206,-0.00000668,-0.00000334
0.40415207,-0.00001812,0.00000048
0.40425208,-0.00000668,0.00000048
0.40435208,-0.00000668,0.00000048
0.40445209,-0.00000286,0.00000429
0.40455212,-0.00000286,0.00000048
0.40465213,0.00000095,0.00000048
0.40475214,0.00000095,0.00000048
0.40485214,-0.00000286,0.00000048
0.40495218,-0.00000286,0.00000048
0.40505219,0.00000095,-0.00000334
0.40515219,-0.00000286,0.00000048
0.40525220,-0.00000286,0.00000048
0.40535220,-0.00000668,0.00000429
0.40545224,-0.00000286,-0.00000334
0.40555225,0.00000095,-0.00000334
0.40565225,-0.00001431,0.00000048
0.40575226,-0.00001049,0.00000048
0.40585229,-0.00001049,0.00000048
0.40595230,-0.00000668,0.00000048
0.40605231,0.00000095,0.00000048
0.40615231,-0.00000286,0.00000048
0.40625232,0.00000095,0.00000048
0.40635236,0.00000095,0.00000048
0.40645236,-0.00000668,0.00000048
0.40655237,0.00000095,-0.00000334
0.40665237,-0.00000286,-0.00000334
0.40675241,-0.00000286,-0.00000334
0.40685242,-0.00000668,0.00000048
0.40695242,-0.00000286,-0.00000334
0.40705243,-0.00000286,-0.00000334
0.40715244,-0.00000286,-0.00000334
0.40725247,-0.00000668,-0.00000334
0.40735248,-0.00001812,0.00000048
0.40745248,-0.00000668,-0.00000334
0.40755249,-0.00001049,-0.00000334
0.40765253,-0.00000286,0.00000429
0.40775253,-0.00000286,0.00000048
0.40785254,0.00000095,-0.00000334
0.40795255,-0.00000286,-0.00000334
0.40805255,-0.00000286,0.00000048
0.40815259,-0.00000286,-0.00000334
0.40825259,-0.00000286,0.00000048
0.40835260,-0.00000668,0.00000048
0.40845261,-0.00000286,0.00000048
0.40855264,-0.00000286,0.00000048
0.40865265,-0.00000286,0.00000429
0.40875266,-0.00000286,0.00000429
0.40885266,-0.00000286,-0.00000334
0.40895267,-0.00001431,-0.00000334
0.40905270,-0.00000286,0.00000048
0.40915271,-0.00001049,-0.00000334
0.40925272,-0.00000286,-0.00000334
0.40935272,-0.00000668,0.00000048
0.40945276,-0.00000286,0.00000048
0.40955276,-0.00000286,0.00000048
0.40965277,-0.00000668,0.00000048
0.40975278,-0.00000668,0.00000048
0.40985278,0.00000095,-0.00000334
0.40995282,-0.00001049,0.00000048
0.41005283,-0.00000286,-0.00000715
0.41015283,-0.00000668,-0.00000334
0.41025284,-0.00000668,0.00000048
0.41035287,-0.00000286,0.00000048
0.41045288,-0.00000286,0.00000048
0.41055289,-0.00000286,0.00000048
0.41065289,-0.00000668,-0.00000334
0.41075290,-0.00000668,0.00000048
0.41085294,-0.00001812,0.00000048
0.41095294,-0.00001049,0.00000429
0.41105295,-0.00000286,-0.00000334
0.41115295,-0.00000286,0.00000429
0.41125296,-0.00000286,0.00000048
0.41135300,-0.00000286,0.00000048
0.41145300,-0.00000286,0.00000048
0.41155301,-0.00000286,0.00000048
0.41165302,-0.00000286,0.00000048
0.41175305,-0.00000286,-0.00000334
0.41185306,-0.00000668,0.00000048
0.41195306,-0.00000286,-0.00000334
0.41205307,-0.00000286,0.00000048
0.41215308,-0.00000286,0.00000048
0.41225311,-0.00000668,0.00000048
0.41235312,-0.00000668,-0.00000334
0.41245312,-0.00001049,-0.00000334
0.41255313,-0.00000668,0.00000048
0.41265317,-0.00000286,-0.00000334
0.41275317,0.00000095,0.00000429
0.41285318,-0.00000286,0.00000429
0.41295319,-0.00000286,0.00000048
0.41305319,-0.00000668,0.00000048
0.41315323,-0.00000286,0.00000048
0.41325323,0.00000095,0.00000048
0.41335324,0.00000095,0.00000048
0.41345325,-0.00000286,0.00000048
0.41355328,0.00000095,0.00000048
0.41365329,-0.00000286,-0.00000334
0.41375330,-0.00000668,0.00000048
0.41385330,-0.00000286,0.00000048
0.41395331,-0.00000668,-0.00000334
0.41405334,-0.00001049,0.00000048
0.41415335,-0.00001812,0.00000048
0.41425336,-0.00001049,-0.00000334
0.41435336,-0.00000668,-0.00000334
0.41445340,-0.00000286,-0.00000334
0.41455341,-0.00000286,0.00000429
0.41465341,-0.00000668,0.00000048
0.41475342,0.00000095,0.00000048
0.41485342,-0.00000286,0.00000048
0.41495346,0.00000095,0.00000048
0.41505347,0.00000095,0.00000048
0.41515347,0.00000095,-0.00000334
0.41525348,0.00000095,0.00000048
0.41535352,0.00000095,-0.00000334
0.41545352,-0.00000286,0.00000048
0.41555353,0.00000095,0.00000048
0.41565353,-0.00001049,-0.00000334
0.41575354,-0.00000286,-0.00000334
0.41585358,-0.00000668,-0.00000334
0.41595358,-0.00000286,-0.00000334
0.41605359,0.00000095,0.00000048
0.41615359,0.00000095,0.00000048
0.41625363,0.00000095,0.00000048
0.41635364,0.00000095,-0.00000334
0.41645364,-0.00000668,0.00000048
0.41655365,0.00000095,0.00000048
0.41665366,-0.00000286,0.00000048
0.41675369,-0.00000286,0.00000048
0.41685370,0.00000095,0.00000048
0.41695370,-0.00000286,0.00000048
0.41705371,0.00000095,-0.00000334
0.41715375,-0.00000286,0.00000048
0.41725375,0.00000095,0.00000048
0.41735376,-0.00000668,0.00000048
0.41745377,-0.00000668,0.00000048
0.41755377,-0.00001049,0.00000048
0.41765381,-0.00000286,0.00000048
0.41775381,-0.00000286,0.00000048
0.41785382,0.00000095,0.00000048
0.41795383,0.00000095,-0.00000334
0.41805386,0.00000095,0.00000048
0.41815387,0.00000095,0.00000048
0.41825388,0.00000095,0.00000048
0.41835388,0.00000095,0.00000048
0.41845389,0.00000477,-0.00000334
0.41855392,0.00000095,0.00000048
0.41865393,0.00000095,-0.00000334
0.41875394,0.00000477,-0.00000334
0.41885394,0.00000477,-0.00000334
0.41895398,-0.00001049,-0.00000334
0.41905399,-0.00000286,-0.00000334
0.41915399,-0.00000286,-0.00000715
0.41925400,0.00000095,-0.00000334
0.41935400,0.00000095,-0.00000334
0.41945404,0.00000095,-0.00000334
0.41955405,0.00000095,0.00000048
0.41965405,0.00000477,-0.00000334
0.41975406,0.00000095,0.00000429
0.41985410,0.00000095,-0.00000334
0.41995410,0.00000095,-0.00000334
0.42005411,0.00000477,0.00000048
0.42015411,-0.00000286,0.00000048
0.42025412,0.00000095,0.00000048
0.42035416,0.00000095,0.00000048
0.42045416,0.00000095,0.00000048
0.42055417,0.00000095,0.00000048
0.42065417,0.00000477,0.00000048
0.42075418,-0.00000286,-0.00000334
0.42085422,-0.00001049,-0.00000334
0.42095422,-0.00000668,0.00000048
0.42105423,0.00000095,0.00000048
0.42115424,0.00000095,0.00000048
0.42125427,0.00000477,0.00000429
0.42135428,0.00000095,0.00000048
0.42145428,0.00000095,-0.00000334
0.42155429,0.00000095,0.00000048
0.42165430,0.00000095,0.00000048
0.42175433,0.00000095,0.00000048
0.42185434,0.00000095,0.00000048
0.42195435,-0.00000286,0.00000048
0.42205435,0.00000095,0.00000048
0.42215439,-0.00000286,0.00000429
0.42225439,0.00000095,0.00000048
0.42235440,-0.00000668,0.00000048
0.42245441,-0.00001431,-0.00000334
0.42255441,-0.00000668,-0.00000334
0.42265445,-0.00000286,-0.00000334
0.42275446,-0.00000286,0.00000048
0.42285446,-0.00000286,0.00000048
0.42295447,0.00000095,-0.00000334
0.42305450,0.00000095,-0.00000334
0.42315451,-0.00000286,0.00000048
0.42325452,-0.00000286,-0.00000334
0.42335452,-0.00000668,0.00000048
0.42345453,-0.00000286,-0.00000334
0.42355457,-0.00000668,-0.00000334
0.42365457,-0.00000286,0.00000429
0.42375458,0.00000095,-0.00000334
0.42385458,0.00000477,0.00000048
0.42395462,0.00000095,-0.00000334
0.42405463,-0.00000668,-0.00000334
0.42415463,-0.00001812,0.00000048
0.42425464,-0.00000668,-0.00000334
0.42435464,0.00000095,0.00000048
0.42445468,0.00000095,-0.00000334
0.42455469,0.00000095,-0.00000334
0.42465469,0.00000095,-0.00000334
0.42475470,-0.00000286,-0.00000334
0.42485474,-0.00000286,0.00000048
0.42495474,-0.00000286,-0.00000334
0.42505475,0.00000095,-0.00000334
0.42515475,0.00000095,-0.00000715
0.42525476,-0.00000286,-0.00000334
0.42535480,-0.00000286,-0.00000334
0.42545480,-0.00000286,0.00000048
0.42555481,0.00000095,-0.00000334
0.42565482,-0.00001431,0.00000048
0.42575485,-0.00000668,0.00000048
0.42585486,-0.00000668,0.00000048
0.42595486,-0.00000286,0.00000048
0.42605487,-0.00000286,0.00000048
0.42615488,-0.00000286,-0.00000334
0.42625491,-0.00000286,0.00000048
0.42635492,-0.00000286,0.00000048
0.42645493,-0.00000286,0.00000429
0.42655493,-0.00000286,0.00000048
0.42665497,-0.00000286,0.00000048
0.42675497,-0.00000668,-0.00000334
0.42685498,0.00000095,0.00000048
0.42695499,-0.00000286,0.00000048
0.42705499,-0.00000286,0.00000048
0.42715503,-0.00000286,0.00000048
0.42725504,-0.00000286,0.00000429
0.42735504,-0.00002194,-0.00000334
0.42745505,-0.00000286,-0.00000334
0.42755508,-0.00001049,0.00000048
0.42765509,-0.00000668,0.00000048
0.42775510,-0.00000668,0.00000048
0.42785510,-0.00000668,0.00000048
0.42795511,-0.00000668,0.00000048
0.42805515,0.00000095,-0.00000715
0.42815515,0.00000477,0.00000048
0.42825516,-0.00000668,-0.00000334
0.42835516,-0.00000668,0.00000429
0.42845520,-0.00000668,0.00000048
0.42855521,-0.00000286,0.00000048
0.42865521,-0.00000286,0.00000048
0.42875522,-0.00000668,0.00000048
0.42885522,0.00000095,0.00000048
0.42895526,-0.00001049,0.00000048
0.42905527,-0.00000286,0.00000048
0.42915527,-0.00001049,0.00000048
0.42925528,-0.00000286,0.00000048
0.42935532,-0.00000668,0.00000048
0.42945532,-0.00000286,0.00000048
0.42955533,-0.00000286,0.00000048
0.42965533,-0.00000286,0.00000048
0.42975534,0.00000095,0.00000048
0.42985538,-0.00000668,0.00000048
0.42995538,-0.00000286,0.00000048
0.43005539,-0.00000286,-0.00000334
0.43015540,-0.00000286,-0.00000334
0.43025543,-0.00000286,-0.00000334
0.43035544,-0.00000668,0.00000429
0.43045544,-0.00000668,0.00000429
0.43055545,-0.00000668,-0.00000334
0.43065546,-0.00000286,-0.00000334
0.43075549,-0.00001049,-0.00000334
0.43085550,-0.00001812,0.00000048
0.43095551,-0.00001049,-0.00000334
0.43105551,-0.00000668,-0.00000334
0.43115552,-0.00000286,-0.00000334
0.43125555,-0.00000668,0.00000048
0.43135556,-0.00000286,-0.00000334
0.43145557,-0.00000286,0.00000048
0.43155557,-0.00000286,-0.00000334
0.43165561,-0.00000286,0.00000048
0.43175562,-0.00000286,0.00000048
0.43185562,-0.00000286,-0.00000334
0.43195563,-0.00000286,0.00000048
0.43205563,-0.00000286,-0.00000334
0.43215567,-0.00001049,-0.00000334
0.43225568,-0.00000668,-0.00000334
0.43235568,-0.00001049,-0.00000715
0.43245569,-0.00001431,-0.00000334
0.43255573,-0.00001049,-0.00000334
0.43265573,-0.00000668,0.00000048
0.43275574,0.00000095,0.00000048
0.43285574,-0.00000668,0.00000048
0.43295575,-0.00000668,-0.00000334
0.43305579,-0.00000286,0.00000048
0.43315579,-0.00000286,-0.00000334
0.43325580,-0.00000668,-0.00000334
0.43335580,-0.00000286,-0.00000334
0.43345584,-0.00000286,-0.00000334
0.43355585,-0.00000286,0.00000048
0.43365585,-0.00000286,-0.00000334
0.43375586,-0.00000286,0.00000048
0.43385587,-0.00000286,0.00000048
0.43395590,0.00000095,0.00000048
0.43405591,-0.00001431,0.00000048
0.43415591,-0.00001431,0.00000048
0.43425592,-0.00001049,0.00000048
0.43435596,-0.00000668,-0.00000334
0.43445596,-0.00000286,-0.00000334
0.43455597,-0.00000286,-0.00000334
0.43465598,-0.00000286,-0.00000334
0.43475598,-0.00001049,0.00000429
0.43485602,-0.00000286,0.00000048
0.43495602,-0.00000668,0.00000048
0.43505603,-0.00000668,-0.00000334
0.43515604,-0.00000668,-0.00000334
0.43525607,0.00000095,0.00000048
0.43535608,-0.00000668,0.00000048
0.43545609,0.00000095,-0.00000334
0.43555609,-0.00000286,0.00000048
0.43565610,-0.00001049,-0.00000334
0.43575613,-0.00000286,0.00000048
0.43585614,-0.00001049,0.00000048
0.43595615,-0.00000668,0.00000048
0.43605615,0.00000095,0.00000048
0.43615619,0.00000095,0.00000048
0.43625620,-0.00000668,0.00000048
0.43635620,0.00000095,0.00000048
0.43645621,-0.00000286,0.00000048
0.43655621,-0.00000286,0.00000048
0.43665625,-0.00000668,0.00000429
0.43675626,0.00000095,0.00000048
0.43685626,0.00000095,0.00000048
0.43695627,-0.00000286,0.00000048
0.43705630,0.00000095,0.00000048
0.43715631,0.00000095,0.00000048
0.43725632,0.00000095,0.00000048
0.43735632,-0.00001431,0.00000048
0.43745633,-0.00000286,-0.00000334
0.43755637,-0.00001049,0.00000048
0.43765637,-0.00000286,-0.00000334
0.43775638,-0.00000286,-0.00000334
0.43785638,-0.00000286,-0.00000334
0.43795642,-0.00000286,0.00000429
0.43805643,0.00000095,0.00000048
0.43815643,-0.00000286,0.00000048
0.43825644,-0.00000286,-0.00000334
0.43835645,0.00000095,-0.00000334
0.43845648,0.00000477,0.00000048
0.43855649,-0.00000286,-0.00000334
0.43865649,0.00000477,0.00000048
0.43875650,0.00000095,0.00000429
0.43885654,-0.00000286,-0.00000334
0.43895654,-0.00001049,0.00000048
0.43905655,-0.00000286,-0.00000334
0.43915656,-0.00000668,0.00000048
0.43925656,-0.00000286,0.00000048
0.43935660,0.00000095,0.00000048
0.43945660,-0.00000286,0.00000048
0.43955661,0.00000095,0.00000048
0.43965662,0.00000095,0.00000048
0.43975665,0.00000095,0.00000048
0.43985666,0.00000477,-0.00000334
0.43995667,-0.00000286,0.00000048
0.44005667,0.00000095,0.00000048
0.44015668,0.00000095,0.00000429
0.44025671,0.00000095,0.00000048
0.44035672,0.00000095,-0.00000715
0.44045673,0.00000095,0.00000429
0.44055673,0.00000095,0.00000048
0.44065677,0.00000095,0.00000048
0.44075677,-0.00000286,-0.00000334
0.44085678,-0.00002194,-0.00000334
0.44095679,-0.00000286,0.00000048
0.44105679,0.00000095,0.00000429
0.44115683,0.00000095,0.00000048
0.44125684,0.00000095,0.00000429
0.44135684,0.00000095,0.00000429
0.44145685,0.00000095,-0.00000334
0.44155685,0.00000477,0.00000048
0.44165689,0.00000095,0.00000048
0.44175690,0.00000095,0.00000429
0.44185690,0.00000095,-0.00000334
0.44195691,-0.00000286,-0.00000334
0.44205695,0.00000095,0.00000048
0.44215695,0.00000095,0.00000048
0.44225696,0.00000095,-0.00000334
0.44235696,-0.00000286,-0.00000715
0.44245697,-0.00001431,-0.00000334
0.44255701,-0.00000668,0.00000429
0.44265701,-0.00000668,0.00000048
0.44275702,0.00000095,0.00000429
0.44285703,0.00000095,0.00000429
0.44295706,-0.00000668,-0.00000334
0.44305707,0.00000095,0.00000048
0.44315707,-0.00000286,0.00000048
0.44325708,0.00000095,0.00000429
0.44335709,0.00000095,0.00000429
0.44345712,-0.00000286,0.00000048
0.44355713,0.00000095,-0.00000334
0.44365714,-0.00000286,-0.00000334
0.44375714,0.00000095,-0.00000334
0.44385718,-0.00000286,0.00000048
0.44395718,0.00000095,0.00000048
0.44405719,-0.00001049,0.00000048
0.44415720,-0.00001812,0.00000048
0.44425720,-0.00000668,0.00000429
0.44435724,-0.00000286,0.00000048
0.44445724,-0.00000286,-0.00000334
0.44455725,0.00000095,-0.00000334
0.44465726,0.00000095,-0.00000334
0.44475729,-0.00000286,0.00000429
0.44485730,0.00000095,0.00000048
0.44495731,-0.00000286,0.00000429
0.44505731,-0.00000286,0.00000048
0.44515732,-0.00000286,0.00000048
0.44525735,0.00000095,0.00000048
0.44535736,-0.00000286,0.00000048
0.44545737,-0.00000286,0.00000429
0.44555737,-0.00000286,0.00000048
0.44565741,-0.00001431,0.00000429
0.44575742,-0.00000668,0.00000048
0.44585742,-0.00001049,-0.00000334
0.44595743,-0.00000286,0.00000429
0.44605743,-0.00000668,0.00000048
0.44615747,-0.00000668,0.00000048
0.44625748,-0.00000286,0.00000048
0.44635748,-0.00000286,0.00000048
0.44645749,-0.00000286,0.00000048
0.44655753,-0.00000286,0.00000048
0.44665753,-0.00000286,-0.00000334
0.44675754,0.00000095,0.00000429
0.44685754,-0.00000668,0.00000048
0.44695755,-0.00000286,0.00000048
0.44705759,-0.00000286,0.00000048
0.44715759,-0.00000286,0.00000048
0.44725760,-0.00000286,0.00000048
0.44735760,-0.00001431,-0.00000334
0.44745764,-0.00000668,-0.00000334
0.44755765,-0.00001049,0.00000048
0.44765765,-0.00000286,0.00000429
0.44775766,-0.00000286,0.00000048
0.44785767,-0.00001049,0.00000048
0.44795770,-0.00000668,0.00000048
0.44805771,-0.00000668,0.00000048
0.44815771,-0.00000286,-0.00000334
0.44825772,0.00000095,-0.00000334
0.44835776,-0.00000668,-0.00000334
0.44845776,-0.00000668,0.00000429
0.44855777,-0.00000286,-0.00000334
0.44865778,-0.00000668,0.00000048
0.44875778,-0.00000286,-0.00000334
0.44885782,-0.00000668,0.00000429
0.44895782,-0.00001049,0.00000048
0.44905783,-0.00000286,0.00000429
0.44915784,-0.00000668,0.00000048
0.44925787,-0.00000668,0.00000048
0.44935788,-0.00000286,-0.00000334
0.44945789,-0.00000286,0.00000429
0.44955789,-0.00000286,-0.00000334
0.44965790,-0.00000668,-0.00000334
0.44975793,-0.00000286,-0.00000334
0.44985794,-0.00000286,-0.00000334
0.44995795,-0.00000668,0.00000048
0.45005795,-0.00000286,-0.00000334
0.45015799,-0.00000286,-0.00000334
0.45025800,-0.00000286,-0.00000334
0.45035800,-0.00000286,-0.00000334
0.45045801,-0.00000286,-0.00000334
0.45055801,-0.00000286,0.00000429
0.45065805,-0.00000668,0.00000429
0.45075806,-0.00000286,0.00000429
0.45085806,-0.00001431,0.00000048
0.45095807,-0.00001049,-0.00000334
0.45105811,-0.00000286,0.00000048
0.45115811,-0.00000668,0.00000048
0.45125812,-0.00000668,0.00000048
0.45135812,-0.00000668,0.00000429
0.45145813,-0.00000668,0.00000048
0.45155817,-0.00000286,0.00000048
0.45165817,-0.00000286,0.00000048
0.45175818,-0.00000668,0.00000429
0.45185818,-0.00000668,0.00000048
0.45195819,-0.00000286,0.00000048
0.45205823,0.00000095,0.00000048
0.45215823,-0.00000286,-0.00000334
0.45225824,-0.00000286,0.00000429
0.45235825,-0.00001431,0.00000048
0.45245828,-0.00001812,0.00000048
0.45255829,-0.00001049,0.00000048
0.45265829,-0.00000668,0.00000048
0.45275830,-0.00000286,-0.00000334
0.45285831,-0.00000286,0.00000048
0.45295834,-0.00000286,0.00000048
0.45305835,-0.00000286,0.00000048
0.45315836,-0.00000668,0.00000048
0.45325836,-0.00000286,-0.00000334
0.45335840,-0.00000286,-0.00000334
0.45345840,-0.00000286,-0.00000334
0.45355841,-0.00000286,0.00000048
0.45365842,-0.00000286,-0.00000334
0.45375842,-0.00000286,0.00000048
0.45385846,-0.00000668,0.00000048
0.45395847,-0.00000286,0.00000048
0.45405847,-0.00001049,0.00000429
0.45415848,-0.00000668,0.00000048
0.45425851,-0.00001431,0.00000048
0.45435852,-0.00000286,0.00000429
0.45445853,-0.00000286,0.00000048
0.45455853,-0.00000286,0.00000048
0.45465854,-0.00000286,0.00000048
0.45475858,0.00000095,0.00000429
0.45485858,-0.00000286,-0.00000334
0.45495859,0.00000095,0.00000048
0.45505859,0.00000095,0.00000048
0.45515863,-0.00000286,0.00000048
0.45525864,-0.00000286,0.00000048
0.45535864,-0.00000286,0.00000048
0.45545865,-0.00000286,-0.00000334
0.45555865,0.00000095,-0.00000334
0.45565869,-0.00001049,0.00000048
0.45575870,-0.00000668,-0.00000334
0.45585870,-0.00001049,-0.00000334
0.45595871,-0.00000286,0.00000048
0.45605875,0.00000095,0.00000429
0.45615875,0.00000095,0.00000048
0.45625876,-0.00000286,-0.00000334
0.45635876,0.00000095,0.00000811
0.45645877,0.00000477,0.00000048
0.45655881,0.00000095,0.00000429
0.45665881,0.00000095,0.00000429
0.45675882,0.00000095,0.00000429
0.45685883,0.00000095,-0.00000334
0.45695886,-0.00000286,0.00000429
0.45705887,-0.00000286,0.00000048
0.45715887,0.00000095,0.00000048
0.45725888,0.00000095,-0.00000334
0.45735889,-0.00000668,0.00000048
0.45745892,-0.00000286,0.00000048
0.45755893,-0.00000668,0.00000048
0.45765894,-0.00000286,-0.00000334
0.45775894,0.00000095,-0.00000334
0.45785898,0.00000095,0.00000048
0.45795898,0.00000095,0.00000048
0.45805899,-0.00000286,0.00000048
0.45815900,0.00000095,0.00000429
0.45825900,0.00000477,0.00000048
0.45835904,0.00000477,0.00000429
0.45845905,0.00000095,-0.00000334
0.45855905,0.00000477,-0.00000334
0.45865906,0.00000095,0.00000048
0.45875909,0.00000477,0.00000048
0.45885910,0.00000095,0.00000048
0.45895911,-0.00000668,0.00000048
0.45905911,-0.00000286,0.00000048
0.45915912,-0.00000668,0.00000429
0.45925916,0.00000477,0.00000048
0.45935916,-0.00000286,0.00000048
0.45945917,0.00000477,0.00000429
0.45955917,0.00000095,0.00000048
0.45965921,0.00000095,0.00000429
0.45975922,0.00000095,0.00000429
0.45985922,0.00000095,0.00000048
0.45995923,0.00000858,0.00000429
0.46005923,0.00000858,0.00000048
0.46015927,0.00000095,0.00000048
0.46025928,0.00000095,-0.00000334
0.46035928,0.00000477,0.00000048
0.46045929,-0.00000286,0.00000048
0.46055933,0.00000858,0.00000048
0.46065933,0.00000477,0.00000048
0.46075934,-0.00000668,-0.00000334
0.46085934,-0.00001431,0.00000048
0.46095935,-0.00000286,0.00000048
0.46105939,0.00000095,0.00000429
0.46115939,0.00000477,-0.00000334
0.46125940,0.00000477,-0.00000334
0.46135941,0.00000477,0.00000048
0.46145941,0.00000477,0.00000048
0.46155945,0.00000095,0.00000048
0.46165945,0.00000477,-0.00000334
0.46175946,0.00000095,0.00000048
0.46185947,0.00000477,0.00000048
0.46195950,0.00000477,0.00000048
0.46205951,0.00000095,0.00000048
0.46215952,0.00000477,0.00000048
0.46225952,0.00000095,0.00000429
0.46235953,-0.00000668,0.00000048
0.46245956,-0.00001431,0.00000048
0.46255957,-0.00000286,0.00000048
0.46265958,0.00000095,0.00000048
0.46275958,0.00000095,0.00000048
0.46285962,0.00000477,0.00000048
0.46295963,0.00000095,0.00000048
0.46305963,0.00000095,0.00000048
0.46315964,-0.00000286,0.00000048
0.46325964,0.00000477,0.00000048
0.46335968,-0.00000286,0.00000429
0.46345969,0.00000095,0.00000429
0.46355969,0.00000477,0.00000048
0.46365970,0.00000477,0.00000048
0.46375974,0.00000095,0.00000048
0.46385974,0.00000477,0.00000048
0.46395975,0.00000477,0.00000048
0.46405975,-0.00000668,0.00000429
0.46415976,-0.00001431,0.00000048
0.46425980,-0.00000668,-0.00000334
0.46435980,0.00000095,0.00000048
0.46445981,0.00000095,0.00000048
0.46455981,-0.00000286,-0.00000334
0.46465985,0.00000095,0.00000048
0.46475986,0.00000477,0.00000048
0.46485986,-0.00000286,0.00000048
0.46495987,-0.00000286,0.00000048
0.46505988,-0.00000286,-0.00000334
0.46515991,-0.00000286,0.00000048
0.46525992,-0.00000286,0.00000429
0.46535992,0.00000095,-0.00000334
0.46545993,0.00000477,-0.00000334
0.46555997,0.00000095,0.00000048
0.46565997,-0.00001049,-0.00000334
0.46575998,-0.00000286,-0.00000334
0.46585999,-0.00001431,-0.00000334
0.46595999,-0.00000668,0.00000048
0.46606003,0.00000095,0.00000048
0.46616003,0.00000095,0.00000048
0.46626004,-0.00000286,0.00000048
0.46636005,-0.00000286,0.00000048
0.46646008,-0.00000286,-0.00000334
0.46656009,-0.00000286,0.00000048
0.46666010,-0.00000286,0.00000429
0.46676010,-0.00000286,0.00000429
0.46686011,-0.00000286,0.00000048
0.46696014,-0.00000286,-0.00000334
0.46706015,0.00000095,0.00000048
0.46716016,-0.00000286,-0.00000334
0.46726016,0.00000095,0.00000048
0.46736020,-0.00001812,0.00000429
0.46746021,-0.00000668,0.00000429
0.46756021,-0.00001049,0.00000048
0.46766022,-0.00000286,-0.00000334
0.46776022,-0.00000286,0.00000048
0.46786026,-0.00000286,0.00000429
0.46796027,-0.00000286,0.00000048
0.46806027,0.00000095,0.00000048
0.46816028,-0.00000286,0.00000048
0.46826031,-0.00000286,0.00000429
0.46836032,0.00000095,0.00000048
0.46846033,-0.00000286,0.00000048
0.46856033,0.00000095,0.00000048
0.46866034,-0.00000286,0.00000048
0.46876038,0.00000095,0.00000048
0.46886038,-0.00000286,0.00000048
0.46896039,-0.00001431,0.00000048
0.46906039,-0.00001049,0.00000048
0.46916043,-0.00000668,0.00000048
0.46926044,-0.00000668,0.00000048
0.46936044,-0.00000286,0.00000429
0.46946045,-0.00000286,0.00000048
0.46956046,-0.00000286,-0.00000334
0.46966049,0.00000095,-0.00000334
0.46976050,-0.00000286,0.00000048
0.46986050,-0.00000286,-0.00000334
0.46996051,-0.00000286,0.00000048
0.47006055,0.00000095,0.00000429
0.47016055,-0.00000286,-0.00000334
0.47026056,0.00000095,0.00000048
0.47036057,-0.00000668,0.00000048
0.47046057,-0.00000286,0.00000048
0.47056061,-0.00000286,-0.00000334
0.47066061,-0.00000668,-0.00000334
0.47076062,-0.00001049,0.00000048
0.47086063,-0.00001812,0.00000429
0.47096066,-0.00001049,0.00000048
0.47106067,-0.00000286,0.00000048
0.47116068,-0.00000286,0.00000429
0.47126068,-0.00000286,0.00000429
0.47136069,-0.00000668,0.00000429
0.47146072,0.00000095,0.00000429
0.47156073,-0.00000286,0.00000048
0.47166074,0.00000095,0.00000048
0.47176074,-0.00000286,0.00000048
0.47186075,-0.00000286,0.00000048
0.47196078,-0.00000286,0.00000048
0.47206079,0.00000095,0.00000048
0.47216080,0.00000477,0.00000048
0.47226080,-0.00000286,-0.00000334
0.47236084,-0.00000668,-0.00000334
0.47246085,-0.00001431,-0.00000334
0.47256085,-0.00000668,-0.00000334
0.47266086,0.00000095,-0.00000334
0.47276086,-0.00000668,-0.00000334
0.47286090,-0.00000286,-0.00000334
0.47296091,-0.00000286,0.00000048
0.47306091,-0.00000286,-0.00000334
0.47316092,0.00000095,-0.00000334
0.47326096,-0.00000286,-0.00000334
0.47336096,-0.00000286,-0.00000334
0.47346097,-0.00000286,-0.00000334
0.47356097,-0.00000286,0.00000429
0.47366098,-0.00000286,0.00000048
0.47376102,0.00000095,-0.00000334
0.47386102,-0.00000286,0.00000048
0.47396103,-0.00000286,0.00000429
0.47406104,-0.00001431,0.00000048
0.47416107,-0.00001431,0.00000048
0.47426108,-0.00000668,0.00000048
0.47436108,0.00000095,0.00000048
0.47446109,0.00000095,0.00000048
0.47456110,0.00000095,0.00000048
0.47466113,-0.00000286,-0.00000334
0.47476114,-0.00000286,0.00000429
0.47486115,-0.00000286,0.00000429
0.47496115,0.00000095,0.00000048
0.47506119,-0.00000286,0.00000048
0.47516119,-0.00000286,-0.00000334
0.47526120,0.00000095,0.00000429
0.47536121,0.00000095,-0.00000334
0.47546121,0.00000095,0.00000048
0.47556125,0.00000095,0.00000048
0.47566125,-0.00001049,-0.00000334
0.47576126,0.00000095,0.00000048
0.47586127,-0.00001049,0.00000048
0.47596130,0.00000095,-0.00000334
0.47606131,-0.00000286,0.00000048
0.47616132,0.00000095,0.00000048
0.47626132,-0.00000286,-0.00000334
0.47636133,-0.00000286,-0.00000334
0.47646136,0.00000095,0.00000429
0.47656137,0.00000095,0.00000048
0.47666138,-0.00000286,0.00000048
0.47676138,0.00000095,0.00000048
0.47686142,-0.00000286,-0.00000334
0.47696143,0.00000095,0.00000048
0.47706143,0.00000095,0.00000048
0.47716144,0.00000095,0.00000048
0.47726144,0.00000095,0.00000048
0.47736148,-0.00001049,0.00000429
0.47746149,0.00000095,0.00000048
0.47756149,-0.00000286,0.00000429
0.47766150,-0.00000286,0.00000048
0.47776154,0.00000095,0.00000048
0.47786154,0.00000095,0.00000429
0.47796155,0.00000095,0.00000048
0.47806155,0.00000477,0.00000048
0.47816156,0.00000095,-0.00000334
0.47826160,0.00000095,0.00000048
0.47836160,0.00000477,0.00000048
0.47846161,0.00000095,0.00000048
0.47856161,0.00000477,0.00000048
0.47866165,0.00000477,0.00000429
0.47876166,0.00000477,0.00000048
0.47886166,-0.00000286,0.00000048
0.47896167,-0.00000668,0.00000048
0.47906168,-0.00000286,0.00000048
0.47916171,-0.00000668,0.00000048
0.47926172,0.00000095,0.00000048
0.47936172,0.00000095,0.00000048
0.47946173,0.00000477,-0.00000334
0.47956177,0.00000477,-0.00000334
0.47966177,0.00000095,0.00000048
0.47976178,0.00000095,-0.00000334
0.47986179,0.00000095,0.00000048
0.47996179,0.00000858,0.00000048
0.48006183,0.00000095,0.00000048
0.48016183,-0.00000286,-0.00000334
0.48026184,0.00000477,0.00000048
0.48036185,0.00000095,0.00000048
0.48046188,0.00000095,0.00000048
0.48056189,0.00000095,0.00000048
0.48066190,0.00000095,0.00000048
0.48076190,-0.00000286,0.00000429
0.48086191,-0.00000668,0.00000048
0.48096194,-0.00000286,0.00000429
0.48106195,0.00000477,0.00000429
0.48116196,0.00000095,0.00000048
0.48126196,0.00000095,0.00000048
0.48136200,0.00000095,0.00000429
0.48146201,0.00000477,0.00000048
0.48156201,0.00000095,0.00000811
0.48166202,0.00000095,-0.00000334
0.48176202,0.00000477,0.00000048
0.48186206,0.00000095,0.00000048
0.48196207,0.00000095,0.00000048
0.48206207,0.00000095,-0.00000334
0.48216208,0.00000095,-0.00000334
0.48226208,0.00000095,0.00000048
0.48236212,-0.00000668,0.00000048
0.48246213,-0.00001049,0.00000048
0.48256213,-0.00000286,-0.00000334
0.48266214,-0.00000286,0.00000048
0.48276218,-0.00000286,0.00000048
0.48286218,0.00000095,0.00000429
0.48296219,0.00000095,0.00000429
0.48306219,0.00000095,-0.00000334
0.48316220,0.00000095,0.00000048
0.48326224,0.00000095,0.00000048
0.48336224,-0.00000286,0.00000048
0.48346225,0.00000095,0.00000048
0.48356226,0.00000095,0.00000048
0.48366229,0.00000095,0.00000429
0.48376230,-0.00000286,0.00000429
0.48386230,0.00000095,0.00000048
0.48396231,0.00000095,0.00000048
0.48406232,-0.00000668,0.00000048
0.48416235,-0.00001812,0.00000429
0.48426236,-0.00000286,0.00000048
0.48436237,0.00000095,0.00000048
0.48446237,0.00000477,-0.00000334
0.48456241,0.00000095,-0.00000334
0.48466241,-0.00000286,-0.00000334
0.48476242,0.00000477,0.00000048
0.48486243,0.00000095,0.00000429
0.48496243,-0.00000286,0.00000048
0.48506247,0.00000095,0.00000048
0.48516248,-0.00000286,0.00000048
0.48526248,0.00000095,0.00000048
0.48536249,-0.00000286,0.00000048
0.48546252,-0.00000286,0.00000048
0.48556253,0.00000095,0.00000048
0.48566254,-0.00000286,0.00000048
0.48576254,-0.00000286,-0.00000334
0.48586255,-0.00001049,0.00000048
0.48596259,-0.00000668,0.00000048
0.48606259,0.00000095,0.00000048
0.48616260,0.00000095,0.00000048
0.48626260,0.00000095,0.00000048
0.48636264,0.00000095,0.00000048
0.48646265,-0.00000286,0.00000429
0.48656265,-0.00000286,0.00000048
0.48666266,-0.00000286,0.00000429
0.48676266,-0.00000286,0.00000048
0.48686270,0.00000095,0.00000429
0.48696271,0.00000095,-0.00000334
0.48706271,-0.00000286,0.00000429
0.48716272,0.00000095,0.00000048
0.48726276,-0.00000286,0.00000048
0.48736276,-0.00001431,0.00000048
0.48746277,-0.00000286,0.00000429
0.48756277,-0.00001049,0.00000429
0.48766278,0.00000095,0.00000429
0.48776282,0.00000095,0.00000429
0.48786282,-0.00000286,0.00000048
0.48796283,-0.00000286,0.00000429
0.48806284,0.00000095,-0.00000334
0.48816287,-0.00000286,0.00000048
0.48826288,-0.00000286,0.00000429
0.48836288,0.00000095,0.00000048
0.48846289,-0.00000286,-0.00000334
0.48856290,-0.00000286,0.00000429
0.48866293,0.00000095,0.00000429
0.48876294,-0.00000286,0.00000048
0.48886295,0.00000095,0.00000048
0.48896295,-0.00001431,0.00000048
0.48906299,-0.00000286,-0.00000334
0.48916299,-0.00001431,0.00000429
0.48926300,-0.00000286,-0.00000334
0.48936301,-0.00000286,0.00000048
0.48946301,-0.00000286,0.00000048
0.48956305,-0.00000668,-0.00000334
0.48966306,-0.00000286,0.00000048
0.48976306,0.00000095,0.00000048
0.48986307,-0.00000668,0.00000048
0.48996310,-0.00000668,0.00000048
0.49006311,-0.00000668,-0.00000334
0.49016312,-0.00000668,0.00000048
0.49026312,-0.00000668,0.00000429
0.49036313,-0.00000286,0.00000048
0.49046317,0.00000095,0.00000048
0.49056317,0.00000095,0.00000048
0.49066318,-0.00000668,0.00000429
0.49076318,-0.00001049,0.00000048
0.49086322,-0.00001812,0.00000048
0.49096323,-0.00001049,0.00000048
0.49106323,-0.00000286,0.00000048
0.49116324,-0.00000286,0.00000048
0.49126324,0.00000095,0.00000429
0.49136328,-0.00000668,0.00000429
0.49146329,-0.00000286,0.00000048
0.49156329,-0.00000668,0.00000048
0.49166330,0.00000095,0.00000048
0.49176331,-0.00000286,0.00000429
0.49186334,-0.00000668,0.00000048
0.49196335,-0.00000286,-0.00000334
0.49206335,-0.00000286,0.00000048
0.49216336,-0.00000286,0.00000048
0.49226340,-0.00000286,0.00000048
0.49236340,-0.00000668,-0.00000334
0.49246341,-0.00001812,0.00000048
0.49256342,-0.00000668,0.00000048
0.49266342,-0.00000286,-0.00000334
0.49276346,-0.00000286,0.00000048
0.49286346,-0.00000286,-0.00000334
0.49296347,-0.00000286,0.00000048
0.49306348,-0.00000286,0.00000048
0.49316351,-0.00000286,0.00000048
0.49326352,-0.00000286,-0.00000334
0.49336353,-0.00000286,0.00000048
0.49346353,-0.00000286,-0.00000334
0.49356354,-0.00000286,-0.00000715
0.49366357,-0.00000286,0.00000048
0.49376358,-0.00000286,0.00000429
0.49386359,-0.00000286,0.00000048
0.49396359,-0.00000286,0.00000048
0.49406363,-0.00001049,-0.00000334
0.49416364,-0.00001049,0.00000048
0.49426364,-0.00001049,0.00000048
0.49436365,-0.00000286,0.00000429
0.49446365,-0.00000668,-0.00000334
0.49456369,-0.00000286,0.00000048
0.49466370,-0.00000286,-0.00000334
0.49476370,0.00000095,0.00000048
0.49486371,-0.00000286,0.00000048
0.49496375,-0.00000286,0.00000429
0.49506375,0.00000095,0.00000048
0.49516376,0.00000095,0.00000048
0.49526376,0.00000095,0.00000048
0.49536377,0.00000477,0.00000048
0.49546381,0.00000095,0.00000048
0.49556381,-0.00000668,0.00000048
0.49566382,-0.00001431,-0.00000334
0.49576382,-0.00000668,0.00000048
0.49586386,-0.00000668,0.00000048
0.49596387,-0.00000286,-0.00000334
0.49606387,0.00000095,0.00000048
0.49616388,0.00000095,0.00000048
0.49626389,0.00000095,0.00000048
0.49636392,0.00000095,0.00000048
0.49646393,0.00000095,0.00000429
0.49656393,0.00000095,0.00000048
0.49666394,0.00000095,-0.00000334
0.49676398,0.00000095,0.00000048
0.49686398,0.00000095,0.00000048
0.49696399,0.00000095,0.00000429
0.49706400,0.00000477,0.00000429
0.49716400,0.00000095,0.00000048
0.49726404,0.00000095,0.00000429
0.49736404,-0.00000668,0.00000048
0.49746405,-0.00000286,0.00000429
0.49756406,-0.00000668,0.00000048
0.49766409,-0.00000286,0.00000429
0.49776410,0.00000095,0.00000048
0.49786411,0.00000095,-0.00000334
0.49796411,0.00000095,-0.00000334
0.49806412,0.00000095,0.00000048
0.49816415,0.00000095,0.00000048
0.49826416,0.00000095,-0.00000334
0.49836417,0.00000095,0.00000429
0.49846417,0.00000095,-0.00000334
0.49856421,0.00000477,0.00000811
0.49866422,-0.00000286,0.00000048
0.49876422,0.00000477,0.00000048
0.49886423,0.00000095,0.00000048
0.49896423,-0.00000668,0.00000048
0.49906427,0.00000095,-0.00000334
0.49916428,-0.00000668,0.00000048
0.49926428,0.00000095,0.00000429
0.49936429,0.00000095,0.00000048
0.49946432,0.00000095,0.00000048
0.49956433,0.00000477,0.00000048
0.49966434,0.00000477,-0.00000334
0.49976434,0.00000477,0.00000048
0.49986435,0.00000477,0.00000048
0.49996439,0.00000477,0.00000048
0.50006439,0.00000477,0.00000048
0.50016440,0.00000095,0.00000048
0.50026440,0.00000095,0.00000048
0.50036444,0.00000095,0.00000048
0.50046445,0.00000095,0.00000048
0.50056445,0.00000477,-0.00000334
0.50066446,-0.00000286,0.00000048
0.50076447,-0.00000286,-0.00000334
0.50086450,-0.00002194,0.00000048
0.50096451,-0.00000286,-0.00000334
0.50106451,0.00000095,0.00000048
0.50116452,0.00000095,0.00000048
0.50126456,0.00000477,-0.00000334
0.50136456,0.00000095,-0.00000334
0.50146457,0.00000477,0.00000048
0.50156458,0.00000477,0.00000429
0.50166458,0.00000095,0.00000048
0.50176462,0.00000095,-0.00000334
0.50186462,0.00000095,0.00000429
0.50196463,0.00000095,-0.00000334
0.50206464,0.00000095,0.00000048
0.50216464,0.00000095,0.00000048
0.50226468,0.00000477,0.00000429
0.50236469,-0.00000286,0.00000048
0.50246469,-0.00001431,0.00000048
0.50256470,-0.00000286,-0.00000334
0.50266473,-0.00000286,-0.00000334
0.50276474,0.00000477,-0.00000334
0.50286475,0.00000095,0.00000048
0.50296475,-0.00000286,0.00000048
0.50306476,0.00000477,-0.00000334
0.50316479,0.00000095,-0.00000334
0.50326480,-0.00000668,0.00000048
0.50336481,0.00000095,-0.00000334
0.50346481,0.00000095,-0.00000334
0.50356485,0.00000095,0.00000048
0.50366486,0.00000095,0.00000048
0.50376486,0.00000095,-0.00000334
0.50386487,-0.00000286,0.00000048
0.50396487,0.00000095,-0.00000334
0.50406491,-0.00001049,0.00000048
0.50416492,-0.00001431,-0.00000334
0.50426492,-0.00000668,0.00000048
0.50436493,0.00000095,-0.00000334
0.50446497,0.00000095,0.00000048
0.50456497,0.00000095,-0.00000334
0.50466498,0.00000095,0.00000048
0.50476498,0.00000095,0.00000048
0.50486499,-0.00000286,0.00000048
0.50496503,-0.00000286,0.00000048
0.50506503,0.00000095,-0.00000334
0.50516504,-0.00000286,0.00000429
0.50526505,-0.00000286,-0.00000334
0.50536508,-0.00000286,-0.00000334
0.50546509,0.00000095,-0.00000715
0.50556509,-0.00000286,-0.00000334
0.50566510,-0.00001049,-0.00000334
0.50576511,-0.00000286,0.00000048
0.50586514,-0.00001049,0.00000048
0.50596515,-0.00000668,0.00000429
0.50606516,0.00000095,0.00000048
0.50616516,-0.00000286,0.00000048
0.50626520,-0.00000286,0.00000048
0.50636520,-0.00000286,0.00000048
0.50646521,0.00000095,-0.00000334
0.50656522,-0.00000286,0.00000429
0.50666522,-0.00000286,-0.00000334
0.50676526,-0.00000286,0.00000048
0.50686526,0.00000095,0.00000048
0.50696527,0.00000095,0.00000048
0.50706528,-0.00000286,0.00000048
0.50716531,-0.00000286,0.00000048
0.50726532,-0.00000286,0.00000429
0.50736533,-0.00001812,0.00000048
0.50746533,-0.00000668,0.00000048
0.50756534,-0.00001049,0.00000048
0.50766537,-0.00000286,-0.00000334
0.50776538,-0.00000668,0.00000048
0.50786539,-0.00000286,-0.00000334
0.50796539,0.00000095,0.00000429
0.50806543,-0.00000286,0.00000048
0.50816544,-0.00000286,0.00000048
0.50826544,-0.00000286,0.00000048
0.50836545,0.00000095,-0.00000334
0.50846545,-0.00000286,-0.00000334
0.50856549,-0.00000286,0.00000048
0.50866550,-0.00000286,0.00000048
0.50876550,-0.00000668,-0.00000334
0.50886551,0.00000095,0.00000048
0.50896555,-0.00001049,-0.00000334
0.50906555,-0.00000286,0.00000048
0.50916556,-0.00000668,-0.00000334
0.50926556,-0.00000668,0.00000048
0.50936557,-0.00000668,0.00000429
0.50946561,-0.00000286,0.00000429
0.50956561,-0.00000286,0.00000048
0.50966562,-0.00000286,0.00000429
0.50976562,-0.00000286,0.00000429
0.50986566,-0.00000286,0.00000048
0.50996567,-0.00000668,-0.00000334
0.51006567,-0.00000286,-0.00000334
0.51016568,-0.00000668,0.00000429
0.51026569,-0.00000286,0.00000429
0.51036572,-0.00000286,0.00000429
0.51046573,-0.00000286,0.00000429
0.51056573,-0.00000286,0.00000048
0.51066574,-0.00000286,0.00000048
0.51076578,-0.00001049,-0.00000334
0.51086578,-0.00001431,0.00000048
0.51096579,-0.00000286,0.00000429
0.51106580,-0.00000668,0.00000048
0.51116580,-0.00000286,-0.00000334
0.51126584,0.00000095,-0.00000334
0.51136584,-0.00000668,0.00000429
0.51146585,-0.00000286,-0.00000334
0.51156586,-0.00000286,0.00000429
0.51166589,0.00000095,0.00000048
0.51176590,-0.00000286,-0.00000334
0.51186591,-0.00000286,-0.00000334
0.51196591,-0.00000286,0.00000429
0.51206592,-0.00000286,0.00000048
0.51216595,-0.00000286,0.00000048
0.51226593,-0.00000286,-0.00000334
0.51236597,-0.00001049,0.00000048
0.51246600,-0.00001049,0.00000429
0.51256598,-0.00000668,-0.00000334
0.51266602,0.00000095,-0.00000334
0.51276599,-0.00000286,-0.00000334
0.51286603,0.00000477,0.00000429
0.51296606,-0.00000286,-0.00000334
0.51306604,-0.00000286,0.00000048
0.51316608,-0.00000286,0.00000048
0.51326611,-0.00000286,-0.00000715
0.51336609,-0.00000286,0.00000048
0.51346613,-0.00000286,-0.00000334
0.51356610,-0.00000286,0.00000048
0.51366614,-0.00000286,0.00000048
0.51376617,0.00000095,0.00000048
0.51386615,0.00000095,0.00000429
0.51396619,-0.00000286,0.00000048
0.51406616,-0.00001049,0.00000429
0.51416620,-0.00000668,0.00000048
0.51426624,-0.00000668,-0.00000334
0.51436621,-0.00000286,0.00000048
0.51446625,0.00000095,-0.00000334
0.51456622,-0.00000668,-0.00000334
0.51466626,-0.00000286,0.00000048
0.51476630,0.00000095,-0.00000334
0.51486627,-0.00000668,0.00000048
0.51496631,0.00000095,0.00000429
0.51506635,-0.00000668,0.00000048
0.51516632,0.00000095,0.00000048
0.51526636,0.00000095,-0.00000334
0.51536633,-0.00000286,0.00000048
0.51546637,-0.00000286,0.00000048
0.51556641,0.00000095,0.00000429
0.51566638,-0.00001431,0.00000429
0.51576642,-0.00000286,0.00000429
0.51586639,-0.00001049,-0.00000334
0.51596643,-0.00000286,0.00000048
0.51606647,0.00000477,-0.00000334
0.51616644,0.00000477,0.00000048
0.51626648,-0.00000286,0.00000429
0.51636646,0.00000095,0.00000429
0.51646649,0.00000095,0.00000429
0.51656653,0.00000095,0.00000048
0.51666650,-0.00000286,-0.00000334
0.51676654,0.00000095,0.00000429
0.51686658,-0.00000286,0.00000048
0.51696655,0.00000095,0.00000048
0.51706659,0.00000095,-0.00000334
0.51716656,-0.00000286,0.00000048
0.51726660,-0.00000286,0.00000429
0.51736664,-0.00001049,0.00000048
0.51746661,-0.00000286,-0.00000334
0.51756665,-0.00000668,0.00000048
0.51766663,-0.00000286,0.00000048
0.51776666,0.00000095,0.00000048
0.51786670,-0.00000286,0.00000048
0.51796667,-0.00000286,0.00000429
0.51806671,-0.00000286,0.00000048
0.51816669,0.00000095,0.00000429
0.51826672,-0.00000286,0.00000429
0.51836676,-0.00000286,0.00000048
0.51846674,0.00000095,0.00000429
0.51856677,0.00000477,0.00000048
0.51866675,0.00000095,0.00000429
0.51876678,0.00000477,0.00000048
0.51886682,0.00000095,0.00000048
0.51896680,0.00000095,0.00000048
0.51906683,-0.00000286,-0.00000334
0.51916687,-0.00001049,0.00000048
0.51926685,-0.00000286,0.00000048
0.51936688,0.00000477,0.00000048
0.51946686,0.00000477,0.00000048
0.51956689,0.00000095,0.00000048
0.51966693,-0.00000286,0.00000048
0.51976691,0.00000477,0.00000048
0.51986694,0.00000858,0.00000048
0.51996692,0.00000095,0.00000048
0.52006696,0.00000477,0.00000048
0.52016699,0.00000477,0.00000048
0.52026697,0.00000477,0.00000429
0.52036700,0.00000477,0.00000429
0.52046698,0.00000095,-0.00000334
0.52056702,0.00000477,0.00000048
0.52066705,0.00000095,0.00000048
0.52076703,-0.00000286,0.00000048
0.52086707,-0.00001431,0.00000048
0.52096710,-0.00000286,0.00000429
0.52106708,0.00000477,0.00000048
0.52116711,0.00000477,0.00000048
0.52126709,0.00000477,0.00000429
0.52136713,0.00000095,0.00000048
0.52146716,0.00000095,0.00000048
0.52156714,0.00000095,0.00000048
0.52166718,0.00000095,0.00000048
0.52176715,-0.00000286,0.00000048
0.52186719,0.00000095,0.00000429
0.52196722,0.00000095,0.00000048
0.52206720,0.00000477,0.00000048
0.52216724,0.00000095,0.00000048
0.52226721,0.00000477,-0.00000334
0.52236725,-0.00000286,-0.00000334
0.52246729,-0.00001431,0.00000048
0.52256726,0.00000095,0.00000048
0.52266730,-0.00000286,-0.00000334
0.52276733,-0.00000286,0.00000048
0.52286731,0.00000095,0.00000429
0.52296735,0.00000095,0.00000048
0.52306732,0.00000095,0.00000048
0.52316736,-0.00000286,0.00000048
0.52326740,0.00000477,0.00000048
0.52336737,-0.00000286,0.00000048
0.52346741,0.00000095,0.00000048
0.52356738,0.00000095,-0.00000334
0.52366742,0.00000095,0.00000048
0.52376746,0.00000095,-0.00000334
0.52386743,-0.00000286,0.00000048
0.52396747,-0.00000286,-0.00000334
0.52406744,-0.00000668,0.00000048
0.52416748,-0.00001431,0.00000048
0.52426752,-0.00000286,0.00000048
0.52436749,-0.00000286,-0.00000334
0.52446753,0.00000095,-0.00000334
0.52456757,-0.00000286,-0.00000334
0.52466754,-0.00000286,0.00000048
0.52476758,0.00000095,0.00000048
0.52486755,0.00000095,-0.00000334
0.52496759,-0.00000286,0.00000048
0.52506763,0.00000095,-0.00000334
0.52516760,0.00000095,0.00000048
0.52526764,-0.00000286,0.00000048
0.52536761,0.00000095,-0.00000334
0.52546765,-0.00000286,0.00000048
0.52556769,-0.00000286,0.00000048
0.52566766,-0.00001049,0.00000048
0.52576770,-0.00000286,0.00000048
0.52586768,-0.00001049,0.00000048
0.52596771,0.00000095,0.00000048
0.52606775,0.00000095,-0.00000334
0.52616772,-0.00000286,0.00000048
0.52626776,0.00000477,0.00000048
0.52636780,0.00000095,-0.00000334
0.52646777,-0.00000286,-0.00000334
0.52656781,0.00000095,0.00000429
0.52666779,-0.00000668,-0.00000334
0.52676782,0.00000095,0.00000429
0.52686786,-0.00000286,0.00000048
0.52696783,0.00000095,-0.00000334
0.52706787,0.00000095,0.00000429
0.52716785,-0.00000286,-0.00000334
0.52726788,0.00000095,-0.00000334
0.52736792,-0.00001812,-0.00000715
0.52746790,-0.00000668,0.00000429
0.52756793,-0.00001049,0.00000048
0.52766791,-0.00000286,0.00000048
0.52776794,-0.00000286,0.00000048
0.52786798,-0.00000286,0.00000048
0.52796796,-0.00000286,-0.00000334
0.52806799,-0.00000286,0.00000048
0.52816797,-0.00000286,0.00000429
0.52826801,-0.00000286,0.00000048
0.52836804,0.00000095,-0.00000334
0.52846802,-0.00000286,0.00000048
0.52856805,-0.00000286,0.00000048
0.52866809,-0.00000286,-0.00000334
0.52876807,0.00000095,0.00000048
0.52886810,-0.00000286,0.00000048
0.52896808,-0.00001431,0.00000048
0.52906812,-0.00000668,-0.00000334
0.52916815,-0.00001431,-0.00000334
0.52926813,-0.00000668,-0.00000334
0.52936816,-0.00000286,0.00000048
0.52946814,-0.00000286,0.00000048
0.52956818,-0.00000668,0.00000048
0.52966821,-0.00000668,0.00000048
0.52976819,-0.00000668,0.00000048
0.52986823,-0.00000286,0.00000048
0.52996820,-0.00000286,0.00000048
0.53006824,-0.00000668,-0.00000334
0.53016827,0.00000095,0.00000048
0.53026825,-0.00000668,-0.00000334
0.53036829,-0.00000668,-0.00000334
0.53046832,-0.00000286,0.00000048
0.53056830,-0.00000286,0.00000048
0.53066833,-0.00000286,0.00000048
0.53076831,-0.00000668,0.00000048
0.53086835,-0.00001431,0.00000048
0.53096838,-0.00001049,-0.00000334
0.53106836,-0.00000286,0.00000048
0.53116840,-0.00000286,0.00000048
0.53126837,-0.00000286,-0.00000334
0.53136841,-0.00000286,-0.00000334
0.53146844,-0.00000668,0.00000048
0.53156842,0.00000095,0.00000048
0.53166846,0.00000095,0.00000048
0.53176843,0.00000095,0.00000048
0.53186847,-0.00000286,-0.00000334
0.53196851,0.00000095,0.00000048
0.53206848,-0.00000668,0.00000048
0.53216852,0.00000095,-0.00000334
0.53226855,-0.00000286,-0.00000334
0.53236853,-0.00000668,-0.00000334
0.53246857,-0.00000668,-0.00000334
0.53256854,-0.00000668,0.00000429
0.53266858,-0.00000286,0.00000048
0.53276862,-0.00000286,-0.00000334
0.53286859,-0.00000286,-0.00000334
0.53296863,-0.00000286,0.00000048
0.53306860,-0.00000286,0.00000048
0.53316864,-0.00000286,0.00000048
0.53326868,-0.00000668,-0.00000334
0.53336865,0.00000095,0.00000048
0.53346869,-0.00000286,-0.00000334
0.53356866,-0.00000286,0.00000048
0.53366870,-0.00000668,0.00000048
0.53376874,-0.00000286,0.00000429
0.53386871,-0.00000286,0.00000048
0.53396875,-0.00000286,0.00000048
0.53406879,-0.00001049,-0.00000334
0.53416876,-0.00000286,-0.00000334
0.53426880,-0.00000668,-0.00000334
0.53436877,-0.00000286,-0.00000334
0.53446881,-0.00000286,0.00000048
0.53456885,-0.00000286,-0.00000334
0.53466882,-0.00000286,0.00000048
0.53476886,-0.00000286,-0.00000334
0.53486884,-0.00000286,-0.00000334
0.53496887,-0.00000286,0.00000048
0.53506891,0.00000095,0.00000048
0.53516888,-0.00000286,0.00000429
0.53526892,0.00000095,-0.00000334
0.53536890,-0.00000286,0.00000429
0.53546893,-0.00000286,0.00000048
0.53556897,0.00000858,0.00000048
0.53566895,-0.00001049,0.00000048
0.53576898,-0.00000668,0.00000048
0.53586902,-0.00000668,-0.00000334
0.53596899,-0.00000286,0.00000048
0.53606903,0.00000095,0.00000048
0.53616901,-0.00000286,0.00000048
0.53626904,-0.00000286,-0.00000334
0.53636908,0.00000095,0.00000048
0.53646906,-0.00000668,-0.00000334
0.53656909,-0.00000286,0.00000048
0.53666907,0.00000095,0.00000048
0.53676910,-0.00000286,-0.00000334
0.53686914,-0.00000286,-0.00000334
0.53696912,-0.00000286,0.00000048
0.53706915,0.00000095,-0.00000334
0.53716913,0.00000095,0.00000811
0.53726917,0.00000095,0.00000048
0.53736920,-0.00001049,0.00000048
0.53746918,-0.00000286,0.00000048
0.53756921,-0.00000668,-0.00000334
0.53766919,-0.00000668,0.00000048
0.53776923,0.00000095,-0.00000334
0.53786926,-0.00000286,0.00000429
0.53796924,0.00000095,0.00000048
0.53806927,0.00000095,0.00000429
0.53816931,-0.00000286,0.00000048
0.53826929,0.00000095,0.00000048
0.53836932,-0.00000286,0.00000048
0.53846930,0.00000095,-0.00000334
0.53856934,-0.00000286,0.00000048
0.53866937,0.00000095,0.00000048
0.53876935,0.00000477,0.00000048
0.53886938,0.00000477,0.00000429
0.53896936,-0.00000668,0.00000048
0.53906940,-0.00000668,-0.00000715
0.53916943,-0.00001049,0.00000048
0.53926941,-0.00000286,0.00000048
0.53936945,0.00000095,0.00000429
0.53946942,0.00000477,0.00000429
0.53956946,0.00000477,-0.00000334
0.53966949,0.00000095,-0.00000334
0.53976947,0.00000095,0.00000429
0.53986951,0.00000477,-0.00000334
0.53996954,0.00000477,0.00000429
0.54006952,0.00000477,0.00000048
0.54016956,0.00000095,0.00000048
0.54026953,0.00000095,0.00000048
0.54036957,0.00000095,0.00000429
0.54046960,0.00000095,0.00000048
0.54056958,0.00000095,-0.00000334
0.54066962,0.00000095,0.00000048
0.54076959,-0.00000668,-0.00000334
0.54086963,-0.00000668,0.00000048
0.54096967,-0.00000668,0.00000429
0.54106964,-0.00000286,-0.00000334
0.54116968,-0.00000286,0.00000048
0.54126965,0.00000095,0.00000048
0.54136969,0.00000477,0.00000048
0.54146973,0.00000095,0.00000048
0.54156970,0.00000095,0.00000048
0.54166974,0.00000095,0.00000048
0.54176978,-0.00000286,0.00000048
0.54186975,0.00000477,0.00000048
0.54196979,0.00000477,0.00000048
0.54206976,-0.00000286,0.00000048
0.54216980,0.00000095,-0.00000334
0.54226984,0.00000477,0.00000048
0.54236981,-0.00000286,0.00000048
0.54246985,-0.00000668,0.00000048
0.54256982,0.00000095,0.00000429
0.54266986,0.00000477,0.00000048
0.54276990,0.00000477,0.00000429
0.54286987,-0.00000286,0.00000048
0.54296991,0.00000095,0.00000048
0.54306989,0.00000477,0.00000429
0.54316992,-0.00000286,-0.00000334
0.54326996,0.00000095,0.00000048
0.54336993,-0.00000286,-0.00000715
0.54346997,0.00000095,-0.00000334
0.54357001,0.00000095,-0.00000334
0.54366998,0.00000477,0.00000429
0.54377002,-0.00000286,-0.00000334
0.54387000,0.00000095,-0.00000334
0.54397003,-0.00000286,-0.00000334
0.54407007,-0.00000668,0.00000048
0.54417004,-0.00001431,0.00000048
0.54427008,-0.00000286,0.00000048
0.54437006,-0.00000286,0.00000048
0.54447009,0.00000095,0.00000429
0.54457013,0.00000095,0.00000429
0.54467010,0.00000095,0.00000048
0.54477014,-0.00000286,0.00000048
0.54487012,0.00000095,0.00000429
0.54497015,-0.00000286,-0.00000334
0.54507019,0.00000095,0.00000429
0.54517017,-0.00000286,0.00000048
0.54527020,-0.00000286,0.00000048
0.54537024,0.00000095,0.00000048
0.54547021,-0.00000286,0.00000048
0.54557025,0.00000095,0.00000429
0.54567023,-0.00000668,0.00000048
0.54577026,-0.00000668,0.00000048
0.54587030,-0.00000668,0.00000429
0.54597028,-0.00000286,-0.00000334
0.54607031,-0.00000286,0.00000048
0.54617029,-0.00000286,-0.00000334
0.54627032,-0.00000286,0.00000048
0.54637036,0.00000095,0.00000048
0.54647034,0.00000095,0.00000048
0.54657037,-0.00000286,0.00000048
0.54667035,-0.00000286,0.00000429
0.54677039,-0.00000286,0.00000048
0.54687042,-0.00000286,0.00000048
0.54697040,-0.00000286,0.00000048
0.54707043,-0.00000286,0.00000048
0.54717047,-0.00000286,0.00000048
0.54727045,-0.00000286,0.00000048
0.54737048,-0.00001812,0.00000048
0.54747046,-0.00000668,-0.00000334
0.54757050,-0.00000668,-0.00000334
0.54767053,-0.00000286,0.00000048
0.54777051,-0.00000286,0.00000048
0.54787054,0.00000095,0.00000048
0.54797052,0.00000095,0.00000048
0.54807056,-0.00000286,-0.00000334
0.54817059,0.00000095,0.00000429
0.54827057,0.00000095,0.00000048
0.54837061,-0.00000286,-0.00000334
0.54847058,0.00000095,0.00000048
0.54857062,0.00000095,-0.00000334
0.54867065,0.00000095,0.00000048
0.54877063,-0.00000286,0.00000048
0.54887067,-0.00000286,0.00000048
0.54897064,-0.00001431,0.00000048
0.54907068,-0.00000286,-0.00000334
0.54917072,-0.00001049,-0.00000334
0.54927069,-0.00000668,0.00000429
0.54937073,-0.00000286,0.00000048
0.54947076,0.00000095,0.00000048
0.54957074,0.00000095,0.00000048
0.54967078,-0.00000286,0.00000048
0.54977075,0.00000095,0.00000048
0.54987079,0.00000095,0.00000429
0.54997083,-0.00000286,0.00000048
0.55007080,-0.00000286,-0.00000334
0.55017084,0.00000095,0.00000048
0.55027081,0.00000095,0.00000048
0.55037085,-0.00000668,0.00000048
0.55047089,-0.00000668,-0.00000334
0.55057086,-0.00000286,0.00000048
0.55067090,-0.00000286,0.00000048
0.55077087,-0.00000286,0.00000048
0.55087091,-0.00001431,-0.00000334
0.55097095,-0.00000668,0.00000048
0.55107092,-0.00000286,0.00000048
0.55117096,-0.00000286,0.00000048
0.55127100,-0.00000668,0.00000048
0.55137097,-0.00000286,0.00000048
0.55147101,-0.00000668,-0.00000715
0.55157098,-0.00000286,0.00000048
0.55167102,-0.00000286,0.00000048
0.55177106,0.00000095,0.00000048
0.55187103,-0.00000668,0.00000048
0.55197107,-0.00000286,0.00000048
0.55207104,-0.00000286,0.00000048
0.55217108,-0.00000668,0.00000429
0.55227112,-0.00000286,0.00000048
0.55237109,-0.00001049,0.00000048
0.55247113,-0.00001431,-0.00000715
0.55257111,-0.00000668,0.00000429
0.55267114,0.00000095,0.00000429
0.55277118,0.00000095,-0.00000334
0.55287115,-0.00000286,0.00000048
0.55297119,-0.00000668,0.00000048
0.55307123,-0.00000668,0.00000429
0.55317120,-0.00000286,-0.00000334
0.55327124,-0.00000286,-0.00000334
0.55337122,-0.00000286,-0.00000334
0.55347125,0.00000095,0.00000429
0.55357129,-0.00000286,0.00000429
0.55367126,-0.00000286,-0.00000334
0.55377130,-0.00000286,0.00000048
0.55387128,-0.00000286,0.00000048
0.55397131,-0.00000668,0.00000048
0.55407135,-0.00001431,0.00000048
0.55417133,-0.00001049,0.00000048
0.55427136,-0.00001049,-0.00000334
0.55437134,-0.00000668,0.00000048
0.55447137,-0.00000286,0.00000048
0.55457141,-0.00000286,-0.00000334
0.55467139,-0.00000286,-0.00000715
0.55477142,-0.00000286,0.00000048
0.55487146,-0.00000286,0.00000048
0.55497144,-0.00000286,0.00000048
0.55507147,-0.00000286,-0.00000715
0.55517145,-0.00000286,0.00000429
0.55527148,0.00000095,-0.00000334
0.55537152,-0.00000286,0.00000429
0.55547150,-0.00000286,0.00000048
0.55557153,0.00000095,0.00000048
0.55567151,-0.00001812,-0.00000334
0.55577155,-0.00000286,0.00000048
0.55587158,-0.00001049,-0.00000334
0.55597156,-0.00000668,-0.00000334
0.55607159,0.00000095,0.00000048
0.55617157,0.00000095,0.00000048
0.55627161,0.00000095,-0.00000334
0.55637164,0.00000095,-0.00000334
0.55647162,0.00000095,0.00000048
0.55657166,-0.00000286,0.00000048
0.55667169,0.00000477,-0.00000334
0.55677167,0.00000095,-0.00000334
0.55687170,-0.00000286,0.00000048
0.55697168,0.00000095,0.00000429
0.55707172,0.00000095,0.00000048
0.55717175,-0.00000286,0.00000048
0.55727173,0.00000095,0.00000429
0.55737177,-0.00001431,-0.00000334
0.55747174,-0.00000668,-0.00000334
0.55757178,-0.00001049,0.00000048
0.55767181,-0.00000286,0.00000048
0.55777179,-0.00000668,0.00000048
0.55787183,-0.00000286,0.00000048
0.55797180,0.00000477,-0.00000334
0.55807184,0.00000477,0.00000048
0.55817187,0.00000095,0.00000048
0.55827185,0.00000095,0.00000048
0.55837189,0.00000095,0.00000048
0.55847186,0.00000477,0.00000048
0.55857190,0.00000095,0.00000048
0.55867194,0.00000095,0.00000429
0.55877191,0.00000477,-0.00000334
0.55887195,0.00000095,0.00000048
0.55897198,-0.00000286,-0.00000334
0.55907196,-0.00000286,-0.00000334
0.55917200,-0.00000668,0.00000048
0.55927197,0.00000095,0.00000048
0.55937201,0.00000477,-0.00000334
0.55947205,0.00000477,-0.00000334
0.55957202,0.00000477,0.00000048
0.55967206,0.00000477,-0.00000334
0.55977203,0.00000477,-0.00000334
0.55987207,0.00000095,0.00000048
0.55997211,0.00000477,0.00000048
0.56007208,0.00000477,0.00000048
0.56017212,0.00000477,0.00000429
0.56027209,0.00000477,0.00000048
0.56037213,0.00000477,0.00000048
0.56047217,0.00000477,0.00000048
0.56057214,0.00000858,0.00000048
0.56067218,0.00000858,0.00000048
0.56077222,-0.00000286,0.00000048
0.56087219,-0.00000286,0.00000048
0.56097223,0.00000095,-0.00000334
0.56107220,0.00000095,0.00000048
0.56117224,0.00000477,0.00000048
0.56127228,0.00000477,0.00000048
0.56137225,0.00000095,0.00000048
0.56147229,0.00000477,0.00000048
0.56157227,0.00000477,0.00000429
0.56167230,0.00000095,0.00000429
0.56177234,0.00000095,-0.00000334
0.56187231,0.00000477,0.00000048
0.56197235,0.00000477,-0.00000334
0.56207233,0.00000095,0.00000048
0.56217236,0.00000095,0.00000048
0.56227240,0.00000095,0.00000048
0.56237238,-0.00000286,0.00000048
0.56247241,-0.00001049,0.00000429
0.56257245,-0.00000286,0.00000048
0.56267242,0.00000095,0.00000429
0.56277246,0.00000477,0.00000048
0.56287244,0.00000477,0.00000048
0.56297247,0.00000095,0.00000429
0.56307251,0.00000095,0.00000048
0.56317249,0.00000095,-0.00000334
0.56327252,0.00000095,0.00000048
0.56337250,0.00000477,0.00000429
0.56347253,0.00000095,0.00000429
0.56357257,0.00000477,0.00000048
0.56367255,0.00000095,-0.00000334
0.56377258,0.00000095,-0.00000334
0.56387256,-0.00000286,-0.00000334
0.56397260,-0.00000286,0.00000048
0.56407263,-0.00000286,0.00000048
0.56417261,-0.00000668,0.00000048
0.56427264,-0.00000286,-0.00000334
0.56437268,-0.00000286,0.00000048
0.56447266,0.00000095,0.00000048
0.56457269,0.00000095,-0.00000334
0.56467267,0.00000095,-0.00000334
0.56477271,0.00000477,0.00000048
0.56487274,0.00000477,0.00000048
0.56497272,-0.00000668,0.00000048
0.56507275,0.00000095,0.00000048
0.56517273,0.00000477,0.00000048
0.56527277,0.00000095,0.00000048
0.56537280,0.00000095,0.00000429
0.56547278,0.00000095,0.00000048
0.56557281,0.00000477,0.00000429
0.56567279,-0.00000668,0.00000429
0.56577283,-0.00000286,0.00000048
0.56587286,-0.00000286,0.00000048
0.56597284,-0.00000286,-0.00000334
0.56607288,0.00000095,0.00000429
0.56617291,-0.00000286,0.00000429
0.56627289,-0.00000286,0.00000048
0.56637292,0.00000095,0.00000048
0.56647290,-0.00000286,-0.00000334
0.56657294,0.00000477,-0.00000334
0.56667297,0.00000095,0.00000429
0.56677295,0.00000477,0.00000048
0.56687299,0.00000095,-0.00000334
0.56697296,0.00000095,0.00000048
0.56707300,-0.00000286,0.00000048
0.56717303,0.00000095,0.00000048
0.56727301,-0.00000286,0.00000429
0.56737305,-0.00001812,-0.00000334
0.56747302,-0.00000286,0.00000048
0.56757306,-0.00000668,0.00000048
0.56767310,-0.00000668,0.00000048
0.56777307,-0.00000286,0.00000048
0.56787311,-0.00000286,0.00000048
0.56797308,-0.00000286,-0.00000334
0.56807312,0.00000095,0.00000429
0.56817316,0.00000477,0.00000048
0.56827313,0.00000477,0.00000048
0.56837317,0.00000095,-0.00000334
0.56847321,0.00000095,0.00000048
0.56857318,-0.00000286,0.00000429
0.56867322,0.00000095,-0.00000334
0.56877319,-0.00000286,0.00000048
0.56887323,0.00000095,0.00000048
0.56897327,-0.00001049,0.00000048
0.56907324,-0.00000286,0.00000429
0.56917328,-0.00001049,-0.00000334
0.56927325,-0.00000668,-0.00000334
0.56937329,-0.00000286,-0.00000334
0.56947333,0.00000095,0.00000048
0.56957330,-0.00000286,0.00000048
0.56967334,-0.00000286,-0.00000334
0.56977332,0.00000095,-0.00000334
0.56987335,-0.00000286,-0.00000334
0.56997339,-0.00000286,0.00000048
0.57007336,-0.00000286,0.00000048
0.57017340,0.00000095,-0.00000334
0.57027344,-0.00000286,0.00000429
0.57037341,0.00000095,0.00000048
0.57047345,0.00000095,-0.00000334
0.57057343,0.00000095,0.00000048
0.57067346,0.00000477,0.00000048
0.57077350,-0.00001049,0.00000048
0.57087347,-0.00001812,-0.00000334
0.57097351,-0.00000668,-0.00000334
0.57107349,-0.00000286,-0.00000334
0.57117352,0.00000095,0.00000048
0.57127356,0.00000095,0.00000429
0.57137354,-0.00000286,0.00000048
0.57147357,-0.00000286,0.00000048
0.57157355,-0.00000286,-0.00000334
0.57167358,-0.00000668,-0.00000334
0.57177362,-0.00000286,0.00000048
0.57187360,-0.00000286,0.00000048
0.57197363,0.00000095,-0.00000334
0.57207367,0.00000095,-0.00000334
0.57217365,-0.00000286,0.00000048
0.57227368,-0.00000286,-0.00000334
0.57237366,-0.00001049,0.00000429
0.57247369,-0.00001049,0.00000048
0.57257373,-0.00000286,-0.00000334
0.57267371,-0.00000668,0.00000429
0.57277374,0.00000095,-0.00000334
0.57287372,-0.00000286,-0.00000334
0.57297375,-0.00000286,-0.00000334
0.57307379,-0.00000286,0.00000048
0.57317377,-0.00000286,-0.00000334
0.57327380,0.00000095,0.00000429
0.57337378,-0.00000286,-0.00000715
0.57347382,-0.00000286,-0.00000715
0.57357385,0.00000095,-0.00000334
0.57367383,-0.00000286,0.00000429
0.57377386,-0.00000286,0.00000429
0.57387390,-0.00000286,0.00000048
0.57397388,-0.00000286,-0.00000334
0.57407391,-0.00000668,0.00000048
0.57417389,-0.00000668,-0.00000334
0.57427393,-0.00001049,0.00000048
0.57437396,-0.00000286,-0.00000334
0.57447394,-0.00000286,0.00000048
0.57457397,-0.00000286,0.00000048
0.57467395,0.00000095,0.00000429
0.57477399,0.00000095,0.00000048
0.57487402,-0.00000286,0.00000429
0.57497400,-0.00000286,0.00000048
0.57507404,0.00000095,0.00000048
0.57517401,-0.00000286,-0.00000334
0.57527405,0.00000095,0.00000429
0.57537408,0.00000095,-0.00000334
0.57547406,0.00000095,0.00000048
0.57557410,0.00000095,0.00000048
0.57567413,-0.00001049,-0.00000334
0.57577411,-0.00000668,0.00000429
0.57587415,-0.00001049,0.00000048
0.57597412,-0.00000286,0.00000048
0.57607416,-0.00000286,-0.00000334
0.57617419,0.00000095,0.00000048
0.57627417,0.00000095,-0.00000334
0.57637421,0.00000095,-0.00000334
0.57647418,0.00000095,-0.00000334
0.57657422,0.00000095,0.00000048
0.57667426,0.00000095,0.00000048
0.57677423,-0.00000286,0.00000048
0.57687427,0.00000095,0.00000048
0.57697424,0.00000095,-0.00000715
0.57707428,0.00000095,-0.00000334
0.57717432,0.00000095,-0.00000334
0.57727429,0.00000477,-0.00000334
0.57737433,-0.00001049,-0.00000334
0.57747437,0.00000095,0.00000048
0.57757434,-0.00000668,0.00000048
0.57767438,0.00000095,0.00000048
0.57777435,0.00000477,0.00000048
0.57787439,0.00000477,0.00000048
0.57797443,-0.00000286,0.00000048
0.57807440,0.00000095,0.00000048
0.57817444,-0.00000286,0.00000048
0.57827441,0.00000477,0.00000048
0.57837445,0.00000095,0.00000048
0.57847449,0.00000095,-0.00000334
0.57857446,0.00000477,0.00000048
0.57867450,0.00000477,0.00000048
0.57877448,0.00000477,0.00000048
0.57887451,0.00000477,0.00000048
0.57897455,0.00000477,0.00000048
0.57907452,-0.00000668,-0.00000334
0.57917456,-0.00001049,0.00000048
0.57927454,0.00000095,0.00000048
0.57937457,0.00000095,-0.00000334
0.57947461,0.00000477,0.00000429
0.57957458,0.00000477,0.00000048
0.57967462,0.00000095,-0.00000334
0.57977466,0.00000477,-0.00000334
0.57987463,0.00000858,0.00000048
0.57997467,0.00000477,-0.00000334
0.58007465,0.00000858,0.00000048
0.58017468,0.00000477,0.00000048
0.58027472,0.00000095,-0.00000334
0.58037469,0.00000095,-0.00000334
0.58047473,0.00000858,-0.00000334
0.58057471,0.00000858,-0.00000334
0.58067474,0.00000095,0.00000048
0.58077478,-0.00000286,0.00000048
0.58087476,-0.00000668,-0.00000334
0.58097479,-0.00000286,0.00000048
0.58107477,-0.00000286,-0.00000334
0.58117480,0.00000095,0.00000429
0.58127484,0.00000477,0.00000048
0.58137482,0.00000858,0.00000429
0.58147485,0.00000858,0.00000048
0.58157489,0.00000095,0.00000048
0.58167487,0.00000095,0.00000048
0.58177490,0.00000095,0.00000048
0.58187488,0.00000095,-0.00000334
0.58197491,0.00000477,0.00000048
0.58207495,0.00000095,0.00000048
0.58217493,0.00000477,0.00000048
0.58227496,0.00000477,0.00000048
0.58237494,-0.00000668,0.00000048
0.58247498,-0.00000668,0.00000048
0.58257501,0.00000095,-0.00000334
0.58267499,0.00000477,-0.00000334
0.58277502,0.00000477,0.00000048
0.58287500,0.00000477,0.00000048
0.58297504,0.00000477,-0.00000334
0.58307507,0.00000477,-0.00000715
0.58317505,0.00000477,0.00000048
0.58327509,0.00000477,0.00000048
0.58337512,-0.00000286,-0.00000334
0.58347510,0.00000477,-0.00000334
0.58357513,0.00000095,-0.00000334
0.58367511,0.00000477,0.00000048
0.58377515,0.00000477,-0.00000334
0.58387518,-0.00000286,-0.00000334
0.58397516,0.00000095,-0.00000334
0.58407520,-0.00000668,-0.00000334
0.58417517,0.00000095,-0.00000334
0.58427521,-0.00000668,-0.00000334
0.58437524,-0.00000286,-0.00000334
0.58447522,0.00000095,0.00000048
0.58457526,0.00000477,0.00000048
0.58467523,0.00000095,0.00000048
0.58477527,0.00000095,-0.00000334
0.58487531,0.00000095,-0.00000334
0.58497528,0.00000095,-0.00000334
0.58507532,0.00000477,-0.00000334
0.58517535,0.00000095,-0.00000334
0.58527533,0.00000477,0.00000048
0.58537537,0.00000477,-0.00000334
0.58547534,-0.00000286,-0.00000334
0.58557538,0.00000477,0.00000048
0.58567542,-0.00000286,0.00000048
0.58577539,-0.00000286,-0.00000334
0.58587543,-0.00001049,0.00000048
0.58597540,0.00000095,-0.00000334
0.58607544,0.00000477,0.00000429
0.58617548,-0.00000286,-0.00000715
0.58627545,0.00000477,-0.00000334
0.58637549,-0.00000286,0.00000048
0.58647546,-0.00000286,0.00000048
0.58657550,0.00000477,0.00000048
0.58667554,0.00000095,-0.00000334
0.58677551,0.00000477,0.00000048
0.58687555,0.00000095,0.00000048
0.58697559,0.00000477,-0.00000334
0.58707556,-0.00000286,-0.00000334
0.58717560,0.00000095,0.00000048
0.58727557,0.00000095,-0.00000334
0.58737561,-0.00001049,0.00000048
0.58747565,-0.00000286,-0.00000334
0.58757562,-0.00000668,0.00000048
0.58767566,-0.00000668,0.00000048
0.58777563,0.00000477,0.00000048
0.58787567,-0.00000286,0.00000048
0.58797571,0.00000477,0.00000048
0.58807568,0.00000095,0.00000048
0.58817572,-0.00000286,0.00000048
0.58827570,0.00000095,0.00000048
0.58837573,0.00000095,0.00000048
0.58847577,-0.00000286,-0.00000334
0.58857574,-0.00000286,-0.00000334
0.58867578,0.00000477,0.00000429
0.58877576,0.00000477,0.00000048
0.58887579,-0.00000286,0.00000048
0.58897583,-0.00001049,0.00000048
0.58907581,-0.00000286,0.00000048
0.58917584,-0.00001431,-0.00000334
0.58927588,0.00000095,-0.00000334
0.58937585,0.00000095,-0.00000334
0.58947589,0.00000095,-0.00000334
0.58957587,-0.00000286,0.00000048
0.58967590,-0.00000286,0.00000048
0.58977594,0.00000095,0.00000048
0.58987592,-0.00000286,-0.00000334
0.58997595,-0.00000286,-0.00000334
0.59007593,-0.00000286,-0.00000715
0.59017596,0.00000477,-0.00000715
0.59027600,-0.00000286,-0.00000334
0.59037598,0.00000095,0.00000048
0.59047601,0.00000095,-0.00000334
0.59057599,0.00000477,0.00000048
0.59067603,0.00000095,-0.00000334
0.59077606,-0.00001049,-0.00000334
0.59087604,-0.00001431,0.00000048
0.59097607,-0.00000668,0.00000048
0.59107611,0.00000095,0.00000429
0.59117609,-0.00000286,0.00000048
0.59127612,0.00000095,-0.00000334
0.59137610,-0.00000286,0.00000048
0.59147614,-0.00000286,-0.00000334
0.59157617,-0.00000286,-0.00000334
0.59167615,0.00000095,0.00000048
0.59177618,0.00000095,0.00000048
0.59187616,0.00000095,0.00000048
0.59197620,-0.00000668,-0.00000334
0.59207623,0.00000095,0.00000048
0.59217621,-0.00000286,0.00000048
0.59227625,-0.00000668,-0.00000334
0.59237622,-0.00001049,0.00000048
0.59247626,0.00000095,0.00000048
0.59257629,-0.00000668,-0.00000334
0.59267627,-0.00000286,0.00000048
0.59277631,-0.00000286,-0.00000334
0.59287634,-0.00000286,0.00000048
0.59297632,0.00000095,0.00000048
0.59307635,-0.00000286,-0.00000334
0.59317633,0.00000095,0.00000048
0.59327637,-0.00000668,-0.00000334
0.59337640,-0.00000286,0.00000429
0.59347638,-0.00000286,0.00000048
0.59357642,0.00000095,0.00000048
0.59367639,0.00000095,0.00000429
0.59377643,0.00000095,-0.00000334
0.59387646,-0.00000286,0.00000048
0.59397644,0.00000095,-0.00000334
0.59407648,-0.00001049,0.00000048
0.59417645,-0.00000286,0.00000429
0.59427649,-0.00001049,0.00000048
0.59437653,0.00000095,-0.00000334
0.59447650,-0.00000286,0.00000048
0.59457654,0.00000095,0.00000048
0.59467657,0.00000477,0.00000048
0.59477655,0.00000095,0.00000048
0.59487659,0.00000477,0.00000048
0.59497656,0.00000095,-0.00000334
0.59507660,0.00000477,-0.00000334
0.59517664,0.00000095,0.00000048
0.59527661,0.00000095,-0.00000334
0.59537665,0.00000095,0.00000048
0.59547662,0.00000095,0.00000048
0.59557666,-0.00000286,0.00000048
0.59567670,-0.00001431,0.00000048
0.59577667,-0.00000286,0.00000048
0.59587671,-0.00001049,0.00000048
0.59597668,0.00000095,0.00000048
0.59607672,0.00000095,-0.00000334
0.59617676,0.00000095,0.00000048
0.59627673,-0.00000286,-0.00000334
0.59637677,0.00000095,0.00000429
0.59647681,-0.00000286,-0.00000334
0.59657678,0.00000095,0.00000048
0.59667682,0.00000477,0.00000048
0.59677679,0.00000095,-0.00000334
0.59687683,0.00000095,0.00000048
0.59697687,0.00000858,-0.00000715
0.59707684,0.00000477,-0.00000334
0.59717688,0.00000095,0.00000048
0.59727686,0.00000095,0.00000048
0.59737689,-0.00001049,-0.00000334
0.59747693,0.00000095,0.00000048
0.59757690,-0.00000668,-0.00000334
0.59767694,0.00000095,0.00000048
0.59777692,0.00000477,0.00000429
0.59787695,0.00000095,0.00000048
0.59797699,0.00000095,0.00000048
0.59807697,0.00000095,0.00000048
0.59817700,0.00000095,0.00000048
0.59827704,0.00000095,-0.00000334
0.59837701,0.00000095,0.00000048
0.59847705,0.00000477,-0.00000334
0.59857703,0.00000477,0.00000048
0.59867706,0.00000095,0.00000048
0.59877710,0.00000095,0.00000429
0.59887708,0.00000477,0.00000048
0.59897711,0.00000477,0.00000048
0.59907709,0.00000095,0.00000048
0.59917712,-0.00000286,-0.00000334
0.59927716,0.00000095,0.00000048
0.59937714,0.00000477,0.00000048
0.59947717,0.00000095,0.00000429
0.59957715,0.00000477,0.00000048
0.59967719,0.00000477,-0.00000334
0.59977722,0.00000477,-0.00000334
0.59987720,0.00000477,0.00000048
0.59997723,0.00000477,0.00000048
0.60007721,0.00000477,0.00000048
0.60017725,0.00000477,0.00000048
0.60027728,0.00000477,0.00000048
0.60037726,0.00000095,0.00000048
0.60047729,0.00000477,0.00000048
0.60057733,0.00000477,0.00000048
0.60067731,0.00000858,0.00000048
0.60077734,-0.00000286,-0.00000334
0.60087732,-0.00000286,0.00000048
0.60097736,-0.00000286,0.00000429
0.60107739,0.00000477,0.00000429
0.60117737,0.00000095,0.00000429
0.60127740,0.00000095,0.00000048
0.60137738,0.00000477,0.00000048
0.60147742,0.00000858,0.00000048
0.60157745,0.00000477,0.00000048
0.60167743,0.00000477,0.00000048
0.60177747,0.00000477,0.00000048
0.60187744,0.00000858,0.00000429
0.60197748,0.00000477,0.00000048
0.60207751,0.00000858,0.00000048
0.60217749,0.00000095,0.00000429
0.60227753,0.00000095,0.00000429
0.60237756,-0.00000286,0.00000048
0.60247754,-0.00000286,0.00000429
0.60257758,-0.00000286,0.00000048
0.60267755,0.00000477,0.00000048
0.60277759,0.00000477,0.00000429
0.60287762,0.00000477,-0.00000334
0.60297760,0.00000477,-0.00000334
0.60307764,0.00000858,0.00000429
0.60317761,0.00000095,0.00000048
0.60327765,0.00000095,0.00000048
0.60337769,0.00000477,-0.00000715
0.60347766,0.00000095,0.00000048
0.60357770,0.00000477,0.00000048
0.60367767,0.00000477,0.00000048
0.60377771,0.00000477,0.00000048
0.60387775,0.00000095,0.00000048
0.60397772,0.00000477,-0.00000334
0.60407776,-0.00000668,-0.00000334
0.60417780,-0.00000668,0.00000048
0.60427777,-0.00000286,0.00000429
0.60437781,0.00000477,0.00000048
0.60447778,0.00000095,0.00000429
0.60457782,0.00000477,0.00000048
0.60467786,0.00000095,0.00000048
0.60477783,0.00000095,0.00000048
0.60487787,0.00000095,-0.00000334
0.60497784,0.00000477,0.00000429
0.60507788,0.00000095,0.00000048
0.60517792,0.00000095,0.00000048
0.60527789,0.00000095,0.00000048
0.60537793,0.00000477,-0.00000334
0.60547791,0.00000477,0.00000048
0.60557794,0.00000477,0.00000048
0.60567798,-0.00000286,-0.00000334
0.60577795,-0.00000286,-0.00000334
0.60587799,-0.00000668,-0.00000334
0.60597803,0.00000095,0.00000048
0.60607800,0.00000095,0.00000048
0.60617804,0.00000095,-0.00000334
0.60627802,0.00000095,-0.00000334
0.60637805,0.00000095,0.00000048
0.60647809,0.00000477,0.00000429
0.60657806,-0.00000286,0.00000429
0.60667810,0.00000095,-0.00000334
0.60677808,0.00000095,0.00000048
0.60687811,0.00000095,-0.00000334
0.60697815,-0.00000668,0.00000048
0.60707813,0.00000095,0.00000048
0.60717816,-0.00000286,-0.00000334
0.60727814,0.00000095,0.00000048
0.60737817,-0.00001812,-0.00000334
0.60747821,-0.00000668,-0.00000334
0.60757819,-0.00001049,0.00000429
0.60767822,-0.00000286,0.00000048
0.60777826,0.00000095,0.00000048
0.60787823,0.00000095,0.00000048
0.60797827,-0.00000286,-0.00000334
0.60807825,0.00000477,-0.00000334
0.60817828,0.00000095,0.00000048
0.60827832,-0.00000286,0.00000048
0.60837830,-0.00000286,0.00000048
0.60847833,-0.00000286,0.00000048
0.60857831,0.00000095,0.00000429
0.60867834,-0.00000286,-0.00000334
0.60877838,0.00000095,0.00000048
0.60887836,-0.00000286,-0.00000334
0.60897839,-0.00001049,-0.00000334
0.60907837,-0.00000668,-0.00000334
0.60917841,-0.00001049,-0.00000334
0.60927844,-0.00000286,-0.00000334
0.60937842,0.00000095,0.00000048
0.60947845,0.00000095,-0.00000334
0.60957843,-0.00000286,-0.00000334
0.60967847,-0.00000668,0.00000048
0.60977850,-0.00000286,-0.00000334
0.60987848,-0.00000286,0.00000048
0.60997852,0.00000095,0.00000048
0.61007855,-0.00000286,0.00000429
0.61017853,-0.00000668,0.00000048
0.61027856,0.00000095,-0.00000334
0.61037854,-0.00000286,-0.00000334
0.61047858,0.00000095,0.00000048
0.61057861,-0.00000286,0.00000048
0.61067859,0.00000095,0.00000048
0.61077863,-0.00000668,0.00000048
0.61087860,-0.00002194,0.00000048
0.61097864,-0.00000668,0.00000048
0.61107867,-0.00000668,0.00000048
0.61117865,0.00000095,0.00000429
0.61127869,-0.00000668,0.00000429
0.61137866,-0.00000668,-0.00000334
0.61147870,-0.00000286,-0.00000334
0.61157874,0.00000095,-0.00000334
0.61167871,0.00000095,-0.00000334
0.61177875,0.00000095,0.00000048
0.61187878,-0.00000286,-0.00000334
0.61197876,-0.00000668,0.00000429
0.61207880,-0.00000286,0.00000429
0.61217877,-0.00000286,-0.00000334
0.61227881,-0.00000668,0.00000048
0.61237885,-0.00001049,0.00000048
0.61247882,-0.00001049,0.00000048
0.61257886,-0.00000668,0.00000048
0.61267883,-0.00000668,0.00000048
0.61277887,-0.00000286,0.00000048
0.61287891,-0.00000286,0.00000048
0.61297888,-0.00000286,0.00000048
0.61307892,-0.00000668,0.00000429
0.61317889,-0.00000286,-0.00000334
0.61327893,-0.00000286,0.00000048
0.61337897,0.00000095,0.00000048
0.61347894,-0.00000286,0.00000429
0.61357898,-0.00000286,-0.00000334
0.61367902,-0.00000286,-0.00000334
0.61377899,-0.00000286,0.00000048
0.61387903,0.00000095,-0.00000334
0.61397900,-0.00000286,0.00000048
0.61407904,-0.00000668,0.00000048
0.61417908,-0.00001049,0.00000048
0.61427905,-0.00001049,-0.00000715
0.61437909,-0.00000286,0.00000048
0.61447906,-0.00000668,0.00000048
0.61457910,-0.00000286,0.00000048
0.61467914,-0.00000286,0.00000048
0.61477911,-0.00000286,0.00000048
0.61487915,-0.00000286,0.00000429
0.61497913,-0.00000286,0.00000048
0.61507916,-0.00000286,0.00000048
0.61517920,-0.00000286,0.00000048
0.61527917,-0.00000286,-0.00000334
0.61537921,0.00000095,0.00000048
0.61547925,0.00000095,-0.00000334
0.61557922,0.00000095,-0.00000334
0.61567926,-0.00001049,-0.00000334
0.61577924,-0.00000286,-0.00000334
0.61587927,-0.00001049,0.00000048
0.61597931,0.00000095,0.00000048
0.61607928,-0.00000286,0.00000048
0.61617932,-0.00000286,0.00000048
0.61627930,-0.00000286,0.00000048
0.61637933,-0.00000286,0.00000048
0.61647937,0.00000477,0.00000048
0.61657935,0.00000095,0.00000048
0.61667938,-0.00000286,0.00000429
0.61677936,0.00000095,0.00000048
0.61687939,0.00000095,-0.00000334
0.61697943,0.00000095,0.00000048
0.61707941,0.00000477,0.00000048
0.61717944,0.00000477,-0.00000334
0.61727948,0.00000095,0.00000048
0.61737946,-0.00001431,-0.00000715
0.61747949,-0.00000286,0.00000429
0.61757947,-0.00000668,0.00000048
0.61767950,-0.00000668,-0.00000334
0.61777954,-0.00000286,0.00000048
0.61787952,-0.00000286,-0.00000334
0.61797955,-0.00000286,0.00000429
0.61807953,0.00000477,0.00000048
0.61817957,0.00000095,0.00000048
0.61827960,0.00000095,-0.00000334
0.61837958,0.00000095,0.00000048
0.61847961,0.00000477,0.00000429
0.61857959,0.00000477,-0.00000334
0.61867963,0.00000095,-0.00000334
0.61877966,0.00000095,0.00000429
0.61887964,0.00000477,0.00000048
0.61897968,0.00000095,-0.00000334
0.61907965,-0.00000286,0.00000048
0.61917969,-0.00000668,0.00000048
0.61927972,0.00000095,0.00000429
0.61937970,0.00000095,0.00000429
0.61947974,0.00000477,0.00000048
0.61957977,0.00000477,0.00000429
0.61967975,0.00000477,0.00000048
0.61977979,-0.00000286,-0.00000334
0.61987976,0.00000477,0.00000048
0.61997980,0.00000477,0.00000048
0.62007983,0.00000095,0.00000048
0.62017981,0.00000477,0.00000048
0.62027985,0.00000858,0.00000048
0.62037982,0.00000477,0.00000429
0.62047986,0.00000477,0.00000048
0.62057990,0.00000477,0.00000048
0.62067987,0.00000477,-0.00000334
0.62077991,-0.00000668,0.00000429
0.62087988,0.00000095,0.00000429
0.62097992,-0.00000668,0.00000048
0.62107996,0.00000095,-0.00000334
0.62117993,0.00000095,0.00000429
0.62127997,0.00000477,0.00000048
0.62138000,0.00000858,0.00000048
0.62147998,0.00000095,0.00000048
0.62158002,0.00000095,0.00000048
0.62167999,0.00000095,0.00000048
0.62178003,0.00000095,0.00000048
0.62188007,0.00000095,0.00000429
0.62198004,0.00000095,0.00000429
0.62208008,0.00000477,-0.00000334
0.62218005,0.00000095,0.00000048
0.62228009,0.00000477,0.00000429
0.62238013,-0.00000286,0.00000048
0.62248010,-0.00001049,0.00000048
0.62258014,-0.00000286,-0.00000334
0.62268011,-0.00000286,0.00000429
0.62278015,0.00000095,0.00000429
0.62288019,0.00000095,0.00000048
0.62298016,0.00000477,0.00000048
0.62308020,0.00000477,-0.00000334
0.62318024,-0.00000286,0.00000048
0.62328021,0.00000477,0.00000048
0.62338025,0.00000477,0.00000048
0.62348022,0.00000095,0.00000048
0.62358026,0.00000095,0.00000048
0.62368030,-0.00000286,0.00000048
0.62378027,0.00000095,0.00000429
0.62388031,0.00000095,-0.00000334
0.62398029,0.00000477,-0.00000334
0.62408032,-0.00000668,-0.00000334
0.62418036,-0.00000286,0.00000048
0.62428033,-0.00000668,0.00000048
0.62438037,-0.00000286,0.00000048
0.62448035,0.00000095,0.00000048
0.62458038,-0.00000286,-0.00000334
0.62468042,-0.00000286,0.00000048
0.62478040,0.00000095,0.00000048
0.62488043,-0.00000286,0.00000048
0.62498047,0.00000095,0.00000048
0.62508044,0.00000095,0.00000048
0.62518048,0.00000095,0.00000048
0.62528046,-0.00000668,0.00000048
0.62538049,0.00000095,0.00000429
0.62548053,0.00000095,0.00000048
0.62558051,-0.00000286,0.00000048
0.62568054,-0.00000668,-0.00000334
0.62578052,-0.00000286,0.00000048
0.62588055,-0.00001049,-0.00000334
0.62598059,-0.00000286,0.00000048
0.62608057,0.00000477,0.00000048
0.62618060,0.00000095,-0.00000334
0.62628058,-0.00000286,0.00000048
0.62638062,-0.00000286,0.00000048
0.62648065,-0.00000286,0.00000048
0.62658063,0.00000095,-0.00000334
0.62668066,0.00000095,-0.00000334
0.62678070,-0.00000286,-0.00000334
0.62688068,-0.00000286,-0.00000334
0.62698071,-0.00000286,0.00000048
0.62708069,0.00000477,0.00000429
0.62718073,-0.00000286,-0.00000334
0.62728076,-0.00000286,0.00000048
0.62738074,-0.00001812,-0.00000715
0.62748077,-0.00001049,0.00000048
0.62758075,-0.00001431,-0.00000334
0.62768079,-0.00000286,-0.00000334
0.62778082,0.00000095,0.00000048
0.62788080,-0.00000286,0.00000429
0.62798083,-0.00000286,0.00000048
0.62808081,0.00000095,0.00000048
0.62818085,0.00000095,0.00000048
0.62828088,-0.00000286,0.00000048
0.62838086,0.00000095,0.00000048
0.62848090,0.00000095,0.00000429
0.62858093,0.00000095,0.00000048
0.62868091,-0.00000286,-0.00000334
0.62878094,0.00000095,-0.00000334
0.62888092,0.00000095,0.00000048
0.62898096,-0.00001049,0.00000429
0.62908099,-0.00000668,0.00000048
0.62918097,-0.00001049,0.00000048
0.62928101,-0.00000668,0.00000048
0.62938098,-0.00000286,0.00000048
0.62948102,-0.00000668,0.00000048
0.62958105,0.00000095,0.00000048
0.62968103,-0.00000668,0.00000048
0.62978107,-0.00000286,0.00000429
0.62988104,-0.00000286,0.00000048
0.62998108,-0.00000286,-0.00000334
0.63008112,-0.00000286,0.00000429
0.63018109,-0.00000286,0.00000048
0.63028113,-0.00000286,0.00000048
0.63038110,-0.00000286,0.00000429
0.63048114,-0.00000286,0.00000048
0.63058118,-0.00000286,-0.00000334
0.63068115,-0.00000286,0.00000048
0.63078119,-0.00001049,-0.00000334
0.63088123,-0.00002194,-0.00000334
0.63098120,-0.00000668,0.00000048
0.63108124,-0.00000286,-0.00000334
0.63118121,-0.00000286,0.00000048
0.63128125,-0.00000286,-0.00000334
0.63138129,-0.00000286,0.00000048
0.63148126,-0.00000668,0.00000048
0.63158130,-0.00000668,0.00000048
0.63168127,-0.00000668,0.00000048
0.63178131,-0.00000286,-0.00000334
0.63188135,0.00000095,0.00000048
0.63198132,0.00000095,-0.00000334
0.63208136,-0.00000286,-0.00000715
0.63218134,-0.00000286,0.00000048
0.63228137,-0.00000286,-0.00000334
0.63238141,-0.00001049,-0.00000334
0.63248138,-0.00001431,0.00000048
0.63258142,-0.00000668,0.00000048
0.63268146,-0.00000668,0.00000048
0.63278143,-0.00000286,-0.00000334
0.63288147,-0.00000668,0.00000048
0.63298145,0.00000095,0.00000048
0.63308148,-0.00000286,0.00000429
0.63318152,-0.00000286,0.00000429
0.63328149,-0.00000286,-0.00000334
0.63338153,0.00000095,0.00000048
0.63348151,-0.00000286,0.00000048
0.63358154,-0.00000286,-0.00000334
0.63368158,-0.00000668,-0.00000334
0.63378156,-0.00000286,-0.00000334
0.63388159,-0.00000286,0.00000048
0.63398157,-0.00000286,0.00000048
0.63408160,-0.00001049,0.00000429
0.63418164,-0.00000668,0.00000429
0.63428162,-0.00000668,0.00000048
0.63438165,-0.00000668,-0.00000334
0.63448169,-0.00000286,-0.00000334
0.63458167,-0.00000286,0.00000048
0.63468170,-0.00000286,-0.00000715
0.63478168,-0.00000286,0.00000048
0.63488171,-0.00000286,-0.00000334
0.63498175,-0.00000286,-0.00000334
0.63508173,-0.00000286,0.00000048
0.63518176,-0.00000668,0.00000048
0.63528174,0.00000095,-0.00000334
0.63538177,-0.00000286,-0.00000715
0.63548181,-0.00000286,0.00000048
0.63558179,-0.00000286,-0.00000334
0.63568182,-0.00001431,-0.00000334
0.63578180,-0.00000286,0.00000048
0.63588184,-0.00001049,0.00000429
0.63598187,-0.00000286,0.00000429
0.63608185,0.00000095,0.00000048
0.63618188,-0.00000286,0.00000048
0.63628192,-0.00000286,0.00000048
0.63638190,0.00000095,0.00000048
0.63648193,0.00000095,0.00000048
0.63658191,-0.00000286,0.00000048
0.63668195,0.00000095,0.00000048
0.63678198,0.00000477,-0.00000334
0.63688196,-0.00000286,0.00000048
0.63698199,0.00000095,0.00000048
0.63708197,-0.00000286,-0.00000334
0.63718201,-0.00000286,0.00000048
0.63728204,-0.00000286,0.00000048
0.63738202,-0.00001049,0.00000048
0.63748206,-0.00000286,0.00000048
0.63758203,-0.00001431,0.00000048
0.63768207,-0.00000286,-0.00000334
0.63778210,-0.00000286,-0.00000334
0.63788208,-0.00000286,0.00000048
0.63798212,-0.00000286,-0.00000334
0.63808215,0.00000095,0.00000048
0.63818213,0.00000095,0.00000048
0.63828217,0.00000095,0.00000048
0.63838214,0.00000095,0.00000048
0.63848218,0.00000477,0.00000048
0.63858221,-0.00000286,0.00000048
0.63868219,0.00000095,-0.00000334
0.63878223,0.00000095,0.00000429
0.63888220,0.00000095,-0.00000334
0.63898224,0.00000095,-0.00000334
0.63908228,-0.00000286,0.00000048
0.63918225,-0.00001049,0.00000048
0.63928229,0.00000095,-0.00000334
0.63938226,-0.00000286,0.00000048
0.63948230,0.00000095,0.00000048
0.63958234,0.00000095,0.00000048
0.63968231,0.00000095,-0.00000334
0.63978235,0.00000477,0.00000048
0.63988232,0.00000095,-0.00000334
0.63998236,0.00000477,0.00000048
0.64008240,0.00000095,-0.00000334
0.64018237,0.00000095,-0.00000334
0.64028241,-0.00000286,0.00000048
0.64038245,0.00000095,-0.00000334
0.64048242,0.00000477,0.00000048
0.64058246,0.00000477,0.00000048
0.64068243,0.00000477,0.00000048
0.64078247,-0.00000286,0.00000048
0.64088251,-0.00001812,-0.00000334
0.64098248,-0.00000286,-0.00000334
0.64108252,-0.00000286,0.00000048
0.64118250,0.00000477,0.00000048
0.64128253,0.00000095,0.00000048
0.64138257,0.00000477,0.00000048
0.64148254,0.00000095,-0.00000334
0.64158258,0.00000095,-0.00000334
0.64168256,0.00000095,-0.00000334
0.64178259,0.00000095,-0.00000334
0.64188263,0.00000477,0.00000429
0.64198260,0.00000095,-0.00000334
0.64208264,0.00000095,0.00000048
0.64218268,0.00000095,0.00000048
0.64228265,0.00000095,0.00000048
0.64238269,0.00000095,0.00000048
0.64248267,-0.00000668,0.00000048
0.64258270,-0.00000286,0.00000048
0.64268274,0.00000095,0.00000048
0.64278271,0.00000095,-0.00000334
0.64288275,-0.00000286,0.00000048
0.64298273,0.00000095,0.00000048
0.64308276,0.00000095,0.00000048
0.64318280,-0.00000286,0.00000048
0.64328278,0.00000477,-0.00000334
0.64338281,0.00000477,0.00000048
0.64348279,0.00000477,0.00000429
0.64358282,-0.00000286,0.00000048
0.64368286,0.00000095,0.00000048
0.64378284,0.00000477,0.00000048
0.64388287,0.00000095,0.00000048
0.64398291,0.00000095,0.00000048
0.64408289,-0.00000668,0.00000048
0.64418292,-0.00000286,-0.00000334
0.64428290,-0.00000668,-0.00000334
0.64438293,0.00000095,0.00000048
0.64448297,0.00000095,0.00000429
0.64458295,0.00000095,-0.00000334
0.64468298,0.00000095,-0.00000334
0.64478296,0.00000095,-0.00000334
0.64488300,0.00000477,0.00000048
0.64498303,0.00000095,0.00000048
0.64508301,-0.00000286,0.00000048
0.64518304,-0.00000286,-0.00000334
0.64528302,-0.00000286,0.00000048
0.64538306,0.00000477,0.00000048
0.64548309,0.00000095,0.00000048
0.64558307,-0.00000286,0.00000429
0.64568311,-0.00000286,0.00000429
0.64578314,-0.00001049,0.00000048
0.64588312,-0.00000286,0.00000048
0.64598315,-0.00000286,0.00000048
0.64608313,-0.00000286,0.00000048
0.64618317,-0.00000286,0.00000048
0.64628320,-0.00000286,0.00000048
0.64638318,-0.00000286,0.00000048
0.64648322,0.00000095,0.00000048
0.64658319,-0.00000286,0.00000429
0.64668323,-0.00000286,0.00000048
0.64678326,-0.00000286,0.00000048
0.64688324,0.00000095,0.00000048
0.64698328,0.00000095,0.00000048
0.64708325,0.00000095,-0.00000334
0.64718329,-0.00000286,0.00000429
0.64728333,-0.00000668,-0.00000334
0.64738330,-0.00001049,-0.00000334
0.64748334,-0.00000286,0.00000048
0.64758337,-0.00001431,0.00000048
0.64768335,-0.00000286,0.00000048
0.64778339,-0.00000286,0.00000048
0.64788336,0.00000095,-0.00000715
0.64798340,0.00000477,0.00000048
0.64808344,-0.00000286,0.00000048
0.64818341,-0.00000286,-0.00000334
0.64828345,0.00000477,-0.00000715
0.64838342,-0.00000286,0.00000048
0.64848346,-0.00000286,0.00000048
0.64858350,-0.00000286,0.00000048
0.64868347,0.00000095,-0.00000334
0.64878351,0.00000095,0.00000048
0.64888348,-0.00000286,0.00000048
0.64898352,-0.00001431,0.00000048
0.64908356,0.00000095,-0.00000334
0.64918353,-0.00001049,0.00000048
0.64928357,-0.00000668,0.00000048
0.64938354,-0.00000286,-0.00000334
0.64948358,-0.00000668,0.00000048
0.64958362,-0.00000286,0.00000048
0.64968359,-0.00000668,0.00000048
0.64978363,0.00000095,0.00000048
0.64988367,-0.00000668,-0.00000334
0.64998364,-0.00000286,0.00000048
0.65008368,-0.00000286,0.00000048
0.65018365,0.00000095,0.00000429
0.65028369,-0.00000286,-0.00000334
0.65038373,0.00000095,-0.00000334
0.65048370,0.00000095,-0.00000334
0.65058374,-0.00000286,0.00000048
0.65068372,-0.00000286,0.00000048
0.65078375,-0.00001049,0.00000048
0.65088379,-0.00001431,0.00000048
0.65098376,-0.00000668,0.00000048
0.65108380,-0.00000668,0.00000048
0.65118378,-0.00000286,0.00000429
0.65128381,-0.00000668,-0.00000715
0.65138385,-0.00000286,-0.00000334
0.65148383,-0.00000286,-0.00000334
0.65158386,-0.00000286,0.00000048
0.65168390,-0.00000286,0.00000429
0.65178387,-0.00000286,-0.00000334
0.65188391,-0.00000286,-0.00000334
0.65198389,-0.00000286,0.00000048
0.65208392,-0.00000286,0.00000048
0.65218396,-0.00000286,0.00000048
0.65228394,-0.00000286,0.00000048
0.65238397,-0.00000668,-0.00000334
0.65248395,-0.00001431,0.00000048
0.65258398,-0.00000286,-0.00000334
0.65268402,0.00000095,0.00000048
0.65278400,-0.00000286,0.00000048
0.65288403,-0.00000286,0.00000048
0.65298401,-0.00000286,0.00000048
0.65308405,-0.00000286,0.00000048
0.65318408,-0.00000286,0.00000048
0.65328406,-0.00000286,-0.00000334
0.65338409,-0.00000286,0.00000048
0.65348413,-0.00000286,0.00000048
0.65358411,-0.00000286,0.00000048
0.65368414,0.00000095,0.00000429
0.65378412,-0.00000286,0.00000048
0.65388416,-0.00000286,0.00000048
0.65398419,0.00000095,0.00000048
0.65408417,-0.00001049,0.00000048
0.65418420,-0.00001431,-0.00000334
0.65428418,-0.00001049,0.00000048
0.65438422,-0.00000286,0.00000048
0.65448425,0.00000095,-0.00000334
0.65458423,-0.00000286,0.00000048
0.65468427,-0.00000286,-0.00000334
0.65478424,-0.00000286,0.00000048
0.65488428,-0.00000286,0.00000048
0.65498431,0.00000095,0.00000048
0.65508429,0.00000095,0.00000048
0.65518433,-0.00000286,-0.00000334
0.65528436,-0.00000286,-0.00000334
0.65538434,-0.00000286,0.00000048
0.65548438,-0.00000286,0.00000048
0.65558435,-0.00000286,-0.00000334
0.65568439,-0.00001049,0.00000048
0.65578442,-0.00000668,0.00000048
0.65588440,-0.00001049,0.00000048
0.65598444,-0.00000286,0.00000048
0.65608441,-0.00000286,-0.00000334
0.65618445,0.00000095,-0.00000334
0.65628448,0.00000095,-0.00000334
0.65638446,0.00000095,0.00000048
0.65648450,0.00000095,0.00000048
0.65658447,0.00000095,0.00000429
0.65668451,0.00000095,0.00000429
0.65678455,0.00000095,0.00000429
0.65688452,-0.00000286,0.00000429
0.65698456,-0.00000286,-0.00000334
0.65708459,0.00000477,0.00000048
0.65718457,0.00000095,-0.00000334
0.65728461,0.00000095,-0.00000334
0.65738458,-0.00001049,0.00000048
0.65748462,-0.00000668,0.00000048
0.65758466,-0.00001049,-0.00000334
0.65768463,-0.00000286,-0.00000334
0.65778467,0.00000095,0.00000048
0.65788464,-0.00000286,0.00000048
0.65798468,0.00000095,0.00000048
0.65808472,-0.00000286,-0.00000334
0.65818469,-0.00000286,-0.00000334
0.65828473,0.00000477,0.00000048
0.65838470,-0.00000286,-0.00000334
0.65848474,-0.00000286,-0.00000334
0.65858478,0.00000095,-0.00000334
0.65868475,0.00000095,0.00000429
0.65878479,0.00000095,-0.00000334
0.65888483,0.00000095,0.00000429
0.65898480,0.00000095,0.00000048
0.65908484,-0.00000668,0.00000048
0.65918481,-0.00000668,0.00000048
0.65928485,0.00000095,0.00000048
0.65938489,0.00000477,-0.00000334
0.65948486,0.00000477,0.00000429
0.65958490,0.00000477,0.00000048
0.65968488,0.00000477,0.00000048
0.65978491,0.00000095,0.00000048
0.65988495,0.00000095,-0.00000334
0.65998492,-0.00000286,-0.00000334
0.66008496,0.00000095,0.00000048
0.66018494,0.00000095,0.00000429
0.66028497,0.00000477,0.00000048
0.66038501,0.00000095,0.00000048
0.66048499,0.00000095,-0.00000334
0.66058502,0.00000477,-0.00000334
0.66068500,0.00000477,0.00000048
0.66078503,-0.00000668,0.00000048
0.66088507,-0.00000668,-0.00000334
0.66098505,-0.00000286,0.00000048
0.66108508,0.00000095,-0.00000334
0.66118512,0.00000095,0.00000048
0.66128510,0.00000477,0.00000429
0.66138513,0.00000095,0.00000048
0.66148511,0.00000477,0.00000048
0.66158514,0.00000095,0.00000048
0.66168518,-0.00000286,0.00000048
0.66178516,-0.00000286,-0.00000334
0.66188519,0.00000095,-0.00000334
0.66198517,0.00000477,0.00000048
0.66208521,0.00000095,0.00000048
0.66218524,0.00000095,0.00000048
0.66228522,0.00000095,-0.00000334
0.66238525,-0.00000286,0.00000429
0.66248523,-0.00000286,0.00000048
0.66258527,-0.00000668,0.00000048
0.66268530,0.00000095,0.00000048
0.66278528,0.00000095,0.00000048
0.66288531,0.00000477,0.00000429
0.66298535,0.00000477,0.00000048
0.66308533,0.00000477,-0.00000334
0.66318536,0.00000477,0.00000048
0.66328534,-0.00000286,-0.00000334
0.66338538,0.00000477,0.00000048
0.66348541,0.00000095,0.00000048
0.66358539,-0.00000286,-0.00000334
0.66368542,0.00000095,0.00000048
0.66378540,0.00000095,-0.00000334
0.66388544,0.00000095,-0.00000334
0.66398547,0.00000477,0.00000048
0.66408545,-0.00000286,0.00000048
0.66418549,-0.00001049,-0.00000334
0.66428546,-0.00000668,-0.00000334
0.66438550,0.00000095,0.00000048
0.66448553,0.00000477,-0.00000334
0.66458551,0.00000095,-0.00000334
0.66468555,0.00000095,0.00000048
0.66478558,0.00000095,0.00000048
0.66488556,0.00000095,0.00000429
0.66498560,0.00000095,-0.00000334
0.66508557,0.00000095,-0.00000334
0.66518561,0.00000095,-0.00000334
0.66528564,0.00000477,-0.00000334
0.66538562,-0.00000286,0.00000048
0.66548566,0.00000095,0.00000048
0.66558563,0.00000095,-0.00000334
0.66568567,-0.00001049,-0.00000334
0.66578571,-0.00000286,-0.00000334
0.66588568,-0.00000286,-0.00000334
0.66598572,-0.00000286,0.00000048
0.66608569,-0.00000286,0.00000048
0.66618573,0.00000095,-0.00000334
0.66628577,-0.00000286,-0.00000334
0.66638574,0.00000095,0.00000048
0.66648578,0.00000095,0.00000429
0.66658582,0.00000477,0.00000048
0.66668579,0.00000095,0.00000048
0.66678583,0.00000095,0.00000048
0.66688580,0.00000095,0.00000048
0.66698584,-0.00000286,-0.00000334
0.66708588,0.00000095,-0.00000334
0.66718585,0.00000095,0.00000048
0.66728589,0.00000095,-0.00000334
0.66738586,-0.00001431,0.00000048
0.66748590,-0.00000286,0.00000048
0.66758594,-0.00001049,-0.00000334
0.66768591,-0.00000286,0.00000048
0.66778595,0.00000095,-0.00000334
0.66788593,-0.00000286,0.00000429
0.66798596,0.00000477,0.00000048
0.66808600,0.00000095,0.00000429
0.66818597,-0.00000286,0.00000048
0.66828601,-0.00000286,0.00000048
0.66838605,0.00000477,0.00000429
0.66848602,-0.00000286,0.00000429
0.66858606,0.00000095,0.00000048
0.66868604,0.00000095,0.00000048
0.66878607,-0.00000286,0.00000048
0.66888611,0.00000095,0.00000048
0.66898608,-0.00001049,0.00000048
0.66908612,-0.00000286,0.00000048
0.66918610,-0.00001049,-0.00000334
0.66928613,-0.00000286,0.00000048
0.66938617,0.00000095,0.00000048
0.66948615,-0.00000286,0.00000048
0.66958618,0.00000095,0.00000048
0.66968616,0.00000095,0.00000048
0.66978619,0.00000095,-0.00000334
0.66988623,-0.00000286,0.00000429
0.66998621,0.00000095,0.00000048
0.67008624,0.00000095,0.00000048
0.67018622,-0.00000286,0.00000429
0.67028625,-0.00000668,0.00000429
0.67038629,0.00000095,0.00000048
0.67048627,-0.00000286,-0.00000334
0.67058630,0.00000095,0.00000048
0.67068634,-0.00000286,0.00000048
0.67078632,-0.00001049,-0.00000334
0.67088635,-0.00001812,-0.00000334
0.67098633,-0.00000668,0.00000048
0.67108636,-0.00000286,-0.00000334
0.67118640,0.00000095,0.00000048
0.67128638,-0.00000286,0.00000048
0.67138641,-0.00000286,0.00000048
0.67148639,-0.00000286,-0.00000334
0.67158643,-0.00000668,0.00000048
0.67168646,0.00000477,0.00000429
0.67178644,-0.00000286,0.00000048
0.67188647,-0.00000286,0.00000429
0.67198645,-0.00000286,0.00000429
0.67208649,0.00000095,0.00000048
0.67218652,0.00000095,0.00000048
0.67228650,0.00000095,0.00000429
0.67238654,-0.00000668,0.00000048
0.67248657,-0.00000286,-0.00000334
0.67258655,-0.00001049,0.00000048
0.67268658,-0.00000286,0.00000048
0.67278656,-0.00000286,0.00000048
0.67288660,-0.00000286,0.00000429
0.67298663,-0.00000286,0.00000048
0.67308661,-0.00000286,-0.00000334
0.67318665,-0.00000286,0.00000048
0.67328662,0.00000477,-0.00000334
0.67338666,0.00000095,-0.00000334
0.67348669,0.00000095,0.00000429
0.67358667,-0.00000286,0.00000048
0.67368671,-0.00000286,-0.00000334
0.67378668,-0.00000286,-0.00000334
0.67388672,-0.00000668,0.00000048
0.67398676,-0.00000286,0.00000048
0.67408673,-0.00001049,0.00000048
0.67418677,-0.00000668,0.00000048
0.67428680,-0.00001431,-0.00000334
0.67438678,-0.00000286,0.00000048
0.67448682,-0.00000286,0.00000429
0.67458679,-0.00000286,0.00000429
0.67468683,-0.00000286,0.00000429
0.67478687,-0.00000286,-0.00000334
0.67488684,-0.00000286,0.00000429
0.67498688,-0.00000286,-0.00000334
0.67508685,-0.00000668,-0.00000334
0.67518689,0.00000095,0.00000429
0.67528693,0.00000095,-0.00000334
0.67538690,0.00000095,-0.00000334
0.67548694,-0.00000286,0.00000429
0.67558691,0.00000095,0.00000048
0.67568695,-0.00001812,-0.00000334
0.67578699,-0.00000668,0.00000048
0.67588696,-0.00001049,-0.00000334
0.67598700,-0.00000668,0.00000048
0.67608704,0.00000095,0.00000048
0.67618701,-0.00000286,0.00000048
0.67628705,0.00000095,0.00000048
0.67638702,-0.00000286,0.00000048
0.67648706,0.00000095,0.00000048
0.67658710,0.00000095,0.00000429
0.67668707,-0.00000286,0.00000048
0.67678711,0.00000095,0.00000048
0.67688708,0.00000095,-0.00000334
0.67698712,-0.00000286,0.00000048
0.67708716,0.00000095,-0.00000334
0.67718713,-0.00000286,0.00000048
0.67728717,0.00000095,0.00000048
0.67738715,-0.00001049,-0.00000334
0.67748718,-0.00000668,0.00000048
0.67758722,-0.00001049,0.00000048
0.67768719,0.00000095,-0.00000334
0.67778723,0.00000095,0.00000048
0.67788727,0.00000095,0.00000048
0.67798724,0.00000095,0.00000048
0.67808728,-0.00000286,0.00000048
0.67818726,0.00000095,0.00000048
0.67828729,0.00000095,0.00000048
0.67838733,0.00000095,-0.00000334
0.67848730,0.00000095,-0.00000334
0.67858734,0.00000095,0.00000429
0.67868732,0.00000095,0.00000048
0.67878735,0.00000095,0.00000429
0.67888739,0.00000095,0.00000429
0.67898737,-0.00000286,0.00000048
0.67908740,-0.00000668,0.00000048
0.67918738,-0.00001049,0.00000048
0.67928741,-0.00000286,0.00000048
0.67938745,0.00000095,0.00000048
0.67948743,0.00000477,0.00000429
0.67958746,0.00000095,0.00000048
0.67968744,0.00000095,0.00000429
0.67978748,0.00000095,0.00000048
0.67988751,-0.00000286,-0.00000334
0.67998749,0.00000477,-0.00000334
0.68008752,0.00000477,0.00000048
0.68018756,0.00000477,-0.00000334
0.68028754,0.00000477,0.00000048
0.68038757,0.00000095,-0.00000334
0.68048755,0.00000095,0.00000048
0.68058759,0.00000095,0.00000048
0.68068762,0.00000477,0.00000048
0.68078760,-0.00001049,-0.00000334
0.68088763,0.00000095,0.00000048
0.68098761,-0.00000668,-0.00000334
0.68108765,-0.00000286,0.00000048
0.68118768,0.00000095,0.00000429
0.68128766,0.00000095,-0.00000334
0.68138770,-0.00000286,-0.00000334
0.68148767,0.00000095,0.00000048
0.68158771,0.00000095,0.00000048
0.68168774,0.00000477,-0.00000334
0.68178772,0.00000477,0.00000429
0.68188776,0.00000095,0.00000048
0.68198779,0.00000477,0.00000429
0.68208777,0.00000095,0.00000048
0.68218781,0.00000095,0.00000429
0.68228778,0.00000095,0.00000048
0.68238782,-0.00000286,0.00000048
0.68248785,-0.00001049,0.00000429
0.68258783,-0.00000286,0.00000048
0.68268787,0.00000095,0.00000429
0.68278784,0.00000477,0.00000429
0.68288788,0.00000477,-0.00000334
0.68298792,-0.00000286,0.00000048
0.68308789,-0.00000286,0.00000429
0.68318793,0.00000477,0.00000048
0.68328790,-0.00000286,0.00000048
0.68338794,0.00000477,-0.00000334
0.68348798,-0.00000286,0.00000048
0.68358795,0.00000095,0.00000048
0.68368799,-0.00000286,-0.00000334
0.68378802,0.00000477,0.00000048
0.68388800,0.00000477,0.00000429
0.68398804,0.00000095,-0.00000334
0.68408801,-0.00000668,-0.00000334
0.68418805,-0.00000286,0.00000048
0.68428809,-0.00000286,-0.00000334
0.68438806,-0.00000286,0.00000048
0.68448810,0.00000095,0.00000048
0.68458807,0.00000477,0.00000048
0.68468811,0.00000095,0.00000048
0.68478815,-0.00000286,-0.00000334
0.68488812,0.00000095,-0.00000334
0.68498816,-0.00000286,0.00000048
0.68508813,0.00000095,0.00000048
0.68518817,0.00000095,0.00000048
0.68528821,0.00000095,0.00000429
0.68538818,-0.00000286,-0.00000334
0.68548822,0.00000095,-0.00000334
0.68558826,0.00000095,0.00000429
0.68568823,-0.00000286,0.00000048
0.68578827,0.00000095,0.00000429
0.68588824,-0.00000286,-0.00000334
0.68598828,-0.00000668,-0.00000334
0.68608832,-0.00000286,0.00000429
0.68618829,-0.00000286,0.00000048
0.68628833,-0.00000286,-0.00000334
0.68638831,-0.00000286,0.00000048
0.68648834,0.00000095,0.00000048
0.68658838,-0.00000286,-0.00000334
0.68668835,0.00000095,0.00000048
0.68678839,-0.00000286,-0.00000334
0.68688837,-0.00000286,-0.00000334
0.68698840,-0.00000286,0.00000048
0.68708844,-0.00000286,-0.00000334
0.68718842,0.00000095,0.00000048
0.68728845,-0.00000286,0.00000048
0.68738849,-0.00001431,0.00000048
0.68748846,-0.00000286,0.00000429
0.68758850,-0.00001049,0.00000048
0.68768848,-0.00000668,0.00000048
0.68778851,0.00000095,0.00000048
0.68788855,0.00000095,0.00000048
0.68798853,-0.00000286,0.00000048
0.68808856,0.00000095,-0.00000334
0.68818854,-0.00000286,0.00000048
0.68828857,-0.00000286,0.00000429
0.68838861,0.00000095,0.00000429
0.68848859,-0.00000286,-0.00000334
0.68858862,-0.00000286,0.00000429
0.68868860,-0.00000286,-0.00000334
0.68878864,-0.00000286,0.00000429
0.68888867,-0.00000286,0.00000429
0.68898865,-0.00001431,0.00000429
0.68908868,-0.00000286,0.00000048
0.68918872,-0.00001431,0.00000048
0.68928870,-0.00000668,-0.00000334
0.68938873,-0.00000668,0.00000429
0.68948871,0.00000095,-0.00000334
0.68958875,-0.00000286,0.00000048
0.68968878,-0.00000668,-0.00000334
0.68978876,-0.00000286,-0.00000334
0.68988879,-0.00000286,0.00000048
0.68998877,0.00000095,0.00000048
0.69008881,-0.00000286,0.00000048
0.69018884,-0.00000286,0.00000048
0.69028882,-0.00000286,0.00000048
0.69038885,-0.00000668,0.00000048
0.69048883,-0.00000286,0.00000048
0.69058887,0.00000095,0.00000048
0.69068890,-0.00000286,-0.00000334
0.69078888,-0.00001431,0.00000048
0.69088892,-0.00001812,0.00000048
0.69098889,-0.00001049,-0.00000334
0.69108893,-0.00000668,0.00000048
0.69118896,-0.00000286,0.00000048
0.69128894,-0.00000286,0.00000048
0.69138898,-0.00000668,0.00000048
0.69148901,-0.00000668,0.00000048
0.69158899,0.00000095,0.00000048
0.69168903,-0.00000286,0.00000048
0.69178900,0.00000095,0.00000048
0.69188904,-0.00000286,-0.00000334
0.69198907,-0.00000286,0.00000429
0.69208905,0.00000095,0.00000048
0.69218909,-0.00000286,0.00000429
0.69228906,-0.00000286,0.00000048
0.69238910,-0.00000668,-0.00000334
0.69248914,-0.00001049,-0.00000334
0.69258911,-0.00000668,0.00000048
0.69268915,-0.00000286,-0.00000334
0.69278912,-0.00000668,0.00000429
0.69288916,0.00000095,0.00000429
0.69298920,-0.00000286,0.00000048
0.69308917,-0.00000286,0.00000048
0.69318921,0.00000095,0.00000429
0.69328925,-0.00000286,0.00000429
0.69338922,-0.00000286,0.00000048
0.69348926,-0.00000286,0.00000048
0.69358923,-0.00000286,0.00000429
0.69368927,-0.00000668,0.00000048
0.69378931,-0.00000668,0.00000429
0.69388928,-0.00000286,0.00000048
0.69398932,-0.00000286,0.00000048
0.69408929,-0.00001431,0.00000048
0.69418933,-0.00000668,-0.00000334
0.69428937,-0.00001049,0.00000048
0.69438934,-0.00000668,-0.00000334
0.69448938,-0.00000286,-0.00000334
0.69458936,-0.00000286,0.00000429
0.69468939,-0.00000668,0.00000429
0.69478943,-0.00000286,0.00000048
0.69488940,-0.00000286,0.00000429
0.69498944,0.00000095,0.00000048
0.69508948,-0.00000286,0.00000048
0.69518945,0.00000477,0.00000429
0.69528949,-0.00000286,0.00000048
0.69538947,-0.00000668,-0.00000334
0.69548950,0.00000095,0.00000048
0.69558954,-0.00000286,0.00000048
0.69568951,-0.00001431,0.00000048
0.69578955,-0.00000286,0.00000048
0.69588953,-0.00001049,0.00000048
0.69598956,-0.00000286,0.00000429
0.69608960,-0.00000286,0.00000429
0.69618958,-0.00000286,0.00000429
0.69628961,-0.00000668,0.00000429
0.69638959,0.00000477,0.00000048
0.69648962,-0.00000668,0.00000048
0.69658966,0.00000095,0.00000048
0.69668964,0.00000095,0.00000048
0.69678967,0.00000095,0.00000048
0.69688971,0.00000095,0.00000429
0.69698969,-0.00000286,0.00000048
0.69708972,-0.00000286,-0.00000334
0.69718970,0.00000095,0.00000048
0.69728973,-0.00000286,0.00000429
0.69738977,-0.00001431,0.00000048
0.69748975,-0.00000668,0.00000048
0.69758978,-0.00001049,-0.00000334
0.69768976,-0.00000668,0.00000429
0.69778979,-0.00000286,-0.00000334
0.69788983,0.00000095,0.00000048
0.69798981,-0.00000286,-0.00000334
0.69808984,-0.00000286,0.00000048
0.69818982,0.00000095,0.00000048
0.69828986,-0.00000286,0.00000048
0.69838989,-0.00000286,0.00000048
0.69848987,-0.00000286,0.00000048
0.69858990,0.00000095,-0.00000334
0.69868994,0.00000477,-0.00000334
0.69878992,0.00000095,0.00000048
0.69888995,0.00000477,-0.00000334
0.69898993,0.00000477,0.00000048
0.69908997,-0.00000668,-0.00000334
0.69919000,-0.00001049,-0.00000334
0.69928998,-0.00000286,-0.00000334
0.69939001,0.00000477,-0.00000715
0.69948999,0.00000095,-0.00000334
0.69959003,-0.00000286,-0.00000334
0.69969006,0.00000095,0.00000048
0.69979004,0.00000095,0.00000048
0.69989008,0.00000095,0.00000048
0.69999005,0.00000095,-0.00000334
0.70009009,0.00000095,0.00000048
0.70019012,0.00000095,0.00000048
0.70029010,0.00000477,0.00000048
0.70039014,0.00000477,0.00000048
0.70049011,0.00000477,-0.00000334
0.70059015,0.00000095,0.00000429
0.70069019,-0.00000286,0.00000048
0.70079016,-0.00000668,-0.00000715
0.70089020,-0.00001049,0.00000048
0.70099023,-0.00000668,0.00000429
0.70109021,-0.00000286,-0.00000334
0.70119025,0.00000095,0.00000048
0.70129022,-0.00000286,-0.00000334
0.70139026,-0.00000286,0.00000048
0.70149030,0.00000477,-0.00000334
0.70159027,0.00000477,0.00000048
0.70169031,0.00000095,0.00000048
0.70179028,0.00000477,-0.00000334
0.70189032,0.00000095,-0.00000334
0.70199036,0.00000477,0.00000048
0.70209033,0.00000095,-0.00000334
0.70219037,0.00000095,0.00000048
0.70229034,0.00000477,-0.00000334
0.70239038,-0.00000668,0.00000048
0.70249042,-0.00000286,0.00000048
0.70259039,-0.00000668,0.00000048
0.70269043,0.00000095,-0.00000334
0.70279047,-0.00000286,-0.00000334
0.70289044,-0.00000286,-0.00000334
0.70299048,0.00000095,0.00000429
0.70309045,0.00000477,0.00000048
0.70319049,-0.00000286,-0.00000334
0.70329053,0.00000095,0.00000048
0.70339050,0.00000095,0.00000048
0.70349054,0.00000095,-0.00000334
0.70359052,-0.00000286,-0.00000334
0.70369055,0.00000095,-0.00000334
0.70379059,-0.00000286,0.00000429
0.70389056,0.00000095,0.00000048
0.70399060,0.00000095,0.00000429
0.70409058,-0.00000668,0.00000429
0.70419061,-0.00000286,0.00000429
0.70429065,-0.00000668,-0.00000334
0.70439063,-0.00000286,0.00000048
0.70449066,0.00000095,0.00000429
0.70459070,-0.00000286,0.00000429
0.70469067,-0.00000286,0.00000429
0.70479071,0.00000095,-0.00000334
0.70489069,-0.00000286,0.00000429
0.70499072,0.00000095,0.00000429
0.70509076,-0.00000286,0.00000048
0.70519073,0.00000095,-0.00000334
0.70529077,0.00000095,0.00000048
0.70539075,-0.00000286,0.00000429
0.70549078,0.00000477,0.00000048
0.70559082,0.00000095,0.00000048
0.70569080,-0.00000286,0.00000048
0.70579083,-0.00000668,0.00000048
0.70589081,-0.00001049,-0.00000334
0.70599084,-0.00000286,0.00000048
0.70609088,-0.00000286,0.00000048
0.70619086,0.00000095,0.00000048
0.70629089,0.00000095,0.00000048
0.70639093,-0.00000286,-0.00000334
0.70649091,0.00000095,0.00000429
0.70659094,0.00000095,0.00000429
0.70669092,-0.00000286,-0.00000334
0.70679095,-0.00000286,-0.00000334
0.70689099,-0.00000286,0.00000048
0.70699097,0.00000095,0.00000048
0.70709100,0.00000095,0.00000048
0.70719098,0.00000095,-0.00000334
0.70729102,0.00000095,0.00000429
0.70739105,-0.00001049,0.00000048
0.70749103,-0.00000286,-0.00000334
0.70759106,-0.00001049,-0.00000334
0.70769104,-0.00000668,0.00000048
0.70779108,-0.00000286,0.00000048
0.70789111,0.00000095,0.00000429
0.70799109,0.00000095,0.00000048
0.70809113,-0.00000286,0.00000048
0.70819116,0.00000095,-0.00000334
0.70829114,0.00000095,-0.00000334
0.70839117,0.00000095,0.00000048
0.70849115,0.00000095,0.00000048
0.70859119,-0.00000668,0.00000048
0.70869122,-0.00000286,0.00000048
0.70879120,-0.00000286,0.00000429
0.70889124,-0.00000668,-0.00000334
0.70899121,-0.00000668,-0.00000334
0.70909125,-0.00000286,0.00000048
0.70919128,-0.00000668,0.00000048
0.70929126,-0.00000286,-0.00000334
0.70939130,-0.00000286,-0.00000334
0.70949127,-0.00000286,-0.00000334
0.70959131,-0.00000286,0.00000048
0.70969135,-0.00000286,0.00000048
0.70979132,0.00000095,0.00000048
0.70989136,-0.00000286,0.00000048
0.70999139,-0.00000286,-0.00000715
0.71009137,-0.00000286,0.00000048
0.71019141,-0.00000286,0.00000048
0.71029138,-0.00000286,0.00000429
0.71039142,-0.00000286,-0.00000334
0.71049146,-0.00000668,0.00000429
0.71059143,0.00000095,0.00000429
0.71069147,-0.00000286,0.00000048
0.71079144,-0.00001049,0.00000048
0.71089148,-0.00001431,-0.00000334
0.71099152,-0.00000668,0.00000429
0.71109149,-0.00000286,0.00000048
0.71119153,-0.00000286,0.00000048
0.71129150,-0.00000286,-0.00000334
0.71139154,-0.00000286,0.00000048
0.71149158,-0.00000286,-0.00000715
0.71159155,-0.00000286,0.00000048
0.71169159,0.00000095,0.00000048
0.71179156,-0.00000286,0.00000048
0.71189160,-0.00000286,-0.00000715
0.71199164,0.00000095,0.00000429
0.71209161,-0.00000286,0.00000048
0.71219165,0.00000095,-0.00000334
0.71229169,-0.00000286,-0.00000334
0.71239166,-0.00001049,-0.00000334
0.71249170,-0.00000668,0.00000048
0.71259167,-0.00000668,0.00000048
0.71269171,-0.00000668,0.00000048
0.71279175,-0.00000286,-0.00000334
0.71289172,0.00000095,0.00000429
0.71299176,0.00000095,0.00000048
0.71309174,-0.00000286,0.00000429
0.71319177,-0.00000286,-0.00000334
0.71329181,0.00000095,-0.00000334
0.71339178,-0.00000668,0.00000048
0.71349182,-0.00000286,0.00000048
0.71359180,-0.00000286,0.00000048
0.71369183,-0.00000286,-0.00000334
0.71379187,-0.00000286,0.00000048
0.71389185,0.00000095,0.00000048
0.71399188,-0.00000286,0.00000048
0.71409192,-0.00000668,-0.00000334
0.71419189,-0.00000668,0.00000429
0.71429193,-0.00001431,0.00000048
0.71439191,-0.00000668,0.00000048
0.71449194,-0.00000286,0.00000048
0.71459198,0.00000095,0.00000429
0.71469196,-0.00000668,0.00000429
0.71479199,-0.00000668,0.00000429
0.71489197,-0.00000286,-0.00000334
0.71499200,-0.00000286,0.00000429
0.71509204,-0.00000668,0.00000048
0.71519202,-0.00000286,-0.00000334
0.71529205,-0.00000286,0.00000048
0.71539203,-0.00000286,-0.00000334
0.71549207,-0.00000286,0.00000048
0.71559210,-0.00000286,-0.00000334
0.71569208,-0.00001812,0.00000048
0.71579211,-0.00000668,-0.00000334
0.71589215,-0.00001049,0.00000048
0.71599213,-0.00000668,-0.00000334
0.71609216,-0.00000286,0.00000048
0.71619214,0.00000095,0.00000048
0.71629218,-0.00000286,0.00000429
0.71639221,0.00000095,-0.00000334
0.71649219,-0.00000286,0.00000429
0.71659222,-0.00000286,0.00000048
0.71669220,-0.00000286,0.00000048
0.71679224,-0.00000286,0.00000048
0.71689227,-0.00000286,0.00000048
0.71699225,-0.00000668,0.00000429
0.71709229,-0.00000286,-0.00000334
0.71719226,-0.00000286,-0.00000334
0.71729230,0.00000095,0.00000048
0.71739233,-0.00001812,-0.00000334
0.71749231,-0.00000668,0.00000048
0.71759235,-0.00001431,0.00000429
0.71769238,-0.00000668,0.00000048
0.71779236,-0.00000286,-0.00000334
0.71789240,-0.00000286,-0.00000334
0.71799237,0.00000095,0.00000048
0.71809241,-0.00000668,0.00000048
0.71819244,0.00000095,0.00000048
0.71829242,-0.00000668,0.00000048
0.71839246,-0.00000286,0.00000048
0.71849243,-0.00000286,0.00000048
0.71859247,0.00000095,0.00000048
0.71869250,0.00000095,0.00000048
0.71879248,0.00000095,0.00000048
0.71889252,0.00000095,0.00000048
0.71899249,0.00000095,-0.00000334
0.71909253,-0.00000668,0.00000048
0.71919257,-0.00001049,0.00000048
0.71929254,-0.00000286,-0.00000334
0.71939258,0.00000095,-0.00000334
0.71949261,0.00000095,0.00000429
0.71959259,0.00000477,0.00000048
0.71969263,-0.00000286,0.00000048
0.71979260,0.00000477,-0.00000334
0.71989264,0.00000095,0.00000048
0.71999268,-0.00000286,0.00000048
0.72009265,0.00000477,0.00000429
0.72019269,0.00000095,0.00000048
0.72029266,0.00000095,0.00000048
0.72039270,-0.00000286,0.00000048
0.72049274,0.00000095,-0.00000334
0.72059271,0.00000095,-0.00000334
0.72069275,0.00000477,0.00000048
0.72079272,-0.00001049,0.00000429
0.72089276,-0.00000668,0.00000429
0.72099280,-0.00000668,0.00000048
0.72109277,0.00000095,0.00000048
0.72119281,0.00000095,0.00000429
0.72129279,0.00000095,0.00000429
0.72139282,-0.00000286,0.00000048
0.72149286,0.00000095,0.00000048
0.72159283,0.00000477,0.00000048
0.72169287,0.00000095,0.00000048
0.72179291,-0.00000286,0.00000048
0.72189288,0.00000095,0.00000429
0.72199292,-0.00000286,-0.00000334
0.72209290,0.00000095,0.00000048
0.72219293,0.00000095,0.00000048
0.72229297,0.00000095,-0.00000334
0.72239294,-0.00000668,0.00000429
0.72249298,-0.00001049,-0.00000334
0.72259296,-0.00000668,-0.00000334
0.72269299,-0.00000286,0.00000048
0.72279303,0.00000477,0.00000048
0.72289301,-0.00000286,0.00000048
0.72299304,0.00000095,-0.00000334
0.72309302,0.00000477,0.00000048
0.72319305,-0.00000286,-0.00000334
0.72329309,0.00000095,0.00000048
0.72339307,0.00000477,0.00000048
0.72349310,0.00000095,-0.00000334
0.72359314,0.00000095,-0.00000334
0.72369312,0.00000095,0.00000429
0.72379315,0.00000095,0.00000048
0.72389313,0.00000095,-0.00000334
0.72399316,0.00000477,0.00000048
0.72409320,-0.00000286,0.00000048
0.72419318,-0.00000668,-0.00000334
0.72429321,-0.00000668,0.00000048
0.72439319,-0.00000286,0.00000048
0.72449323,0.00000095,0.00000048
0.72459326,-0.00000286,-0.00000334
0.72469324,0.00000095,0.00000048
0.72479327,0.00000095,0.00000048
0.72489325,-0.00000286,0.00000048
0.72499329,0.00000095,0.00000429
0.72509332,0.00000095,-0.00000334
0.72519330,0.00000477,0.00000429
0.72529333,-0.00000286,0.00000048
0.72539337,-0.00000286,0.00000429
0.72549335,-0.00000286,0.00000048
0.72559338,0.00000095,0.00000048
0.72569336,0.00000095,0.00000048
0.72579340,-0.00000286,-0.00000334
0.72589343,-0.00000668,0.00000048
0.72599341,-0.00000668,0.00000048
0.72609344,-0.00000286,-0.00000334
0.72619342,-0.00000668,0.00000048
0.72629346,-0.00000286,-0.00000334
0.72639349,0.00000095,-0.00000334
0.72649347,0.00000477,0.00000429
0.72659351,-0.00000286,0.00000048
0.72669348,-0.00000286,0.00000048
0.72679352,0.00000095,0.00000048
0.72689355,0.00000095,0.00000048
0.72699353,-0.00000286,0.00000429
0.72709357,-0.00000286,0.00000048
0.72719360,-0.00000286,-0.00000334
0.72729358,0.00000095,0.00000048
0.72739362,-0.00001431,-0.00000334
0.72749359,-0.00000286,0.00000048
0.72759363,-0.00001049,0.00000048
0.72769366,-0.00001049,0.00000429
0.72779364,-0.00000286,0.00000048
0.72789368,-0.00000286,0.00000048
0.72799365,-0.00000286,0.00000048
0.72809369,-0.00000286,-0.00000334
0.72819373,-0.00000286,-0.00000334
0.72829370,-0.00000286,-0.00000334
0.72839374,-0.00000286,0.00000048
0.72849371,0.00000095,0.00000429
0.72859375,-0.00000286,0.00000048
0.72869379,-0.00000668,0.00000048
0.72879376,-0.00000668,0.00000048
0.72889380,-0.00000286,0.00000048
0.72899384,-0.00001049,0.00000048
0.72909381,-0.00000668,-0.00000334
0.72919385,-0.00001431,0.00000048
0.72929382,-0.00000668,0.00000429
0.72939386,-0.00000286,-0.00000334
0.72949390,-0.00000668,0.00000048
0.72959387,-0.00000286,0.00000048
0.72969391,-0.00000668,0.00000048
0.72979388,0.00000095,0.00000048
0.72989392,-0.00000668,-0.00000715
0.72999396,-0.00000286,-0.00000334
0.73009393,-0.00000286,0.00000048
0.73019397,-0.00000286,0.00000048
0.73029395,-0.00000286,-0.00000334
0.73039398,-0.00000668,0.00000048
0.73049402,-0.00000668,0.00000429
0.73059399,-0.00000286,0.00000048
0.73069403,-0.00000668,0.00000048
0.73079401,-0.00001049,0.00000048
0.73089404,-0.00001812,0.00000048
0.73099408,-0.00000668,0.00000048
0.73109406,-0.00000668,0.00000429
0.73119409,0.00000095,0.00000048
0.73129413,-0.00000668,0.00000048
0.73139410,-0.00000286,0.00000048
0.73149414,-0.00000286,0.00000048
0.73159412,-0.00000286,-0.00000334
0.73169415,-0.00000286,0.00000048
0.73179419,-0.00000668,-0.00000334
0.73189417,-0.00000286,-0.00000334
0.73199420,-0.00000286,0.00000048
0.73209418,-0.00000286,0.00000048
0.73219421,-0.00000286,0.00000048
0.73229425,-0.00001049,0.00000429
0.73239423,-0.00001049,-0.00000334
0.73249426,-0.00001812,-0.00000334
0.73259424,-0.00001049,0.00000048
0.73269427,-0.00000286,0.00000429
0.73279431,-0.00000668,-0.00000334
0.73289429,-0.00000286,0.00000429
0.73299432,-0.00000668,0.00000048
0.73309436,-0.00000668,0.00000048
0.73319434,-0.00000286,0.00000048
0.73329437,-0.00000286,-0.00000334
0.73339435,-0.00000668,0.00000048
0.73349438,-0.00000668,0.00000048
0.73359442,-0.00000286,-0.00000334
0.73369440,-0.00000286,-0.00000334
0.73379443,-0.00000286,0.00000048
0.73389441,-0.00000286,0.00000048
0.73399445,-0.00000286,0.00000048
0.73409448,-0.00000668,0.00000048
0.73419446,-0.00001431,0.00000048
0.73429449,-0.00000668,-0.00000334
0.73439447,-0.00000286,-0.00000334
0.73449451,-0.00000286,-0.00000334
0.73459454,-0.00000286,0.00000048
0.73469452,-0.00000668,0.00000048
0.73479456,-0.00000286,0.00000048
0.73489459,-0.00000286,0.00000429
0.73499457,-0.00000286,0.00000429
0.73509460,-0.00000286,-0.00000334
0.73519458,-0.00000668,0.00000048
0.73529462,0.00000095,0.00000429
0.73539465,-0.00000286,-0.00000334
0.73549463,0.00000095,0.00000048
0.73559467,0.00000095,-0.00000334
0.73569464,-0.00001812,0.00000048
0.73579468,-0.00000668,0.00000048
0.73589471,-0.00001049,-0.00000334
0.73599469,-0.00000286,0.00000048
0.73609473,-0.00000286,-0.00000334
0.73619470,0.00000095,0.00000048
0.73629474,0.00000095,0.00000048
0.73639478,-0.00000668,0.00000048
0.73649475,-0.00000286,0.00000429
0.73659479,-0.00000286,0.00000048
0.73669482,0.00000477,0.00000048
0.73679480,-0.00000286,0.00000048
0.73689484,-0.00000286,0.00000048
0.73699481,-0.00000286,-0.00000334
0.73709485,-0.00000286,-0.00000334
0.73719489,-0.00000668,0.00000429
0.73729486,-0.00000286,0.00000048
0.73739490,-0.00001431,-0.00000334
0.73749487,-0.00000668,-0.00000334
0.73759491,-0.00001049,0.00000048
0.73769495,-0.00000668,-0.00000334
0.73779492,0.00000095,0.00000048
0.73789496,-0.00000286,0.00000048
0.73799493,0.00000477,0.00000048
0.73809497,0.00000095,-0.00000334
0.73819501,-0.00000286,0.00000048
0.73829498,-0.00000286,0.00000048
0.73839502,0.00000095,0.00000048
0.73849506,0.00000095,0.00000048
0.73859503,0.00000095,0.00000048
0.73869507,-0.00000286,0.00000048
0.73879504,0.00000095,0.00000048
0.73889508,0.00000095,0.00000429
0.73899512,-0.00000668,0.00000048
0.73909509,-0.00000668,0.00000429
0.73919513,-0.00000668,0.00000048
0.73929510,-0.00000668,0.00000048
0.73939514,0.00000095,0.00000429
0.73949518,0.00000095,-0.00000334
0.73959515,0.00000095,0.00000048
0.73969519,-0.00000286,0.00000429
0.73979517,0.00000477,0.00000048
0.73989520,0.00000095,0.00000048
0.73999524,0.00000095,-0.00000334
0.74009521,-0.00000286,0.00000048
0.74019525,0.00000095,0.00000048
0.74029529,-0.00000286,0.00000429
0.74039526,0.00000095,0.00000048
0.74049530,0.00000095,-0.00000334
0.74059528,0.00000477,0.00000048
0.74069531,0.00000095,0.00000048
0.74079535,-0.00001049,0.00000048
0.74089532,-0.00000668,0.00000048
0.74099536,-0.00000668,0.00000048
0.74109534,-0.00000286,-0.00000334
0.74119537,-0.00000286,0.00000048
0.74129541,0.00000095,0.00000429
0.74139539,-0.00000286,0.00000048
0.74149542,0.00000095,0.00000048
0.74159540,0.00000095,-0.00000334
0.74169543,0.00000095,0.00000048
0.74179547,-0.00000286,-0.00000334
0.74189545,0.00000095,0.00000429
0.74199548,-0.00000286,0.00000048
0.74209546,-0.00000286,0.00000048
0.74219550,-0.00000286,-0.00000334
0.74229553,-0.00000286,-0.00000334
0.74239551,-0.00000668,-0.00000334
0.74249554,-0.00000668,-0.00000334
0.74259558,-0.00000286,-0.00000334
0.74269556,0.00000095,0.00000048
0.74279559,0.00000095,0.00000048
0.74289557,0.00000095,-0.00000334
0.74299561,-0.00000286,0.00000048
0.74309564,0.00000477,0.00000048
0.74319562,-0.00000286,0.00000429
0.74329565,0.00000095,-0.00000334
0.74339563,-0.00000286,0.00000048
0.74349567,0.00000095,0.00000429
0.74359570,-0.00000286,0.00000048
0.74369568,0.00000095,0.00000048
0.74379572,-0.00000286,-0.00000334
0.74389569,0.00000095,0.00000429
0.74399573,0.00000095,0.00000048
0.74409576,-0.00001049,0.00000048
0.74419574,-0.00000668,0.00000048
0.74429578,-0.00001049,-0.00000334
0.74439581,0.00000477,0.00000048
0.74449579,-0.00000286,-0.00000334
0.74459583,-0.00000286,0.00000048
0.74469580,-0.00000286,-0.00000334
0.74479584,-0.00000286,-0.00000334
0.74489587,0.00000477,-0.00000334
0.74499585,-0.00000286,-0.00000334
0.74509589,-0.00000286,-0.00000334
0.74519586,-0.00000668,0.00000048
0.74529590,0.00000095,0.00000048
0.74539594,-0.00000286,0.00000048
0.74549591,-0.00000286,0.00000429
0.74559595,-0.00000286,0.00000429
0.74569592,-0.00000668,0.00000048
0.74579596,-0.00001049,0.00000048
0.74589600,-0.00001431,0.00000048
0.74599597,-0.00000286,0.00000048
0.74609601,-0.00000286,0.00000048
0.74619604,-0.00000286,0.00000429
0.74629602,-0.00000286,0.00000048
0.74639606,-0.00000286,0.00000048
0.74649603,0.00000095,0.00000048
0.74659607,-0.00000668,0.00000048
0.74669611,-0.00000286,-0.00000334
0.74679608,0.00000095,0.00000429
0.74689612,-0.00000286,-0.00000334
0.74699609,-0.00000286,0.00000429
0.74709613,0.00000095,0.00000048
0.74719617,-0.00000286,0.00000048
0.74729614,0.00000095,0.00000048
0.74739618,-0.00001431,0.00000048
0.74749615,-0.00000668,0.00000048
0.74759619,-0.00000668,0.00000048
0.74769623,-0.00000286,0.00000048
0.74779620,0.00000095,0.00000048
0.74789624,-0.00000286,0.00000048
0.74799628,-0.00000286,0.00000048
0.74809625,-0.00000286,0.00000048
0.74819629,-0.00000286,0.00000048
0.74829626,-0.00000286,0.00000048
0.74839630,0.00000095,0.00000429
0.74849634,0.00000095,0.00000048
0.74859631,-0.00000286,0.00000048
0.74869635,-0.00000668,0.00000048
0.74879633,-0.00000286,0.00000048
0.74889636,-0.00000286,0.00000048
0.74899640,-0.00001049,0.00000048
0.74909637,-0.00001049,0.00000048
0.74919641,-0.00001431,0.00000429
0.74929639,-0.00000286,-0.00000334
0.74939642,0.00000095,0.00000048
0.74949646,0.00000095,0.00000048
0.74959644,0.00000095,-0.00000334
0.74969647,0.00000477,0.00000048
0.74979651,-0.00000286,0.00000048
0.74989648,-0.00000286,-0.00000334
0.74999652,0.00000095,-0.00000334
0.75009650,-0.00000286,0.00000429
0.75019653,-0.00000668,-0.00000334
0.75029657,-0.00000286,0.00000048
0.75039655,-0.00000286,0.00000429
0.75049658,-0.00000286,0.00000048
0.75059656,-0.00000286,0.00000048
0.75069659,-0.00000286,-0.00000334
0.75079663,-0.00001431,0.00000048
0.75089661,-0.00001812,-0.00000715
0.75099664,-0.00001049,0.00000048
0.75109662,-0.00000286,-0.00000334
0.75119666,-0.00000286,0.00000048
0.75129669,-0.00001049,-0.00000334
0.75139667,-0.00000668,0.00000429
0.75149670,-0.00000286,0.00000429
0.75159668,-0.00000286,0.00000429
0.75169672,-0.00000668,0.00000048
0.75179675,-0.00000286,0.00000048
0.75189673,-0.00000286,0.00000429
0.75199677,-0.00000286,0.00000048
0.75209680,0.00000095,0.00000048
0.75219678,0.00000095,0.00000048
0.75229681,-0.00000286,0.00000429
0.75239679,-0.00001049,0.00000048
0.75249683,-0.00000668,0.00000048
0.75259686,-0.00000668,0.00000048
0.75269684,-0.00000668,0.00000048
0.75279688,-0.00000286,0.00000048
0.75289685,0.00000477,0.00000048
0.75299689,0.00000095,0.00000048
0.75309692,-0.00000668,0.00000048
0.75319690,-0.00000668,0.00000048
0.75329694,-0.00000286,-0.00000334
0.75339691,-0.00000286,-0.00000334
0.75349695,0.00000095,0.00000048
0.75359698,-0.00000286,0.00000048
0.75369696,0.00000095,0.00000048
0.75379700,0.00000095,-0.00000334
0.75389703,-0.00000668,-0.00000334
0.75399701,-0.00000286,0.00000048
0.75409705,-0.00001431,-0.00000334
0.75419702,-0.00000668,0.00000048
0.75429706,-0.00001431,-0.00000334
0.75439709,-0.00000668,-0.00000334
0.75449707,-0.00000286,-0.00000334
0.75459711,-0.00000668,-0.00000334
0.75469708,-0.00000286,-0.00000334
0.75479712,-0.00000286,0.00000048
0.75489716,-0.00000668,0.00000429
0.75499713,-0.00000286,-0.00000334
0.75509717,-0.00000668,0.00000048
0.75519714,-0.00000286,0.00000048
0.75529718,-0.00000286,-0.00000334
0.75539722,0.00000095,-0.00000334
0.75549719,-0.00000286,-0.00000715
0.75559723,0.00000095,0.00000429
0.75569727,-0.00001049,-0.00000334
0.75579724,-0.00000668,0.00000048
0.75589728,-0.00000668,-0.00000334
0.75599725,-0.00000286,0.00000048
0.75609729,-0.00000286,0.00000048
0.75619733,0.00000095,-0.00000334
0.75629730,-0.00000286,0.00000048
0.75639734,-0.00000286,0.00000429
0.75649731,0.00000095,0.00000048
0.75659735,-0.00000286,0.00000048
0.75669739,-0.00000286,0.00000429
0.75679736,-0.00000286,0.00000048
0.75689740,0.00000095,-0.00000334
0.75699738,0.00000095,0.00000048
0.75709741,0.00000095,-0.00000334
0.75719745,-0.00000286,0.00000048
0.75729742,0.00000095,-0.00000334
0.75739746,-0.00001431,-0.00000334
0.75749750,-0.00000668,0.00000048
0.75759747,-0.00001049,0.00000048
0.75769751,-0.00000668,-0.00000334
0.75779749,-0.00000286,0.00000048
0.75789752,0.00000095,-0.00000715
0.75799756,-0.00000286,-0.00000334
0.75809753,-0.00000286,0.00000048
0.75819757,-0.00000668,0.00000429
0.75829755,-0.00000286,0.00000048
0.75839758,-0.00000286,0.00000429
0.75849762,-0.00000286,0.00000048
0.75859760,0.00000477,0.00000048
0.75869763,0.00000095,0.00000048
0.75879761,0.00000095,0.00000429
0.75889764,-0.00000286,0.00000048
0.75899768,0.00000095,0.00000048
0.75909766,-0.00000668,0.00000429
0.75919769,-0.00000668,-0.00000334
0.75929773,-0.00000286,0.00000048
0.75939771,-0.00000286,0.00000048
0.75949774,0.00000477,0.00000048
0.75959772,0.00000477,0.00000048
0.75969775,0.00000095,0.00000048
0.75979779,0.00000477,0.00000048
0.75989777,0.00000095,0.00000048
0.75999780,0.00000477,0.00000048
0.76009778,0.00000477,-0.00000334
0.76019781,-0.00000286,0.00000429
0.76029785,-0.00000286,0.00000429
0.76039783,0.00000477,0.00000048
0.76049786,0.00000095,0.00000048
0.76059784,0.00000095,-0.00000334
0.76069788,0.00000095,0.00000048
0.76079791,-0.00000668,0.00000048
0.76089789,-0.00001049,-0.00000334
0.76099792,-0.00000286,-0.00000334
0.76109790,0.00000477,0.00000048
0.76119794,-0.00000286,-0.00000334
0.76129797,0.00000095,0.00000048
0.76139795,0.00000095,0.00000048
0.76149799,0.00000095,0.00000048
0.76159802,0.00000095,0.00000048
0.76169800,-0.00000286,0.00000048
0.76179803,-0.00000286,-0.00000334
0.76189801,0.00000095,0.00000048
0.76199805,0.00000477,-0.00000334
0.76209808,0.00000095,0.00000048
0.76219806,0.00000095,0.00000048
0.76229810,-0.00000286,0.00000048
0.76239807,-0.00000668,0.00000048
0.76249811,-0.00001049,-0.00000334
0.76259814,-0.00000286,-0.00000334
0.76269812,0.00000095,0.00000048
0.76279816,0.00000095,-0.00000334
0.76289813,-0.00000286,0.00000048
0.76299817,0.00000095,-0.00000334
0.76309821,0.00000095,0.00000429
0.76319818,0.00000095,0.00000429
0.76329822,-0.00000286,0.00000048
0.76339825,0.00000477,0.00000048
0.76349823,-0.00000286,0.00000429
0.76359827,0.00000095,-0.00000334
0.76369824,-0.00000286,0.00000429
0.76379828,0.00000095,0.00000048
0.76389832,0.00000095,0.00000048
0.76399829,0.00000095,0.00000048
0.76409833,-0.00000286,0.00000048
0.76419830,-0.00000286,0.00000048
0.76429834,-0.00001049,0.00000048
0.76439838,-0.00000286,-0.00000334
0.76449835,0.00000095,0.00000429
0.76459839,-0.00000668,0.00000048
0.76469836,-0.00000286,0.00000048
0.76479840,0.00000095,0.00000048
0.76489844,-0.00000286,0.00000048
0.76499841,-0.00000668,0.00000048
0.76509845,-0.00000286,0.00000048
0.76519849,-0.00000668,0.00000048
0.76529846,0.00000095,0.00000048
0.76539850,0.00000095,0.00000048
0.76549847,-0.00000286,0.00000048
0.76559851,-0.00000668,-0.00000715
0.76569855,-0.00000668,0.00000048
0.76579852,-0.00000668,0.00000048
0.76589856,-0.00000668,-0.00000334
0.76599854,-0.00000286,0.00000048
0.76609857,-0.00000286,0.00000048
0.76619861,0.00000477,0.00000429
0.76629858,0.00000095,0.00000048
0.76639862,0.00000095,0.00000811
0.76649860,0.00000095,0.00000429
0.76659863,-0.00000668,0.00000048
0.76669867,-0.00000286,0.00000048
0.76679865,0.00000095,0.00000048
0.76689868,0.00000095,0.00000048
0.76699872,0.00000095,0.00000048
0.76709869,-0.00000286,0.00000429
0.76719873,-0.00000286,0.00000048
0.76729871,-0.00000286,0.00000048
0.76739874,-0.00001812,0.00000048
0.76749878,-0.00001049,0.00000048
0.76759875,-0.00001049,0.00000048
0.76769879,-0.00000286,0.00000048
0.76779877,0.00000095,0.00000048
0.76789880,-0.00000286,0.00000048
0.76799884,-0.00000668,0.00000429
0.76809882,-0.00000286,-0.00000334
0.76819885,-0.00000286,0.00000048
0.76829883,-0.00000286,0.00000048
0.76839886,0.00000095,0.00000429
0.76849890,0.00000095,-0.00000334
0.76859888,0.00000095,0.00000429
0.76869891,-0.00000286,0.00000048
0.76879895,-0.00000286,0.00000429
0.76889893,-0.00000286,-0.00000334
0.76899896,-0.00001812,-0.00000334
0.76909894,-0.00000668,0.00000048
0.76919897,-0.00001431,0.00000048
0.76929901,-0.00000286,0.00000429
0.76939899,-0.00000286,0.00000048
0.76949902,-0.00000286,0.00000048
0.76959900,0.00000095,0.00000048
0.76969904,-0.00000286,0.00000048
0.76979907,-0.00000286,0.00000429
0.76989905,0.00000095,-0.00000334
0.76999908,0.00000095,-0.00000334
0.77009906,0.00000095,-0.00000334
0.77019910,0.00000095,-0.00000334
0.77029913,0.00000095,-0.00000334
0.77039911,-0.00000668,0.00000429
0.77049915,-0.00000286,0.00000048
0.77059918,-0.00000668,0.00000048
0.77069916,-0.00000668,0.00000048
0.77079919,-0.00000668,0.00000048
0.77089917,-0.00001431,0.00000048
0.77099921,-0.00001049,-0.00000334
0.77109924,-0.00000286,0.00000048
0.77119922,-0.00000286,0.00000048
0.77129926,-0.00000286,0.00000048
0.77139923,-0.00000286,0.00000048
0.77149927,0.00000095,0.00000048
0.77159930,-0.00000286,0.00000048
0.77169928,-0.00000286,0.00000048
0.77179932,-0.00000286,0.00000048
0.77189929,-0.00000668,0.00000048
0.77199933,-0.00000286,0.00000048
0.77209937,0.00000095,0.00000048
0.77219934,-0.00000668,-0.00000334
0.77229938,-0.00000286,-0.00000334
0.77239935,-0.00000668,0.00000429
0.77249939,0.00000095,0.00000048
0.77259943,-0.00000668,-0.00000334
0.77269940,-0.00000286,0.00000048
0.77279944,-0.00000668,0.00000048
0.77289948,-0.00000286,0.00000048
0.77299945,-0.00000668,-0.00000334
0.77309949,-0.00000286,0.00000048
0.77319946,0.00000095,0.00000048
0.77329950,0.00000095,-0.00000334
0.77339954,0.00000095,0.00000048
0.77349951,0.00000095,-0.00000334
0.77359955,-0.00000286,0.00000048
0.77369952,0.00000095,0.00000048
0.77379956,0.00000095,0.00000048
0.77389960,-0.00000286,-0.00000334
0.77399957,0.00000095,0.00000048
0.77409961,-0.00001049,0.00000048
0.77419958,-0.00000668,-0.00000334
0.77429962,-0.00001049,-0.00000334
0.77439966,-0.00000286,0.00000048
0.77449963,0.00000095,-0.00000334
0.77459967,-0.00000286,-0.00000334
0.77469971,-0.00000286,-0.00000334
0.77479968,-0.00000286,0.00000048
0.77489972,-0.00000286,0.00000048
0.77499969,0.00000095,0.00000048
0.77509973,-0.00000286,0.00000429
0.77519977,0.00000095,0.00000048
0.77529974,0.00000095,0.00000048
0.77539978,0.00000095,0.00000048
0.77549976,0.00000095,-0.00000334
0.77559979,0.00000095,0.00000429
0.77569983,-0.00001049,-0.00000334
0.77579980,-0.00000668,0.00000048
0.77589984,-0.00001049,-0.00000334
0.77599982,-0.00000668,-0.00000334
0.77609985,0.00000095,0.00000429
0.77619989,0.00000477,0.00000048
0.77629987,-0.00000286,-0.00000334
0.77639990,0.00000095,0.00000048
0.77649994,-0.00000286,0.00000048
0.77659991,-0.00000286,0.00000048
0.77669995,-0.00000668,0.00000048
0.77679993,0.00000095,0.00000429
0.77689996,-0.00000286,0.00000048
0.77700000,-0.00000286,0.00000048
0.77709998,0.00000095,0.00000048
0.77720001,0.00000095,-0.00000334
