#timeI (float64)[1],PositionR (float64)[1],PositionZ (float64)[1]
-0.0010000000000000,0.0000000000000000,0.0000000000000000
-0.0008999909974793,0.0000000000000000,0.0000000000000000
-0.0007999819949586,0.0000000000000000,0.0000000000000000
-0.0006999729924379,0.0000000000000000,0.0000000000000000
-0.0005999639899172,0.0000000000000000,0.0000000000000000
-0.0004999549873965,0.0000000000000000,0.0000000000000000
-0.0003999459848758,0.0000000000000000,0.0000000000000000
-0.0002999369823551,0.0000000000000000,0.0000000000000000
-0.0001999279798344,0.0849971696734428,0.0849971696734428
-0.0000999189773136,0.0849971696734428,0.0849971696734428
0.0000000900252071,0.0849971696734428,0.0849971696734428
0.0001000990277278,0.0849971622228622,0.0849971696734428
0.0002001080302485,0.0849971622228622,0.0849971696734428
0.0003001170327692,0.0849971622228622,0.0849971696734428
0.0004001260352899,0.0849971696734428,0.0849971696734428
0.0005001350378106,0.0849971696734428,0.0849971696734428
0.0006001440403313,0.0849971696734428,0.0849971622228622
0.0007001530428520,0.0849971696734428,0.0849971622228622
0.0008001620453727,0.0849971398711205,0.0849971622228622
0.0009001710478934,0.0849971026182175,0.0849971622228622
0.0010001800504141,0.0849970802664757,0.0849971473217010
0.0011001890529348,0.0849970579147339,0.0849971324205399
0.0012001980554555,0.0849970430135727,0.0849971100687981
0.0013002070579762,0.0849970132112503,0.0849971026182175
0.0014002160604969,0.0849969834089279,0.0849970728158951
0.0015002250630176,0.0849968791007996,0.0849970430135727
0.0016002340655384,0.0849968120455742,0.0849969908595085
0.0017002430680591,0.0849967375397682,0.0849969312548637
0.0018002520705798,0.0849966630339622,0.0849968567490578
0.0019002610731005,0.0849965810775757,0.0849967226386070
0.0020002700756212,0.0849964171648026,0.0849966406822205
0.0021002790781419,0.0849963277578354,0.0849965214729309
0.0022002880806626,0.0849962010979652,0.0849963426589966
0.0023002970831833,0.0849960893392563,0.0849962532520294
0.0024003060857040,0.0849960595369339,0.0849961563944817
0.0025003150882247,0.0849959924817085,0.0849960967898369
0.0026003240907454,0.0849959999322891,0.0849960595369339
0.0027003330932661,0.0849959701299667,0.0849960520863533
0.0028003420957868,0.0849959701299667,0.0849960520863533
0.0029003510983075,0.0849960669875145,0.0849956870079041
0.0030003601008282,0.0849960371851921,0.0849961563944817
0.0031003691033489,0.0849960967898369,0.0849957987666130
0.0032003781058696,0.0849960669875145,0.0849960595369339
0.0033003871083903,0.0849960669875145,0.0849960818886757
0.0034003961109111,0.0849960967898369,0.0849960222840309
0.0035004051134318,0.0849960669875145,0.0849959701299667
0.0036004141159525,0.0849961116909981,0.0849959328770638
0.0037004231184732,0.0849960967898369,0.0849956795573235
0.0038004321209939,0.0849960967898369,0.0849957093596458
0.0039004411235146,0.0849959999322891,0.0849956572055817
0.0040004501260353,0.0849958583712578,0.0849958807229996
0.0041004591285560,0.0849958136677742,0.0849957168102264
0.0042004681310767,0.0849957168102264,0.0849958434700966
0.0043004771335974,0.0849957615137100,0.0849958434700966
0.0044004861361181,0.0849957019090652,0.0849959328770638
0.0045004951386388,0.0849956274032593,0.0849960520863533
0.0046005041411595,0.0849956125020981,0.0849961116909981
0.0047005131436802,0.0849960967898369,0.0849972218275070
0.0048005221462009,0.0849955528974533,0.0849960595369339
0.0049005311487216,0.0849960297346115,0.0849970132112503
0.0050005401512423,0.0849965363740921,0.0849970877170563
0.0051005491537631,0.0849986374378204,0.0849968269467354
0.0052005581562838,0.0849996134638786,0.0849971920251846
0.0053005671588045,0.0849999934434891,0.0849969983100891
0.0054005761613252,0.0849997624754906,0.0849963799118996
0.0055005851638459,0.0849997028708458,0.0849963426589966
0.0056005941663666,0.0849996730685234,0.0849961116909981
0.0057006031688873,0.0849996730685234,0.0849960371851921
0.0058006121714080,0.0849995464086533,0.0849596112966537
0.0059006211739287,0.0849993824958801,0.0849592536687851
0.0060006301764494,0.0849989131093025,0.0849604383111000
0.0061006391789701,0.0584494397044182,0.0322830602526665
0.0062006481814908,0.0560898408293724,0.0292361397296190
0.0063006571840115,0.0542569905519485,0.0271327402442694
0.0064006661865322,0.0503647401928902,0.0257065799087286
0.0065006751890529,0.0446125417947769,0.0229341406375170
0.0066006841915736,0.0412882901728153,0.0200151391327381
0.0067006931940943,0.0365060791373253,0.0171960499137640
0.0068007021966151,0.0341065600514412,0.0147839803248644
0.0069007111991358,0.0326834097504616,0.0128551702946424
0.0070007202016565,0.0311684105545282,0.0115197701379657
0.0071007292041772,0.0289352498948574,0.0098177623003721
0.0072007382066979,0.0277110692113638,0.0090104890987277
0.0073007472092186,0.0271316207945347,0.0084859253838658
0.0074007562117393,0.0266342796385288,0.0079149212688208
0.0075007652142600,0.0257033593952656,0.0075253089889884
0.0076007742167807,0.0247344393283129,0.0069627640768886
0.0077007832193014,0.0257408097386360,0.0065135289914906
0.0078007922218221,0.0253964792937040,0.0059757959097624
0.0079008012243428,0.0249382108449936,0.0056348508223891
0.0080008102268635,0.0246802493929863,0.0051078097894788
0.0081008192293842,0.0267277695238590,0.0052791321650147
0.0082008282319049,0.0265837591141462,0.0048289089463651
0.0083008372344256,0.0245472602546215,0.0043570399284363
0.0084008462369463,0.0261346008628607,0.0037803200539201
0.0085008552394671,0.0245013702660799,0.0031327900942415
0.0086008642419878,0.0231009498238564,0.0024077140260488
0.0087008732445085,0.0235142093151808,0.0022003978956491
0.0088008822470292,0.0228540208190680,0.0016165879787877
0.0089008912495499,0.0225350502878428,0.0012789509491995
0.0090009002520706,0.0220756493508816,0.0007773545221426
0.0091009092545913,0.0210655201226473,0.0003883129102178
0.0092009182571120,0.0200014598667622,0.0000981723569566
0.0093009272596327,0.0193475708365440,0.0001313753018621
0.0094009362621534,0.0194762498140335,-0.0002892627089750
0.0095009452646741,0.0188442803919315,-0.0005333857843652
0.0096009542671948,0.0180449001491070,-0.0006156479939818
0.0097009632697155,0.0176533497869968,-0.0005836099153385
0.0098009722722362,0.0174330007284880,-0.0010740859434009
0.0099009812747569,0.0181982796639204,-0.0018385000294074
0.0100009902772776,0.0170688591897488,-0.0014414349570870
0.0101009992797983,0.0159748606383801,-0.0015433370135725
0.0102010082823191,0.0166869293898344,-0.0018109990051016
0.0103010172848398,0.0170518998056650,-0.0019105289829895
0.0104010262873605,0.0158023294061422,-0.0015974530251697
0.0105010352898812,0.0162524897605181,-0.0013111629523337
0.0106010442924019,0.0152612002566457,-0.0012327559525147
0.0107010532949226,0.0150555698201060,-0.0009837413672358
0.0108010622974433,0.0149012999609113,-0.0006492239772342
0.0109010712999640,0.0151667697355151,-0.0005604468169622
0.0110010803024847,0.0148616097867489,-0.0005546170286834
0.0111010893050054,0.0144159495830536,-0.0003111466066912
0.0112010983075261,0.0138038303703070,-0.0001672150974628
0.0113011073100468,0.0140437399968505,-0.0002179906005040
0.0114011163125675,0.0127401500940323,-0.0001369820965920
0.0115011253150882,0.0134456399828196,-0.0000464693803224
0.0116011343176089,0.0127179101109505,0.0005735188024119
0.0117011433201296,0.0124869802966714,0.0003934130072594
0.0118011523226503,0.0127368196845055,0.0002694737049751
0.0119011613251710,0.0123497303575277,-0.0000176832490979
0.0120011703276918,0.0119431102648377,-0.0000734652421670
0.0121011793302125,0.0113312397152185,0.0001362407056149
0.0122011883327332,0.0101024499163032,-0.0000832532023196
0.0123011973352539,0.0113488603383303,-0.0000368945402442
0.0124012063377746,0.0124405501410365,0.0001276982948184
0.0125012153402953,0.0128435501828790,0.0005161272129044
0.0126012243428160,0.0123625695705414,0.0004497384943534
0.0127012333453367,0.0123858097940683,0.0003073581028730
0.0128012423478574,0.0124700795859098,0.0003709130105563
0.0129012513503781,0.0126810800284147,-0.0000414970090787
0.0130012603528988,0.0120108500123024,0.0002432313049212
0.0131012693554195,0.0114835901185870,-0.0003151303972118
0.0132012783579402,0.0116296997293830,-0.0004337898863014
0.0133012873604609,0.0124829299747944,-0.0002863410918508
0.0134012963629816,0.0104514798149467,-0.0002746249956544
0.0135013053655023,0.0113661596551538,-0.0006334104109555
0.0136013143680230,0.0121157700195909,-0.0004653182986658
0.0137013233705438,0.0108281802386045,0.0000573244506086
0.0138013323730645,0.0116117401048541,-0.0003209371061530
0.0139013413755852,0.0112386504188180,0.0002283399953740
0.0140013503781059,0.0115895299240947,0.0000675337578286
0.0141013593806266,0.0114028099924326,-0.0000923434272408
0.0142013683831473,0.0105652604252100,-0.0000011669840205
0.0143013773856680,0.0113220196217299,-0.0003587504033931
0.0144013863881887,0.0120318001136184,-0.0002518194087315
0.0145013953907094,0.0114787295460701,-0.0001254415983567
0.0146014043932301,0.0105698900297284,0.0002782378869597
0.0147014133957508,0.0114269396290183,0.0002420868986519
0.0148014223982715,0.0112826097756624,0.0000526194198756
0.0149014314007922,0.0100014302879572,0.0002339275961276
0.0150014404033129,0.0111517896875739,-0.0002996188122779
0.0151014494058336,0.0111634600907564,-0.0004657134995796
0.0152014584083543,0.0096809118986130,-0.0003503575862851
0.0153014674108750,0.0100752897560596,0.0000975075963652
0.0154014764133958,0.0116538396105170,-0.0002992340887431
0.0155014854159165,0.0106963999569416,-0.0002588641073089
0.0156014944184372,0.0111050503328443,0.0001767820940586
0.0157015034209579,0.0104816602542996,-0.0005494381184690
0.0158015124234786,0.0103832203894854,-0.0001284322934225
0.0159015214259993,0.0102818999439478,-0.0001145549977082
0.0160015304285200,0.0102000897750258,0.0003791376075242
0.0161015394310407,0.0095399497076869,-0.0004524838004727
0.0162015484335614,0.0095039447769523,-0.0001355598942610
0.0163015574360821,0.0101110497489572,-0.0005477021913975
0.0164015664386028,0.0106467502191663,-0.0007322615128942
0.0165015754411235,0.0097310896962881,-0.0003252887108829
0.0166015844436442,0.0107644498348236,-0.0002907665912062
0.0167015934461649,0.0111430101096630,-0.0004567659052555
0.0168016024486856,0.0101766800507903,-0.0004172440967523
0.0169016114512063,0.0107906898483634,-0.0008569071069360
0.0170016204537270,0.0089355641975999,-0.0003977325977758
0.0171016294562478,0.0097727980464697,-0.0004224324948154
0.0172016384587685,0.0104837901890278,-0.0004719455027953
0.0173016474612892,0.0109717696905136,-0.0006475026020780
0.0174016564638099,0.0100699495524168,-0.0000348344001395
0.0175016654663306,0.0102290399372578,-0.0002547813928686
0.0176016744688513,0.0109618399292231,-0.0000468877515232
0.0177016834713720,0.0107078701257706,0.0002349064016016
0.0178016924738927,0.0105381403118372,0.0001419979962520
0.0179017014764134,0.0113790696486831,-0.0002675607101992
0.0180017104789341,0.0113592902198434,-0.0000281070806523
0.0181017194814548,0.0110097499564290,-0.0003349843027536
0.0182017284839755,0.0105517096817493,0.0001976220955839
0.0183017374864962,0.0107886698096991,0.0000416686998506
0.0184017464890169,0.0110092600807548,0.0001153217017418
0.0185017554915376,0.0107898497954011,-0.0004658148100134
0.0186017644940583,0.0112445801496506,-0.0000799120025476
0.0187017734965790,0.0107060596346855,-0.0000265072594630
0.0188017824990998,0.0114135500043631,-0.0003841764992103
0.0189017915016205,0.0115156099200249,-0.0002269685937790
0.0190018005041412,0.0125718200579286,-0.0000303709693981
0.0191018095066619,0.0130390496924520,-0.0001633339998079
0.0192018185091826,0.0129829803481698,0.0000528244017914
0.0193018275117033,0.0131133999675512,0.0001084742034436
0.0194018365142240,0.0144516304135323,-0.0001413655991200
0.0195018455167447,0.0139374202117324,-0.0003578668111004
0.0196018545192654,0.0152308596298099,-0.0002316695026821
0.0197018635217861,0.0142195904627442,0.0000791247512097
0.0198018725243068,0.0140701401978731,-0.0002105183957610
0.0199018815268275,0.0139853302389383,0.0000307624104607
0.0200018905293482,0.0134747596457601,0.0000021926889531
0.0201018995318689,0.0132822999730706,-0.0005111902137287
0.0202019085343896,0.0142513299360871,-0.0007176821818575
0.0203019175369103,0.0143150500953197,-0.0007278149714693
0.0204019265394310,0.0137291904538870,-0.0005789300194010
0.0205019355419517,0.0140712196007371,-0.0006629445124418
0.0206019445444725,0.0130303101614118,0.0000731175823603
0.0207019535469932,0.0125496303662658,0.0001392286940245
0.0208019625495139,0.0133817000314593,0.0001450607960578
0.0209019715520346,0.0136646796017885,0.0003125800867565
0.0210019805545553,0.0137414196506143,0.0005148135242052
0.0211019895570760,0.0139751499518752,0.0005502717103809
0.0212019985595967,0.0132286399602890,0.0006025271723047
0.0213020075621174,0.0135292802006006,0.0005524210864678
0.0214020165646381,0.0143343703821301,-0.0001152679033112
0.0215020255671588,0.0145311895757914,-0.0002675096911844
0.0216020345696795,0.0155946202576160,0.0000219440898945
0.0217020435722002,0.0139896003529429,0.0003598768962547
0.0218020525747209,0.0136472498998046,-0.0004591016913764
0.0219020615772416,0.0135799599811435,-0.0001516745978734
0.0220020705797623,0.0133137796074152,-0.0003216895856895
0.0221020795822830,0.0142388101667166,-0.0002546960895415
0.0222020885848037,0.0155644901096821,-0.0004629653121810
0.0223020975873245,0.0154171502217650,-0.0001971963938558
0.0224021065898452,0.0150826899334788,0.0001628530008020
0.0225021155923659,0.0156426709145308,-0.0000460817791463
0.0226021245948866,0.0156236598268151,-0.0001775369019015
0.0227021335974073,0.0154726896435022,-0.0003578641917557
0.0228021425999280,0.0144729400053620,0.0000394667986257
0.0229021516024487,0.0151820797473192,0.0003546761872713
0.0230021606049694,0.0142543399706483,0.0002546632022131
0.0231021696074901,0.0137722697108984,-0.0001915998000186
0.0232021786100108,0.0147619796916842,-0.0001808000961319
0.0233021876125315,0.0146747799590230,-0.0001436523016309
0.0234021966150522,0.0153665700927377,0.0000916940625757
0.0235022056175729,0.0149165103211999,-0.0002066398010356
0.0236022146200936,0.0149835497140884,-0.0003630653081927
0.0237022236226143,0.0144809996709228,-0.0002425398997730
0.0238022326251350,0.0145006803795695,-0.0004151104076300
0.0239022416276557,0.0140283899381757,-0.0000688140789862
0.0240022506301765,0.0153537299484015,-0.0000476971290482
0.0241022596326972,0.0145984003320336,-0.0001227189059136
0.0242022686352179,0.0142058897763491,0.0000253267407970
0.0243022776377386,0.0144809400662780,0.0002578737039585
0.0244022866402593,0.0135596999898553,0.0000810917335912
0.0245022956427800,0.0146312201395631,0.0003662384988274
0.0246023046453007,0.0143614001572132,0.0003171908902004
0.0247023136478214,0.0148082803934813,0.0000077967370089
0.0248023226503421,0.0157636199146509,0.0000306635192828
0.0249023316528628,0.0152211999520659,-0.0001405598013662
0.0250023406553835,0.0157035905867815,-0.0002419915981591
0.0251023496579042,0.0165223293006420,-0.0002503845898900
0.0252023586604249,0.0149918301030993,0.0000062518452069
0.0253023676629456,0.0163034796714783,-0.0002444678975735
0.0254023766654663,0.0156745091080666,-0.0002455326903146
0.0255023856679870,0.0169185902923346,-0.0000028620390822
0.0256023946705077,0.0159181207418442,0.0001162546031992
0.0257024036730285,0.0155993504449725,0.0002072842034977
0.0258024126755492,0.0165314804762602,0.0001913198066177
0.0259024216780699,0.0159321706742048,-0.0001023727963911
0.0260024306805906,0.0171274505555630,-0.0000138493296618
0.0261024396831113,0.0168191604316235,-0.0000324137108692
0.0262024486856320,0.0171114504337311,0.0001990782038774
0.0263024576881527,0.0167018994688988,0.0000320261206070
0.0264024666906734,0.0159995593130589,0.0000267849300144
0.0265024756931941,0.0168527401983738,-0.0000595407182118
0.0266024846957148,0.0150293698534369,-0.0001575214992044
0.0267024936982355,0.0152301704511046,-0.0001298014976783
0.0268025027007562,0.0155614195391536,-0.0004890040727332
0.0269025117032769,0.0149454101920128,-0.0001589657040313
0.0270025207057976,0.0163156706839800,-0.0002219286980107
0.0271025297083183,0.0154710495844483,-0.0002949911868200
0.0272025387108390,0.0149352103471756,-0.0003620480129030
0.0273025477133597,0.0156105998903513,-0.0000586991591263
0.0274025567158805,0.0157812796533108,-0.0000755927976570
0.0275025657184012,0.0169123392552137,-0.0001205599983223
0.0276025747209219,0.0161326304078102,0.0001154007986770
0.0277025837234426,0.0166785493493080,0.0001729932992021
0.0278025927259633,0.0161439403891563,0.0002330442948733
0.0279026017284840,0.0156529191881418,-0.0000893926626304
0.0280026107310047,0.0156731195747852,0.0001962156966329
0.0281026197335254,0.0164976399391890,-0.0001765664055711
0.0282026287360461,0.0162265207618475,0.0000446205995104
0.0283026377385668,0.0169139299541712,-0.0000828444171930
0.0284026467410875,0.0165526494383812,-0.0001378700981149
0.0285026557436082,0.0172303095459938,-0.0002399123040959
0.0286026647461289,0.0171427391469479,-0.0003766067093238
0.0287026737486496,0.0165508203208447,-0.0002730163105298
0.0288026827511703,0.0160658899694681,-0.0000567286697333
0.0289026917536910,0.0150527702644467,0.0003060284943786
0.0290027007562117,0.0161173492670059,0.0002773693122435
0.0291027097587324,0.0164848603308201,-0.0000256074399658
0.0292027187612532,0.0160621292889118,0.0003236682969145
0.0293027277637739,0.0153071898967028,0.0003941690083593
0.0294027367662946,0.0157604608684778,0.0005799232167192
0.0295027457688153,0.0169019401073456,0.0002124870952684
0.0296027547713360,0.0161736793816090,0.0002629341906868
0.0297027637738567,0.0160141792148352,-0.0000090809053290
0.0298027727763774,0.0165187492966652,-0.0001000577976811
0.0299027817788981,0.0154828000813723,-0.0000610117604083
0.0300027907814188,0.0156595204025507,0.0000492308790854
0.0301027997839395,0.0148282898589969,-0.0002046423032880
0.0302028087864602,0.0154720097780228,-0.0001138286970672
0.0303028177889809,0.0155031504109502,-0.0002841822861228
0.0304028267915016,0.0145494602620602,-0.0001902477961266
0.0305028357940223,0.0131363701075315,-0.0003264329861850
0.0306028447965430,0.0116499299183488,-0.0001741174055496
0.0307028537990637,0.0118174096569419,-0.0001474369055359
0.0308028628015844,0.0124347200617194,-0.0006175925955176
0.0309028718041052,0.0118583701550961,-0.0004082458035555
0.0310028808066259,0.0124604003503919,-0.0008817277848721
0.0311028898091466,0.0120786400511861,-0.0006946722278371
0.0312028988116673,0.0128216203302145,-0.0011536040110514
0.0313029078141880,0.0119320899248123,-0.0010829770471901
0.0314029168167087,0.0125280600041151,-0.0005716530140489
0.0315029258192294,0.0136733297258615,-0.0008848817087710
0.0316029348217501,0.0155001599341631,-0.0012846699682996
0.0317029438242708,0.0137033201754093,-0.0014281700132415
0.0318029528267915,0.0120064998045564,-0.0016182559775189
0.0319029618293122,0.0078876018524170,-0.0010096409823745
0.0320029708318329,0.0021008609328419,-0.0004406108055264
0.0321029798343536,-0.0020512898918241,-0.0013222059933469
0.0322029888368743,0.0849971771240234,0.0849706903100014
0.0323029978393950,0.0849972516298294,0.0849969908595085
0.0324030068419157,0.0849971026182175,0.0849969834089279
0.0325030158444364,0.0849969610571861,0.0849965736269951
0.0326030248469572,0.0849972516298294,0.0849959477782249
0.0327030338494779,0.0849971398711205,0.0849560797214508
0.0328030428519986,0.0849974900484085,0.0165015701204538
0.0329030518545193,0.0849974825978279,0.0168683603405952
0.0330030608570400,0.0849972888827324,0.0180918704718351
0.0331030698595607,0.0849977135658264,0.0849433466792107
0.0332030788620814,0.0849989578127861,0.0849943310022354
0.0333030878646021,0.0849981233477592,0.0849943310022354
0.0334030968671228,0.0849978700280190,0.0849943310022354
0.0335031058696435,0.0849972069263458,0.0849948823451996
0.0336031148721642,0.0849971622228622,0.0849954783916473
0.0337031238746849,0.0849971324205399,0.0849960222840309
0.0338031328772056,0.0849971473217010,0.0849962532520294
0.0339031418797263,0.0849971100687981,0.0849964097142220
0.0340031508822470,0.0849971324205399,0.0849965736269951
0.0341031598847677,0.0849971622228622,0.0849966928362846
0.0342031688872885,0.0849972069263458,0.0849967077374458
0.0343031778898091,0.0849972218275070,0.0849967971444130
0.0344031868923299,0.0849972367286682,0.0849968120455742
0.0345031958948506,0.0849972367286682,0.0849968269467354
0.0346032048973713,0.0849972516298294,0.0849968865513802
0.0347032138998920,0.0849972367286682,0.0849969014525414
0.0348032229024127,0.0849972516298294,0.0849968865513802
0.0349032319049334,0.0849972516298294,0.0849969163537025
0.0350032409074541,0.0849972516298294,0.0849969089031219
0.0351032499099748,0.0849972590804100,0.0849969163537025
0.0352032589124955,0.0849972590804100,0.0849969163537025
0.0353032679150162,0.0849972590804100,0.0849969089031219
0.0354032769175369,0.0849972590804100,0.0849969163537025
0.0355032859200576,0.0849972367286682,0.0849969312548637
0.0356032949225783,0.0849972665309906,0.0849969014525414
0.0357033039250990,0.0849972665309906,0.0849969089031219
0.0358033129276197,0.0849972590804100,0.0849969312548637
0.0359033219301404,0.0849972665309906,0.0849969163537025
0.0360033309326611,0.0849972814321518,0.0849969163537025
0.0361033399351819,0.0849972665309906,0.0849969163537025
0.0362033489377026,0.0849972665309906,0.0849969163537025
0.0363033579402233,0.0849972814321518,0.0849969089031219
0.0364033669427440,0.0849972665309906,0.0849969089031219
0.0365033759452647,0.0849972888827324,0.0849969387054443
0.0366033849477854,0.0849972814321518,0.0849969014525414
0.0367033939503061,0.0849972888827324,0.0849969163537025
0.0368034029528268,0.0849972814321518,0.0849969387054443
0.0369034119553475,0.0849972814321518,0.0849969387054443
0.0370034209578682,0.0849972814321518,0.0849969312548637
0.0371034299603889,0.0849972665309906,0.0849969610571861
0.0372034389629096,0.0849972814321518,0.0849969163537025
0.0373034479654303,0.0849972888827324,0.0849969312548637
0.0374034569679510,0.0849972665309906,0.0849969685077667
0.0375034659704717,0.0849972665309906,0.0849969685077667
0.0376034749729924,0.0849972814321518,0.0849969536066055
0.0377034839755132,0.0849972814321518,0.0849969536066055
0.0378034929780338,0.0849972665309906,0.0849969908595085
0.0379035019805546,0.0849972665309906,0.0849969536066055
0.0380035109830753,0.0849972665309906,0.0849969536066055
0.0381035199855960,0.0849972665309906,0.0849969536066055
0.0382035289881167,0.0849972665309906,0.0849969908595085
0.0383035379906374,0.0849972665309906,0.0849969536066055
0.0384035469931581,0.0849972665309906,0.0849969834089279
0.0385035559956788,0.0849972665309906,0.0849969908595085
0.0386035649981995,0.0849972665309906,0.0849969983100891
0.0387035740007202,0.0849972665309906,0.0849970132112503
0.0388035830032409,0.0849972665309906,0.0849969908595085
0.0389035920057616,0.0849972665309906,0.0849969983100891
0.0390036010082823,0.0849972516298294,0.0849969983100891
0.0391036100108030,0.0849972367286682,0.0849970132112503
0.0392036190133237,0.0849972590804100,0.0849969983100891
0.0393036280158444,0.0849972516298294,0.0849970206618309
0.0394036370183651,0.0849972367286682,0.0849970206618309
0.0395036460208859,0.0849972367286682,0.0849970281124115
0.0396036550234066,0.0849972367286682,0.0849970281124115
0.0397036640259273,0.0849972367286682,0.0849970281124115
0.0398036730284480,0.0849972367286682,0.0849970281124115
0.0399036820309687,0.0849972516298294,0.0849970281124115
0.0400036910334894,0.0849972367286682,0.0849970281124115
0.0401037000360101,0.0849972367286682,0.0849970206618309
0.0402037090385308,0.0849972367286682,0.0849970281124115
0.0403037180410515,0.0849972292780876,0.0849970430135727
0.0404037270435722,0.0849972367286682,0.0849970430135727
0.0405037360460929,0.0849972367286682,0.0849970430135727
0.0406037450486136,0.0849972367286682,0.0849970430135727
0.0407037540511343,0.0849972367286682,0.0849970430135727
0.0408037630536550,0.0849972367286682,0.0849970504641533
0.0409037720561757,0.0849972367286682,0.0849970430135727
0.0410037810586964,0.0849972292780876,0.0849970504641533
0.0411037900612171,0.0849972367286682,0.0849970504641533
0.0412037990637379,0.0849972292780876,0.0849970504641533
0.0413038080662586,0.0849972292780876,0.0849970579147339
0.0414038170687793,0.0849972292780876,0.0849970504641533
0.0415038260713000,0.0849972218275070,0.0849970504641533
0.0416038350738207,0.0849972367286682,0.0849970579147339
0.0417038440763414,0.0849972367286682,0.0849970728158951
0.0418038530788621,0.0849972292780876,0.0849970728158951
0.0419038620813828,0.0849972292780876,0.0849970728158951
0.0420038710839035,0.0849972218275070,0.0849970728158951
0.0421038800864242,0.0849972218275070,0.0849970728158951
0.0422038890889449,0.0849972218275070,0.0849970728158951
0.0423038980914656,0.0849972218275070,0.0849970728158951
0.0424039070939863,0.0849972292780876,0.0849970728158951
0.0425039160965070,0.0849972218275070,0.0849970728158951
0.0426039250990277,0.0849972218275070,0.0849970802664757
0.0427039341015484,0.0849972218275070,0.0849970728158951
0.0428039431040691,0.0849972069263458,0.0849970728158951
0.0429039521065899,0.0849972069263458,0.0849970802664757
0.0430039611091106,0.0849972069263458,0.0849970802664757
0.0431039701116313,0.0849972218275070,0.0849970802664757
0.0432039791141520,0.0849972069263458,0.0849970802664757
0.0433039881166727,0.0849972069263458,0.0849970802664757
0.0434039971191934,0.0849972069263458,0.0849970802664757
0.0435040061217141,0.0849972069263458,0.0849970877170563
0.0436040151242348,0.0849972069263458,0.0849970802664757
0.0437040241267555,0.0849972218275070,0.0849970877170563
0.0438040331292762,0.0849972069263458,0.0849970877170563
0.0439040421317969,0.0849972069263458,0.0849970877170563
0.0440040511343176,0.0849972069263458,0.0849971026182175
0.0441040601368383,0.0849972069263458,0.0849970877170563
0.0442040691393590,0.0849971994757652,0.0849971026182175
0.0443040781418797,0.0849972069263458,0.0849971026182175
0.0444040871444004,0.0849972069263458,0.0849971026182175
0.0445040961469211,0.0849971994757652,0.0849971026182175
0.0446041051494419,0.0849972069263458,0.0849971026182175
0.0447041141519626,0.0849972069263458,0.0849971026182175
0.0448041231544833,0.0849972069263458,0.0849971026182175
0.0449041321570040,0.0849972069263458,0.0849971026182175
0.0450041411595247,0.0849972069263458,0.0849971026182175
0.0451041501620454,0.0849972069263458,0.0849971026182175
0.0452041591645661,0.0849972069263458,0.0849971026182175
0.0453041681670868,0.0849972069263458,0.0849971026182175
0.0454041771696075,0.0849971994757652,0.0849971026182175
0.0455041861721282,0.0849971994757652,0.0849971026182175
0.0456041951746489,0.0849972069263458,0.0849971026182175
0.0457042041771696,0.0849972069263458,0.0849971026182175
0.0458042131796903,0.0849972069263458,0.0849971100687981
0.0459042221822110,0.0849971994757652,0.0849971026182175
0.0460042311847317,0.0849972069263458,0.0849971100687981
0.0461042401872524,0.0849972069263458,0.0849971100687981
0.0462042491897731,0.0849972069263458,0.0849971100687981
0.0463042581922938,0.0849971994757652,0.0849971100687981
0.0464042671948146,0.0849971994757652,0.0849971100687981
0.0465042761973353,0.0849971994757652,0.0849971100687981
0.0466042851998560,0.0849972069263458,0.0849971100687981
0.0467042942023767,0.0849971994757652,0.0849971100687981
0.0468043032048974,0.0849971994757652,0.0849971100687981
0.0469043122074181,0.0849971994757652,0.0849971100687981
0.0470043212099388,0.0849971994757652,0.0849971100687981
0.0471043302124595,0.0849971994757652,0.0849971100687981
0.0472043392149802,0.0849971994757652,0.0849971100687981
0.0473043482175009,0.0849971994757652,0.0849971175193787
0.0474043572200216,0.0849971994757652,0.0849971175193787
0.0475043662225423,0.0849971920251846,0.0849971175193787
0.0476043752250630,0.0849971994757652,0.0849971175193787
0.0477043842275837,0.0849971920251846,0.0849971175193787
0.0478043932301044,0.0849971771240234,0.0849971175193787
0.0479044022326251,0.0849971771240234,0.0849971324205399
0.0480044112351458,0.0849971771240234,0.0849971398711205
0.0481044202376666,0.0849971920251846,0.0849971324205399
0.0482044292401873,0.0849971994757652,0.0849971026182175
0.0483044382427080,0.0849972069263458,0.0849971175193787
0.0484044472452287,0.0849972665309906,0.0849972069263458
0.0485044562477494,0.0849973633885384,0.0849973186850548
0.0486044652502701,0.0849974378943443,0.0849974378943443
0.0487044742527908,0.0849974974989891,0.0849976092576981
0.0488044832553115,0.0849975794553757,0.0849978625774384
0.0489044922578322,0.0849976465106010,0.0849979221820831
0.0490045012603529,0.0849977433681488,0.0849980562925339
0.0491045102628736,0.0849978178739548,0.0849983170628548
0.0492045192653943,0.0849978327751160,0.0849984884262085
0.0493045282679150,0.0849978476762772,0.0849987566471100
0.0494045372704357,0.0849978774785995,0.0849990621209145
0.0495045462729564,0.0849979221820831,0.0849991366267204
0.0496045552754771,0.0849981307983398,0.0849993601441383
0.0497045642779978,0.0849983170628548,0.0849996283650398
0.0498045732805186,0.0849983692169189,0.0849995911121368
0.0499045822830393,0.0849983319640160,0.0849994868040085
0.0500045912855600,0.0849985405802727,0.0849995985627174
0.0501046002880807,0.0849983915686607,0.0849994570016861
0.0502046092906014,0.0849986374378204,0.0849996730685234
0.0503046182931221,0.0849985033273697,0.0849997624754906
0.0504046272956428,0.0849990472197533,0.0849998518824577
0.0505046362981635,0.0849986970424652,0.0849999263882637
0.0506046453006842,0.0849987119436264,0.0849998667836189
0.0507046543032049,0.0849987566471100,0.0849999934434891
0.0508046633057256,0.0849983021616936,0.0849991217255592
0.0509046723082463,0.0849980488419533,0.0849986970424652
0.0510046813107670,0.0849976912140846,0.0849977135658264
0.0511046903132877,0.0849979668855667,0.0849765613675117
0.0512046993158084,-0.0076338630169630,0.0250325594097376
0.0513047083183291,0.0022691509220749,0.0190699994564056
0.0514047173208498,0.0115706901997328,0.0140082100406289
0.0515047263233705,0.0183343701064587,0.0098721701651812
0.0516047353258913,0.0220749396830797,0.0064980010502040
0.0517047443284120,0.0234858505427837,0.0049767689779401
0.0518047533309327,0.0235497597604990,0.0034509419929236
0.0519047623334534,0.0228659491986036,0.0031048979144543
0.0520047713359741,0.0220517609268427,0.0025424771010876
0.0521047803384948,0.0212904792279005,0.0019156580092385
0.0522047893410155,0.0207059904932976,0.0016663389978930
0.0523047983435362,0.0211515799164772,0.0014535989612341
0.0524048073460569,0.0212265700101852,0.0012526930077001
0.0525048163485776,0.0218680705875158,0.0007315353723243
0.0526048253510983,0.0219856500625610,0.0006159899057820
0.0527048343536190,0.0246437191963196,0.0002192584943259
0.0528048433561397,0.0244220700114965,-0.0001909090060508
0.0529048523586604,0.0260498300194740,-0.0005030389875174
0.0530048613611811,0.0260540992021561,-0.0009253295720555
0.0531048703637018,0.0282302703708410,-0.0014630079967901
0.0532048793662225,0.0285943206399679,-0.0017911329632625
0.0533048883687433,0.0312672406435013,-0.0025266720913351
0.0534048973712640,0.0223908908665180,-0.0014743889914826
0.0535049063737847,0.0236354190856218,-0.0008104413864203
0.0536049153763054,0.0226808506995440,-0.0004469240084291
0.0537049243788261,0.0239353906363249,-0.0005485372967087
0.0538049333813468,0.0227391701191664,-0.0001531828020234
0.0539049423838675,0.0210948307067156,0.0000993763314909
0.0540049513863882,0.0230518393218517,-0.0000325746696035
0.0541049603889089,0.0214902106672525,0.0005739607149735
0.0542049693914296,0.0233513694256544,0.0007645434816368
0.0543049783939503,0.0212743394076824,0.0009924581972882
0.0544049873964710,0.0228865593671799,0.0009091325919144
0.0545049963989917,0.0219557601958513,0.0009519347222522
0.0546050054015124,0.0236752107739449,0.0007706467877142
0.0547050144040331,0.0225410200655460,0.0007086583063938
0.0548050234065538,0.0239403303712606,0.0002589570940472
0.0549050324090746,0.0227140802890062,0.0006321644177660
0.0550050414115953,0.0242500808089972,0.0000199112000701
0.0551050504141160,0.0228846203535795,0.0000097006613942
0.0552050594166367,0.0202900804579258,0.0003974610008299
0.0553050684191574,0.0215014200657606,0.0002391679008724
0.0554050774216781,0.0200989693403244,0.0001489040005254
0.0555050864241988,0.0204454697668552,0.0005393106839620
0.0556050954267195,0.0181677695363760,0.0006179399788380
0.0557051044292402,0.0182972308248281,0.0007509472197853
0.0558051134317609,0.0185264796018600,0.0005990450736135
0.0559051224342816,0.0156974494457245,0.0005358692142181
0.0560051314368023,0.0165811590850353,0.0003210970025975
0.0561051404393230,0.0159135200083256,0.0003898979048245
0.0562051494418437,0.0168836507946253,0.0000658406934235
0.0563051584443644,0.0156701095402241,-0.0000333660609613
0.0564051674468851,0.0162850692868233,0.0002801012888085
0.0565051764494058,0.0165150798857212,-0.0001422320056008
0.0566051854519265,0.0149534000083804,0.0000128446999952
0.0567051944544473,0.0167389493435621,-0.0004096071061213
0.0568052034569680,0.0146422097459435,-0.0003544964129105
0.0569052124594887,0.0134328603744507,-0.0003447473864071
0.0570052214620094,0.0126602901145816,-0.0003071209939662
0.0571052304645301,0.0136574003845453,-0.0004451221902855
0.0572052394670508,0.0122525701299310,-0.0000833110170788
0.0573052484695715,0.0124921398237348,0.0000428958810517
0.0574052574720922,0.0122243603691459,0.0001365521020489
0.0575052664746129,0.0104460902512074,0.0003462349122856
0.0576052754771336,0.0095259137451649,0.0002314453013241
0.0577052844796543,0.0093042189255357,0.0002713435969781
0.0578052934821750,0.0083316164091229,0.0003707401920110
0.0579053024846957,0.0096293957903981,0.0002153079985874
0.0580053114872164,0.0101558798924088,0.0000442171185568
0.0581053204897371,0.0099227149039507,0.0002348241978325
0.0582053294922578,0.0065111899748445,0.0006518075824715
0.0583053384947785,0.0036205810029060,0.0006233776221052
0.0584053474972993,0.0022829060908407,0.0006893211975694
0.0585053564998200,0.0001276918046642,0.0008643710170873
0.0586053655023407,0.0007258537807502,0.0006689485162497
0.0587053745048614,0.0013853700365871,0.0000820177010610
0.0588053835073821,0.0018291650339961,0.0001793967967387
0.0589053925099028,0.0010279680136591,0.0002857187937479
0.0590054015124235,0.0004206146986689,0.0004379730962683
0.0591054105149442,-0.0001958358043339,0.0001909291022457
0.0592054195174649,0.0002011864999076,0.0000840541979414
0.0593054285199856,0.0010174909839407,-0.0002751180145424
0.0594054375225063,0.0002842957910616,0.0000605744389759
0.0595054465250270,0.0000771389313741,0.0000183404499694
0.0596054555275477,0.0009918764699250,-0.0004321935994085
0.0597054645300684,0.0018290870357305,-0.0005428785807453
0.0598054735325891,0.0022703099530190,-0.0008515235967934
0.0599054825351098,0.0031421650201082,-0.0008625386981294
0.0600054915376305,0.0027733868919313,-0.0010757440468296
0.0601055005401512,0.0029778811149299,-0.0010426370427012
0.0602055095426720,0.0032984809949994,-0.0012069420190528
0.0603055185451927,0.0030543219763786,-0.0011170620564371
0.0604055275477134,0.0036031010095030,-0.0009851177455857
0.0605055365502341,0.0039918799884617,-0.0007431057747453
0.0606055455527548,0.0042773531749845,-0.0006145873921923
0.0607055545552755,0.0033947790507227,-0.0003989870019723
0.0608055635577962,0.0036719930358231,-0.0002958973927889
0.0609055725603169,0.0044705779291689,-0.0002467953891028
0.0610055815628376,0.0052179018966854,-0.0002312978031114
0.0611055905653583,0.0058463499881327,-0.0001026180980261
0.0612055995678790,0.0059421639889479,0.0001304968027398
0.0613056085703997,0.0060305329971015,0.0001164974019048
0.0614056175729204,0.0063344552181661,0.0001829710963648
0.0615056265754411,0.0064695421606302,0.0000528162599949
0.0616056355779618,0.0064266552217305,-0.0000878526770975
0.0617056445804825,0.0069792759604752,-0.0002266116935061
0.0618056535830033,0.0073300069198012,-0.0002764576056506
0.0619056625855240,0.0075991009362042,-0.0001730236981530
0.0620056715880447,0.0072772898711264,-0.0004597280931193
0.0621056805905654,0.0071926470845938,-0.0003061795141548
0.0622056895930861,0.0068032690323889,-0.0002654666022863
0.0623056985956068,0.0083852522075176,-0.0001026161990012
0.0624057075981275,0.0079280836507678,-0.0001061361035681
0.0625057166006482,0.0075517948716879,0.0000161663192557
0.0626057256031689,0.0078103179112077,0.0000771334089222
0.0627057346056896,0.0083174183964729,0.0000874610486790
0.0628057436082103,0.0081513458862901,0.0003298218944110
0.0629057526107310,0.0075574801303446,0.0003474924887996
0.0630057616132517,0.0083902049809694,-0.0000140459296745
0.0631057706157724,0.0090540889650583,-0.0003581836936064
0.0632057796182931,0.0095810834318399,-0.0001931112929014
0.0633057886208138,0.0094502270221710,-0.0003960180911236
0.0634057976233345,0.0086544808000326,-0.0003548385866452
0.0635058066258552,0.0093475067988038,-0.0003597433096729
0.0636058156283759,0.0087695112451911,-0.0003570448898245
0.0637058246308967,0.0098333321511745,-0.0005630052182823
0.0638058336334174,0.0102180503308773,-0.0005073059001006
0.0639058426359381,0.0105992797762156,-0.0003972786944360
0.0640058516384588,0.0098236305639148,-0.0003627332916949
0.0641058606409795,0.0118520697578788,-0.0003446564078331
0.0642058696435002,0.0103166699409485,-0.0001071541992133
0.0643058786460209,0.0106611400842667,0.0000411250293837
0.0644058876485416,0.0114664500579238,-0.0002207729994552
0.0645058966510623,0.0101872403174639,-0.0000540229993931
0.0646059056535830,0.0113219199702144,0.0002754837041721
0.0647059146561037,0.0111796902492642,0.0001686461037025
0.0648059236586244,0.0123111195862293,0.0001880600029835
0.0649059326611451,0.0118308300152421,-0.0000372804788640
0.0650059416636658,0.0111297499388456,0.0000696098068147
0.0651059506661865,0.0119752902537584,0.0000401181496272
0.0652059596687073,0.0113677699118853,-0.0002533516089898
0.0653059686712280,0.0125207398086786,-0.0002495943917893
0.0654059776737487,0.0134278899058700,-0.0003059291921090
0.0655059866762694,0.0135386297479272,-0.0001343870972050
0.0656059956787901,0.0132078602910042,0.0000227865493798
0.0657060046813108,0.0129862697795033,0.0000065066460593
0.0658060136838315,0.0119992597028613,-0.0000495466701977
0.0659060226863522,0.0129504799842834,0.0004232219944242
0.0660060316888729,0.0124253295361996,0.0000148189601532
0.0661060406913936,0.0137858903035522,0.0000341395389114
0.0662060496939143,0.0136782303452492,0.0000713759072823
0.0663060586964350,0.0140179302543402,-0.0002076836972265
0.0664060676989557,0.0140058603137732,-0.0002832862082869
0.0665060767014764,0.0138946697115898,-0.0004351979878265
0.0666060857039971,0.0135544901713729,-0.0003138704923913
0.0667060947065178,0.0139245800673962,-0.0006588572869077
0.0668061037090385,0.0150766102597117,-0.0007939637289383
0.0669061127115592,0.0149303702637553,-0.0007063635857776
0.0670061217140799,0.0147995296865702,-0.0003777011879720
0.0671061307166007,0.0134544800966978,-0.0002368779969402
0.0672061397191214,0.0136369904503226,-0.0003322969132569
0.0673061487216421,0.0146737704053521,-0.0000816356696305
0.0674061577241628,0.0136258499696851,-0.0000792300270405
0.0675061667266835,0.0146969202905893,0.0000071685149123
0.0676061757292042,0.0143953701481223,0.0002064926957246
0.0677061847317249,0.0147287398576736,-0.0000245201299549
0.0678061937342456,0.0156343895941973,-0.0000781233902671
0.0679062027367663,0.0160142295062542,-0.0001209045003634
0.0680062117392870,0.0170397907495499,-0.0002764390956145
0.0681062207418077,0.0158238708972931,-0.0001596148067620
0.0682062297443284,0.0167638305574656,-0.0004553871985991
0.0683062387468491,0.0169329792261124,-0.0001911292929435
0.0684062477493698,0.0178339108824730,-0.0004181275144219
0.0685062567518905,0.0163901709020138,-0.0001623166026548
0.0686062657544112,0.0153072103857994,0.0000755717774155
0.0687062747569319,0.0159593392163515,-0.0001734036050038
0.0688062837594526,0.0161746907979250,-0.0001597342052264
0.0689062927619734,0.0167700909078121,0.0000275179900200
0.0690063017644941,0.0161337703466415,0.0001535048941150
0.0691063107670148,0.0154172498732805,0.0003952659026254
0.0692063197695355,0.0166581999510527,0.0004014809965156
0.0693063287720562,0.0187857802957296,0.0000572666504013
0.0694063377745769,0.0169929508119822,0.0002268477983307
0.0695063467770976,0.0173001792281866,-0.0000280027397821
0.0696063557796183,0.0185264199972153,-0.0000194438707695
0.0697063647821390,0.0181157197803259,0.0000230516998272
0.0698063737846597,0.0185281205922365,-0.0003444814938121
0.0699063827871804,0.0189386494457722,-0.0002434382040519
0.0700063917897011,0.0189079996198416,-0.0003858275886159
0.0701064007922218,0.0188310798257589,-0.0004697306139860
0.0702064097947425,0.0185668002814054,-0.0002696235897020
0.0703064187972633,0.0188768506050110,-0.0006001556175761
0.0704064277997840,0.0188340898603201,-0.0004385402135085
0.0705064368023046,0.0196440909057856,-0.0005912652122788
0.0706064458048253,0.0184329506009817,-0.0001815628929762
0.0707064548073461,0.0186524093151093,-0.0000708574225428
0.0708064638098668,0.0185907091945410,0.0001203607025673
0.0709064728123875,0.0174769293516874,0.0002495321095921
0.0710064818149082,0.0192279908806086,0.0002135021932190
0.0711064908174289,0.0178270507603884,0.0005598398274742
0.0712064998199496,0.0191582608968019,0.0003367553872522
0.0713065088224703,0.0181148294359446,0.0005728395772167
0.0714065178249910,0.0178139805793762,0.0005238769226708
0.0715065268275117,0.0187427792698145,0.0004076762998011
0.0716065358300324,0.0174808707088232,0.0000763221396483
0.0717065448325531,0.0196428894996643,-0.0001548746949993
0.0718065538350738,0.0201328191906214,-0.0002193699037889
0.0719065628375945,0.0204411707818508,-0.0002740919007920
0.0720065718401152,0.0190670900046825,0.0000638228084426
0.0721065808426360,0.0180624108761549,0.0002256761945318
0.0722065898451567,0.0179381594061852,0.0002480093971826
0.0723065988476774,0.0174762699753046,0.0005149873904884
0.0724066078501981,0.0181933697313070,0.0003705644048750
0.0725066168527188,0.0170029792934656,0.0001203213978442
0.0726066258552395,0.0180874895304441,0.0003955299907830
0.0727066348577602,0.0178502593189478,0.0002505962911528
0.0728066438602809,0.0174932591617107,0.0004878639883827
0.0729066528628016,0.0171447303146124,0.0002509308978915
0.0730066618653223,0.0177180804312229,0.0003972818958573
0.0731066708678430,0.0190433692187071,0.0001113000034820
0.0732066798703637,0.0179217197000980,0.0001756856072461
0.0733066888728844,0.0169389303773642,0.0001656831009313
0.0734066978754051,0.0182282794266939,-0.0002491413906682
0.0735067068779258,0.0175991095602512,-0.0005002780235372
0.0736067158804465,0.0177034195512533,-0.0002176374982810
0.0737067248829672,0.0177205298095942,-0.0004063883097842
0.0738067338854879,0.0188056901097298,-0.0005502037238330
0.0739067428880087,0.0182865802198648,-0.0003345686127432
0.0740067518905294,0.0177898406982422,-0.0001404279028066
0.0741067608930501,0.0178253091871738,0.0001858690957306
0.0742067698955708,0.0177384298294783,0.0001800775935408
0.0743067788980915,0.0182142201811075,0.0002900105027948
0.0744067879006122,0.0177962705492973,0.0004021800996270
0.0745067969031329,0.0183602292090654,0.0003852770023514
0.0746068059056536,0.0177769996225834,0.0003218383062631
0.0747068149081743,0.0167319793254137,0.0007346111233346
0.0748068239106950,0.0168172009289265,0.0004266017931513
0.0749068329132157,0.0157712697982788,0.0002669552050065
0.0750068419157364,0.0167435798794031,0.0001439332991140
0.0751068509182571,0.0171367097645998,-0.0001543936959933
0.0752068599207778,0.0170720294117928,-0.0000578398394282
0.0753068689232985,0.0167087092995644,0.0003192817966919
0.0754068779258193,0.0164536796510220,0.0000629828573437
0.0755068869283400,0.0160151906311512,0.0001198473983095
0.0756068959308606,0.0137205701321363,0.0002929632901214
0.0757069049333813,0.0128572499379516,0.0003143174108118
0.0758069139359021,0.0128824301064014,0.0000394498601963
0.0759069229384228,0.0116603802889585,-0.0002012298937188
0.0760069319409435,0.0127307502552867,-0.0003531663969625
0.0761069409434642,0.0118364598602057,-0.0005599618889391
0.0762069499459849,0.0121321901679039,-0.0005784967797808
0.0763069589485056,0.0110086202621460,-0.0006925669731572
0.0764069679510263,0.0119066201150417,-0.0010434420546517
0.0765069769535470,0.0113726397976279,-0.0008440350065939
0.0766069859560677,0.0118608400225639,-0.0009664573008195
0.0767069949585884,0.0119271501898766,-0.0009377321111970
0.0768070039611091,0.0133272595703602,-0.0025502101052552
0.0769070129636298,0.0109237898141146,-0.0015868979971856
0.0770070219661505,0.0072336830198765,-0.0017020029481500
0.0771070309686712,0.0023548400495201,-0.0025921380147338
0.0772070399711920,-0.0046326657757163,-0.0033134159166366
0.0773070489737127,0.0849971026182175,0.0849717333912849
0.0774070579762334,0.0849971324205399,0.0849713385105133
0.0775070669787541,0.0849971175193787,0.0849969685077667
0.0776070759812748,0.0849970430135727,0.0849968567490578
0.0777070849837955,0.0849972590804100,0.0849958881735802
0.0778070939863162,0.0849971398711205,0.0849956125020981
0.0779071029888369,0.0849974378943443,0.0158408898860216
0.0780071119913576,0.0849976092576981,0.0162481106817722
0.0781071209938783,0.0849971771240234,0.0165450796484947
0.0782071299963990,0.0849977731704712,0.0167850498110056
0.0783071389989197,0.0849997475743294,0.0849943310022354
0.0784071480014404,0.0849988684058189,0.0849943310022354
0.0785071570039611,0.0849979072809219,0.0849943310022354
0.0786071660064818,0.0849978029727936,0.0849947929382324
0.0787071750090025,0.0849978104233742,0.0849952697753906
0.0788071840115232,0.0849975273013115,0.0849957764148712
0.0789071930140439,0.0849974676966667,0.0849961265921593
0.0790072020165647,0.0849974676966667,0.0849963426589966
0.0791072110190854,0.0849973931908607,0.0849965214729309
0.0792072200216061,0.0849974229931831,0.0849966108798981
0.0793072290241268,0.0849973410367966,0.0849966630339622
0.0794072380266475,0.0849972888827324,0.0849966928362846
0.0795072470291682,0.0849972367286682,0.0849967822432518
0.0796072560316889,0.0849972814321518,0.0849968120455742
0.0797072650342096,0.0849972292780876,0.0849967971444130
0.0798072740367303,0.0849972516298294,0.0849967971444130
0.0799072830392510,0.0849972367286682,0.0849968418478966
0.0800072920417717,0.0849972367286682,0.0849968567490578
0.0801073010442924,0.0849972218275070,0.0849968120455742
0.0802073100468131,0.0849972218275070,0.0849968269467354
0.0803073190493338,0.0849972367286682,0.0849968567490578
0.0804073280518545,0.0849972292780876,0.0849968492984772
0.0805073370543752,0.0849972516298294,0.0849968269467354
0.0806073460568959,0.0849972367286682,0.0849968567490578
0.0807073550594166,0.0849972665309906,0.0849968567490578
0.0808073640619374,0.0849972590804100,0.0849968418478966
0.0809073730644581,0.0849972516298294,0.0849968492984772
0.0810073820669788,0.0849972590804100,0.0849968716502190
0.0811073910694995,0.0849972814321518,0.0849968194961548
0.0812074000720202,0.0849972665309906,0.0849968194961548
0.0813074090745409,0.0849972814321518,0.0849967971444130
0.0814074180770616,0.0849972516298294,0.0849968418478966
0.0815074270795823,0.0849972963333130,0.0849967822432518
0.0816074360821030,0.0849972888827324,0.0849967971444130
0.0817074450846237,0.0849972963333130,0.0849967971444130
0.0818074540871444,0.0849972963333130,0.0849968269467354
0.0819074630896651,0.0849972814321518,0.0849967673420906
0.0820074720921858,0.0849972963333130,0.0849968194961548
0.0821074810947065,0.0849973186850548,0.0849968120455742
0.0822074900972272,0.0849972888827324,0.0849968269467354
0.0823074990997479,0.0849972814321518,0.0849968492984772
0.0824075081022687,0.0849972888827324,0.0849968492984772
0.0825075171047894,0.0849973112344742,0.0849967971444130
0.0826075261073101,0.0849972888827324,0.0849968269467354
0.0827075351098308,0.0849973186850548,0.0849968269467354
0.0828075441123515,0.0849972963333130,0.0849968567490578
0.0829075531148722,0.0849973186850548,0.0849968418478966
0.0830075621173929,0.0849972963333130,0.0849968865513802
0.0831075711199136,0.0849972963333130,0.0849968791007996
0.0832075801224343,0.0849972888827324,0.0849968865513802
0.0833075891249550,0.0849972963333130,0.0849968791007996
0.0834075981274757,0.0849972814321518,0.0849968865513802
0.0835076071299964,0.0849973112344742,0.0849969014525414
0.0836076161325171,0.0849972888827324,0.0849968865513802
0.0837076251350378,0.0849972814321518,0.0849969312548637
0.0838076341375585,0.0849972963333130,0.0849968865513802
0.0839076431400792,0.0849972963333130,0.0849969312548637
0.0840076521425999,0.0849972888827324,0.0849969163537025
0.0841076611451206,0.0849972814321518,0.0849969387054443
0.0842076701476414,0.0849972963333130,0.0849969387054443
0.0843076791501621,0.0849972814321518,0.0849969834089279
0.0844076881526828,0.0849972814321518,0.0849969610571861
0.0845076971552035,0.0849972665309906,0.0849969685077667
0.0846077061577242,0.0849972888827324,0.0849969834089279
0.0847077151602449,0.0849972888827324,0.0849969834089279
0.0848077241627656,0.0849972665309906,0.0849970281124115
0.0849077331652863,0.0849972665309906,0.0849969908595085
0.0850077421678070,0.0849972665309906,0.0849969908595085
0.0851077511703277,0.0849972590804100,0.0849970132112503
0.0852077601728484,0.0849972665309906,0.0849969983100891
0.0853077691753691,0.0849972665309906,0.0849969983100891
0.0854077781778898,0.0849972590804100,0.0849970132112503
0.0855077871804105,0.0849972665309906,0.0849969983100891
0.0856077961829312,0.0849972590804100,0.0849970281124115
0.0857078051854519,0.0849972665309906,0.0849970206618309
0.0858078141879726,0.0849972516298294,0.0849970430135727
0.0859078231904934,0.0849972590804100,0.0849970430135727
0.0860078321930141,0.0849972590804100,0.0849970430135727
0.0861078411955348,0.0849972367286682,0.0849970430135727
0.0862078501980555,0.0849972367286682,0.0849970430135727
0.0863078592005762,0.0849972516298294,0.0849970430135727
0.0864078682030969,0.0849972516298294,0.0849970579147339
0.0865078772056176,0.0849972367286682,0.0849970504641533
0.0866078862081383,0.0849972516298294,0.0849970504641533
0.0867078952106590,0.0849972367286682,0.0849970504641533
0.0868079042131797,0.0849972292780876,0.0849970579147339
0.0869079132157004,0.0849972292780876,0.0849970728158951
0.0870079222182211,0.0849972367286682,0.0849970728158951
0.0871079312207418,0.0849972292780876,0.0849970728158951
0.0872079402232625,0.0849972292780876,0.0849970728158951
0.0873079492257832,0.0849972292780876,0.0849970728158951
0.0874079582283039,0.0849972292780876,0.0849970728158951
0.0875079672308246,0.0849972367286682,0.0849970728158951
0.0876079762333454,0.0849972292780876,0.0849970728158951
0.0877079852358661,0.0849972218275070,0.0849970728158951
0.0878079942383868,0.0849972292780876,0.0849970728158951
0.0879080032409075,0.0849972292780876,0.0849970728158951
0.0880080122434282,0.0849972367286682,0.0849970802664757
0.0881080212459489,0.0849972292780876,0.0849970802664757
0.0882080302484696,0.0849972218275070,0.0849970802664757
0.0883080392509903,0.0849972218275070,0.0849970802664757
0.0884080482535110,0.0849972069263458,0.0849970802664757
0.0885080572560317,0.0849972069263458,0.0849970877170563
0.0886080662585524,0.0849972069263458,0.0849970802664757
0.0887080752610731,0.0849972069263458,0.0849970877170563
0.0888080842635938,0.0849972218275070,0.0849970877170563
0.0889080932661145,0.0849972069263458,0.0849970877170563
0.0890081022686352,0.0849972069263458,0.0849970877170563
0.0891081112711559,0.0849972069263458,0.0849970877170563
0.0892081202736766,0.0849972069263458,0.0849970877170563
0.0893081292761973,0.0849972069263458,0.0849970877170563
0.0894081382787181,0.0849972069263458,0.0849971026182175
0.0895081472812388,0.0849972069263458,0.0849971026182175
0.0896081562837595,0.0849972069263458,0.0849971026182175
0.0897081652862802,0.0849972069263458,0.0849971026182175
0.0898081742888009,0.0849972069263458,0.0849971026182175
0.0899081832913216,0.0849972069263458,0.0849971026182175
0.0900081922938423,0.0849972218275070,0.0849971026182175
0.0901082012963630,0.0849972218275070,0.0849971026182175
0.0902082102988837,0.0849972069263458,0.0849971026182175
0.0903082193014044,0.0849972069263458,0.0849971026182175
0.0904082283039251,0.0849972069263458,0.0849971026182175
0.0905082373064458,0.0849972069263458,0.0849971026182175
0.0906082463089665,0.0849972069263458,0.0849971026182175
0.0907082553114872,0.0849972069263458,0.0849971100687981
0.0908082643140079,0.0849972069263458,0.0849971026182175
0.0909082733165286,0.0849971994757652,0.0849971026182175
0.0910082823190493,0.0849972069263458,0.0849971026182175
0.0911082913215701,0.0849972069263458,0.0849971100687981
0.0912083003240908,0.0849971994757652,0.0849971026182175
0.0913083093266115,0.0849972069263458,0.0849971100687981
0.0914083183291322,0.0849972069263458,0.0849971100687981
0.0915083273316529,0.0849972069263458,0.0849971100687981
0.0916083363341736,0.0849972069263458,0.0849971100687981
0.0917083453366943,0.0849972069263458,0.0849971175193787
0.0918083543392150,0.0849972069263458,0.0849971175193787
0.0919083633417357,0.0849971994757652,0.0849971175193787
0.0920083723442564,0.0849971994757652,0.0849971175193787
0.0921083813467771,0.0849971994757652,0.0849971175193787
0.0922083903492978,0.0849971994757652,0.0849971175193787
0.0923083993518185,0.0849971920251846,0.0849971175193787
0.0924084083543392,0.0849971920251846,0.0849971175193787
0.0925084173568599,0.0849971771240234,0.0849971324205399
0.0926084263593806,0.0849971771240234,0.0849971324205399
0.0927084353619013,0.0849971771240234,0.0849971324205399
0.0928084443644220,0.0849971920251846,0.0849971324205399
0.0929084533669428,0.0849971920251846,0.0849971175193787
0.0930084623694635,0.0849972069263458,0.0849971398711205
0.0931084713719842,0.0849972590804100,0.0849972069263458
0.0932084803745049,0.0849973410367966,0.0849972888827324
0.0933084893770256,0.0849974080920219,0.0849973931908607
0.0934084983795463,0.0849974602460861,0.0849975496530533
0.0935085073820670,0.0849975422024727,0.0849977433681488
0.0936085163845877,0.0849976167082787,0.0849980115890503
0.0937085253871084,0.0849977135658264,0.0849980562925339
0.0938085343896291,0.0849977731704712,0.0849983394145966
0.0939085433921498,0.0849977582693100,0.0849983394145966
0.0940085523946705,0.0849978104233742,0.0849986895918846
0.0941085613971912,0.0849979221820831,0.0849988311529160
0.0942085703997119,0.0849980935454369,0.0849991366267204
0.0943085794022326,0.0849980413913727,0.0849993601441383
0.0944085884047533,0.0849981606006622,0.0849996432662010
0.0945085974072740,0.0849982276558876,0.0849993675947189
0.0946086064097948,0.0849983915686607,0.0849995166063309
0.0947086154123155,0.0849984064698219,0.0849996283650398
0.0948086244148362,0.0849983468651772,0.0849995836615562
0.0949086334173569,0.0849986821413040,0.0849997326731682
0.0950086424198776,0.0849986299872398,0.0849996879696846
0.0951086514223983,0.0849986374378204,0.0849998518824577
0.0952086604249190,0.0849986374378204,0.0850000008940697
0.0953086694274397,0.0849988237023354,0.0849999636411667
0.0954086784299604,0.0849986672401428,0.0850000008940697
0.0955086874324811,0.0849985778331757,0.0850000008940697
0.0956086964350018,0.0849981084465981,0.0849974378943443
0.0957087054375225,0.0849979519844055,0.0849982798099518
0.0958087144400432,0.0849976465106010,0.0849761366844177
0.0959087234425639,0.0849978178739548,0.0849763080477715
0.0960087324450846,-0.0087843006476760,0.0269792508333921
0.0961087414476053,0.0030191179830581,0.0200849492102861
0.0962087504501260,0.0129518201574683,0.0149585697799921
0.0963087594526467,0.0200390908867121,0.0106028299778700
0.0964087684551675,0.0235649999231100,0.0076208319514990
0.0965087774576882,0.0245910193771124,0.0053546922281384
0.0966087864602089,0.0247954390943050,0.0036574269179255
0.0967087954627296,0.0240744091570377,0.0026603210717440
0.0968088044652503,0.0240185000002384,0.0020172880031168
0.0969088134677710,0.0236386191099882,0.0014406680129468
0.0970088224702917,0.0229864399880171,0.0008808667771518
0.0971088314728124,0.0227508191019297,0.0006737270159647
0.0972088404753331,0.0229108706116676,0.0005609918734990
0.0973088494778538,0.0230751894414425,0.0003492725954857
0.0974088584803745,0.0231799092143774,0.0001202900966746
0.0975088674828952,0.0233941804617643,-0.0002034365024883
0.0976088764854159,0.0253965407609940,-0.0008030795725062
0.0977088854879366,0.0256308708339930,-0.0008502159034833
0.0978088944904573,0.0279610101133585,-0.0015260269865394
0.0979089034929780,0.0275434106588364,-0.0016684470465407
0.0980089124954987,0.0248087905347347,-0.0014943579444662
0.0981089214980195,0.0231509096920490,-0.0011821179650724
0.0982089305005402,0.0230802297592163,-0.0013942410005257
0.0983089395030609,0.0235045496374369,-0.0009118244051933
0.0984089485055816,0.0243915598839521,-0.0012326339492574
0.0985089575081023,0.0234250407665968,-0.0008173668175004
0.0986089665106230,0.0248106699436903,-0.0011950880289078
0.0987089755131437,0.0239238496869802,-0.0007377584115602
0.0988089845156644,0.0257187802344561,-0.0007999563240446
0.0989089935181851,0.0234227608889341,-0.0001466179965064
0.0990090025207058,0.0247971601784229,0.0001236622047145
0.0991090115232265,0.0231014695018530,0.0007248109905049
0.0992090205257472,0.0238345898687840,0.0008635406265967
0.0993090295282679,0.0231049805879593,0.0009476370178163
0.0994090385307886,0.0236781202256680,0.0008382861269638
0.0995090475333093,0.0218282099813223,0.0009551101829857
0.0996090565358300,0.0177266690880060,0.0015542849432677
0.0997090655383508,0.0161883290857077,0.0014397359918803
0.0998090745408715,0.0159909892827272,0.0012905240291730
0.0999090835433922,0.0158494301140308,0.0007862146012485
0.1000090925459129,0.0146821597591043,0.0006205990794115
0.1001091015484336,0.0153291895985603,0.0007384860073216
0.1002091105509543,0.0148495901376009,0.0002221231989097
0.1003091195534750,0.0152551401406527,0.0003252576861996
0.1004091285559957,0.0134622296318412,0.0003828234039247
0.1005091375585164,0.0137979304417968,0.0001078061031876
0.1006091465610371,0.0132607696577907,0.0001076725966414
0.1007091555635578,0.0119637800380588,0.0004237261018716
0.1008091645660785,0.0114998901262879,0.0001735463010846
0.1009091735685992,0.0101870698854327,0.0003961519978475
0.1010091825711199,0.0087402816861868,0.0007243818836287
0.1011091915736406,0.0061565148644149,0.0010310410289094
0.1012092005761613,0.0071217501536012,0.0007458069012500
0.1013092095786820,0.0070224860683084,0.0003630343126133
0.1014092185812027,0.0085296556353569,0.0000778258981882
0.1015092275837235,0.0083290170878172,-0.0001379388995701
0.1016092365862442,0.0068975421600044,0.0000408605592384
0.1017092455887649,0.0060952501371503,-0.0001617498928681
0.1018092545912856,0.0072075231000781,-0.0005167287890799
0.1019092635938063,0.0071200858801603,-0.0005509799229912
0.1020092725963270,0.0074078231118619,-0.0006314470083453
0.1021092815988477,0.0077819367870688,-0.0004506449913606
0.1022092906013684,0.0069027221761644,-0.0001368366938550
0.1023092996038891,0.0070107751525939,-0.0002279689942952
0.1024093086064098,0.0061303190886974,-0.0000266957704298
0.1025093176089305,0.0061836959794164,-0.0000043518821258
0.1026093266114512,0.0063318400643766,-0.0001693310041446
0.1027093356139719,0.0076425629667938,-0.0003526736109052
0.1028093446164926,0.0073821628466249,-0.0002639633894432
0.1029093536190133,0.0076353391632438,-0.0002995191025548
0.1030093626215340,0.0074255079962313,-0.0001424967049388
0.1031093716240547,0.0071464767679572,-0.0002055688964901
0.1032093806265754,0.0072764270007610,-0.0001785804051906
0.1033093896290962,0.0071681952103972,-0.0003944624040741
0.1034093986316169,0.0075156101956964,-0.0005773237207904
0.1035094076341376,0.0082076899707317,-0.0007088485872373
0.1036094166366583,0.0086754504591227,-0.0008185792830773
0.1037094256391790,0.0078850863501430,-0.0008113082149066
0.1038094346416997,0.0083366036415100,-0.0007116912747733
0.1039094436442204,0.0078037627972662,-0.0003070303064305
0.1040094526467411,0.0090826526284218,-0.0001815576979425
0.1041094616492618,0.0085520390421152,0.0000678176293150
0.1042094706517825,0.0084176836535335,-0.0000502923685417
0.1043094796543032,0.0090010259300470,-0.0000723658595234
0.1044094886568239,0.0092069730162621,0.0002680115867406
0.1045094976593446,0.0090859448537230,-0.0001492329029134
0.1046095066618653,0.0094630401581526,-0.0000784959702287
0.1047095156643860,0.0095110833644867,0.0000529704593646
0.1048095246669068,0.0090164691209793,-0.0000439210998593
0.1049095336694275,0.0094150230288506,-0.0002100671990775
0.1050095426719481,0.0095712654292583,-0.0003932944964617
0.1051095516744689,0.0106463003903627,-0.0003591598069761
0.1052095606769896,0.0101561397314072,-0.0002794530882966
0.1053095696795103,0.0101500004529953,-0.0003663329116534
0.1054095786820310,0.0104605900123715,-0.0001225808955496
0.1055095876845517,0.0107262497767806,-0.0000053700919125
0.1056095966870724,0.0103024598211050,-0.0001660183042986
0.1057096056895931,0.0101285902783275,0.0001951536978595
0.1058096146921138,0.0106015596538782,0.0000639677964500
0.1059096236946345,0.0106629198417068,0.0001756271958584
0.1060096326971552,0.0098130777478218,0.0004056770121679
0.1061096416996759,0.0104390699416399,-0.0001169087991002
0.1062096507021966,0.0107607999816537,0.0001427857932867
0.1063096597047173,0.0107172001153231,-0.0000209885402001
0.1064096687072380,0.0117979301139712,-0.0001471636933275
0.1065096777097587,0.0110697597265244,-0.0002161033044104
0.1066096867122795,0.0122272996231914,-0.0004695086099673
0.1067096957148002,0.0119278701022267,-0.0007098027854227
0.1068097047173209,0.0126922400668263,-0.0009870124049485
0.1069097137198416,0.0119724599644542,-0.0007087545818649
0.1070097227223623,0.0125734098255634,-0.0006014858954586
0.1071097317248830,0.0120424898341298,-0.0004218782996759
0.1072097407274037,0.0116102499887347,-0.0002862570108846
0.1073097497299244,0.0117458095774055,0.0000270651107712
0.1074097587324451,0.0116029903292656,0.0001000002012006
0.1075097677349658,0.0118014002218843,0.0002678114979062
0.1076097767374865,0.0122680803760886,0.0000533889106009
0.1077097857400072,0.0131123196333647,0.0001036790999933
0.1078097947425279,0.0123670799657702,-0.0000433234999946
0.1079098037450486,0.0128772398456931,0.0001888680999400
0.1080098127475693,0.0131938196718693,-0.0001625684963074
0.1081098217500900,0.0132278101518750,-0.0001727430935716
0.1082098307526107,0.0122308200225234,0.0005617092247121
0.1083098397551314,0.0128281898796558,-0.0003577297029551
0.1084098487576522,0.0138597497716546,-0.0004237641114742
0.1085098577601729,0.0139777101576328,-0.0003481096064206
0.1086098667626936,0.0149999903514981,-0.0004625956062227
0.1087098757652143,0.0137546099722385,-0.0004079400969204
0.1088098847677350,0.0151095902547240,-0.0004011059063487
0.1089098937702557,0.0141664901748300,-0.0003120888140984
0.1090099027727764,0.0156179200857878,-0.0002014040946960
0.1091099117752971,0.0146765299141407,0.0000239546807279
0.1092099207778178,0.0150644797831774,0.0001334334956482
0.1093099297803385,0.0151310302317142,0.0001719817955745
0.1094099387828592,0.0154191097244620,0.0003963951894548
0.1095099477853799,0.0155471395701170,0.0001058412017301
0.1096099567879006,0.0143288597464561,0.0000411978689954
0.1097099657904213,0.0151340896263719,-0.0000315404395224
0.1098099747929420,0.0154668800532818,-0.0004164976126049
0.1099099837954628,0.0159959699958563,-0.0004418501921464
0.1100099927979835,0.0153263602405787,-0.0006364819710143
0.1101100018005041,0.0165813397616148,-0.0005276228184812
0.1102100108030249,0.0164406206458807,-0.0004640432016458
0.1103100198055456,0.0167727395892143,-0.0006090052193031
0.1104100288080663,0.0161482002586126,-0.0003787849855144
0.1105100378105870,0.0152551103383303,-0.0003128607932013
0.1106100468131077,0.0162312109023333,-0.0000378092008759
0.1107100558156284,0.0161425992846489,-0.0001021041971399
0.1108100648181491,0.0175034701824188,-0.0002772530133370
0.1109100738206698,0.0162409599870443,0.0000620676073595
0.1110100828231905,0.0175045598298311,0.0000918060832191
0.1111100918257112,0.0161368604749441,0.0003148553951178
0.1112101008282319,0.0170549992471933,0.0003989682008978
0.1113101098307526,0.0170947108417749,0.0003849811910186
0.1114101188332733,0.0174695104360580,0.0004729448119178
0.1115101278357940,0.0172694995999336,0.0003126336960122
0.1116101368383147,0.0164861790835857,0.0002865270071197
0.1117101458408355,0.0170495901256800,0.0000669567889418
0.1118101548433562,0.0184494294226170,-0.0002917505044024
0.1119101638458769,0.0181187205016613,-0.0001267243933398
0.1120101728483976,0.0172381103038788,-0.0002834193001036
0.1121101818509183,0.0166506599634886,0.0000346486413036
0.1122101908534390,0.0168001502752304,0.0001046476027113
0.1123101998559597,0.0177766196429729,0.0001746230991557
0.1124102088584804,0.0170075893402100,0.0004477018082980
0.1125102178610011,0.0185220092535019,0.0002406528947176
0.1126102268635218,0.0175932496786118,0.0005211426760070
0.1127102358660425,0.0172275993973017,0.0002012858021772
0.1128102448685632,0.0180145800113678,0.0002229584060842
0.1129102538710839,0.0171401202678680,0.0002121228026226
0.1130102628736046,0.0179436802864075,0.0000712461915100
0.1131102718761253,0.0181929394602776,0.0000310756004183
0.1132102808786460,0.0181186702102423,-0.0002125814062310
0.1133102898811667,0.0178689695894718,-0.0001286647020606
0.1134102988836874,0.0177473295480013,-0.0002578549901955
0.1135103078862082,0.0181517098098993,-0.0005099268164486
0.1136103168887289,0.0196153502911329,-0.0005459659150802
0.1137103258912496,0.0184856299310923,-0.0004441057099029
0.1138103348937703,0.0194140803068876,-0.0003425914910622
0.1139103438962910,0.0179785992950201,-0.0001292912929785
0.1140103528988117,0.0182155501097441,-0.0000555966398679
0.1141103619013324,0.0192056801170111,0.0000078230523286
0.1142103709038531,0.0197979900985956,0.0001756090059644
0.1143103799063738,0.0194622799754143,0.0002289245021529
0.1144103889088945,0.0188762191683054,0.0002146166953025
0.1145103979114152,0.0177258402109146,0.0008033561171032
0.1146104069139359,0.0170898903161287,0.0002956422977149
0.1147104159164566,0.0185240805149078,0.0000247553707595
0.1148104249189773,0.0179740991443396,0.0000632600422250
0.1149104339214980,0.0181724894791842,0.0000054024421843
0.1150104429240187,0.0180055405944586,0.0000392737092625
0.1151104519265394,0.0172988995909691,0.0000020353400032
0.1152104609290601,0.0173249207437038,0.0001637107052375
0.1153104699315809,0.0171662196516991,0.0000247249208769
0.1154104789341016,0.0172807797789574,0.0002118654956575
0.1155104879366223,0.0166965592652559,0.0003627171099652
0.1156104969391430,0.0167294796556234,0.0001788483932614
0.1157105059416637,0.0169169604778290,0.0000443354692834
0.1158105149441844,0.0173767991364002,0.0000446790800197
0.1159105239467051,0.0172534007579088,-0.0000749252867536
0.1160105329492258,0.0171916391700506,0.0001805708016036
0.1161105419517465,0.0174491498619318,0.0000021228429432
0.1162105509542672,0.0169273000210524,0.0004991847090423
0.1163105599567879,0.0166366398334503,0.0000946965519688
0.1164105689593086,0.0154316099360585,0.0003990354016423
0.1165105779618293,0.0167188309133053,-0.0000149737697939
0.1166105869643500,0.0160379000008106,0.0000283945901174
0.1167105959668707,0.0160352196544409,-0.0001470808056183
0.1168106049693915,0.0153799904510379,-0.0005315925227478
0.1169106139719122,0.0162205193191767,-0.0004129497974645
0.1170106229744329,0.0155533896759152,-0.0004351182142273
0.1171106319769536,0.0164781603962183,-0.0004464979865588
0.1172106409794743,0.0159095209091902,-0.0000830935532576
0.1173106499819950,0.0154591202735901,0.0002478589885868
0.1174106589845157,0.0157401803880930,0.0002705916122068
0.1175106679870364,0.0157091598957777,0.0001612691994524
0.1176106769895571,0.0162858106195927,0.0000061796349655
0.1177106859920778,0.0153759196400642,0.0002171802043449
0.1178106949945985,0.0161320604383945,0.0001863686047727
0.1179107039971192,0.0155537696555257,0.0001339696027571
0.1180107129996399,0.0163308307528496,-0.0000765840813983
0.1181107220021606,0.0154028898105025,0.0000224178202188
0.1182107310046813,0.0165977291762829,0.0000694622867741
0.1183107400072020,0.0159134808927774,-0.0000371665191778
0.1184107490097227,0.0167585499584675,-0.0003209538117517
0.1185107580122434,0.0158539693802595,-0.0000589368792134
0.1186107670147642,0.0163263808935881,-0.0001184662978631
0.1187107760172849,0.0155802797526121,-0.0002141617005691
0.1188107850198056,0.0149520402774215,0.0000332466006512
0.1189107940223263,0.0158225707709789,-0.0001857275055954
0.1190108030248470,0.0152237704023719,0.0003341824922245
0.1191108120273677,0.0157595705240965,0.0004045577079523
0.1192108210298884,0.0143578397110105,0.0006976278964430
0.1193108300324091,0.0153881199657917,0.0003375812084414
0.1194108390349298,0.0148769002407789,0.0005876718205400
0.1195108480374505,0.0149342101067305,0.0006236211047508
0.1196108570399712,0.0151647403836250,0.0004935620236211
0.1197108660424919,0.0161769501864910,0.0000061283999457
0.1198108750450126,0.0157984606921673,-0.0001294960966334
0.1199108840475333,0.0162978395819664,-0.0004613641067408
0.1200108930500540,0.0161570608615875,-0.0002863437111955
0.1201109020525747,0.0157390497624874,-0.0004560468078125
0.1202109110550954,0.0155838299542665,-0.0006315460777842
0.1203109200576161,0.0131250396370888,-0.0003632213047240
0.1204109290601369,0.0130537301301956,-0.0005244134226814
0.1205109380626576,0.0120394201949239,-0.0002749814011622
0.1206109470651783,0.0123732304200530,-0.0006057965802029
0.1207109560676990,0.0100790597498417,-0.0006139060715213
0.1208109650702197,0.0104641597718000,-0.0005135161918588
0.1209109740727404,0.0112511804327369,-0.0009863186860457
0.1210109830752611,0.0113693503662944,-0.0011967560276389
0.1211109920777818,0.0107679599896073,-0.0011361070210114
0.1212110010803025,0.0111942701041698,-0.0010022360365838
0.1213110100828232,0.0111176902428269,-0.0005503275897354
0.1214110190853439,0.0137750897556543,-0.0010205380385742
0.1215110280878646,0.0149882202968001,-0.0013873369898647
0.1216110370903853,0.0155847696587443,-0.0020490430761129
0.1217110460929060,0.0118657397106290,-0.0017454070039093
0.1218110550954267,0.0062541719526052,-0.0008419068180956
0.1219110640979474,0.0008052507764660,-0.0017592989606783
0.1220110731004682,-0.0057271709665656,-0.0012595599982888
0.1221110821029889,-0.0150010399520397,-0.0027547909412533
0.1222110911055096,0.0849971026182175,0.0849687829613686
0.1223111001080303,0.0849970132112503,0.0849968865513802
0.1224111091105510,0.0849969685077667,0.0849967375397682
0.1225111181130717,0.0849971324205399,0.0849957391619682
0.1226111271155924,0.0849969983100891,0.0849953591823578
0.1227111361181131,0.0849970430135727,0.0849493667483330
0.1228111451206338,0.0849974304437637,0.0849943310022354
0.1229111541231545,0.0849996507167816,0.0849943310022354
0.1230111631256752,0.0849983692169189,0.0849943310022354
0.1231111721281959,0.0849979072809219,0.0849943310022354
0.1232111811307166,0.0849979594349861,0.0849943310022354
0.1233111901332373,0.0849976688623428,0.0849952623248100
0.1234111991357580,0.0849973484873772,0.0849959701299667
0.1235112081382787,0.0849973782896996,0.0849963128566742
0.1236112171407994,0.0849972590804100,0.0849965363740921
0.1237112261433201,0.0849971994757652,0.0849967226386070
0.1238112351458409,0.0849971920251846,0.0849967375397682
0.1239112441483616,0.0849971622228622,0.0849968418478966
0.1240112531508823,0.0849971473217010,0.0849967673420906
0.1241112621534030,0.0849971771240234,0.0849969014525414
0.1242112711559237,0.0849971920251846,0.0849969536066055
0.1243112801584444,0.0849972069263458,0.0849969685077667
0.1244112891609651,0.0849972069263458,0.0849969908595085
0.1245112981634858,0.0849971771240234,0.0849969908595085
0.1246113071660065,0.0849971994757652,0.0849970132112503
0.1247113161685272,0.0849972218275070,0.0849969983100891
0.1248113251710479,0.0849972218275070,0.0849969834089279
0.1249113341735686,0.0849972218275070,0.0849969610571861
0.1250113431760893,0.0849972069263458,0.0849969610571861
0.1251113521786100,0.0849972292780876,0.0849969834089279
0.1252113611811307,0.0849972292780876,0.0849969610571861
0.1253113701836514,0.0849972367286682,0.0849969610571861
0.1254113791861722,0.0849972292780876,0.0849969163537025
0.1255113881886928,0.0849972367286682,0.0849969163537025
0.1256113971912136,0.0849972367286682,0.0849969312548637
0.1257114061937343,0.0849972367286682,0.0849969163537025
0.1258114151962550,0.0849972590804100,0.0849969312548637
0.1259114241987757,0.0849972590804100,0.0849969163537025
0.1260114332012964,0.0849972590804100,0.0849969163537025
0.1261114422038171,0.0849972665309906,0.0849968791007996
0.1262114512063378,0.0849972367286682,0.0849968791007996
0.1263114602088585,0.0849972590804100,0.0849968865513802
0.1264114692113792,0.0849972367286682,0.0849968567490578
0.1265114782138999,0.0849972814321518,0.0849968492984772
0.1266114872164206,0.0849972665309906,0.0849968418478966
0.1267114962189413,0.0849972665309906,0.0849968791007996
0.1268115052214620,0.0849972814321518,0.0849968567490578
0.1269115142239827,0.0849972665309906,0.0849968269467354
0.1270115232265034,0.0849972590804100,0.0849968567490578
0.1271115322290241,0.0849972888827324,0.0849968567490578
0.1272115412315449,0.0849972590804100,0.0849968716502190
0.1273115502340655,0.0849972814321518,0.0849968567490578
0.1274115592365863,0.0849972963333130,0.0849968567490578
0.1275115682391070,0.0849972814321518,0.0849968567490578
0.1276115772416277,0.0849972665309906,0.0849968492984772
0.1277115862441484,0.0849972590804100,0.0849968269467354
0.1278115952466691,0.0849972665309906,0.0849968418478966
0.1279116042491898,0.0849972963333130,0.0849968418478966
0.1280116132517105,0.0849972814321518,0.0849968194961548
0.1281116222542312,0.0849972814321518,0.0849968791007996
0.1282116312567519,0.0849973112344742,0.0849968567490578
0.1283116402592726,0.0849972963333130,0.0849967971444130
0.1284116492617933,0.0849972963333130,0.0849968791007996
0.1285116582643140,0.0849972963333130,0.0849968865513802
0.1286116672668347,0.0849972963333130,0.0849969163537025
0.1287116762693555,0.0849972814321518,0.0849969163537025
0.1288116852718761,0.0849972665309906,0.0849969163537025
0.1289116942743968,0.0849972963333130,0.0849968865513802
0.1290117032769175,0.0849972665309906,0.0849969834089279
0.1291117122794382,0.0849972814321518,0.0849969312548637
0.1292117212819590,0.0849972665309906,0.0849969834089279
0.1293117302844797,0.0849972665309906,0.0849969908595085
0.1294117392870004,0.0849972590804100,0.0849969685077667
0.1295117482895211,0.0849972665309906,0.0849969908595085
0.1296117572920418,0.0849972665309906,0.0849969834089279
0.1297117662945625,0.0849972590804100,0.0849970132112503
0.1298117752970832,0.0849972590804100,0.0849970132112503
0.1299117842996039,0.0849972590804100,0.0849969983100891
0.1300117933021246,0.0849972665309906,0.0849970132112503
0.1301118023046453,0.0849972665309906,0.0849970132112503
0.1302118113071660,0.0849972516298294,0.0849970132112503
0.1303118203096867,0.0849972516298294,0.0849970206618309
0.1304118293122074,0.0849972367286682,0.0849970132112503
0.1305118383147282,0.0849972367286682,0.0849970206618309
0.1306118473172488,0.0849972516298294,0.0849969983100891
0.1307118563197696,0.0849972367286682,0.0849970430135727
0.1308118653222902,0.0849972516298294,0.0849970430135727
0.1309118743248109,0.0849972367286682,0.0849970281124115
0.1310118833273317,0.0849972367286682,0.0849970430135727
0.1311118923298524,0.0849972292780876,0.0849970504641533
0.1312119013323731,0.0849972367286682,0.0849970430135727
0.1313119103348938,0.0849972367286682,0.0849970504641533
0.1314119193374145,0.0849972367286682,0.0849970504641533
0.1315119283399352,0.0849972218275070,0.0849970579147339
0.1316119373424559,0.0849972218275070,0.0849970504641533
0.1317119463449766,0.0849972367286682,0.0849970579147339
0.1318119553474973,0.0849972367286682,0.0849970579147339
0.1319119643500180,0.0849972292780876,0.0849970579147339
0.1320119733525387,0.0849972218275070,0.0849970579147339
0.1321119823550594,0.0849972218275070,0.0849970728158951
0.1322119913575801,0.0849972292780876,0.0849970728158951
0.1323120003601009,0.0849972367286682,0.0849970728158951
0.1324120093626215,0.0849972367286682,0.0849970728158951
0.1325120183651423,0.0849972292780876,0.0849970728158951
0.1326120273676629,0.0849972218275070,0.0849970728158951
0.1327120363701837,0.0849972069263458,0.0849970728158951
0.1328120453727044,0.0849972218275070,0.0849970728158951
0.1329120543752251,0.0849972292780876,0.0849970802664757
0.1330120633777458,0.0849972218275070,0.0849970728158951
0.1331120723802665,0.0849972069263458,0.0849970728158951
0.1332120813827872,0.0849972218275070,0.0849970802664757
0.1333120903853079,0.0849972069263458,0.0849970802664757
0.1334120993878286,0.0849972069263458,0.0849970728158951
0.1335121083903493,0.0849972069263458,0.0849970802664757
0.1336121173928700,0.0849972069263458,0.0849970728158951
0.1337121263953907,0.0849972069263458,0.0849970877170563
0.1338121353979115,0.0849972069263458,0.0849970802664757
0.1339121444004321,0.0849972069263458,0.0849970877170563
0.1340121534029528,0.0849972218275070,0.0849970802664757
0.1341121624054736,0.0849972218275070,0.0849970802664757
0.1342121714079942,0.0849972069263458,0.0849970802664757
0.1343121804105150,0.0849972069263458,0.0849970877170563
0.1344121894130356,0.0849972218275070,0.0849970802664757
0.1345121984155564,0.0849972069263458,0.0849970877170563
0.1346122074180771,0.0849972069263458,0.0849970877170563
0.1347122164205978,0.0849972069263458,0.0849970877170563
0.1348122254231185,0.0849972069263458,0.0849970877170563
0.1349122344256392,0.0849972069263458,0.0849971026182175
0.1350122434281599,0.0849972069263458,0.0849970877170563
0.1351122524306806,0.0849972069263458,0.0849971026182175
0.1352122614332013,0.0849972069263458,0.0849970877170563
0.1353122704357220,0.0849972069263458,0.0849971026182175
0.1354122794382427,0.0849972069263458,0.0849971026182175
0.1355122884407634,0.0849972069263458,0.0849971026182175
0.1356122974432842,0.0849972069263458,0.0849971026182175
0.1357123064458048,0.0849972069263458,0.0849971026182175
0.1358123154483256,0.0849972069263458,0.0849970877170563
0.1359123244508463,0.0849972069263458,0.0849971026182175
0.1360123334533669,0.0849972069263458,0.0849971026182175
0.1361123424558877,0.0849971994757652,0.0849971026182175
0.1362123514584084,0.0849972069263458,0.0849971026182175
0.1363123604609291,0.0849971994757652,0.0849971026182175
0.1364123694634498,0.0849971994757652,0.0849971026182175
0.1365123784659705,0.0849971994757652,0.0849971026182175
0.1366123874684912,0.0849971920251846,0.0849971175193787
0.1367123964710119,0.0849971771240234,0.0849971175193787
0.1368124054735326,0.0849971771240234,0.0849971175193787
0.1369124144760533,0.0849971994757652,0.0849971026182175
0.1370124234785740,0.0849972218275070,0.0849970728158951
0.1371124324810947,0.0849972590804100,0.0849970281124115
0.1372124414836154,0.0849974304437637,0.0849973708391190
0.1373124504861361,0.0849975496530533,0.0849976018071175
0.1374124594886569,0.0849976763129234,0.0849978625774384
0.1375124684911775,0.0849977508187294,0.0849979966878891
0.1376124774936983,0.0849978327751160,0.0849982574582100
0.1377124864962189,0.0849979370832443,0.0849985405802727
0.1378124954987397,0.0849980115890503,0.0849986672401428
0.1379125045012604,0.0849980115890503,0.0849990174174309
0.1380125135037811,0.0849980264902115,0.0849991366267204
0.1381125225063018,0.0849980562925339,0.0849994570016861
0.1382125315088225,0.0849981606006622,0.0849995687603951
0.1383125405113432,0.0849985703825951,0.0849997177720070
0.1384125495138639,0.0849986970424652,0.0849998667836189
0.1385125585163846,0.0849988684058189,0.0849999412894249
0.1386125675189053,0.0849990472197533,0.0849999710917473
0.1387125765214260,0.0849991068243980,0.0849999710917473
0.1388125855239467,0.0849989429116249,0.0850000008940697
0.1389125945264675,0.0849989801645279,0.0850000008940697
0.1390126035289881,0.0849990397691727,0.0850000008940697
0.1391126125315088,0.0849988982081413,0.0850000008940697
0.1392126215340296,0.0849991068243980,0.0850000008940697
0.1393126305365502,0.0849987864494324,0.0850000008940697
0.1394126395390710,0.0849988684058189,0.0849992483854294
0.1395126485415916,0.0849982574582100,0.0849975124001503
0.1396126575441124,0.0849975720047951,0.0849764570593834
0.1397126665466331,0.0849976167082787,0.0849752798676491
0.1398126755491538,-0.0130633004009724,0.0266116708517075
0.1399126845516745,-0.0044537209905684,0.0196094308048487
0.1400126935541952,0.0026964969001710,0.0148742403835058
0.1401127025567159,0.0071240491233766,0.0117025198414922
0.1402127115592366,0.0099929692223668,0.0088711893185973
0.1403127205617573,0.0114228399470448,0.0074617001228034
0.1404127295642780,0.0122606297954917,0.0065228007733822
0.1405127385667987,0.0127195501700044,0.0052272710017860
0.1406127475693194,0.0127231301739812,0.0043955920264125
0.1407127565718402,0.0131390299648046,0.0037834839895368
0.1408127655743608,0.0141521599143744,0.0027855350635946
0.1409127745768816,0.0147845996543765,0.0023481119424105
0.1410127835794023,0.0153607698157430,0.0018152670236304
0.1411127925819229,0.0160157606005669,0.0016335910186172
0.1412128015844437,0.0184025298804045,0.0013751100050285
0.1413128105869643,0.0188823901116848,0.0012079699663445
0.1414128195894851,0.0204762406647205,0.0007558037177660
0.1415128285920058,0.0214770808815956,0.0005169276264496
0.1416128375945265,0.0225882995873690,-0.0002319179038750
0.1417128465970472,0.0252587907016277,-0.0010309990029782
0.1418128555995679,0.0254452992230654,-0.0016128659481183
0.1419128646020886,0.0270505491644144,-0.0020473860204220
0.1420128736046093,0.0295960307121277,-0.0027008580509573
0.1421128826071300,0.0284666307270527,-0.0015601549530402
0.1422128916096507,0.0311044491827488,-0.0014424700057134
0.1423129006121714,0.0297494698315859,-0.0006354628130794
0.1424129096146921,0.0329154096543789,-0.0008349837153219
0.1425129186172129,0.0324672982096672,-0.0003002976009157
0.1426129276197335,0.0345339402556419,-0.0007032530265860
0.1427129366222543,0.0332265384495258,-0.0003029009094462
0.1428129456247750,0.0364966206252575,-0.0006561452755705
0.1429129546272957,0.0350622981786728,-0.0002267484960612
0.1430129636298164,0.0368910208344460,-0.0003845203900710
0.1431129726323370,0.0341807715594769,0.0001320674055023
0.1432129816348578,0.0320488214492798,0.0007173069170676
0.1433129906373785,0.0142149198800325,0.0033927978947759
0.1434129996398992,0.0141361402347684,0.0038887739647180
0.1435130086424199,0.0115383695811033,0.0035652220249176
0.1436130176449406,0.0115764997899532,0.0030788769945502
0.1437130266474613,0.0124103296548128,0.0024781099054962
0.1438130356499820,0.0122680701315403,0.0020164919551462
0.1439130446525027,0.0131195299327374,0.0014490770408884
0.1440130536550234,0.0143463695421815,0.0011350980494171
0.1441130626575441,0.0133454296737909,0.0009158137836494
0.1442130716600648,0.0139308897778392,0.0006317765219137
0.1443130806625856,0.0136936204507947,0.0004455473099370
0.1444130896651062,0.0130243003368378,0.0003332115011290
0.1445130986676270,0.0126564102247357,0.0001217419994646
0.1446131076701477,0.0139323500916362,-0.0000377157412004
0.1447131166726684,0.0133402002975345,-0.0004495556058828
0.1448131256751891,0.0141208702698350,-0.0008037153747864
0.1449131346777098,0.0128734903410077,-0.0009863087907434
0.1450131436802305,0.0124840000644326,-0.0007635927759111
0.1451131526827512,0.0111206695437431,-0.0005264782230370
0.1452131616852719,0.0104245701804757,-0.0007215673103929
0.1453131706877926,0.0105257099494338,-0.0005827784189023
0.1454131796903133,0.0118640996515751,-0.0006720274104737
0.1455131886928340,0.0109933903440833,-0.0003963412018493
0.1456131976953547,0.0110675897449255,-0.0005152925732546
0.1457132066978754,0.0102735096588731,-0.0001227429020219
0.1458132157003962,0.0100952200591564,-0.0002904919965658
0.1459132247029168,0.0098026227205992,-0.0000857971535879
0.1460132337054376,0.0066739232279360,0.0001224539009854
0.1461132427079583,0.0052731661126018,0.0003474506083876
0.1462132517104789,0.0037735020741820,0.0005227886140347
0.1463132607129997,0.0040648682042956,0.0004247394099366
0.1464132697155203,0.0040240511298180,0.0003280254895799
0.1465132787180411,0.0042652520351112,0.0002095144009218
0.1466132877205618,0.0039289700798690,0.0000033380370041
0.1467132967230825,0.0039565148763359,-0.0002837472129613
0.1468133057256032,0.0035550750326365,-0.0004066037072334
0.1469133147281239,0.0010520459618419,-0.0002636050921865
0.1470133237306446,0.0014226119965315,-0.0003729420132004
0.1471133327331653,0.0018860660493374,-0.0003704935079440
0.1472133417356860,0.0014759650221094,-0.0001239979028469
0.1473133507382067,0.0014620149740949,-0.0000051455158427
0.1474133597407274,0.0007477779872715,0.0003833133960143
0.1475133687432481,0.0012756059877574,0.0002315735036973
0.1476133777457689,0.0019079799531028,0.0000242152600549
0.1477133867482895,0.0016038990579545,-0.0001028879996738
0.1478133957508103,0.0016154759796336,-0.0002932368952315
0.1479134047533310,0.0018297249916941,-0.0001689172058832
0.1480134137558517,0.0019144769757986,-0.0001453657023376
0.1481134227583724,0.0029242290183902,-0.0004210202896502
0.1482134317608930,0.0039415569044650,-0.0006695609772578
0.1483134407634138,0.0033055539242923,-0.0005692319828086
0.1484134497659345,0.0027796130161732,-0.0002302427019458
0.1485134587684552,0.0027201129123569,-0.0003510183014441
0.1486134677709759,0.0036086379550397,-0.0006308188894764
0.1487134767734966,0.0041368692182004,-0.0007115195039660
0.1488134857760173,0.0039592338725924,-0.0007253478979692
0.1489134947785380,0.0022847549989820,-0.0000689872176736
0.1490135037810587,0.0030329620931298,-0.0001467511028750
0.1491135127835794,0.0044878958724439,-0.0003545114886947
0.1492135217861001,0.0054962160065770,-0.0003582038916647
0.1493135307886208,0.0063505508005619,-0.0000629292699159
0.1494135397911416,0.0058427220210433,-0.0000502060611325
0.1495135487936622,0.0058855270035565,-0.0001723549066810
0.1496135577961830,0.0058832759968936,-0.0001030226994772
0.1497135667987037,0.0056709269993007,-0.0001836909068516
0.1498135758012244,0.0065020318143070,-0.0005432895850390
0.1499135848037451,0.0067277681082487,-0.0004345799970906
0.1500135938062658,0.0070499260909855,-0.0005921943811700
0.1501136028087865,0.0073667601682246,-0.0005695493891835
0.1502136118113072,0.0080557325854897,-0.0009304156992584
0.1503136208138279,0.0073297452181578,-0.0005792636075057
0.1504136298163486,0.0080349324271083,-0.0001751389936544
0.1505136388188693,0.0075997440144420,-0.0001520523946965
0.1506136478213900,0.0076132640242577,0.0000365522901120
0.1507136568239107,0.0072666038759053,-0.0003377120883670
0.1508136658264314,0.0071385460905731,0.0000602373511356
0.1509136748289521,0.0078598670661449,-0.0000019409769720
0.1510136838314728,0.0085194613784552,0.0001304113975493
0.1511136928339935,0.0082944184541702,0.0000568591603951
0.1512137018365143,0.0094794584438205,-0.0002218347071903
0.1513137108390349,0.0090057887136936,0.0000159869105119
0.1514137198415557,0.0093475971370935,0.0000237783406192
0.1515137288440764,0.0097985379397869,-0.0001334208936896
0.1516137378465971,0.0093053085729480,-0.0000741907206248
0.1517137468491178,0.0098538380116224,-0.0002083446015604
0.1518137558516385,0.0111416298896074,-0.0005889557069167
0.1519137648541592,0.0108671803027391,-0.0005228223744780
0.1520137738566799,0.0103635601699352,-0.0003242641105317
0.1521137828592006,0.0107539203017950,-0.0003273545880802
0.1522137918617213,0.0111514301970601,-0.0001646039017942
0.1523138008642420,0.0121767297387123,-0.0000719110175851
0.1524138098667627,0.0112174302339554,0.0001624196011107
0.1525138188692834,0.0115085495635867,0.0001906393008539
0.1526138278718041,0.0113366898149252,-0.0000265157596004
0.1527138368743249,0.0108495801687241,0.0004355431010481
0.1528138458768455,0.0109563702717423,-0.0001224020961672
0.1529138548793663,0.0121487397700548,-0.0001705887989374
0.1530138638818870,0.0115914903581142,0.0000068415129135
0.1531138728844077,0.0128541802987456,-0.0004052780859638
0.1532138818869284,0.0126979900524020,-0.0003472658863757
0.1533138908894491,0.0133426301181316,-0.0004062977095600
0.1534138998919698,0.0127119803801179,-0.0005156568950042
0.1535139088944905,0.0118783200159669,-0.0003818862896878
0.1536139178970112,0.0115489298477769,0.0000526738404005
0.1537139268995319,0.0122583098709583,-0.0003986417141277
0.1538139359020526,0.0125217903405428,-0.0003544341889210
0.1539139449045733,0.0124929500743747,-0.0000029729869766
0.1540139539070940,0.0137936798855662,-0.0002483311109245
0.1541139629096147,0.0135222598910332,-0.0002182994940085
0.1542139719121354,0.0147587498649955,-0.0001086054980988
0.1543139809146561,0.0139822103083134,0.0000132347604449
0.1544139899171768,0.0140067096799612,0.0002125121973222
0.1545139989196976,0.0145530495792627,0.0000559554209758
0.1546140079222182,0.0134716797620058,0.0001442735956516
0.1547140169247390,0.0138017004355788,0.0002434422058286
0.1548140259272597,0.0145885003730655,0.0000960701072472
0.1549140349297804,0.0146952001377940,-0.0000344640611729
0.1550140439323011,0.0140533903613687,-0.0000156267506100
0.1551140529348218,0.0156933404505253,-0.0004172255867161
0.1552140619373425,0.0155887296423316,-0.0002290494012414
0.1553140709398632,0.0166503190994263,-0.0003050118102692
0.1554140799423839,0.0161191690713167,-0.0000667302665533
0.1555140889449046,0.0167369507253170,-0.0000552695200895
0.1556140979474253,0.0170848798006773,-0.0001656537060626
0.1557141069499460,0.0176254902034998,-0.0000033165779314
0.1558141159524667,0.0170692503452301,0.0001305543992203
0.1559141249549874,0.0173813290894032,-0.0002244157949463
0.1560141339575081,0.0166860595345497,0.0002694755094126
0.1561141429600288,0.0156603995710611,0.0001457655016566
0.1562141519625495,0.0168850999325514,0.0001185079963761
0.1563141609650703,0.0171101093292236,0.0000067873038461
0.1564141699675909,0.0174740608781576,-0.0000580933010497
0.1565141789701117,0.0164317693561316,-0.0002464845019858
0.1566141879726324,0.0171142891049385,-0.0002385304978816
0.1567141969751531,0.0177593100816011,-0.0004335340927355
0.1568142059776738,0.0167635604739189,-0.0005516135715879
0.1569142149801945,0.0161912105977535,-0.0002282826026203
0.1570142239827152,0.0169586706906557,-0.0003355111985002
0.1571142329852359,0.0176482107490301,-0.0002731851127464
0.1572142419877566,0.0173396095633507,-0.0002522630966268
0.1573142509902773,0.0172964595258236,0.0001441821950721
0.1574142599927980,0.0178384408354759,0.0000800599227659
0.1575142689953187,0.0202726703137159,-0.0003197985934094
0.1576142779978394,0.0181266907602549,-0.0000860797736095
0.1577142870003601,0.0191495399922132,-0.0001073079984053
0.1578142960028808,0.0177412107586861,-0.0001040779025061
0.1579143050054015,0.0191934108734131,-0.0003074127889704
0.1580143140079223,0.0183926802128553,-0.0002316713944310
0.1581143230104430,0.0182318594306707,-0.0000988680112641
0.1582143320129636,0.0157789606601000,0.0001864363002824
0.1583143410154844,0.0158803705126047,0.0001212392016896
0.1584143500180051,0.0175914596766233,-0.0002068049943773
0.1585143590205258,0.0178477894514799,-0.0002309580013389
0.1586143680230465,0.0182797797024250,-0.0002873195044231
0.1587143770255672,0.0183705091476440,-0.0004859016917180
0.1588143860280879,0.0193859599530697,-0.0003291527973488
0.1589143950306086,0.0177670195698738,-0.0001118470026995
0.1590144040331293,0.0186691898852587,0.0001489457063144
0.1591144130356500,0.0187297090888023,0.0001265675964532
0.1592144220381707,0.0183174908161163,0.0003338477108628
0.1593144310406914,0.0185255296528339,0.0005573529051617
0.1594144400432121,0.0189262591302395,0.0000807097603683
0.1595144490457328,0.0188218206167221,0.0003431244113017
0.1596144580482535,0.0188347809016705,0.0003820855927188
0.1597144670507742,0.0182278007268906,0.0002706492959987
0.1598144760532950,0.0181818101555109,0.0001103272006731
0.1599144850558157,0.0202676206827164,-0.0003200091014151
0.1600144940583364,0.0191910006105900,-0.0000822411966510
0.1601145030608571,0.0193248391151428,-0.0003361846029293
0.1602145120633778,0.0194688700139523,-0.0003115728904959
0.1603145210658985,0.0201695300638676,-0.0002078308025375
0.1604145300684192,0.0196081995964050,-0.0002538704138715
0.1605145390709399,0.0193112399429083,0.0001384765928378
0.1606145480734606,0.0183263700455427,0.0001819136959966
0.1607145570759813,0.0172977000474930,0.0007092673913576
0.1608145660785020,0.0177010800689459,0.0004508367856033
0.1609145750810227,0.0184244401752949,0.0004669307963923
0.1610145840835434,0.0195480808615685,0.0005447430885397
0.1611145930860641,0.0182870402932167,0.0007693332736380
0.1612146020885848,0.0188967101275921,0.0005418899818324
0.1613146110911055,0.0168663598597050,0.0004006992094219
0.1614146200936262,0.0175172891467810,0.0004067870904692
0.1615146290961469,0.0184647794812918,0.0001529901055619
0.1616146380986677,0.0174731705337763,-0.0000218848199438
0.1617146471011884,0.0188057608902454,-0.0000783333380241
0.1618146561037091,0.0182308200746775,-0.0000399596501666
0.1619146651062298,0.0188441295176744,-0.0002809840079863
0.1620146741087505,0.0169055704027414,0.0001482226070948
0.1621146831112712,0.0176532305777073,0.0002913254138548
0.1622146921137919,0.0166642200201750,0.0004765192861669
0.1623147011163126,0.0172346197068691,0.0004516567860264
0.1624147101188333,0.0167164802551270,0.0003451626107562
0.1625147191213540,0.0158724095672369,0.0005233198171481
0.1626147281238747,0.0174492504447699,0.0004038056067657
0.1627147371263954,0.0165353398770094,0.0004503469099291
0.1628147461289161,0.0173479598015547,0.0000245341798291
0.1629147551314368,0.0167906899005175,0.0000222090093303
0.1630147641339575,0.0170277599245310,0.0001081611990230
0.1631147731364782,0.0170577093958855,0.0001543966936879
0.1632147821389990,0.0175366606563330,-0.0001933655003086
0.1633147911415196,0.0159789398312569,0.0001089008001145
0.1634148001440404,0.0160725805908442,-0.0000995495793177
0.1635148091465611,0.0170777291059494,-0.0002048927999567
0.1636148181490818,0.0165974590927362,-0.0003968231030740
0.1637148271516025,0.0173041895031929,-0.0006000184803270
0.1638148361541232,0.0160222202539444,-0.0004101034137420
0.1639148451566439,0.0172238107770681,-0.0002063713036478
0.1640148541591646,0.0159804001450539,-0.0001419931941200
0.1641148631616853,0.0156382601708174,0.0000611488212598
0.1642148721642060,0.0140340197831392,0.0000160311192303
0.1643148811667267,0.0123156802728772,0.0001834396971390
0.1644148901692474,0.0123055297881365,0.0001982031972148
0.1645148991717681,0.0116213802248240,-0.0000696381030139
0.1646149081742888,0.0126438401639462,-0.0001971452002181
0.1647149171768095,0.0128824301064014,-0.0008579400018789
0.1648149261793302,0.0130188297480345,-0.0011068989988416
0.1649149351818510,0.0117457797750831,-0.0010764820035547
0.1650149441843717,0.0097626522183418,-0.0012460269499570
0.1651149531868924,0.0112098902463913,-0.0010177229996771
0.1652149621894131,0.0145197901874781,-0.0014435140183195
0.1653149711919338,0.0168592203408480,-0.0019590640440583
0.1654149801944545,0.0179719496518373,-0.0026156948879361
0.1655149891969752,0.0176371894776821,-0.0028379419818521
0.1656149981994959,0.0143297296017408,-0.0026296409778297
0.1657150072020166,0.0058055631816387,-0.0017335850279778
0.1658150162045373,0.0005738193867728,-0.0039253397844732
0.1659150252070580,0.0849971398711205,0.0849700868129730
0.1660150342095787,0.0849971026182175,0.0849707499146461
0.1661150432120994,0.0849971026182175,0.0849969163537025
0.1662150522146201,0.0849970206618309,0.0849968120455742
0.1663150612171408,0.0849972516298294,0.0849957615137100
0.1664150702196615,0.0849971473217010,0.0849955230951309
0.1665150792221822,0.0849973484873772,0.0136862201616168
0.1666150882247029,0.0849974304437637,0.0163742192089558
0.1667150972272237,0.0849971175193787,0.0849433466792107
0.1668151062297444,0.0850000008940697,0.0849943310022354
0.1669151152322651,0.0849990472197533,0.0849943310022354
0.1670151242347858,0.0849982798099518,0.0849943310022354
0.1671151332373065,0.0849979966878891,0.0849950611591339
0.1672151422398272,0.0849977135658264,0.0849955826997757
0.1673151512423479,0.0849976316094398,0.0849960893392563
0.1674151602448686,0.0849975198507309,0.0849964022636414
0.1675151692473893,0.0849974825978279,0.0849965065717697
0.1676151782499100,0.0849974006414413,0.0849966630339622
0.1677151872524307,0.0849973186850548,0.0849965363740921
0.1678151962549514,0.0849972814321518,0.0849967598915100
0.1679152052574721,0.0849973112344742,0.0849968194961548
0.1680152142599928,0.0849972665309906,0.0849968791007996
0.1681152232625135,0.0849972516298294,0.0849968492984772
0.1682152322650342,0.0849972590804100,0.0849969014525414
0.1683152412675549,0.0849972665309906,0.0849969163537025
0.1684152502700756,0.0849972367286682,0.0849969163537025
0.1685152592725964,0.0849972292780876,0.0849969163537025
0.1686152682751171,0.0849972367286682,0.0849969312548637
0.1687152772776378,0.0849972218275070,0.0849969312548637
0.1688152862801585,0.0849972367286682,0.0849969163537025
0.1689152952826792,0.0849972367286682,0.0849969312548637
0.1690153042851999,0.0849972367286682,0.0849969163537025
0.1691153132877206,0.0849972367286682,0.0849969387054443
0.1692153222902413,0.0849972367286682,0.0849968865513802
0.1693153312927620,0.0849972367286682,0.0849968791007996
0.1694153402952827,0.0849972516298294,0.0849969014525414
0.1695153492978034,0.0849972516298294,0.0849968865513802
0.1696153583003241,0.0849972516298294,0.0849968865513802
0.1697153673028448,0.0849972665309906,0.0849968716502190
0.1698153763053655,0.0849972665309906,0.0849968716502190
0.1699153853078862,0.0849972665309906,0.0849968865513802
0.1700153943104069,0.0849972814321518,0.0849968865513802
0.1701154033129276,0.0849972665309906,0.0849968791007996
0.1702154123154484,0.0849972590804100,0.0849968716502190
0.1703154213179691,0.0849972665309906,0.0849968865513802
0.1704154303204898,0.0849972665309906,0.0849968716502190
0.1705154393230105,0.0849972665309906,0.0849968865513802
0.1706154483255312,0.0849972814321518,0.0849968791007996
0.1707154573280519,0.0849972665309906,0.0849968567490578
0.1708154663305726,0.0849972814321518,0.0849969312548637
0.1709154753330933,0.0849972963333130,0.0849968865513802
0.1710154843356140,0.0849972963333130,0.0849968791007996
0.1711154933381347,0.0849972888827324,0.0849969163537025
0.1712155023406554,0.0849972963333130,0.0849969163537025
0.1713155113431761,0.0849972814321518,0.0849969014525414
0.1714155203456968,0.0849972814321518,0.0849969014525414
0.1715155293482175,0.0849972963333130,0.0849969089031219
0.1716155383507382,0.0849972963333130,0.0849969163537025
0.1717155473532589,0.0849973112344742,0.0849969536066055
0.1718155563557796,0.0849972665309906,0.0849969163537025
0.1719155653583004,0.0849972665309906,0.0849969610571861
0.1720155743608211,0.0849972814321518,0.0849969536066055
0.1721155833633418,0.0849972814321518,0.0849969685077667
0.1722155923658625,0.0849972888827324,0.0849969536066055
0.1723156013683832,0.0849972814321518,0.0849969908595085
0.1724156103709039,0.0849972814321518,0.0849969610571861
0.1725156193734246,0.0849972665309906,0.0849969685077667
0.1726156283759453,0.0849972665309906,0.0849969983100891
0.1727156373784660,0.0849972888827324,0.0849969685077667
0.1728156463809867,0.0849972590804100,0.0849969834089279
0.1729156553835074,0.0849972590804100,0.0849970132112503
0.1730156643860281,0.0849972590804100,0.0849969834089279
0.1731156733885488,0.0849972590804100,0.0849969834089279
0.1732156823910695,0.0849972590804100,0.0849970206618309
0.1733156913935902,0.0849972665309906,0.0849969908595085
0.1734157003961109,0.0849972665309906,0.0849970132112503
0.1735157093986316,0.0849972590804100,0.0849970132112503
0.1736157184011524,0.0849972590804100,0.0849970132112503
0.1737157274036731,0.0849972665309906,0.0849970281124115
0.1738157364061938,0.0849972665309906,0.0849970281124115
0.1739157454087145,0.0849972516298294,0.0849970281124115
0.1740157544112352,0.0849972367286682,0.0849970430135727
0.1741157634137559,0.0849972367286682,0.0849970430135727
0.1742157724162766,0.0849972590804100,0.0849970430135727
0.1743157814187973,0.0849972367286682,0.0849970430135727
0.1744157904213180,0.0849972367286682,0.0849970504641533
0.1745157994238387,0.0849972367286682,0.0849970504641533
0.1746158084263594,0.0849972367286682,0.0849970504641533
0.1747158174288801,0.0849972367286682,0.0849970579147339
0.1748158264314008,0.0849972292780876,0.0849970579147339
0.1749158354339215,0.0849972367286682,0.0849970728158951
0.1750158444364422,0.0849972367286682,0.0849970579147339
0.1751158534389629,0.0849972367286682,0.0849970579147339
0.1752158624414836,0.0849972367286682,0.0849970728158951
0.1753158714440043,0.0849972367286682,0.0849970579147339
0.1754158804465251,0.0849972292780876,0.0849970728158951
0.1755158894490458,0.0849972292780876,0.0849970728158951
0.1756158984515665,0.0849972367286682,0.0849970728158951
0.1757159074540872,0.0849972292780876,0.0849970728158951
0.1758159164566079,0.0849972292780876,0.0849970728158951
0.1759159254591286,0.0849972218275070,0.0849970728158951
0.1760159344616493,0.0849972292780876,0.0849970728158951
0.1761159434641700,0.0849972367286682,0.0849970728158951
0.1762159524666907,0.0849972292780876,0.0849970728158951
0.1763159614692114,0.0849972292780876,0.0849970728158951
0.1764159704717321,0.0849972292780876,0.0849970802664757
0.1765159794742528,0.0849972367286682,0.0849970728158951
0.1766159884767735,0.0849972292780876,0.0849970802664757
0.1767159974792942,0.0849972218275070,0.0849970802664757
0.1768160064818149,0.0849972218275070,0.0849970802664757
0.1769160154843356,0.0849972218275070,0.0849970802664757
0.1770160244868563,0.0849972218275070,0.0849970802664757
0.1771160334893771,0.0849972218275070,0.0849970877170563
0.1772160424918978,0.0849972218275070,0.0849970877170563
0.1773160514944185,0.0849972069263458,0.0849970877170563
0.1774160604969392,0.0849972218275070,0.0849971026182175
0.1775160694994599,0.0849972218275070,0.0849970877170563
0.1776160785019806,0.0849972069263458,0.0849970877170563
0.1777160875045013,0.0849972069263458,0.0849971026182175
0.1778160965070220,0.0849972218275070,0.0849970877170563
0.1779161055095427,0.0849972069263458,0.0849970877170563
0.1780161145120634,0.0849972069263458,0.0849970877170563
0.1781161235145841,0.0849972069263458,0.0849971026182175
0.1782161325171048,0.0849972218275070,0.0849971026182175
0.1783161415196255,0.0849972069263458,0.0849971026182175
0.1784161505221462,0.0849972069263458,0.0849971026182175
0.1785161595246669,0.0849972069263458,0.0849971026182175
0.1786161685271876,0.0849972069263458,0.0849971026182175
0.1787161775297083,0.0849972069263458,0.0849971026182175
0.1788161865322290,0.0849972069263458,0.0849971026182175
0.1789161955347498,0.0849972069263458,0.0849971026182175
0.1790162045372705,0.0849972069263458,0.0849971026182175
0.1791162135397912,0.0849971994757652,0.0849971026182175
0.1792162225423119,0.0849972069263458,0.0849971026182175
0.1793162315448326,0.0849971994757652,0.0849971026182175
0.1794162405473533,0.0849972069263458,0.0849971100687981
0.1795162495498740,0.0849971994757652,0.0849971100687981
0.1796162585523947,0.0849971920251846,0.0849971175193787
0.1797162675549154,0.0849971771240234,0.0849971175193787
0.1798162765574361,0.0849971920251846,0.0849971175193787
0.1799162855599568,0.0849971994757652,0.0849971100687981
0.1800162945624775,0.0849972069263458,0.0849970802664757
0.1801163035649982,0.0849972367286682,0.0849971100687981
0.1802163125675189,0.0849973186850548,0.0849972069263458
0.1803163215700396,0.0849974527955055,0.0849974006414413
0.1804163305725603,0.0849975273013115,0.0849976986646652
0.1805163395750810,0.0849976465106010,0.0849979072809219
0.1806163485776018,0.0849977433681488,0.0849981382489204
0.1807163575801225,0.0849978476762772,0.0849983766674995
0.1808163665826432,0.0849978476762772,0.0849985629320145
0.1809163755851639,0.0849978774785995,0.0849988311529160
0.1810163845876846,0.0849978774785995,0.0849990323185921
0.1811163935902053,0.0849980935454369,0.0849993675947189
0.1812164025927260,0.0849979668855667,0.0849992781877518
0.1813164115952467,0.0849982127547264,0.0849996730685234
0.1814164205977674,0.0849985107779503,0.0849997401237488
0.1815164296002881,0.0849984511733055,0.0849996730685234
0.1816164386028088,0.0849984586238861,0.0849997699260712
0.1817164476053295,0.0849984735250473,0.0849998071789742
0.1818164566078502,0.0849986299872398,0.0849998891353607
0.1819164656103709,0.0849984809756279,0.0849997177720070
0.1820164746128916,0.0849988237023354,0.0850000008940697
0.1821164836154123,0.0849988535046577,0.0850000008940697
0.1822164926179330,0.0849987566471100,0.0850000008940697
0.1823165016204537,0.0849984437227249,0.0849986299872398
0.1824165106229745,0.0849977582693100,0.0849792063236237
0.1825165196254952,0.0849976465106010,0.0849755629897118
0.1826165286280159,-0.0199346002191305,0.0329458117485046
0.1827165376305366,-0.0069545041769743,0.0237710792571306
0.1828165466330573,0.0027477650437504,0.0175720993429422
0.1829165556355780,0.0111053399741650,0.0125556299462914
0.1830165646380987,0.0168493092060089,0.0085943127050996
0.1831165736406194,0.0198096595704556,0.0067124720662832
0.1832165826431401,0.0204488001763821,0.0049905772320926
0.1833165916456608,0.0209291093051434,0.0039431732147932
0.1834166006481815,0.0199915505945683,0.0035214540548623
0.1835166096507022,0.0190574508160353,0.0026720499154180
0.1836166186532229,0.0183701701462269,0.0018362200353295
0.1837166276557436,0.0186858493834734,0.0013972809538245
0.1838166366582643,0.0188612807542086,0.0011717240558937
0.1839166456607850,0.0193988699465990,0.0007950498256832
0.1840166546633057,0.0196152795106173,0.0006884214235470
0.1841166636658265,0.0203180909156799,0.0004072010051459
0.1842166726683472,0.0229315701872110,0.0001101024026866
0.1843166816708679,0.0231782793998718,-0.0001349587982986
0.1844166906733886,0.0256086196750402,-0.0007107366109267
0.1845166996759093,0.0265347305685282,-0.0010409540263936
0.1846167086784300,0.0272702109068632,-0.0016067239921540
0.1847167176809507,0.0300653893500566,-0.0022396289277822
0.1848167266834714,0.0288070496171713,-0.0023227930068970
0.1849167356859921,0.0315648689866066,-0.0021533700637519
0.1850167446885128,0.0299077108502388,-0.0016321559669450
0.1851167536910335,0.0209396295249462,0.0003132568090223
0.1852167626935542,0.0154675096273422,0.0011991979554296
0.1853167716960749,0.0161285400390625,0.0012508799554780
0.1854167806985956,0.0168561805039644,0.0010487199760973
0.1855167897011163,0.0165567006915808,0.0010692769428715
0.1856167987036370,0.0174553599208593,0.0008621187880635
0.1857168077061577,0.0187469404190779,0.0009225141257048
0.1858168167086785,0.0175404492765665,0.0006255260086618
0.1859168257111992,0.0180000606924295,0.0008955933735706
0.1860168347137199,0.0176188591867685,0.0006197097245604
0.1861168437162406,0.0176287703216076,0.0005343526718207
0.1862168527187613,0.0175468903034925,0.0004499217029661
0.1863168617212820,0.0170864500105381,0.0007105608819984
0.1864168707238027,0.0201478097587824,0.0001219667028636
0.1865168797263234,0.0181480497121811,0.0001466090034228
0.1866168887288441,0.0164219997823238,-0.0000439844006905
0.1867168977313648,0.0174488890916109,-0.0006191991851665
0.1868169067338855,0.0161903407424688,-0.0004542284877971
0.1869169157364062,0.0172181203961372,-0.0007261369028129
0.1870169247389269,0.0158814098685980,-0.0005245595239103
0.1871169337414476,0.0164397601038218,-0.0004777637950610
0.1872169427439683,0.0151765896007419,-0.0001311110972892
0.1873169517464890,0.0146501399576664,0.0001420548069291
0.1874169607490097,0.0135795501992106,0.0003108803066425
0.1875169697515305,0.0121559295803308,0.0004730104992632
0.1876169787540512,0.0096249561756849,0.0007765070768073
0.1877169877565719,0.0083475373685360,0.0009570238180459
0.1878169967590926,0.0079906769096851,0.0006799278198741
0.1879170057616133,0.0073260441422462,0.0006993695278652
0.1880170147641340,0.0061150188557804,0.0008689258247614
0.1881170237666547,0.0060564680024981,0.0006148198153824
0.1882170327691754,0.0057812100276351,0.0003737591032404
0.1883170417716961,0.0056151067838073,0.0004310524091125
0.1884170507742168,0.0062638870440423,0.0000321129082295
0.1885170597767375,0.0060296519659460,-0.0001844335929491
0.1886170687792582,0.0058068311773241,-0.0001089211000362
0.1887170777817789,0.0060695558786392,-0.0002545104944147
0.1888170867842996,0.0069882147945464,-0.0004565078124870
0.1889170957868203,0.0058813798241317,-0.0000318629099638
0.1890171047893410,0.0055632069706917,-0.0003351861087140
0.1891171137918617,0.0061408001929522,-0.0002827066055033
0.1892171227943824,0.0067748660221696,-0.0003312427143101
0.1893171317969032,0.0066979900002480,-0.0003582286008168
0.1894171407994239,0.0075942990370095,-0.0004497990012169
0.1895171498019446,0.0065586729906499,-0.0002449954045005
0.1896171588044653,0.0070553701370955,-0.0004522408125922
0.1897171678069860,0.0068890280090272,-0.0005945069715381
0.1898171768095067,0.0064933528192341,-0.0005907096201554
0.1899171858120274,0.0064439051784575,-0.0005442089168355
0.1900171948145481,0.0068196160718799,-0.0007222606218420
0.1901172038170688,0.0067561301402748,-0.0007679343107156
0.1902172128195895,0.0070854788646102,-0.0004463699006010
0.1903172218221102,0.0074574090540409,-0.0007168910233304
0.1904172308246309,0.0079452069476247,-0.0006427305052057
0.1905172398271516,0.0076251868158579,-0.0006659430800937
0.1906172488296723,0.0081567717716098,-0.0003198214108124
0.1907172578321930,0.0080339470878243,-0.0001799841993488
0.1908172668347137,0.0088512906804681,-0.0002901889965869
0.1909172758372344,0.0093744033947587,-0.0003850038920064
0.1910172848397551,0.0092884656041861,-0.0000018310579435
0.1911172938422759,0.0095301792025566,0.0000414563401137
0.1912173028447966,0.0092139625921845,0.0000794221632532
0.1913173118473173,0.0099175460636616,0.0000406836188631
0.1914173208498380,0.0098209623247385,-0.0000735836511012
0.1915173298523587,0.0105805499479175,-0.0002344145032112
0.1916173388548794,0.0095349345356226,-0.0000871753363754
0.1917173478574001,0.0107518900185823,-0.0003596534079406
0.1918173568599208,0.0104497103020549,-0.0003575732116587
0.1919173658624415,0.0103889703750610,-0.0001878946932266
0.1920173748649622,0.0102621400728822,0.0000412849403801
0.1921173838674829,0.0109688304364681,-0.0000577247483307
0.1922173928700036,0.0109270298853517,-0.0001505494001321
0.1923174018725243,0.0116894096136093,0.0002335079043405
0.1924174108750450,0.0117290597409010,0.0002853352925740
0.1925174198775657,0.0121431602165103,0.0001917262998177
0.1926174288800865,0.0111532099545002,0.0001880474010250
0.1927174378826071,0.0118384696543217,0.0003099887107965
0.1928174468851279,0.0111925099045038,0.0001134405974881
0.1929174558876486,0.0113079100847244,0.0002666800864972
0.1930174648901693,0.0110622495412827,0.0000820395871415
0.1931174738926900,0.0123700797557831,-0.0000662500096951
0.1932174828952107,0.0124303698539734,-0.0004124391125515
0.1933174918977314,0.0122188702225685,-0.0003641821094789
0.1934175009002521,0.0122151300311089,-0.0002360757061979
0.1935175099027728,0.0114919897168875,-0.0003280747914687
0.1936175189052935,0.0120393298566341,-0.0004484734090511
0.1937175279078142,0.0120581798255444,-0.0002783774107229
0.1938175369103349,0.0127839604392648,-0.0005856034113094
0.1939175459128556,0.0122707104310393,-0.0003270884917583
0.1940175549153763,0.0128065496683121,-0.0002791559090838
0.1941175639178970,0.0130600500851870,-0.0001919812930282
0.1942175729204177,0.0138427298516035,-0.0000819809065433
0.1943175819229384,0.0127515699714422,0.0003342987911310
0.1944175909254592,0.0137002002447844,0.0003177952021360
0.1945175999279798,0.0133837498724461,0.0001976242056116
0.1946176089305006,0.0145678101107478,0.0000999675830826
0.1947176179330213,0.0134634599089622,0.0002089373010676
0.1948176269355420,0.0130484504625201,0.0000559943691769
0.1949176359380627,0.0136182196438313,-0.0003285656857770
0.1950176449405834,0.0140641499310732,-0.0001661457063165
0.1951176539431041,0.0141772301867604,-0.0002141497971024
0.1952176629456248,0.0148443998768926,-0.0002643387124408
0.1953176719481455,0.0147700197994709,-0.0002066333981929
0.1954176809506662,0.0136644700542092,-0.0001774101983756
0.1955176899531869,0.0146773103624582,-0.0001546452986076
0.1956176989557076,0.0142304599285126,-0.0001241340942215
0.1957177079582283,0.0147222001105547,-0.0000634996176814
0.1958177169607490,0.0149573003873229,-0.0000753692220314
0.1959177259632697,0.0153970699757338,-0.0000904744374566
0.1960177349657904,0.0157491695135832,-0.0003213720920030
0.1961177439683111,0.0164264999330044,-0.0002871818142012
0.1962177529708319,0.0153340101242065,0.0000129919999381
0.1963177619733526,0.0163594707846642,0.0000232639395108
0.1964177709758733,0.0160252600908279,-0.0001627151068533
0.1965177799783940,0.0164940506219864,-0.0002594628895167
0.1966177889809147,0.0164451804012060,-0.0004707071057055
0.1967177979834354,0.0159147698432207,-0.0005796930054203
0.1968178069859561,0.0170566402375698,-0.0006957281730138
0.1969178159884768,0.0161790307611227,-0.0005999067798257
0.1970178249909975,0.0170113891363144,-0.0005782187217847
0.1971178339935182,0.0171785503625870,-0.0005571225774474
0.1972178429960389,0.0162614602595568,-0.0002411840978311
0.1973178519985596,0.0159384701400995,-0.0002496124070603
0.1974178610010803,0.0173412691801786,-0.0000148031003846
0.1975178700036010,0.0164271295070648,0.0000623445521342
0.1976178790061217,0.0181582309305668,-0.0000049597169891
0.1977178880086425,0.0168200507760048,0.0000222964208660
0.1978178970111631,0.0173179600387812,-0.0000173888693098
0.1979179060136838,0.0164897590875626,0.0001466104004066
0.1980179150162046,0.0173725690692663,0.0002209201047663
0.1981179240187253,0.0176835898309946,0.0001131902026827
0.1982179330212460,0.0187530908733606,0.0001116971034207
0.1983179420237667,0.0164592303335667,0.0001446191017749
0.1984179510262874,0.0171978399157524,0.0000526395015186
0.1985179600288081,0.0170417800545692,-0.0000648977293167
0.1986179690313288,0.0172946304082870,-0.0001153471021098
0.1987179780338495,0.0179170407354832,0.0000937132135732
0.1988179870363702,0.0169606804847717,0.0002473297063261
0.1989179960388909,0.0182099398225546,0.0001876994065242
0.1990180050414116,0.0170857198536396,0.0001499241043348
0.1991180140439323,0.0180374402552843,0.0002129260974471
0.1992180230464530,0.0181932002305984,0.0001762819010764
0.1993180320489737,0.0186011306941509,0.0000641573496978
0.1994180410514944,0.0180238801985979,0.0002395155024715
0.1995180500540152,0.0185075104236603,0.0003873691894114
0.1996180590565358,0.0174146294593811,0.0002432854962535
0.1997180680590566,0.0191690009087324,0.0000998445975711
0.1998180770615773,0.0179950594902039,0.0000936240394367
0.1999180860640980,0.0183016005903482,0.0002257852029288
0.2000180950666187,0.0174683891236782,0.0000893771066330
0.2001181040691394,0.0179767403751612,-0.0001879123010440
0.2002181130716601,0.0177711807191372,-0.0001632935018279
0.2003181220741808,0.0170736294239759,0.0000159583396453
0.2004181310767015,0.0181836299598217,0.0002163890021620
0.2005181400792222,0.0179494693875313,0.0001134483973146
0.2006181490817429,0.0189500898122787,-0.0001633670035517
0.2007181580842636,0.0183074194937944,-0.0000790791673353
0.2008181670867843,0.0187866203486919,-0.0001721583976177
0.2009181760893050,0.0176126901060343,0.0001239161065314
0.2010181850918257,0.0183972101658583,0.0003669415018521
0.2011181940943464,0.0178538896143436,0.0001479678030591
0.2012182030968671,0.0173708908259869,0.0005837723729201
0.2013182120993879,0.0174820199608803,0.0004642205894925
0.2014182211019085,0.0174894705414772,0.0005838192882948
0.2015182301044293,0.0173428598791361,0.0001938825007528
0.2016182391069500,0.0164783708751202,0.0002664003986865
0.2017182481094707,0.0169090200215578,-0.0000711816173862
0.2018182571119914,0.0170313697308302,-0.0002296088932781
0.2019182661145121,0.0172965601086617,-0.0002727996907197
0.2020182751170328,0.0167941898107529,-0.0001365873031318
0.2021182841195535,0.0180172398686409,-0.0001344888005406
0.2022182931220742,0.0171787198632956,0.0000707537765265
0.2023183021245949,0.0176942795515060,0.0001753144024406
0.2024183111271156,0.0171124693006277,0.0002124424063368
0.2025183201296363,0.0173073504120111,0.0005389801808633
0.2026183291321570,0.0163306090980768,0.0004823041963391
0.2027183381346777,0.0177507903426886,0.0002427047002129
0.2028183471371984,0.0175258405506611,0.0001507246051915
0.2029183561397191,0.0182233396917582,-0.0000782166971476
0.2030183651422398,0.0174655206501484,-0.0001929177960847
0.2031183741447606,0.0171433892101049,-0.0003465207119007
0.2032183831472812,0.0172648504376411,-0.0004164793062955
0.2033183921498020,0.0166669003665447,-0.0001814907009248
0.2034184011523227,0.0165924392640591,-0.0002139413991245
0.2035184101548434,0.0160308498889208,-0.0003292241890449
0.2036184191573641,0.0165191590785980,-0.0003458037099335
0.2037184281598848,0.0161171294748783,-0.0001502506056568
0.2038184371624055,0.0168832093477249,-0.0003309214953333
0.2039184461649262,0.0150692900642753,-0.0000219354005822
0.2040184551674469,0.0162863600999117,0.0000126367403936
0.2041184641699676,0.0157022606581450,0.0002507845929358
0.2042184731724883,0.0157625097781420,0.0003338163078297
0.2043184821750090,0.0154902199283242,0.0003419427084737
0.2044184911775297,0.0160518698394299,0.0006346312002279
0.2045185001800504,0.0146778700873256,0.0006464337930083
0.2046185091825712,0.0154456701129675,0.0006243595271371
0.2047185181850918,0.0147134000435472,0.0004322181921452
0.2048185271876126,0.0154430698603392,0.0002850490855053
0.2049185361901333,0.0153348501771688,0.0000164260600286
0.2050185451926540,0.0148076601326466,0.0000822259826236
0.2051185541951747,0.0155493998900056,-0.0003539230092429
0.2052185631976954,0.0144537901505828,0.0000532390004082
0.2053185722002161,0.0144855696707964,-0.0000309391289193
0.2054185812027368,0.0143797304481268,0.0001345508935628
0.2055185902052575,0.0159939397126436,0.0000416559596488
0.2056185992077782,0.0151433302089572,0.0001549603039166
0.2057186082102989,0.0148615296930075,0.0002179174043704
0.2058186172128196,0.0139279402792454,0.0002552561054472
0.2059186262153403,0.0152591597288847,-0.0000318023812724
0.2060186352178610,0.0147059299051762,0.0002182384050684
0.2061186442203817,0.0145030897110701,0.0000059995400079
0.2062186532229024,0.0150622203946114,-0.0001964570983546
0.2063186622254231,0.0158003792166710,-0.0002678610908333
0.2064186712279439,0.0148103395476937,-0.0003578990872484
0.2065186802304645,0.0152266500517726,-0.0002350706054131
0.2066186892329853,0.0149578899145126,-0.0001776417047950
0.2067186982355060,0.0154642099514604,-0.0006359256221913
0.2068187072380267,0.0151555798947811,-0.0004669266054407
0.2069187162405474,0.0126574998721480,-0.0001621308038011
0.2070187252430681,0.0117573402822018,-0.0003476561105344
0.2071187342455888,0.0111647797748446,-0.0004787982034031
0.2072187432481095,0.0121099604293704,-0.0006923230248503
0.2073187522506302,0.0110821202397346,-0.0005464950809255
0.2074187612531509,0.0102563602849841,-0.0005634945118800
0.2075187702556716,0.0099695045500994,-0.0006222681840882
0.2076187792581923,0.0109908301383257,-0.0008807367994450
0.2077187882607130,0.0102141899988055,-0.0007062777876854
0.2078187972632337,0.0099515980109572,-0.0007564487168565
0.2079188062657544,0.0106184799224138,-0.0008801083895378
0.2080188152682751,0.0138589702546597,-0.0011084399884567
0.2081188242707958,0.0139856999740005,-0.0013902579667047
0.2082188332733166,0.0170002393424511,-0.0023596480023116
0.2083188422758372,0.0126659199595451,-0.0019255490042269
0.2084188512783580,0.0150156598538160,-0.0039658118039370
0.2085188602808787,0.0032356590963900,-0.0008404282270931
0.2086188692833994,-0.0030966389458627,-0.0011630880180746
0.2087188782859201,-0.0139971002936363,-0.0037878060247749
0.2088188872884408,0.0849969983100891,0.0849678963422775
0.2089188962909615,0.0849969536066055,0.0849968716502190
0.2090189052934822,0.0849970281124115,0.0849967226386070
0.2091189142960029,0.0849971622228622,0.0849956572055817
0.2092189232985236,0.0849970728158951,0.0849952921271324
0.2093189323010443,0.0849970504641533,0.0849947333335876
0.2094189413035650,0.0849983319640160,0.0849943310022354
0.2095189503060857,0.0849989801645279,0.0849943310022354
0.2096189593086064,0.0849982276558876,0.0849943310022354
0.2097189683111272,0.0849979668855667,0.0849943310022354
0.2098189773136478,0.0849979370832443,0.0849947184324265
0.2099189863161685,0.0849976018071175,0.0849954783916473
0.2100189953186893,0.0849973931908607,0.0849960297346115
0.2101190043212099,0.0849973931908607,0.0849962830543518
0.2102190133237307,0.0849973112344742,0.0849965587258339
0.2103190223262514,0.0849971994757652,0.0849966928362846
0.2104190313287721,0.0849972665309906,0.0849967673420906
0.2105190403312928,0.0849971920251846,0.0849968120455742
0.2106190493338135,0.0849971696734428,0.0849968791007996
0.2107190583363342,0.0849971771240234,0.0849969536066055
0.2108190673388549,0.0849971994757652,0.0849969908595085
0.2109190763413756,0.0849971994757652,0.0849969834089279
0.2110190853438963,0.0849972069263458,0.0849969685077667
0.2111190943464170,0.0849972069263458,0.0849969908595085
0.2112191033489377,0.0849972069263458,0.0849969834089279
0.2113191123514584,0.0849972069263458,0.0849969908595085
0.2114191213539791,0.0849972218275070,0.0849969983100891
0.2115191303564999,0.0849972069263458,0.0849969983100891
0.2116191393590205,0.0849972218275070,0.0849969834089279
0.2117191483615413,0.0849972218275070,0.0849969834089279
0.2118191573640620,0.0849972367286682,0.0849969834089279
0.2119191663665827,0.0849972292780876,0.0849969685077667
0.2120191753691034,0.0849972367286682,0.0849969610571861
0.2121191843716241,0.0849972367286682,0.0849969536066055
0.2122191933741448,0.0849972367286682,0.0849969312548637
0.2123192023766655,0.0849972367286682,0.0849969387054443
0.2124192113791862,0.0849972367286682,0.0849969163537025
0.2125192203817069,0.0849972367286682,0.0849969089031219
0.2126192293842276,0.0849972516298294,0.0849969014525414
0.2127192383867483,0.0849972516298294,0.0849969014525414
0.2128192473892691,0.0849972516298294,0.0849968791007996
0.2129192563917897,0.0849972665309906,0.0849969163537025
0.2130192653943104,0.0849972665309906,0.0849968865513802
0.2131192743968311,0.0849972590804100,0.0849968791007996
0.2132192833993518,0.0849972665309906,0.0849968567490578
0.2133192924018726,0.0849972888827324,0.0849968418478966
0.2134193014043932,0.0849972367286682,0.0849968418478966
0.2135193104069140,0.0849972888827324,0.0849968865513802
0.2136193194094347,0.0849972590804100,0.0849968791007996
0.2137193284119554,0.0849972665309906,0.0849968418478966
0.2138193374144761,0.0849972665309906,0.0849968791007996
0.2139193464169968,0.0849972814321518,0.0849968791007996
0.2140193554195175,0.0849972963333130,0.0849968567490578
0.2141193644220382,0.0849972888827324,0.0849968865513802
0.2142193734245589,0.0849972888827324,0.0849968791007996
0.2143193824270796,0.0849972963333130,0.0849968865513802
0.2144193914296003,0.0849972963333130,0.0849968716502190
0.2145194004321210,0.0849972888827324,0.0849968492984772
0.2146194094346418,0.0849972665309906,0.0849969014525414
0.2147194184371624,0.0849972963333130,0.0849968865513802
0.2148194274396832,0.0849973186850548,0.0849968567490578
0.2149194364422038,0.0849972963333130,0.0849968492984772
0.2150194454447245,0.0849973186850548,0.0849968716502190
0.2151194544472453,0.0849972963333130,0.0849968865513802
0.2152194634497659,0.0849972888827324,0.0849969610571861
0.2153194724522867,0.0849972888827324,0.0849969014525414
0.2154194814548074,0.0849972888827324,0.0849969312548637
0.2155194904573281,0.0849972814321518,0.0849969908595085
0.2156194994598488,0.0849972665309906,0.0849969163537025
0.2157195084623695,0.0849972665309906,0.0849969387054443
0.2158195174648902,0.0849972665309906,0.0849969685077667
0.2159195264674109,0.0849972665309906,0.0849969908595085
0.2160195354699316,0.0849972590804100,0.0849969983100891
0.2161195444724523,0.0849972665309906,0.0849969610571861
0.2162195534749730,0.0849972665309906,0.0849970132112503
0.2163195624774937,0.0849972590804100,0.0849969983100891
0.2164195714800144,0.0849972516298294,0.0849970206618309
0.2165195804825351,0.0849972516298294,0.0849970132112503
0.2166195894850559,0.0849972367286682,0.0849969983100891
0.2167195984875765,0.0849972665309906,0.0849970132112503
0.2168196074900973,0.0849972367286682,0.0849970281124115
0.2169196164926180,0.0849972367286682,0.0849970132112503
0.2170196254951386,0.0849972367286682,0.0849970132112503
0.2171196344976594,0.0849972367286682,0.0849970206618309
0.2172196435001801,0.0849972367286682,0.0849970504641533
0.2173196525027008,0.0849972367286682,0.0849970430135727
0.2174196615052215,0.0849972367286682,0.0849970430135727
0.2175196705077422,0.0849972516298294,0.0849970430135727
0.2176196795102629,0.0849972367286682,0.0849970504641533
0.2177196885127836,0.0849972367286682,0.0849970504641533
0.2178196975153043,0.0849972218275070,0.0849970504641533
0.2179197065178250,0.0849972367286682,0.0849970504641533
0.2180197155203457,0.0849972292780876,0.0849970728158951
0.2181197245228664,0.0849972292780876,0.0849970504641533
0.2182197335253871,0.0849972218275070,0.0849970579147339
0.2183197425279078,0.0849972292780876,0.0849970579147339
0.2184197515304286,0.0849972218275070,0.0849970579147339
0.2185197605329492,0.0849972218275070,0.0849970728158951
0.2186197695354700,0.0849972218275070,0.0849970728158951
0.2187197785379907,0.0849972069263458,0.0849970728158951
0.2188197875405114,0.0849972069263458,0.0849970728158951
0.2189197965430321,0.0849972292780876,0.0849970728158951
0.2190198055455528,0.0849972367286682,0.0849970728158951
0.2191198145480735,0.0849972218275070,0.0849970728158951
0.2192198235505942,0.0849972218275070,0.0849970728158951
0.2193198325531149,0.0849972069263458,0.0849970728158951
0.2194198415556356,0.0849972218275070,0.0849970728158951
0.2195198505581563,0.0849972069263458,0.0849970728158951
0.2196198595606770,0.0849972292780876,0.0849970802664757
0.2197198685631977,0.0849972069263458,0.0849970728158951
0.2198198775657184,0.0849972292780876,0.0849970802664757
0.2199198865682392,0.0849972218275070,0.0849970802664757
0.2200198955707598,0.0849972218275070,0.0849970728158951
0.2201199045732805,0.0849972292780876,0.0849970802664757
0.2202199135758013,0.0849972218275070,0.0849970802664757
0.2203199225783219,0.0849972069263458,0.0849970728158951
0.2204199315808427,0.0849972069263458,0.0849970802664757
0.2205199405833634,0.0849972069263458,0.0849970728158951
0.2206199495858841,0.0849972069263458,0.0849970728158951
0.2207199585884048,0.0849972218275070,0.0849970802664757
0.2208199675909255,0.0849972069263458,0.0849970802664757
0.2209199765934462,0.0849972069263458,0.0849970877170563
0.2210199855959669,0.0849972218275070,0.0849970802664757
0.2211199945984876,0.0849972069263458,0.0849970802664757
0.2212200036010083,0.0849972069263458,0.0849970877170563
0.2213200126035290,0.0849972069263458,0.0849970877170563
0.2214200216060497,0.0849972069263458,0.0849970877170563
0.2215200306085705,0.0849972069263458,0.0849970877170563
0.2216200396110911,0.0849972218275070,0.0849970877170563
0.2217200486136119,0.0849972069263458,0.0849971026182175
0.2218200576161325,0.0849972069263458,0.0849971026182175
0.2219200666186533,0.0849972069263458,0.0849971026182175
0.2220200756211740,0.0849972069263458,0.0849971026182175
0.2221200846236946,0.0849971994757652,0.0849971026182175
0.2222200936262154,0.0849971920251846,0.0849971100687981
0.2223201026287361,0.0849971920251846,0.0849971175193787
0.2224201116312568,0.0849971994757652,0.0849971175193787
0.2225201206337775,0.0849972069263458,0.0849970802664757
0.2226201296362982,0.0849972367286682,0.0849970430135727
0.2227201386388189,0.0849972516298294,0.0849971100687981
0.2228201476413396,0.0849973186850548,0.0849972218275070
0.2229201566438603,0.0849974974989891,0.0849975869059563
0.2230201656463810,0.0849976316094398,0.0849978476762772
0.2231201746489017,0.0849977731704712,0.0849981084465981
0.2232201836514224,0.0849978774785995,0.0849984064698219
0.2233201926539432,0.0849979966878891,0.0849986672401428
0.2234202016564638,0.0849980562925339,0.0849990397691727
0.2235202106589846,0.0849980711936951,0.0849992707371712
0.2236202196615052,0.0849982127547264,0.0849995315074921
0.2237202286640260,0.0849981978535652,0.0849995985627174
0.2238202376665467,0.0849985629320145,0.0849997624754906
0.2239202466690674,0.0849986225366592,0.0849999263882637
0.2240202556715881,0.0849989429116249,0.0850000008940697
0.2241202646741088,0.0849989727139473,0.0849999785423279
0.2242202736766295,0.0849989876151085,0.0850000008940697
0.2243202826791502,0.0849988535046577,0.0850000008940697
0.2244202916816709,0.0849988609552383,0.0850000008940697
0.2245203006841916,0.0849988088011742,0.0850000008940697
0.2246203096867123,0.0849988535046577,0.0849993973970413
0.2247203186892330,0.0849981009960175,0.0849977135658264
0.2248203276917537,0.0849976167082787,0.0849754735827446
0.2249203366942744,-0.0268456991761923,0.0365306101739407
0.2250203456967952,-0.0128264902159572,0.0256005395203829
0.2251203546993158,-0.0039436649531126,0.0189569406211376
0.2252203637018365,0.0027934310492128,0.0137326903641224
0.2253203727043573,0.0078724659979343,0.0102155599743128
0.2254203817068779,0.0110165802761912,0.0083357654511929
0.2255203907093987,0.0129598202183843,0.0067009851336479
0.2256203997119194,0.0134877599775791,0.0061394800432026
0.2257204087144401,0.0135963298380375,0.0050066178664565
0.2258204177169608,0.0138234002515674,0.0041932598687708
0.2259204267194815,0.0142744202166796,0.0036568481009454
0.2260204357220022,0.0144232502207160,0.0029800429474562
0.2261204447245229,0.0151517400518060,0.0024565020576119
0.2262204537270436,0.0157670509070158,0.0019352800445631
0.2263204627295643,0.0163718592375517,0.0016914339503273
0.2264204717320850,0.0187982209026814,0.0010466929525137
0.2265204807346057,0.0192030891776085,0.0007198674720712
0.2266204897371264,0.0211513601243496,0.0001231034984812
0.2267204987396471,0.0214084107428789,-0.0002738877083175
0.2268205077421679,0.0235215406864882,-0.0009342600242235
0.2269205167446885,0.0245067793875933,-0.0012115469435230
0.2270205257472093,0.0253180190920830,-0.0017287570517510
0.2271205347497300,0.0277982503175735,-0.0020802950020880
0.2272205437522506,0.0272119101136923,-0.0014279090100899
0.2273205527547714,0.0301991906017065,-0.0014832599554211
0.2274205617572921,0.0292307902127504,-0.0011656869901344
0.2275205707598128,0.0317046307027340,-0.0010754220420495
0.2276205797623335,0.0332707799971104,-0.0010067940456793
0.2277205887648542,0.0338346995413303,-0.0008603133028373
0.2278205977673749,0.0370921082794666,-0.0011372449807823
0.2279206067698956,0.0361423715949059,-0.0006678932113573
0.2280206157724163,0.0382735282182693,-0.0006327052251436
0.2281206247749370,0.0368868485093117,-0.0003119556931779
0.2282206337774577,0.0376597605645657,-0.0002086242020596
0.2283206427799784,0.0362408906221390,0.0001015230009216
0.2284206517824991,0.0343957990407944,0.0005169152864255
0.2285206607850198,0.0185954608023167,0.0027519878931344
0.2286206697875406,0.0144911501556635,0.0035023649688810
0.2287206787900612,0.0158278997987509,0.0034889290109277
0.2288206877925820,0.0146193001419306,0.0030395409557968
0.2289206967951027,0.0162504091858864,0.0026363919023424
0.2290207057976234,0.0156775508075953,0.0023588219191879
0.2291207148001441,0.0172235202044249,0.0018349740421399
0.2292207238026648,0.0164955295622349,0.0013442790368572
0.2293207328051855,0.0178225897252560,0.0010795539710671
0.2294207418077062,0.0171960797160864,0.0006930622039363
0.2295207508102269,0.0187964495271444,0.0001411793928128
0.2296207598127476,0.0176524706184864,0.0001644973963266
0.2297207688152683,0.0188861507922411,-0.0002375098993070
0.2298207778177890,0.0178368706256151,-0.0003852570080198
0.2299207868203097,0.0180844403803349,-0.0003928705991711
0.2300207958228304,0.0168736390769482,-0.0005432429024950
0.2301208048253511,0.0185981001704931,-0.0010854779975489
0.2302208138278718,0.0170343592762947,-0.0010554910404608
0.2303208228303925,0.0180085599422455,-0.0010183700360358
0.2304208318329133,0.0173736400902271,-0.0009694406180643
0.2305208408354339,0.0189629495143890,-0.0012560690520331
0.2306208498379547,0.0180127397179604,-0.0007486817194149
0.2307208588404754,0.0192737393081188,-0.0004568911972456
0.2308208678429961,0.0181007105857134,-0.0003882836899720
0.2309208768455168,0.0190582405775785,-0.0003787323948927
0.2310208858480375,0.0169252604246140,0.0001687853946351
0.2311208948505582,0.0138216800987720,0.0003725939022843
0.2312209038530789,0.0144926495850086,0.0002624262124300
0.2313209128555996,0.0043568927794695,0.0013131420128047
0.2314209218581203,0.0014547200407833,0.0017838310450315
0.2315209308606410,-0.0001421624037903,0.0017427110578865
0.2316209398631617,0.0008738003089093,0.0012853719526902
0.2317209488656824,0.0016836270224303,0.0008367953123525
0.2318209578682031,0.0010237549431622,0.0006854637758806
0.2319209668707238,0.0000187826499314,0.0007490749121644
0.2320209758732446,-0.0003949819074478,0.0005406392738223
0.2321209848757653,-0.0001455202000216,0.0002803583920468
0.2322209938782860,0.0006769946776330,0.0001696208928479
0.2323210028808066,0.0011849149595946,0.0001333340042038
0.2324210118833274,0.0010954899480566,0.0001054003005265
0.2325210208858481,0.0015738629736006,-0.0000167318394233
0.2326210298883688,0.0020813080482185,-0.0002854838967323
0.2327210388908895,0.0024959968868643,-0.0003133807913400
0.2328210478934102,0.0037813629023731,-0.0005322411889210
0.2329210568959309,0.0040028821676970,-0.0005954970838502
0.2330210658984516,0.0037686689756811,-0.0006611570133828
0.2331210749009723,0.0023654480464756,-0.0006444791215472
0.2332210839034930,0.0013910520356148,-0.0006673259194940
0.2333210929060137,0.0000805327726994,-0.0004711933142971
0.2334211019085344,-0.0000063831062107,-0.0006324839778244
0.2335211109110551,0.0004087148117833,-0.0005429534940049
0.2336211199135758,0.0004992713220417,-0.0005587557097897
0.2337211289160966,0.0003310960019007,-0.0002545326133259
0.2338211379186173,0.0012814759975299,-0.0005074391956441
0.2339211469211380,0.0014748539542779,-0.0000179615508387
0.2340211559236587,0.0002922356070485,-0.0001617097004782
0.2341211649261794,0.0003154443984386,0.0001783282932593
0.2342211739287001,0.0013024610234424,-0.0001839760952862
0.2343211829312208,0.0012157369637862,-0.0000502599104948
0.2344211919337415,0.0015882420120761,-0.0003322174889036
0.2345212009362622,0.0013358650030568,-0.0000341420891345
0.2346212099387829,0.0023526849690825,-0.0003942098992411
0.2347212189413036,0.0033302740193903,-0.0003602191864047
0.2348212279438243,0.0038271709345281,-0.0003373044892214
0.2349212369463450,0.0036931780632585,-0.0004971951711923
0.2350212459488657,0.0040145269595087,-0.0007398811867461
0.2351212549513864,0.0032968369778246,-0.0005874151829630
0.2352212639539071,0.0041476441547275,-0.0007809996022843
0.2353212729564278,0.0039028709288687,-0.0004467862891033
0.2354212819589485,0.0046525360085070,-0.0006862261798233
0.2355212909614693,0.0048331678844988,-0.0005579870194197
0.2356212999639899,0.0052557690069079,-0.0004282772133593
0.2357213089665107,0.0051296940073371,0.0000358487995982
0.2358213179690314,0.0052890242077410,-0.0000294545206998
0.2359213269715521,0.0058415890671313,-0.0001162767002825
0.2360213359740728,0.0059019532054663,-0.0000725548379705
0.2361213449765935,0.0061763399280608,-0.0000956875664997
0.2362213539791142,0.0066455951891840,-0.0003300042881165
0.2363213629816349,0.0065894629806280,-0.0002719619078562
0.2364213719841556,0.0080652162432671,-0.0005021531251259
0.2365213809866763,0.0082730427384377,-0.0004742394085042
0.2366213899891970,0.0085782995447516,-0.0004514667089097
0.2367213989917177,0.0082495240494609,-0.0000834241291159
0.2368214079942384,0.0090783983469009,-0.0004211576015223
0.2369214169967591,0.0095830131322145,-0.0005971806240268
0.2370214259992798,0.0102164400741458,-0.0006818939000368
0.2371214350018005,0.0092783542349935,-0.0003277942014392
0.2372214440043213,0.0099057881161571,-0.0001301052980125
0.2373214530068420,0.0094266477972269,-0.0000567703791603
0.2374214620093626,0.0101733403280377,-0.0002927912864834
0.2375214710118834,0.0105220703408122,0.0000237529602600
0.2376214800144041,0.0109343295916915,0.0002849251904991
0.2377214890169248,0.0105443298816681,0.0001169936003862
0.2378214980194455,0.0113787204027176,-0.0001404742943123
0.2379215070219662,0.0102337002754211,0.0000993027788354
0.2380215160244869,0.0102154901251197,0.0001170743998955
0.2381215250270076,0.0097856512293220,0.0001833091955632
0.2382215340295283,0.0103710703551769,0.0001236187963514
0.2383215430320490,0.0114366598427296,-0.0004154582857154
0.2384215520345697,0.0111118303611875,-0.0002600247098599
0.2385215610370904,0.0106474896892905,-0.0003644851967692
0.2386215700396111,0.0107798799872398,-0.0003850579087157
0.2387215790421318,0.0118378102779388,-0.0004074186144862
0.2388215880446525,0.0116019602864981,-0.0002182449970860
0.2389215970471732,0.0115534700453281,-0.0001092407983379
0.2390216060496940,0.0111740296706557,-0.0000467963000119
0.2391216150522147,0.0128997899591923,-0.0003746477013920
0.2392216240547354,0.0118521302938461,-0.0000597079015279
0.2393216330572561,0.0126734497025609,-0.0001153655030066
0.2394216420597768,0.0124872298911214,-0.0003638387133833
0.2395216510622975,0.0129851102828979,0.0000320279286825
0.2396216600648182,0.0136223398149014,-0.0000592112301092
0.2397216690673389,0.0130033800378442,-0.0001287109043915
0.2398216780698596,0.0131965903565288,-0.0001746517955326
0.2399216870723803,0.0141167696565390,-0.0005118739791214
0.2400216960749010,0.0137534597888589,-0.0005849318113178
0.2401217050774217,0.0145873297005892,-0.0004828234086744
0.2402217140799424,0.0148291597142816,-0.0006743114208803
0.2403217230824631,0.0151340495795012,-0.0005225320928730
0.2404217320849838,0.0147580802440643,-0.0004045515088364
0.2405217410875045,0.0148348798975348,-0.0000834055026644
0.2406217500900252,0.0145451501011848,0.0001984192931559
0.2407217590925460,0.0149247702211142,0.0000313596683554
0.2408217680950667,0.0159921292215586,0.0000908189613256
0.2409217770975874,0.0163007508963346,0.0001247681939276
0.2410217861001081,0.0162508394569159,0.0001196256998810
0.2411217951026288,0.0152348103001714,0.0003885698970407
0.2412218041051495,0.0156734697520733,0.0003805574961007
0.2413218131076702,0.0172087308019400,0.0000511608195666
0.2414218221101909,0.0164162497967482,0.0001443408982595
0.2415218311127116,0.0163500998169184,0.0001135136990342
0.2416218401152323,0.0174522008746862,-0.0002814285981003
0.2417218491177530,0.0172901507467031,-0.0001791193062672
0.2418218581202737,0.0172102693468332,-0.0001526802952867
0.2419218671227944,0.0162628591060638,0.0000471801104140
0.2420218761253151,0.0170023795217276,-0.0000144750501931
0.2421218851278358,0.0170555803924799,-0.0001571884931764
0.2422218941303565,0.0183238498866558,-0.0000973907808657
0.2423219031328772,0.0177592299878597,0.0000407397310482
0.2424219121353979,0.0186387207359076,0.0000303569704556
0.2425219211379187,0.0179907996207476,-0.0000269413103524
0.2426219301404394,0.0192640498280525,0.0000266794904746
0.2427219391429601,0.0188094004988670,0.0001596432994120
0.2428219481454808,0.0195528697222471,-0.0000358539909939
0.2429219571480015,0.0188694894313812,-0.0000701023964211
0.2430219661505222,0.0192491505295038,0.0000421126387664
0.2431219751530429,0.0187282301485538,-0.0000362596510968
0.2432219841555636,0.0182822905480862,-0.0000418078197981
0.2433219931580843,0.0184048190712929,-0.0000596941899857
0.2434220021606050,0.0201630406081676,-0.0003830177010968
0.2435220111631257,0.0193539597094059,-0.0003109656972811
0.2436220201656464,0.0205141901969910,-0.0005756334867328
0.2437220291681671,0.0185838900506496,-0.0001298276038142
0.2438220381706878,0.0194410309195518,0.0000784954318078
0.2439220471732085,0.0199483297765255,-0.0001120640008594
0.2440220561757292,0.0189157593995333,0.0002112709044013
0.2441220651782499,0.0192374307662249,0.0001481536019128
0.2442220741807707,0.0178289208561182,0.0003754897916224
0.2443220831832914,0.0180119592696428,0.0004706624022219
0.2444220921858121,0.0176238100975752,0.0002454053901602
0.2445221011883328,0.0186314191669226,0.0001845468941610
0.2446221101908535,0.0184780303388834,0.0001708196941763
0.2447221191933742,0.0194442905485630,0.0001817425072659
0.2448221281958949,0.0189822092652321,0.0000493135084980
0.2449221371984156,0.0193114299327135,0.0000201517304959
0.2450221462009363,0.0191130600869656,-0.0000643414969090
0.2451221552034570,0.0203948393464088,-0.0002507762983441
0.2452221642059777,0.0191189199686050,-0.0001512221060693
0.2453221732084984,0.0191858392208815,-0.0000735116918804
0.2454221822110191,0.0186643507331610,0.0001437835016986
0.2455221912135398,0.0198225304484367,0.0000270797208941
0.2456222002160605,0.0185941793024540,0.0001540277007734
0.2457222092185812,0.0193481594324112,-0.0001328012003796
0.2458222182211019,0.0183566100895405,0.0002063736028504
0.2459222272236227,0.0184040591120720,0.0003339544055052
0.2460222362261434,0.0189147796481848,0.0001866731035989
0.2461222452286641,0.0174386091530323,0.0002146186016034
0.2462222542311848,0.0188644304871559,0.0002028877061093
0.2463222632337055,0.0183459594845772,0.0001217872995767
0.2464222722362262,0.0193818099796772,-0.0001092254024115
0.2465222812387469,0.0176475699990988,0.0003980135079473
0.2466222902412676,0.0185426697134972,-0.0000435787114839
0.2467222992437883,0.0176189690828323,0.0001305480982410
0.2468223082463090,0.0189909804612398,-0.0000027412429517
0.2469223172488297,0.0182645097374916,-0.0000958298987825
0.2470223262513504,0.0183396898210049,-0.0001222965947818
0.2471223352538711,0.0185607802122831,-0.0003524959902279
0.2472223442563918,0.0186109002679586,-0.0003292011097074
0.2473223532589125,0.0173510592430830,-0.0000247272091656
0.2474223622614332,0.0187274608761072,0.0000721489705029
0.2475223712639539,0.0182986706495285,0.0002099931007251
0.2476223802664746,0.0188755597919226,0.0003698935906868
0.2477223892689954,0.0178516991436481,0.0003292507899459
0.2478223982715161,0.0165657605975866,0.0004401472106110
0.2479224072740368,0.0181382596492767,0.0002387980057392
0.2480224162765575,0.0181873291730881,0.0002147630002582
0.2481224252790782,0.0179175306111574,0.0001862771023298
0.2482224342815989,0.0171121396124363,0.0001081018999685
0.2483224432841196,0.0171172991394997,0.0002091555943480
0.2484224522866403,0.0161067992448807,0.0000239158398472
0.2485224612891610,0.0171473808586597,-0.0001487311965320
0.2486224702916817,0.0164477508515120,0.0000560703483643
0.2487224792942024,0.0167407896369696,0.0001677730033407
0.2488224882967231,0.0162077303975821,0.0000825900933705
0.2489224972992438,0.0167677905410528,0.0001460314961150
0.2490225063017645,0.0143862003460526,0.0007640719995834
0.2491225153042852,0.0149204097688198,0.0003711115859915
0.2492225243068059,0.0131977302953601,0.0004432148998603
0.2493225333093266,0.0130982100963593,0.0003040971932933
0.2494225423118474,0.0120445704087615,0.0002285037044203
0.2495225513143681,0.0117195500060916,0.0002265568036819
0.2496225603168888,0.0111653795465827,0.0001160344036180
0.2497225693194095,0.0115075903013349,-0.0003137991006952
0.2498225783219302,0.0112920403480530,-0.0006126972730272
0.2499225873244509,0.0115673402324319,-0.0008160630823113
0.2500225963269716,0.0105887297540903,-0.0010166319552809
0.2501226053294923,0.0104423398151994,-0.0013801469467580
0.2502226143320130,0.0109819602221251,-0.0013387480285019
0.2503226233345337,0.0139040201902390,-0.0017993920482695
0.2504226323370544,0.0149543900042772,-0.0023738211020827
0.2505226413395751,0.0178769398480654,-0.0032648369669914
0.2506226503420958,0.0138094201683998,-0.0024776309728622
0.2507226593446165,0.0115946503356099,-0.0026010260917246
0.2508226683471372,0.0072485287673771,-0.0025453809648752
0.2509226773496580,0.0016523810336366,-0.0049080848693848
0.2510226863521787,-0.0118167195469141,-0.0028550289571285
0.2511226953546993,0.0849969908595085,0.0849682018160820
0.2512227043572201,0.0849969610571861,0.0849968716502190
0.2513227133597408,0.0849969685077667,0.0849967375397682
0.2514227223622615,0.0849972069263458,0.0849956199526787
0.2515227313647821,0.0849971398711205,0.0849952623248100
0.2516227403673029,0.0849971473217010,0.0849945470690727
0.2517227493698236,0.0849985033273697,0.0849943310022354
0.2518227583723443,0.0849993526935577,0.0849943310022354
0.2519227673748650,0.0849987864494324,0.0849943310022354
0.2520227763773857,0.0849982723593712,0.0849943310022354
0.2521227853799064,0.0849979668855667,0.0849951878190041
0.2522227943824271,0.0849977135658264,0.0849958509206772
0.2523228033849478,0.0849974229931831,0.0849952995777130
0.2524228123874685,0.0849972516298294,0.0849962905049324
0.2525228213899892,0.0849972516298294,0.0849966779351234
0.2526228303925099,0.0849972367286682,0.0849968194961548
0.2527228393950307,0.0849971771240234,0.0849963203072548
0.2528228483975514,0.0849971473217010,0.0849967375397682
0.2529228574000720,0.0849971771240234,0.0849969685077667
0.2530228664025927,0.0849971771240234,0.0849970132112503
0.2531228754051135,0.0849971920251846,0.0849970206618309
0.2532228844076342,0.0849971994757652,0.0849970430135727
0.2533228934101549,0.0849971994757652,0.0849970504641533
0.2534229024126756,0.0849972069263458,0.0849970504641533
0.2535229114151963,0.0849972069263458,0.0849970579147339
0.2536229204177170,0.0849972069263458,0.0849970579147339
0.2537229294202377,0.0849972069263458,0.0849970430135727
0.2538229384227584,0.0849972218275070,0.0849970504641533
0.2539229474252791,0.0849972069263458,0.0849970430135727
0.2540229564277998,0.0849972069263458,0.0849970504641533
0.2541229654303205,0.0849972069263458,0.0849970281124115
0.2542229744328413,0.0849972069263458,0.0849970281124115
0.2543229834353620,0.0849972218275070,0.0849970281124115
0.2544229924378826,0.0849972218275070,0.0849969983100891
0.2545230014404034,0.0849972218275070,0.0849970132112503
0.2546230104429241,0.0849972292780876,0.0849969908595085
0.2547230194454447,0.0849972218275070,0.0849969983100891
0.2548230284479654,0.0849972367286682,0.0849969908595085
0.2549230374504862,0.0849972292780876,0.0849969610571861
0.2550230464530069,0.0849972367286682,0.0849969834089279
0.2551230554555276,0.0849972367286682,0.0849969610571861
0.2552230644580483,0.0849972367286682,0.0849969536066055
0.2553230734605690,0.0849972516298294,0.0849969610571861
0.2554230824630897,0.0849972516298294,0.0849969610571861
0.2555230914656104,0.0849972516298294,0.0849969536066055
0.2556231004681311,0.0849972516298294,0.0849969610571861
0.2557231094706518,0.0849972516298294,0.0849969536066055
0.2558231184731725,0.0849972665309906,0.0849969536066055
0.2559231274756932,0.0849972516298294,0.0849969312548637
0.2560231364782140,0.0849972516298294,0.0849969163537025
0.2561231454807347,0.0849972516298294,0.0849969536066055
0.2562231544832554,0.0849972590804100,0.0849969387054443
0.2563231634857761,0.0849972665309906,0.0849969163537025
0.2564231724882968,0.0849972665309906,0.0849969387054443
0.2565231814908175,0.0849972665309906,0.0849969163537025
0.2566231904933381,0.0849972665309906,0.0849969163537025
0.2567231994958589,0.0849972665309906,0.0849969536066055
0.2568232084983796,0.0849972665309906,0.0849969387054443
0.2569232175009003,0.0849972814321518,0.0849969387054443
0.2570232265034210,0.0849972665309906,0.0849969387054443
0.2571232355059417,0.0849972665309906,0.0849969163537025
0.2572232445084624,0.0849972888827324,0.0849969089031219
0.2573232535109831,0.0849972888827324,0.0849969163537025
0.2574232625135038,0.0849972814321518,0.0849969387054443
0.2575232715160245,0.0849972665309906,0.0849969908595085
0.2576232805185452,0.0849972665309906,0.0849969610571861
0.2577232895210659,0.0849972590804100,0.0849969908595085
0.2578232985235867,0.0849972665309906,0.0849969983100891
0.2579233075261074,0.0849972665309906,0.0849970132112503
0.2580233165286281,0.0849972516298294,0.0849970132112503
0.2581233255311488,0.0849972367286682,0.0849970132112503
0.2582233345336695,0.0849972367286682,0.0849970430135727
0.2583233435361902,0.0849972516298294,0.0849970206618309
0.2584233525387109,0.0849972665309906,0.0849970281124115
0.2585233615412316,0.0849972590804100,0.0849970504641533
0.2586233705437523,0.0849972367286682,0.0849970430135727
0.2587233795462730,0.0849972367286682,0.0849970430135727
0.2588233885487937,0.0849972590804100,0.0849970430135727
0.2589233975513144,0.0849972367286682,0.0849970430135727
0.2590234065538351,0.0849972367286682,0.0849970430135727
0.2591234155563558,0.0849972367286682,0.0849970579147339
0.2592234245588765,0.0849972516298294,0.0849970281124115
0.2593234335613972,0.0849972367286682,0.0849970504641533
0.2594234425639180,0.0849972367286682,0.0849970504641533
0.2595234515664387,0.0849972292780876,0.0849970579147339
0.2596234605689594,0.0849972292780876,0.0849970579147339
0.2597234695714801,0.0849972367286682,0.0849970728158951
0.2598234785740008,0.0849972292780876,0.0849970728158951
0.2599234875765215,0.0849972292780876,0.0849970728158951
0.2600234965790422,0.0849972292780876,0.0849970728158951
0.2601235055815629,0.0849972292780876,0.0849970728158951
0.2602235145840836,0.0849972292780876,0.0849970728158951
0.2603235235866043,0.0849972069263458,0.0849970728158951
0.2604235325891250,0.0849972069263458,0.0849970728158951
0.2605235415916457,0.0849972218275070,0.0849970728158951
0.2606235505941664,0.0849972218275070,0.0849970728158951
0.2607235595966871,0.0849972218275070,0.0849970728158951
0.2608235685992078,0.0849972218275070,0.0849970802664757
0.2609235776017285,0.0849972069263458,0.0849970802664757
0.2610235866042492,0.0849972218275070,0.0849970802664757
0.2611235956067699,0.0849972218275070,0.0849970802664757
0.2612236046092907,0.0849972218275070,0.0849970802664757
0.2613236136118114,0.0849972292780876,0.0849970802664757
0.2614236226143321,0.0849972069263458,0.0849970877170563
0.2615236316168528,0.0849972218275070,0.0849970802664757
0.2616236406193735,0.0849972292780876,0.0849970877170563
0.2617236496218941,0.0849972218275070,0.0849970802664757
0.2618236586244149,0.0849972069263458,0.0849970877170563
0.2619236676269356,0.0849972069263458,0.0849970877170563
0.2620236766294563,0.0849972069263458,0.0849970802664757
0.2621236856319770,0.0849972069263458,0.0849970877170563
0.2622236946344977,0.0849972069263458,0.0849970877170563
0.2623237036370184,0.0849972069263458,0.0849970877170563
0.2624237126395391,0.0849972069263458,0.0849970877170563
0.2625237216420598,0.0849972069263458,0.0849970877170563
0.2626237306445805,0.0849972218275070,0.0849970877170563
0.2627237396471012,0.0849972069263458,0.0849970877170563
0.2628237486496219,0.0849972069263458,0.0849971026182175
0.2629237576521427,0.0849972069263458,0.0849970877170563
0.2630237666546634,0.0849972069263458,0.0849971026182175
0.2631237756571841,0.0849972069263458,0.0849971026182175
0.2632237846597048,0.0849972069263458,0.0849971026182175
0.2633237936622255,0.0849972069263458,0.0849971026182175
0.2634238026647462,0.0849971994757652,0.0849971026182175
0.2635238116672669,0.0849972069263458,0.0849971026182175
0.2636238206697876,0.0849972069263458,0.0849971026182175
0.2637238296723083,0.0849971920251846,0.0849971100687981
0.2638238386748290,0.0849971920251846,0.0849971175193787
0.2639238476773497,0.0849971994757652,0.0849971100687981
0.2640238566798704,0.0849972218275070,0.0849970728158951
0.2641238656823911,0.0849972367286682,0.0849970206618309
0.2642238746849118,0.0849972665309906,0.0849971026182175
0.2643238836874325,0.0849973410367966,0.0849972069263458
0.2644238926899532,0.0849975571036339,0.0849976763129234
0.2645239016924739,0.0849977210164070,0.0849979892373085
0.2646239106949947,0.0849978625774384,0.0849982500076294
0.2647239196975154,0.0849979668855667,0.0849984735250473
0.2648239287000361,0.0849980115890503,0.0849985927343369
0.2649239377025568,0.0849980562925339,0.0849988609552383
0.2650239467050775,0.0849981009960175,0.0849991887807846
0.2651239557075982,0.0849981606006622,0.0849995911121368
0.2652239647101189,0.0849983617663383,0.0849996730685234
0.2653239737126396,0.0849986299872398,0.0850000008940697
0.2654239827151603,0.0849987864494324,0.0850000008940697
0.2655239917176810,0.0849988386034966,0.0850000008940697
0.2656240007202017,0.0849990621209145,0.0850000008940697
0.2657240097227224,0.0849990993738174,0.0850000008940697
0.2658240187252431,0.0849992036819458,0.0850000008940697
0.2659240277277638,0.0849990770220757,0.0850000008940697
0.2660240367302845,0.0849987119436264,0.0849981009960175
0.2661240457328052,0.0849983394145966,0.0849971696734428
0.2662240547353259,0.0849976763129234,0.0849808901548386
0.2663240637378466,0.0849975794553757,0.0849749818444252
0.2664240727403674,-0.0177034698426723,0.0303086694329977
0.2665240817428881,-0.0076230410486460,0.0223748590797186
0.2666240907454088,-0.0001998084044317,0.0167656000703573
0.2667240997479295,0.0049297409132123,0.0123627400025725
0.2668241087504502,0.0075880610384047,0.0092439390718937
0.2669241177529709,0.0091878538951278,0.0076700528152287
0.2670241267554916,0.0098872799426317,0.0066381688229740
0.2671241357580123,0.0106018502265215,0.0058640800416470
0.2672241447605330,0.0111749200150371,0.0050030271522701
0.2673241537630537,0.0114229302853346,0.0045487219467759
0.2674241627655744,0.0121205104514956,0.0039122081361711
0.2675241717680951,0.0129265598952770,0.0032311528921127
0.2676241807706158,0.0134970201179385,0.0026491959579289
0.2677241897731365,0.0146927898749709,0.0019889480900019
0.2678241987756572,0.0165610108524561,0.0018706469563767
0.2679242077781779,0.0169774796813726,0.0014843279495835
0.2680242167806986,0.0189294405281544,0.0009715390042402
0.2681242257832194,0.0193732697516680,0.0007701399154030
0.2682242347857401,0.0224657896906137,0.0001634645013837
0.2683242437882608,0.0223217308521271,-0.0002533482911531
0.2684242527907815,0.0242258794605732,-0.0008071119082160
0.2685242617933022,0.0237412508577108,-0.0010999339865521
0.2686242707958229,0.0254308991134167,-0.0013583250110969
0.2687242797983436,0.0251377299427986,-0.0010668860049918
0.2688242888008643,0.0273901894688606,-0.0013674129731953
0.2689242978033850,0.0270552597939968,-0.0010364849586040
0.2690243068059057,0.0288774091750383,-0.0010442479979247
0.2691243158084264,0.0305137000977993,-0.0008710941183381
0.2692243248109471,0.0299325603991747,-0.0008452981710434
0.2693243338134678,0.0329194292426109,-0.0010063999798149
0.2694243428159885,0.0313367508351803,-0.0008689630194567
0.2695243518185092,0.0326995998620987,-0.0005884448764846
0.2696243608210299,0.0318749397993088,-0.0005930028855801
0.2697243698235506,0.0335965193808079,-0.0006876967963763
0.2698243788260713,0.0324317701160908,-0.0005249449168332
0.2699243878285921,0.0343901403248310,-0.0007564608822577
0.2700243968311128,0.0326361097395420,-0.0001871684944490
0.2701244058336335,0.0339055694639683,-0.0002544109884184
0.2702244148361542,0.0283068493008614,0.0006963728228584
0.2703244238386749,0.0287887994199991,0.0009231428848580
0.2704244328411956,0.0253402590751648,0.0011947769671679
0.2705244418437163,0.0259864199906588,0.0013898540055379
0.2706244508462370,0.0244796592742205,0.0015135890571401
0.2707244598487577,0.0257761199027300,0.0014175659744069
0.2708244688512784,0.0239315200597048,0.0014757240423933
0.2709244778537991,0.0252584107220173,0.0012674879981205
0.2710244868563198,0.0235316008329391,0.0011021560057998
0.2711244958588405,0.0242161992937326,0.0010690060444176
0.2712245048613612,0.0229918695986271,0.0010440059704706
0.2713245138638819,0.0234721004962921,0.0009810503106564
0.2714245228664026,0.0227786805480719,0.0008744673104957
0.2715245318689233,0.0213882494717836,0.0005352782900445
0.2716245408714441,0.0066602309234440,0.0019865951035172
0.2717245498739648,0.0040847621858120,0.0020844349637628
0.2718245588764855,0.0033759749494493,0.0016778990393505
0.2719245678790062,0.0030778809450567,0.0015458440175280
0.2720245768815269,0.0038491350132972,0.0012109560193494
0.2721245858840476,0.0043110018596053,0.0011746260570362
0.2722245948865683,0.0035029910504818,0.0010782569879666
0.2723246038890890,0.0033381460234523,0.0008694785065018
0.2724246128916097,0.0034050559625030,0.0004641948908102
0.2725246218941304,0.0042162151075900,0.0000830883072922
0.2726246308966511,0.0034886361099780,-0.0000281256998278
0.2727246398991718,0.0024258359335363,-0.0000507853401359
0.2728246489016925,0.0027154251001775,-0.0003675945044961
0.2729246579042132,0.0030495750252157,-0.0005414772895165
0.2730246669067339,0.0027367819566280,-0.0006316613289528
0.2731246759092546,0.0023658070713282,-0.0005045097786933
0.2732246849117753,0.0022859030868858,-0.0006839833222330
0.2733246939142960,0.0023444800172001,-0.0008654699195176
0.2734247029168168,0.0028791900258511,-0.0011142479488626
0.2735247119193375,0.0031455140560865,-0.0012145659420639
0.2736247209218582,0.0035629780031741,-0.0012297920184210
0.2737247299243789,0.0041972380131483,-0.0011685170466080
0.2738247389268996,0.0041310559026897,-0.0010002939961851
0.2739247479294203,0.0039251530542970,-0.0006453717942350
0.2740247569319410,0.0026212800294161,-0.0003917659923900
0.2741247659344617,0.0024627740494907,-0.0002174325927626
0.2742247749369824,0.0024107599165291,-0.0000141338496178
0.2743247839395031,0.0014132809592411,0.0000380878700525
0.2744247929420238,0.0013736760010943,0.0001757340942277
0.2745248019445445,0.0020999279804528,-0.0000853853198350
0.2746248109470652,0.0020419920329005,-0.0001590081956238
0.2747248199495859,0.0018474869430065,-0.0001571392058395
0.2748248289521066,0.0015414049848914,-0.0002731099957600
0.2749248379546273,0.0005387088167481,0.0000049636278163
0.2750248469571480,0.0000221494992729,-0.0000102973999674
0.2751248559596688,0.0006437547854148,-0.0002813843893819
0.2752248649621895,0.0013838489539921,-0.0002566541079432
0.2753248739647102,0.0017776089953259,-0.0003284995909780
0.2754248829672309,0.0031245381105691,-0.0004887852119282
0.2755248919697516,0.0028565661050379,-0.0005173007957637
0.2756249009722723,0.0019756709225476,-0.0002164535981137
0.2757249099747930,0.0019589969888330,-0.0002906428999268
0.2758249189773137,0.0028901619371027,-0.0003888987121172
0.2759249279798344,0.0027471149805933,-0.0002302325010533
0.2760249369823551,0.0027955279219896,-0.0002063952997560
0.2761249459848758,0.0027587059885263,-0.0002872046025004
0.2762249549873965,0.0031211299356073,-0.0002740435884334
0.2763249639899172,0.0040119108743966,-0.0004651471099351
0.2764249729924379,0.0044872472062707,-0.0007205469883047
0.2765249819949586,0.0041202679276466,-0.0005709037068300
0.2766249909974793,0.0045531340874732,-0.0007688677287661
0.2767250000000000,0.0045455531217158,-0.0008045816211961
0.2768250090025207,0.0050159129314125,-0.0008464158745483
0.2769250180050415,0.0042264577932656,-0.0005280011100695
0.2770250270075622,0.0056667909957469,-0.0007280820282176
0.2771250360100829,0.0047646760940552,-0.0000730025130906
0.2772250450126036,0.0050300462171435,0.0000216749303945
0.2773250540151243,0.0055727441795170,-0.0001443352957722
0.2774250630176450,0.0067831501364708,-0.0002857049112208
0.2775250720201657,0.0073239160701632,-0.0002775084867608
0.2776250810226864,0.0075263241305947,-0.0001389185053995
0.2777250900252071,0.0074167759157717,-0.0002765721874312
0.2778250990277278,0.0081784762442112,-0.0002302685024915
0.2779251080302485,0.0079612378031015,0.0001159063031082
0.2780251170327692,0.0077986768446863,0.0000094795268524
0.2781251260352899,0.0084036374464631,-0.0001833214046201
0.2782251350378106,0.0087248822674155,-0.0000665932529955
0.2783251440403313,0.0093534328043461,-0.0002050667972071
0.2784251530428520,0.0103005403652787,-0.0004401835903991
0.2785251620453727,0.0099729821085930,-0.0002798188070301
0.2786251710478935,0.0111723197624087,-0.0005596476839855
0.2787251800504142,0.0106133604422212,-0.0003180101921316
0.2788251890529349,0.0109488703310490,-0.0002110945060849
0.2789251980554556,0.0103571200743318,0.0000923516709008
0.2790252070579763,0.0106923598796129,0.0001984005066333
0.2791252160604970,0.0108149498701096,0.0000783153373050
0.2792252250630177,0.0115359202027321,0.0002589586947579
0.2793252340655384,0.0098691340535879,0.0005937420064583
0.2794252430680591,0.0119380801916122,0.0000827373369248
0.2795252520705798,0.0111478697508574,0.0001508521963842
0.2796252610731005,0.0123818898573518,-0.0000860077780089
0.2797252700756212,0.0119655402377248,-0.0000830480930745
0.2798252790781419,0.0129422303289175,-0.0003556954034138
0.2799252880806626,0.0119783598929644,-0.0004849731049035
0.2800252970831833,0.0119167398661375,-0.0002086694003083
0.2801253060857040,0.0123689798638225,-0.0005755940801464
0.2802253150882247,0.0142424600198865,-0.0006552981794812
0.2803253240907454,0.0131270103156567,-0.0004847687960137
0.2804253330932662,0.0133141502737999,-0.0002395953051746
0.2805253420957869,0.0136693604290485,-0.0003117877058685
0.2806253510983076,0.0134022496640682,-0.0003201843937859
0.2807253601008283,0.0133125595748425,-0.0001262151054107
0.2808253691033490,0.0135706495493650,-0.0000038931912059
0.2809253781058697,0.0132734701037407,0.0003475827979855
0.2810253871083904,0.0134319597855210,0.0002171132946387
0.2811253961109111,0.0139231402426958,0.0002494980872143
0.2812254051134318,0.0135119799524546,0.0001126291972469
0.2813254141159525,0.0139231197535992,-0.0001605010038475
0.2814254231184732,0.0147205200046301,0.0000724242636352
0.2815254321209939,0.0149338096380234,-0.0002628089860082
0.2816254411235146,0.0141731100156903,-0.0003303810080979
0.2817254501260353,0.0150495702400804,-0.0004803276970051
0.2818254591285560,0.0153903299942613,-0.0006092137773521
0.2819254681310767,0.0160336401313543,-0.0005597454146482
0.2820254771335974,0.0147488601505756,-0.0001429205003660
0.2821254861361182,0.0164801608771086,-0.0003557724994607
0.2822254951386389,0.0158744100481272,-0.0001705385948298
0.2823255041411596,0.0158721096813679,-0.0000083805325630
0.2824255131436803,0.0155878802761436,0.0001663120929152
0.2825255221462010,0.0171900093555450,0.0000849819407449
0.2826255311487217,0.0167606100440025,-0.0000162064898177
0.2827255401512424,0.0163800306618214,0.0001145109999925
0.2828255491537631,0.0159081108868122,-0.0000034920690268
0.2829255581562838,0.0179206896573305,-0.0004025372036267
0.2830255671588045,0.0170695409178734,-0.0000794542866061
0.2831255761613252,0.0175749100744724,-0.0002682415943127
0.2832255851638459,0.0174164995551109,-0.0001409177930327
0.2833255941663666,0.0181662999093533,-0.0001947544951690
0.2834256031688873,0.0168530195951462,-0.0004376390133984
0.2835256121714080,0.0178484600037336,-0.0002843039983418
0.2836256211739287,0.0180090293288231,-0.0004636298981495
0.2837256301764494,0.0190435498952866,-0.0005317949107848
0.2838256391789702,0.0185122694820166,-0.0002274675935041
0.2839256481814909,0.0184236504137516,-0.0001420265034540
0.2840256571840116,0.0193152297288179,0.0002159058931284
0.2841256661865323,0.0201362594962120,0.0002256892039441
0.2842256751890530,0.0196591205894947,0.0001003362995107
0.2843256841915737,0.0186259392648935,0.0004802980984095
0.2844256931940944,0.0196873694658279,0.0002251799014630
0.2845257021966151,0.0193728003650904,0.0003230290021747
0.2846257111991358,0.0205464493483305,0.0002779377100524
0.2847257202016565,0.0204207003116608,0.0003423459129408
0.2848257292041772,0.0197657793760300,0.0001041544965119
0.2849257382066979,0.0201987493783236,0.0000342179300787
0.2850257472092186,0.0196208693087101,0.0000641940496280
0.2851257562117393,0.0182774309068918,0.0000181839805009
0.2852257652142600,0.0201739892363548,0.0001988722069655
0.2853257742167807,0.0199473202228546,0.0001379507011734
0.2854257832193014,0.0199317000806332,-0.0000528316595592
0.2855257922218221,0.0183542892336845,0.0002412366011413
0.2856258012243429,0.0199500992894173,0.0003137619059999
0.2857258102268636,0.0193620100617409,0.0001800760946935
0.2858258192293843,0.0200166106224060,0.0002460058021825
0.2859258282319050,0.0190583895891905,0.0004320720036048
0.2860258372344257,0.0190255306661129,0.0005188087234274
0.2861258462369464,0.0187730994075537,0.0005379035137594
0.2862258552394671,0.0189287308603525,0.0003387655888218
0.2863258642419878,0.0183567404747009,0.0002513269137125
0.2864258732445085,0.0186778008937836,0.0000473872096336
0.2865258822470292,0.0189011301845312,-0.0001715443941066
0.2866258912495499,0.0200771205127239,-0.0004953800234944
0.2867259002520706,0.0185505505651236,-0.0004048570117448
0.2868259092545913,0.0195518992841244,-0.0002435626956867
0.2869259182571120,0.0192039497196674,-0.0003200270002708
0.2870259272596327,0.0181162301450968,-0.0003364039002918
0.2871259362621534,0.0185069795697927,-0.0002033885975834
0.2872259452646741,0.0173960495740175,0.0000605884706602
0.2873259542671949,0.0186072308570147,-0.0000094161214292
0.2874259632697156,0.0177281294018030,0.0000869172290550
0.2875259722722363,0.0181045308709145,0.0001525481056888
0.2876259812747570,0.0170362591743469,0.0001626995072002
0.2877259902772777,0.0173418801277876,0.0003095219144598
0.2878259992797984,0.0172668807208538,0.0003058419097215
0.2879260082823191,0.0174839198589325,0.0003769258910324
0.2880260172848398,0.0179777406156063,0.0002271260018460
0.2881260262873605,0.0189484898000956,-0.0000051831530072
0.2882260352898812,0.0184035804122686,-0.0000018369130430
0.2883260442924019,0.0183894596993923,-0.0001851393026300
0.2884260532949226,0.0182036608457565,-0.0001404313952662
0.2885260622974433,0.0185751803219318,-0.0002424694976071
0.2886260712999640,0.0164090599864721,-0.0000961706100497
0.2887260803024847,0.0172743201255798,-0.0000385504608857
0.2888260893050054,0.0165114197880030,0.0002041700063273
0.2889260983075261,0.0148805696517229,0.0004852506099269
0.2890261073100468,0.0162628199905157,0.0005002549733035
0.2891261163125676,0.0161889195442200,0.0005522122955881
0.2892261253150883,0.0160305202007294,0.0003649716963992
0.2893261343176090,0.0166205503046513,0.0004215094086248
0.2894261433201297,0.0162701606750488,0.0003976938896812
0.2895261523226504,0.0172130092978477,0.0002598674036562
0.2896261613251711,0.0166477896273136,0.0000464188415208
0.2897261703276918,0.0167401507496834,0.0001262245932594
0.2898261793302125,0.0168947596102953,-0.0000566736198380
0.2899261883327332,0.0164975393563509,-0.0002235886058770
0.2900261973352539,0.0164927002042532,-0.0003093341074418
0.2901262063377746,0.0159512106329203,-0.0003012882079929
0.2902262153402953,0.0161362793296576,-0.0003523027116898
0.2903262243428160,0.0155461495742202,-0.0004186631122138
0.2904262333453367,0.0162343196570873,-0.0005005085258745
0.2905262423478574,0.0158490296453238,-0.0000740182222216
0.2906262513503781,0.0157894808799028,-0.0001020424970193
0.2907262603528988,0.0139691298827529,0.0001751248055371
0.2908262693554196,0.0132277999073267,0.0001350598031422
0.2909262783579403,0.0125711997970939,-0.0000461295312562
0.2910262873604610,0.0129167297855020,-0.0000491432801937
0.2911262963629817,0.0123719898983836,0.0000401116813009
0.2912263053655024,0.0125532299280167,-0.0004985387204215
0.2913263143680231,0.0121580697596073,-0.0007960086222738
0.2914263233705438,0.0122497295960784,-0.0008598761050962
0.2915263323730645,0.0114138200879097,-0.0009132212144323
0.2916263413755852,0.0117942197248340,-0.0010699400445446
0.2917263503781059,0.0110521698370576,-0.0007415643194690
0.2918263593806266,0.0127705698832870,-0.0011501610279083
0.2919263683831473,0.0142572596669197,-0.0012771410401911
0.2920263773856680,0.0159588605165482,-0.0022696529049426
0.2921263863881887,0.0171783398836851,-0.0025808589998633
0.2922263953907094,0.0131140397861600,-0.0023617129772902
0.2923264043932301,0.0077396100386977,-0.0014424769906327
0.2924264133957508,-0.0015624869847670,-0.0007060514180921
0.2925264223982716,0.0849971175193787,0.0849703624844551
0.2926264314007923,0.0849970430135727,0.0849679186940193
0.2927264404033130,0.0849970132112503,0.0849969163537025
0.2928264494058337,0.0849970430135727,0.0849966928362846
0.2929264584083544,0.0849972292780876,0.0849956274032593
0.2930264674108751,0.0849971473217010,0.0849951803684235
0.2931264764133958,0.0849971175193787,0.0849943682551384
0.2932264854159165,0.0849986374378204,0.0849943310022354
0.2933264944184372,0.0849988833069801,0.0849943310022354
0.2934265034209579,0.0849983617663383,0.0849943310022354
0.2935265124234786,0.0849980562925339,0.0849943310022354
0.2936265214259993,0.0849978178739548,0.0849943310022354
0.2937265304285200,0.0849973708391190,0.0849943310022354
0.2938265394310407,0.0849971398711205,0.0849948674440384
0.2939265484335614,0.0849970579147339,0.0849951505661011
0.2940265574360821,0.0849968865513802,0.0849955976009369
0.2941265664386028,0.0849969387054443,0.0849963128566742
0.2942265754411235,0.0849969536066055,0.0849963277578354
0.2943265844436443,0.0849970206618309,0.0849964171648026
0.2944265934461650,0.0849970504641533,0.0849965512752533
0.2945266024486857,0.0849970802664757,0.0849968269467354
0.2946266114512064,0.0849971324205399,0.0849968492984772
0.2947266204537271,0.0849971324205399,0.0849968269467354
0.2948266294562478,0.0849971324205399,0.0849968269467354
0.2949266384587685,0.0849971473217010,0.0849968567490578
0.2950266474612892,0.0849971622228622,0.0849968791007996
0.2951266564638099,0.0849971473217010,0.0849968492984772
0.2952266654663306,0.0849971398711205,0.0849968194961548
0.2953266744688513,0.0849971324205399,0.0849968269467354
0.2954266834713720,0.0849971398711205,0.0849968269467354
0.2955266924738927,0.0849971398711205,0.0849968269467354
0.2956267014764134,0.0849971473217010,0.0849968120455742
0.2957267104789341,0.0849971398711205,0.0849967971444130
0.2958267194814548,0.0849971473217010,0.0849967896938324
0.2959267284839756,0.0849971398711205,0.0849967673420906
0.2960267374864963,0.0849971473217010,0.0849967375397682
0.2961267464890170,0.0849971696734428,0.0849967598915100
0.2962267554915377,0.0849971771240234,0.0849967524409294
0.2963267644940584,0.0849971696734428,0.0849967226386070
0.2964267734965791,0.0849971696734428,0.0849967598915100
0.2965267824990998,0.0849971473217010,0.0849967077374458
0.2966267915016205,0.0849971696734428,0.0849966630339622
0.2967268005041412,0.0849971696734428,0.0849967077374458
0.2968268095066619,0.0849971473217010,0.0849966704845428
0.2969268185091826,0.0849971696734428,0.0849966630339622
0.2970268275117033,0.0849971473217010,0.0849966630339622
0.2971268365142240,0.0849971473217010,0.0849966406822205
0.2972268455167447,0.0849971622228622,0.0849966332316399
0.2973268545192654,0.0849971771240234,0.0849966332316399
0.2974268635217861,0.0849971920251846,0.0849965736269951
0.2975268725243068,0.0849971994757652,0.0849966183304787
0.2976268815268275,0.0849971994757652,0.0849966034293175
0.2977268905293483,0.0849971920251846,0.0849965736269951
0.2978268995318690,0.0849972218275070,0.0849965736269951
0.2979269085343897,0.0849972069263458,0.0849966183304787
0.2980269175369104,0.0849972069263458,0.0849965736269951
0.2981269265394311,0.0849972367286682,0.0849966183304787
0.2982269355419518,0.0849972069263458,0.0849965810775757
0.2983269445444725,0.0849972069263458,0.0849965810775757
0.2984269535469932,0.0849972665309906,0.0849966332316399
0.2985269625495139,0.0849972665309906,0.0849966183304787
0.2986269715520346,0.0849972367286682,0.0849966108798981
0.2987269805545553,0.0849972367286682,0.0849965885281563
0.2988269895570760,0.0849972590804100,0.0849966630339622
0.2989269985595967,0.0849972665309906,0.0849966779351234
0.2990270075621174,0.0849972516298294,0.0849967226386070
0.2991270165646381,0.0849972590804100,0.0849967002868652
0.2992270255671588,0.0849972516298294,0.0849967077374458
0.2993270345696795,0.0849972516298294,0.0849967375397682
0.2994270435722002,0.0849972516298294,0.0849967896938324
0.2995270525747210,0.0849972367286682,0.0849967226386070
0.2996270615772417,0.0849972367286682,0.0849967896938324
0.2997270705797624,0.0849972367286682,0.0849968120455742
0.2998270795822831,0.0849972292780876,0.0849967673420906
0.2999270885848038,0.0849972367286682,0.0849968269467354
0.3000270975873245,0.0849972367286682,0.0849968194961548
0.3001271065898452,0.0849972516298294,0.0849968269467354
0.3002271155923659,0.0849972367286682,0.0849968492984772
0.3003271245948866,0.0849972367286682,0.0849968567490578
0.3004271335974073,0.0849972292780876,0.0849968567490578
0.3005271425999280,0.0849972367286682,0.0849968492984772
0.3006271516024487,0.0849972367286682,0.0849969014525414
0.3007271606049694,0.0849972292780876,0.0849968567490578
0.3008271696074901,0.0849972292780876,0.0849968567490578
0.3009271786100108,0.0849972218275070,0.0849969089031219
0.3010271876125316,0.0849972367286682,0.0849969089031219
0.3011271966150522,0.0849972367286682,0.0849969014525414
0.3012272056175730,0.0849972218275070,0.0849969312548637
0.3013272146200937,0.0849972218275070,0.0849969387054443
0.3014272236226144,0.0849972292780876,0.0849969312548637
0.3015272326251351,0.0849972218275070,0.0849969312548637
0.3016272416276558,0.0849972218275070,0.0849969387054443
0.3017272506301765,0.0849972069263458,0.0849969536066055
0.3018272596326972,0.0849972069263458,0.0849969536066055
0.3019272686352179,0.0849972069263458,0.0849969387054443
0.3020272776377386,0.0849972069263458,0.0849969536066055
0.3021272866402593,0.0849972069263458,0.0849969536066055
0.3022272956427800,0.0849972069263458,0.0849969536066055
0.3023273046453007,0.0849972069263458,0.0849969536066055
0.3024273136478214,0.0849972069263458,0.0849969536066055
0.3025273226503421,0.0849972218275070,0.0849969536066055
0.3026273316528628,0.0849972292780876,0.0849969685077667
0.3027273406553835,0.0849972069263458,0.0849969536066055
0.3028273496579043,0.0849972069263458,0.0849969610571861
0.3029273586604249,0.0849972069263458,0.0849969685077667
0.3030273676629457,0.0849972069263458,0.0849969685077667
0.3031273766654664,0.0849972069263458,0.0849969610571861
0.3032273856679871,0.0849972069263458,0.0849969685077667
0.3033273946705078,0.0849972069263458,0.0849969834089279
0.3034274036730285,0.0849972218275070,0.0849969834089279
0.3035274126755492,0.0849972069263458,0.0849969685077667
0.3036274216780699,0.0849972069263458,0.0849969685077667
0.3037274306805906,0.0849971994757652,0.0849969685077667
0.3038274396831113,0.0849972069263458,0.0849969834089279
0.3039274486856320,0.0849972069263458,0.0849969834089279
0.3040274576881527,0.0849972069263458,0.0849969834089279
0.3041274666906734,0.0849972069263458,0.0849969834089279
0.3042274756931941,0.0849971994757652,0.0849969834089279
0.3043274846957148,0.0849971994757652,0.0849969908595085
0.3044274936982355,0.0849972069263458,0.0849969908595085
0.3045275027007562,0.0849972069263458,0.0849969908595085
0.3046275117032770,0.0849971920251846,0.0849970132112503
0.3047275207057977,0.0849971771240234,0.0849970281124115
0.3048275297083184,0.0849971771240234,0.0849969312548637
0.3049275387108391,0.0849971771240234,0.0849969312548637
0.3050275477133598,0.0849971994757652,0.0849969014525414
0.3051275567158805,0.0849971398711205,0.0849967896938324
0.3052275657184012,0.0849972218275070,0.0849971100687981
0.3053275747209219,0.0849973782896996,0.0849973931908607
0.3054275837234426,0.0849975571036339,0.0849977210164070
0.3055275927259633,0.0849977135658264,0.0849979892373085
0.3056276017284840,0.0849978625774384,0.0849983170628548
0.3057276107310047,0.0849979892373085,0.0849986374378204
0.3058276197335254,0.0849980711936951,0.0849988684058189
0.3059276287360461,0.0849981084465981,0.0849991068243980
0.3060276377385668,0.0849982574582100,0.0849993824958801
0.3061276467410876,0.0849983021616936,0.0849996283650398
0.3062276557436082,0.0849983170628548,0.0849998816847801
0.3063276647461289,0.0849985927343369,0.0849998369812965
0.3064276737486497,0.0849987566471100,0.0850000008940697
0.3065276827511704,0.0849989503622055,0.0850000008940697
0.3066276917536911,0.0849990099668503,0.0850000008940697
0.3067277007562118,0.0849988684058189,0.0850000008940697
0.3068277097587325,0.0849987864494324,0.0850000008940697
0.3069277187612532,0.0849982500076294,0.0849971696734428
0.3070277277637739,0.0849978104233742,0.0849789530038834
0.3071277367662946,0.0849976018071175,0.0849755108356476
0.3072277457688153,-0.0240369495004416,0.0309466701000929
0.3073277547713360,-0.0111301699653268,0.0227467808872461
0.3074277637738567,-0.0028037889860570,0.0177671890705824
0.3075277727763774,0.0037811950314790,0.0131454104557633
0.3076277817788981,0.0082513885572553,0.0100593296810985
0.3077277907814188,0.0108935004100204,0.0079397493973374
0.3078277997839395,0.0120534198358655,0.0064234621822834
0.3079278087864603,0.0122573804110289,0.0058613680303097
0.3080278177889809,0.0123636797070503,0.0051627648063004
0.3081278267915016,0.0128660397604108,0.0040723839774728
0.3082278357940224,0.0133748697116971,0.0036853819619864
0.3083278447965431,0.0137332398444414,0.0028834599070251
0.3084278537990638,0.0144172497093678,0.0021716859191656
0.3085278628015845,0.0155844399705529,0.0015186530072242
0.3086278718041052,0.0156611800193787,0.0012497799471021
0.3087278808066259,0.0182229094207287,0.0007489697891288
0.3088278898091466,0.0187027808278799,0.0005847446736880
0.3089278988116673,0.0204895809292793,0.0003473265969660
0.3090279078141880,0.0225148797035217,-0.0000496749817103
0.3091279168167087,0.0230340193957090,-0.0002653548144735
0.3092279258192294,0.0234375502914190,-0.0006106041837484
0.3093279348217501,0.0255852900445461,-0.0010461639612913
0.3094279438242708,0.0252114702016115,-0.0012343709822744
0.3095279528267915,0.0272215493023396,-0.0012317160144448
0.3096279618293122,0.0267926994711161,-0.0011769220000133
0.3097279708318330,0.0313508100807667,-0.0015990330139175
0.3098279798343536,0.0312668383121490,-0.0015229879645631
0.3099279888368743,0.0336919389665127,-0.0016624589916319
0.3100279978393951,0.0328432694077492,-0.0014013199834153
0.3101280068419158,0.0316485203802586,-0.0006807319005020
0.3102280158444365,0.0323686115443707,-0.0007097399211489
0.3103280248469572,0.0343945212662220,-0.0007372515974566
0.3104280338494779,0.0329921618103981,-0.0001795759017114
0.3105280428519986,0.0337894484400749,-0.0000093106837085
0.3106280518545193,0.0332314781844616,0.0002997982082888
0.3107280608570400,0.0351424887776375,0.0000582360407861
0.3108280698595607,0.0276839807629585,0.0014013670152053
0.3109280788620814,0.0244992207735777,0.0020351260900497
0.3110280878646021,0.0245456993579865,0.0022535619791597
0.3111280968671228,0.0246534608304501,0.0022773819509894
0.3112281058696436,0.0226062703877687,0.0024642921052873
0.3113281148721642,0.0226506702601910,0.0022711369674653
0.3114281238746849,0.0219009295105934,0.0016118530184031
0.3115281328772057,0.0209195893257856,0.0015748840523884
0.3116281418797263,0.0208360198885202,0.0010019349865615
0.3117281508822471,0.0224130004644394,0.0004287865885999
0.3118281598847678,0.0208691507577896,0.0004354210104793
0.3119281688872885,0.0218368899077177,0.0002564693859313
0.3120281778898092,0.0206686500459909,0.0001934391038958
0.3121281868923299,0.0182926394045353,0.0006620524800383
0.3122281958948506,0.0185374692082405,0.0005539859994315
0.3123282048973713,0.0174789894372225,0.0007672660285607
0.3124282138998920,0.0170687995851040,0.0005381975206546
0.3125282229024127,0.0050016161985695,0.0016882650088519
0.3126282319049334,0.0021085480693728,0.0018061039736494
0.3127282409074541,0.0010220509720966,0.0015994959976524
0.3128282499099748,0.0009922480676323,0.0013602169929072
0.3129282589124955,0.0006455305265263,0.0010046890238300
0.3130282679150163,0.0004563519032672,0.0008729522814974
0.3131282769175369,-0.0005202607717365,0.0008013817714527
0.3132282859200576,-0.0007263583247550,0.0003377491084393
0.3133282949225784,-0.0013029680121690,-0.0000284963298327
0.3134283039250990,-0.0015372070483863,-0.0001897999027278
0.3135283129276198,-0.0004846657975577,-0.0006527716759592
0.3136283219301405,-0.0012014979729429,-0.0007861768244766
0.3137283309326612,-0.0005396989872679,-0.0008683399064466
0.3138283399351819,0.0001477225014241,-0.0009773647179827
0.3139283489377026,0.0009810351766646,-0.0009052103268914
0.3140283579402233,0.0009239290957339,-0.0008623225148767
0.3141283669427440,0.0009508504881524,-0.0006813236977905
0.3142283759452647,0.0010889689438045,-0.0006764982827008
0.3143283849477854,0.0014490999747068,-0.0008104426087812
0.3144283939503061,0.0013633699854836,-0.0008822667878121
0.3145284029528268,0.0023865329567343,-0.0010796770220622
0.3146284119553475,0.0020013831090182,-0.0009822117863223
0.3147284209578682,0.0022223179694265,-0.0011507039889693
0.3148284299603890,0.0013174449559301,-0.0007590571185574
0.3149284389629096,0.0014665840426460,-0.0008010251913220
0.3150284479654303,0.0017525480361655,-0.0006652430165559
0.3151284569679511,0.0023222370073199,-0.0007709051133133
0.3152284659704718,0.0022948060650378,-0.0005232071853243
0.3153284749729925,0.0027725179679692,-0.0005374922766350
0.3154284839755132,0.0026745540089905,0.0000206980002986
0.3155284929780339,0.0026438189670444,-0.0001896611938719
0.3156285019805546,0.0029844800010324,-0.0002643938933033
0.3157285109830753,0.0036661271005869,-0.0002168484061258
0.3158285199855960,0.0040201609954238,-0.0001822165068006
0.3159285289881167,0.0043071489781141,-0.0001939315989148
0.3160285379906374,0.0039693107828498,0.0000017370109617
0.3161285469931581,0.0037348000332713,0.0001333730033366
0.3162285559956788,0.0042299730703235,-0.0000224472896662
0.3163285649981996,0.0044712019152939,-0.0000684406331857
0.3164285740007202,0.0043460140004754,-0.0001841207995312
0.3165285830032409,0.0048993318341672,-0.0003799092955887
0.3166285920057617,0.0042543900199234,-0.0005382514209487
0.3167286010082823,0.0046331211924553,-0.0006653395248577
0.3168286100108030,0.0057208011858165,-0.0009670471772552
0.3169286190133238,0.0053199501708150,-0.0007636888767593
0.3170286280158445,0.0054758312180638,-0.0004273807862774
0.3171286370183652,0.0052455519326031,-0.0003090586978942
0.3172286460208859,0.0063800178468227,-0.0002715924056247
0.3173286550234066,0.0056712408550084,0.0000245771807386
0.3174286640259273,0.0065161380916834,-0.0001904108939925
0.3175286730284480,0.0059975739568472,0.0001343391049886
0.3176286820309687,0.0066239200532436,0.0000112087800517
0.3177286910334894,0.0063197719864547,0.0000762101917644
0.3178287000360101,0.0072091640904546,-0.0000531510013388
0.3179287090385308,0.0077611599117517,-0.0001614236971363
0.3180287180410515,0.0075305690988898,-0.0002217825967818
0.3181287270435723,0.0075870831497014,0.0000322677806253
0.3182287360460929,0.0088771833106875,-0.0004048470873386
0.3183287450486136,0.0082483105361462,-0.0003653755993582
0.3184287540511344,0.0085255559533834,-0.0004390660033096
0.3185287630536550,0.0090315341949463,-0.0005496569210663
0.3186287720561757,0.0086923493072391,-0.0003990675904788
0.3187287810586965,0.0095740165561438,-0.0004928904818371
0.3188287900612172,0.0101720299571753,-0.0003827372856904
0.3189287990637379,0.0096510723233223,-0.0000284539491986
0.3190288080662586,0.0113231400027871,-0.0003182459913660
0.3191288170687793,0.0108221601694822,0.0000276543705695
0.3192288260713000,0.0112408399581909,0.0000104680102595
0.3193288350738207,0.0119934203103185,-0.0000918835576158
0.3194288440763414,0.0122593799605966,-0.0000543098904018
0.3195288530788621,0.0116294501349330,-0.0001072466984624
0.3196288620813828,0.0121849402785301,-0.0001604987046449
0.3197288710839035,0.0121133504435420,-0.0002727232931647
0.3198288800864242,0.0126953097060323,-0.0002286984963575
0.3199288890889450,0.0133765302598476,-0.0003467109054327
0.3200288980914656,0.0136526497080922,-0.0003575634909794
0.3201289070939863,0.0131615297868848,-0.0004828693927266
0.3202289160965071,0.0130970599129796,-0.0002853599144146
0.3203289250990278,0.0129023799672723,-0.0001627004967304
0.3204289341015485,0.0152913099154830,-0.0005004680133425
0.3205289431040692,0.0145271802321076,-0.0001417705061613
0.3206289521065899,0.0151295298710465,-0.0001620426046429
0.3207289611091106,0.0143862497061491,-0.0000878562495927
0.3208289701116313,0.0139593295753002,0.0001154998972197
0.3209289791141520,0.0138680404052138,0.0003649943973869
0.3210289881166727,0.0145579995587468,0.0004242922004778
0.3211289971191934,0.0144211696460843,0.0004617522936314
0.3212290061217141,0.0151336798444390,0.0001636517990846
0.3213290151242348,0.0149846095591784,0.0003098945890088
0.3214290241267556,0.0155973099172115,-0.0000207990997296
0.3215290331292762,0.0151276299729943,-0.0000187580608326
0.3216290421317969,0.0157609097659588,-0.0002758463961072
0.3217290511343177,0.0153460204601288,-0.0004442200879566
0.3218290601368383,0.0160870905965567,-0.0002815375919454
0.3219290691393590,0.0154404100030661,-0.0001597421942279
0.3220290781418798,0.0158159900456667,-0.0003600851050578
0.3221290871444005,0.0171345602720976,-0.0002475868968759
0.3222290961469212,0.0175796002149582,0.0000045349579523
0.3223291051494419,0.0179916396737099,-0.0002597467973828
0.3224291141519626,0.0180694293230772,0.0000033586020436
0.3225291231544833,0.0183113403618336,-0.0001817912998376
0.3226291321570040,0.0191306900233030,-0.0003123487113044
0.3227291411595247,0.0184610895812511,-0.0000824266680866
0.3228291501620454,0.0192831903696060,-0.0002374899049755
0.3229291591645661,0.0186585001647472,-0.0001445037050871
0.3230291681670868,0.0188455805182457,-0.0001019217015710
0.3231291771696075,0.0192293804138899,-0.0001797098957468
0.3232291861721283,0.0185521300882101,-0.0001290733052883
0.3233291951746489,0.0184951405972242,-0.0001418175961589
0.3234292041771696,0.0172959603369236,-0.0001883509976324
0.3235292131796904,0.0176067091524601,-0.0002830805024132
0.3236292221822110,0.0179822705686092,-0.0002223678020528
0.3237292311847317,0.0179089400917292,-0.0002339935017517
0.3238292401872525,0.0178011506795883,-0.0000663708779030
0.3239292491897732,0.0183150097727776,0.0001382235059282
0.3240292581922939,0.0176597703248262,0.0002846636052709
0.3241292671948146,0.0190415401011705,0.0001443375949748
0.3242292761973353,0.0184929091483355,0.0003490729141049
0.3243292851998560,0.0192842707037926,0.0001912014995469
0.3244292942023767,0.0191678106784821,0.0002668825909495
0.3245293032048974,0.0201147105544806,0.0001039819035213
0.3246293122074181,0.0194454900920391,0.0000114916101666
0.3247293212099388,0.0198769606649876,-0.0001536956988275
0.3248293302124595,0.0186567995697260,0.0000093524313343
0.3249293392149802,0.0186718106269836,0.0000812774524093
0.3250293482175010,0.0177507791668177,0.0002676018921193
0.3251293572200216,0.0170439295470715,0.0003817524993792
0.3252293662225423,0.0180767308920622,0.0004261549038347
0.3253293752250631,0.0168725103139877,0.0003381783026271
0.3254293842275838,0.0181488208472729,0.0001793455012375
0.3255293932301044,0.0188992191106081,0.0002292200952070
0.3256294022326252,0.0183918606489897,0.0002521616988815
0.3257294112351459,0.0189264193177223,0.0000921941027627
0.3258294202376666,0.0193063691258430,0.0002457133086864
0.3259294292401873,0.0181042905896902,0.0003231508890167
0.3260294382427080,0.0178690105676651,0.0002874817000702
0.3261294472452287,0.0177357606589794,0.0002382631937508
0.3262294562477494,0.0186419300734997,-0.0000330125112669
0.3263294652502701,0.0177917908877134,0.0000408660998801
0.3264294742527908,0.0184027906507254,-0.0000168145597854
0.3265294832553115,0.0177667904645205,-0.0000261775294348
0.3266294922578322,0.0178054403513670,-0.0003053158870898
0.3267295012603529,0.0176098793745041,-0.0004960902151652
0.3268295102628737,0.0181610397994518,-0.0005417176871561
0.3269295192653943,0.0177058894187212,-0.0005457695224322
0.3270295282679150,0.0189354792237282,-0.0003874927933794
0.3271295372704358,0.0174122303724289,0.0001009569969028
0.3272295462729565,0.0172016602009535,0.0002611360105220
0.3273295552754771,0.0174687895923853,0.0002676495932974
0.3274295642779979,0.0177023205906153,0.0002221830945928
0.3275295732805186,0.0185938607901335,0.0001021084026434
0.3276295822830393,0.0178677700459957,0.0001156857979367
0.3277295912855600,0.0188353192061186,0.0000287214897980
0.3278296002880807,0.0172258205711842,0.0001483441010350
0.3279296092906014,0.0168052408844233,0.0001913028972922
0.3280296182931221,0.0157329197973013,0.0003587710962165
0.3281296272956428,0.0168328396975994,0.0001433752040612
0.3282296362981635,0.0165017601102591,0.0001997258950723
0.3283296453006843,0.0168826393783092,0.0001087736964109
0.3284296543032049,0.0161814596503973,-0.0001672272046562
0.3285296633057256,0.0159428399056196,-0.0000087731996246
0.3286296723082464,0.0169844292104244,-0.0002712064888328
0.3287296813107670,0.0171555392444134,-0.0002642195904627
0.3288296903132877,0.0157630406320095,0.0000381027712137
0.3289296993158085,0.0161694493144751,0.0000454489490949
0.3290297083183292,0.0166532695293427,0.0001398946042173
0.3291297173208499,0.0169258099049330,0.0002211621031165
0.3292297263233706,0.0173175502568483,0.0003010698128492
0.3293297353258913,0.0160965602844954,0.0005831011803821
0.3294297443284120,0.0169043801724911,0.0003362562856637
0.3295297533309327,0.0159028694033623,0.0001819031022023
0.3296297623334534,0.0162250492721796,-0.0000481831302750
0.3297297713359741,0.0153577001765370,0.0000578356011829
0.3298297803384948,0.0159549508243799,-0.0002958305121865
0.3299297893410155,0.0158283896744251,-0.0002007605944527
0.3300297983435362,0.0163142792880535,-0.0003009880019818
0.3301298073460570,0.0154837500303984,-0.0001828563981690
0.3302298163485776,0.0165287908166647,-0.0001687430049060
0.3303298253510983,0.0157215800136328,-0.0001371615944663
0.3304298343536191,0.0164665896445513,0.0001130074015236
0.3305298433561398,0.0159101504832506,0.0000163187905855
0.3306298523586604,0.0163742899894714,0.0000747884332668
0.3307298613611812,0.0162775795906782,-0.0000377183205273
0.3308298703637019,0.0167120993137360,0.0000182384101208
0.3309298793662226,0.0152186695486307,0.0002793030871544
0.3310298883687433,0.0150956101715565,0.0004244405135978
0.3311298973712640,0.0158092901110649,0.0001859601034084
0.3312299063737847,0.0157227106392384,0.0003117170126643
0.3313299153763054,0.0155221102759242,0.0005269544199109
0.3314299243788261,0.0150278396904469,0.0002011009055423
0.3315299333813468,0.0133936395868659,0.0002556618128438
0.3316299423838675,0.0119625404477119,0.0000692080429872
0.3317299513863882,0.0122993597760797,0.0002600972075015
0.3318299603889089,0.0114363804459572,-0.0001625586010050
0.3319299693914297,0.0112956296652555,-0.0004618437960744
0.3320299783939503,0.0109843397513032,-0.0005666480283253
0.3321299873964710,0.0111562795937061,-0.0006132965791039
0.3322299963989918,0.0115645099431276,-0.0007388754747808
0.3323300054015125,0.0119066201150417,-0.0006408101180568
0.3324300144040331,0.0112528596073389,-0.0008471392793581
0.3325300234065539,0.0102920103818178,-0.0003559048054740
0.3326300324090746,0.0112560195848346,-0.0000156382393470
0.3327300414115953,0.0132865300402045,-0.0010181890102103
0.3328300504141160,0.0171955097466707,-0.0024571979884058
0.3329300594166367,0.0164938196539879,-0.0024827620945871
0.3330300684191574,0.0137743996456265,-0.0031392690725625
0.3331300774216781,0.0027558240108192,0.0002397357020527
0.3332300864241988,-0.0033476180396974,-0.0024775650817901
0.3333300954267195,0.0849971026182175,0.0849717631936073
0.3334301044292403,0.0849972218275070,0.0849712565541267
0.3335301134317609,0.0849970728158951,0.0849969014525414
0.3336301224342816,0.0849969834089279,0.0849967896938324
0.3337301314368024,0.0849972069263458,0.0849955677986145
0.3338301404393230,0.0849970877170563,0.0849952623248100
0.3339301494418437,0.0849971771240234,0.0849946066737175
0.3340301584443645,0.0849983319640160,0.0849943310022354
0.3341301674468852,0.0849989205598831,0.0849943310022354
0.3342301764494058,0.0849982798099518,0.0849943310022354
0.3343301854519266,0.0849981904029846,0.0849943310022354
0.3344301944544473,0.0849978476762772,0.0849945172667503
0.3345302034569680,0.0849977806210518,0.0849951580166817
0.3346302124594887,0.0849974900484085,0.0849957764148712
0.3347302214620094,0.0849973708391190,0.0849960520863533
0.3348302304645301,0.0849972963333130,0.0849964320659637
0.3349302394670508,0.0849973410367966,0.0849965363740921
0.3350302484695715,0.0849973186850548,0.0849966034293175
0.3351302574720922,0.0849972665309906,0.0849967077374458
0.3352302664746130,0.0849972590804100,0.0849967822432518
0.3353302754771336,0.0849972367286682,0.0849967673420906
0.3354302844796543,0.0849972218275070,0.0849967971444130
0.3355302934821751,0.0849972069263458,0.0849968418478966
0.3356303024846958,0.0849971994757652,0.0849968716502190
0.3357303114872164,0.0849972218275070,0.0849968716502190
0.3358303204897372,0.0849972069263458,0.0849967822432518
0.3359303294922579,0.0849971771240234,0.0849968269467354
0.3360303384947785,0.0849972218275070,0.0849968567490578
0.3361303474972993,0.0849972367286682,0.0849968418478966
0.3362303564998200,0.0849972292780876,0.0849968791007996
0.3363303655023407,0.0849972292780876,0.0849968865513802
0.3364303745048614,0.0849972367286682,0.0849968492984772
0.3365303835073821,0.0849972590804100,0.0849968567490578
0.3366303925099028,0.0849972516298294,0.0849968567490578
0.3367304015124235,0.0849972665309906,0.0849968269467354
0.3368304105149442,0.0849972665309906,0.0849968492984772
0.3369304195174649,0.0849972665309906,0.0849968418478966
0.3370304285199857,0.0849972665309906,0.0849968269467354
0.3371304375225063,0.0849972665309906,0.0849967971444130
0.3372304465250270,0.0849972888827324,0.0849967673420906
0.3373304555275478,0.0849972665309906,0.0849968269467354
0.3374304645300685,0.0849972963333130,0.0849967971444130
0.3375304735325891,0.0849972888827324,0.0849967971444130
0.3376304825351099,0.0849972963333130,0.0849968269467354
0.3377304915376306,0.0849972814321518,0.0849967971444130
0.3378305005401513,0.0849972814321518,0.0849968269467354
0.3379305095426720,0.0849973112344742,0.0849967673420906
0.3380305185451927,0.0849972888827324,0.0849967673420906
0.3381305275477134,0.0849973112344742,0.0849967822432518
0.3382305365502341,0.0849973335862160,0.0849967524409294
0.3383305455527548,0.0849973112344742,0.0849967375397682
0.3384305545552755,0.0849973112344742,0.0849968120455742
0.3385305635577963,0.0849973112344742,0.0849967598915100
0.3386305725603169,0.0849973410367966,0.0849967375397682
0.3387305815628376,0.0849973186850548,0.0849968269467354
0.3388305905653584,0.0849973484873772,0.0849967971444130
0.3389305995678790,0.0849973112344742,0.0849967896938324
0.3390306085703997,0.0849973335862160,0.0849967896938324
0.3391306175729205,0.0849973186850548,0.0849967896938324
0.3392306265754412,0.0849973633885384,0.0849967896938324
0.3393306355779618,0.0849973410367966,0.0849967598915100
0.3394306445804826,0.0849973112344742,0.0849967822432518
0.3395306535830033,0.0849973633885384,0.0849967971444130
0.3396306625855240,0.0849973335862160,0.0849967822432518
0.3397306715880447,0.0849973335862160,0.0849968567490578
0.3398306805905654,0.0849972963333130,0.0849969163537025
0.3399306895930861,0.0849973112344742,0.0849968865513802
0.3400306985956068,0.0849973335862160,0.0849969014525414
0.3401307075981275,0.0849972963333130,0.0849969163537025
0.3402307166006482,0.0849973112344742,0.0849968865513802
0.3403307256031690,0.0849972814321518,0.0849969387054443
0.3404307346056896,0.0849972963333130,0.0849969387054443
0.3405307436082103,0.0849972888827324,0.0849969536066055
0.3406307526107311,0.0849972814321518,0.0849969610571861
0.3407307616132517,0.0849972665309906,0.0849969834089279
0.3408307706157724,0.0849972590804100,0.0849969834089279
0.3409307796182932,0.0849972665309906,0.0849969834089279
0.3410307886208139,0.0849972665309906,0.0849969908595085
0.3411307976233345,0.0849972665309906,0.0849970132112503
0.3412308066258553,0.0849972665309906,0.0849970132112503
0.3413308156283760,0.0849972516298294,0.0849970206618309
0.3414308246308967,0.0849972590804100,0.0849970132112503
0.3415308336334174,0.0849972590804100,0.0849970132112503
0.3416308426359381,0.0849972590804100,0.0849970132112503
0.3417308516384588,0.0849972590804100,0.0849970281124115
0.3418308606409795,0.0849972516298294,0.0849970504641533
0.3419308696435002,0.0849972516298294,0.0849970430135727
0.3420308786460209,0.0849972516298294,0.0849970430135727
0.3421308876485417,0.0849972516298294,0.0849970430135727
0.3422308966510623,0.0849972516298294,0.0849970281124115
0.3423309056535830,0.0849972516298294,0.0849970430135727
0.3424309146561038,0.0849972367286682,0.0849970504641533
0.3425309236586245,0.0849972367286682,0.0849970504641533
0.3426309326611451,0.0849972292780876,0.0849970504641533
0.3427309416636659,0.0849972367286682,0.0849970504641533
0.3428309506661866,0.0849972367286682,0.0849970579147339
0.3429309596687072,0.0849972367286682,0.0849970579147339
0.3430309686712280,0.0849972292780876,0.0849970728158951
0.3431309776737487,0.0849972367286682,0.0849970579147339
0.3432309866762694,0.0849972367286682,0.0849970728158951
0.3433309956787901,0.0849972292780876,0.0849970728158951
0.3434310046813108,0.0849972367286682,0.0849970728158951
0.3435310136838315,0.0849972367286682,0.0849970728158951
0.3436310226863523,0.0849972367286682,0.0849970728158951
0.3437310316888729,0.0849972218275070,0.0849970728158951
0.3438310406913936,0.0849972218275070,0.0849970728158951
0.3439310496939144,0.0849972218275070,0.0849970728158951
0.3440310586964350,0.0849972218275070,0.0849970802664757
0.3441310676989557,0.0849972292780876,0.0849970728158951
0.3442310767014765,0.0849972218275070,0.0849970802664757
0.3443310857039972,0.0849972292780876,0.0849970802664757
0.3444310947065178,0.0849972218275070,0.0849970877170563
0.3445311037090386,0.0849972069263458,0.0849970877170563
0.3446311127115593,0.0849972292780876,0.0849970877170563
0.3447311217140800,0.0849972069263458,0.0849970877170563
0.3448311307166007,0.0849972218275070,0.0849970877170563
0.3449311397191214,0.0849972069263458,0.0849970877170563
0.3450311487216421,0.0849972069263458,0.0849971026182175
0.3451311577241628,0.0849972218275070,0.0849971026182175
0.3452311667266835,0.0849972218275070,0.0849971026182175
0.3453311757292042,0.0849972069263458,0.0849971026182175
0.3454311847317250,0.0849972069263458,0.0849971026182175
0.3455311937342456,0.0849971994757652,0.0849971100687981
0.3456312027367663,0.0849971920251846,0.0849971175193787
0.3457312117392871,0.0849971920251846,0.0849971100687981
0.3458312207418077,0.0849971994757652,0.0849970877170563
0.3459312297443284,0.0849971994757652,0.0849970728158951
0.3460312387468492,0.0849972292780876,0.0849971324205399
0.3461312477493699,0.0849973484873772,0.0849972888827324
0.3462312567518905,0.0849974825978279,0.0849975496530533
0.3463312657544113,0.0849976092576981,0.0849977433681488
0.3464312747569320,0.0849976986646652,0.0849980935454369
0.3465312837594527,0.0849978327751160,0.0849983170628548
0.3466312927619734,0.0849979519844055,0.0849986076354980
0.3467313017644941,0.0849980413913727,0.0849989429116249
0.3468313107670148,0.0849979370832443,0.0849991366267204
0.3469313197695355,0.0849980115890503,0.0849993824958801
0.3470313287720562,0.0849983170628548,0.0849995836615562
0.3471313377745769,0.0849983617663383,0.0849997028708458
0.3472313467770977,0.0849985033273697,0.0849997699260712
0.3473313557796183,0.0849984288215637,0.0849997177720070
0.3474313647821390,0.0849984735250473,0.0849998220801353
0.3475313737846598,0.0849984586238861,0.0849997326731682
0.3476313827871805,0.0849983990192413,0.0849981382489204
0.3477313917897011,0.0849980413913727,0.0849742218852043
0.3478314007922219,0.0849977433681488,0.0849778503179550
0.3479314097947426,0.0849977880716324,0.0849753320217133
0.3480314187972632,-0.0192851498723030,0.0277614109218121
0.3481314277997840,-0.0062795118428767,0.0214197803288698
0.3482314368023047,0.0057563460431993,0.0151347797363997
0.3483314458048254,0.0145758604630828,0.0106100197881460
0.3484314548073461,0.0192018393427134,0.0063170031644404
0.3485314638098668,0.0215617697685957,0.0044274060055614
0.3486314728123875,0.0216026399284601,0.0029918989166617
0.3487314818149083,0.0215234607458115,0.0023805890232325
0.3488314908174289,0.0210789702832699,0.0017470580060035
0.3489314998199496,0.0202443301677704,0.0017702049808577
0.3490315088224704,0.0193382706493139,0.0017448270227760
0.3491315178249910,0.0184535291045904,0.0015227310359478
0.3492315268275117,0.0189325604587793,0.0017083350103348
0.3493315358300325,0.0197142902761698,0.0012670869473368
0.3494315448325532,0.0199434906244278,0.0009541673935018
0.3495315538350738,0.0198288802057505,0.0002955181989819
0.3496315628375946,0.0205792002379894,-0.0000867350536282
0.3497315718401153,0.0232321806252003,-0.0008947250898927
0.3498315808426359,0.0236001703888178,-0.0012421370483935
0.3499315898451567,0.0255618095397949,-0.0017262069741264
0.3500315988476774,0.0253519900143147,-0.0019616610370576
0.3501316078501981,0.0277520790696144,-0.0026224919129163
0.3502316168527188,0.0274623297154903,-0.0023353439755738
0.3503316258552395,0.0289454404264688,-0.0022218669764698
0.3504316348577602,0.0314120389521122,-0.0024783168919384
0.3505316438602810,0.0309548601508141,-0.0019921408966184
0.3506316528628016,0.0321110188961029,-0.0018468790221959
0.3507316618653223,0.0321451500058174,-0.0014340979978442
0.3508316708678431,0.0320885702967644,-0.0010453440481797
0.3509316798703637,0.0325754918158054,-0.0008190365042537
0.3510316888728844,0.0311873499304056,-0.0002534794039093
0.3511316978754052,0.0330453515052795,-0.0000089435843620
0.3512317068779259,0.0304838791489601,0.0005258552846499
0.3513317158804465,0.0276228506118059,0.0013305359752849
0.3514317248829673,0.0258360300213099,0.0012597820023075
0.3515317338854880,0.0267414096742868,0.0011694410350174
0.3516317428880087,0.0246293898671865,0.0011501560220495
0.3517317518905294,0.0244313906878233,0.0012481759767979
0.3518317608930501,0.0230577699840069,0.0013397060101852
0.3519317698955708,0.0241392906755209,0.0013634409988299
0.3520317788980915,0.0230716001242399,0.0012939790030941
0.3521317879006122,0.0235968194901943,0.0015625739470124
0.3522317969031329,0.0225553307682276,0.0014026060234755
0.3523318059056537,0.0218729209154844,0.0014471319736913
0.3524318149081743,0.0216213501989841,0.0012512040557340
0.3525318239106950,0.0207391697913408,0.0010176040232182
0.3526318329132158,0.0197286996990442,0.0010605009738356
0.3527318419157365,0.0166207496076822,0.0010656010126695
0.3528318509182571,0.0170101206749678,0.0008324669906870
0.3529318599207779,0.0152002396062016,0.0008494334761053
0.3530318689232986,0.0053419438190758,0.0019788620993495
0.3531318779258192,0.0035338581074029,0.0017367620021105
0.3532318869283400,0.0025766929611564,0.0016658549429849
0.3533318959308607,0.0038462760858238,0.0010997379431501
0.3534319049333814,0.0040192459709942,0.0006649374845438
0.3535319139359021,0.0016152829630300,0.0005157655104995
0.3536319229384228,0.0022434550337493,0.0003300750104245
0.3537319319409435,0.0028448330704123,-0.0002331591967959
0.3538319409434643,0.0025224809069186,-0.0001397136948071
0.3539319499459849,0.0029909100849181,-0.0003439039865043
0.3540319589485056,0.0017919410020113,-0.0000757045272621
0.3541319679510264,0.0018940969603136,-0.0001436377060600
0.3542319769535470,0.0014475990319625,-0.0000220061901928
0.3543319859560677,0.0024159890599549,-0.0001586272992427
0.3544319949585885,0.0023721589241177,-0.0003619171038736
0.3545320039611092,0.0036487269680947,-0.0008347429102287
0.3546320129636298,0.0040420759469271,-0.0010299689602107
0.3547320219661506,0.0036039471160620,-0.0011690079700202
0.3548320309686713,0.0035012029111385,-0.0011769949924201
0.3549320399711919,0.0038769950624555,-0.0013261110289022
0.3550320489737127,0.0035235739778727,-0.0011931039625779
0.3551320579762334,0.0023386280518025,-0.0010408119997010
0.3552320669787541,0.0025776899419725,-0.0006743214908056
0.3553320759812748,0.0029541170224547,-0.0007744908798486
0.3554320849837955,0.0030786390416324,-0.0005575416143984
0.3555320939863162,0.0037690219469368,-0.0007602288969792
0.3556321029888370,0.0026006309781224,-0.0004508470883593
0.3557321119913576,0.0025364470202476,-0.0003704194095917
0.3558321209938783,0.0019988429266959,-0.0002795550099108
0.3559321299963991,0.0026646880432963,-0.0004793682892341
0.3560321389989197,0.0028222780674696,0.0000283372992271
0.3561321480014404,0.0039798249490559,-0.0002531383943278
0.3562321570039612,0.0027598419692367,0.0002814334002323
0.3563321660064819,0.0029954239726067,0.0001167074005934
0.3564321750090025,0.0029897259082645,-0.0001104309994844
0.3565321840115233,0.0032523761037737,-0.0002354626049055
0.3566321930140440,0.0022167270071805,-0.0001981442037504
0.3567322020165647,0.0037712228950113,-0.0008449014858343
0.3568322110190854,0.0046165250241756,-0.0008152173249982
0.3569322200216061,0.0037983760703355,-0.0005825334228575
0.3570322290241268,0.0039752991870046,-0.0005934928776696
0.3571322380266475,0.0039834277704358,-0.0002829949953593
0.3572322470291682,0.0044884989038110,-0.0001624256983632
0.3573322560316889,0.0034007919020951,0.0002743763907347
0.3574322650342097,0.0042451941408217,-0.0000127957200675
0.3575322740367303,0.0056115621700883,-0.0002786885015666
0.3576322830392510,0.0047216620296240,0.0000103783204395
0.3577322920417718,0.0054601081646979,-0.0000722303229850
0.3578323010442925,0.0053345179185271,-0.0004896642058156
0.3579323100468131,0.0067357458174229,-0.0004212154017296
0.3580323190493339,0.0066660768352449,-0.0005027859006077
0.3581323280518546,0.0057058189995587,-0.0001847306994023
0.3582323370543752,0.0064708529971540,0.0000056116509768
0.3583323460568960,0.0069713909178972,-0.0000525952091266
0.3584323550594167,0.0077684139832854,-0.0003004691097885
0.3585323640619374,0.0084615424275398,-0.0002898408856709
0.3586323730644581,0.0079629309475422,-0.0002750940911938
0.3587323820669788,0.0089607005938888,-0.0003725012065843
0.3588323910694995,0.0085732424631715,-0.0003850987122860
0.3589324000720203,0.0087801301851869,-0.0004109952133149
0.3590324090745409,0.0085044046863914,0.0000091301462817
0.3591324180770616,0.0089325504377484,0.0001052403022186
0.3592324270795824,0.0091075981035829,0.0001699918939266
0.3593324360821030,0.0089958868920803,0.0002452825137880
0.3594324450846237,0.0098831783980131,0.0003632724110503
0.3595324540871445,0.0103533202782273,0.0000253010894085
0.3596324630896652,0.0102429501712322,-0.0003284157137387
0.3597324720921858,0.0103072999045253,-0.0006039824220352
0.3598324810947066,0.0107791200280190,-0.0005557095864788
0.3599324900972273,0.0103320302441716,-0.0006966919172555
0.3600324990997479,0.0117751499637961,-0.0008974787779152
0.3601325081022687,0.0116240298375487,-0.0005699861794710
0.3602325171047894,0.0113344099372625,-0.0003071555111092
0.3603325261073101,0.0113957496359944,-0.0001731490046950
0.3604325351098308,0.0123782800510526,-0.0003114198043477
0.3605325441123515,0.0112442001700401,-0.0000434666289948
0.3606325531148722,0.0123512102290988,-0.0002742730139289
0.3607325621173930,0.0119834700599313,-0.0000482770810777
0.3608325711199136,0.0127844996750355,-0.0001528111024527
0.3609325801224343,0.0126382401213050,-0.0002086763997795
0.3610325891249551,0.0141526302322745,-0.0001289573992835
0.3611325981274757,0.0138259697705507,0.0000544736903976
0.3612326071299964,0.0134079195559025,0.0001216040982399
0.3613326161325172,0.0132398502901196,0.0003144096990582
0.3614326251350379,0.0137300696223974,0.0001819257013267
0.3615326341375585,0.0131002804264426,0.0003760384861380
0.3616326431400793,0.0135196698829532,-0.0000095835002867
0.3617326521426000,0.0135971000418067,-0.0003195845929440
0.3618326611451207,0.0131898596882820,-0.0003755633078981
0.3619326701476414,0.0148848202079535,-0.0008013037731871
0.3620326791501621,0.0137297101318836,-0.0002221149043180
0.3621326881526828,0.0142174297943711,0.0000420575415774
0.3622326971552035,0.0145907299593091,0.0002832225873135
0.3623327061577242,0.0153876999393106,0.0001530206063762
0.3624327151602449,0.0155747998505831,0.0000996554008452
0.3625327241627657,0.0161399003118277,0.0000645215113764
0.3626327331652863,0.0147178499028087,0.0002823256072588
0.3627327421678070,0.0161828398704529,-0.0003099364985246
0.3628327511703278,0.0150766000151634,-0.0003825156891253
0.3629327601728485,0.0170011892914772,-0.0004912816802971
0.3630327691753691,0.0170729402452707,-0.0003775038931053
0.3631327781778899,0.0167129691690207,-0.0002456050133333
0.3632327871804106,0.0158016793429852,-0.0002506873861421
0.3633327961829312,0.0161655396223068,-0.0001926799013745
0.3634328051854520,0.0165749099105597,-0.0001056934997905
0.3635328141879727,0.0175560805946589,-0.0003146466915496
0.3636328231904934,0.0167935304343700,-0.0003623664088082
0.3637328321930141,0.0156348496675491,-0.0001666666939855
0.3638328411955348,0.0172931794077158,-0.0000666529376758
0.3639328501980555,0.0176832899451256,-0.0000974693830358
0.3640328592005762,0.0170768797397614,0.0000337993697030
0.3641328682030969,0.0166678708046675,0.0001537602947792
0.3642328772056176,0.0176799595355988,0.0002655377902556
0.3643328862081384,0.0180454794317484,0.0002295863960171
0.3644328952106590,0.0182425193488598,0.0003691226884257
0.3645329042131797,0.0177723690867424,0.0001920539070852
0.3646329132157005,0.0185613706707954,-0.0001528283028165
0.3647329222182212,0.0180550403892994,-0.0003329839964863
0.3648329312207418,0.0185293592512608,-0.0003153104917146
0.3649329402232626,0.0172358509153128,-0.0000327492089127
0.3650329492257833,0.0187291800975800,-0.0003521293110680
0.3651329582283039,0.0193073004484177,-0.0000361860911653
0.3652329672308247,0.0178483091294765,0.0001109285003622
0.3653329762333454,0.0185108203440905,0.0001930552971317
0.3654329852358661,0.0178780294954777,0.0003796317905653
0.3655329942383868,0.0191954597830772,0.0004458817129489
0.3656330032409075,0.0189509298652411,0.0002677247975953
0.3657330122434282,0.0194321107119322,0.0001407936069882
0.3658330212459490,0.0196161698549986,-0.0001431718992535
0.3659330302484696,0.0198459699749947,-0.0000144120604091
0.3660330392509903,0.0190167706459761,0.0000401754696213
0.3661330482535111,0.0194451007992029,-0.0000159157007147
0.3662330572560317,0.0187372900545597,0.0002531374921091
0.3663330662585524,0.0206412207335234,0.0000444407487521
0.3664330752610732,0.0194036494940519,0.0000739506431273
0.3665330842635939,0.0204212404787540,-0.0003643330128398
0.3666330932661145,0.0198266394436359,-0.0003317992086522
0.3667331022686353,0.0198978204280138,-0.0006796706002206
0.3668331112711560,0.0202528107911348,-0.0007101856172085
0.3669331202736767,0.0185289792716503,-0.0003657375054900
0.3670331292761974,0.0198317691683769,-0.0004591270990204
0.3671331382787181,0.0190397500991821,-0.0002251069963677
0.3672331472812388,0.0195469204336405,0.0000747191079427
0.3673331562837595,0.0183466691523790,0.0003715433995239
0.3674331652862802,0.0195110291242599,0.0001304564066231
0.3675331742888009,0.0178611800074577,0.0004138408112340
0.3676331832913217,0.0189667996019125,0.0003209688875359
0.3677331922938423,0.0184220392256975,0.0003388659970369
0.3678332012963630,0.0189062394201756,0.0002319685008842
0.3679332102988838,0.0184102207422256,0.0000051330280257
0.3680332193014045,0.0194339696317911,0.0000700800665072
0.3681332283039251,0.0190357193350792,0.0000731771506253
0.3682332373064459,0.0182746890932322,0.0001613831991563
0.3683332463089666,0.0187490694224834,0.0003032489912584
0.3684332553114872,0.0192170403897762,0.0004752420936711
0.3685332643140080,0.0169812608510256,0.0004716157855000
0.3686332733165287,0.0165940392762423,0.0005380131187849
0.3687332823190494,0.0171830691397190,0.0002208762016380
0.3688332913215701,0.0166934598237276,0.0002445814898238
0.3689333003240908,0.0182052701711655,0.0001384353963658
0.3690333093266115,0.0166684295982122,0.0003590258129407
0.3691333183291322,0.0181410294026136,0.0004148473963141
0.3692333273316529,0.0177787691354752,0.0004443752986845
0.3693333363341736,0.0172895807772875,0.0005482081905939
0.3694333453366944,0.0176779199391603,0.0003823935112450
0.3695333543392150,0.0170857608318329,0.0004089080903213
0.3696333633417357,0.0170002207159996,0.0002083161962219
0.3697333723442565,0.0168258193880320,0.0000548935604456
0.3698333813467772,0.0175477005541325,-0.0004325897025410
0.3699333903492978,0.0166023597121239,-0.0003553807036951
0.3700333993518186,0.0175339207053185,-0.0006254037725739
0.3701334083543393,0.0166825503110886,-0.0004252658982296
0.3702334173568599,0.0180902890861034,-0.0004383937048260
0.3703334263593807,0.0165194198489189,-0.0001510035945103
0.3704334353619014,0.0175365693867207,-0.0001456515019527
0.3705334443644221,0.0167303998023272,0.0000082492897491
0.3706334533669428,0.0176948998123407,0.0000079185292634
0.3707334623694635,0.0163614396005869,0.0002588070929050
0.3708334713719842,0.0169491600245237,0.0000452300409961
0.3709334803745050,0.0164923593401909,0.0000481321185362
0.3710334893770256,0.0171739701181650,0.0000128390402097
0.3711334983795463,0.0166009999811649,0.0003368115867488
0.3712335073820671,0.0157850701361895,0.0006235013133846
0.3713335163845877,0.0167012196034193,0.0005155021790415
0.3714335253871084,0.0157910808920860,0.0006142653874122
0.3715335343896292,0.0163496695458889,0.0003071567043662
0.3716335433921499,0.0158852394670248,0.0000612464500591
0.3717335523946705,0.0170259904116392,-0.0002817774948198
0.3718335613971913,0.0163934491574764,-0.0002581863082014
0.3719335703997120,0.0163441803306341,-0.0002831495949067
0.3720335794022327,0.0157174598425627,-0.0000335316690325
0.3721335884047534,0.0149384699761868,0.0002749752893578
0.3722335974072741,0.0148035604506731,0.0005154075915925
0.3723336064097948,0.0143252201378345,0.0012132039992139
0.3724336154123155,0.0130533603951335,0.0008312091231346
0.3725336244148362,0.0132766803726554,0.0006282753893174
0.3726336334173569,0.0125338202342391,0.0002784368116409
0.3727336424198777,0.0125478496775031,-0.0000293897701340
0.3728336514223983,0.0124111101031303,-0.0004761648888234
0.3729336604249190,0.0118255699053407,-0.0005281937192194
0.3730336694274398,0.0110920500010252,-0.0007800933090039
0.3731336784299605,0.0096091115847230,-0.0007655153749511
0.3732336874324811,0.0095941741019487,-0.0007277082768269
0.3733336964350019,0.0100661003962159,-0.0006445226026699
0.3734337054375226,0.0129486303776503,-0.0005973522784188
0.3735337144400432,0.0140939801931381,-0.0011761080240831
0.3736337234425640,0.0134726101532578,-0.0017530119512230
0.3737337324450847,0.0147629296407104,-0.0024565889034420
0.3738337414476054,0.0068874987773597,-0.0008628902141936
0.3739337504501261,0.0003222534141969,0.0007525042747147
0.3740337594526468,-0.0049085440114141,0.0000354850490112
0.3741337684551675,-0.0120276100933552,-0.0008174137910828
0.3742337774576882,0.0849970206618309,0.0849681422114372
0.3743337864602089,0.0849969610571861,0.0849968716502190
0.3744337954627296,0.0849970430135727,0.0849968791007996
0.3745338044652504,0.0849971920251846,0.0849955528974533
0.3746338134677710,0.0849969834089279,0.0849953591823578
0.3747338224702917,0.0849970430135727,0.0849949195981026
0.3748338314728125,0.0849974974989891,0.0849943310022354
0.3749338404753332,0.0849994122982025,0.0849943310022354
0.3750338494778538,0.0849988684058189,0.0849943310022354
0.3751338584803746,0.0849984735250473,0.0849943310022354
0.3752338674828953,0.0849979072809219,0.0849945321679115
0.3753338764854159,0.0849976763129234,0.0849954411387444
0.3754338854879367,0.0849974006414413,0.0849959403276443
0.3755338944904574,0.0849973112344742,0.0849961936473846
0.3756339034929781,0.0849972590804100,0.0849964767694473
0.3757339124954988,0.0849972590804100,0.0849966704845428
0.3758339214980195,0.0849972069263458,0.0849967673420906
0.3759339305005402,0.0849972292780876,0.0849968269467354
0.3760339395030609,0.0849972069263458,0.0849968492984772
0.3761339485055816,0.0849972069263458,0.0849969089031219
0.3762339575081023,0.0849972218275070,0.0849969312548637
0.3763339665106231,0.0849971994757652,0.0849969536066055
0.3764339755131437,0.0849971994757652,0.0849969536066055
0.3765339845156644,0.0849972069263458,0.0849969685077667
0.3766339935181852,0.0849972069263458,0.0849969685077667
0.3767340025207059,0.0849972069263458,0.0849969685077667
0.3768340115232265,0.0849972218275070,0.0849969387054443
0.3769340205257473,0.0849972292780876,0.0849969312548637
0.3770340295282680,0.0849972292780876,0.0849969163537025
0.3771340385307887,0.0849972292780876,0.0849969312548637
0.3772340475333094,0.0849972367286682,0.0849969163537025
0.3773340565358301,0.0849972292780876,0.0849969014525414
0.3774340655383508,0.0849972367286682,0.0849969089031219
0.3775340745408715,0.0849972292780876,0.0849968791007996
0.3776340835433922,0.0849972367286682,0.0849968865513802
0.3777340925459129,0.0849972367286682,0.0849969163537025
0.3778341015484336,0.0849972367286682,0.0849969089031219
0.3779341105509543,0.0849972367286682,0.0849968791007996
0.3780341195534750,0.0849972292780876,0.0849968567490578
0.3781341285559958,0.0849972665309906,0.0849968567490578
0.3782341375585164,0.0849972665309906,0.0849968567490578
0.3783341465610371,0.0849972367286682,0.0849968194961548
0.3784341555635579,0.0849972665309906,0.0849968120455742
0.3785341645660786,0.0849972590804100,0.0849968120455742
0.3786341735685992,0.0849972888827324,0.0849967971444130
0.3787341825711200,0.0849972665309906,0.0849968194961548
0.3788341915736407,0.0849972367286682,0.0849968194961548
0.3789342005761614,0.0849972963333130,0.0849967598915100
0.3790342095786821,0.0849972814321518,0.0849968269467354
0.3791342185812028,0.0849972963333130,0.0849967822432518
0.3792342275837235,0.0849972814321518,0.0849967524409294
0.3793342365862442,0.0849973112344742,0.0849967971444130
0.3794342455887649,0.0849972963333130,0.0849967673420906
0.3795342545912856,0.0849972665309906,0.0849968120455742
0.3796342635938064,0.0849972963333130,0.0849967673420906
0.3797342725963270,0.0849973112344742,0.0849967598915100
0.3798342815988477,0.0849973112344742,0.0849968269467354
0.3799342906013685,0.0849973335862160,0.0849967971444130
0.3800342996038892,0.0849972963333130,0.0849967971444130
0.3801343086064098,0.0849973112344742,0.0849968567490578
0.3802343176089306,0.0849973186850548,0.0849968269467354
0.3803343266114513,0.0849973335862160,0.0849967673420906
0.3804343356139719,0.0849973335862160,0.0849968865513802
0.3805343446164927,0.0849973112344742,0.0849969014525414
0.3806343536190134,0.0849972888827324,0.0849968492984772
0.3807343626215341,0.0849972814321518,0.0849969312548637
0.3808343716240548,0.0849972963333130,0.0849969163537025
0.3809343806265755,0.0849972665309906,0.0849969536066055
0.3810343896290962,0.0849972665309906,0.0849969387054443
0.3811343986316169,0.0849972665309906,0.0849969610571861
0.3812344076341376,0.0849972888827324,0.0849969163537025
0.3813344166366583,0.0849972665309906,0.0849969908595085
0.3814344256391791,0.0849972814321518,0.0849969536066055
0.3815344346416997,0.0849972888827324,0.0849970132112503
0.3816344436442204,0.0849972590804100,0.0849969908595085
0.3817344526467412,0.0849972665309906,0.0849969536066055
0.3818344616492619,0.0849972665309906,0.0849970132112503
0.3819344706517825,0.0849972590804100,0.0849969610571861
0.3820344796543033,0.0849972590804100,0.0849970132112503
0.3821344886568240,0.0849972516298294,0.0849970132112503
0.3822344976593447,0.0849972590804100,0.0849970281124115
0.3823345066618654,0.0849972665309906,0.0849970281124115
0.3824345156643861,0.0849972590804100,0.0849970132112503
0.3825345246669068,0.0849972516298294,0.0849970132112503
0.3826345336694275,0.0849972516298294,0.0849970281124115
0.3827345426719482,0.0849972367286682,0.0849970430135727
0.3828345516744689,0.0849972367286682,0.0849970430135727
0.3829345606769896,0.0849972367286682,0.0849970430135727
0.3830345696795103,0.0849972367286682,0.0849970430135727
0.3831345786820310,0.0849972367286682,0.0849970430135727
0.3832345876845518,0.0849972292780876,0.0849970430135727
0.3833345966870724,0.0849972367286682,0.0849970430135727
0.3834346056895931,0.0849972367286682,0.0849970579147339
0.3835346146921139,0.0849972292780876,0.0849970579147339
0.3836346236946346,0.0849972292780876,0.0849970579147339
0.3837346326971552,0.0849972367286682,0.0849970504641533
0.3838346416996760,0.0849972367286682,0.0849970579147339
0.3839346507021967,0.0849972218275070,0.0849970728158951
0.3840346597047174,0.0849972292780876,0.0849970579147339
0.3841346687072381,0.0849972367286682,0.0849970579147339
0.3842346777097588,0.0849972292780876,0.0849970728158951
0.3843346867122795,0.0849972292780876,0.0849970728158951
0.3844346957148002,0.0849972292780876,0.0849970728158951
0.3845347047173209,0.0849972218275070,0.0849970728158951
0.3846347137198416,0.0849972292780876,0.0849970728158951
0.3847347227223623,0.0849972218275070,0.0849970728158951
0.3848347317248830,0.0849972218275070,0.0849970728158951
0.3849347407274037,0.0849972218275070,0.0849970728158951
0.3850347497299245,0.0849972218275070,0.0849970728158951
0.3851347587324452,0.0849972292780876,0.0849970728158951
0.3852347677349658,0.0849972218275070,0.0849970728158951
0.3853347767374866,0.0849972218275070,0.0849970802664757
0.3854347857400073,0.0849972218275070,0.0849970728158951
0.3855347947425279,0.0849972069263458,0.0849970728158951
0.3856348037450487,0.0849972218275070,0.0849970802664757
0.3857348127475694,0.0849972218275070,0.0849970802664757
0.3858348217500901,0.0849972069263458,0.0849970802664757
0.3859348307526108,0.0849972218275070,0.0849970802664757
0.3860348397551315,0.0849972292780876,0.0849970802664757
0.3861348487576522,0.0849972218275070,0.0849970802664757
0.3862348577601729,0.0849972069263458,0.0849970877170563
0.3863348667626936,0.0849972069263458,0.0849970877170563
0.3864348757652143,0.0849972069263458,0.0849970877170563
0.3865348847677350,0.0849972069263458,0.0849970877170563
0.3866348937702557,0.0849972069263458,0.0849970877170563
0.3867349027727764,0.0849972069263458,0.0849970877170563
0.3868349117752972,0.0849972069263458,0.0849971026182175
0.3869349207778179,0.0849971994757652,0.0849971026182175
0.3870349297803385,0.0849971920251846,0.0849971026182175
0.3871349387828593,0.0849971920251846,0.0849971100687981
0.3872349477853800,0.0849971994757652,0.0849971026182175
0.3873349567879007,0.0849972218275070,0.0849970728158951
0.3874349657904214,0.0849971994757652,0.0849970206618309
0.3875349747929421,0.0849972367286682,0.0849971175193787
0.3876349837954628,0.0849973782896996,0.0849973335862160
0.3877349927979835,0.0849975720047951,0.0849977210164070
0.3878350018005042,0.0849977135658264,0.0849980413913727
0.3879350108030249,0.0849978476762772,0.0849982276558876
0.3880350198055456,0.0849978774785995,0.0849983617663383
0.3881350288080663,0.0849980115890503,0.0849986970424652
0.3882350378105870,0.0849979370832443,0.0849990174174309
0.3883350468131078,0.0849981307983398,0.0849992111325264
0.3884350558156284,0.0849981233477592,0.0849994570016861
0.3885350648181491,0.0849983990192413,0.0849996730685234
0.3886350738206699,0.0849986523389816,0.0849997475743294
0.3887350828231906,0.0849988907575607,0.0849998667836189
0.3888350918257112,0.0849989727139473,0.0850000008940697
0.3889351008282320,0.0849985033273697,0.0849998667836189
0.3890351098307527,0.0849986001849174,0.0849997624754906
0.3891351188332734,0.0849981680512428,0.0849971324205399
0.3892351278357941,0.0849979594349861,0.0849761888384819
0.3893351368383148,0.0849976688623428,0.0849765837192535
0.3894351458408355,0.0849977731704712,0.0849759206175804
0.3895351548433562,-0.0156336203217506,0.0269072093069553
0.3896351638458769,-0.0050859102047980,0.0204058196395636
0.3897351728483976,0.0038963321130723,0.0148586602881551
0.3898351818509183,0.0102688204497099,0.0104016102850437
0.3899351908534390,0.0143899396061897,0.0072078588418663
0.3900351998559597,0.0159754808992147,0.0053803180344403
0.3901352088584805,0.0164846200495958,0.0039485828019679
0.3902352178610012,0.0166800804436207,0.0037998131010681
0.3903352268635218,0.0159979797899723,0.0031876589637250
0.3904352358660426,0.0156273301690817,0.0027306200936437
0.3905352448685633,0.0157071202993393,0.0026154119987041
0.3906352538710839,0.0164884291589260,0.0020386320538819
0.3907352628736047,0.0173990000039339,0.0015413629589602
0.3908352718761254,0.0180642697960138,0.0009097495931201
0.3909352808786461,0.0181637704372406,0.0006294440245256
0.3910352898811668,0.0203854497522116,0.0002846769930329
0.3911352988836875,0.0208019204437733,-0.0000314838798658
0.3912353078862082,0.0231442898511887,-0.0004702249134425
0.3913353168887289,0.0229898802936077,-0.0006559360772371
0.3914353258912496,0.0248200502246618,-0.0010388899827376
0.3915353348937703,0.0253139100968838,-0.0013195370556787
0.3916353438962910,0.0263434294611216,-0.0019432889530435
0.3917353528988117,0.0280672200024128,-0.0024040578864515
0.3918353619013324,0.0279439501464367,-0.0020114120561630
0.3919353709038532,0.0304333306849003,-0.0020635009277612
0.3920353799063739,0.0296764206141233,-0.0016038620378822
0.3921353889088945,0.0319304391741753,-0.0015386260347441
0.3922353979114153,0.0327957682311535,-0.0012160199694335
0.3923354069139360,0.0325534082949162,-0.0007712437072769
0.3924354159164566,0.0323040410876274,-0.0002270809054608
0.3925354249189774,0.0331465303897858,-0.0001327028003288
0.3926354339214981,0.0310754403471947,0.0004698164120782
0.3927354429240188,0.0323739312589169,0.0003928455989808
0.3928354519265395,0.0303870700299740,0.0004483122029342
0.3929354609290602,0.0332303903996944,0.0003303975099698
0.3930354699315809,0.0314236991107464,0.0003861435106955
0.3931354789341016,0.0343691483139992,-0.0000072704888225
0.3932354879366223,0.0275158900767565,0.0011744699440897
0.3933354969391430,0.0261451806873083,0.0016761460574344
0.3934355059416637,0.0244754105806351,0.0017426189733669
0.3935355149441844,0.0243670791387558,0.0018382689449936
0.3936355239467051,0.0225285999476910,0.0018197899917141
0.3937355329492259,0.0235621090978384,0.0016422920161858
0.3938355419517466,0.0210335496813059,0.0017497650114819
0.3939355509542672,0.0215804204344749,0.0014368670526892
0.3940355599567880,0.0195679608732462,0.0013833079719916
0.3941355689593087,0.0182242300361395,0.0013628819724545
0.3942355779618294,0.0183474197983742,0.0013611690374091
0.3943355869643501,0.0190759208053350,0.0011514199431986
0.3944355959668708,0.0173648204654455,0.0008324201917276
0.3945356049693915,0.0163249392062426,0.0010513860033825
0.3946356139719122,0.0146143604069948,0.0008076527738012
0.3947356229744329,0.0136223798617721,0.0006732586771250
0.3948356319769536,0.0105298701673746,0.0007102797972038
0.3949356409794743,0.0067382571287453,0.0004722374142148
0.3950356499819950,0.0059977918863297,0.0002579991996754
0.3951356589845157,0.0056249811314046,0.0000967943415162
0.3952356679870364,0.0044158478267491,0.0002647950896062
0.3953356769895572,0.0035206950269639,0.0003400178102311
0.3954356859920778,0.0043533961288631,0.0002859942032956
0.3955356949945986,0.0040829190984368,0.0001497927005403
0.3956357039971193,0.0049323528073728,-0.0001436938036932
0.3957357129996399,0.0037434319965541,-0.0001906745019369
0.3958357220021607,0.0035122360568494,-0.0000921239625313
0.3959357310046814,0.0030393619090319,-0.0002868004085030
0.3960357400072021,0.0033734079916030,-0.0003878916904796
0.3961357490097228,0.0031053579878062,-0.0005072894273326
0.3962357580122435,0.0024995049461722,-0.0004580646927934
0.3963357670147642,0.0016265859594569,-0.0003057396970689
0.3964357760172849,0.0020479240920395,-0.0006613464793190
0.3965357850198056,0.0020937679801136,-0.0006056501879357
0.3966357940223263,0.0024017749819905,-0.0008925782749429
0.3967358030248470,0.0015520990127698,-0.0007057724287733
0.3968358120273677,0.0024602930061519,-0.0011481069959700
0.3969358210298884,0.0024302978999913,-0.0010797199793160
0.3970358300324092,0.0020710059907287,-0.0009124354110099
0.3971358390349299,0.0020071528851986,-0.0006878651911393
0.3972358480374505,0.0033243570942432,-0.0007665145094506
0.3973358570399713,0.0024123580660671,-0.0002905619912781
0.3974358660424920,0.0034175179898739,-0.0005402481765486
0.3975358750450126,0.0027405400760472,-0.0002587588096503
0.3976358840475334,0.0030202500056475,-0.0002244947972940
0.3977358930500541,0.0025023929774761,-0.0001755499979481
0.3978359020525748,0.0028451229445636,-0.0000962714184425
0.3979359110550955,0.0030992440879345,-0.0001851650013123
0.3980359200576162,0.0033295720349997,-0.0002347921981709
0.3981359290601369,0.0037437928840518,-0.0002548715856392
0.3982359380626576,0.0040170000866055,-0.0003754119970836
0.3983359470651783,0.0041225091554224,-0.0004265320021659
0.3984359560676990,0.0046474630944431,-0.0003804058942478
0.3985359650702197,0.0044727530330420,-0.0003503097104840
0.3986359740727404,0.0040611890144646,-0.0003696100902744
0.3987359830752611,0.0029473120812327,0.0001396495936206
0.3988359920777819,0.0035814980510622,0.0000368078290194
0.3989360010803026,0.0039274678565562,-0.0000601409192313
0.3990360100828232,0.0045651858672500,-0.0002167039056076
0.3991360190853440,0.0045326859690249,0.0000160904091899
0.3992360280878647,0.0059141009114683,-0.0001166205984191
0.3993360370903854,0.0061965552158654,-0.0001162194021163
0.3994360460929061,0.0062477397732437,0.0000280956901406
0.3995360550954268,0.0067596058361232,-0.0003457049897406
0.3996360640979475,0.0069599021226168,-0.0004525127878878
0.3997360731004682,0.0067074410617352,-0.0001541491947137
0.3998360821029889,0.0066082081757486,-0.0003546093939804
0.3999360911055096,0.0067610861733556,-0.0004748456995003
0.4000361001080303,0.0071297991089523,-0.0006529337260872
0.4001361091105510,0.0070101199671626,-0.0007718804990873
0.4002361181130717,0.0078861117362976,-0.0006495654233731
0.4003361271155924,0.0076226620003581,-0.0004260634013917
0.4004361361181131,0.0093376096338034,-0.0004797914880328
0.4005361451206338,0.0088193966075778,-0.0000785133379395
0.4006361541231546,0.0098710292950273,-0.0001420925982529
0.4007361631256753,0.0096446974202991,0.0001044161035679
0.4008361721281959,0.0085811568424106,0.0000613533266005
0.4009361811307167,0.0095227146521211,-0.0001120372035075
0.4010361901332374,0.0098891546949744,-0.0000129784402816
0.4011361991357581,0.0095890099182725,0.0002860508102458
0.4012362081382788,0.0103304004296660,0.0003073971020058
0.4013362171407995,0.0102054895833135,0.0001460139028495
0.4014362261433202,0.0113569200038910,-0.0000451481791970
0.4015362351458409,0.0113560101017356,-0.0001651859929552
0.4016362441483616,0.0111009804531932,-0.0000852161829243
0.4017362531508823,0.0102354297414422,-0.0002840996894520
0.4018362621534030,0.0109015498310328,-0.0001554453046992
0.4019362711559237,0.0105908000841737,-0.0001275048998650
0.4020362801584444,0.0114119099453092,-0.0002695686998777
0.4021362891609651,0.0117699801921844,-0.0002315563033335
0.4022362981634858,0.0122550297528505,-0.0001260265999008
0.4023363071660065,0.0122670195996761,-0.0001752192038111
0.4024363161685273,0.0111557701602578,0.0001746574998833
0.4025363251710480,0.0118796098977327,0.0002474217035342
0.4026363341735686,0.0129851503297687,-0.0000096539170045
0.4027363431760894,0.0124933896586299,0.0000164600605785
0.4028363521786101,0.0133195500820875,-0.0000731032414478
0.4029363611811308,0.0133381597697735,-0.0003300243115518
0.4030363701836515,0.0125236604362726,-0.0001759029983077
0.4031363791861722,0.0128708900883794,-0.0003339633112773
0.4032363881886929,0.0134883597493172,-0.0007987255812623
0.4033363971912136,0.0133523000404239,-0.0004445725935511
0.4034364061937343,0.0126369800418615,-0.0004982859827578
0.4035364151962550,0.0139408102259040,-0.0003628710110206
0.4036364241987757,0.0136348996311426,-0.0003092807019129
0.4037364332012964,0.0145299304276705,-0.0001654539955780
0.4038364422038171,0.0150989498943090,-0.0004077563935425
0.4039364512063378,0.0152379898354411,-0.0001881919015432
0.4040364602088586,0.0153551800176501,-0.0001571202010382
0.4041364692113792,0.0155987795442343,-0.0000467695317639
0.4042364782139000,0.0148970596492290,0.0002493727079127
0.4043364872164207,0.0157151296734810,0.0000818140833871
0.4044364962189414,0.0154028004035354,0.0001544105034554
0.4045365052214621,0.0155665399506688,0.0003021438024007
0.4046365142239828,0.0155569203197956,0.0000624041131232
0.4047365232265035,0.0152930701151490,0.0000644324099994
0.4048365322290242,0.0159124899655581,-0.0000222704802582
0.4049365412315449,0.0177932307124138,-0.0005306096281856
0.4050365502340656,0.0172177292406559,-0.0004132635949645
0.4051365592365863,0.0174488499760628,-0.0003276254865341
0.4052365682391070,0.0171391591429710,-0.0004140553064644
0.4053365772416277,0.0176152102649212,-0.0001479814964114
0.4054365862441484,0.0177399702370167,-0.0000109703496491
0.4055365952466691,0.0183060001581907,-0.0000692561225151
0.4056366042491898,0.0182341597974300,0.0000987586099654
0.4057366132517105,0.0172548200935125,0.0000645908367005
0.4058366222542313,0.0183416008949280,-0.0001920279028127
0.4059366312567519,0.0179259497672319,-0.0000547783311049
0.4060366402592727,0.0187369007617235,-0.0001202873027069
0.4061366492617934,0.0183350294828415,0.0000701532917446
0.4062366582643141,0.0182266198098660,-0.0001652556966292
0.4063366672668348,0.0183615703135729,-0.0000304627392325
0.4064366762693555,0.0194470006972551,-0.0001008445979096
0.4065366852718762,0.0194071400910616,-0.0002022976987064
0.4066366942743969,0.0198678690940142,-0.0003399059933145
0.4067367032769176,0.0194795709103346,-0.0003643822856247
0.4068367122794383,0.0203629694879055,-0.0005140164867043
0.4069367212819590,0.0178356394171715,-0.0002995459944941
0.4070367302844797,0.0199895501136780,-0.0001950428995769
0.4071367392870004,0.0191470198333263,0.0000362948194379
0.4072367482895211,0.0192375294864178,0.0000759784234106
0.4073367572920418,0.0194334108382463,0.0002820033987518
0.4074367662945625,0.0187371708452702,0.0003729569143616
0.4075367752970833,0.0191102195531130,0.0005112615763210
0.4076367842996040,0.0188452005386353,0.0003421622968744
0.4077367933021246,0.0199135299772024,0.0001156700018328
0.4078368023046454,0.0194177702069283,0.0003011678927578
0.4079368113071661,0.0196608006954193,0.0000655564872432
0.4080368203096868,0.0191146600991488,0.0001772312971298
0.4081368293122075,0.0204443708062172,-0.0002020926040132
0.4082368383147282,0.0190209802240133,-0.0000740519972169
0.4083368473172489,0.0184172093868256,-0.0000636345575913
0.4084368563197696,0.0188846308737993,-0.0001605735014891
0.4085368653222903,0.0168289691209793,0.0002288641990162
0.4086368743248110,0.0178583897650242,0.0000206029999390
0.4087368833273317,0.0173959899693727,0.0004086928092875
0.4088368923298524,0.0165439806878567,0.0004087912093382
0.4089369013323731,0.0168330091983080,0.0004334661061876
0.4090369103348938,0.0174157600849867,0.0003059812006541
0.4091369193374145,0.0173356700688601,0.0005774156888947
0.4092369283399352,0.0186494998633862,0.0004694593953900
0.4093369373424560,0.0176501795649529,0.0001861906930571
0.4094369463449767,0.0167031902819872,0.0002158246061299
0.4095369553474974,0.0164745897054672,0.0003214619064238
0.4096369643500181,0.0161536596715450,0.0000598856713623
0.4097369733525388,0.0167954601347446,0.0001404476060998
0.4098369823550595,0.0169284306466579,-0.0000424947211286
0.4099369913575802,0.0181541498750448,-0.0004032453871332
0.4100370003601009,0.0179405193775892,-0.0005006074206904
0.4101370093626216,0.0191530603915453,-0.0007272823713720
0.4102370183651423,0.0183027591556311,-0.0007018942269497
0.4103370273676630,0.0187233593314886,-0.0005816280026920
0.4104370363701837,0.0183394197374582,-0.0004346630012151
0.4105370453727044,0.0186866298317909,-0.0001024942030199
0.4106370543752251,0.0176841504871845,0.0000418864583480
0.4107370633777458,0.0183619204908609,0.0001690844947007
0.4108370723802665,0.0172838605940342,0.0000803701987024
0.4109370813827872,0.0167362205684185,0.0000760638431530
0.4110370903853079,0.0166885294020176,0.0003815215022769
0.4111370993878287,0.0167537592351437,0.0002977020922117
0.4112371083903494,0.0180711206048727,0.0001100816007238
0.4113371173928701,0.0171303898096085,0.0004755131085403
0.4114371263953908,0.0182163305580616,0.0002038467064267
0.4115371353979115,0.0170731209218502,0.0004852788988501
0.4116371444004322,0.0184157695621252,0.0000269872798526
0.4117371534029529,0.0174894798547029,-0.0000243043596129
0.4118371624054736,0.0172293391078711,-0.0001055071988958
0.4119371714079943,0.0167308598756790,0.0002642174949870
0.4120371804105150,0.0170156005769968,0.0001744815963320
0.4121371894130357,0.0151658700779080,0.0004450484993868
0.4122371984155564,0.0137845901772380,0.0004663504078053
0.4123372074180771,0.0153588298708200,0.0004683436127380
0.4124372164205978,0.0151293696835637,0.0005451402976178
0.4125372254231185,0.0169714894145727,0.0003286477003712
0.4126372344256392,0.0157638005912304,0.0004550234880298
0.4127372434281600,0.0165788698941469,0.0002022572007263
0.4128372524306806,0.0149076301604509,0.0003393144870643
0.4129372614332014,0.0153791904449463,0.0001263237936655
0.4130372704357221,0.0154221598058939,0.0001881177013274
0.4131372794382428,0.0152977602556348,-0.0001177546000690
0.4132372884407635,0.0147462701424956,-0.0002502074057702
0.4133372974432842,0.0152685297653079,-0.0003399612032808
0.4134373064458049,0.0153480498120189,-0.0002093413058901
0.4135373154483256,0.0152914803475142,-0.0001192034978885
0.4136373244508463,0.0150621198117733,-0.0001437195023755
0.4137373334533670,0.0148005597293377,-0.0001085006006178
0.4138373424558877,0.0133372601121664,0.0000447070815426
0.4139373514584084,0.0121926302090287,-0.0000728704108042
0.4140373604609291,0.0125123895704746,-0.0002015973004745
0.4141373694634498,0.0109089901670814,-0.0000870411822689
0.4142373784659705,0.0093797016888857,0.0001184759967146
0.4143373874684912,0.0094011882320046,-0.0003480809100438
0.4144373964710119,0.0097315618768334,-0.0004519408976194
0.4145374054735327,0.0104788504540920,-0.0006075458950363
0.4146374144760534,0.0094750570133328,-0.0007183437119238
0.4147374234785741,0.0090968515723944,-0.0006742845871486
0.4148374324810948,0.0092602008953691,-0.0008131433860399
0.4149374414836155,0.0127691095694900,-0.0011138609843329
0.4150374504861362,0.0127663202583790,-0.0011083720019087
0.4151374594886569,0.0142756104469299,-0.0020672830287367
0.4152374684911776,0.0142797995358706,-0.0031680669635534
0.4153374774936983,0.0101700397208333,-0.0021303989924490
0.4154374864962190,0.0043663540855050,-0.0025632379110903
0.4155374954987397,-0.0028443990740925,-0.0026630060747266
0.4156375045012604,0.0849971175193787,0.0849693417549133
0.4157375135037811,0.0849969834089279,0.0849677473306656
0.4158375225063018,0.0849969908595085,0.0849968865513802
0.4159375315088225,0.0849969983100891,0.0849968269467354
0.4160375405113432,0.0849972516298294,0.0849956497550011
0.4161375495138639,0.0849971100687981,0.0849953293800354
0.4162375585163847,0.0849971622228622,0.0849948674440384
0.4163375675189054,0.0849974229931831,0.0849943310022354
0.4164375765214261,0.0849992781877518,0.0849943310022354
0.4165375855239468,0.0849989429116249,0.0849943310022354
0.4166375945264675,0.0849984288215637,0.0849943310022354
0.4167376035289882,0.0849981680512428,0.0849943310022354
0.4168376125315089,0.0849979221820831,0.0849949419498444
0.4169376215340296,0.0849977433681488,0.0849956199526787
0.4170376305365503,0.0849975869059563,0.0849959403276443
0.4171376395390710,0.0849973931908607,0.0849961787462234
0.4172376485415917,0.0849974304437637,0.0849964395165443
0.4173376575441124,0.0849973112344742,0.0849965214729309
0.4174376665466331,0.0849973708391190,0.0849966034293175
0.4175376755491538,0.0849972963333130,0.0849966481328011
0.4176376845516745,0.0849972292780876,0.0849966928362846
0.4177376935541952,0.0849972888827324,0.0849967002868652
0.4178377025567159,0.0849972516298294,0.0849967375397682
0.4179377115592366,0.0849972367286682,0.0849967673420906
0.4180377205617574,0.0849972367286682,0.0849967375397682
0.4181377295642781,0.0849972367286682,0.0849967226386070
0.4182377385667988,0.0849971994757652,0.0849967896938324
0.4183377475693195,0.0849972367286682,0.0849967673420906
0.4184377565718402,0.0849972367286682,0.0849967822432518
0.4185377655743609,0.0849971994757652,0.0849967896938324
0.4186377745768816,0.0849972069263458,0.0849967822432518
0.4187377835794023,0.0849972292780876,0.0849967598915100
0.4188377925819230,0.0849971994757652,0.0849967524409294
0.4189378015844437,0.0849972069263458,0.0849967077374458
0.4190378105869644,0.0849972367286682,0.0849967598915100
0.4191378195894851,0.0849972665309906,0.0849967226386070
0.4192378285920058,0.0849972665309906,0.0849967226386070
0.4193378375945265,0.0849972665309906,0.0849967375397682
0.4194378465970472,0.0849973112344742,0.0849967002868652
0.4195378555995679,0.0849973186850548,0.0849967002868652
0.4196378646020886,0.0849972963333130,0.0849967524409294
0.4197378736046094,0.0849972814321518,0.0849967077374458
0.4198378826071301,0.0849972888827324,0.0849967077374458
0.4199378916096508,0.0849972963333130,0.0849967077374458
0.4200379006121715,0.0849972814321518,0.0849967002868652
0.4201379096146922,0.0849972963333130,0.0849966704845428
0.4202379186172129,0.0849972888827324,0.0849966704845428
0.4203379276197336,0.0849972963333130,0.0849966406822205
0.4204379366222543,0.0849973335862160,0.0849966630339622
0.4205379456247750,0.0849973484873772,0.0849966332316399
0.4206379546272957,0.0849973633885384,0.0849966034293175
0.4207379636298164,0.0849973410367966,0.0849966928362846
0.4208379726323371,0.0849973484873772,0.0849966704845428
0.4209379816348578,0.0849973633885384,0.0849966332316399
0.4210379906373785,0.0849973335862160,0.0849966779351234
0.4211379996398992,0.0849973484873772,0.0849967077374458
0.4212380086424199,0.0849973633885384,0.0849966779351234
0.4213380176449406,0.0849973112344742,0.0849966928362846
0.4214380266474614,0.0849973186850548,0.0849966704845428
0.4215380356499821,0.0849973335862160,0.0849967300891876
0.4216380446525028,0.0849972963333130,0.0849967077374458
0.4217380536550235,0.0849973410367966,0.0849967375397682
0.4218380626575442,0.0849973186850548,0.0849967002868652
0.4219380716600649,0.0849973782896996,0.0849966183304787
0.4220380806625856,0.0849973335862160,0.0849967375397682
0.4221380896651063,0.0849972963333130,0.0849967673420906
0.4222380986676270,0.0849972963333130,0.0849967971444130
0.4223381076701477,0.0849973112344742,0.0849967896938324
0.4224381166726684,0.0849972963333130,0.0849968269467354
0.4225381256751891,0.0849973186850548,0.0849968269467354
0.4226381346777098,0.0849972963333130,0.0849968567490578
0.4227381436802305,0.0849972888827324,0.0849968791007996
0.4228381526827512,0.0849972963333130,0.0849969014525414
0.4229381616852719,0.0849972888827324,0.0849969014525414
0.4230381706877926,0.0849972814321518,0.0849969163537025
0.4231381796903133,0.0849972963333130,0.0849969163537025
0.4232381886928341,0.0849972963333130,0.0849969089031219
0.4233381976953548,0.0849972665309906,0.0849969536066055
0.4234382066978755,0.0849972665309906,0.0849969610571861
0.4235382157003962,0.0849972590804100,0.0849969834089279
0.4236382247029169,0.0849972516298294,0.0849969685077667
0.4237382337054376,0.0849972590804100,0.0849969834089279
0.4238382427079583,0.0849972665309906,0.0849969834089279
0.4239382517104790,0.0849972590804100,0.0849969983100891
0.4240382607129997,0.0849972367286682,0.0849970206618309
0.4241382697155204,0.0849972516298294,0.0849969983100891
0.4242382787180411,0.0849972590804100,0.0849970132112503
0.4243382877205618,0.0849972590804100,0.0849970132112503
0.4244382967230825,0.0849972516298294,0.0849970206618309
0.4245383057256032,0.0849972367286682,0.0849970430135727
0.4246383147281239,0.0849972367286682,0.0849970281124115
0.4247383237306446,0.0849972367286682,0.0849970430135727
0.4248383327331653,0.0849972367286682,0.0849970281124115
0.4249383417356861,0.0849972367286682,0.0849970430135727
0.4250383507382068,0.0849972367286682,0.0849970579147339
0.4251383597407275,0.0849972367286682,0.0849970430135727
0.4252383687432482,0.0849972292780876,0.0849970504641533
0.4253383777457689,0.0849972292780876,0.0849970579147339
0.4254383867482896,0.0849972292780876,0.0849970504641533
0.4255383957508103,0.0849972367286682,0.0849970504641533
0.4256384047533310,0.0849972292780876,0.0849970728158951
0.4257384137558517,0.0849972367286682,0.0849970728158951
0.4258384227583724,0.0849972218275070,0.0849970728158951
0.4259384317608931,0.0849972292780876,0.0849970728158951
0.4260384407634138,0.0849972292780876,0.0849970728158951
0.4261384497659345,0.0849972292780876,0.0849970728158951
0.4262384587684552,0.0849972218275070,0.0849970728158951
0.4263384677709759,0.0849972218275070,0.0849970728158951
0.4264384767734966,0.0849972292780876,0.0849970728158951
0.4265384857760173,0.0849972218275070,0.0849970728158951
0.4266384947785381,0.0849972218275070,0.0849970802664757
0.4267385037810588,0.0849972069263458,0.0849970802664757
0.4268385127835795,0.0849972069263458,0.0849970802664757
0.4269385217861002,0.0849972069263458,0.0849970877170563
0.4270385307886209,0.0849972069263458,0.0849970877170563
0.4271385397911416,0.0849972069263458,0.0849970877170563
0.4272385487936623,0.0849972069263458,0.0849970877170563
0.4273385577961830,0.0849972218275070,0.0849970877170563
0.4274385667987037,0.0849972069263458,0.0849971026182175
0.4275385758012244,0.0849972069263458,0.0849971026182175
0.4276385848037451,0.0849972069263458,0.0849971026182175
0.4277385938062658,0.0849972069263458,0.0849971026182175
0.4278386028087865,0.0849972069263458,0.0849971026182175
0.4279386118113072,0.0849972069263458,0.0849971026182175
0.4280386208138279,0.0849972069263458,0.0849971026182175
0.4281386298163486,0.0849972069263458,0.0849971026182175
0.4282386388188693,0.0849971994757652,0.0849971026182175
0.4283386478213900,0.0849971994757652,0.0849971026182175
0.4284386568239108,0.0849971920251846,0.0849971100687981
0.4285386658264315,0.0849971920251846,0.0849971175193787
0.4286386748289522,0.0849971771240234,0.0849971175193787
0.4287386838314729,0.0849971771240234,0.0849971100687981
0.4288386928339936,0.0849971771240234,0.0849970877170563
0.4289387018365143,0.0849971920251846,0.0849971398711205
0.4290387108390350,0.0849973112344742,0.0849972367286682
0.4291387198415557,0.0849974229931831,0.0849974825978279
0.4292387288440764,0.0849975198507309,0.0849977210164070
0.4293387378465971,0.0849975869059563,0.0849978178739548
0.4294387468491178,0.0849977135658264,0.0849980562925339
0.4295387558516385,0.0849977284669876,0.0849982500076294
0.4296387648541592,0.0849978402256966,0.0849986076354980
0.4297387738566799,0.0849977508187294,0.0849988609552383
0.4298387828592006,0.0849978998303413,0.0849991887807846
0.4299387918617213,0.0849980488419533,0.0849996283650398
0.4300388008642420,0.0849980935454369,0.0849994495511055
0.4301388098667628,0.0849982202053070,0.0849996134638786
0.4302388188692835,0.0849983021616936,0.0849996432662010
0.4303388278718042,0.0849983468651772,0.0849995836615562
0.4304388368743249,0.0849981829524040,0.0849995091557503
0.4305388458768456,0.0849982500076294,0.0849995613098145
0.4306388548793663,0.0849984288215637,0.0849997326731682
0.4307388638818870,0.0849979892373085,0.0849972069263458
0.4308388728844077,0.0849978923797607,0.0849793031811714
0.4309388818869284,0.0849978178739548,0.0849758610129356
0.4310388908894491,0.0849982500076294,0.0849745422601700
0.4311388998919698,-0.0045061102136970,0.0218871701508760
0.4312389088944905,0.0087777646258473,0.0147866802290082
0.4313389178970112,0.0173117406666279,0.0109080402180552
0.4314389268995319,0.0219589602202177,0.0073173400014639
0.4315389359020526,0.0238812193274498,0.0047036190517247
0.4316389449045733,0.0240020006895065,0.0033723080996424
0.4317389539070940,0.0242771506309509,0.0024686011020094
0.4318389629096147,0.0225044190883636,0.0015281980158761
0.4319389719121355,0.0225900206714869,0.0013448509853333
0.4320389809146562,0.0214686803519726,0.0018626130186021
0.4321389899171769,0.0204880107194185,0.0015475070104003
0.4322389989196976,0.0201960802078247,0.0015146119985729
0.4323390079222183,0.0198316592723131,0.0012005210155621
0.4324390169247390,0.0194904599338770,0.0011052170302719
0.4325390259272597,0.0199785102158785,0.0007014659931883
0.4326390349297804,0.0199798904359341,0.0004020376072731
0.4327390439323011,0.0210670698434114,0.0001113506004913
0.4328390529348218,0.0209792703390121,-0.0001134486010415
0.4329390619373425,0.0233000908046961,-0.0005993486847728
0.4330390709398632,0.0236599408090115,-0.0007575099007227
0.4331390799423839,0.0240715704858303,-0.0013850330142304
0.4332390889449046,0.0254219807684422,-0.0016682320274413
0.4333390979474253,0.0250483099371195,-0.0020098988898098
0.4334391069499460,0.0272794403135777,-0.0020362299401313
0.4335391159524667,0.0268524102866650,-0.0016361930174753
0.4336391249549875,0.0289117693901062,-0.0015052770031616
0.4337391339575082,0.0279167201370001,-0.0009155700099654
0.4338391429600289,0.0288140103220940,-0.0006638850900345
0.4339391519625496,0.0273539591580629,-0.0001457554026274
0.4340391609650703,0.0251742806285620,0.0005000513046980
0.4341391699675910,0.0267459899187088,0.0005536787793972
0.4342391789701117,0.0275291502475739,0.0005119803827256
0.4343391879726324,0.0261173099279404,0.0006942137842998
0.4344391969751531,0.0266325995326042,0.0009198660845868
0.4345392059776738,0.0247249994426966,0.0010371729731560
0.4346392149801945,0.0222107991576195,0.0009943974437192
0.4347392239827152,0.0227813199162483,0.0010549540165812
0.4348392329852359,0.0221177693456411,0.0010347859933972
0.4349392419877566,0.0196186807006598,0.0013712130021304
0.4350392509902773,0.0158839803189039,0.0016462979838252
0.4351392599927980,0.0152990501374006,0.0014929720200598
0.4352392689953187,0.0144665101543069,0.0012378180399537
0.4353392779978394,0.0146441403776407,0.0013214220525697
0.4354392870003602,0.0115435095503926,0.0013588489964604
0.4355392960028809,0.0120120197534561,0.0011710410472006
0.4356393050054016,0.0114784697070718,0.0010540880030021
0.4357393140079223,0.0115036303177476,0.0009673953172751
0.4358393230104430,0.0099637275561690,0.0009062173776329
0.4359393320129637,0.0088147791102529,0.0008799448260106
0.4360393410154844,0.0085724759846926,0.0005675043794326
0.4361393500180051,0.0077211530879140,0.0004250147030689
0.4362393590205258,0.0089623136445880,-0.0001012416032609
0.4363393680230465,0.0086482865735888,-0.0003230606089346
0.4364393770255672,0.0067314580082893,-0.0003212621959392
0.4365393860280879,0.0064939497970045,-0.0007478031911887
0.4366393950306086,0.0065456638112664,-0.0009147626115009
0.4367394040331293,0.0063827480189502,-0.0008266550721601
0.4368394130356500,0.0063518951646984,-0.0008765793172643
0.4369394220381707,0.0062176152132452,-0.0010225049918517
0.4370394310406914,0.0059110252186656,-0.0007250286871567
0.4371394400432122,0.0030067679472268,0.0000133838002512
0.4372394490457329,0.0037810099311173,-0.0001241028949153
0.4373394580482536,0.0035178810358047,-0.0001620333932806
0.4374394670507743,0.0042342529632151,-0.0004401387122925
0.4375394760532950,0.0043870070949197,-0.0004017568135168
0.4376394850558157,0.0051364130340517,-0.0004584279959090
0.4377394940583364,0.0053416909649968,-0.0005643977783620
0.4378395030608571,0.0051749791018665,-0.0005343314842321
0.4379395120633778,0.0063924659043550,-0.0007304244209081
0.4380395210658985,0.0057518631219864,-0.0003038416907657
0.4381395300684192,0.0062897531315684,-0.0005098751280457
0.4382395390709399,0.0055634039454162,-0.0003211160073988
0.4383395480734606,0.0051993462257087,-0.0002069337060675
0.4384395570759813,0.0060000461526215,-0.0006524497875944
0.4385395660785020,0.0071350838989019,-0.0006406914908439
0.4386395750810227,0.0078815957531333,-0.0004808889934793
0.4387395840835434,0.0074087139219046,-0.0002661618054844
0.4388395930860641,0.0077515640296042,-0.0001715435937513
0.4389396020885849,0.0075180721469223,0.0000868977804203
0.4390396110911056,0.0083292154595256,0.0000004386295132
0.4391396200936263,0.0076214321888983,-0.0000398478405259
0.4392396290961470,0.0073962630704045,-0.0000858144485392
0.4393396380986677,0.0071497489698231,0.0003538361052051
0.4394396471011884,0.0075478539802134,0.0002597323909868
0.4395396561037091,0.0082001769915223,-0.0002690760884434
0.4396396651062298,0.0079729733988643,0.0000616210527369
0.4397396741087505,0.0088703650981188,-0.0003968185046688
0.4398396831112712,0.0080111110582948,-0.0003224159008823
0.4399396921137919,0.0077033131383359,-0.0001188621972688
0.4400397011163126,0.0081295715644956,-0.0003732483892236
0.4401397101188333,0.0085187489166856,-0.0003838260890916
0.4402397191213540,0.0082379439845681,-0.0004337934951764
0.4403397281238747,0.0098994979634881,-0.0005555687239394
0.4404397371263954,0.0091331023722887,-0.0002045610017376
0.4405397461289161,0.0098674474284053,-0.0004752312961500
0.4406397551314369,0.0099398214370012,-0.0001983214024222
0.4407397641339576,0.0090479059144855,0.0001111335004680
0.4408397731364783,0.0090271849185228,-0.0001573501067469
0.4409397821389990,0.0090961493551731,0.0001635420048842
0.4410397911415197,0.0092050069943070,0.0001855039008660
0.4411398001440404,0.0102087501436472,-0.0003379516128916
0.4412398091465611,0.0107030197978020,-0.0001141452012234
0.4413398181490818,0.0102398097515106,0.0000206782096939
0.4414398271516025,0.0101225804537535,0.0000890848095878
0.4415398361541232,0.0096026640385389,0.0000032817879401
0.4416398451566439,0.0105087300762534,-0.0003077166911680
0.4417398541591646,0.0103638004511595,0.0000348562389263
0.4418398631616853,0.0112127596512437,-0.0002277611929458
0.4419398721642060,0.0109977098181844,-0.0000254007100011
0.4420398811667267,0.0105787003412843,-0.0001546045969008
0.4421398901692474,0.0114301797002554,-0.0000102562798929
0.4422398991717681,0.0111584896221757,0.0000647910128464
0.4423399081742888,0.0119439102709293,-0.0000114391195893
0.4424399171768096,0.0116332201287150,-0.0001024123994284
0.4425399261793303,0.0120269097387791,0.0000120164695545
0.4426399351818510,0.0118726100772619,-0.0000774038126110
0.4427399441843717,0.0122883096337318,-0.0002780348004308
0.4428399531868924,0.0124721303582191,-0.0003513034898788
0.4429399621894131,0.0119337299838662,-0.0001365927018924
0.4430399711919338,0.0126860002055764,-0.0002585870097391
0.4431399801944545,0.0119246598333120,-0.0000826588002383
0.4432399891969752,0.0115445703268051,-0.0001549152948428
0.4433399981994959,0.0122745297849178,-0.0004975806223229
0.4434400072020166,0.0122057003900409,-0.0006634864257649
0.4435400162045373,0.0128340097144246,-0.0003635871107690
0.4436400252070580,0.0134748099371791,-0.0007499157800339
0.4437400342095787,0.0137531803920865,-0.0003658604109660
0.4438400432120994,0.0140894697979093,-0.0002757766051218
0.4439400522146201,0.0147200301289558,-0.0004421973135322
0.4440400612171408,0.0143703399226069,-0.0002749378036242
0.4441400702196616,0.0149876801297069,0.0000427830782428
0.4442400792221823,0.0142878098413348,0.0000109983702714
0.4443400882247030,0.0144070200622082,0.0002350251015741
0.4444400972272237,0.0151038998737931,-0.0001037750989781
0.4445401062297444,0.0148968501016498,-0.0000611168798059
0.4446401152322651,0.0157278608530760,-0.0001877491013147
0.4447401242347858,0.0151921799406409,-0.0000529316203028
0.4448401332373065,0.0159850493073463,-0.0003354519139975
0.4449401422398272,0.0160695202648640,-0.0003053965047002
0.4450401512423479,0.0166957899928093,-0.0002785164979286
0.4451401602448686,0.0157332401722670,0.0001189523973153
0.4452401692473893,0.0165204294025898,-0.0000598969600105
0.4453401782499100,0.0157638601958752,0.0002583934983704
0.4454401872524307,0.0161184798926115,0.0000957278971327
0.4455401962549514,0.0177133604884148,-0.0000951998299570
0.4456402052574721,0.0169552899897099,-0.0001128020012402
0.4457402142599928,0.0173739902675152,-0.0001073457970051
0.4458402232625136,0.0174738001078367,0.0000870416624821
0.4459402322650343,0.0176022294908762,0.0000933468763833
0.4460402412675550,0.0168877094984055,0.0003722324036062
0.4461402502700757,0.0159451905637980,0.0001596078946022
0.4462402592725964,0.0182630307972431,-0.0001087644996005
0.4463402682751171,0.0171037595719099,-0.0000191841991182
0.4464402772776378,0.0177841708064079,-0.0001016626993078
0.4465402862801585,0.0168734993785620,-0.0003844574966934
0.4466402952826792,0.0176509600132704,-0.0005729107069783
0.4467403042851999,0.0183752607554197,-0.0005908207967877
0.4468403132877206,0.0175387505441904,-0.0005775691242889
0.4469403222902413,0.0189696699380875,-0.0004731682129204
0.4470403312927620,0.0181182995438576,-0.0003465802001301
0.4471403402952827,0.0185018107295036,-0.0001350396050839
0.4472403492978034,0.0180069599300623,0.0000376774805773
0.4473403583003241,0.0177087709307671,-0.0000218888708332
0.4474403673028448,0.0176945701241493,0.0003140213084407
0.4475403763053655,0.0169602893292904,0.0000607809997746
0.4476403853078863,0.0181521605700254,0.0001598762028152
0.4477403943104070,0.0180033091455698,0.0001891543943202
0.4478404033129277,0.0188495498150587,-0.0000353609902959
0.4479404123154484,0.0190139096230268,-0.0000759149188525
0.4480404213179691,0.0190938003361225,0.0000662946695229
0.4481404303204898,0.0187865793704987,0.0000152575203174
0.4482404393230105,0.0182019602507353,0.0002915516961366
0.4483404483255312,0.0180558096617460,0.0001357383007417
0.4484404573280519,0.0173198506236076,0.0000918558798730
0.4485404663305726,0.0179059691727161,0.0000009538740642
0.4486404753330933,0.0173795800656080,-0.0001936163025675
0.4487404843356140,0.0191648006439209,0.0001815376017476
0.4488404933381347,0.0189909692853689,0.0000531000587216
0.4489405023406554,0.0177874006330967,0.0003848698106594
0.4490405113431761,0.0174119006842375,0.0004518025962170
0.4491405203456968,0.0178782194852829,0.0005284760845825
0.4492405293482175,0.0179330501705408,0.0003734278143384
0.4493405383507383,0.0167885106056929,0.0006860690773465
0.4494405473532590,0.0170744005590677,0.0004009139956906
0.4495405563557797,0.0183771997690201,-0.0000392637302866
0.4496405653583004,0.0166427996009588,0.0000449004583061
0.4497405743608211,0.0166306905448437,-0.0000460552000732
0.4498405833633418,0.0175362806767225,-0.0001060677968781
0.4499405923658625,0.0182229392230511,-0.0003195019089617
0.4500406013683832,0.0172716602683067,-0.0004895973252133
0.4501406103709039,0.0179273393005133,-0.0006769974133931
0.4502406193734246,0.0175859108567238,-0.0002354884927627
0.4503406283759453,0.0178375691175461,-0.0002896611113101
0.4504406373784660,0.0177636705338955,-0.0004053890879732
0.4505406463809867,0.0168003290891647,-0.0001005493031698
0.4506406553835074,0.0177439507097006,-0.0000823852096801
0.4507406643860281,0.0166702605783939,0.0002287933020853
0.4508406733885488,0.0161795895546675,0.0001459150953451
0.4509406823910695,0.0166283901780844,0.0002770975115709
0.4510406913935903,0.0162918698042631,0.0004107423883397
0.4511407003961110,0.0173438508063555,0.0004376645083539
0.4512407093986317,0.0166624300181866,0.0004858887987211
0.4513407184011524,0.0174157992005348,0.0001958130014827
0.4514407274036731,0.0170734208077192,0.0002133571979357
0.4515407364061938,0.0180675908923149,-0.0001091004014597
0.4516407454087145,0.0180414300411940,-0.0001144206034951
0.4517407544112352,0.0170224104076624,-0.0002372010058025
0.4518407634137559,0.0168908108025789,0.0000132559598569
0.4519407724162766,0.0170630402863026,-0.0001263579033548
0.4520407814187973,0.0161529798060656,0.0003160802880302
0.4521407904213181,0.0167197603732347,0.0002830612065736
0.4522407994238387,0.0159563105553389,0.0005992937949486
0.4523408084263594,0.0167845599353313,0.0003982415946666
0.4524408174288801,0.0160582996904850,0.0006089619710110
0.4525408264314008,0.0173980705440044,0.0003704242117237
0.4526408354339215,0.0161309000104666,0.0004431093984749
0.4527408444364422,0.0157823394984007,0.0006601372733712
0.4528408534389630,0.0153588904067874,0.0005163453170098
0.4529408624414837,0.0155455898493528,0.0002629368973430
0.4530408714440044,0.0152255399152637,0.0001402534981025
0.4531408804465251,0.0148286903277040,0.0001070298967534
0.4532408894490458,0.0166765507310629,-0.0001527494023321
0.4533408984515665,0.0165731403976679,-0.0002917067904491
0.4534409074540872,0.0179123207926750,-0.0004823663912248
0.4535409164566079,0.0171601902693510,-0.0002698838070501
0.4536409254591286,0.0166556201875210,-0.0003009457141161
0.4537409344616493,0.0157374795526266,0.0000572057506361
0.4538409434641700,0.0158392302691936,0.0000866152986418
0.4539409524666908,0.0162250306457281,-0.0001571846951265
0.4540409614692114,0.0151206599548459,0.0000460243791167
0.4541409704717321,0.0152067495509982,0.0002357048069825
0.4542409794742528,0.0153940003365278,0.0000372606591554
0.4543409884767735,0.0151436598971486,0.0001173019991256
0.4544409974792942,0.0152024002745748,-0.0000104239798020
0.4545410064818150,0.0159996207803488,-0.0000868965726113
0.4546410154843357,0.0166109595447779,-0.0001767726062099
0.4547410244868564,0.0156599394977093,-0.0002499581896700
0.4548410334893771,0.0169140901416540,-0.0003960125904996
0.4549410424918978,0.0159201901406050,-0.0002231597027276
0.4550410514944185,0.0164550803601742,-0.0001958421053132
0.4551410604969392,0.0159996096044779,-0.0002302098000655
0.4552410694994599,0.0169031992554665,-0.0002339970960747
0.4553410785019806,0.0157432891428471,0.0002280390035594
0.4554410875045013,0.0142597500234842,0.0000384921186196
0.4555410965070220,0.0125105297192931,0.0001857853058027
0.4556411055095427,0.0125741101801395,-0.0000467320496682
0.4557411145120634,0.0117686800658703,0.0001304595061811
0.4558411235145841,0.0125628197565675,-0.0004238346882630
0.4559411325171048,0.0115388603881001,-0.0001986246934393
0.4560411415196255,0.0113206496462226,-0.0004534721083473
0.4561411505221463,0.0105859097093344,-0.0005790484137833
0.4562411595246669,0.0096760652959347,-0.0006125465733930
0.4563411685271877,0.0100159496068954,-0.0006667511188425
0.4564411775297084,0.0094109689816833,-0.0006198051851243
0.4565411865322291,0.0119375195354223,-0.0003717074869201
0.4566411955347498,0.0138202300295234,-0.0015361780533567
0.4567412045372705,0.0134934401139617,-0.0018302289536223
0.4568412135397912,0.0110204899683595,-0.0025485779624432
0.4569412225423119,0.0074355150572956,-0.0028634639456868
0.4570412315448326,0.0026066070422530,-0.0024926159530878
0.4571412405473533,-0.0033135120756924,-0.0032779660541564
0.4572412495498741,-0.0158359091728926,-0.0036673289723694
0.4573412585523947,0.0849969834089279,0.0849676579236984
0.4574412675549154,0.0849970281124115,0.0849968716502190
0.4575412765574361,0.0849970281124115,0.0849968716502190
0.4576412855599568,0.0849972665309906,0.0849958881735802
0.4577412945624775,0.0849970132112503,0.0849956423044205
0.4578413035649982,0.0849973112344742,0.0849541276693344
0.4579413125675190,0.0849972516298294,0.0155376400798559
0.4580413215700397,0.0849972367286682,0.0178228095173836
0.4581413305725604,0.0849973931908607,0.0849433764815331
0.4582413395750811,0.0850000008940697,0.0849943310022354
0.4583413485776018,0.0849989429116249,0.0849943310022354
0.4584413575801225,0.0849981606006622,0.0849943310022354
0.4585413665826432,0.0849978774785995,0.0849946588277817
0.4586413755851639,0.0849978178739548,0.0849952474236488
0.4587413845876846,0.0849977582693100,0.0849956274032593
0.4588413935902053,0.0849976167082787,0.0849959328770638
0.4589414025927260,0.0849975273013115,0.0849960893392563
0.4590414115952468,0.0849974527955055,0.0849963128566742
0.4591414205977674,0.0849974229931831,0.0849964395165443
0.4592414296002881,0.0849973410367966,0.0849965885281563
0.4593414386028088,0.0849973931908607,0.0849965363740921
0.4594414476053295,0.0849972963333130,0.0849966108798981
0.4595414566078502,0.0849972367286682,0.0849966481328011
0.4596414656103709,0.0849972665309906,0.0849966704845428
0.4597414746128917,0.0849972367286682,0.0849966928362846
0.4598414836154124,0.0849971994757652,0.0849966928362846
0.4599414926179331,0.0849972590804100,0.0849967226386070
0.4600415016204538,0.0849972516298294,0.0849967226386070
0.4601415106229745,0.0849972218275070,0.0849967226386070
0.4602415196254952,0.0849972292780876,0.0849967375397682
0.4603415286280159,0.0849972218275070,0.0849967375397682
0.4604415376305366,0.0849972218275070,0.0849967300891876
0.4605415466330573,0.0849972292780876,0.0849967375397682
0.4606415556355780,0.0849972367286682,0.0849967375397682
0.4607415646380987,0.0849972292780876,0.0849967226386070
0.4608415736406195,0.0849972665309906,0.0849967375397682
0.4609415826431401,0.0849972963333130,0.0849967375397682
0.4610415916456608,0.0849972814321518,0.0849967300891876
0.4611416006481815,0.0849972814321518,0.0849967375397682
0.4612416096507023,0.0849972814321518,0.0849967673420906
0.4613416186532229,0.0849972963333130,0.0849967300891876
0.4614416276557436,0.0849972963333130,0.0849967375397682
0.4615416366582644,0.0849972963333130,0.0849967375397682
0.4616416456607851,0.0849972888827324,0.0849967300891876
0.4617416546633058,0.0849972888827324,0.0849967375397682
0.4618416636658265,0.0849973112344742,0.0849967524409294
0.4619416726683472,0.0849972590804100,0.0849967375397682
0.4620416816708679,0.0849972963333130,0.0849967300891876
0.4621416906733886,0.0849972814321518,0.0849967822432518
0.4622416996759093,0.0849973112344742,0.0849967226386070
0.4623417086784301,0.0849972814321518,0.0849967822432518
0.4624417176809507,0.0849972963333130,0.0849967822432518
0.4625417266834714,0.0849972665309906,0.0849967673420906
0.4626417356859922,0.0849973186850548,0.0849967971444130
0.4627417446885128,0.0849972963333130,0.0849968194961548
0.4628417536910335,0.0849972814321518,0.0849968418478966
0.4629417626935542,0.0849972888827324,0.0849968120455742
0.4630417716960750,0.0849972963333130,0.0849967673420906
0.4631417806985956,0.0849972963333130,0.0849968269467354
0.4632417897011164,0.0849972665309906,0.0849968567490578
0.4633417987036371,0.0849972665309906,0.0849968194961548
0.4634418077061578,0.0849972963333130,0.0849968194961548
0.4635418167086785,0.0849972888827324,0.0849968567490578
0.4636418257111992,0.0849972665309906,0.0849968269467354
0.4637418347137199,0.0849972665309906,0.0849968791007996
0.4638418437162406,0.0849972814321518,0.0849969163537025
0.4639418527187613,0.0849972665309906,0.0849969163537025
0.4640418617212820,0.0849972590804100,0.0849969163537025
0.4641418707238028,0.0849972665309906,0.0849969163537025
0.4642418797263234,0.0849972665309906,0.0849969312548637
0.4643418887288441,0.0849972665309906,0.0849969610571861
0.4644418977313648,0.0849972665309906,0.0849969387054443
0.4645419067338855,0.0849972665309906,0.0849969312548637
0.4646419157364062,0.0849972590804100,0.0849969536066055
0.4647419247389269,0.0849972665309906,0.0849969610571861
0.4648419337414477,0.0849972516298294,0.0849969834089279
0.4649419427439683,0.0849972590804100,0.0849969908595085
0.4650419517464891,0.0849972590804100,0.0849969834089279
0.4651419607490098,0.0849972516298294,0.0849970132112503
0.4652419697515305,0.0849972516298294,0.0849970132112503
0.4653419787540512,0.0849972516298294,0.0849970206618309
0.4654419877565719,0.0849972590804100,0.0849970132112503
0.4655419967590926,0.0849972590804100,0.0849970132112503
0.4656420057616133,0.0849972516298294,0.0849970206618309
0.4657420147641340,0.0849972367286682,0.0849970206618309
0.4658420237666547,0.0849972516298294,0.0849970430135727
0.4659420327691755,0.0849972516298294,0.0849970430135727
0.4660420417716961,0.0849972367286682,0.0849970430135727
0.4661420507742168,0.0849972367286682,0.0849970504641533
0.4662420597767375,0.0849972516298294,0.0849970504641533
0.4663420687792583,0.0849972292780876,0.0849970504641533
0.4664420777817789,0.0849972292780876,0.0849970504641533
0.4665420867842996,0.0849972367286682,0.0849970728158951
0.4666420957868204,0.0849972292780876,0.0849970579147339
0.4667421047893411,0.0849972367286682,0.0849970579147339
0.4668421137918618,0.0849972292780876,0.0849970728158951
0.4669421227943825,0.0849972367286682,0.0849970728158951
0.4670421317969032,0.0849972218275070,0.0849970728158951
0.4671421407994239,0.0849972367286682,0.0849970728158951
0.4672421498019446,0.0849972218275070,0.0849970728158951
0.4673421588044653,0.0849972292780876,0.0849970728158951
0.4674421678069861,0.0849972218275070,0.0849970728158951
0.4675421768095067,0.0849972218275070,0.0849970728158951
0.4676421858120274,0.0849972218275070,0.0849970802664757
0.4677421948145482,0.0849972218275070,0.0849970877170563
0.4678422038170688,0.0849972218275070,0.0849970802664757
0.4679422128195895,0.0849972069263458,0.0849970877170563
0.4680422218221102,0.0849972069263458,0.0849970877170563
0.4681422308246310,0.0849972069263458,0.0849970802664757
0.4682422398271516,0.0849972069263458,0.0849970877170563
0.4683422488296723,0.0849972069263458,0.0849971026182175
0.4684422578321931,0.0849972069263458,0.0849971026182175
0.4685422668347138,0.0849972069263458,0.0849970877170563
0.4686422758372345,0.0849972069263458,0.0849971026182175
0.4687422848397552,0.0849972069263458,0.0849970877170563
0.4688422938422759,0.0849972069263458,0.0849971026182175
0.4689423028447966,0.0849972069263458,0.0849971026182175
0.4690423118473173,0.0849972218275070,0.0849971026182175
0.4691423208498380,0.0849972069263458,0.0849971026182175
0.4692423298523588,0.0849972069263458,0.0849971026182175
0.4693423388548794,0.0849972069263458,0.0849971026182175
0.4694423478574001,0.0849972069263458,0.0849971026182175
0.4695423568599209,0.0849972069263458,0.0849971026182175
0.4696423658624415,0.0849972069263458,0.0849971026182175
0.4697423748649622,0.0849972069263458,0.0849971026182175
0.4698423838674829,0.0849971994757652,0.0849971100687981
0.4699423928700037,0.0849971994757652,0.0849971026182175
0.4700424018725243,0.0849972069263458,0.0849971100687981
0.4701424108750450,0.0849972069263458,0.0849971100687981
0.4702424198775658,0.0849971994757652,0.0849971100687981
0.4703424288800865,0.0849971994757652,0.0849971100687981
0.4704424378826072,0.0849971994757652,0.0849971100687981
0.4705424468851279,0.0849971994757652,0.0849971100687981
0.4706424558876486,0.0849971994757652,0.0849971175193787
0.4707424648901693,0.0849972069263458,0.0849971100687981
0.4708424738926900,0.0849972069263458,0.0849971175193787
0.4709424828952107,0.0849971994757652,0.0849971175193787
0.4710424918977315,0.0849971994757652,0.0849971175193787
0.4711425009002521,0.0849971994757652,0.0849971175193787
0.4712425099027728,0.0849971994757652,0.0849971175193787
0.4713425189052936,0.0849971994757652,0.0849971175193787
0.4714425279078143,0.0849971920251846,0.0849971324205399
0.4715425369103349,0.0849971771240234,0.0849971324205399
0.4716425459128556,0.0849971771240234,0.0849971398711205
0.4717425549153764,0.0849971771240234,0.0849971175193787
0.4718425639178970,0.0849971771240234,0.0849971175193787
0.4719425729204177,0.0849972069263458,0.0849971398711205
0.4720425819229385,0.0849972516298294,0.0849971920251846
0.4721425909254592,0.0849973335862160,0.0849972963333130
0.4722425999279799,0.0849973931908607,0.0849973931908607
0.4723426089305006,0.0849974378943443,0.0849976018071175
0.4724426179330213,0.0849975198507309,0.0849978029727936
0.4725426269355420,0.0849975571036339,0.0849979072809219
0.4726426359380627,0.0849976465106010,0.0849981680512428
0.4727426449405834,0.0849977135658264,0.0849983096122742
0.4728426539431042,0.0849977135658264,0.0849985927343369
0.4729426629456248,0.0849977731704712,0.0849989727139473
0.4730426719481455,0.0849977508187294,0.0849991589784622
0.4731426809506663,0.0849980711936951,0.0849991068243980
0.4732426899531870,0.0849981233477592,0.0849994271993637
0.4733426989557076,0.0849982127547264,0.0849995464086533
0.4734427079582283,0.0849981904029846,0.0849995389580727
0.4735427169607491,0.0849984064698219,0.0849996879696846
0.4736427259632697,0.0849982202053070,0.0849994570016861
0.4737427349657905,0.0849982872605324,0.0849995315074921
0.4738427439683112,0.0849984064698219,0.0849997773766518
0.4739427529708319,0.0849982276558876,0.0849997028708458
0.4740427619733526,0.0849983990192413,0.0849997475743294
0.4741427709758733,0.0849980935454369,0.0849974602460861
0.4742427799783940,0.0849979892373085,0.0849974229931831
0.4743427889809148,0.0849979594349861,0.0849976167082787
0.4744427979834354,0.0849979072809219,0.0849759578704834
0.4745428069859561,0.0849979221820831,0.0849768593907356
0.4746428159884769,0.0849981978535652,0.0849763378500938
0.4747428249909975,-0.0182667393237352,0.0245171096175909
0.4748428339935182,-0.0109593002125621,0.0197425298392773
0.4749428429960389,-0.0060353628359735,0.0170603506267071
0.4750428519985597,-0.0021057359408587,0.0147178098559380
0.4751428610010803,0.0006130263791420,0.0136063098907471
0.4752428700036010,0.0022316840477288,0.0118256695568562
0.4753428790061218,0.0019248250173405,0.0111696301028132
0.4754428880086425,0.0021596120204777,0.0092109106481075
0.4755428970111632,0.0021969110239297,0.0086704818531871
0.4756429060136839,0.0025354560930282,0.0080524720251560
0.4757429150162046,0.0024247029796243,0.0068697929382324
0.4758429240187253,0.0022681839764118,0.0065767769701779
0.4759429330212460,0.0028865169733763,0.0061255800537765
0.4760429420237667,0.0031777189578861,0.0055229850113392
0.4761429510262875,0.0035456549376249,0.0049700518138707
0.4762429600288081,0.0034676529467106,0.0045937448740005
0.4763429690313288,0.0043221041560173,0.0042706830427051
0.4764429780338496,0.0044963657855988,0.0034147670958191
0.4765429870363703,0.0063109449110925,0.0030008740723133
0.4766429960388909,0.0057344548404217,0.0028441960457712
0.4767430050414116,0.0072906049899757,0.0023936510551721
0.4768430140439324,0.0084820101037621,0.0017786839744076
0.4769430230464530,0.0084929624572396,0.0015654530143365
0.4770430320489737,0.0094874063506722,0.0013209020253271
0.4771430410514945,0.0098872547969222,0.0012398059479892
0.4772430500540152,0.0105368504300714,0.0009320200770162
0.4773430590565359,0.0117496699094772,0.0009666800033301
0.4774430680590566,0.0123010696843266,0.0004092224990018
0.4775430770615773,0.0132582597434521,0.0002262166963192
0.4776430860640980,0.0130042303353548,0.0000974128925009
0.4777430950666187,0.0125559698790312,-0.0000804381634225
0.4778431040691394,0.0118990801274776,-0.0001840523036662
0.4779431130716602,0.0112334098666906,-0.0001914864988066
0.4780431220741808,0.0113057699054480,-0.0003234246978536
0.4781431310767015,0.0107649601995945,-0.0004693836090155
0.4782431400792223,0.0114686796441674,-0.0004099869984202
0.4783431490817430,0.0112446798011661,-0.0005148230120540
0.4784431580842636,0.0128554999828339,-0.0009625023230910
0.4785431670867843,0.0124244904145598,-0.0009948678780347
0.4786431760893051,0.0129422601312399,-0.0013038819888607
0.4787431850918257,0.0117101101204753,-0.0008873909828253
0.4788431940943464,0.0126125598326325,-0.0009770059259608
0.4789432030968672,0.0123415598645806,-0.0005601919256151
0.4790432120993879,0.0128753101453185,-0.0006321312976070
0.4791432211019086,0.0123540097847581,-0.0003058334114030
0.4792432301044293,0.0133862495422363,-0.0005424608825706
0.4793432391069500,0.0122055802494287,0.0000335634504154
0.4794432481094708,0.0119265103712678,0.0000228024491662
0.4795432571119914,0.0115923304110765,0.0000026809830160
0.4796432661145121,0.0120838601142168,-0.0000873706812854
0.4797432751170329,0.0122606996446848,-0.0005366990808398
0.4798432841195535,0.0118032395839691,-0.0003423847083468
0.4799432931220742,0.0125290900468826,-0.0005489710019901
0.4800433021245950,0.0108163598924875,-0.0001310177030973
0.4801433111271157,0.0118174403905869,-0.0001709835050860
0.4802433201296363,0.0117491502314806,-0.0002787412086036
0.4803433291321570,0.0122536802664399,-0.0002646573120728
0.4804433381346778,0.0116124302148819,0.0001134960984928
0.4805433471371985,0.0126590300351381,-0.0000434217399743
0.4806433561397191,0.0122731896117330,-0.0000621678263997
0.4807433651422399,0.0131128299981356,0.0001947545970324
0.4808433741447606,0.0126612903550267,-0.0001779103040462
0.4809433831472813,0.0125487502664328,-0.0000263061192527
0.4810433921498020,0.0120094297453761,0.0003409326891415
0.4811434011523227,0.0128375301137567,0.0003392930084374
0.4812434101548435,0.0140916602686048,-0.0002146721963072
0.4813434191573641,0.0133080696687102,-0.0001915035973070
0.4814434281598848,0.0142997400835156,-0.0000889821603778
0.4815434371624056,0.0133766802027822,-0.0002428078005323
0.4816434461649262,0.0139154903590679,-0.0003786754095927
0.4817434551674469,0.0136529598385096,-0.0005054494831711
0.4818434641699677,0.0139874601736665,-0.0006692404858768
0.4819434731724884,0.0135050797834992,-0.0001555925991852
0.4820434821750090,0.0127595495432615,-0.0001169699971797
0.4821434911775297,0.0137127898633480,0.0001882536016637
0.4822435001800505,0.0132432701066136,0.0005557995173149
0.4823435091825712,0.0135708395391703,0.0003006208862644
0.4824435181850919,0.0136951096355915,0.0003835611860268
0.4825435271876126,0.0145070496946573,0.0000734761488275
0.4826435361901333,0.0145466998219490,0.0000351074595528
0.4827435451926540,0.0148415602743626,-0.0002352579031140
0.4828435541951747,0.0147074097767472,-0.0000032642249153
0.4829435631976954,0.0152190700173378,-0.0000353593095497
0.4830435722002162,0.0147102903574705,-0.0001012590000755
0.4831435812027368,0.0153936501592398,-0.0003166944079567
0.4832435902052575,0.0152304600924253,-0.0004448400868569
0.4833435992077783,0.0150968702509999,-0.0000220940091822
0.4834436082102990,0.0145951798185706,-0.0000495111598866
0.4835436172128196,0.0138929700478911,-0.0003315462963656
0.4836436262153403,0.0148045103996992,-0.0000220949696086
0.4837436352178611,0.0144805898889899,0.0002147733030142
0.4838436442203817,0.0154282804578543,-0.0001950629957719
0.4839436532229024,0.0148150101304054,0.0001501640072092
0.4840436622254232,0.0152144404128194,0.0002004934940487
0.4841436712279439,0.0150827802717686,0.0002059897960862
0.4842436802304646,0.0148099996149540,0.0002695163129829
0.4843436892329853,0.0143817896023393,0.0004329069051892
0.4844436982355060,0.0144298002123833,0.0000137695997182
0.4845437072380268,0.0140248695388436,0.0001183693020721
0.4846437162405474,0.0143335303291678,-0.0001873799046734
0.4847437252430681,0.0146784698590636,-0.0002413262991467
0.4848437342455889,0.0147774303331971,-0.0003835259994958
0.4849437432481095,0.0159921906888485,-0.0007795413839631
0.4850437522506302,0.0155488597229123,-0.0004277460975572
0.4851437612531510,0.0159322097897530,-0.0004839063039981
0.4852437702556717,0.0155305797234178,-0.0002708286920097
0.4853437792581923,0.0151956696063280,-0.0000280511994788
0.4854437882607130,0.0150995096191764,0.0001405801012879
0.4855437972632338,0.0146607598289847,0.0002880037936848
0.4856438062657545,0.0153278298676014,0.0000883629400050
0.4857438152682751,0.0153844198212028,0.0003258285869379
0.4858438242707959,0.0164546091109514,0.0000191047893168
0.4859438332733166,0.0152855096384883,-0.0000503407609358
0.4860438422758373,0.0164959896355867,0.0001409448013874
0.4861438512783580,0.0150706702843308,0.0001044727032422
0.4862438602808787,0.0159464199095964,0.0000049450868573
0.4863438692833995,0.0156677197664976,0.0000533898091817
0.4864438782859201,0.0148259298875928,0.0001408142998116
0.4865438872884408,0.0156685095280409,-0.0001951986050699
0.4866438962909616,0.0157736297696829,-0.0004300418950152
0.4867439052934822,0.0166573505848646,-0.0004633291973732
0.4868439142960029,0.0153042301535606,-0.0003855453978758
0.4869439232985237,0.0158631093800068,-0.0004918600898236
0.4870439323010444,0.0152490502223372,-0.0001062242008629
0.4871439413035650,0.0161822400987148,-0.0000169725008163
0.4872439503060857,0.0155195202678442,-0.0000965296203503
0.4873439593086065,0.0150740901008248,0.0004429470864125
0.4874439683111272,0.0149051602929831,0.0002299124025740
0.4875439773136478,0.0146009195595980,0.0003804625885095
0.4876439863161686,0.0151249598711729,0.0001802945043892
0.4877439953186893,0.0154542196542025,-0.0000326789486280
0.4878440043212100,0.0156803391873837,0.0000450609695690
0.4879440133237307,0.0156441498547792,0.0000978238385869
0.4880440223262514,0.0157232806086540,0.0000886650086613
0.4881440313287722,0.0155460601672530,0.0000004648011895
0.4882440403312928,0.0162340998649597,-0.0000071402091635
0.4883440493338135,0.0163132399320602,-0.0002490048063919
0.4884440583363343,0.0160455293953419,-0.0002348550042370
0.4885440673388550,0.0156611893326044,-0.0001109794029617
0.4886440763413756,0.0156989693641663,-0.0001470332063036
0.4887440853438964,0.0165070202201605,0.0000461064191768
0.4888440943464171,0.0156894493848085,0.0001107627031161
0.4889441033489377,0.0163237098604441,0.0000396154391638
0.4890441123514584,0.0156207801774144,0.0002929271140601
0.4891441213539792,0.0159626007080078,0.0001719439023873
0.4892441303564999,0.0149085698649287,0.0002664710918907
0.4893441393590205,0.0156837794929743,0.0001307729980908
0.4894441483615413,0.0148965995758772,0.0000292243803415
0.4895441573640620,0.0163807608187199,-0.0000979021933745
0.4896441663665828,0.0155022200196981,-0.0001175072029582
0.4897441753691034,0.0149988196790218,-0.0001409097021678
0.4898441843716241,0.0153842698782682,-0.0004301203880459
0.4899441933741449,0.0167821906507015,-0.0004540722875390
0.4900442023766655,0.0165676195174456,-0.0006364891887642
0.4901442113791862,0.0142331896349788,-0.0002652649127413
0.4902442203817070,0.0146379303187132,-0.0001517048949609
0.4903442293842277,0.0142374504357576,-0.0001478399062762
0.4904442383867483,0.0154682695865631,-0.0000228698791034
0.4905442473892691,0.0152404997497797,0.0000669195069349
0.4906442563917898,0.0159727390855551,0.0002717821043916
0.4907442653943105,0.0157582294195890,-0.0000931677204790
0.4908442743968311,0.0164251495152712,-0.0001928240963025
0.4909442833993519,0.0156961698085070,0.0001900033967104
0.4910442924018726,0.0150966998189688,0.0001320455048699
0.4911443014043933,0.0161119606345892,0.0000540094406460
0.4912443104069140,0.0148606197908521,0.0002468611928634
0.4913443194094347,0.0148232700303197,0.0002193740947405
0.4914443284119555,0.0140889501199126,0.0001927435951075
0.4915443374144761,0.0152338799089193,-0.0000395720890083
0.4916443464169968,0.0156755503267050,-0.0004071195144206
0.4917443554195176,0.0164002291858196,-0.0002366966946283
0.4918443644220382,0.0154324499890208,-0.0002885730937123
0.4919443734245589,0.0150413000956178,0.0001587659935467
0.4920443824270797,0.0155831603333354,0.0000243454705924
0.4921443914296004,0.0150446500629187,0.0000576870588702
0.4922444004321210,0.0150585500523448,0.0002533099032007
0.4923444094346417,0.0147535596042871,0.0002903823042288
0.4924444184371625,0.0157342907041311,0.0002325958048459
0.4925444274396832,0.0152293704450130,0.0002970636123791
0.4926444364422038,0.0147986002266407,0.0003955725987907
0.4927444454447246,0.0148772597312927,0.0001425055961590
0.4928444544472453,0.0151920104399323,0.0002157231938327
0.4929444634497660,0.0155283296480775,0.0000963544225669
0.4930444724522867,0.0159043408930302,-0.0000089912628027
0.4931444814548074,0.0154616702347994,-0.0001902476069517
0.4932444904573282,0.0135864801704884,-0.0001000962001854
0.4933444994598488,0.0139907598495483,0.0001873029978015
0.4934445084623695,0.0141444196924567,-0.0001075420004781
0.4935445174648903,0.0143197895959020,0.0001345024938928
0.4936445264674110,0.0140493400394917,-0.0000853578967508
0.4937445354699316,0.0141255501657724,0.0002455131034367
0.4938445444724524,0.0148055097088218,-0.0002510409103706
0.4939445534749731,0.0149566903710365,-0.0000661615777062
0.4940445624774937,0.0159039404243231,-0.0001279488933505
0.4941445714800144,0.0144518800079823,0.0000800568232080
0.4942445804825352,0.0145062301307917,0.0001661661954131
0.4943445894850559,0.0143462903797626,0.0001276354014408
0.4944445984875765,0.0155063001438975,0.0000369941299141
0.4945446074900973,0.0149765703827143,0.0000460757801193
0.4946446164926180,0.0147444903850555,0.0001870995038189
0.4947446254951388,0.0141219403594732,0.0001851273991633
0.4948446344976594,0.0138057498261333,-0.0001054884996847
0.4949446435001801,0.0145204197615385,-0.0004886355018243
0.4950446525027009,0.0144408103078604,-0.0003143420908600
0.4951446615052215,0.0149093903601170,-0.0001240764977410
0.4952446705077422,0.0141036901623011,-0.0001174681019620
0.4953446795102630,0.0149211296811700,0.0001611524057807
0.4954446885127837,0.0138269998133183,0.0001885695965029
0.4955446975153043,0.0140016097575426,0.0002272735000588
0.4956447065178251,0.0141943497583270,0.0002477630914655
0.4957447155203458,0.0145818898454309,0.0000740085015423
0.4958447245228664,0.0149339204654098,-0.0003307560109533
0.4959447335253871,0.0146112600341439,-0.0002228203957202
0.4960447425279079,0.0145792802795768,-0.0000857308768900
0.4961447515304286,0.0147001799196005,-0.0002174092951464
0.4962447605329492,0.0158074591308832,-0.0002824449911714
0.4963447695354700,0.0148924496024847,-0.0000610612769378
0.4964447785379907,0.0161070208996534,-0.0004625805886462
0.4965447875405115,0.0154129201546311,-0.0003530711110216
0.4966447965430321,0.0151145197451115,-0.0006378216785379
0.4967448055455528,0.0151674002408981,-0.0004183455894236
0.4968448145480736,0.0141809303313494,-0.0002461067924742
0.4969448235505942,0.0153863998129964,-0.0001309494982706
0.4970448325531149,0.0143265500664711,-0.0001343602052657
0.4971448415556357,0.0143477497622371,0.0000725558275008
0.4972448505581564,0.0143509898334742,0.0002961301070172
0.4973448595606770,0.0131908897310495,0.0002388872962911
0.4974448685631978,0.0140038495883346,0.0004584309936035
0.4975448775657185,0.0145995495840907,0.0005101585993543
0.4976448865682392,0.0159351006150246,0.0002171563974116
0.4977448955707598,0.0150090698152781,0.0000885896079126
0.4978449045732806,0.0138515299186110,0.0005696737207472
0.4979449135758013,0.0144640402868390,0.0002518940891605
0.4980449225783219,0.0148228397592902,0.0000372428003175
0.4981449315808427,0.0147053301334381,0.0000674363909638
0.4982449405833634,0.0148720396682620,-0.0003422131994739
0.4983449495858842,0.0164711102843285,-0.0004770015075337
0.4984449585884048,0.0155717795714736,-0.0004046258109156
0.4985449675909255,0.0147449700161815,-0.0002078037068713
0.4986449765934463,0.0160075202584267,-0.0002456395013724
0.4987449855959670,0.0157570298761129,0.0000190593491425
0.4988449945984876,0.0158805195242167,-0.0002992986119352
0.4989450036010084,0.0153530295938253,-0.0000340722508554
0.4990450126035291,0.0141216497868299,0.0000113059004434
0.4991450216060497,0.0131383500993252,-0.0000036249568893
0.4992450306085705,0.0124115999788046,0.0000689807275194
0.4993450396110912,0.0123802097514272,0.0000956663134275
0.4994450486136119,0.0114495400339365,-0.0001206189990626
0.4995450576161325,0.0110523300245404,-0.0003943309129681
0.4996450666186533,0.0107497703284025,-0.0007598355878145
0.4997450756211740,0.0098680155351758,-0.0005942758871242
0.4998450846236948,0.0103223500773311,-0.0011355479946360
0.4999450936262154,0.0093758581206203,-0.0010300499852747
0.5000451026287361,0.0094590717926621,-0.0009347337181680
0.5001451116312569,0.0115525303408504,-0.0015099110314623
0.5002451206337775,0.0110403802245855,-0.0014404190005735
0.5003451296362982,0.0124462395906448,-0.0017752719577402
0.5004451386388189,0.0100200502201915,-0.0014338130131364
0.5005451476413396,0.0048287957906723,-0.0000368257387890
0.5006451566438603,-0.0013718990376219,0.0000353409886884
0.5007451656463811,-0.0062844478525221,-0.0001895628956845
0.5008451746489018,0.0849970802664757,0.0849703103303909
0.5009451836514225,0.0849971026182175,0.0849690735340118
0.5010451926539432,0.0849970430135727,0.0849969163537025
0.5011452016564639,0.0849969834089279,0.0849967673420906
0.5012452106589846,0.0849972665309906,0.0849958807229996
0.5013452196615052,0.0849970877170563,0.0849955976009369
0.5014452286640260,0.0849972069263458,0.0849513188004494
0.5015452376665467,0.0849971026182175,0.0849464088678360
0.5016452466690674,0.0849984884262085,0.0849943310022354
0.5017452556715881,0.0849990770220757,0.0849943310022354
0.5018452646741088,0.0849987268447876,0.0849943310022354
0.5019452736766296,0.0849985033273697,0.0849943310022354
0.5020452826791502,0.0849982723593712,0.0849943310022354
0.5021452916816709,0.0849981307983398,0.0849948227405548
0.5022453006841916,0.0849977284669876,0.0849953070282936
0.5023453096867123,0.0849976092576981,0.0849956274032593
0.5024453186892330,0.0849975124001503,0.0849959701299667
0.5025453276917538,0.0849974378943443,0.0849959999322891
0.5026453366942745,0.0849973335862160,0.0849962607026100
0.5027453456967952,0.0849973112344742,0.0849962830543518
0.5028453546993159,0.0849973112344742,0.0849963501095772
0.5029453637018366,0.0849972292780876,0.0849963873624802
0.5030453727043573,0.0849971473217010,0.0849964395165443
0.5031453817068779,0.0849971771240234,0.0849964469671249
0.5032453907093987,0.0849971920251846,0.0849964618682861
0.5033453997119194,0.0849971696734428,0.0849964618682861
0.5034454087144401,0.0849971473217010,0.0849964767694473
0.5035454177169608,0.0849971473217010,0.0849964097142220
0.5036454267194815,0.0849971994757652,0.0849964097142220
0.5037454357220023,0.0849972367286682,0.0849964469671249
0.5038454447245230,0.0849972069263458,0.0849964171648026
0.5039454537270436,0.0849972963333130,0.0849963799118996
0.5040454627295643,0.0849972516298294,0.0849964767694473
0.5041454717320850,0.0849972888827324,0.0849964767694473
0.5042454807346057,0.0849973335862160,0.0849964618682861
0.5043454897371265,0.0849972665309906,0.0849964618682861
0.5044454987396472,0.0849973112344742,0.0849964395165443
0.5045455077421679,0.0849973112344742,0.0849964320659637
0.5046455167446886,0.0849973633885384,0.0849964171648026
0.5047455257472093,0.0849973931908607,0.0849963873624802
0.5048455347497300,0.0849973335862160,0.0849963873624802
0.5049455437522508,0.0849973484873772,0.0849963501095772
0.5050455527547714,0.0849973633885384,0.0849963128566742
0.5051455617572921,0.0849974006414413,0.0849964171648026
0.5052455707598128,0.0849973931908607,0.0849963873624802
0.5053455797623335,0.0849974229931831,0.0849963501095772
0.5054455887648542,0.0849974006414413,0.0849964320659637
0.5055455977673750,0.0849974229931831,0.0849964171648026
0.5056456067698957,0.0849973931908607,0.0849964469671249
0.5057456157724163,0.0849973931908607,0.0849964022636414
0.5058456247749370,0.0849974527955055,0.0849964097142220
0.5059456337774578,0.0849974229931831,0.0849963799118996
0.5060456427799784,0.0849974006414413,0.0849963426589966
0.5061456517824992,0.0849974080920219,0.0849963799118996
0.5062456607850199,0.0849974080920219,0.0849965065717697
0.5063456697875406,0.0849974304437637,0.0849963724613190
0.5064456787900613,0.0849974006414413,0.0849963501095772
0.5065456877925820,0.0849973633885384,0.0849964693188667
0.5066456967951027,0.0849973782896996,0.0849964469671249
0.5067457057976235,0.0849974229931831,0.0849964171648026
0.5068457148001441,0.0849973708391190,0.0849965214729309
0.5069457238026648,0.0849974229931831,0.0849964395165443
0.5070457328051855,0.0849974080920219,0.0849964022636414
0.5071457418077062,0.0849973708391190,0.0849965363740921
0.5072457508102269,0.0849974080920219,0.0849965587258339
0.5073457598127477,0.0849972665309906,0.0849966332316399
0.5074457688152684,0.0849973633885384,0.0849966034293175
0.5075457778177890,0.0849973633885384,0.0849966332316399
0.5076457868203097,0.0849972665309906,0.0849966928362846
0.5077457958228305,0.0849972963333130,0.0849967226386070
0.5078458048253512,0.0849973335862160,0.0849967300891876
0.5079458138278719,0.0849973112344742,0.0849967375397682
0.5080458228303926,0.0849973335862160,0.0849967822432518
0.5081458318329133,0.0849972516298294,0.0849967971444130
0.5082458408354340,0.0849972963333130,0.0849968194961548
0.5083458498379547,0.0849972963333130,0.0849968120455742
0.5084458588404754,0.0849972888827324,0.0849968492984772
0.5085458678429962,0.0849972590804100,0.0849968492984772
0.5086458768455168,0.0849972665309906,0.0849968791007996
0.5087458858480375,0.0849972888827324,0.0849968865513802
0.5088458948505582,0.0849972888827324,0.0849969163537025
0.5089459038530789,0.0849972590804100,0.0849969163537025
0.5090459128555996,0.0849972665309906,0.0849969163537025
0.5091459218581204,0.0849972814321518,0.0849969312548637
0.5092459308606411,0.0849972963333130,0.0849969536066055
0.5093459398631617,0.0849972665309906,0.0849969312548637
0.5094459488656825,0.0849972665309906,0.0849969536066055
0.5095459578682032,0.0849972516298294,0.0849969834089279
0.5096459668707239,0.0849972516298294,0.0849969834089279
0.5097459758732446,0.0849972590804100,0.0849969983100891
0.5098459848757653,0.0849972516298294,0.0849969908595085
0.5099459938782860,0.0849972516298294,0.0849970132112503
0.5100460028808067,0.0849972665309906,0.0849970132112503
0.5101460118833274,0.0849972516298294,0.0849970206618309
0.5102460208858481,0.0849972516298294,0.0849970206618309
0.5103460298883689,0.0849972516298294,0.0849970206618309
0.5104460388908895,0.0849972367286682,0.0849970281124115
0.5105460478934102,0.0849972367286682,0.0849970504641533
0.5106460568959309,0.0849972367286682,0.0849970430135727
0.5107460658984516,0.0849972367286682,0.0849970579147339
0.5108460749009723,0.0849972367286682,0.0849970504641533
0.5109460839034931,0.0849972292780876,0.0849970430135727
0.5110460929060138,0.0849972292780876,0.0849970579147339
0.5111461019085344,0.0849972367286682,0.0849970728158951
0.5112461109110552,0.0849972292780876,0.0849970728158951
0.5113461199135759,0.0849972218275070,0.0849970728158951
0.5114461289160965,0.0849972292780876,0.0849970802664757
0.5115461379186174,0.0849972292780876,0.0849970728158951
0.5116461469211380,0.0849972069263458,0.0849970802664757
0.5117461559236587,0.0849972069263458,0.0849970802664757
0.5118461649261794,0.0849972218275070,0.0849970802664757
0.5119461739287001,0.0849972218275070,0.0849970802664757
0.5120461829312208,0.0849972218275070,0.0849970877170563
0.5121461919337416,0.0849972069263458,0.0849970877170563
0.5122462009362622,0.0849972069263458,0.0849970877170563
0.5123462099387830,0.0849972069263458,0.0849970877170563
0.5124462189413036,0.0849972069263458,0.0849971026182175
0.5125462279438243,0.0849972218275070,0.0849971026182175
0.5126462369463450,0.0849972069263458,0.0849971026182175
0.5127462459488658,0.0849972069263458,0.0849971026182175
0.5128462549513864,0.0849972069263458,0.0849971026182175
0.5129462639539072,0.0849972069263458,0.0849971026182175
0.5130462729564279,0.0849971994757652,0.0849971026182175
0.5131462819589485,0.0849972069263458,0.0849971026182175
0.5132462909614693,0.0849972069263458,0.0849971100687981
0.5133462999639899,0.0849972069263458,0.0849971026182175
0.5134463089665108,0.0849972069263458,0.0849971100687981
0.5135463179690314,0.0849972069263458,0.0849971100687981
0.5136463269715521,0.0849971994757652,0.0849971100687981
0.5137463359740728,0.0849971994757652,0.0849971100687981
0.5138463449765935,0.0849971994757652,0.0849971100687981
0.5139463539791141,0.0849971994757652,0.0849971100687981
0.5140463629816350,0.0849971994757652,0.0849971100687981
0.5141463719841556,0.0849971994757652,0.0849971100687981
0.5142463809866763,0.0849972069263458,0.0849971175193787
0.5143463899891970,0.0849971994757652,0.0849971175193787
0.5144463989917177,0.0849971994757652,0.0849971175193787
0.5145464079942385,0.0849972069263458,0.0849971175193787
0.5146464169967592,0.0849971920251846,0.0849971175193787
0.5147464259992799,0.0849971920251846,0.0849971175193787
0.5148464350018006,0.0849971920251846,0.0849971175193787
0.5149464440043213,0.0849971994757652,0.0849971175193787
0.5150464530068419,0.0849971994757652,0.0849971175193787
0.5151464620093628,0.0849971920251846,0.0849971175193787
0.5152464710118834,0.0849971994757652,0.0849971175193787
0.5153464800144041,0.0849971994757652,0.0849971175193787
0.5154464890169248,0.0849971920251846,0.0849971175193787
0.5155464980194455,0.0849971771240234,0.0849971324205399
0.5156465070219662,0.0849971771240234,0.0849971398711205
0.5157465160244870,0.0849971771240234,0.0849971473217010
0.5158465250270076,0.0849971771240234,0.0849971398711205
0.5159465340295284,0.0849971771240234,0.0849971175193787
0.5160465430320490,0.0849971920251846,0.0849971398711205
0.5161465520345697,0.0849972218275070,0.0849971771240234
0.5162465610370904,0.0849972963333130,0.0849972516298294
0.5163465700396112,0.0849973484873772,0.0849973186850548
0.5164465790421319,0.0849973931908607,0.0849974229931831
0.5165465880446526,0.0849974527955055,0.0849975273013115
0.5166465970471733,0.0849974974989891,0.0849978774785995
0.5167466060496940,0.0849975273013115,0.0849978700280190
0.5168466150522147,0.0849975869059563,0.0849981233477592
0.5169466240547353,0.0849975720047951,0.0849982723593712
0.5170466330572562,0.0849976390600204,0.0849986895918846
0.5171466420597768,0.0849976763129234,0.0849986970424652
0.5172466510622975,0.0849978402256966,0.0849990472197533
0.5173466600648182,0.0849978774785995,0.0849992111325264
0.5174466690673389,0.0849979072809219,0.0849991813302040
0.5175466780698595,0.0849980190396309,0.0849993005394936
0.5176466870723804,0.0849981382489204,0.0849995166063309
0.5177466960749010,0.0849981680512428,0.0849994570016861
0.5178467050774218,0.0849983617663383,0.0849994793534279
0.5179467140799424,0.0849982127547264,0.0849995166063309
0.5180467230824631,0.0849981307983398,0.0849996209144592
0.5181467320849840,0.0849983394145966,0.0849993377923965
0.5182467410875046,0.0849979668855667,0.0849971473217010
0.5183467500900253,0.0849979594349861,0.0849973410367966
0.5184467590925460,0.0849979072809219,0.0849974080920219
0.5185467680950667,0.0849978625774384,0.0849973931908607
0.5186467770975873,0.0849977880716324,0.0849975794553757
0.5187467861001082,0.0849977433681488,0.0849768370389938
0.5188467951026288,0.0849976763129234,0.0849755108356476
0.5189468041051496,0.0849976465106010,0.0849755778908730
0.5190468131076702,0.0849976465106010,0.0849767178297043
0.5191468221101909,-0.0209813192486763,0.0238898191601038
0.5192468311127116,-0.0160706192255020,0.0208966098725796
0.5193468401152324,-0.0106533803045750,0.0192348398268223
0.5194468491177530,-0.0069987159222364,0.0174591895192862
0.5195468581202738,-0.0035140060354024,0.0150654101744294
0.5196468671227944,-0.0017768150428310,0.0126319704577327
0.5197468761253151,-0.0002842115063686,0.0112504595890641
0.5198468851278359,-0.0004046892863698,0.0091961054131389
0.5199468941303566,0.0003106736985501,0.0083110388368368
0.5200469031328774,0.0004897302715108,0.0072589791379869
0.5201469121353980,0.0008066705195233,0.0066147041507065
0.5202469211379187,0.0012297440553084,0.0058268387801945
0.5203469301404394,0.0012774750357494,0.0051929890178144
0.5204469391429601,0.0018018779810518,0.0050374311394989
0.5205469481454807,0.0022426389623433,0.0043546617962420
0.5206469571480016,0.0026852600276470,0.0042592817917466
0.5207469661505222,0.0032915999181569,0.0038178609684110
0.5208469751530429,0.0033712910953909,0.0035190191119909
0.5209469841555636,0.0042710527777672,0.0033456149976701
0.5210469931580843,0.0042871129699051,0.0031363889575005
0.5211470021606051,0.0056829839013517,0.0028391480445862
0.5212470111631258,0.0048920749686658,0.0027410890907049
0.5213470201656464,0.0057968921028078,0.0027343640103936
0.5214470291681672,0.0076577928848565,0.0014630119549111
0.5215470381706878,0.0088773211464286,0.0010142900282517
0.5216470471732085,0.0096818273887038,0.0004287755000405
0.5217470561757294,0.0104793095961213,0.0003303292905912
0.5218470651782500,0.0106462799012661,0.0000029813390938
0.5219470741807707,0.0107185002416372,-0.0003021199954674
0.5220470831832914,0.0111424801871181,-0.0004286335024517
0.5221470921858121,0.0108907399699092,-0.0002468824095558
0.5222471011883327,0.0111633501946926,-0.0002847322029993
0.5223471101908536,0.0111525999382138,-0.0003672970924526
0.5224471191933742,0.0116532202810049,-0.0006681393715553
0.5225471281958950,0.0115542998537421,-0.0006601751083508
0.5226471371984156,0.0120737701654434,-0.0007284876191989
0.5227471462009363,0.0110795199871063,-0.0007693371735513
0.5228471552034570,0.0120717799291015,-0.0009189416887239
0.5229471642059778,0.0123158302158117,-0.0010094610042870
0.5230471732084984,0.0114958696067333,-0.0008964514709078
0.5231471822110192,0.0111366901546717,-0.0005505306180567
0.5232471912135398,0.0114377401769161,-0.0007483172230422
0.5233472002160605,0.0121250199154019,-0.0008119670092128
0.5234472092185813,0.0121841402724385,-0.0010808319784701
0.5235472182211020,0.0128115303814411,-0.0008383283275180
0.5236472272236228,0.0121056195348501,-0.0001831297995523
0.5237472362261434,0.0125513002276421,-0.0001296981936321
0.5238472452286641,0.0116716399788857,-0.0002064990985673
0.5239472542311848,0.0125377196818590,-0.0000794949519332
0.5240472632337055,0.0117437504231930,-0.0000005436236847
0.5241472722362261,0.0123266903683543,0.0001990477030631
0.5242472812387470,0.0118375699967146,0.0002428743027849
0.5243472902412676,0.0118312397971749,0.0001729984942358
0.5244472992437883,0.0120302401483059,0.0003718624939211
0.5245473082463090,0.0114522995427251,0.0001945120020537
0.5246473172488297,0.0117634898051620,0.0001541584060760
0.5247473262513505,0.0112004699185491,0.0002356381010031
0.5248473352538712,0.0127261299639940,-0.0003853708913084
0.5249473442563918,0.0122991595417261,-0.0005956597160548
0.5250473532589126,0.0123538197949529,-0.0003214018943254
0.5251473622614333,0.0125465001910925,-0.0002731750137173
0.5252473712639539,0.0118999900296330,-0.0003427622141317
0.5253473802664748,0.0122062396258116,0.0000182230505743
0.5254473892689954,0.0131012601777911,-0.0002639417070895
0.5255473982715161,0.0132247302681208,-0.0001382315967930
0.5256474072740368,0.0128259900957346,0.0002865747082978
0.5257474162765575,0.0127730499953032,-0.0000516783111379
0.5258474252790782,0.0130645595490932,-0.0001183166968985
0.5259474342815990,0.0128048397600651,0.0001581903052283
0.5260474432841196,0.0130115197971463,0.0001499539939687
0.5261474522866404,0.0125665897503495,-0.0001351802930003
0.5262474612891610,0.0120536601170897,0.0000085137216956
0.5263474702916817,0.0133722499012947,-0.0003879691939801
0.5264474792942024,0.0134298503398895,-0.0005804321845062
0.5265474882967232,0.0138371996581554,-0.0002979054115713
0.5266474972992438,0.0138576999306679,-0.0003972492122557
0.5267475063017646,0.0132762603461742,-0.0004915721947327
0.5268475153042853,0.0132939601317048,-0.0005663976771757
0.5269475243068060,0.0135796898975968,-0.0004632248019334
0.5270475333093267,0.0135286804288626,-0.0004231228085700
0.5271475423118474,0.0135716302320361,-0.0002888164890464
0.5272475513143682,0.0140403099358082,-0.0001877874019556
0.5273475603168888,0.0134371295571327,-0.0001044707969413
0.5274475693194095,0.0147383399307728,-0.0001441048952984
0.5275475783219302,0.0146925095468760,-0.0001781833998393
0.5276475873244509,0.0158261805772781,0.0000273113691946
0.5277475963269715,0.0148518802598119,0.0001438569015590
0.5278476053294924,0.0139576196670532,0.0004606177099049
0.5279476143320130,0.0146136600524187,0.0001842319034040
0.5280476233345338,0.0144411800429225,-0.0001481326034991
0.5281476323370544,0.0152482204139233,-0.0003133309946861
0.5282476413395751,0.0138517096638680,0.0000676666095387
0.5283476503420959,0.0149303702637553,-0.0002763489901554
0.5284476593446166,0.0145695498213172,0.0001890447019832
0.5285476683471372,0.0150276096537709,-0.0000493866100442
0.5286476773496580,0.0154345398768783,-0.0000158600105351
0.5287476863521787,0.0145729100331664,0.0002365402033320
0.5288476953546993,0.0152949299663305,-0.0000121225402836
0.5289477043572202,0.0137212499976158,0.0003969809913542
0.5290477133597408,0.0147449001669884,0.0003758487873711
0.5291477223622616,0.0145292999222875,0.0002320592029719
0.5292477313647822,0.0143131799995899,0.0003572948917281
0.5293477403673029,0.0145904403179884,0.0002646936045494
0.5294477493698236,0.0144444899633527,-0.0000979905016720
0.5295477583723444,0.0161467604339123,-0.0002662579936441
0.5296477673748650,0.0149467904120684,-0.0002707091043703
0.5297477763773858,0.0157538391649723,-0.0004854438011535
0.5298477853799064,0.0150029296055436,-0.0002010947064264
0.5299477943824271,0.0158651992678642,-0.0005018697120249
0.5300478033849478,0.0152134504169226,-0.0005403783288784
0.5301478123874686,0.0159788709133863,-0.0007132379105315
0.5302478213899893,0.0151489302515984,-0.0003372413048055
0.5303478303925100,0.0140199102461338,-0.0001395108993165
0.5304478393950307,0.0142410695552826,-0.0001947693963302
0.5305478483975514,0.0139106502756476,-0.0000114029598990
0.5306478574000721,0.0150947701185942,0.0000951400870690
0.5307478664025927,0.0151376603171229,0.0000395983188355
0.5308478754051136,0.0146864503622055,0.0001138981024269
0.5309478844076342,0.0148762697353959,0.0004431841953192
0.5310478934101549,0.0142850996926427,0.0002572741068434
0.5311479024126756,0.0146965803578496,-0.0002141137956642
0.5312479114151963,0.0143121602013707,-0.0001641737035243
0.5313479204177169,0.0149126499891281,0.0001572481996845
0.5314479294202378,0.0145846698433161,0.0000049960431170
0.5315479384227584,0.0152724003419280,-0.0003110106918029
0.5316479474252792,0.0147477099671960,0.0000739689785405
0.5317479564277998,0.0143521996214986,-0.0002313519944437
0.5318479654303205,0.0157404206693172,-0.0000694272530382
0.5319479744328413,0.0145364198833704,0.0001356136053801
0.5320479834353620,0.0158716905862093,-0.0000385347011616
0.5321479924378827,0.0156328696757555,0.0000150892701640
0.5322480014404034,0.0170640591531992,-0.0004178518138360
0.5323480104429241,0.0154657997190952,-0.0000833977319417
0.5324480194454447,0.0151836397126317,0.0002943832078017
0.5325480284479656,0.0154739199206233,0.0003040384908672
0.5326480374504862,0.0142240002751350,0.0004465635865927
0.5327480464530070,0.0161721594631672,0.0002703283098526
0.5328480554555276,0.0157462302595377,0.0000640769067104
0.5329480644580483,0.0161873791366816,0.0000785889933468
0.5330480734605690,0.0160507392138243,-0.0001138157022069
0.5331480824630898,0.0168513990938663,-0.0003494904085528
0.5332480914656104,0.0159035101532936,-0.0002561031142250
0.5333481004681312,0.0156308207660913,-0.0001473688025726
0.5334481094706518,0.0161987598985434,-0.0005857514915988
0.5335481184731725,0.0162994395941496,-0.0002961601130664
0.5336481274756932,0.0169559400528669,-0.0000822252623038
0.5337481364782140,0.0160920806229115,0.0001222544960910
0.5338481454807348,0.0161109995096922,0.0002754945016932
0.5339481544832554,0.0163272991776466,0.0000548103198525
0.5340481634857761,0.0164831895381212,0.0002504581061658
0.5341481724882968,0.0157244801521301,0.0001270881039090
0.5342481814908175,0.0165436193346977,0.0001183433996630
0.5343481904933381,0.0162929091602564,0.0003029686922673
0.5344481994958590,0.0156403090804815,0.0001529495930299
0.5345482084983796,0.0154963703826070,0.0002629105874803
0.5346482175009003,0.0153374196961522,0.0005079607944936
0.5347482265034210,0.0160863194614649,0.0001084933974198
0.5348482355059417,0.0163528490811586,0.0001529792061774
0.5349482445084625,0.0157642494887114,-0.0000611856812611
0.5350482535109832,0.0158696807920933,0.0000177861602424
0.5351482625135038,0.0152339003980160,-0.0001511135051260
0.5352482715160246,0.0158817209303379,0.0000859283099999
0.5353482805185452,0.0155981397256255,0.0001529537985334
0.5354482895210659,0.0152986804023385,0.0003224404063076
0.5355482985235868,0.0142219401896000,0.0004927532281727
0.5356483075261074,0.0151992002502084,0.0003933206899092
0.5357483165286281,0.0154806701466441,0.0003586361999623
0.5358483255311488,0.0158588495105505,0.0000503275514347
0.5359483345336695,0.0163175500929356,-0.0000038400630729
0.5360483435361902,0.0160224102437496,-0.0001424712972948
0.5361483525387110,0.0161752291023731,-0.0001972060999833
0.5362483615412316,0.0156713295727968,-0.0004234373918734
0.5363483705437524,0.0157714802771807,-0.0003335512010381
0.5364483795462730,0.0155109800398350,-0.0004752581880894
0.5365483885487937,0.0165017507970333,-0.0005604584002867
0.5366483975513144,0.0156315099447966,-0.0007095417240635
0.5367484065538352,0.0158744193613529,-0.0004645928856917
0.5368484155563558,0.0146872103214264,-0.0002265530056320
0.5369484245588766,0.0146623803302646,-0.0005659410962835
0.5370484335613972,0.0153241800144315,-0.0003310021129437
0.5371484425639180,0.0149395996704698,-0.0002508290053811
0.5372484515664386,0.0156678501516581,-0.0001930794969667
0.5373484605689594,0.0151851596310735,-0.0000599002487434
0.5374484695714802,0.0144282998517156,0.0003085935895797
0.5375484785740008,0.0156748797744513,-0.0000205030391953
0.5376484875765215,0.0154999000951648,0.0000220899491978
0.5377484965790422,0.0163906291127205,0.0000875075493241
0.5378485055815629,0.0158059708774090,0.0000089887762442
0.5379485145840835,0.0169557593762875,0.0000243136400968
0.5380485235866044,0.0163520704954863,0.0001172584015876
0.5381485325891250,0.0173182208091021,-0.0000969297034317
0.5382485415916458,0.0160458702594042,-0.0001120973029174
0.5383485505941664,0.0156220896169543,0.0000316988116538
0.5384485595966871,0.0155666703358293,-0.0001198441023007
0.5385485685992079,0.0160613600164652,0.0002845702983905
0.5386485776017286,0.0152300298213959,0.0002014172059717
0.5387485866042492,0.0147003503516316,0.0002127671032213
0.5388485956067700,0.0150667401030660,0.0003233721945435
0.5389486046092906,0.0143068199977279,0.0006444529863074
0.5390486136118113,0.0152788599953055,0.0003000854048878
0.5391486226143322,0.0147707602009177,0.0002023268025368
0.5392486316168528,0.0159329902380705,0.0000772192797740
0.5393486406193736,0.0158398393541574,-0.0000781783528510
0.5394486496218942,0.0159956999123096,0.0001284953032155
0.5395486586244149,0.0143140498548746,0.0001767195935827
0.5396486676269356,0.0147421499714255,0.0000347805216734
0.5397486766294564,0.0152493901550770,0.0000482456998725
0.5398486856319770,0.0130701800808311,0.0001146173017332
0.5399486946344978,0.0150112602859735,-0.0000663192404318
0.5400487036370184,0.0146275302395225,-0.0002362751984037
0.5401487126395391,0.0148434499278665,-0.0003019905998372
0.5402487216420598,0.0138752795755863,-0.0002596784906927
0.5403487306445806,0.0129387099295855,-0.0001583650009707
0.5404487396471013,0.0135088404640555,-0.0000971941772150
0.5405487486496220,0.0139083797112107,-0.0000555347287445
0.5406487576521426,0.0153236202895641,-0.0001029787017615
0.5407487666546634,0.0154011901468039,0.0000219758694584
0.5408487756571841,0.0157773606479168,0.0001697722036624
0.5409487846597048,0.0155269196256995,0.0002055430959444
0.5410487936622256,0.0153226200491190,0.0005247620283626
0.5411488026647462,0.0150773897767067,0.0001535224000691
0.5412488116672669,0.0162288006395102,0.0001417370949639
0.5413488206697876,0.0153146600350738,0.0000284644993371
0.5414488296723083,0.0149261699989438,0.0002219540037913
0.5415488386748289,0.0152039695531130,-0.0001283098972635
0.5416488476773498,0.0144355995580554,-0.0001234184019268
0.5417488566798704,0.0156823098659515,0.0000831144934637
0.5418488656823912,0.0154686197638512,0.0000148028602780
0.5419488746849118,0.0162450391799212,-0.0000737645532354
0.5420488836874325,0.0153572401031852,-0.0002036301011685
0.5421488926899533,0.0156397391110659,0.0000778586982051
0.5422489016924740,0.0155349299311638,0.0001192505005747
0.5423489106949946,0.0147558804601431,0.0000873911994859
0.5424489196975154,0.0155937802046537,-0.0000504087111040
0.5425489287000361,0.0149032799527049,0.0000458683316538
0.5426489377025567,0.0157949198037386,0.0001037058027578
0.5427489467050776,0.0143875200301409,0.0003584112855606
0.5428489557075982,0.0151743497699499,0.0002141626027878
0.5429489647101190,0.0147851295769215,-0.0000308357011818
0.5430489737126396,0.0153185902163386,-0.0001484031963628
0.5431489827151603,0.0143187800422311,0.0000329378999595
0.5432489917176810,0.0149430995807052,-0.0003509242960718
0.5433490007202018,0.0136763397604227,-0.0003814784868155
0.5434490097227224,0.0125089799985290,-0.0001196903031087
0.5435490187252432,0.0112278703600168,0.0001934251049533
0.5436490277277638,0.0117137301713228,-0.0001167192967841
0.5437490367302845,0.0110573796555400,-0.0001808059023460
0.5438490457328052,0.0115297995507717,-0.0003801618877333
0.5439490547353260,0.0104522500187159,0.0000256195198745
0.5440490637378467,0.0109030297026038,-0.0003697549982462
0.5441490727403674,0.0102532403543591,-0.0005859840894118
0.5442490817428880,0.0110310399904847,-0.0006096542929299
0.5443490907454088,0.0101493997499347,-0.0007324849721044
0.5444490997479295,0.0094331000000238,-0.0006624633097090
0.5445491087504502,0.0121231898665428,-0.0006816278910264
0.5446491177529710,0.0163519997149706,-0.0013808379881084
0.5447491267554916,0.0175421796739101,-0.0023404699750245
0.5448491357580123,0.0157531797885895,-0.0024955519475043
0.5449491447605330,0.0143628502264619,-0.0032028090208769
0.5450491537630537,0.0044687949120998,-0.0018192200222984
0.5451491627655745,-0.0018969540251419,-0.0023777419701219
0.5452491717680952,0.0849970802664757,0.0849719420075417
0.5453491807706158,0.0849971696734428,0.0849971175193787
0.5454491897731366,0.0849971175193787,0.0849969312548637
0.5455491987756572,0.0849970206618309,0.0849965363740921
0.5456492077781779,0.0849971324205399,0.0849957466125488
0.5457492167806987,0.0849971100687981,0.0849545001983643
0.5458492257832194,0.0849971473217010,0.0849485024809837
0.5459492347857400,0.0849980264902115,0.0849433466792107
0.5460492437882608,0.0849990174174309,0.0849943310022354
0.5461492527907815,0.0849985927343369,0.0849943310022354
0.5462492617933022,0.0849980935454369,0.0849943310022354
0.5463492707958230,0.0849981829524040,0.0849943310022354
0.5464492797983436,0.0849978700280190,0.0849947780370712
0.5465492888008644,0.0849973708391190,0.0849955901503563
0.5466492978033850,0.0849973410367966,0.0849958881735802
0.5467493068059057,0.0849972814321518,0.0849961414933205
0.5468493158084264,0.0849972069263458,0.0849963724613190
0.5469493248109472,0.0849972516298294,0.0849964693188667
0.5470493338134678,0.0849971771240234,0.0849965810775757
0.5471493428159886,0.0849972069263458,0.0849966034293175
0.5472493518185092,0.0849971994757652,0.0849966406822205
0.5473493608210300,0.0849971622228622,0.0849967375397682
0.5474493698235506,0.0849971920251846,0.0849967375397682
0.5475493788260714,0.0849971696734428,0.0849967524409294
0.5476493878285921,0.0849971920251846,0.0849968120455742
0.5477493968311128,0.0849971473217010,0.0849967896938324
0.5478494058336335,0.0849971920251846,0.0849967673420906
0.5479494148361542,0.0849971994757652,0.0849967673420906
0.5480494238386749,0.0849971696734428,0.0849967822432518
0.5481494328411955,0.0849971622228622,0.0849967673420906
0.5482494418437164,0.0849972069263458,0.0849967375397682
0.5483494508462370,0.0849972292780876,0.0849967524409294
0.5484494598487578,0.0849972069263458,0.0849967971444130
0.5485494688512784,0.0849972292780876,0.0849967896938324
0.5486494778537991,0.0849972069263458,0.0849967226386070
0.5487494868563199,0.0849972069263458,0.0849967673420906
0.5488494958588406,0.0849972367286682,0.0849967673420906
0.5489495048613612,0.0849972665309906,0.0849967598915100
0.5490495138638820,0.0849972367286682,0.0849967673420906
0.5491495228664026,0.0849972367286682,0.0849967375397682
0.5492495318689233,0.0849972367286682,0.0849967375397682
0.5493495408714441,0.0849972516298294,0.0849967375397682
0.5494495498739648,0.0849972665309906,0.0849967077374458
0.5495495588764856,0.0849972814321518,0.0849967077374458
0.5496495678790062,0.0849972590804100,0.0849967002868652
0.5497495768815269,0.0849972888827324,0.0849967002868652
0.5498495858840476,0.0849972814321518,0.0849967673420906
0.5499495948865684,0.0849973186850548,0.0849967300891876
0.5500496038890890,0.0849972963333130,0.0849966928362846
0.5501496128916098,0.0849972665309906,0.0849966928362846
0.5502496218941304,0.0849973633885384,0.0849966928362846
0.5503496308966511,0.0849972367286682,0.0849967375397682
0.5504496398991718,0.0849973186850548,0.0849966928362846
0.5505496489016926,0.0849973112344742,0.0849966406822205
0.5506496579042132,0.0849972665309906,0.0849967375397682
0.5507496669067340,0.0849973633885384,0.0849966928362846
0.5508496759092546,0.0849973335862160,0.0849966928362846
0.5509496849117754,0.0849972665309906,0.0849967524409294
0.5510496939142960,0.0849973112344742,0.0849967375397682
0.5511497029168168,0.0849973410367966,0.0849967375397682
0.5512497119193376,0.0849972665309906,0.0849967077374458
0.5513497209218582,0.0849973186850548,0.0849967375397682
0.5514497299243789,0.0849973335862160,0.0849967077374458
0.5515497389268996,0.0849973335862160,0.0849967971444130
0.5516497479294203,0.0849973112344742,0.0849968194961548
0.5517497569319409,0.0849972888827324,0.0849968194961548
0.5518497659344618,0.0849972963333130,0.0849968492984772
0.5519497749369824,0.0849972367286682,0.0849968567490578
0.5520497839395032,0.0849972590804100,0.0849968791007996
0.5521497929420238,0.0849972665309906,0.0849969014525414
0.5522498019445445,0.0849972814321518,0.0849968716502190
0.5523498109470653,0.0849972665309906,0.0849968865513802
0.5524498199495860,0.0849972590804100,0.0849969163537025
0.5525498289521066,0.0849972590804100,0.0849969312548637
0.5526498379546274,0.0849972367286682,0.0849969089031219
0.5527498469571480,0.0849972665309906,0.0849969536066055
0.5528498559596687,0.0849972665309906,0.0849969536066055
0.5529498649621896,0.0849972665309906,0.0849969834089279
0.5530498739647102,0.0849972665309906,0.0849969834089279
0.5531498829672310,0.0849972516298294,0.0849969834089279
0.5532498919697516,0.0849972665309906,0.0849969908595085
0.5533499009722723,0.0849972590804100,0.0849969908595085
0.5534499099747930,0.0849972367286682,0.0849969983100891
0.5535499189773138,0.0849972367286682,0.0849970132112503
0.5536499279798344,0.0849972367286682,0.0849970132112503
0.5537499369823552,0.0849972367286682,0.0849969983100891
0.5538499459848758,0.0849972516298294,0.0849970132112503
0.5539499549873965,0.0849972367286682,0.0849970132112503
0.5540499639899172,0.0849972516298294,0.0849970430135727
0.5541499729924380,0.0849972367286682,0.0849970430135727
0.5542499819949587,0.0849972292780876,0.0849970430135727
0.5543499909974794,0.0849972292780876,0.0849970430135727
0.5544500000000000,0.0849972292780876,0.0849970504641533
0.5545500090025208,0.0849972367286682,0.0849970430135727
0.5546500180050414,0.0849972367286682,0.0849970430135727
0.5547500270075622,0.0849972367286682,0.0849970504641533
0.5548500360100830,0.0849972292780876,0.0849970579147339
0.5549500450126036,0.0849972292780876,0.0849970579147339
0.5550500540151243,0.0849972367286682,0.0849970728158951
0.5551500630176450,0.0849972367286682,0.0849970728158951
0.5552500720201657,0.0849972218275070,0.0849970728158951
0.5553500810226865,0.0849972292780876,0.0849970728158951
0.5554500900252072,0.0849972218275070,0.0849970728158951
0.5555500990277278,0.0849972292780876,0.0849970802664757
0.5556501080302486,0.0849972218275070,0.0849970728158951
0.5557501170327692,0.0849972218275070,0.0849970728158951
0.5558501260352899,0.0849972218275070,0.0849970728158951
0.5559501350378107,0.0849972218275070,0.0849970728158951
0.5560501440403314,0.0849972218275070,0.0849970877170563
0.5561501530428520,0.0849972069263458,0.0849970802664757
0.5562501620453728,0.0849972218275070,0.0849970802664757
0.5563501710478934,0.0849972069263458,0.0849970802664757
0.5564501800504142,0.0849972069263458,0.0849970877170563
0.5565501890529350,0.0849972218275070,0.0849970877170563
0.5566501980554556,0.0849972069263458,0.0849970877170563
0.5567502070579764,0.0849972069263458,0.0849970877170563
0.5568502160604970,0.0849972069263458,0.0849970877170563
0.5569502250630177,0.0849972069263458,0.0849970877170563
0.5570502340655384,0.0849971994757652,0.0849970877170563
0.5571502430680592,0.0849972069263458,0.0849970877170563
0.5572502520705798,0.0849972069263458,0.0849971026182175
0.5573502610731006,0.0849972069263458,0.0849971026182175
0.5574502700756212,0.0849972069263458,0.0849971026182175
0.5575502790781420,0.0849972069263458,0.0849971026182175
0.5576502880806626,0.0849972069263458,0.0849971026182175
0.5577502970831834,0.0849972069263458,0.0849971026182175
0.5578503060857041,0.0849972069263458,0.0849971026182175
0.5579503150882248,0.0849972069263458,0.0849971026182175
0.5580503240907454,0.0849972069263458,0.0849971026182175
0.5581503330932662,0.0849971994757652,0.0849971026182175
0.5582503420957869,0.0849972069263458,0.0849971026182175
0.5583503510983076,0.0849972069263458,0.0849971026182175
0.5584503601008284,0.0849971994757652,0.0849971026182175
0.5585503691033490,0.0849972069263458,0.0849971100687981
0.5586503781058698,0.0849971994757652,0.0849971026182175
0.5587503871083904,0.0849972069263458,0.0849971100687981
0.5588503961109111,0.0849972069263458,0.0849971100687981
0.5589504051134319,0.0849972069263458,0.0849971100687981
0.5590504141159526,0.0849972069263458,0.0849971100687981
0.5591504231184732,0.0849972069263458,0.0849971100687981
0.5592504321209940,0.0849971994757652,0.0849971100687981
0.5593504411235146,0.0849971920251846,0.0849971100687981
0.5594504501260353,0.0849971994757652,0.0849971100687981
0.5595504591285561,0.0849972069263458,0.0849971175193787
0.5596504681310768,0.0849971994757652,0.0849971100687981
0.5597504771335974,0.0849971920251846,0.0849971175193787
0.5598504861361182,0.0849971994757652,0.0849971175193787
0.5599504951386389,0.0849971994757652,0.0849971175193787
0.5600505041411596,0.0849971994757652,0.0849971175193787
0.5601505131436804,0.0849971994757652,0.0849971175193787
0.5602505221462010,0.0849971994757652,0.0849971175193787
0.5603505311487218,0.0849971994757652,0.0849971175193787
0.5604505401512424,0.0849971920251846,0.0849971175193787
0.5605505491537631,0.0849971771240234,0.0849971324205399
0.5606505581562838,0.0849971771240234,0.0849971324205399
0.5607505671588046,0.0849971771240234,0.0849971324205399
0.5608505761613252,0.0849971771240234,0.0849971175193787
0.5609505851638460,0.0849971994757652,0.0849971026182175
0.5610505941663666,0.0849972069263458,0.0849971324205399
0.5611506031688874,0.0849972814321518,0.0849972367286682
0.5612506121714080,0.0849973633885384,0.0849973633885384
0.5613506211739288,0.0849974304437637,0.0849975198507309
0.5614506301764495,0.0849975124001503,0.0849977582693100
0.5615506391789702,0.0849975869059563,0.0849978774785995
0.5616506481814908,0.0849976614117622,0.0849980190396309
0.5617506571840116,0.0849976763129234,0.0849982500076294
0.5618506661865323,0.0849976986646652,0.0849984064698219
0.5619506751890530,0.0849977806210518,0.0849986374378204
0.5620506841915738,0.0849977731704712,0.0849988833069801
0.5621506931940944,0.0849978327751160,0.0849991589784622
0.5622507021966152,0.0849979966878891,0.0849992409348488
0.5623507111991358,0.0849981307983398,0.0849993824958801
0.5624507202016565,0.0849983766674995,0.0849995464086533
0.5625507292041773,0.0849984735250473,0.0849997177720070
0.5626507382066980,0.0849986001849174,0.0849995315074921
0.5627507472092186,0.0849984437227249,0.0849998295307159
0.5628507562117394,0.0849986374378204,0.0849998816847801
0.5629507652142600,0.0849984586238861,0.0849998369812965
0.5630507742167807,0.0849987193942070,0.0849998518824577
0.5631507832193015,0.0849985182285309,0.0849997773766518
0.5632507922218222,0.0849986523389816,0.0850000008940697
0.5633508012243429,0.0849985778331757,0.0849999636411667
0.5634508102268636,0.0849984511733055,0.0849983096122742
0.5635508192293843,0.0849979966878891,0.0849974602460861
0.5636508282319050,0.0849977135658264,0.0849795565009117
0.5637508372344258,0.0849977135658264,0.0849754512310028
0.5638508462369464,-0.0113457301631570,0.0275975298136473
0.5639508552394672,-0.0008351441938430,0.0213217604905367
0.5640508642419878,0.0087101720273495,0.0160042103379965
0.5641508732445085,0.0159310996532440,0.0110070100054145
0.5642508822470292,0.0202679000794888,0.0079122260212898
0.5643508912495500,0.0223477408289909,0.0060294200666249
0.5644509002520707,0.0230819303542376,0.0046276799403131
0.5645509092545914,0.0222633406519890,0.0035217900294811
0.5646509182571120,0.0220212992280722,0.0030774839688092
0.5647509272596328,0.0207918193191290,0.0029659920837730
0.5648509362621534,0.0200801007449627,0.0022192860487849
0.5649509452646742,0.0200679004192352,0.0018791180336848
0.5650509542671949,0.0204309094697237,0.0016249989857897
0.5651509632697156,0.0208199508488178,0.0008884692215361
0.5652509722722363,0.0214875508099794,0.0008293542778119
0.5653509812747570,0.0217263605445623,0.0005113892257214
0.5654509902772777,0.0222602207213640,0.0003243825049140
0.5655509992797985,0.0252441707998514,-0.0003012226079591
0.5656510082823192,0.0249475408345461,-0.0003866729966830
0.5657510172848398,0.0269965399056673,-0.0009398764814250
0.5658510262873606,0.0280581600964069,-0.0011621640296653
0.5659510352898812,0.0291841793805361,-0.0014570980565622
0.5660510442924019,0.0291882604360580,-0.0015885420143604
0.5661510532949227,0.0282049290835857,-0.0011281529441476
0.5662510622974434,0.0263142399489880,-0.0009609634871595
0.5663510712999640,0.0279625300318003,-0.0010867880191654
0.5664510803024848,0.0266083199530840,-0.0010359110310674
0.5665510893050054,0.0278556197881699,-0.0009766339790076
0.5666510983075262,0.0267374701797962,-0.0006558587774634
0.5667511073100469,0.0285828206688166,-0.0009558179881424
0.5668511163125676,0.0274274591356516,-0.0006087963120081
0.5669511253150884,0.0285778492689133,-0.0004045150126331
0.5670511343176090,0.0276625305414200,0.0000260649794654
0.5671511433201297,0.0290528200566769,-0.0000282924793282
0.5672511523226504,0.0276699401438236,0.0004338641010690
0.5673511613251712,0.0273726508021355,0.0005769457784481
0.5674511703276918,0.0272472295910120,0.0004165740101598
0.5675511793302126,0.0256398804485798,0.0007334420806728
0.5676511883327332,0.0282865203917027,0.0005193777033128
0.5677511973352540,0.0256383195519447,0.0009279159712605
0.5678512063377746,0.0246076602488756,0.0011279199970886
0.5679512153402954,0.0239426493644714,0.0010088760172948
0.5680512243428161,0.0246144104748964,0.0010735599789768
0.5681512333453368,0.0241249091923237,0.0008088211761788
0.5682512423478574,0.0226848199963570,0.0007944920216687
0.5683512513503782,0.0219988301396370,0.0006308581796475
0.5684512603528988,0.0189623404294252,0.0006181416101754
0.5685512693554196,0.0193874891847372,0.0008138559060171
0.5686512783579404,0.0184116698801517,0.0007987407734618
0.5687512873604610,0.0194341000169516,0.0008245760109276
0.5688512963629817,0.0186617206782103,0.0008591936202720
0.5689513053655024,0.0196079593151808,0.0008075786172412
0.5690513143680231,0.0173935703933239,0.0009130450780503
0.5691513233705439,0.0154702998697758,0.0011555399978533
0.5692513323730646,0.0152001297101378,0.0006213490851223
0.5693513413755852,0.0135643202811480,0.0005471506738104
0.5694513503781060,0.0131893595680594,0.0003887400089297
0.5695513593806266,0.0114826103672385,0.0002636387071107
0.5696513683831473,0.0112354299053550,0.0001053883024724
0.5697513773856681,0.0096096014603972,0.0001572710025357
0.5698513863881888,0.0081473784521222,0.0000202456303668
0.5699513953907094,0.0059431372210383,0.0002568344934843
0.5700514043932302,0.0059176022186875,-0.0000023928159862
0.5701514133957508,0.0049998201429844,-0.0001640578993829
0.5702514223982716,0.0046955090947449,-0.0001792950934032
0.5703514314007923,0.0050716069526970,0.0001583225966897
0.5704514404033130,0.0066348440013826,-0.0003535755095072
0.5705514494058338,0.0054712300188839,-0.0002547941112425
0.5706514584083544,0.0051436480134726,-0.0000077669474194
0.5707514674108751,0.0051294080913067,0.0000273233199550
0.5708514764133958,0.0056011229753494,-0.0000799872068455
0.5709514854159166,0.0053557502105832,0.0000869210634846
0.5710514944184372,0.0055037317797542,-0.0000070083851824
0.5711515034209580,0.0037738541141152,-0.0000346271917806
0.5712515124234786,0.0035198549740016,0.0000501005197293
0.5713515214259994,0.0028934830334038,0.0001825180952437
0.5714515304285200,0.0021046430338174,0.0000339854013873
0.5715515394310408,0.0029768398962915,-0.0003201308136340
0.5716515484335615,0.0034108071122319,-0.0004251968057361
0.5717515574360822,0.0035684909671545,-0.0006247478886507
0.5718515664386028,0.0018892909865826,-0.0003676066116896
0.5719515754411236,0.0021861849818379,-0.0001504075044068
0.5720515844436442,0.0015301560051739,0.0001132801990025
0.5721515934461650,0.0018378969980404,0.0001114542028517
0.5722516024486858,0.0011076430091634,0.0001373690029141
0.5723516114512064,0.0021790999453515,0.0000536998486496
0.5724516204537272,0.0027951078955084,-0.0002643704065122
0.5725516294562478,0.0038484139367938,-0.0003877191920765
0.5726516384587685,0.0036761530209333,-0.0005334215820767
0.5727516474612893,0.0031744809821248,-0.0002725415979512
0.5728516564638100,0.0021652409341186,-0.0002808411954902
0.5729516654663306,0.0025162079837173,-0.0004113859031349
0.5730516744688514,0.0009434635867365,-0.0001166139991255
0.5731516834713720,0.0011340259807184,-0.0001343688054476
0.5732516924738927,0.0015047449851409,-0.0004214807995595
0.5733517014764135,0.0024226841051131,-0.0005805788096040
0.5734517104789342,0.0027052520308644,-0.0004810896061826
0.5735517194814549,0.0026288561057299,-0.0004209050966892
0.5736517284839756,0.0034503738861531,-0.0006317904917523
0.5737517374864962,0.0038369719404727,-0.0004247410106473
0.5738517464890170,0.0046017118729651,-0.0004074937896803
0.5739517554915378,0.0039319549687207,-0.0002793424064294
0.5740517644940584,0.0044510150328279,-0.0002548295888118
0.5741517734965792,0.0048310100100935,-0.0003086254873779
0.5742517824990998,0.0051451479084790,-0.0001438548933947
0.5743517915016205,0.0050640180706978,0.0000679390868754
0.5744518005041412,0.0047341790050268,-0.0000723507691873
0.5745518095066620,0.0047528999857605,0.0001141651009675
0.5746518185091827,0.0053204949945211,-0.0002783767995425
0.5747518275117034,0.0051612812094390,-0.0002372001035837
0.5748518365142240,0.0058668288402259,-0.0004108675057068
0.5749518455167448,0.0063745980150998,-0.0004668270121329
0.5750518545192654,0.0061454400420189,-0.0004231228085700
0.5751518635217862,0.0065799071453512,-0.0004496636101976
0.5752518725243069,0.0070315431803465,-0.0003792078059632
0.5753518815268276,0.0069967568852007,-0.0001740526058711
0.5754518905293482,0.0069936909712851,-0.0001403003989253
0.5755518995318690,0.0076804189011455,0.0001205637963722
0.5756519085343897,0.0076532871462405,-0.0001373201957904
0.5757519175369105,0.0072771101258695,-0.0000813659935375
0.5758519265394312,0.0086973672732711,-0.0003349427133799
0.5759519355419518,0.0082146469503641,-0.0002227305958513
0.5760519445444726,0.0085544455796480,-0.0005027942243032
0.5761519535469932,0.0086692832410336,-0.0002869009040296
0.5762519625495139,0.0082619348540902,-0.0000825932584121
0.5763519715520347,0.0084323212504387,-0.0003441020962782
0.5764519805545554,0.0093173366039991,-0.0006880675791763
0.5765519895570760,0.0091169988736510,-0.0005120325949974
0.5766519985595968,0.0096206311136484,-0.0004859789914917
0.5767520075621174,0.0098666865378618,-0.0008236789726652
0.5768520165646382,0.0095707075670362,-0.0006118522724137
0.5769520255671589,0.0109310597181320,-0.0006446582847275
0.5770520345696796,0.0105197401717305,-0.0005662991898134
0.5771520435722003,0.0107979001477361,-0.0001646418968448
0.5772520525747210,0.0111246602609754,-0.0003908482904080
0.5773520615772416,0.0116505501791835,0.0001093340033549
0.5774520705797624,0.0109174102544785,0.0003394412924536
0.5775520795822832,0.0110799800604582,0.0001323897013208
0.5776520885848038,0.0115496097132564,0.0002082550054183
0.5777520975873246,0.0116123603656888,-0.0001466677058488
0.5778521065898452,0.0130865098908544,-0.0003259448858444
0.5779521155923660,0.0119522903114557,-0.0000102983703982
0.5780521245948866,0.0125756999477744,-0.0000876018530107
0.5781521335974074,0.0127362199127674,-0.0002843711117748
0.5782521425999281,0.0133883701637387,-0.0002208428049926
0.5783521516024488,0.0125460103154182,-0.0003803260042332
0.5784521606049694,0.0131661100313067,-0.0004647122113965
0.5785521696074902,0.0120350699871778,0.0001699640997685
0.5786521786100108,0.0136086698621511,-0.0001409849064657
0.5787521876125316,0.0133524499833584,-0.0000214964402403
0.5788521966150523,0.0132415601983666,0.0001330946979579
0.5789522056175730,0.0149877099320292,-0.0001755898992997
0.5790522146200936,0.0137844104319811,0.0003251793968957
0.5791522236226144,0.0141276400536299,0.0000323144195136
0.5792522326251351,0.0137030202895403,0.0002113124064635
0.5793522416276559,0.0132901798933744,0.0003385776944924
0.5794522506301766,0.0138000603765249,0.0000217427495954
0.5795522596326972,0.0144279003143311,0.0000616164834355
0.5796522686352180,0.0130610102787614,0.0003882168093696
0.5797522776377386,0.0140703702345490,-0.0000465201010229
0.5798522866402593,0.0149897597730160,-0.0004364821943454
0.5799522956427801,0.0139332897961140,-0.0004157199873589
0.5800523046453008,0.0146810803562403,-0.0004693134978879
0.5801523136478214,0.0151039501652122,-0.0005733607104048
0.5802523226503422,0.0163334608078003,-0.0006775223882869
0.5803523316528628,0.0158714894205332,-0.0006209989078343
0.5804523406553836,0.0159525796771049,-0.0003199508937541
0.5805523496579043,0.0158166494220495,-0.0001215763986693
0.5806523586604250,0.0158621594309807,0.0000803821167210
0.5807523676629457,0.0166337601840496,-0.0000007839387877
0.5808523766654664,0.0165640898048878,0.0000409403692174
0.5809523856679871,0.0166061408817768,0.0000598750484642
0.5810523946705078,0.0171510204672813,0.0000777666209615
0.5811524036730286,0.0156706105917692,0.0002131159999408
0.5812524126755492,0.0151404896751046,0.0004726109909825
0.5813524216780700,0.0161459203809500,0.0000386179090128
0.5814524306805906,0.0161566808819771,-0.0002222732000519
0.5815524396831114,0.0169103108346462,-0.0002927042951342
0.5816524486856320,0.0173120107501745,-0.0002126284962287
0.5817524576881528,0.0179819595068693,-0.0003697329957504
0.5818524666906735,0.0177908800542355,-0.0002007839066209
0.5819524756931942,0.0176938101649284,-0.0001777225988917
0.5820524846957148,0.0178045891225338,-0.0001608935999684
0.5821524936982356,0.0178329702466726,-0.0000132473496706
0.5822525027007562,0.0177845302969217,0.0000251389301411
0.5823525117032770,0.0176224298775196,0.0001050266000675
0.5824525207057977,0.0179863199591637,0.0000864743633429
0.5825525297083184,0.0176779292523861,0.0002077591052512
0.5826525387108392,0.0186490602791309,0.0002143399033230
0.5827525477133598,0.0176467299461365,0.0001838328025769
0.5828525567158805,0.0175152998417616,0.0001579858071636
0.5829525657184013,0.0173162203282118,0.0000947882072069
0.5830525747209220,0.0181922204792500,-0.0002007955044974
0.5831525837234426,0.0187153294682503,-0.0003699790977407
0.5832525927259634,0.0177802499383688,-0.0002715740993153
0.5833526017284840,0.0188835207372904,-0.0004504158860072
0.5834526107310047,0.0178190898150206,-0.0002530527126510
0.5835526197335255,0.0183816291391850,-0.0002465702127665
0.5836526287360462,0.0179404690861702,-0.0000960308025242
0.5837526377385669,0.0180200207978487,-0.0000461177587567
0.5838526467410876,0.0182459391653538,0.0000242298192461
0.5839526557436082,0.0172767098993063,0.0002403512044111
0.5840526647461290,0.0188062693923712,0.0004250163910910
0.5841526737486497,0.0170364491641521,0.0004017158062197
0.5842526827511704,0.0180329792201519,0.0002663315099198
0.5843526917536912,0.0167331099510193,0.0003320118994452
0.5844527007562118,0.0164763405919075,0.0003698297077790
0.5845527097587325,0.0177007298916578,0.0000437265589426
0.5846527187612532,0.0174679905176163,-0.0001346841017948
0.5847527277637740,0.0198014695197344,-0.0003370236954652
0.5848527367662947,0.0179274305701256,-0.0001252508955076
0.5849527457688154,0.0185296405106783,-0.0000707172730472
0.5850527547713360,0.0182559806853533,0.0000656055926811
0.5851527637738568,0.0179448705166578,-0.0000412940207752
0.5852527727763774,0.0200744401663542,-0.0002082174032694
0.5853527817788982,0.0186006594449282,0.0000355385200237
0.5854527907814189,0.0194986406713724,-0.0000847642368171
0.5855527997839396,0.0175480302423239,0.0002515740052331
0.5856528087864602,0.0170476809144020,0.0002988250053022
0.5857528177889810,0.0180205497890711,0.0003049754886888
0.5858528267915016,0.0177866891026497,0.0004157355870120
0.5859528357940225,0.0186670608818531,0.0002728654944804
0.5860528447965432,0.0181225705891848,0.0001433658035239
0.5861528537990638,0.0184067506343126,-0.0000196904693439
0.5862528628015846,0.0169737990945578,0.0002566747134551
0.5863528718041052,0.0176604203879833,0.0000514449384355
0.5864528808066259,0.0184291098266840,-0.0002373821043875
0.5865528898091467,0.0169497597962618,-0.0001829979009926
0.5866528988116674,0.0179316997528076,-0.0000656013507978
0.5867529078141880,0.0166105702519417,-0.0000859710125951
0.5868529168167088,0.0172206200659275,-0.0003458868013695
0.5869529258192294,0.0166267100721598,-0.0002301568019902
0.5870529348217502,0.0161461308598518,-0.0000049196069085
0.5871529438242709,0.0171755496412516,0.0000025678309612
0.5872529528267916,0.0164470802992582,0.0002297316968907
0.5873529618293123,0.0178285408765078,0.0001922369992826
0.5874529708318330,0.0177116692066193,0.0002302153006895
0.5875529798343536,0.0187354199588299,0.0002664494095370
0.5876529888368744,0.0172635093331337,0.0003546708903741
0.5877529978393951,0.0161943603307009,0.0000143014704008
0.5878530068419158,0.0167838390916586,0.0001556381030241
0.5879530158444366,0.0171937700361013,0.0002162776945625
0.5880530248469572,0.0169291794300079,0.0000798791297711
0.5881530338494779,0.0155977001413703,0.0002397725038463
0.5882530428519986,0.0132601903751493,0.0001440696069039
0.5883530518545194,0.0116197103634477,0.0000092731288532
0.5884530608570401,0.0127211995422840,-0.0002195342967752
0.5885530698595608,0.0124877402558923,-0.0001680777058937
0.5886530788620814,0.0118646901100874,-0.0002024814020842
0.5887530878646022,0.0107356300577521,-0.0003551070112735
0.5888530968671228,0.0108677102252841,-0.0004323119064793
0.5889531058696436,0.0111197503283620,-0.0006355267250910
0.5890531148721643,0.0104833096265793,-0.0007373351836577
0.5891531238746850,0.0103593003004789,-0.0004851327103097
0.5892531328772056,0.0126422196626663,-0.0009411366772838
0.5893531418797264,0.0155354999005795,-0.0013481340138242
0.5894531508822470,0.0186043698340654,-0.0025564399547875
0.5895531598847679,0.0190582405775785,-0.0039534280076623
0.5896531688872886,0.0152717595919967,-0.0041052368469536
0.5897531778898092,0.0043934672139585,-0.0011265670182183
0.5898531868923300,-0.0015627919929102,-0.0021573510020971
0.5899531958948506,-0.0106288399547338,-0.0044165300205350
0.5900532048973713,0.0849969983100891,0.0849967822432518
0.5901532138998921,0.0849970132112503,0.0849968567490578
0.5902532229024128,0.0849971026182175,0.0849968865513802
0.5903532319049334,0.0849972367286682,0.0849959030747414
0.5904532409074542,0.0849970132112503,0.0849567130208015
0.5905532499099748,0.0849971771240234,0.0849543735384941
0.5906532589124956,0.0849975198507309,0.0166268199682236
0.5907532679150163,0.0849971026182175,0.0187600608915091
0.5908532769175370,0.0849974974989891,0.0849433466792107
0.5909532859200577,0.0849996283650398,0.0849943310022354
0.5910532949225784,0.0849990174174309,0.0849943310022354
0.5911533039250990,0.0849980786442757,0.0849943310022354
0.5912533129276198,0.0849980562925339,0.0849946662783623
0.5913533219301406,0.0849979296326637,0.0849951729178429
0.5914533309326612,0.0849976614117622,0.0849957466125488
0.5915533399351820,0.0849976614117622,0.0849959477782249
0.5916533489377026,0.0849976316094398,0.0849956795573235
0.5917533579402234,0.0849974229931831,0.0849956721067429
0.5918533669427440,0.0849974825978279,0.0849963128566742
0.5919533759452648,0.0849974378943443,0.0849964171648026
0.5920533849477855,0.0849972963333130,0.0849958136677742
0.5921533939503062,0.0849971175193787,0.0849958583712578
0.5922534029528268,0.0849971398711205,0.0849958732724190
0.5923534119553476,0.0849971026182175,0.0849958732724190
0.5924534209578682,0.0849970728158951,0.0849958434700966
0.5925534299603890,0.0849970430135727,0.0849959626793861
0.5926534389629097,0.0849970504641533,0.0849959999322891
0.5927534479654304,0.0849971026182175,0.0849960669875145
0.5928534569679511,0.0849970728158951,0.0849959775805473
0.5929534659704718,0.0849971100687981,0.0849960893392563
0.5930534749729925,0.0849971026182175,0.0849960520863533
0.5931534839755133,0.0849971398711205,0.0849961936473846
0.5932534929780340,0.0849971100687981,0.0849959701299667
0.5933535019805546,0.0849971473217010,0.0849960967898369
0.5934535109830754,0.0849971100687981,0.0849961489439011
0.5935535199855960,0.0849971771240234,0.0849960818886757
0.5936535289881167,0.0849971771240234,0.0849961563944817
0.5937535379906375,0.0849971473217010,0.0849961414933205
0.5938535469931582,0.0849972516298294,0.0849961563944817
0.5939535559956789,0.0849972367286682,0.0849961265921593
0.5940535649981996,0.0849971994757652,0.0849961936473846
0.5941535740007202,0.0849972665309906,0.0849961787462234
0.5942535830032410,0.0849972367286682,0.0849961191415787
0.5943535920057617,0.0849972292780876,0.0849961563944817
0.5944536010082824,0.0849972665309906,0.0849961265921593
0.5945536100108031,0.0849972590804100,0.0849961414933205
0.5946536190133238,0.0849972814321518,0.0849962234497070
0.5947536280158444,0.0849972367286682,0.0849961563944817
0.5948536370183652,0.0849972590804100,0.0849962234497070
0.5949536460208860,0.0849972218275070,0.0849962010979652
0.5950536550234067,0.0849972367286682,0.0849962830543518
0.5951536640259274,0.0849972367286682,0.0849962383508682
0.5952536730284480,0.0849972516298294,0.0849962607026100
0.5953536820309688,0.0849972963333130,0.0849962830543518
0.5954536910334894,0.0849972367286682,0.0849963128566742
0.5955537000360102,0.0849972367286682,0.0849963128566742
0.5956537090385309,0.0849972814321518,0.0849963501095772
0.5957537180410516,0.0849972814321518,0.0849964171648026
0.5958537270435722,0.0849972516298294,0.0849963128566742
0.5959537360460930,0.0849972814321518,0.0849963501095772
0.5960537450486136,0.0849972590804100,0.0849963873624802
0.5961537540511345,0.0849972665309906,0.0849964469671249
0.5962537630536551,0.0849972665309906,0.0849964171648026
0.5963537720561758,0.0849972665309906,0.0849964991211891
0.5964537810586965,0.0849972665309906,0.0849964991211891
0.5965537900612172,0.0849972367286682,0.0849965587258339
0.5966537990637379,0.0849972665309906,0.0849965512752533
0.5967538080662587,0.0849972590804100,0.0849965736269951
0.5968538170687794,0.0849972516298294,0.0849965587258339
0.5969538260713000,0.0849972218275070,0.0849966332316399
0.5970538350738208,0.0849972367286682,0.0849965736269951
0.5971538440763414,0.0849972665309906,0.0849966332316399
0.5972538530788621,0.0849972665309906,0.0849966928362846
0.5973538620813829,0.0849972367286682,0.0849966704845428
0.5974538710839036,0.0849972590804100,0.0849967002868652
0.5975538800864243,0.0849972590804100,0.0849967226386070
0.5976538890889450,0.0849972590804100,0.0849967375397682
0.5977538980914656,0.0849972590804100,0.0849967524409294
0.5978539070939864,0.0849972367286682,0.0849967524409294
0.5979539160965071,0.0849972516298294,0.0849967673420906
0.5980539250990278,0.0849972367286682,0.0849967375397682
0.5981539341015485,0.0849972367286682,0.0849967673420906
0.5982539431040692,0.0849972590804100,0.0849968120455742
0.5983539521065899,0.0849972367286682,0.0849967896938324
0.5984539611091106,0.0849972367286682,0.0849968120455742
0.5985539701116314,0.0849972516298294,0.0849968120455742
0.5986539791141521,0.0849972516298294,0.0849968418478966
0.5987539881166728,0.0849972590804100,0.0849968269467354
0.5988539971191934,0.0849972516298294,0.0849968791007996
0.5989540061217142,0.0849972367286682,0.0849968567490578
0.5990540151242348,0.0849972367286682,0.0849968791007996
0.5991540241267556,0.0849972367286682,0.0849968865513802
0.5992540331292763,0.0849972292780876,0.0849969089031219
0.5993540421317970,0.0849972292780876,0.0849969014525414
0.5994540511343176,0.0849972292780876,0.0849969163537025
0.5995540601368384,0.0849972218275070,0.0849969163537025
0.5996540691393590,0.0849972218275070,0.0849969312548637
0.5997540781418799,0.0849972218275070,0.0849969387054443
0.5998540871444005,0.0849972069263458,0.0849969312548637
0.5999540961469212,0.0849972069263458,0.0849969387054443
0.6000541051494420,0.0849972069263458,0.0849969536066055
0.6001541141519626,0.0849972069263458,0.0849969536066055
0.6002541231544833,0.0849972069263458,0.0849969610571861
0.6003541321570041,0.0849972069263458,0.0849969536066055
0.6004541411595248,0.0849972069263458,0.0849969685077667
0.6005541501620454,0.0849972069263458,0.0849969610571861
0.6006541591645662,0.0849972069263458,0.0849969685077667
0.6007541681670868,0.0849972069263458,0.0849969685077667
0.6008541771696077,0.0849972069263458,0.0849969834089279
0.6009541861721283,0.0849972069263458,0.0849969685077667
0.6010541951746490,0.0849972069263458,0.0849969908595085
0.6011542041771697,0.0849972069263458,0.0849969834089279
0.6012542131796904,0.0849972069263458,0.0849969908595085
0.6013542221822110,0.0849972069263458,0.0849969908595085
0.6014542311847318,0.0849972069263458,0.0849969983100891
0.6015542401872525,0.0849971994757652,0.0849969983100891
0.6016542491897732,0.0849971994757652,0.0849969983100891
0.6017542581922940,0.0849971994757652,0.0849969983100891
0.6018542671948146,0.0849971994757652,0.0849970132112503
0.6019542761973354,0.0849971994757652,0.0849970132112503
0.6020542851998560,0.0849971994757652,0.0849970132112503
0.6021542942023768,0.0849971994757652,0.0849970132112503
0.6022543032048975,0.0849971994757652,0.0849970206618309
0.6023543122074182,0.0849971994757652,0.0849970206618309
0.6024543212099388,0.0849971920251846,0.0849970206618309
0.6025543302124596,0.0849971994757652,0.0849970206618309
0.6026543392149802,0.0849972069263458,0.0849970281124115
0.6027543482175010,0.0849971920251846,0.0849970281124115
0.6028543572200217,0.0849971920251846,0.0849970281124115
0.6029543662225424,0.0849971920251846,0.0849970281124115
0.6030543752250631,0.0849971994757652,0.0849970430135727
0.6031543842275838,0.0849971994757652,0.0849970430135727
0.6032543932301044,0.0849971994757652,0.0849970430135727
0.6033544022326253,0.0849971994757652,0.0849970430135727
0.6034544112351459,0.0849971920251846,0.0849970430135727
0.6035544202376666,0.0849971920251846,0.0849970504641533
0.6036544292401874,0.0849971994757652,0.0849970504641533
0.6037544382427080,0.0849971920251846,0.0849970504641533
0.6038544472452287,0.0849971920251846,0.0849970504641533
0.6039544562477495,0.0849971994757652,0.0849970579147339
0.6040544652502702,0.0849971920251846,0.0849970579147339
0.6041544742527909,0.0849971920251846,0.0849970728158951
0.6042544832553116,0.0849971920251846,0.0849970728158951
0.6043544922578322,0.0849971920251846,0.0849970728158951
0.6044545012603530,0.0849971920251846,0.0849970728158951
0.6045545102628737,0.0849971920251846,0.0849970728158951
0.6046545192653944,0.0849971771240234,0.0849970802664757
0.6047545282679151,0.0849971771240234,0.0849970877170563
0.6048545372704358,0.0849971771240234,0.0849971026182175
0.6049545462729564,0.0849971696734428,0.0849971026182175
0.6050545552754772,0.0849971696734428,0.0849970802664757
0.6051545642779979,0.0849971473217010,0.0849970728158951
0.6052545732805187,0.0849971696734428,0.0849971398711205
0.6053545822830394,0.0849972218275070,0.0849972665309906
0.6054545912855600,0.0849972888827324,0.0849973931908607
0.6055546002880808,0.0849973484873772,0.0849974378943443
0.6056546092906014,0.0849974006414413,0.0849975198507309
0.6057546182931222,0.0849974602460861,0.0849975794553757
0.6058546272956429,0.0849975198507309,0.0849976986646652
0.6059546362981636,0.0849975720047951,0.0849978774785995
0.6060546453006842,0.0849976167082787,0.0849980562925339
0.6061546543032050,0.0849976167082787,0.0849982425570488
0.6062546633057256,0.0849976688623428,0.0849983170628548
0.6063546723082465,0.0849976465106010,0.0849986374378204
0.6064546813107671,0.0849976763129234,0.0849988535046577
0.6065546903132878,0.0849977433681488,0.0849988237023354
0.6066546993158085,0.0849977433681488,0.0849991217255592
0.6067547083183292,0.0849977806210518,0.0849992036819458
0.6068547173208498,0.0849980264902115,0.0849991813302040
0.6069547263233707,0.0849980264902115,0.0849994271993637
0.6070547353258914,0.0849981307983398,0.0849993526935577
0.6071547443284120,0.0849983170628548,0.0849994570016861
0.6072547533309328,0.0849982723593712,0.0849995315074921
0.6073547623334534,0.0849981382489204,0.0849994570016861
0.6074547713359741,0.0849983096122742,0.0849996730685234
0.6075547803384949,0.0849981978535652,0.0849995166063309
0.6076547893410156,0.0849982574582100,0.0849996507167816
0.6077547983435363,0.0849982425570488,0.0849995166063309
0.6078548073460570,0.0849982872605324,0.0849996730685234
0.6079548163485776,0.0849981233477592,0.0849975198507309
0.6080548253510984,0.0849979892373085,0.0849972292780876
0.6081548343536191,0.0849979370832443,0.0849974527955055
0.6082548433561398,0.0849978774785995,0.0849974974989891
0.6083548523586605,0.0849978178739548,0.0849976763129234
0.6084548613611812,0.0849976688623428,0.0849979668855667
0.6085548703637018,0.0849976390600204,0.0849765837192535
0.6086548793662226,0.0849975571036339,0.0849775224924088
0.6087548883687434,-0.0226616300642490,0.0241381898522377
0.6088548973712641,-0.0168349798768759,0.0210917498916388
0.6089549063737848,-0.0113258399069309,0.0188402999192476
0.6090549153763054,-0.0066056190989912,0.0165939405560493
0.6091549243788262,-0.0040864879265428,0.0140979997813702
0.6092549333813468,-0.0017891930183396,0.0126967998221517
0.6093549423838676,-0.0008063733112067,0.0116551602259278
0.6094549513863883,-0.0000323711792589,0.0096468562260270
0.6095549603889090,0.0003124465001747,0.0086114341393113
0.6096549693914296,0.0002954117080662,0.0071728210896254
0.6097549783939504,0.0009075478883460,0.0066615957766771
0.6098549873964710,0.0005113714141771,0.0056577031500638
0.6099549963989919,0.0018274040194228,0.0051066810265183
0.6100550054015125,0.0017296000150964,0.0044346489012241
0.6101550144040332,0.0024280080106109,0.0040002390742302
0.6102550234065539,0.0028542981017381,0.0038820060435683
0.6103550324090746,0.0029427029658109,0.0039060111157596
0.6104550414115952,0.0042171007953584,0.0034192570019513
0.6105550504141161,0.0041684308089316,0.0030849769245833
0.6106550594166368,0.0056297541595995,0.0025666248984635
0.6107550684191574,0.0060611879453063,0.0021121499594301
0.6108550774216782,0.0068858428858221,0.0019603879190981
0.6109550864241988,0.0077610341832042,0.0016760339494795
0.6110550954267197,0.0089619318023324,0.0015670519787818
0.6111551044292403,0.0097115999087691,0.0010949450079352
0.6112551134317610,0.0092490194365382,0.0009800081606954
0.6113551224342817,0.0102726602926850,0.0006886001210660
0.6114551314368024,0.0106316702440381,0.0001548241998535
0.6115551404393230,0.0115823298692703,-0.0002778763882816
0.6116551494418438,0.0117200296372175,-0.0004536478081718
0.6117551584443645,0.0118769099935889,-0.0006704258848913
0.6118551674468852,0.0112140402197838,-0.0006961093749851
0.6119551764494059,0.0112507399171591,-0.0006192846922204
0.6120551854519266,0.0110796904191375,-0.0004595044010784
0.6121551944544474,0.0122428899630904,-0.0005336803733371
0.6122552034569680,0.0119547499343753,-0.0003079283051193
0.6123552124594888,0.0125050097703934,-0.0000839796775836
0.6124552214620095,0.0116239702329040,0.0000042313599806
0.6125552304645302,0.0121395597234368,-0.0000805641320767
0.6126552394670508,0.0118804303929210,-0.0003682987880893
0.6127552484695716,0.0111650200560689,-0.0003336330992170
0.6128552574720922,0.0120127396658063,-0.0005595752154477
0.6129552664746130,0.0113647300750017,-0.0006345472065732
0.6130552754771337,0.0107429903000593,-0.0002968522894662
0.6131552844796544,0.0109439902007580,-0.0004963062820025
0.6132552934821751,0.0116161704063416,-0.0003730265889317
0.6133553024846958,0.0121295899152756,-0.0006583639187738
0.6134553114872164,0.0113681303337216,-0.0000262197700067
0.6135553204897373,0.0105965398252010,-0.0001610714971321
0.6136553294922579,0.0119232302531600,-0.0003402848960832
0.6137553384947786,0.0118495803326368,-0.0001238450931851
0.6138553474972993,0.0128632504492998,-0.0005524773150682
0.6139553564998200,0.0119332903996110,0.0002892731863540
0.6140553655023407,0.0115178199484944,0.0000644514875603
0.6141553745048615,0.0118198301643133,0.0000382670114050
0.6142553835073822,0.0114788096398115,0.0002848994045053
0.6143553925099029,0.0122251696884632,0.0005533550865948
0.6144554015124236,0.0117196096107364,0.0001969907025341
0.6145554105149442,0.0124258799478412,0.0000224552404688
0.6146554195174651,0.0126219596713781,-0.0000902227111510
0.6147554285199857,0.0116095403209329,-0.0004302936140448
0.6148554375225064,0.0124562699347734,-0.0005452870973386
0.6149554465250271,0.0116001600399613,-0.0005087908939458
0.6150554555275478,0.0108986804261804,-0.0003440025902819
0.6151554645300684,0.0115355001762509,-0.0006366234738380
0.6152554735325892,0.0123179703950882,-0.0003443000896368
0.6153554825351099,0.0136655503883958,-0.0002954718947876
0.6154554915376307,0.0133682796731591,-0.0000040247550714
0.6155555005401513,0.0142713300883770,-0.0001806612999644
0.6156555095426720,0.0135570801794529,-0.0002521403075662
0.6157555185451928,0.0140337198972702,0.0000141912196341
0.6158555275477134,0.0123939597979188,-0.0001273166999454
0.6159555365502342,0.0125432098284364,0.0000440921794507
0.6160555455527549,0.0122466301545501,-0.0000792909704614
0.6161555545552756,0.0125805502757430,-0.0001227624015883
0.6162555635577962,0.0135772898793221,-0.0001235209929291
0.6163555725603170,0.0129179600626230,-0.0000067179607868
0.6164555815628376,0.0135569600388408,-0.0001826307998272
0.6165555905653584,0.0130860703065991,-0.0005007195286453
0.6166555995678791,0.0141004798933864,-0.0007381688919850
0.6167556085703998,0.0127687202766538,-0.0005667380173691
0.6168556175729205,0.0127785699442029,-0.0006774321082048
0.6169556265754412,0.0130791598930955,-0.0006228266865946
0.6170556355779618,0.0137674100697041,-0.0004293058009353
0.6171556445804827,0.0133665297180414,-0.0001500655052951
0.6172556535830033,0.0137394303455949,-0.0000157113208843
0.6173556625855240,0.0135957095772028,0.0001221169950441
0.6174556715880448,0.0135766398161650,0.0001962201931747
0.6175556805905654,0.0135422395542264,0.0001379726018058
0.6176556895930861,0.0151365399360657,-0.0000653418028378
0.6177556985956069,0.0144625203683972,-0.0001955220941454
0.6178557075981276,0.0146311102434993,0.0000240456502070
0.6179557166006483,0.0148101700469851,-0.0000746992664062
0.6180557256031690,0.0144344195723534,0.0001135788988904
0.6181557346056896,0.0145913502201438,-0.0000919632002478
0.6182557436082105,0.0141632799059153,0.0000420019205194
0.6183557526107311,0.0152215799316764,-0.0000323060994560
0.6184557616132518,0.0143501199781895,-0.0001255692041013
0.6185557706157725,0.0146002899855375,-0.0000122541996461
0.6186557796182932,0.0140574397519231,0.0001597696973477
0.6187557886208138,0.0148311397060752,0.0002267024974572
0.6188557976233346,0.0143885500729084,-0.0000204107891477
0.6189558066258553,0.0147352498024702,0.0003628502890933
0.6190558156283761,0.0151545396074653,-0.0000529635399289
0.6191558246308968,0.0148077700287104,0.0001416360028088
0.6192558336334174,0.0160540193319321,0.0002636133867782
0.6193558426359382,0.0138161499053240,0.0007821280742064
0.6194558516384588,0.0144108701497316,0.0003369266923983
0.6195558606409796,0.0145065495744348,-0.0000869027571753
0.6196558696435003,0.0148197999224067,-0.0001845291990321
0.6197558786460210,0.0149962799623609,-0.0002951094065793
0.6198558876485416,0.0149434302002192,-0.0004469880077522
0.6199558966510624,0.0154715301468968,-0.0005585224716924
0.6200559056535830,0.0148285003378987,-0.0004825248033740
0.6201559146561039,0.0151519598439336,-0.0004657394019887
0.6202559236586245,0.0150297302752733,-0.0002928297908511
0.6203559326611452,0.0151337496936321,0.0002148977946490
0.6204559416636659,0.0155658200383186,-0.0000079002002167
0.6205559506661866,0.0157001093029976,-0.0000315354191116
0.6206559596687072,0.0156823191791773,-0.0002384534018347
0.6207559686712281,0.0149825103580952,-0.0000581001804676
0.6208559776737487,0.0155243603512645,0.0000740345785744
0.6209559866762694,0.0144996801391244,0.0001715580001473
0.6210559956787902,0.0157021693885326,0.0002914158103522
0.6211560046813108,0.0153392897918820,-0.0000402544610552
0.6212560136838317,0.0157347004860640,0.0002561577130109
0.6213560226863523,0.0158843696117401,0.0000155189591169
0.6214560316888730,0.0150929195806384,-0.0000733199776732
0.6215560406913937,0.0160648692399263,-0.0002648507943377
0.6216560496939144,0.0154310604557395,-0.0003522415936459
0.6217560586964350,0.0164627097547054,-0.0005123491282575
0.6218560676989558,0.0157139394432306,-0.0005224362248555
0.6219560767014765,0.0164618305861950,-0.0002266561932629
0.6220560857039972,0.0164604708552361,-0.0000572227909288
0.6221560947065179,0.0173776801675558,-0.0001007082973956
0.6222561037090386,0.0171869806945324,0.0001372372062178
0.6223561127115593,0.0157898608595133,0.0004381205071695
0.6224561217140800,0.0158747900277376,0.0002635199925862
0.6225561307166007,0.0158150605857372,0.0001991060998989
0.6226561397191215,0.0161998998373747,0.0001978423970286
0.6227561487216422,0.0158601701259613,0.0000478758411191
0.6228561577241628,0.0173095799982548,-0.0002221284958068
0.6229561667266836,0.0173298306763172,-0.0002793509047478
0.6230561757292042,0.0171691700816154,-0.0002121130964952
0.6231561847317250,0.0168068595230579,-0.0002543173904996
0.6232561937342457,0.0155971199274063,0.0001271752989851
0.6233562027367664,0.0165763404220343,-0.0002430236927466
0.6234562117392871,0.0157663393765688,-0.0000731761028874
0.6235562207418078,0.0158166997134686,0.0000118060897876
0.6236562297443284,0.0162940490990877,0.0001538617943879
0.6237562387468493,0.0170645304024220,-0.0000369781701011
0.6238562477493699,0.0161278992891312,0.0001388465025229
0.6239562567518906,0.0151287103071809,0.0003478057042230
0.6240562657544113,0.0156146204099059,0.0004826948861592
0.6241562747569320,0.0153816901147366,0.0005407357821241
0.6242562837594526,0.0161537490785122,0.0006547392113134
0.6243562927619735,0.0150505099445581,0.0007122143870220
0.6244563017644942,0.0162133406847715,0.0002879931998905
0.6245563107670149,0.0156737007200718,0.0002355728938710
0.6246563197695356,0.0155242402106524,0.0000012693500366
0.6247563287720562,0.0166857391595840,-0.0003178075130563
0.6248563377745771,0.0150867803022265,-0.0005730650154874
0.6249563467770977,0.0159383993595839,-0.0004330947122071
0.6250563557796184,0.0151308299973607,-0.0003433754900470
0.6251563647821391,0.0137555897235870,0.0001778459991328
0.6252563737846598,0.0153235001489520,0.0001214501025970
0.6253563827871804,0.0162795297801495,-0.0000276070095424
0.6254563917897012,0.0165054500102997,0.0001648561010370
0.6255564007922219,0.0178007408976555,-0.0001390492980136
0.6256564097947426,0.0150273200124502,0.0005900167743675
0.6257564187972633,0.0139492796733975,0.0005399204092100
0.6258564277997840,0.0150227202102542,0.0002550306089688
0.6259564368023047,0.0145683297887444,0.0000639975187369
0.6260564458048254,0.0138626601547003,0.0002547577896621
0.6261564548073462,0.0146798100322485,0.0001139860978583
0.6262564638098669,0.0155589403584599,-0.0000932800176088
0.6263564728123876,0.0160814691334963,-0.0003194517921656
0.6264564818149082,0.0159227792173624,-0.0003549609100446
0.6265564908174290,0.0154076004400849,-0.0003043868055101
0.6266564998199496,0.0149829499423504,-0.0005440440727398
0.6267565088224704,0.0149406902492046,-0.0006943877087906
0.6268565178249911,0.0145941795781255,-0.0006169201224111
0.6269565268275118,0.0150354001671076,-0.0004228824109305
0.6270565358300325,0.0157754793763161,-0.0005291121196933
0.6271565448325532,0.0153344199061394,-0.0001654734951444
0.6272565538350738,0.0158737003803253,-0.0000689649386914
0.6273565628375947,0.0161335095763206,0.0000936987198656
0.6274565718401153,0.0166508592665195,0.0001203173014801
0.6275565808426360,0.0162608902901411,-0.0001268757041544
0.6276565898451567,0.0149725098162889,0.0001392418053001
0.6277565988476774,0.0143450200557709,0.0000800073321443
0.6278566078501980,0.0143582699820399,0.0000841444925754
0.6279566168527189,0.0150157995522022,-0.0000486206517962
0.6280566258552396,0.0143996002152562,-0.0001608376041986
0.6281566348577603,0.0154888201504946,-0.0000251648198173
0.6282566438602810,0.0150602497160435,0.0000466927194793
0.6283566528628016,0.0157558396458626,0.0000253598300333
0.6284566618653225,0.0149839604273438,0.0000626698310953
0.6285566708678431,0.0157992895692587,0.0001596728980076
0.6286566798703638,0.0161649901419878,-0.0001381899055559
0.6287566888728845,0.0171248093247414,-0.0001791555987438
0.6288566978754052,0.0162991695106030,-0.0000799851768534
0.6289567068779258,0.0150132598355412,0.0002687640080694
0.6290567158804466,0.0153005598112941,0.0002826662093867
0.6291567248829673,0.0144918300211430,0.0003826094907708
0.6292567338854881,0.0149632198736072,0.0003808659093920
0.6293567428880087,0.0153503501787782,0.0001544762053527
0.6294567518905294,0.0161844808608294,0.0000256986295426
0.6295567608930501,0.0154923796653748,0.0001111067031161
0.6296567698955708,0.0147477798163891,0.0001094195031328
0.6297567788980916,0.0150929000228643,-0.0002485282893758
0.6298567879006123,0.0149327097460628,-0.0003312379994895
0.6299567969031330,0.0157216992229223,-0.0005638424772769
0.6300568059056536,0.0149989295750856,-0.0002746270911302
0.6301568149081744,0.0158937498927116,-0.0002845120034181
0.6302568239106950,0.0152243198826909,0.0000286032791337
0.6303568329132159,0.0163585804402828,-0.0002001605025725
0.6304568419157365,0.0155947199091315,0.0002534145023674
0.6305568509182572,0.0160428099334240,0.0001865005033324
0.6306568599207779,0.0157278999686241,-0.0001284151949221
0.6307568689232986,0.0146826701238751,0.0002290953998454
0.6308568779258192,0.0156595092266798,0.0001933297025971
0.6309568869283401,0.0125351203605533,0.0004793255939148
0.6310568959308607,0.0138148199766874,0.0004862289933953
0.6311569049333814,0.0141557902097702,0.0004896345781162
0.6312569139359021,0.0148763898760080,0.0002799952926580
0.6313569229384228,0.0148790096864104,0.0001572382025188
0.6314569319409437,0.0160097107291222,-0.0000169288396137
0.6315569409434643,0.0157913193106651,-0.0000898909274838
0.6316569499459850,0.0144788697361946,-0.0001544536062283
0.6317569589485057,0.0158713292330503,-0.0004392942937557
0.6318569679510264,0.0153690800070763,-0.0004178354865871
0.6319569769535470,0.0160301793366671,-0.0001952609018190
0.6320569859560679,0.0153700103983283,0.0001212249990203
0.6321569949585885,0.0148920603096485,0.0003433910897002
0.6322570039611092,0.0142762297764421,0.0004188739112578
0.6323570129636299,0.0147853000089526,0.0004538370121736
0.6324570219661506,0.0148615995422006,0.0003583582874853
0.6325570309686713,0.0141732497140765,0.0002216393040726
0.6326570399711920,0.0152687998488545,0.0000309383685817
0.6327570489737127,0.0145385703071952,-0.0001871535059763
0.6328570579762335,0.0148390997201204,0.0000803344519227
0.6329570669787541,0.0138738797977567,0.0000003624176941
0.6330570759812748,0.0124558601528406,0.0002168247010559
0.6331570849837956,0.0126404501497746,-0.0001667089964030
0.6332570939863162,0.0115908402949572,-0.0000734248824301
0.6333571029888370,0.0111659597605467,-0.0004108684079256
0.6334571119913577,0.0112307099625468,-0.0004782637988683
0.6335571209938784,0.0116739002987742,-0.0006254877080210
0.6336571299963991,0.0110288504511118,-0.0006318889791146
0.6337571389989198,0.0108490400016308,-0.0005683632916771
0.6338571480014404,0.0107349902391434,-0.0009253990720026
0.6339571570039613,0.0097964610904455,-0.0007707254262641
0.6340571660064819,0.0105454204604030,-0.0007267277105711
0.6341571750090026,0.0134912002831697,-0.0009043582831509
0.6342571840115233,0.0152074201032519,-0.0012020959984511
0.6343571930140440,0.0145373698323965,-0.0012214550515637
0.6344572020165646,0.0122256204485893,-0.0010965779656544
0.6345572110190855,0.0059352130629122,-0.0002301818021806
0.6346572200216061,-0.0008574877865613,0.0012502700556070
0.6347572290241268,-0.0042389552108943,0.0008267656085081
0.6348572380266476,-0.0114523600786924,-0.0009820582345128
0.6349572470291682,0.0849969610571861,0.0849967971444130
0.6350572560316891,0.0849969685077667,0.0849969014525414
0.6351572650342097,0.0849970206618309,0.0849967226386070
0.6352572740367304,0.0849972292780876,0.0849957019090652
0.6353572830392511,0.0849971175193787,0.0849551036953926
0.6354572920417718,0.0849971473217010,0.0849491730332375
0.6355573010442924,0.0849977433681488,0.0849433466792107
0.6356573100468133,0.0849988982081413,0.0849943310022354
0.6357573190493339,0.0849986970424652,0.0849943310022354
0.6358573280518546,0.0849981829524040,0.0849943310022354
0.6359573370543753,0.0849979370832443,0.0849943310022354
0.6360573460568960,0.0849981829524040,0.0849943310022354
0.6361573550594167,0.0849974304437637,0.0849943980574608
0.6362573640619374,0.0849971771240234,0.0849945768713951
0.6363573730644581,0.0849971994757652,0.0849950611591339
0.6364573820669789,0.0849970504641533,0.0849952772259712
0.6365573910694995,0.0849971175193787,0.0849954485893250
0.6366574000720202,0.0849969834089279,0.0849955230951309
0.6367574090745410,0.0849969834089279,0.0849957987666130
0.6368574180770616,0.0849970504641533,0.0849958881735802
0.6369574270795824,0.0849969983100891,0.0849959701299667
0.6370574360821031,0.0849969163537025,0.0849960893392563
0.6371574450846238,0.0849969834089279,0.0849960967898369
0.6372574540871445,0.0849969908595085,0.0849961489439011
0.6373574630896652,0.0849969834089279,0.0849962309002876
0.6374574720921858,0.0849969983100891,0.0849962309002876
0.6375574810947067,0.0849969834089279,0.0849962085485458
0.6376574900972273,0.0849969834089279,0.0849962085485458
0.6377574990997480,0.0849970430135727,0.0849962383508682
0.6378575081022687,0.0849970430135727,0.0849962309002876
0.6379575171047894,0.0849970728158951,0.0849962309002876
0.6380575261073100,0.0849970430135727,0.0849962234497070
0.6381575351098309,0.0849970802664757,0.0849962383508682
0.6382575441123515,0.0849971175193787,0.0849962234497070
0.6383575531148723,0.0849971324205399,0.0849961936473846
0.6384575621173930,0.0849971026182175,0.0849962234497070
0.6385575711199136,0.0849971622228622,0.0849962309002876
0.6386575801224345,0.0849971175193787,0.0849961936473846
0.6387575891249551,0.0849970877170563,0.0849961414933205
0.6388575981274758,0.0849971175193787,0.0849961563944817
0.6389576071299965,0.0849971696734428,0.0849961489439011
0.6390576161325172,0.0849971920251846,0.0849961116909981
0.6391576251350378,0.0849971622228622,0.0849960967898369
0.6392576341375587,0.0849971920251846,0.0849961414933205
0.6393576431400793,0.0849971696734428,0.0849961265921593
0.6394576521426001,0.0849971920251846,0.0849960669875145
0.6395576611451207,0.0849972069263458,0.0849961414933205
0.6396576701476414,0.0849972069263458,0.0849960073828697
0.6397576791501621,0.0849971473217010,0.0849960967898369
0.6398576881526828,0.0849972367286682,0.0849960073828697
0.6399576971552035,0.0849972590804100,0.0849960073828697
0.6400577061577243,0.0849972367286682,0.0849960595369339
0.6401577151602450,0.0849972590804100,0.0849960371851921
0.6402577241627656,0.0849972963333130,0.0849960297346115
0.6403577331652864,0.0849972590804100,0.0849961563944817
0.6404577421678070,0.0849972665309906,0.0849961414933205
0.6405577511703279,0.0849972516298294,0.0849961191415787
0.6406577601728485,0.0849972069263458,0.0849961265921593
0.6407577691753692,0.0849972888827324,0.0849961265921593
0.6408577781778899,0.0849972218275070,0.0849961563944817
0.6409577871804106,0.0849972665309906,0.0849961265921593
0.6410577961829312,0.0849972590804100,0.0849961191415787
0.6411578051854521,0.0849972292780876,0.0849961712956429
0.6412578141879727,0.0849972814321518,0.0849962383508682
0.6413578231904934,0.0849972665309906,0.0849963277578354
0.6414578321930141,0.0849972516298294,0.0849963873624802
0.6415578411955348,0.0849972367286682,0.0849963873624802
0.6416578501980555,0.0849972665309906,0.0849963799118996
0.6417578592005763,0.0849972367286682,0.0849964171648026
0.6418578682030970,0.0849972665309906,0.0849964693188667
0.6419578772056177,0.0849972665309906,0.0849965065717697
0.6420578862081384,0.0849972292780876,0.0849965214729309
0.6421578952106590,0.0849972367286682,0.0849965065717697
0.6422579042131799,0.0849972665309906,0.0849965587258339
0.6423579132157005,0.0849972516298294,0.0849965587258339
0.6424579222182212,0.0849972218275070,0.0849965885281563
0.6425579312207419,0.0849972516298294,0.0849965885281563
0.6426579402232626,0.0849972367286682,0.0849966406822205
0.6427579492257833,0.0849972590804100,0.0849966108798981
0.6428579582283040,0.0849972367286682,0.0849967226386070
0.6429579672308247,0.0849972292780876,0.0849966630339622
0.6430579762333455,0.0849972367286682,0.0849967002868652
0.6431579852358661,0.0849972292780876,0.0849967300891876
0.6432579942383868,0.0849972218275070,0.0849967226386070
0.6433580032409075,0.0849972069263458,0.0849967300891876
0.6434580122434282,0.0849972218275070,0.0849967375397682
0.6435580212459489,0.0849972218275070,0.0849967598915100
0.6436580302484697,0.0849972218275070,0.0849967896938324
0.6437580392509904,0.0849972218275070,0.0849967598915100
0.6438580482535111,0.0849972292780876,0.0849967896938324
0.6439580572560318,0.0849972069263458,0.0849967971444130
0.6440580662585524,0.0849972367286682,0.0849968269467354
0.6441580752610733,0.0849972367286682,0.0849968120455742
0.6442580842635939,0.0849972218275070,0.0849968269467354
0.6443580932661146,0.0849972069263458,0.0849968567490578
0.6444581022686353,0.0849972292780876,0.0849968567490578
0.6445581112711560,0.0849972218275070,0.0849968716502190
0.6446581202736766,0.0849972292780876,0.0849968865513802
0.6447581292761975,0.0849972218275070,0.0849968865513802
0.6448581382787181,0.0849972069263458,0.0849968865513802
0.6449581472812388,0.0849972069263458,0.0849969014525414
0.6450581562837595,0.0849972069263458,0.0849968865513802
0.6451581652862802,0.0849972218275070,0.0849968865513802
0.6452581742888011,0.0849972218275070,0.0849969089031219
0.6453581832913217,0.0849972069263458,0.0849969163537025
0.6454581922938424,0.0849972069263458,0.0849969163537025
0.6455582012963631,0.0849972069263458,0.0849969163537025
0.6456582102988838,0.0849972218275070,0.0849969312548637
0.6457582193014044,0.0849972218275070,0.0849969312548637
0.6458582283039253,0.0849972069263458,0.0849969387054443
0.6459582373064459,0.0849972069263458,0.0849969536066055
0.6460582463089666,0.0849972069263458,0.0849969536066055
0.6461582553114873,0.0849972069263458,0.0849969536066055
0.6462582643140080,0.0849972069263458,0.0849969536066055
0.6463582733165287,0.0849972069263458,0.0849969610571861
0.6464582823190494,0.0849972069263458,0.0849969536066055
0.6465582913215701,0.0849972069263458,0.0849969536066055
0.6466583003240909,0.0849972069263458,0.0849969685077667
0.6467583093266115,0.0849972069263458,0.0849969685077667
0.6468583183291322,0.0849972069263458,0.0849969685077667
0.6469583273316529,0.0849972069263458,0.0849969834089279
0.6470583363341736,0.0849971994757652,0.0849969834089279
0.6471583453366944,0.0849972069263458,0.0849969834089279
0.6472583543392151,0.0849971994757652,0.0849969834089279
0.6473583633417358,0.0849971994757652,0.0849969834089279
0.6474583723442565,0.0849971994757652,0.0849969834089279
0.6475583813467772,0.0849971994757652,0.0849969908595085
0.6476583903492978,0.0849972069263458,0.0849969908595085
0.6477583993518187,0.0849972069263458,0.0849969908595085
0.6478584083543393,0.0849971994757652,0.0849969983100891
0.6479584173568600,0.0849971994757652,0.0849969983100891
0.6480584263593807,0.0849971994757652,0.0849969983100891
0.6481584353619014,0.0849971994757652,0.0849970132112503
0.6482584443644220,0.0849971994757652,0.0849970132112503
0.6483584533669429,0.0849971994757652,0.0849970132112503
0.6484584623694635,0.0849971994757652,0.0849970132112503
0.6485584713719843,0.0849971920251846,0.0849970132112503
0.6486584803745049,0.0849971994757652,0.0849970132112503
0.6487584893770256,0.0849971994757652,0.0849970132112503
0.6488584983795465,0.0849971994757652,0.0849970132112503
0.6489585073820671,0.0849971920251846,0.0849970132112503
0.6490585163845878,0.0849971994757652,0.0849970206618309
0.6491585253871085,0.0849972069263458,0.0849970206618309
0.6492585343896292,0.0849971994757652,0.0849970206618309
0.6493585433921498,0.0849971920251846,0.0849970281124115
0.6494585523946707,0.0849971994757652,0.0849970281124115
0.6495585613971913,0.0849971994757652,0.0849970281124115
0.6496585703997121,0.0849971994757652,0.0849970281124115
0.6497585794022327,0.0849971920251846,0.0849970430135727
0.6498585884047534,0.0849971920251846,0.0849970430135727
0.6499585974072741,0.0849971994757652,0.0849970430135727
0.6500586064097948,0.0849971994757652,0.0849970430135727
0.6501586154123155,0.0849971994757652,0.0849970430135727
0.6502586244148363,0.0849971920251846,0.0849970504641533
0.6503586334173569,0.0849971920251846,0.0849970430135727
0.6504586424198776,0.0849971920251846,0.0849970579147339
0.6505586514223984,0.0849971771240234,0.0849970728158951
0.6506586604249190,0.0849971771240234,0.0849970802664757
0.6507586694274399,0.0849971771240234,0.0849970877170563
0.6508586784299605,0.0849971771240234,0.0849970504641533
0.6509586874324812,0.0849971696734428,0.0849970281124115
0.6510586964350019,0.0849971771240234,0.0849971175193787
0.6511587054375226,0.0849972292780876,0.0849972814321518
0.6512587144400432,0.0849973410367966,0.0849974825978279
0.6513587234425641,0.0849974304437637,0.0849975422024727
0.6514587324450847,0.0849974825978279,0.0849976167082787
0.6515587414476054,0.0849975496530533,0.0849977582693100
0.6516587504501261,0.0849976092576981,0.0849978625774384
0.6517587594526468,0.0849976465106010,0.0849979519844055
0.6518587684551675,0.0849977135658264,0.0849981829524040
0.6519587774576883,0.0849977210164070,0.0849983170628548
0.6520587864602089,0.0849976986646652,0.0849985703825951
0.6521587954627297,0.0849977508187294,0.0849987566471100
0.6522588044652504,0.0849978178739548,0.0849990397691727
0.6523588134677710,0.0849979370832443,0.0849993526935577
0.6524588224702919,0.0849979966878891,0.0849993526935577
0.6525588314728125,0.0849981904029846,0.0849994570016861
0.6526588404753332,0.0849982127547264,0.0849993973970413
0.6527588494778539,0.0849983990192413,0.0849994719028473
0.6528588584803746,0.0849986299872398,0.0849997326731682
0.6529588674828953,0.0849985033273697,0.0849998071789742
0.6530588764854161,0.0849986374378204,0.0849997326731682
0.6531588854879367,0.0849986076354980,0.0849998071789742
0.6532588944904575,0.0849984213709831,0.0849997624754906
0.6533589034929781,0.0849985703825951,0.0849999189376831
0.6534589124954988,0.0849985405802727,0.0849999710917473
0.6535589214980195,0.0849981829524040,0.0849973335862160
0.6536589305005402,0.0849981606006622,0.0849972367286682
0.6537589395030609,0.0849980562925339,0.0849974080920219
0.6538589485055817,0.0849977433681488,0.0849980115890503
0.6539589575081023,0.0849976912140846,0.0849975422024727
0.6540589665106230,-0.0129482503980398,0.0301751904189587
0.6541589755131438,-0.0017585989553481,0.0238911807537079
0.6542589845156644,0.0083439080044627,0.0180802606046200
0.6543589935181853,0.0163911394774914,0.0127052096650004
0.6544590025207059,0.0211600791662931,0.0090554691851139
0.6545590115232266,0.0238007493317127,0.0068773059174418
0.6546590205257473,0.0244061201810837,0.0050815450958908
0.6547590295282680,0.0234513096511364,0.0035652390215546
0.6548590385307886,0.0229463092982769,0.0027356040664017
0.6549590475333095,0.0221445392817259,0.0023470011074096
0.6550590565358301,0.0209701992571354,0.0024442858994007
0.6551590655383508,0.0201782491058111,0.0020769198890775
0.6552590745408715,0.0209379401057959,0.0020752931013703
0.6553590835433922,0.0213576592504978,0.0019174020271748
0.6554590925459129,0.0219700895249844,0.0016061649657786
0.6555591015484337,0.0218833293765783,0.0011906300205737
0.6556591105509543,0.0221698805689812,0.0006858290289529
0.6557591195534751,0.0246079899370670,0.0002612317912281
0.6558591285559958,0.0245950296521187,-0.0001282723969780
0.6559591375585164,0.0266586001962423,-0.0005415811901912
0.6560591465610373,0.0262599606066942,-0.0007248590118252
0.6561591555635579,0.0279648602008820,-0.0011910130269825
0.6562591645660786,0.0277144294232130,-0.0010522280354053
0.6563591735685993,0.0298705808818340,-0.0012438390403986
0.6564591825711200,0.0291798505932093,-0.0013325860491022
0.6565591915736407,0.0320271104574203,-0.0016540889628232
0.6566592005761615,0.0309976506978273,-0.0015665889950469
0.6567592095786821,0.0333161912858486,-0.0017339040059596
0.6568592185812029,0.0312405806034803,-0.0013245759764686
0.6569592275837235,0.0311460308730602,-0.0008288915851153
0.6570592365862442,0.0251860097050667,0.0002768950071186
0.6571592455887649,0.0187205895781517,0.0017781370552257
0.6572592545912856,0.0198828503489494,0.0016441680490971
0.6573592635938063,0.0189721602946520,0.0019811838865280
0.6574592725963271,0.0208759307861328,0.0017291989643127
0.6575592815988478,0.0210698004812002,0.0012589279795066
0.6576592906013685,0.0233246497809887,0.0006592933204956
0.6577592996038892,0.0228665992617607,0.0006574820145033
0.6578593086064098,0.0246181208640337,0.0000190975406440
0.6579593176089307,0.0241607595235109,-0.0001919021015055
0.6580593266114513,0.0230788607150316,0.0000859637293615
0.6581593356139720,0.0246550608426332,0.0000514032290084
0.6582593446164927,0.0221010707318783,0.0001715887046885
0.6583593536190134,0.0180955491960049,0.0007269987836480
0.6584593626215340,0.0159219801425934,0.0009423813899048
0.6585593716240549,0.0178929492831230,0.0004303010064177
0.6586593806265755,0.0172156095504761,0.0005635059205815
0.6587593896290963,0.0173236597329378,0.0004725125909317
0.6588593986316169,0.0185469295829535,-0.0000452628191852
0.6589594076341376,0.0177088603377342,0.0000757517773309
0.6590594166366583,0.0188170392066240,-0.0000404226593673
0.6591594256391791,0.0171815007925034,0.0001536141062388
0.6592594346416998,0.0186510197818279,-0.0000607172514719
0.6593594436442205,0.0175750702619553,0.0002443213888910
0.6594594526467412,0.0192665793001652,-0.0000288292503683
0.6595594616492618,0.0184824597090483,-0.0000943794511841
0.6596594706517827,0.0176102705299854,-0.0000166240806720
0.6597594796543033,0.0185339003801346,-0.0006542559131049
0.6598594886568241,0.0143642695620656,-0.0001424313959433
0.6599594976593447,0.0160786304622889,-0.0003776630910579
0.6600595066618654,0.0150774903595448,-0.0003791238996200
0.6601595156643861,0.0172378495335579,-0.0006184477242641
0.6602595246669068,0.0169512405991554,-0.0001852362038335
0.6603595336694275,0.0162488408386707,0.0003427891060710
0.6604595426719483,0.0150802601128817,0.0007075020112097
0.6605595516744689,0.0160950496792793,0.0003788692993112
0.6606595606769896,0.0158128198236227,0.0002058204991044
0.6607595696795103,0.0180070307105780,0.0000068315330282
0.6608595786820310,0.0172339994460344,-0.0000824345697765
0.6609595876845519,0.0175987407565117,-0.0003401538997423
0.6610595966870725,0.0178468301892281,-0.0003680443915073
0.6611596056895932,0.0164909195154905,0.0002240962930955
0.6612596146921139,0.0172745492309332,0.0002438998053549
0.6613596236946346,0.0156688801944256,0.0004712136869784
0.6614596326971552,0.0149467596784234,0.0005631953245029
0.6615596416996761,0.0165688991546631,-0.0001008731996990
0.6616596507021967,0.0154122300446033,0.0000251667006523
0.6617596597047174,-0.0053604990243912,0.0024011610075831
0.6618596687072381,-0.0075797121971846,0.0027888980694115
0.6619596777097588,-0.0081878360360861,0.0021345380228013
0.6620596867122795,-0.0073388428427279,0.0019923420622945
0.6621596957148003,-0.0064185447990894,0.0017054759664461
0.6622597047173209,-0.0055974479764700,0.0015602230560035
0.6623597137198417,-0.0051177358254790,0.0012819729745388
0.6624597227223623,-0.0041142008267343,0.0006375401862897
0.6625597317248830,-0.0034298819955438,0.0002401788951829
0.6626597407274037,-0.0023030389565974,-0.0002090467023663
0.6627597497299245,-0.0024837129749358,-0.0004325082118157
0.6628597587324452,-0.0026315429713577,-0.0007436795276590
0.6629597677349659,-0.0028080549091101,-0.0010804600315168
0.6630597767374866,-0.0035549700260162,-0.0008265553042293
0.6631597857400072,-0.0031554170418531,-0.0011759069748223
0.6632597947425281,-0.0030356158968061,-0.0011791440192610
0.6633598037450487,-0.0016818089643493,-0.0013897269964218
0.6634598127475695,-0.0008325711824000,-0.0014721329789609
0.6635598217500901,0.0002441180986352,-0.0013936429750174
0.6636598307526108,-0.0006482917815447,-0.0011224939953536
0.6637598397551315,-0.0010492519941181,-0.0011631490197033
0.6638598487576522,-0.0006711265887134,-0.0010935229947791
0.6639598577601729,0.0004591518081725,-0.0012459689751267
0.6640598667626937,0.0010521629592404,-0.0009178156033158
0.6641598757652143,0.0013464320218191,-0.0006626155809499
0.6642598847677350,0.0005985135794617,-0.0003512692928780
0.6643598937702557,0.0013254249934107,-0.0004366674984340
0.6644599027727764,0.0015951780369505,-0.0001570856984472
0.6645599117752973,0.0008657717844471,0.0003484271874186
0.6646599207778179,0.0011765989474952,0.0000394880189560
0.6647599297803386,0.0027249909471720,-0.0006327626178972
0.6648599387828593,0.0032889719586819,-0.0007799831219018
0.6649599477853800,0.0035411920398474,-0.0007388690137304
0.6650599567879006,0.0041578151285648,-0.0005479771061800
0.6651599657904215,0.0041147568263113,-0.0003849928034469
0.6652599747929421,0.0051618879660964,-0.0004972005845048
0.6653599837954628,0.0044078170321882,0.0000201313905563
0.6654599927979835,0.0050795162096620,0.0001197325982503
0.6655600018005042,0.0043099550530314,0.0004492765874602
0.6656600108030249,0.0046523828059435,0.0003600775962695
0.6657600198055457,0.0039429748430848,0.0002634580887388
0.6658600288080663,0.0027939199935645,0.0003910003870260
0.6659600378105871,0.0036906918976456,-0.0000944934508880
0.6660600468131077,0.0043407361954451,-0.0001917080953717
0.6661600558156284,0.0053270221687853,-0.0002518100081943
0.6662600648181493,0.0058463928289711,-0.0002116281975759
0.6663600738206699,0.0065841739997268,-0.0005050490144640
0.6664600828231906,0.0054466901347041,-0.0002889063907787
0.6665600918257113,0.0066064768470824,-0.0004664341104217
0.6666601008282320,0.0068554449826479,-0.0006815830711275
0.6667601098307527,0.0076331607997417,-0.0008826584089547
0.6668601188332735,0.0071331351064146,-0.0009019522112794
0.6669601278357941,0.0072539648972452,-0.0007469431147911
0.6670601368383149,0.0074664428830147,-0.0006037444109097
0.6671601458408355,0.0077650891616940,-0.0001430505071767
0.6672601548433562,0.0085080163553357,-0.0000268208204943
0.6673601638458769,0.0078817093744874,0.0006137337186374
0.6674601728483976,0.0092102801427245,-0.0000065201888901
0.6675601818509183,0.0087057817727327,0.0001356394932372
0.6676601908534391,0.0091397231444716,0.0002934458898380
0.6677601998559597,0.0083843497559428,0.0002031324984273
0.6678602088584805,0.0069938618689775,0.0001592313055880
0.6679602178610012,0.0069199278950691,0.0000498738991155
0.6680602268635218,0.0081021497026086,-0.0003234685864300
0.6681602358660427,0.0089194485917687,-0.0003152547869831
0.6682602448685633,0.0090620256960392,-0.0001391328987665
0.6683602538710840,0.0092891799286008,-0.0001961772068171
0.6684602628736047,0.0096250474452972,0.0001777877041604
0.6685602718761254,0.0094921821728349,-0.0000788405377534
0.6686602808786460,0.0093958806246519,0.0001030741987051
0.6687602898811669,0.0093568284064531,-0.0002598493010737
0.6688602988836875,0.0105977701023221,-0.0004149196902290
0.6689603078862083,0.0083609195426106,0.0002190701052314
0.6690603168887289,0.0093795945867896,0.0001665590971243
0.6691603258912496,0.0095429774373770,0.0000213522998820
0.6692603348937703,0.0099469721317291,-0.0000493543084303
0.6693603438962911,0.0096713686361909,0.0001078791028704
0.6694603528988117,0.0096518984064460,-0.0000296001799143
0.6695603619013325,0.0096692303195596,0.0000093284816103
0.6696603709038531,0.0102282101288438,-0.0001601545955054
0.6697603799063738,0.0109885698184371,-0.0004439894983079
0.6698603889088947,0.0110952500253916,-0.0008827563724481
0.6699603979114153,0.0113792801275849,-0.0006964692147449
0.6700604069139361,0.0112113198265433,-0.0006642119260505
0.6701604159164567,0.0115757202729583,-0.0007080152863637
0.6702604249189774,0.0129096796736121,-0.0006689655710943
0.6703604339214981,0.0124771399423480,-0.0004605758003891
0.6704604429240189,0.0121727604418993,-0.0000524573515577
0.6705604519265395,0.0123241897672415,0.0000433273708040
0.6706604609290603,0.0130231203511357,0.0001714485988487
0.6707604699315809,0.0125783700495958,-0.0000220007295866
0.6708604789341016,0.0131319696083665,0.0000206238892133
0.6709604879366223,0.0129631599411368,-0.0000111687004392
0.6710604969391430,0.0129487402737141,-0.0002979990094900
0.6711605059416638,0.0140092698857188,-0.0001346448989352
0.6712605149441845,0.0125444699078798,-0.0001155690988526
0.6713605239467051,0.0140393795445561,-0.0000455679910374
0.6714605329492259,0.0134507901966572,0.0001516500051366
0.6715605419517466,0.0135028995573521,0.0001084475006792
0.6716605509542672,0.0141625404357910,-0.0000828370320960
0.6717605599567881,0.0136134903877974,-0.0001683357986622
0.6718605689593087,0.0136818001046777,-0.0002428197039990
0.6719605779618294,0.0133777400478721,-0.0002784658863675
0.6720605869643501,0.0141678303480148,0.0000696240167599
0.6721605959668708,0.0137386601418257,0.0001414693979314
0.6722606049693916,0.0158950407058001,-0.0000706225619069
0.6723606139719123,0.0148888202384114,0.0003421510918997
0.6724606229744329,0.0150134302675724,0.0004994954215363
0.6725606319769537,0.0155485998839140,0.0001971620949917
0.6726606409794743,0.0146576501429081,0.0001837644958869
0.6727606499819950,0.0146921202540398,-0.0000042033548198
0.6728606589845157,0.0148800397291780,-0.0002820102963597
0.6729606679870365,0.0160622801631689,-0.0005196862039156
0.6730606769895571,0.0159621797502041,-0.0004719679127447
0.6731606859920779,0.0164099708199501,-0.0005553134833463
0.6732606949945986,0.0158762596547604,-0.0003910158120561
0.6733607039971192,0.0155842797830701,-0.0003413688100409
0.6734607129996401,0.0161452796310186,-0.0002959333942272
0.6735607220021607,0.0161526408046484,-0.0001540496014059
0.6736607310046815,0.0171503406018019,-0.0004636966041289
0.6737607400072021,0.0160105191171169,-0.0000776020824560
0.6738607490097228,0.0168900098651648,-0.0000285573405563
0.6739607580122435,0.0161703303456306,0.0001294960966334
0.6740607670147643,0.0156265702098608,0.0000959056269494
0.6741607760172849,0.0166834294795990,-0.0000465841294499
0.6742607850198057,0.0171812698245049,0.0001313996035606
0.6743607940223263,0.0175298191606998,0.0002316886966582
0.6744608030248470,0.0181297603994608,0.0001355839049211
0.6745608120273677,0.0175968408584595,0.0000485605014546
0.6746608210298884,0.0180485192686319,0.0001731853990350
0.6747608300324092,0.0174661707133055,-0.0003819064004347
0.6748608390349299,0.0166099406778812,0.0000957552620093
0.6749608480374506,0.0160814002156258,-0.0001299550058320
0.6750608570399713,0.0169340092688799,-0.0001310405932600
0.6751608660424920,0.0169309191405773,0.0000036213959902
0.6752608750450126,0.0174614693969488,0.0000365724990843
0.6753608840475335,0.0175008494406939,0.0001413748977939
0.6754608930500541,0.0178047101944685,0.0003062910109293
0.6755609020525748,0.0175495594739914,0.0003081278991885
0.6756609110550955,0.0184783898293972,0.0003709887969308
0.6757609200576162,0.0182828493416309,0.0000122877700051
0.6758609290601370,0.0166903603821993,0.0001788077061065
0.6759609380626577,0.0175279602408409,-0.0000689325024723
0.6760609470651783,0.0177664402872324,-0.0002185062039644
0.6761609560676991,0.0188759900629520,-0.0000604070301051
0.6762609650702197,0.0185888092964888,-0.0003249390865676
0.6763609740727404,0.0191361196339130,-0.0000895295233931
0.6764609830752611,0.0181444492191076,-0.0002555580867920
0.6765609920777819,0.0174764897674322,-0.0003418207925279
0.6766610010803025,0.0186499599367380,-0.0004006956878584
0.6767610100828233,0.0189541392028332,-0.0005664670024998
0.6768610190853440,0.0180876292288303,-0.0006815594970249
0.6769610280878647,0.0178205706179142,-0.0005615408881567
0.6770610370903855,0.0175886694341898,-0.0001875550951809
0.6771610460929061,0.0180515293031931,-0.0001947533019120
0.6772610550954269,0.0169904306530952,0.0000297002698062
0.6773610640979475,0.0178195405751467,0.0003037810965907
0.6774610731004682,0.0178318396210670,0.0001709674979793
0.6775610821029889,0.0170511808246374,0.0005403293762356
0.6776610911055096,0.0173604004085064,0.0002470214967616
0.6777611001080303,0.0175690203905106,0.0000516807303939
0.6778611091105511,0.0185793098062277,0.0000337733217748
0.6779611181130717,0.0178534891456366,0.0000339166690537
0.6780611271155925,0.0189522299915552,-0.0000273359892162
0.6781611361181131,0.0183414798229933,-0.0001059282003553
0.6782611451206338,0.0170852690935135,-0.0002514112857170
0.6783611541231547,0.0172509998083115,-0.0002529427874833
0.6784611631256753,0.0147817702963948,-0.0001628750032978
0.6785611721281960,0.0129269398748875,-0.0000879524668562
0.6786611811307167,0.0116942999884486,0.0000691317400197
0.6787611901332374,0.0118939904496074,-0.0003217351040803
0.6788611991357580,0.0109306201338768,-0.0004020777123515
0.6789612081382789,0.0117670400068164,-0.0007483240915462
0.6790612171407995,0.0118164904415607,-0.0011856689816341
0.6791612261433203,0.0120722502470016,-0.0012074590194970
0.6792612351458409,0.0110975801944733,-0.0010197330266237
0.6793612441483616,0.0105174602940679,-0.0005795201286674
0.6794612531508823,0.0126909501850605,-0.0008759208139963
0.6795612621534031,0.0136040197685361,-0.0010589519515634
0.6796612711559237,0.0160282999277115,-0.0022334340028465
0.6797612801584445,0.0134446304291487,-0.0023100250400603
0.6798612891609651,0.0103511298075318,-0.0032485409174114
0.6799612981634858,0.0032574071083218,-0.0020146230235696
0.6800613071660065,-0.0024158000014722,-0.0034540700726211
0.6801613161685273,-0.0138662103563547,-0.0060632792301476
0.6802613251710481,0.0849970132112503,0.0849968567490578
0.6803613341735687,0.0849970430135727,0.0849968567490578
0.6804613431760894,0.0849970281124115,0.0849968716502190
0.6805613521786101,0.0849972367286682,0.0849958509206772
0.6806613611811309,0.0849970430135727,0.0849560573697090
0.6807613701836515,0.0849971473217010,0.0849530026316643
0.6808613791861723,0.0849971771240234,0.0849488005042076
0.6809613881886929,0.0849972218275070,0.0849433466792107
0.6810613971912136,0.0849995091557503,0.0849943310022354
0.6811614061937343,0.0849986374378204,0.0849943310022354
0.6812614151962550,0.0849984437227249,0.0849943310022354
0.6813614241987758,0.0849982425570488,0.0849943310022354
0.6814614332012965,0.0849980935454369,0.0849943310022354
0.6815614422038171,0.0849977731704712,0.0849949195981026
0.6816614512063379,0.0849977433681488,0.0849955528974533
0.6817614602088585,0.0849975869059563,0.0849951803684235
0.6818614692113792,0.0849975571036339,0.0849950984120369
0.6819614782139001,0.0849974527955055,0.0849953293800354
0.6820614872164207,0.0849973782896996,0.0849954411387444
0.6821614962189414,0.0849974006414413,0.0849955230951309
0.6822615052214621,0.0849972367286682,0.0849956795573235
0.6823615142239828,0.0849972218275070,0.0849956870079041
0.6824615232265034,0.0849971994757652,0.0849957689642906
0.6825615322290243,0.0849970802664757,0.0849958732724190
0.6826615412315449,0.0849971175193787,0.0849958136677742
0.6827615502340657,0.0849970579147339,0.0849958434700966
0.6828615592365863,0.0849970579147339,0.0849958732724190
0.6829615682391070,0.0849970728158951,0.0849958509206772
0.6830615772416277,0.0849970877170563,0.0849958509206772
0.6831615862441485,0.0849970877170563,0.0849958136677742
0.6832615952466691,0.0849971026182175,0.0849958807229996
0.6833616042491899,0.0849971398711205,0.0849957615137100
0.6834616132517105,0.0849971473217010,0.0849958285689354
0.6835616222542312,0.0849971696734428,0.0849962607026100
0.6836616312567521,0.0849971100687981,0.0849959105253220
0.6837616402592727,0.0849971771240234,0.0849957913160324
0.6838616492617935,0.0849971622228622,0.0849957466125488
0.6839616582643141,0.0849972069263458,0.0849963277578354
0.6840616672668348,0.0849972590804100,0.0849959328770638
0.6841616762693555,0.0849971473217010,0.0849957913160324
0.6842616852718763,0.0849972367286682,0.0849957391619682
0.6843616942743969,0.0849972367286682,0.0849962681531906
0.6844617032769177,0.0849973186850548,0.0849960520863533
0.6845617122794383,0.0849972665309906,0.0849957466125488
0.6846617212819590,0.0849972814321518,0.0849958136677742
0.6847617302844797,0.0849973335862160,0.0849962309002876
0.6848617392870004,0.0849973112344742,0.0849962681531906
0.6849617482895212,0.0849973186850548,0.0849957689642906
0.6850617572920419,0.0849972367286682,0.0849956795573235
0.6851617662945625,0.0849973335862160,0.0849957689642906
0.6852617752970833,0.0849973410367966,0.0849957168102264
0.6853617842996040,0.0849973112344742,0.0849958509206772
0.6854617933021246,0.0849973633885384,0.0849957317113876
0.6855618023046455,0.0849972814321518,0.0849958434700966
0.6856618113071661,0.0849972963333130,0.0849957391619682
0.6857618203096868,0.0849973335862160,0.0849957168102264
0.6858618293122075,0.0849973112344742,0.0849958732724190
0.6859618383147282,0.0849973335862160,0.0849963128566742
0.6860618473172490,0.0849972665309906,0.0849961191415787
0.6861618563197697,0.0849973633885384,0.0849958732724190
0.6862618653222903,0.0849972665309906,0.0849961563944817
0.6863618743248111,0.0849973708391190,0.0849964767694473
0.6864618833273317,0.0849973484873772,0.0849963203072548
0.6865618923298524,0.0849973484873772,0.0849960669875145
0.6866619013323731,0.0849972367286682,0.0849963426589966
0.6867619103348939,0.0849973112344742,0.0849966481328011
0.6868619193374145,0.0849972814321518,0.0849963575601578
0.6869619283399353,0.0849972516298294,0.0849962607026100
0.6870619373424559,0.0849972963333130,0.0849962830543518
0.6871619463449767,0.0849972814321518,0.0849967375397682
0.6872619553474975,0.0849972963333130,0.0849963873624802
0.6873619643500181,0.0849972069263458,0.0849963724613190
0.6874619733525389,0.0849972888827324,0.0849964097142220
0.6875619823550595,0.0849973112344742,0.0849964469671249
0.6876619913575802,0.0849972665309906,0.0849964469671249
0.6877620003601009,0.0849972516298294,0.0849965065717697
0.6878620093626217,0.0849972814321518,0.0849965363740921
0.6879620183651423,0.0849972590804100,0.0849968567490578
0.6880620273676631,0.0849972814321518,0.0849969089031219
0.6881620363701837,0.0849972665309906,0.0849966332316399
0.6882620453727045,0.0849972888827324,0.0849967971444130
0.6883620543752251,0.0849972590804100,0.0849969610571861
0.6884620633777458,0.0849972665309906,0.0849969685077667
0.6885620723802666,0.0849972590804100,0.0849966928362846
0.6886620813827873,0.0849972665309906,0.0849966704845428
0.6887620903853079,0.0849972367286682,0.0849967226386070
0.6888620993878287,0.0849972665309906,0.0849967673420906
0.6889621083903494,0.0849972590804100,0.0849967375397682
0.6890621173928700,0.0849972665309906,0.0849967673420906
0.6891621263953909,0.0849972590804100,0.0849968120455742
0.6892621353979115,0.0849972590804100,0.0849968120455742
0.6893621444004323,0.0849972367286682,0.0849968269467354
0.6894621534029529,0.0849972516298294,0.0849968492984772
0.6895621624054736,0.0849972516298294,0.0849968567490578
0.6896621714079944,0.0849972367286682,0.0849968865513802
0.6897621804105151,0.0849972367286682,0.0849968865513802
0.6898621894130357,0.0849972292780876,0.0849968865513802
0.6899621984155565,0.0849972292780876,0.0849970430135727
0.6900622074180771,0.0849972218275070,0.0849968865513802
0.6901622164205978,0.0849972292780876,0.0849968865513802
0.6902622254231185,0.0849972292780876,0.0849970430135727
0.6903622344256393,0.0849972218275070,0.0849970728158951
0.6904622434281600,0.0849972069263458,0.0849969089031219
0.6905622524306807,0.0849972292780876,0.0849969163537025
0.6906622614332014,0.0849972218275070,0.0849969536066055
0.6907622704357221,0.0849972218275070,0.0849969610571861
0.6908622794382429,0.0849972069263458,0.0849969610571861
0.6909622884407635,0.0849972218275070,0.0849969610571861
0.6910622974432843,0.0849972069263458,0.0849969610571861
0.6911623064458049,0.0849972069263458,0.0849969685077667
0.6912623154483256,0.0849972069263458,0.0849969610571861
0.6913623244508463,0.0849972069263458,0.0849969834089279
0.6914623334533671,0.0849972069263458,0.0849969834089279
0.6915623424558877,0.0849972069263458,0.0849969834089279
0.6916623514584085,0.0849972069263458,0.0849969983100891
0.6917623604609291,0.0849972069263458,0.0849969908595085
0.6918623694634499,0.0849972069263458,0.0849969908595085
0.6919623784659705,0.0849971994757652,0.0849969983100891
0.6920623874684912,0.0849971994757652,0.0849969983100891
0.6921623964710120,0.0849971994757652,0.0849969983100891
0.6922624054735327,0.0849971994757652,0.0849970132112503
0.6923624144760534,0.0849971994757652,0.0849970132112503
0.6924624234785741,0.0849971994757652,0.0849970132112503
0.6925624324810948,0.0849971994757652,0.0849970206618309
0.6926624414836154,0.0849971994757652,0.0849970132112503
0.6927624504861363,0.0849971994757652,0.0849970281124115
0.6928624594886569,0.0849971994757652,0.0849970281124115
0.6929624684911777,0.0849971920251846,0.0849970281124115
0.6930624774936983,0.0849971920251846,0.0849970206618309
0.6931624864962190,0.0849971920251846,0.0849970206618309
0.6932624954987398,0.0849972069263458,0.0849970206618309
0.6933625045012605,0.0849971994757652,0.0849970281124115
0.6934625135037811,0.0849971920251846,0.0849970430135727
0.6935625225063019,0.0849971920251846,0.0849970430135727
0.6936625315088225,0.0849971920251846,0.0849970430135727
0.6937625405113432,0.0849971920251846,0.0849970430135727
0.6938625495138639,0.0849971920251846,0.0849970430135727
0.6939625585163847,0.0849971994757652,0.0849970430135727
0.6940625675189055,0.0849971920251846,0.0849970504641533
0.6941625765214261,0.0849971920251846,0.0849970728158951
0.6942625855239468,0.0849971920251846,0.0849970430135727
0.6943625945264675,0.0849971920251846,0.0849970504641533
0.6944626035289883,0.0849971920251846,0.0849970728158951
0.6945626125315089,0.0849971920251846,0.0849971175193787
0.6946626215340297,0.0849971920251846,0.0849970430135727
0.6947626305365503,0.0849971994757652,0.0849970579147339
0.6948626395390710,0.0849971920251846,0.0849970728158951
0.6949626485415917,0.0849971920251846,0.0849970802664757
0.6950626575441124,0.0849971771240234,0.0849971175193787
0.6951626665466332,0.0849971771240234,0.0849970504641533
0.6952626755491539,0.0849971771240234,0.0849970728158951
0.6953626845516745,0.0849971771240234,0.0849970877170563
0.6954626935541953,0.0849971771240234,0.0849971026182175
0.6955627025567159,0.0849971771240234,0.0849971026182175
0.6956627115592366,0.0849971771240234,0.0849971026182175
0.6957627205617574,0.0849971696734428,0.0849971026182175
0.6958627295642781,0.0849971622228622,0.0849971175193787
0.6959627385667988,0.0849971696734428,0.0849971398711205
0.6960627475693195,0.0849972516298294,0.0849972963333130
0.6961627565718402,0.0849973112344742,0.0849973484873772
0.6962627655743610,0.0849973410367966,0.0849973186850548
0.6963627745768817,0.0849973931908607,0.0849975124001503
0.6964627835794023,0.0849974527955055,0.0849976092576981
0.6965627925819231,0.0849974900484085,0.0849976390600204
0.6966628015844437,0.0849975571036339,0.0849978029727936
0.6967628105869644,0.0849975571036339,0.0849978923797607
0.6968628195894851,0.0849976167082787,0.0849980711936951
0.6969628285920059,0.0849976465106010,0.0849983394145966
0.6970628375945265,0.0849976390600204,0.0849983766674995
0.6971628465970473,0.0849976018071175,0.0849986001849174
0.6972628555995679,0.0849977135658264,0.0849988013505936
0.6973628646020887,0.0849977731704712,0.0849991366267204
0.6974628736046093,0.0849978402256966,0.0849992632865906
0.6975628826071301,0.0849979072809219,0.0849992930889130
0.6976628916096509,0.0849978923797607,0.0849995166063309
0.6977629006121715,0.0849984064698219,0.0849994570016861
0.6978629096146922,0.0849980711936951,0.0849994271993637
0.6979629186172129,0.0849983468651772,0.0849995464086533
0.6980629276197337,0.0849981829524040,0.0849995464086533
0.6981629366222543,0.0849982574582100,0.0849996134638786
0.6982629456247751,0.0849982425570488,0.0849996507167816
0.6983629546272957,0.0849981904029846,0.0849996507167816
0.6984629636298165,0.0849980488419533,0.0849986672401428
0.6985629726323371,0.0849979072809219,0.0849971920251846
0.6986629816348578,0.0849979519844055,0.0849973335862160
0.6987629906373786,0.0849979370832443,0.0849975496530533
0.6988629996398993,0.0849978774785995,0.0849976316094398
0.6989630086424199,0.0849978700280190,0.0849977284669876
0.6990630176449407,0.0849976912140846,0.0849977880716324
0.6991630266474613,0.0849976465106010,0.0849978327751160
0.6992630356499820,0.0849975794553757,0.0849976465106010
0.6993630446525029,0.0849975869059563,0.0849976986646652
0.6994630536550235,-0.0198683701455593,0.0241283699870110
0.6995630626575443,-0.0127473399043083,0.0196399092674255
0.6996630716600649,-0.0088732065632939,0.0177774392068386
0.6997630806625856,-0.0049972492270172,0.0145086897537112
0.6998630896651064,-0.0026078030932695,0.0120427999645472
0.6999630986676271,-0.0011528639588505,0.0104551501572132
0.7000631076701477,-0.0000240088502323,0.0097500858828425
0.7001631166726685,0.0006364224245772,0.0090883485972881
0.7002631256751891,0.0008738758042455,0.0084710037335753
0.7003631346777098,0.0008327509276569,0.0074718720279634
0.7004631436802305,0.0011841739760712,0.0070617971941829
0.7005631526827513,0.0016128179850057,0.0063746818341315
0.7006631616852719,0.0015760340029374,0.0056061078794301
0.7007631706877927,0.0022486909292638,0.0051563880406320
0.7008631796903133,0.0021308630239218,0.0048549450002611
0.7009631886928341,0.0034228709992021,0.0044088568538427
0.7010631976953549,0.0037434909027070,0.0042989039793611
0.7011632066978755,0.0044840457849205,0.0037969918921590
0.7012632157003963,0.0042039570398629,0.0035126619040966
0.7013632247029169,0.0054937698878348,0.0029511000029743
0.7014632337054376,0.0060367370024323,0.0024373249616474
0.7015632427079583,0.0063461069948971,0.0023180788848549
0.7016632517104791,0.0075191590003669,0.0017830199794844
0.7017632607129997,0.0082804206758738,0.0009911669185385
0.7018632697155205,0.0087979305535555,0.0008946766029112
0.7019632787180411,0.0093002077192068,0.0009007278131321
0.7020632877205619,0.0094064231961966,0.0008531634812243
0.7021632967230825,0.0092505207285285,0.0009163314825855
0.7022633057256032,0.0106284199282527,0.0004808706871700
0.7023633147281240,0.0112971402704716,0.0000264923091891
0.7024633237306447,0.0110972998663783,0.0003063777112402
0.7025633327331653,0.0112913902848959,-0.0000780300324550
0.7026633417356861,0.0120094995945692,-0.0005802466766909
0.7027633507382067,0.0121056903153658,-0.0006347816088237
0.7028633597407274,0.0134986098855734,-0.0010754290269688
0.7029633687432483,0.0132917696610093,-0.0010515609756112
0.7030633777457689,0.0140377096831799,-0.0010387470247224
0.7031633867482897,0.0126778203994036,-0.0006545559153892
0.7032633957508103,0.0114097604528069,-0.0004171919135842
0.7033634047533310,0.0117639303207397,-0.0006417774129659
0.7034634137558518,0.0116394096985459,-0.0008002205868252
0.7035634227583725,0.0116732902824879,-0.0004874478909187
0.7036634317608931,0.0115160802379251,-0.0005396939232014
0.7037634407634139,0.0116880098357797,-0.0005397786153480
0.7038634497659345,0.0115114003419876,-0.0005560127901845
0.7039634587684552,0.0122003303840756,-0.0001594136992935
0.7040634677709759,0.0125004900619388,-0.0001121433015214
0.7041634767734967,0.0123230097815394,0.0001175817014882
0.7042634857760174,0.0125120403245091,0.0002474187931512
0.7043634947785381,0.0114857200533152,0.0003649604914244
0.7044635037810587,0.0115322899073362,0.0001588533050381
0.7045635127835795,0.0112856496125460,-0.0000855521866470
0.7046635217861003,0.0123504400253296,-0.0001174549979623
0.7047635307886209,0.0112145598977804,-0.0002593598037492
0.7048635397911417,0.0108820497989655,-0.0004487774858717
0.7049635487936623,0.0114675899967551,-0.0003274476912338
0.7050635577961830,0.0115221999585629,-0.0004315206024330
0.7051635667987037,0.0123531501740217,-0.0000593878903601
0.7052635758012245,0.0118708098307252,-0.0000312943702738
0.7053635848037452,0.0129058500751853,0.0003669034049381
0.7054635938062659,0.0117600597441196,0.0000230999394262
0.7055636028087865,0.0128474598750472,0.0003609725099523
0.7056636118113073,0.0128797702491283,0.0000160841591423
0.7057636208138279,0.0129683995619416,-0.0003749984025490
0.7058636298163486,0.0133038097992539,-0.0002130326029146
0.7059636388188694,0.0139937102794647,-0.0005814550095238
0.7060636478213901,0.0132750403136015,-0.0002268943062518
0.7061636568239107,0.0142057100310922,-0.0003969196113758
0.7062636658264315,0.0138861499726772,-0.0006174200098030
0.7063636748289522,0.0145829096436501,-0.0001999101950787
0.7064636838314730,0.0146416695788503,-0.0003778169921134
0.7065636928339937,0.0146169699728489,-0.0003860571887344
0.7066637018365143,0.0141241801902652,-0.0003940179885831
0.7067637108390351,0.0133923599496484,-0.0007240187260322
0.7068637198415557,0.0145993996411562,-0.0007706360192969
0.7069637288440764,0.0135654499754310,-0.0002452727057971
0.7070637378465972,0.0146117098629475,-0.0001529212022433
0.7071637468491179,0.0135832000523806,0.0000759457034292
0.7072637558516385,0.0138394795358181,0.0003154820005875
0.7073637648541593,0.0143593801185489,0.0002530943020247
0.7074637738566799,0.0146654797717929,0.0002207445068052
0.7075637828592007,0.0143285002559423,0.0002296609018231
0.7076637918617213,0.0133931403979659,0.0001554103946546
0.7077638008642421,0.0143130896613002,0.0000326890403812
0.7078638098667628,0.0127849802374840,0.0004161541874055
0.7079638188692835,0.0130946096032858,-0.0000050200410442
0.7080638278718042,0.0127111803740263,0.0001401363988407
0.7081638368743249,0.0127518903464079,-0.0003526982036419
0.7082638458768457,0.0138897802680731,-0.0004101083031856
0.7083638548793663,0.0132996998727322,0.0000581664498895
0.7084638638818871,0.0137423602864146,-0.0002020780957537
0.7085638728844077,0.0136246401816607,-0.0001709177013254
0.7086638818869285,0.0135643100365996,-0.0000525301584275
0.7087638908894491,0.0144256502389908,-0.0002541611902416
0.7088638998919699,0.0135020604357123,-0.0003070131060667
0.7089639088944906,0.0142445098608732,-0.0001074472020264
0.7090639178970113,0.0142089296132326,0.0001173773998744
0.7091639268995319,0.0151171395555139,0.0001982708927244
0.7092639359020527,0.0133694596588612,0.0004323786997702
0.7093639449045733,0.0139848403632641,0.0001034193992382
0.7094639539070940,0.0147087899968028,-0.0001301472948398
0.7095639629096148,0.0143727902323008,-0.0000564459514862
0.7096639719121355,0.0152106303721666,-0.0003007006016560
0.7097639809146563,0.0143701704218984,-0.0003493629919831
0.7098639899171769,0.0159017890691757,-0.0006427703774534
0.7099639989196976,0.0143512003123760,-0.0006087212241255
0.7100640079222184,0.0140079697594047,-0.0003896901907865
0.7101640169247391,0.0142152104526758,0.0000241037905653
0.7102640259272597,0.0143860904499888,-0.0000799031622591
0.7103640349297805,0.0147081902250648,-0.0000056552371461
0.7104640439323011,0.0145862903445959,-0.0000585504785704
0.7105640529348218,0.0140913398936391,0.0001309614017373
0.7106640619373426,0.0145006701350212,0.0002253251004731
0.7107640709398633,0.0152917196974158,0.0001936907938216
0.7108640799423839,0.0144113898277283,0.0001397661981173
0.7109640889449047,0.0146921100094914,0.0003155897138640
0.7110640979474253,0.0147821996361017,0.0003826426982414
0.7111641069499461,0.0150820696726441,0.0001861771015683
0.7112641159524667,0.0160190798342228,0.0001856276940089
0.7113641249549875,0.0150370597839355,0.0001299202995142
0.7114641339575083,0.0134181901812553,0.0002081335987896
0.7115641429600289,0.0149074597284198,0.0002543267037254
0.7116641519625496,0.0149437095969915,-0.0000936152864597
0.7117641609650703,0.0155821396037936,-0.0002420794044156
0.7118641699675911,0.0147460801526904,-0.0003247967979405
0.7119641789701117,0.0151552604511380,-0.0002459963143338
0.7120641879726325,0.0146758500486612,-0.0001253848022316
0.7121641969751531,0.0143401203677058,0.0000481276401842
0.7122642059776739,0.0157637596130371,0.0001137512008427
0.7123642149801945,0.0153881795704365,0.0004077327030245
0.7124642239827153,0.0154948802664876,0.0004116015043110
0.7125642329852360,0.0153365600854158,-0.0000006958438235
0.7126642419877567,0.0148531198501587,0.0001972369936993
0.7127642509902773,0.0153332501649857,-0.0003616182075348
0.7128642599927981,0.0159458499401808,-0.0004312100936659
0.7129642689953187,0.0157105699181557,-0.0004922457155772
0.7130642779978394,0.0148373404517770,-0.0004690354980994
0.7131642870003602,0.0156821999698877,-0.0004203236894682
0.7132642960028809,0.0145715903490782,-0.0004979515215382
0.7133643050054017,0.0147481104359031,-0.0001646683958825
0.7134643140079223,0.0153655195608735,-0.0002388044958934
0.7135643230104430,0.0160392709076405,-0.0001672047947068
0.7136643320129638,0.0165137294679880,-0.0002001671964535
0.7137643410154845,0.0157319791615009,0.0000229442302953
0.7138643500180051,0.0162460003048182,-0.0001776371063897
0.7139643590205259,0.0158521290868521,0.0000097329357232
0.7140643680230465,0.0168521795421839,0.0000044911489567
0.7141643770255672,0.0152722997590899,0.0005693513085134
0.7142643860280879,0.0162882991135120,0.0005180740845390
0.7143643950306087,0.0169052407145500,0.0002003724948736
0.7144644040331294,0.0149945495650172,0.0004023541114293
0.7145644130356501,0.0157736390829086,0.0002576774859335
0.7146644220381707,0.0151378903537989,0.0003057589055970
0.7147644310406915,0.0158138405531645,0.0002098161930917
0.7148644400432121,0.0160489603877068,-0.0003448784991633
0.7149644490457329,0.0167158599942923,-0.0005012424080633
0.7150644580482537,0.0157771408557892,-0.0002605018962640
0.7151644670507743,0.0152880698442459,-0.0002863628906198
0.7152644760532950,0.0161220803856850,-0.0001610111939954
0.7153644850558157,0.0146386502310634,0.0001992817997234
0.7154644940583365,0.0165289305150509,-0.0000235572697420
0.7155645030608572,0.0159098207950592,0.0000284977195406
0.7156645120633779,0.0152854202315211,0.0001832879061112
0.7157645210658985,0.0152158299461007,0.0003277602081653
0.7158645300684193,0.0152348699048162,0.0000534680293640
0.7159645390709399,0.0163294803351164,0.0000041314870032
0.7160645480734606,0.0160831902176142,-0.0000467427089461
0.7161645570759814,0.0158319193869829,-0.0001221091952175
0.7162645660785021,0.0145055400207639,-0.0001404481008649
0.7163645750810227,0.0156375803053379,-0.0000818928965600
0.7164645840835435,0.0145834004506469,-0.0000071075050982
0.7165645930860641,0.0156522691249847,-0.0001393010024913
0.7166646020885850,0.0163850598037243,-0.0004551146121230
0.7167646110911057,0.0157485306262970,-0.0004707780026365
0.7168646200936263,0.0153899602591991,-0.0004190825857222
0.7169646290961471,0.0131077300757170,-0.0003382434952073
0.7170646380986677,0.0140553303062916,0.0003089552046731
0.7171646471011884,0.0145675502717495,0.0001588855957380
0.7172646561037092,0.0160061009228230,0.0001113362013712
0.7173646651062299,0.0162794906646013,0.0002102662983816
0.7174646741087505,0.0150923701003194,0.0005178520805202
0.7175646831112713,0.0157697405666113,0.0005392868188210
0.7176646921137919,0.0149113703519106,0.0003415202954784
0.7177647011163127,0.0164634007960558,0.0001893980952445
0.7178647101188333,0.0164696201682091,-0.0002858004008885
0.7179647191213541,0.0167575497180223,-0.0001934447063832
0.7180647281238748,0.0170825701206923,-0.0004745305923279
0.7181647371263955,0.0173169206827879,-0.0005094457883388
0.7182647461289161,0.0162527095526457,-0.0003963036870118
0.7183647551314369,0.0155220003798604,-0.0001424354995834
0.7184647641339577,0.0165613908320665,0.0000516902000527
0.7185647731364783,0.0153577299788594,0.0002126056060661
0.7186647821389991,0.0161595400422812,0.0003682996903080
0.7187647911415197,0.0166428908705711,0.0002053257048829
0.7188648001440405,0.0161126106977463,0.0002288878022227
0.7189648091465611,0.0158162303268909,0.0001768977963366
0.7190648181490819,0.0164256095886230,0.0000918118385016
0.7191648271516026,0.0163685195147991,-0.0000585216803302
0.7192648361541233,0.0154248001053929,0.0002662263868842
0.7193648451566439,0.0163660403341055,0.0001847513049142
0.7194648541591647,0.0158861000090837,0.0000515270912729
0.7195648631616853,0.0160811096429825,-0.0000804102528491
0.7196648721642060,0.0159776993095875,-0.0002047665038845
0.7197648811667268,0.0153459403663874,-0.0001821479963837
0.7198648901692475,0.0154323996976018,-0.0004073719901498
0.7199648991717681,0.0154880201444030,-0.0004367980000097
0.7200649081742889,0.0159152392297983,-0.0006276855128817
0.7201649171768095,0.0138767603784800,-0.0000728837476345
0.7202649261793304,0.0154911102727056,-0.0002489569887985
0.7203649351818511,0.0152570502832532,-0.0000364201405318
0.7204649441843717,0.0154438801109791,0.0002859286905732
0.7205649531868925,0.0157731492072344,0.0001927958946908
0.7206649621894131,0.0141411097720265,0.0003461104060989
0.7207649711919338,0.0158844497054815,0.0002670245012268
0.7208649801944546,0.0149875897914171,0.0002443399862386
0.7209649891969753,0.0165159199386835,-0.0001129372030846
0.7210649981994959,0.0158358197659254,0.0001934016036103
0.7211650072020167,0.0147712295874953,0.0003394662053324
0.7212650162045373,0.0157220307737589,0.0003212791052647
0.7213650252070581,0.0152326002717018,0.0000568716604903
0.7214650342095787,0.0156692806631327,0.0002296182065038
0.7215650432120995,0.0156877990812063,0.0001206509987242
0.7216650522146202,0.0154448300600052,0.0003294426132925
0.7217650612171409,0.0144994901493192,0.0000318052989314
0.7218650702196615,0.0148362098261714,0.0002522697031964
0.7219650792221823,0.0150927603244781,0.0000408009982493
0.7220650882247031,0.0144924996420741,0.0003717535000760
0.7221650972272237,0.0136945601552725,0.0001908632984851
0.7222651062297445,0.0144949899986386,0.0002416136994725
0.7223651152322651,0.0155700603500009,0.0003030837979168
0.7224651242347859,0.0149463796988130,0.0001919773931149
0.7225651332373065,0.0160080902278423,0.0004470853018574
0.7226651422398273,0.0141865303739905,0.0002790635917336
0.7227651512423480,0.0146994898095727,0.0000569836702198
0.7228651602448687,0.0148085402324796,-0.0001752819953253
0.7229651692473893,0.0141715602949262,-0.0002803558891173
0.7230651782499101,0.0150151597335935,-0.0006160328048281
0.7231651872524307,0.0146780498325825,-0.0005577824776992
0.7232651962549514,0.0149078201502562,-0.0004650177143048
0.7233652052574722,0.0139788901433349,-0.0002549114869907
0.7234652142599929,0.0137768201529980,-0.0000997661700239
0.7235652232625136,0.0142691498622298,-0.0000080234467532
0.7236652322650343,0.0143440496176481,0.0000130532198455
0.7237652412675550,0.0128665696829557,0.0001698881969787
0.7238652502700758,0.0125296795740724,0.0000482879695483
0.7239652592725965,0.0120265698060393,-0.0000747610974940
0.7240652682751171,0.0118428897112608,-0.0001008799008559
0.7241652772776379,0.0114632500335574,-0.0002655969874468
0.7242652862801585,0.0108824102208018,-0.0001721995067783
0.7243652952826792,0.0102988900616765,-0.0001218393008457
0.7244653042852000,0.0098125850781798,-0.0001984453992918
0.7245653132877207,0.0097912969067693,-0.0006673022289760
0.7246653222902414,0.0100274495780468,-0.0007500079227611
0.7247653312927621,0.0101440204307437,-0.0007016346207820
0.7248653402952827,0.0127013400197029,-0.0010318700224161
0.7249653492978035,0.0124065103009343,-0.0010473739821464
0.7250653583003241,0.0131329298019409,-0.0018640180351213
0.7251653673028449,0.0115414904430509,-0.0020886689890176
0.7252653763053656,0.0076990998350084,-0.0005112168146297
0.7253653853078863,0.0026381020434201,0.0000701495373505
0.7254653943104070,-0.0032615480013192,0.0014121739659458
0.7255654033129277,-0.0113732796162367,0.0001062599985744
0.7256654123154485,0.0849969983100891,0.0849967896938324
0.7257654213179692,0.0849971771240234,0.0849969908595085
0.7258654303204899,0.0849970281124115,0.0849965512752533
0.7259654393230105,0.0849971696734428,0.0849582627415657
0.7260654483255313,0.0849971026182175,0.0849544629454613
0.7261654573280519,0.0849971398711205,0.0849485695362091
0.7262654663305727,0.0849978998303413,0.0849433466792107
0.7263654753330934,0.0849989429116249,0.0849943310022354
0.7264654843356141,0.0849987566471100,0.0849943310022354
0.7265654933381347,0.0849987491965294,0.0849943310022354
0.7266655023406555,0.0849983021616936,0.0849943310022354
0.7267655113431761,0.0849978402256966,0.0849943310022354
0.7268655203456970,0.0849975720047951,0.0849944427609444
0.7269655293482176,0.0849973186850548,0.0849948227405548
0.7270655383507383,0.0849971696734428,0.0849950164556503
0.7271655473532591,0.0849970579147339,0.0849952101707458
0.7272655563557797,0.0849969610571861,0.0849955379962921
0.7273655653583004,0.0849969834089279,0.0849956274032593
0.7274655743608212,0.0849969834089279,0.0849957317113876
0.7275655833633419,0.0849968567490578,0.0849959328770638
0.7276655923658625,0.0849969089031219,0.0849959924817085
0.7277656013683833,0.0849969834089279,0.0849960371851921
0.7278656103709039,0.0849969163537025,0.0849960967898369
0.7279656193734247,0.0849969387054443,0.0849961489439011
0.7280656283759454,0.0849970132112503,0.0849961936473846
0.7281656373784661,0.0849970206618309,0.0849961936473846
0.7282656463809868,0.0849969908595085,0.0849962010979652
0.7283656553835075,0.0849970132112503,0.0849962085485458
0.7284656643860281,0.0849970504641533,0.0849961787462234
0.7285656733885489,0.0849970728158951,0.0849961414933205
0.7286656823910695,0.0849971026182175,0.0849962607026100
0.7287656913935903,0.0849970802664757,0.0849962830543518
0.7288657003961110,0.0849971398711205,0.0849962383508682
0.7289657093986317,0.0849971324205399,0.0849962830543518
0.7290657184011524,0.0849971175193787,0.0849962383508682
0.7291657274036731,0.0849971696734428,0.0849962085485458
0.7292657364061939,0.0849970802664757,0.0849961787462234
0.7293657454087146,0.0849971026182175,0.0849961712956429
0.7294657544112353,0.0849971324205399,0.0849961563944817
0.7295657634137559,0.0849971473217010,0.0849961489439011
0.7296657724162767,0.0849971994757652,0.0849961116909981
0.7297657814187973,0.0849971324205399,0.0849961265921593
0.7298657904213181,0.0849971771240234,0.0849960073828697
0.7299657994238388,0.0849971771240234,0.0849961116909981
0.7300658084263595,0.0849971771240234,0.0849960967898369
0.7301658174288801,0.0849971696734428,0.0849960595369339
0.7302658264314009,0.0849972292780876,0.0849960893392563
0.7303658354339215,0.0849971771240234,0.0849960371851921
0.7304658444364424,0.0849972516298294,0.0849960520863533
0.7305658534389630,0.0849971771240234,0.0849961116909981
0.7306658624414837,0.0849972292780876,0.0849960967898369
0.7307658714440045,0.0849972367286682,0.0849960297346115
0.7308658804465251,0.0849972069263458,0.0849961265921593
0.7309658894490458,0.0849972367286682,0.0849961191415787
0.7310658984515666,0.0849972665309906,0.0849961265921593
0.7311659074540873,0.0849972814321518,0.0849961563944817
0.7312659164566079,0.0849972069263458,0.0849961116909981
0.7313659254591287,0.0849972516298294,0.0849961936473846
0.7314659344616493,0.0849972367286682,0.0849961414933205
0.7315659434641701,0.0849972814321518,0.0849960967898369
0.7316659524666907,0.0849972516298294,0.0849962234497070
0.7317659614692115,0.0849972516298294,0.0849960893392563
0.7318659704717322,0.0849972590804100,0.0849962309002876
0.7319659794742529,0.0849972665309906,0.0849962085485458
0.7320659884767735,0.0849972367286682,0.0849963277578354
0.7321659974792943,0.0849972590804100,0.0849963724613190
0.7322660064818149,0.0849972665309906,0.0849964171648026
0.7323660154843357,0.0849972665309906,0.0849964395165443
0.7324660244868565,0.0849972367286682,0.0849964767694473
0.7325660334893771,0.0849972814321518,0.0849964916706085
0.7326660424918979,0.0849972292780876,0.0849964916706085
0.7327660514944185,0.0849972665309906,0.0849965810775757
0.7328660604969393,0.0849972292780876,0.0849965214729309
0.7329660694994600,0.0849972069263458,0.0849965736269951
0.7330660785019807,0.0849972516298294,0.0849965885281563
0.7331660875045013,0.0849972218275070,0.0849966034293175
0.7332660965070221,0.0849972292780876,0.0849966108798981
0.7333661055095427,0.0849972367286682,0.0849966630339622
0.7334661145120634,0.0849972292780876,0.0849966630339622
0.7335661235145842,0.0849972367286682,0.0849966630339622
0.7336661325171049,0.0849972292780876,0.0849967002868652
0.7337661415196256,0.0849972292780876,0.0849967226386070
0.7338661505221463,0.0849972367286682,0.0849967524409294
0.7339661595246669,0.0849972367286682,0.0849967300891876
0.7340661685271878,0.0849972367286682,0.0849967375397682
0.7341661775297085,0.0849972292780876,0.0849967896938324
0.7342661865322291,0.0849972218275070,0.0849967673420906
0.7343661955347499,0.0849972367286682,0.0849967673420906
0.7344662045372705,0.0849972367286682,0.0849967971444130
0.7345662135397912,0.0849972292780876,0.0849967971444130
0.7346662225423120,0.0849972367286682,0.0849968269467354
0.7347662315448327,0.0849972292780876,0.0849968492984772
0.7348662405473534,0.0849972069263458,0.0849968492984772
0.7349662495498741,0.0849972292780876,0.0849968567490578
0.7350662585523947,0.0849972292780876,0.0849968791007996
0.7351662675549155,0.0849972069263458,0.0849968865513802
0.7352662765574361,0.0849972218275070,0.0849968865513802
0.7353662855599569,0.0849972218275070,0.0849968865513802
0.7354662945624776,0.0849972218275070,0.0849969014525414
0.7355663035649983,0.0849972218275070,0.0849969014525414
0.7356663125675189,0.0849972218275070,0.0849969163537025
0.7357663215700397,0.0849972069263458,0.0849969163537025
0.7358663305725603,0.0849972069263458,0.0849969163537025
0.7359663395750812,0.0849972069263458,0.0849969163537025
0.7360663485776019,0.0849972069263458,0.0849969163537025
0.7361663575801225,0.0849972069263458,0.0849969387054443
0.7362663665826433,0.0849972069263458,0.0849969387054443
0.7363663755851639,0.0849972069263458,0.0849969387054443
0.7364663845876847,0.0849972069263458,0.0849969387054443
0.7365663935902054,0.0849972069263458,0.0849969536066055
0.7366664025927261,0.0849972069263458,0.0849969536066055
0.7367664115952467,0.0849972069263458,0.0849969536066055
0.7368664205977675,0.0849972069263458,0.0849969610571861
0.7369664296002881,0.0849972069263458,0.0849969610571861
0.7370664386028090,0.0849972069263458,0.0849969685077667
0.7371664476053296,0.0849972069263458,0.0849969610571861
0.7372664566078503,0.0849972069263458,0.0849969685077667
0.7373664656103710,0.0849972069263458,0.0849969834089279
0.7374664746128917,0.0849971994757652,0.0849969834089279
0.7375664836154123,0.0849972069263458,0.0849969834089279
0.7376664926179332,0.0849971994757652,0.0849969834089279
0.7377665016204539,0.0849971994757652,0.0849969834089279
0.7378665106229745,0.0849971920251846,0.0849969908595085
0.7379665196254953,0.0849971994757652,0.0849969908595085
0.7380665286280159,0.0849972069263458,0.0849969908595085
0.7381665376305367,0.0849971994757652,0.0849969983100891
0.7382665466330574,0.0849971994757652,0.0849970132112503
0.7383665556355781,0.0849971994757652,0.0849970132112503
0.7384665646380988,0.0849972069263458,0.0849970132112503
0.7385665736406195,0.0849971994757652,0.0849970132112503
0.7386665826431401,0.0849971994757652,0.0849970132112503
0.7387665916456609,0.0849971920251846,0.0849970132112503
0.7388666006481815,0.0849971994757652,0.0849970132112503
0.7389666096507023,0.0849971994757652,0.0849970132112503
0.7390666186532230,0.0849971994757652,0.0849970132112503
0.7391666276557437,0.0849971994757652,0.0849970132112503
0.7392666366582643,0.0849971994757652,0.0849970132112503
0.7393666456607851,0.0849971994757652,0.0849970206618309
0.7394666546633059,0.0849971994757652,0.0849970206618309
0.7395666636658266,0.0849971994757652,0.0849970206618309
0.7396666726683473,0.0849971994757652,0.0849970206618309
0.7397666816708679,0.0849971994757652,0.0849970281124115
0.7398666906733887,0.0849971994757652,0.0849970281124115
0.7399666996759093,0.0849971920251846,0.0849970430135727
0.7400667086784301,0.0849971920251846,0.0849970281124115
0.7401667176809508,0.0849971994757652,0.0849970430135727
0.7402667266834715,0.0849971994757652,0.0849970430135727
0.7403667356859921,0.0849971920251846,0.0849970430135727
0.7404667446885129,0.0849971994757652,0.0849970430135727
0.7405667536910335,0.0849971994757652,0.0849970430135727
0.7406667626935544,0.0849971994757652,0.0849970430135727
0.7407667716960750,0.0849972069263458,0.0849970430135727
0.7408667806985957,0.0849971994757652,0.0849970504641533
0.7409667897011164,0.0849971920251846,0.0849970579147339
0.7410667987036371,0.0849971994757652,0.0849970504641533
0.7411668077061578,0.0849971920251846,0.0849970579147339
0.7412668167086786,0.0849971920251846,0.0849970504641533
0.7413668257111993,0.0849971771240234,0.0849970728158951
0.7414668347137199,0.0849971771240234,0.0849970728158951
0.7415668437162407,0.0849971696734428,0.0849970877170563
0.7416668527187613,0.0849971696734428,0.0849971026182175
0.7417668617212821,0.0849971696734428,0.0849970728158951
0.7418668707238028,0.0849971696734428,0.0849970430135727
0.7419668797263235,0.0849971771240234,0.0849971175193787
0.7420668887288442,0.0849972367286682,0.0849973484873772
0.7421668977313649,0.0849973410367966,0.0849974602460861
0.7422669067338855,0.0849974080920219,0.0849975273013115
0.7423669157364063,0.0849974825978279,0.0849976316094398
0.7424669247389269,0.0849975422024727,0.0849977508187294
0.7425669337414477,0.0849976167082787,0.0849978923797607
0.7426669427439684,0.0849976614117622,0.0849980264902115
0.7427669517464891,0.0849976688623428,0.0849980935454369
0.7428669607490099,0.0849976986646652,0.0849983394145966
0.7429669697515305,0.0849977433681488,0.0849985629320145
0.7430669787540513,0.0849977731704712,0.0849987864494324
0.7431669877565720,0.0849977806210518,0.0849989131093025
0.7432669967590927,0.0849979817867279,0.0849991813302040
0.7433670057616133,0.0849979296326637,0.0849994570016861
0.7434670147641341,0.0849980786442757,0.0849994570016861
0.7435670237666547,0.0849981084465981,0.0849993824958801
0.7436670327691755,0.0849983096122742,0.0849994122982025
0.7437670417716962,0.0849986001849174,0.0849997028708458
0.7438670507742169,0.0849985778331757,0.0849994868040085
0.7439670597767376,0.0849984884262085,0.0849997028708458
0.7440670687792583,0.0849983692169189,0.0849996209144592
0.7441670777817789,0.0849983915686607,0.0849998891353607
0.7442670867842998,0.0849985927343369,0.0849998220801353
0.7443670957868204,0.0849983021616936,0.0849992930889130
0.7444671047893411,0.0849980413913727,0.0849971771240234
0.7445671137918619,0.0849980786442757,0.0849972367286682
0.7446671227943825,0.0849980562925339,0.0849978029727936
0.7447671317969032,0.0849978104233742,0.0849979966878891
0.7448671407994240,0.0849978104233742,0.0849976390600204
0.7449671498019447,-0.0134243303909898,0.0294478796422482
0.7450671588044654,-0.0019028900424019,0.0222207903862000
0.7451671678069861,0.0085303792729974,0.0159610994160175
0.7452671768095067,0.0160051602870226,0.0112791499122977
0.7453671858120275,0.0203018095344305,0.0083999559283257
0.7454671948145482,0.0227386895567179,0.0068513150326908
0.7455672038170689,0.0231174193322659,0.0053897132165730
0.7456672128195896,0.0229562409222126,0.0041768178343773
0.7457672218221103,0.0217926707118750,0.0036479809787124
0.7458672308246309,0.0215929392725229,0.0035449920687824
0.7459672398271517,0.0199317708611488,0.0033103069290519
0.7460672488296723,0.0199400801211596,0.0025942260399461
0.7461672578321932,0.0197161901742220,0.0024477969855070
0.7462672668347138,0.0194344297051430,0.0020051170140505
0.7463672758372345,0.0197887197136879,0.0016664869617671
0.7464672848397553,0.0203210990875959,0.0012725109700114
0.7465672938422759,0.0203783996403217,0.0007910341955721
0.7466673028447967,0.0203757602721453,0.0003664254909381
0.7467673118473174,0.0230966396629810,-0.0001404534996254
0.7468673208498381,0.0236465502530336,-0.0005328400875442
0.7469673298523587,0.0255797095596790,-0.0009273600880988
0.7470673388548795,0.0252091195434332,-0.0010364389745519
0.7471673478574001,0.0274277906864882,-0.0014957699459046
0.7472673568599210,0.0265573300421238,-0.0010638399980962
0.7473673658624416,0.0285785999149084,-0.0007763867033646
0.7474673748649623,0.0283047500997782,-0.0008145016035996
0.7475673838674830,0.0301453508436680,-0.0009945945348591
0.7476673928700037,0.0291037801653147,-0.0006574320141226
0.7477674018725243,0.0310582201927900,-0.0008766683167778
0.7478674108750452,0.0302253402769566,-0.0006882763118483
0.7479674198775658,0.0268935598433018,0.0000218363002205
0.7480674288800865,0.0203785300254822,0.0010743800085038
0.7481674378826073,0.0177913606166840,0.0014110310003161
0.7482674468851279,0.0175181999802589,0.0011888539884239
0.7483674558876486,0.0152634102851152,0.0016223120037466
0.7484674648901694,0.0159766394644976,0.0016433369601145
0.7485674738926901,0.0154871195554733,0.0013868459500372
0.7486674828952108,0.0159611497074366,0.0013500170316547
0.7487674918977315,0.0145460097119212,0.0012719909427688
0.7488675009002521,0.0150725999847054,0.0011197869898751
0.7489675099027729,0.0146884704008698,0.0008713030838408
0.7490675189052936,0.0140590695664287,0.0008752514258958
0.7491675279078143,0.0129084903746843,0.0007380219176412
0.7492675369103350,0.0118836704641581,0.0007149932207540
0.7493675459128557,0.0125365201383829,0.0003093153063674
0.7494675549153763,0.0116063002496958,0.0001511055015726
0.7495675639178971,0.0119270598515868,-0.0003877549897879
0.7496675729204177,0.0104827200993896,-0.0003015869879164
0.7497675819229386,0.0094201350584626,-0.0002381225931458
0.7498675909254593,0.0096641825512052,-0.0007301180739887
0.7499675999279799,0.0100580397993326,-0.0008522520074621
0.7500676089305007,0.0087994877249002,-0.0007454113219865
0.7501676179330213,0.0079750400036573,-0.0006542818155140
0.7502676269355421,0.0067069940268993,-0.0001284087047679
0.7503676359380628,0.0059792050160468,-0.0000218271507038
0.7504676449405835,0.0065663871355355,-0.0001791261020117
0.7505676539431041,0.0065646921284497,0.0000187521600310
0.7506676629456249,0.0069814529269934,-0.0002020114043262
0.7507676719481455,0.0070282211527228,-0.0002753536973614
0.7508676809506664,0.0065053622238338,-0.0001809687964851
0.7509676899531870,0.0053725708276033,0.0002264926006319
0.7510676989557077,0.0055514988489449,-0.0001021311982186
0.7511677079582284,0.0062867328524590,-0.0000578094513912
0.7512677169607491,0.0059357010759413,-0.0001754112017807
0.7513677259632697,0.0063337702304125,-0.0001359977031825
0.7514677349657906,0.0065113818272948,-0.0002626941131894
0.7515677439683113,0.0072510419413447,-0.0007468315889128
0.7516677529708319,0.0067360540851951,-0.0005678241723217
0.7517677619733527,0.0067531848326325,-0.0003854962124024
0.7518677709758733,0.0064342180266976,-0.0005469201714732
0.7519677799783941,0.0059039108455181,-0.0001220872072736
0.7520677889809148,0.0064003160223365,0.0001186880981550
0.7521677979834355,0.0065111368894577,-0.0000839951171656
0.7522678069859562,0.0074380901642144,-0.0002137198025594
0.7523678159884769,0.0070350822061300,0.0000725888894522
0.7524678249909975,0.0078261587768793,0.0000540453002031
0.7525678339935183,0.0072509329766035,0.0002343035012018
0.7526678429960389,0.0082218563184142,-0.0000309988390654
0.7527678519985597,0.0080097559839487,-0.0002386616979493
0.7528678610010804,0.0076544550247490,-0.0003327747981530
0.7529678700036011,0.0079050697386265,-0.0004261074063834
0.7530678790061218,0.0078727267682552,-0.0002180644951295
0.7531678880086425,0.0078248847275972,-0.0002928540925495
0.7532678970111631,0.0080267917364836,-0.0003248119901400
0.7533679060136840,0.0089284954592586,-0.0004247582983226
0.7534679150162047,0.0084931431338191,0.0000367532302334
0.7535679240187253,0.0085691744461656,-0.0000270271302725
0.7536679330212461,0.0091944588348269,-0.0002133669040632
0.7537679420237667,0.0090945670381188,-0.0002547246112954
0.7538679510262875,0.0096923140808940,-0.0001523684040876
0.7539679600288082,0.0101996297016740,-0.0001995358034037
0.7540679690313289,0.0098586799576879,0.0000020590659915
0.7541679780338496,0.0097198886796832,-0.0000183044194273
0.7542679870363703,0.0091420477256179,0.0003676298947539
0.7543679960388909,0.0102467499673367,-0.0001078183995560
0.7544680050414118,0.0108174104243517,0.0000681373130647
0.7545680140439324,0.0108748404309154,-0.0003220652870368
0.7546680230464531,0.0115652196109295,-0.0004543515096884
0.7547680320489738,0.0110411997884512,-0.0003547423111740
0.7548680410514945,0.0107824997976422,-0.0002632710093167
0.7549680500540151,0.0103118801489472,-0.0002449174935464
0.7550680590565360,0.0106212198734283,-0.0005270034889691
0.7551680680590567,0.0109321800991893,-0.0002783265954349
0.7552680770615774,0.0109248096123338,-0.0001010780979414
0.7553680860640981,0.0111124897375703,0.0000717363363947
0.7554680950666187,0.0102569498121738,0.0000314966891892
0.7555681040691395,0.0108487801626325,0.0003600851050578
0.7556681130716602,0.0110726999118924,0.0000070984419835
0.7557681220741809,0.0110543295741081,-0.0001527754066046
0.7558681310767016,0.0114591699093580,-0.0002833706093952
0.7559681400792223,0.0115287303924561,-0.0001368213997921
0.7560681490817429,0.0126993199810386,-0.0005191292148083
0.7561681580842637,0.0121292797848582,-0.0004159520904068
0.7562681670867843,0.0123717095702887,-0.0002419195952825
0.7563681760893052,0.0125176496803761,-0.0003614184970502
0.7564681850918258,0.0136082200333476,-0.0003632532025222
0.7565681940943465,0.0131994802504778,-0.0006669812719338
0.7566682030968672,0.0129293100908399,-0.0005290016997606
0.7567682120993879,0.0131560601294041,-0.0004985166015103
0.7568682211019087,0.0125057296827435,-0.0004474373126868
0.7569682301044294,0.0134619502350688,-0.0003855306131300
0.7570682391069501,0.0129418401047587,0.0000029935379189
0.7571682481094707,0.0134178595617414,0.0002003042027354
0.7572682571119915,0.0129008600488305,-0.0000644458996248
0.7573682661145121,0.0133249498903751,0.0002161527954740
0.7574682751170329,0.0137498397380114,0.0002130203938577
0.7575682841195536,0.0141727495938540,-0.0000737640366424
0.7576682931220743,0.0136790499091148,-0.0001415095030097
0.7577683021245950,0.0134410001337528,0.0000093427415777
0.7578683111271157,0.0143614597618580,-0.0002879418025259
0.7579683201296363,0.0144194001331925,-0.0004008256946690
0.7580683291321572,0.0150673296302557,-0.0006421384750865
0.7581683381346778,0.0150299696251750,-0.0005996127147228
0.7582683471371985,0.0160155799239874,-0.0005867133731954
0.7583683561397192,0.0155750298872590,-0.0002725924132392
0.7584683651422399,0.0160000994801521,0.0000381670106435
0.7585683741447606,0.0154211502522230,0.0001203353021992
0.7586683831472814,0.0156354196369648,0.0001773130934453
0.7587683921498021,0.0148312896490097,0.0003818084951490
0.7588684011523228,0.0138998702168465,0.0001401758054271
0.7589684101548435,0.0149194803088903,0.0005754113080911
0.7590684191573641,0.0156967397779226,0.0002048067981377
0.7591684281598849,0.0162277799099684,0.0000897664504009
0.7592684371624056,0.0167622603476048,0.0000787329627201
0.7593684461649263,0.0178432203829288,0.0001713860983727
0.7594684551674470,0.0167344398796558,0.0001274370006286
0.7595684641699677,0.0165922697633505,-0.0002074434014503
0.7596684731724883,0.0164194200187922,-0.0001576604990987
0.7597684821750091,0.0166665501892567,-0.0003243754035793
0.7598684911775297,0.0182263106107712,-0.0006442961166613
0.7599685001800506,0.0172901302576065,-0.0005962604773231
0.7600685091825712,0.0179269202053547,-0.0005272427806631
0.7601685181850919,0.0178964808583260,-0.0004329014918767
0.7602685271876127,0.0171597395092249,-0.0001597789960215
0.7603685361901333,0.0179460197687149,-0.0000239868895733
0.7604685451926541,0.0175119098275900,0.0002594602992758
0.7605685541951748,0.0182477403432131,0.0001437231985619
0.7606685631976955,0.0176853109151125,0.0001705986942397
0.7607685722002161,0.0177661795169115,0.0000320456092595
0.7608685812027369,0.0167388301342726,0.0001919264032040
0.7609685902052575,0.0173454899340868,0.0001383810013067
0.7610685992077784,0.0171647705137730,0.0002872537006624
0.7611686082102990,0.0176487807184458,0.0002707671083044
0.7612686172128197,0.0174222309142351,0.0001887711987365
0.7613686262153404,0.0166125502437353,0.0003209924907424
0.7614686352178611,0.0174860209226608,0.0002409705048194
0.7615686442203817,0.0179197099059820,-0.0000214231695281
0.7616686532229026,0.0189262200146914,-0.0001248097978532
0.7617686622254232,0.0183940809220076,-0.0003349698090460
0.7618686712279439,0.0177578404545784,-0.0001457604957977
0.7619686802304646,0.0183948595076799,-0.0001551907043904
0.7620686892329853,0.0169949196279049,0.0001464820961701
0.7621686982355061,0.0179380606859922,0.0002133201051038
0.7622687072380268,0.0173921100795269,0.0003411310026422
0.7623687162405475,0.0183735601603985,0.0003554114082363
0.7624687252430682,0.0176474004983902,0.0003509228990879
0.7625687342455889,0.0170039106160402,0.0001977553038159
0.7626687432481095,0.0184946507215500,-0.0001677938998910
0.7627687522506303,0.0168608203530312,-0.0000520718313055
0.7628687612531510,0.0176259893923998,0.0001449142000638
0.7629687702556717,0.0175255201756954,-0.0001568455045344
0.7630687792581924,0.0170032903552055,-0.0001009073966998
0.7631687882607131,0.0180528797209263,-0.0003478373982944
0.7632687972632338,0.0181949492543936,-0.0004825179930776
0.7633688062657545,0.0182457808405161,-0.0003234464093111
0.7634688152682751,0.0174156092107296,-0.0003472958924249
0.7635688242707960,0.0176373403519392,-0.0002191279927501
0.7636688332733166,0.0170768201351166,-0.0001906654069899
0.7637688422758373,0.0174138303846121,-0.0000412656008848
0.7638688512783581,0.0165441893041134,0.0000813583174022
0.7639688602808787,0.0172905791550875,0.0000902508108993
0.7640688692833995,0.0163326207548380,0.0002841574896593
0.7641688782859202,0.0171161200851202,0.0004193864879198
0.7642688872884409,0.0165143702179193,0.0000272841098194
0.7643688962909616,0.0164097305387259,0.0004228492907714
0.7644689052934823,0.0176525898277760,0.0001062840019586
0.7645689142960029,0.0171068403869867,0.0002717383904383
0.7646689232985238,0.0179545097053051,0.0000253080906987
0.7647689323010444,0.0165582392364740,-0.0000706477367203
0.7648689413035651,0.0173817891627550,-0.0002210490929428
0.7649689503060858,0.0163600593805313,-0.0001245500025107
0.7650689593086065,0.0166168604046106,0.0000486153512611
0.7651689683111271,0.0172769892960787,0.0000513243394380
0.7652689773136480,0.0148414503782988,0.0003758379898500
0.7653689863161686,0.0170812997967005,0.0002441029937472
0.7654689953186894,0.0168747007846832,0.0002831215097103
0.7655690043212101,0.0174494292587042,0.0005072203930467
0.7656690133237307,0.0167838092893362,0.0001193520001834
0.7657690223262515,0.0167488791048527,0.0002243706985610
0.7658690313287722,0.0172175597399473,0.0000122051196740
0.7659690403312929,0.0174243003129959,0.0000187348596228
0.7660690493338136,0.0172529798001051,-0.0000855647376738
0.7661690583363343,0.0161259993910789,-0.0001268782943953
0.7662690673388549,0.0169344507157803,-0.0003302425029688
0.7663690763413757,0.0161446407437325,-0.0000103941902125
0.7664690853438964,0.0167543403804302,-0.0001131964017986
0.7665690943464171,0.0154661303386092,-0.0000067063219831
0.7666691033489378,0.0148291103541851,-0.0001497555058450
0.7667691123514585,0.0159457307308912,-0.0002083125000354
0.7668691213539792,0.0162245295941830,-0.0002865685091820
0.7669691303564999,0.0168237406760454,-0.0002796562039293
0.7670691393590205,0.0149446902796626,0.0001502671948401
0.7671691483615414,0.0160817708820105,0.0002859581145458
0.7672691573640621,0.0160098597407341,0.0001045874014380
0.7673691663665827,0.0175144504755735,0.0004375553980935
0.7674691753691035,0.0159215908497572,0.0004345873894636
0.7675691843716241,0.0153851201757789,0.0003524775966071
0.7676691933741449,0.0161946192383766,0.0002259877946926
0.7677692023766656,0.0163650792092085,-0.0000399018499593
0.7678692113791863,0.0160582493990660,-0.0001735944970278
0.7679692203817070,0.0159349292516708,-0.0002565883914940
0.7680692293842277,0.0162001792341471,-0.0001429102994734
0.7681692383867483,0.0163504201918840,-0.0003373183135409
0.7682692473892692,0.0150077203288674,-0.0001203470019391
0.7683692563917898,0.0156522095203400,-0.0002128035994247
0.7684692653943105,0.0152232497930527,0.0000139283001772
0.7685692743968312,0.0161512400954962,0.0001392325066263
0.7686692833993519,0.0151078300550580,0.0002115339011652
0.7687692924018725,0.0158755704760551,-0.0000056658032008
0.7688693014043934,0.0152564495801926,-0.0000286361191684
0.7689693104069140,0.0152062997221947,0.0000421247714257
0.7690693194094348,0.0145528800785542,0.0001600504037924
0.7691693284119555,0.0142459198832512,0.0000037728329971
0.7692693374144761,0.0115978298708797,0.0003092701954301
0.7693693464169969,0.0115140303969383,0.0003709507000167
0.7694693554195176,0.0109918201342225,0.0001473572046962
0.7695693644220383,0.0116160502657294,-0.0000883614920895
0.7696693734245590,0.0106770601123571,-0.0004475484893192
0.7697693824270797,0.0105941900983453,-0.0006924095214345
0.7698693914296003,0.0101666301488876,-0.0009959832532331
0.7699694004321211,0.0103022996336222,-0.0012884900206700
0.7700694094346417,0.0096244262531400,-0.0016060039633885
0.7701694184371626,0.0088824601843953,-0.0011915980139747
0.7702694274396832,0.0099897356703877,-0.0012684919638559
0.7703694364422039,0.0140673397108912,-0.0017888050060719
0.7704694454447246,0.0150958998128772,-0.0017806669929996
0.7705694544472453,0.0159433297812939,-0.0023517000954598
0.7706694634497659,0.0157980695366859,-0.0026010740548372
0.7707694724522868,0.0107640400528908,-0.0026489500887692
0.7708694814548075,0.0027641630731523,-0.0017436540219933
0.7709694904573281,-0.0025817679706961,-0.0030489710625261
0.7710694994598489,-0.0158902704715729,-0.0047524180263281
0.7711695084623695,0.0849971398711205,0.0849970430135727
0.7712695174648904,0.0849970877170563,0.0849969089031219
0.7713695264674110,0.0849970430135727,0.0849966630339622
0.7714695354699317,0.0849971771240234,0.0849579870700836
0.7715695444724524,0.0849971100687981,0.0849554091691971
0.7716695534749731,0.0849971920251846,0.0849497914314270
0.7717695624774937,0.0849972367286682,0.0849433466792107
0.7718695714800146,0.0849988535046577,0.0849433466792107
0.7719695804825352,0.0849989429116249,0.0849943310022354
0.7720695894850559,0.0849986001849174,0.0849943310022354
0.7721695984875766,0.0849984437227249,0.0849943310022354
0.7722696074900973,0.0849981233477592,0.0849946364760399
0.7723696164926180,0.0849977135658264,0.0849953666329384
0.7724696254951388,0.0849977508187294,0.0849955528974533
0.7725696344976595,0.0849975198507309,0.0849949866533279
0.7726696435001802,0.0849972963333130,0.0849951803684235
0.7727696525027009,0.0849972069263458,0.0849952921271324
0.7728696615052215,0.0849972218275070,0.0849956274032593
0.7729696705077423,0.0849971100687981,0.0849954932928085
0.7730696795102630,0.0849970430135727,0.0849956795573235
0.7731696885127837,0.0849970281124115,0.0849956721067429
0.7732696975153044,0.0849970579147339,0.0849957391619682
0.7733697065178251,0.0849970281124115,0.0849958732724190
0.7734697155203458,0.0849970728158951,0.0849958136677742
0.7735697245228665,0.0849970206618309,0.0849959403276443
0.7736697335253871,0.0849970132112503,0.0849958732724190
0.7737697425279080,0.0849970281124115,0.0849959924817085
0.7738697515304286,0.0849970802664757,0.0849959030747414
0.7739697605329493,0.0849970430135727,0.0849959328770638
0.7740697695354700,0.0849970728158951,0.0849959328770638
0.7741697785379907,0.0849970579147339,0.0849959626793861
0.7742697875405115,0.0849971175193787,0.0849959030747414
0.7743697965430322,0.0849971100687981,0.0849959477782249
0.7744698055455529,0.0849971771240234,0.0849959030747414
0.7745698145480736,0.0849972069263458,0.0849959030747414
0.7746698235505943,0.0849972069263458,0.0849958211183548
0.7747698325531149,0.0849972069263458,0.0849958807229996
0.7748698415556358,0.0849972069263458,0.0849958807229996
0.7749698505581564,0.0849972069263458,0.0849958434700966
0.7750698595606771,0.0849972367286682,0.0849957913160324
0.7751698685631978,0.0849971920251846,0.0849957913160324
0.7752698775657185,0.0849972963333130,0.0849958434700966
0.7753698865682391,0.0849972218275070,0.0849958136677742
0.7754698955707600,0.0849973186850548,0.0849957466125488
0.7755699045732806,0.0849972665309906,0.0849958434700966
0.7756699135758014,0.0849972888827324,0.0849957913160324
0.7757699225783220,0.0849973484873772,0.0849957168102264
0.7758699315808427,0.0849972888827324,0.0849958434700966
0.7759699405833635,0.0849972665309906,0.0849958434700966
0.7760699495858842,0.0849973335862160,0.0849957913160324
0.7761699585884049,0.0849972888827324,0.0849957764148712
0.7762699675909256,0.0849972963333130,0.0849957987666130
0.7763699765934463,0.0849973112344742,0.0849958211183548
0.7764699855959669,0.0849972292780876,0.0849957615137100
0.7765699945984877,0.0849973633885384,0.0849957466125488
0.7766700036010084,0.0849972963333130,0.0849958211183548
0.7767700126035291,0.0849973410367966,0.0849957764148712
0.7768700216060498,0.0849973410367966,0.0849957615137100
0.7769700306085705,0.0849973186850548,0.0849959030747414
0.7770700396110912,0.0849972665309906,0.0849958434700966
0.7771700486136119,0.0849972888827324,0.0849959179759026
0.7772700576161325,0.0849972814321518,0.0849958434700966
0.7773700666186534,0.0849973708391190,0.0849958285689354
0.7774700756211740,0.0849972516298294,0.0849960669875145
0.7775700846236947,0.0849973410367966,0.0849959477782249
0.7776700936262155,0.0849973112344742,0.0849960893392563
0.7777701026287361,0.0849972590804100,0.0849962010979652
0.7778701116312569,0.0849972963333130,0.0849961563944817
0.7779701206337776,0.0849973335862160,0.0849961116909981
0.7780701296362983,0.0849972367286682,0.0849962532520294
0.7781701386388190,0.0849972963333130,0.0849963128566742
0.7782701476413397,0.0849972665309906,0.0849963724613190
0.7783701566438603,0.0849972367286682,0.0849963873624802
0.7784701656463812,0.0849972665309906,0.0849964171648026
0.7785701746489018,0.0849972888827324,0.0849964395165443
0.7786701836514225,0.0849972069263458,0.0849964767694473
0.7787701926539432,0.0849972665309906,0.0849965065717697
0.7788702016564639,0.0849973186850548,0.0849964767694473
0.7789702106589845,0.0849972292780876,0.0849965214729309
0.7790702196615054,0.0849972888827324,0.0849966034293175
0.7791702286640260,0.0849972814321518,0.0849965810775757
0.7792702376665468,0.0849972367286682,0.0849966034293175
0.7793702466690674,0.0849972665309906,0.0849966332316399
0.7794702556715881,0.0849972665309906,0.0849967002868652
0.7795702646741089,0.0849972665309906,0.0849966779351234
0.7796702736766296,0.0849972665309906,0.0849967226386070
0.7797702826791503,0.0849972814321518,0.0849967300891876
0.7798702916816710,0.0849972516298294,0.0849967598915100
0.7799703006841917,0.0849972590804100,0.0849967673420906
0.7800703096867123,0.0849972367286682,0.0849967896938324
0.7801703186892331,0.0849972367286682,0.0849968120455742
0.7802703276917538,0.0849972516298294,0.0849967971444130
0.7803703366942746,0.0849972367286682,0.0849968269467354
0.7804703456967952,0.0849972367286682,0.0849968567490578
0.7805703546993159,0.0849972367286682,0.0849968492984772
0.7806703637018366,0.0849972367286682,0.0849968418478966
0.7807703727043573,0.0849972367286682,0.0849968716502190
0.7808703817068779,0.0849972367286682,0.0849968865513802
0.7809703907093988,0.0849972292780876,0.0849969163537025
0.7810703997119194,0.0849972367286682,0.0849968865513802
0.7811704087144401,0.0849972292780876,0.0849969163537025
0.7812704177169609,0.0849972292780876,0.0849969163537025
0.7813704267194815,0.0849972218275070,0.0849969312548637
0.7814704357220024,0.0849972069263458,0.0849969312548637
0.7815704447245230,0.0849972069263458,0.0849969536066055
0.7816704537270437,0.0849972069263458,0.0849969536066055
0.7817704627295644,0.0849972069263458,0.0849969536066055
0.7818704717320851,0.0849972069263458,0.0849969536066055
0.7819704807346057,0.0849972069263458,0.0849969685077667
0.7820704897371266,0.0849972069263458,0.0849969685077667
0.7821704987396472,0.0849972069263458,0.0849969834089279
0.7822705077421679,0.0849972069263458,0.0849969834089279
0.7823705167446886,0.0849972069263458,0.0849969834089279
0.7824705257472093,0.0849971994757652,0.0849969834089279
0.7825705347497300,0.0849972069263458,0.0849969908595085
0.7826705437522508,0.0849972069263458,0.0849969908595085
0.7827705527547714,0.0849971994757652,0.0849969983100891
0.7828705617572922,0.0849971920251846,0.0849969983100891
0.7829705707598129,0.0849971994757652,0.0849969983100891
0.7830705797623335,0.0849972069263458,0.0849970132112503
0.7831705887648543,0.0849971994757652,0.0849970132112503
0.7832705977673750,0.0849971994757652,0.0849970132112503
0.7833706067698957,0.0849971920251846,0.0849970132112503
0.7834706157724164,0.0849971920251846,0.0849970132112503
0.7835706247749371,0.0849971920251846,0.0849970132112503
0.7836706337774578,0.0849971994757652,0.0849970206618309
0.7837706427799785,0.0849971920251846,0.0849970132112503
0.7838706517824992,0.0849971994757652,0.0849970281124115
0.7839706607850200,0.0849971920251846,0.0849970206618309
0.7840706697875406,0.0849971920251846,0.0849970281124115
0.7841706787900613,0.0849971920251846,0.0849970281124115
0.7842706877925820,0.0849971994757652,0.0849970430135727
0.7843706967951027,0.0849971920251846,0.0849970430135727
0.7844707057976233,0.0849971920251846,0.0849970430135727
0.7845707148001442,0.0849971920251846,0.0849970430135727
0.7846707238026649,0.0849971920251846,0.0849970430135727
0.7847707328051856,0.0849971920251846,0.0849970504641533
0.7848707418077063,0.0849971920251846,0.0849970504641533
0.7849707508102269,0.0849971920251846,0.0849970504641533
0.7850707598127478,0.0849971920251846,0.0849970504641533
0.7851707688152684,0.0849971920251846,0.0849970504641533
0.7852707778177891,0.0849971920251846,0.0849970504641533
0.7853707868203098,0.0849971920251846,0.0849970579147339
0.7854707958228305,0.0849971920251846,0.0849970728158951
0.7855708048253511,0.0849971920251846,0.0849970728158951
0.7856708138278720,0.0849971771240234,0.0849970728158951
0.7857708228303926,0.0849971920251846,0.0849970728158951
0.7858708318329133,0.0849971771240234,0.0849970802664757
0.7859708408354340,0.0849971771240234,0.0849970877170563
0.7860708498379547,0.0849971771240234,0.0849971026182175
0.7861708588404754,0.0849971696734428,0.0849971026182175
0.7862708678429962,0.0849971473217010,0.0849970802664757
0.7863708768455168,0.0849971473217010,0.0849970579147339
0.7864708858480376,0.0849971622228622,0.0849971473217010
0.7865708948505583,0.0849972069263458,0.0849972069263458
0.7866709038530789,0.0849972963333130,0.0849973931908607
0.7867709128555997,0.0849973484873772,0.0849974229931831
0.7868709218581204,0.0849974006414413,0.0849974974989891
0.7869709308606411,0.0849974527955055,0.0849975571036339
0.7870709398631618,0.0849975198507309,0.0849977433681488
0.7871709488656825,0.0849975869059563,0.0849978625774384
0.7872709578682032,0.0849975794553757,0.0849980488419533
0.7873709668707239,0.0849976167082787,0.0849981382489204
0.7874709758732445,0.0849976167082787,0.0849983766674995
0.7875709848757654,0.0849976986646652,0.0849986374378204
0.7876709938782860,0.0849977731704712,0.0849986523389816
0.7877710028808067,0.0849976912140846,0.0849989429116249
0.7878710118833274,0.0849977433681488,0.0849990472197533
0.7879710208858481,0.0849979370832443,0.0849991664290428
0.7880710298883687,0.0849981009960175,0.0849992409348488
0.7881710388908896,0.0849982425570488,0.0849992930889130
0.7882710478934103,0.0849981978535652,0.0849994421005249
0.7883710568959310,0.0849980935454369,0.0849992930889130
0.7884710658984517,0.0849982574582100,0.0849994197487831
0.7885710749009723,0.0849981009960175,0.0849994271993637
0.7886710839034932,0.0849981531500816,0.0849994868040085
0.7887710929060138,0.0849982425570488,0.0849995687603951
0.7888711019085345,0.0849979966878891,0.0849971696734428
0.7889711109110552,0.0849979370832443,0.0849971398711205
0.7890711199135759,0.0849979594349861,0.0849972367286682
0.7891711289160965,0.0849979221820831,0.0849974825978279
0.7892711379186174,0.0849978774785995,0.0849975124001503
0.7893711469211380,0.0849978178739548,0.0849975273013115
0.7894711559236588,0.0849977210164070,0.0849975273013115
0.7895711649261794,0.0849976316094398,0.0849976018071175
0.7896711739287001,0.0849976688623428,0.0849974974989891
0.7897711829312208,0.0849977210164070,0.0849974974989891
0.7898711919337416,-0.0188646093010902,0.0201207809150219
0.7899712009362623,-0.0141441999003291,0.0171129107475281
0.7900712099387830,-0.0092575708404183,0.0147217595949769
0.7901712189413037,-0.0051214247941971,0.0132749602198601
0.7902712279438243,-0.0027594990096986,0.0121258301660419
0.7903712369463451,-0.0004168580926489,0.0117573197931051
0.7904712459488658,0.0008153187809512,0.0105872899293900
0.7905712549513866,0.0012715259799734,0.0101550798863173
0.7906712639539072,0.0015711759915575,0.0082163289189339
0.7907712729564279,0.0012640020577237,0.0075654238462448
0.7908712819589486,0.0016247370513156,0.0066519211977720
0.7909712909614693,0.0014590329956263,0.0061989282257855
0.7910712999639899,0.0018364749848843,0.0052867550402880
0.7911713089665108,0.0020847450941801,0.0051460731774569
0.7912713179690314,0.0028950159903616,0.0048330337740481
0.7913713269715521,0.0032946739811450,0.0043647619895637
0.7914713359740728,0.0036293109878898,0.0041985521093011
0.7915713449765935,0.0036245789378881,0.0037605110555887
0.7916713539791144,0.0046010687947273,0.0033064929302782
0.7917713629816350,0.0044957511126995,0.0029130741022527
0.7918713719841557,0.0058807670138776,0.0024156260769814
0.7919713809866764,0.0058990102261305,0.0022174539044499
0.7920713899891971,0.0075467890128493,0.0018086279742420
0.7921713989917177,0.0084364926442504,0.0014513209462166
0.7922714079942386,0.0098447641357780,0.0011783309746534
0.7923714169967592,0.0098691312596202,0.0011035059578717
0.7924714259992799,0.0097799282521009,0.0009196844766848
0.7925714350018006,0.0099999699741602,0.0006563623901457
0.7926714440043213,0.0105858603492379,0.0001235631061718
0.7927714530068420,0.0118567403405905,-0.0003390386118554
0.7928714620093628,0.0113632399588823,-0.0010237209498882
0.7929714710118834,0.0129581997171044,-0.0013818929437548
0.7930714800144042,0.0120142297819257,-0.0012984890490770
0.7931714890169248,0.0130033399909735,-0.0013339109718800
0.7932714980194455,0.0122811403125525,-0.0012274449691176
0.7933715070219663,0.0124653596431017,-0.0008183580939658
0.7934715160244870,0.0118790697306395,-0.0003634387976490
0.7935715250270077,0.0113642299547791,-0.0003935848944820
0.7936715340295284,0.0119156604632735,-0.0005109236226417
0.7937715430320491,0.0117776496335864,-0.0006094375858083
0.7938715520345698,0.0122713996097445,-0.0007284306921065
0.7939715610370905,0.0120349302887917,-0.0005748610710725
0.7940715700396112,0.0131022203713655,-0.0006172573193908
0.7941715790421320,0.0119881201535463,-0.0004244903102517
0.7942715880446526,0.0131341498345137,-0.0003465093905106
0.7943715970471733,0.0118697900325060,0.0001492550072726
0.7944716060496940,0.0120131801813841,0.0003299959935248
0.7945716150522147,0.0115068200975657,0.0003069106023759
0.7946716240547353,0.0113840298727155,0.0001311059022555
0.7947716330572562,0.0118648800998926,-0.0002618498983793
0.7948716420597768,0.0113681200891733,-0.0003887701896019
0.7949716510622975,0.0124017801135778,-0.0005050781765021
0.7950716600648182,0.0138646904379129,-0.0007751784869470
0.7951716690673389,0.0125982202589512,-0.0003653641906567
0.7952716780698598,0.0129982596263289,-0.0000894427212188
0.7953716870723804,0.0126841198652983,0.0002660845930222
0.7954716960749011,0.0121363000944257,0.0004278981941752
0.7955717050774218,0.0117719303816557,0.0007895642193034
0.7956717140799425,0.0126142399385571,0.0008155144751072
0.7957717230824631,0.0134740099310875,-0.0000378632794309
0.7958717320849840,0.0127820195630193,-0.0002409677981632
0.7959717410875046,0.0130834300071001,-0.0005563967279159
0.7960717500900253,0.0127066699787974,-0.0005722480127588
0.7961717590925460,0.0126446997746825,-0.0003733770863619
0.7962717680950667,0.0132413096725941,-0.0002297868049936
0.7963717770975874,0.0128501197323203,-0.0002987979096361
0.7964717861001082,0.0124835502356291,-0.0001074364990927
0.7965717951026288,0.0134778302162886,-0.0006987323286012
0.7966718041051496,0.0132117504253983,-0.0006317169172689
0.7967718131076702,0.0126282498240471,0.0001856338931248
0.7968718221101909,0.0124253602698445,-0.0006492097163573
0.7969718311127117,0.0133833903819323,-0.0003800792037509
0.7970718401152324,0.0132734598591924,-0.0004621272964869
0.7971718491177531,0.0141381500288844,-0.0003556734009180
0.7972718581202738,0.0148368701338768,-0.0003605133097153
0.7973718671227945,0.0140039203688502,0.0002725672966335
0.7974718761253152,0.0147807700559497,0.0004430410917848
0.7975718851278359,0.0135188102722168,0.0004832358972635
0.7976718941303566,0.0141339199617505,0.0001663891016506
0.7977719031328774,0.0134092196822166,0.0002919296093751
0.7978719121353980,0.0133714098483324,0.0000820214627311
0.7979719211379187,0.0144900595769286,-0.0000912538089324
0.7980719301404394,0.0139023996889591,-0.0004288154887035
0.7981719391429601,0.0134667800739408,-0.0002812515886035
0.7982719481454807,0.0129241002723575,-0.0000602797917963
0.7983719571480016,0.0134659800678492,0.0000705116035533
0.7984719661505222,0.0132475001737475,0.0000823151203804
0.7985719751530430,0.0134003600105643,0.0005446089198813
0.7986719841555637,0.0141129503026605,0.0002817770873662
0.7987719931580843,0.0131190596148372,-0.0000093782182375
0.7988720021606052,0.0146735599264503,0.0000942237020354
0.7989720111631258,0.0129206497222185,0.0003956035943702
0.7990720201656465,0.0132733201608062,-0.0000111896497401
0.7991720291681672,0.0141717996448278,-0.0002248857053928
0.7992720381706879,0.0143454596400261,-0.0003747988084797
0.7993720471732085,0.0149010699242353,-0.0000708173611201
0.7994720561757294,0.0148580903187394,-0.0000809916091384
0.7995720651782500,0.0146204102784395,-0.0000961198529694
0.7996720741807708,0.0148163903504610,-0.0002741185890045
0.7997720831832914,0.0148051902651787,-0.0004358568112366
0.7998720921858121,0.0146516496315598,-0.0005938431713730
0.7999721011883328,0.0143148098140955,-0.0007827741792426
0.8000721101908536,0.0153751801699400,-0.0007531350129284
0.8001721191933742,0.0137967402115464,-0.0005272044800222
0.8002721281958950,0.0142594296485186,-0.0004035659076180
0.8003721371984157,0.0156493708491325,-0.0003184138913639
0.8004721462009363,0.0159274097532034,0.0000820189088699
0.8005721552034571,0.0154224596917629,0.0001428713003406
0.8006721642059778,0.0144726196303964,0.0002672456903383
0.8007721732084986,0.0146900303661823,0.0002259505999973
0.8008721822110192,0.0143307801336050,0.0002130109060090
0.8009721912135399,0.0146453101187944,0.0003115379950032
0.8010722002160606,0.0147094903513789,0.0000306906003971
0.8011722092185813,0.0154622504487634,-0.0001353871048195
0.8012722182211020,0.0154590699821711,-0.0000845482863951
0.8013722272236228,0.0139921400696039,0.0000633355011814
0.8014722362261434,0.0156158199533820,0.0001036086032400
0.8015722452286641,0.0154393399134278,0.0001877147005871
0.8016722542311848,0.0161686800420284,-0.0000115550601549
0.8017722632337055,0.0156287495046854,0.0001480601058574
0.8018722722362263,0.0148593401536345,-0.0001253007940250
0.8019722812387470,0.0156589504331350,-0.0000662941165501
0.8020722902412676,0.0141350198537111,0.0000623006781098
0.8021722992437884,0.0153734097257257,0.0002516689128242
0.8022723082463091,0.0139038003981113,0.0005581863806583
0.8023723172488297,0.0140375802293420,0.0004690402129199
0.8024723262513506,0.0145559599623084,0.0003694058104884
0.8025723352538712,0.0148596698418260,0.0003044196928386
0.8026723442563919,0.0156309902667999,0.0002395079063717
0.8027723532589126,0.0152465300634503,0.0004903100780211
0.8028723622614333,0.0165616404265165,-0.0003679046931211
0.8029723712639540,0.0148492800071836,-0.0003298932861071
0.8030723802664748,0.0148130096495152,-0.0004979980876669
0.8031723892689954,0.0142388204112649,-0.0005854471237399
0.8032723982715162,0.0146514000371099,-0.0007687684847042
0.8033724072740368,0.0144956596195698,-0.0003916540881619
0.8034724162765575,0.0147795798256993,-0.0001626843004487
0.8035724252790782,0.0150739196687937,-0.0001099543005694
0.8036724342815990,0.0156098902225494,-0.0000670168810757
0.8037724432841196,0.0166312493383884,-0.0001501469960203
0.8038724522866404,0.0160530395805836,-0.0002175533008995
0.8039724612891611,0.0160871203988791,-0.0002799454960041
0.8040724702916818,0.0162057802081108,-0.0000338573008776
0.8041724792942025,0.0162628293037415,-0.0001261151046492
0.8042724882967232,0.0155482897534966,0.0000516843792866
0.8043724972992440,0.0156370401382446,0.0002456409856677
0.8044725063017646,0.0150187201797962,0.0002506836026441
0.8045725153042853,0.0158836897462606,0.0001632009953028
0.8046725243068060,0.0161140505224466,0.0002470818872098
0.8047725333093267,0.0161082502454519,0.0002519743866287
0.8048725423118473,0.0163080506026745,-0.0003054130065721
0.8049725513143682,0.0157133992761374,-0.0002001912071137
0.8050725603168888,0.0153305204585195,-0.0001229045010405
0.8051725693194095,0.0151259396225214,-0.0003830383066088
0.8052725783219302,0.0158847607672215,-0.0002777616900858
0.8053725873244509,0.0144846504554152,0.0003030065854546
0.8054725963269717,0.0154058802872896,0.0006512879044749
0.8055726053294924,0.0144792199134827,0.0009195019956678
0.8056726143320131,0.0140858301892877,0.0007172009791248
0.8057726233345338,0.0160053204745054,0.0001254628004972
0.8058726323370545,0.0148538900539279,0.0002314956946066
0.8059726413395751,0.0147771798074245,0.0002583976893220
0.8060726503420960,0.0148487202823162,-0.0004805421922356
0.8061726593446166,0.0162515006959438,-0.0005610195221379
0.8062726683471373,0.0157753601670265,-0.0006015665130690
0.8063726773496580,0.0145614696666598,-0.0001163100023405
0.8064726863521787,0.0152248702943325,-0.0001507684064563
0.8065726953546994,0.0155870802700520,-0.0004682072903961
0.8066727043572202,0.0171096995472908,-0.0004748493083753
0.8067727133597408,0.0166934393346310,-0.0004211287014186
0.8068727223622616,0.0163468699902296,-0.0004172947083134
0.8069727313647822,0.0159770604223013,-0.0004425673105288
0.8070727403673029,0.0155527498573065,-0.0001362580951536
0.8071727493698236,0.0160134807229042,-0.0004957098863088
0.8072727583723444,0.0152972498908639,-0.0002220472961199
0.8073727673748651,0.0158442500978708,0.0001269938948099
0.8074727763773858,0.0161610990762711,0.0000778532630648
0.8075727853799065,0.0169988702982664,0.0003242612001486
0.8076727943824272,0.0160888005048037,0.0006793853244744
0.8077728033849479,0.0157826095819473,0.0005061206757091
0.8078728123874686,0.0159381404519081,0.0002165040059481
0.8079728213899894,0.0144727798178792,0.0002496074885130
0.8080728303925100,0.0159603301435709,-0.0003078650915995
0.8081728393950307,0.0159111004322767,-0.0001620982948225
0.8082728483975514,0.0165591202676296,0.0000702277175151
0.8083728574000721,0.0159724391996861,-0.0000780663613114
0.8084728664025927,0.0161070600152016,0.0000534202117706
0.8085728754051136,0.0165160708129406,0.0001151735996245
0.8086728844076342,0.0160706900060177,0.0004391550028231
0.8087728934101550,0.0169579498469830,0.0002740591880865
0.8088729024126756,0.0159396007657051,0.0003432517987676
0.8089729114151963,0.0164576694369316,0.0003414058883209
0.8090729204177172,0.0156311690807343,0.0000780444315751
0.8091729294202378,0.0164684597402811,-0.0001583600969752
0.8092729384227585,0.0158874206244946,0.0000842998269945
0.8093729474252792,0.0150325903669000,0.0004382473998703
0.8094729564277999,0.0153350001201034,0.0002706189115997
0.8095729654303205,0.0154189998283982,0.0001079650028259
0.8096729744328414,0.0152616603299975,0.0002427168947179
0.8097729834353620,0.0151762198656797,-0.0000762205672800
0.8098729924378828,0.0149594796821475,-0.0003388597106095
0.8099730014404034,0.0163463708013296,-0.0005847996799275
0.8100730104429241,0.0162773001939058,-0.0007949277060106
0.8101730194454448,0.0169690195471048,-0.0007710385834798
0.8102730284479656,0.0155828902497888,-0.0006505722994916
0.8103730374504862,0.0152834104374051,-0.0001418177998858
0.8104730464530070,0.0144930696114898,0.0001242075959453
0.8105730554555276,0.0142318103462458,0.0004156285140198
0.8106730644580483,0.0150938602164388,0.0004086440021638
0.8107730734605691,0.0151350097730756,0.0001742797030602
0.8108730824630898,0.0153079200536013,0.0002153032983188
0.8109730914656106,0.0152325797826052,0.0000895174380275
0.8110731004681312,0.0149413803592324,-0.0000470858212793
0.8111731094706519,0.0157830808311701,-0.0003566659870557
0.8112731184731726,0.0150869395583868,-0.0001844266953412
0.8113731274756933,0.0150450496003032,-0.0002075889933622
0.8114731364782140,0.0147466296330094,0.0002655739081092
0.8115731454807348,0.0158335492014885,-0.0001244320010301
0.8116731544832554,0.0148057499900460,0.0002465397119522
0.8117731634857761,0.0143059603869915,0.0002152771048713
0.8118731724882968,0.0141555098816752,0.0002826961863320
0.8119731814908175,0.0141389602795243,0.0002494379878044
0.8120731904933383,0.0150509597733617,0.0000560432417842
0.8121731994958590,0.0143655501306057,-0.0000046640830078
0.8122732084983796,0.0154600199311972,0.0000875067926245
0.8123732175009004,0.0148054203018546,0.0001844571961556
0.8124732265034210,0.0140409599989653,0.0005736785824411
0.8125732355059417,0.0148454196751118,0.0003079184098169
0.8126732445084626,0.0152468504384160,0.0003793425858021
0.8127732535109832,0.0159245301038027,0.0001332537940471
0.8128732625135039,0.0152493603527546,-0.0000060783968365
0.8129732715160246,0.0153616601601243,-0.0000577448699914
0.8130732805185453,0.0148007199168205,-0.0002579512947705
0.8131732895210660,0.0152861401438713,-0.0006622953223996
0.8132732985235868,0.0151420198380947,-0.0005931637715548
0.8133733075261074,0.0137651702389121,-0.0003386822936591
0.8134733165286282,0.0145434401929379,-0.0001008257022477
0.8135733255311488,0.0138610098510981,0.0002017021033680
0.8136733345336695,0.0137966703623533,0.0004115187912248
0.8137733435361902,0.0141988601535559,0.0004502240917645
0.8138733525387110,0.0148744098842144,0.0002007541042985
0.8139733615412316,0.0149445496499538,0.0000986985469353
0.8140733705437524,0.0146482596173882,0.0001562520046718
0.8141733795462730,0.0128082400187850,0.0004522174131125
0.8142733885487937,0.0123355202376842,0.0002757089969236
0.8143733975513145,0.0117121404036880,0.0000457200585515
0.8144734065538352,0.0119592696428299,0.0001278790005017
0.8145734155563560,0.0116064697504044,-0.0001868812978501
0.8146734245588766,0.0118828499689698,-0.0001966995041585
0.8147734335613973,0.0107839098200202,-0.0004220551927574
0.8148734425639180,0.0114114303141832,-0.0005479478277266
0.8149734515664387,0.0103919096291065,-0.0007315091788769
0.8150734605689594,0.0096935816109180,-0.0009136581211351
0.8151734695714802,0.0092813242226839,-0.0004309201904107
0.8152734785740008,0.0124873798340559,-0.0008402672829106
0.8153734875765215,0.0150750596076250,-0.0011124629527330
0.8154734965790422,0.0153533099219203,-0.0014402669621632
0.8155735055815629,0.0141568602994084,-0.0010254039661959
0.8156735145840837,0.0091672567650676,-0.0002223077026429
0.8157735235866044,0.0019746450707316,0.0013728470075876
0.8158735325891250,-0.0034444879274815,0.0022305459715426
0.8159735415916458,0.0849969387054443,0.0849704369902611
0.8160735505941665,0.0849971398711205,0.0849969610571861
0.8161735595966871,0.0849971175193787,0.0849969014525414
0.8162735685992080,0.0849970281124115,0.0849670320749283
0.8163735776017286,0.0849972218275070,0.0849587470293045
0.8164735866042493,0.0849970728158951,0.0849548503756523
0.8165735956067700,0.0849971324205399,0.0849506929516792
0.8166736046092907,0.0849971175193787,0.0849433466792107
0.8167736136118114,0.0849984735250473,0.0849433466792107
0.8168736226143322,0.0849991515278816,0.0849433466792107
0.8169736316168528,0.0849983766674995,0.0849943310022354
0.8170736406193736,0.0849981829524040,0.0849943310022354
0.8171736496218942,0.0849980413913727,0.0849943310022354
0.8172736586244149,0.0849974825978279,0.0849943310022354
0.8173736676269356,0.0849971324205399,0.0849945321679115
0.8174736766294564,0.0849969834089279,0.0849946811795235
0.8175736856319770,0.0849968865513802,0.0849948227405548
0.8176736946344978,0.0849969312548637,0.0849952474236488
0.8177737036370185,0.0849969387054443,0.0849954634904861
0.8178737126395392,0.0849969536066055,0.0849955305457115
0.8179737216420599,0.0849968567490578,0.0849956721067429
0.8180737306445806,0.0849968492984772,0.0849957913160324
0.8181737396471014,0.0849969685077667,0.0849958807229996
0.8182737486496220,0.0849969834089279,0.0849961936473846
0.8183737576521427,0.0849970579147339,0.0849965065717697
0.8184737666546634,0.0849970281124115,0.0849962085485458
0.8185737756571841,0.0849970281124115,0.0849960222840309
0.8186737846597048,0.0849970579147339,0.0849965512752533
0.8187737936622256,0.0849971026182175,0.0849967524409294
0.8188738026647462,0.0849970728158951,0.0849963426589966
0.8189738116672670,0.0849971622228622,0.0849960669875145
0.8190738206697876,0.0849970728158951,0.0849966332316399
0.8191738296723083,0.0849971473217010,0.0849967300891876
0.8192738386748291,0.0849972218275070,0.0849962979555130
0.8193738476773498,0.0849971175193787,0.0849963575601578
0.8194738566798704,0.0849972069263458,0.0849966928362846
0.8195738656823912,0.0849972367286682,0.0849967300891876
0.8196738746849119,0.0849972069263458,0.0849967375397682
0.8197738836874325,0.0849972069263458,0.0849967226386070
0.8198738926899534,0.0849972516298294,0.0849967524409294
0.8199739016924740,0.0849972218275070,0.0849967226386070
0.8200739106949948,0.0849972963333130,0.0849967002868652
0.8201739196975154,0.0849972218275070,0.0849967002868652
0.8202739287000361,0.0849972590804100,0.0849967375397682
0.8203739377025568,0.0849973335862160,0.0849967300891876
0.8204739467050776,0.0849972590804100,0.0849967002868652
0.8205739557075982,0.0849973112344742,0.0849967002868652
0.8206739647101190,0.0849972367286682,0.0849966928362846
0.8207739737126396,0.0849972516298294,0.0849967300891876
0.8208739827151603,0.0849973335862160,0.0849966630339622
0.8209739917176810,0.0849972963333130,0.0849967375397682
0.8210740007202018,0.0849972963333130,0.0849967375397682
0.8211740097227225,0.0849973335862160,0.0849967226386070
0.8212740187252432,0.0849971994757652,0.0849967673420906
0.8213740277277639,0.0849972516298294,0.0849967524409294
0.8214740367302846,0.0849972665309906,0.0849967226386070
0.8215740457328053,0.0849972665309906,0.0849967002868652
0.8216740547353260,0.0849973335862160,0.0849967300891876
0.8217740637378468,0.0849972218275070,0.0849967896938324
0.8218740727403674,0.0849972963333130,0.0849962234497070
0.8219740817428881,0.0849972963333130,0.0849959924817085
0.8220740907454088,0.0849971622228622,0.0849962309002876
0.8221740997479295,0.0849973335862160,0.0849965885281563
0.8222741087504503,0.0849972367286682,0.0849964469671249
0.8223741177529710,0.0849972888827324,0.0849961936473846
0.8224741267554916,0.0849972590804100,0.0849966034293175
0.8225741357580124,0.0849972367286682,0.0849967822432518
0.8226741447605330,0.0849972665309906,0.0849966034293175
0.8227741537630537,0.0849972590804100,0.0849963799118996
0.8228741627655745,0.0849972814321518,0.0849964171648026
0.8229741717680952,0.0849972218275070,0.0849964469671249
0.8230741807706159,0.0849972516298294,0.0849964171648026
0.8231741897731366,0.0849972292780876,0.0849964469671249
0.8232741987756573,0.0849972367286682,0.0849966928362846
0.8233742077781779,0.0849972367286682,0.0849965587258339
0.8234742167806988,0.0849971994757652,0.0849965512752533
0.8235742257832194,0.0849972367286682,0.0849965736269951
0.8236742347857402,0.0849972367286682,0.0849965214729309
0.8237742437882608,0.0849972367286682,0.0849966108798981
0.8238742527907815,0.0849972516298294,0.0849966630339622
0.8239742617933022,0.0849972367286682,0.0849966332316399
0.8240742707958230,0.0849972665309906,0.0849966481328011
0.8241742797983436,0.0849972516298294,0.0849966928362846
0.8242742888008644,0.0849972367286682,0.0849967226386070
0.8243742978033850,0.0849972367286682,0.0849967375397682
0.8244743068059057,0.0849972367286682,0.0849967375397682
0.8245743158084264,0.0849972367286682,0.0849969387054443
0.8246743248109472,0.0849972367286682,0.0849967598915100
0.8247743338134680,0.0849972292780876,0.0849967822432518
0.8248743428159886,0.0849972367286682,0.0849967896938324
0.8249743518185093,0.0849972367286682,0.0849967971444130
0.8250743608210300,0.0849972292780876,0.0849680602550507
0.8251743698235507,0.0849972367286682,0.0849683210253716
0.8252743788260714,0.0849972292780876,0.0849967971444130
0.8253743878285922,0.0849972218275070,0.0849968492984772
0.8254743968311128,0.0849972367286682,0.0849968567490578
0.8255744058336335,0.0849972292780876,0.0849968567490578
0.8256744148361542,0.0849972218275070,0.0849968865513802
0.8257744238386749,0.0849972218275070,0.0849969014525414
0.8258744328411957,0.0849972292780876,0.0849969014525414
0.8259744418437164,0.0849972218275070,0.0849969089031219
0.8260744508462370,0.0849972218275070,0.0849969089031219
0.8261744598487578,0.0849972069263458,0.0849969163537025
0.8262744688512784,0.0849972069263458,0.0849969163537025
0.8263744778537991,0.0849972218275070,0.0849969089031219
0.8264744868563200,0.0849972069263458,0.0849969163537025
0.8265744958588406,0.0849972069263458,0.0849969387054443
0.8266745048613613,0.0849971994757652,0.0849969312548637
0.8267745138638820,0.0849972069263458,0.0849969387054443
0.8268745228664027,0.0849972069263458,0.0849969536066055
0.8269745318689234,0.0849972069263458,0.0849969536066055
0.8270745408714442,0.0849972069263458,0.0849969536066055
0.8271745498739648,0.0849972069263458,0.0849969536066055
0.8272745588764856,0.0849972069263458,0.0849969536066055
0.8273745678790062,0.0849971994757652,0.0849969610571861
0.8274745768815269,0.0849971994757652,0.0849969610571861
0.8275745858840476,0.0849972069263458,0.0849969685077667
0.8276745948865684,0.0849971994757652,0.0849969834089279
0.8277746038890890,0.0849971994757652,0.0849969685077667
0.8278746128916098,0.0849972069263458,0.0849969834089279
0.8279746218941304,0.0849972069263458,0.0849969834089279
0.8280746308966512,0.0849972069263458,0.0849969834089279
0.8281746398991718,0.0849971994757652,0.0849969908595085
0.8282746489016926,0.0849972069263458,0.0849969834089279
0.8283746579042134,0.0849971994757652,0.0849969908595085
0.8284746669067340,0.0849971994757652,0.0849969983100891
0.8285746759092547,0.0849971994757652,0.0849970132112503
0.8286746849117754,0.0849971994757652,0.0849969983100891
0.8287746939142961,0.0849971920251846,0.0849970132112503
0.8288747029168168,0.0849971994757652,0.0849700570106506
0.8289747119193376,0.0849972069263458,0.0849969983100891
0.8290747209218582,0.0849971994757652,0.0849970132112503
0.8291747299243790,0.0849972069263458,0.0849970132112503
0.8292747389268996,0.0849971994757652,0.0849970132112503
0.8293747479294203,0.0849971994757652,0.0849970132112503
0.8294747569319411,0.0849972069263458,0.0849970132112503
0.8295747659344618,0.0849971994757652,0.0849702283740044
0.8296747749369824,0.0849971994757652,0.0849970206618309
0.8297747839395032,0.0849971994757652,0.0849702507257462
0.8298747929420238,0.0849971994757652,0.0849970281124115
0.8299748019445445,0.0849971920251846,0.0849703028798103
0.8300748109470654,0.0849971920251846,0.0849970281124115
0.8301748199495860,0.0849971994757652,0.0849970430135727
0.8302748289521068,0.0849971994757652,0.0849970430135727
0.8303748379546274,0.0849971920251846,0.0849970430135727
0.8304748469571481,0.0849971994757652,0.0849970430135727
0.8305748559596688,0.0849971994757652,0.0849970430135727
0.8306748649621896,0.0849971994757652,0.0849970430135727
0.8307748739647102,0.0849971920251846,0.0849704667925835
0.8308748829672310,0.0849971920251846,0.0849970430135727
0.8309748919697516,0.0849971994757652,0.0849704667925835
0.8310749009722723,0.0849971994757652,0.0849970504641533
0.8311749099747930,0.0849971920251846,0.0849705263972282
0.8312749189773138,0.0849971920251846,0.0849704965949059
0.8313749279798345,0.0849971920251846,0.0849704667925835
0.8314749369823552,0.0849971920251846,0.0849705636501312
0.8315749459848758,0.0849971994757652,0.0849706232547760
0.8316749549873966,0.0849971920251846,0.0849970728158951
0.8317749639899173,0.0849971920251846,0.0849706232547760
0.8318749729924380,0.0849971994757652,0.0849706828594208
0.8319749819949588,0.0849971920251846,0.0849711224436760
0.8320749909974794,0.0849971771240234,0.0849712267518044
0.8321750000000001,0.0849971696734428,0.0849707499146461
0.8322750090025208,0.0849971771240234,0.0849709734320641
0.8323750180050415,0.0849971696734428,0.0849707126617432
0.8324750270075622,0.0849971696734428,0.0849704965949059
0.8325750360100830,0.0849971771240234,0.0849712714552879
0.8326750450126036,0.0849972292780876,0.0849733799695969
0.8327750540151244,0.0849973186850548,0.0849974527955055
0.8328750630176450,0.0849973931908607,0.0849975124001503
0.8329750720201657,0.0849974527955055,0.0849975869059563
0.8330750810226865,0.0849974974989891,0.0849976465106010
0.8331750900252072,0.0849975571036339,0.0849978029727936
0.8332750990277278,0.0849976167082787,0.0849979072809219
0.8333751080302486,0.0849976614117622,0.0849980935454369
0.8334751170327693,0.0849976688623428,0.0849981531500816
0.8335751260352899,0.0849977210164070,0.0849985033273697
0.8336751350378108,0.0849977433681488,0.0849986225366592
0.8337751440403314,0.0849978104233742,0.0849987566471100
0.8338751530428522,0.0849977582693100,0.0849992036819458
0.8339751620453728,0.0849979221820831,0.0849992632865906
0.8340751710478935,0.0849980562925339,0.0849993005394936
0.8341751800504142,0.0849982500076294,0.0849993973970413
0.8342751890529350,0.0849983915686607,0.0849992930889130
0.8343751980554556,0.0849983021616936,0.0849995687603951
0.8344752070579764,0.0849983468651772,0.0849997028708458
0.8345752160604970,0.0849984437227249,0.0849996134638786
0.8346752250630177,0.0849983468651772,0.0849996134638786
0.8347752340655384,0.0849985033273697,0.0849996432662010
0.8348752430680592,0.0849986374378204,0.0849998071789742
0.8349752520705799,0.0849985480308533,0.0849998816847801
0.8350752610731006,0.0849986374378204,0.0849998816847801
0.8351752700756212,0.0849984288215637,0.0849998593330383
0.8352752790781420,0.0849985480308533,0.0849998667836189
0.8353752880806627,0.0849982127547264,0.0849970728158951
0.8354752970831834,0.0849981531500816,0.0849972367286682
0.8355753060857042,0.0849980115890503,0.0849978774785995
0.8356753150882248,0.0849978104233742,0.0849976763129234
0.8357753240907455,-0.0174859706312418,0.0352594703435898
0.8358753330932662,-0.0059669781476259,0.0277450904250145
0.8359753420957869,0.0053677097894251,0.0198616702109575
0.8360753510983077,0.0139885302633047,0.0129723101854324
0.8361753601008284,0.0198421794921160,0.0087948497384787
0.8362753691033490,0.0225358903408051,0.0062366509810090
0.8363753781058698,0.0239309091120958,0.0049420618452132
0.8364753871083904,0.0237702596932650,0.0040766950696707
0.8365753961109111,0.0230395495891571,0.0030897529795766
0.8366754051134319,0.0217754896730185,0.0025406070053577
0.8367754141159526,0.0209429804235697,0.0025522510986775
0.8368754231184732,0.0200227592140436,0.0020748609676957
0.8369754321209940,0.0199258793145418,0.0015916719567031
0.8370754411235147,0.0198072995990515,0.0014289759565145
0.8371754501260354,0.0200987905263901,0.0011789839481935
0.8372754591285562,0.0206087604165077,0.0005573537200689
0.8373754681310768,0.0207358393818140,0.0005815287004225
0.8374754771335976,0.0192877091467381,0.0006195647874847
0.8375754861361182,0.0200344994664192,0.0005719924229197
0.8376754951386389,0.0224058907479048,0.0001128419971792
0.8377755041411596,0.0223343390971422,-0.0002288746036356
0.8378755131436804,0.0247143991291523,-0.0007936477777548
0.8379755221462010,0.0243458598852158,-0.0009381509735249
0.8380755311487218,0.0257697906345129,-0.0012972380500287
0.8381755401512424,0.0249164104461670,-0.0013865910004824
0.8382755491537632,0.0264274403452873,-0.0012911299709231
0.8383755581562838,0.0258637592196465,-0.0010599129600450
0.8384755671588046,0.0276642106473446,-0.0009110915125348
0.8385755761613253,0.0272334292531013,-0.0005808569258079
0.8386755851638460,0.0295054204761982,-0.0005719768814743
0.8387755941663667,0.0287472698837519,-0.0001748166978359
0.8388756031688874,0.0278584305197001,-0.0000363321996701
0.8389756121714081,0.0289637297391891,-0.0001469315029681
0.8390756211739288,0.0273147393018007,0.0002398186043138
0.8391756301764496,0.0285900495946407,-0.0000314156895911
0.8392756391789702,0.0262959804385900,0.0004160033131484
0.8393756481814910,0.0268421098589897,0.0003938658046536
0.8394756571840116,0.0251063294708729,0.0006278774235398
0.8395756661865323,0.0236988794058561,0.0010830389801413
0.8396756751890531,0.0135571397840977,0.0021516280248761
0.8397756841915738,0.0123372897505760,0.0021097690332681
0.8398756931940944,0.0124957403168082,0.0016603430267423
0.8399757021966152,0.0109826996922493,0.0016797430580482
0.8400757111991358,0.0106141502037644,0.0014621380250901
0.8401757202016565,0.0101193897426128,0.0009690630831756
0.8402757292041773,0.0105024501681328,0.0010785029735416
0.8403757382066980,0.0110114598646760,0.0009903358295560
0.8404757472092188,0.0108064301311970,0.0006168237887323
0.8405757562117394,0.0103553095832467,0.0007969653233886
0.8406757652142601,0.0082807773724198,0.0007484253728762
0.8407757742167808,0.0072234990075231,0.0007131206803024
0.8408757832193016,0.0079445596784353,0.0002124024031218
0.8409757922218222,0.0088215479627252,-0.0002513442886993
0.8410758012243430,0.0083985738456249,-0.0001421583001502
0.8411758102268636,0.0080921472981572,-0.0004050141142216
0.8412758192293843,0.0071250600740314,-0.0005624709883705
0.8413758282319050,0.0067837540991604,-0.0004020734049845
0.8414758372344258,0.0068563059903681,-0.0005565519095398
0.8415758462369465,0.0061679589562118,-0.0004475273890421
0.8416758552394672,0.0058858878910542,-0.0005197679274715
0.8417758642419878,0.0058925868943334,-0.0004725441103801
0.8418758732445086,0.0052922400645912,-0.0002399270015303
0.8419758822470292,0.0053486349061131,-0.0001678102998994
0.8420758912495500,0.0051440349780023,-0.0002058134996332
0.8421759002520708,0.0047111730091274,-0.0003357483074069
0.8422759092545914,0.0054643647745252,-0.0002532300131861
0.8423759182571121,0.0065339421853423,-0.0004344207118265
0.8424759272596328,0.0064912368543446,-0.0003272272879258
0.8425759362621535,0.0059113800525665,-0.0001265196042368
0.8426759452646742,0.0058693420141935,-0.0002214822015958
0.8427759542671950,0.0058817169629037,-0.0002737854083534
0.8428759632697156,0.0064769508317113,-0.0002827217103913
0.8429759722722364,0.0063211140222847,-0.0005028427112848
0.8430759812747570,0.0067841019481421,-0.0008212893153541
0.8431759902772777,0.0058655440807343,-0.0006531709805131
0.8432759992797985,0.0064678750932217,-0.0008522056741640
0.8433760082823192,0.0070496508851647,-0.0007800876046531
0.8434760172848398,0.0079590184614062,-0.0005414995248429
0.8435760262873606,0.0081543698906898,-0.0003508538065944
0.8436760352898812,0.0087681263685226,-0.0004187487938907
0.8437760442924019,0.0088928239420056,-0.0002579659922048
0.8438760532949228,0.0083916047587991,0.0001020396011882
0.8439760622974434,0.0080319447442889,0.0002856501087081
0.8440760712999642,0.0083181327208877,0.0002159472933272
0.8441760803024848,0.0079827168956399,0.0000241987108893
0.8442760893050055,0.0077056908048689,0.0000028158090117
0.8443760983075262,0.0083547187969089,-0.0000308443086396
0.8444761073100470,0.0078754788264632,0.0002208399964729
0.8445761163125676,0.0086534870788455,-0.0001438951003365
0.8446761253150884,0.0077936029992998,0.0004323435132392
0.8447761343176090,0.0087506501004100,0.0001829461980378
0.8448761433201297,0.0081868004053831,-0.0001631422055652
0.8449761523226504,0.0077456268481910,0.0000978044918156
0.8450761613251712,0.0087075363844633,-0.0003575771988835
0.8451761703276919,0.0080389091745019,-0.0003352286003064
0.8452761793302126,0.0092170685529709,-0.0001637193927309
0.8453761883327332,0.0084416633471847,-0.0000449724393548
0.8454761973352540,0.0088652735576034,0.0000763994830777
0.8455762063377746,0.0093995276838541,-0.0002301891072420
0.8456762153402954,0.0088819647207856,0.0000701352619217
0.8457762243428162,0.0091868108138442,-0.0000025664360237
0.8458762333453368,0.0095127774402499,-0.0003745305002667
0.8459762423478575,0.0105151496827602,-0.0003311290056445
0.8460762513503782,0.0100992303341627,-0.0002426011051284
0.8461762603528989,0.0103850699961185,-0.0004822007904295
0.8462762693554197,0.0103135695680976,-0.0005840273224749
0.8463762783579404,0.0100795701146126,-0.0004073253949173
0.8464762873604610,0.0101720001548529,-0.0004729155916721
0.8465762963629818,0.0100110201165080,-0.0007088151760399
0.8466763053655024,0.0114000597968698,-0.0005906532751396
0.8467763143680231,0.0118069602176547,-0.0006899688160047
0.8468763233705439,0.0114357499405742,-0.0004457473114599
0.8469763323730646,0.0113803204149008,-0.0001882455981104
0.8470763413755852,0.0118646901100874,-0.0003099745954387
0.8471763503781060,0.0110235800966620,-0.0001198274985654
0.8472763593806266,0.0114059699699283,-0.0002304686058778
0.8473763683831474,0.0115276603028178,0.0001895442983368
0.8474763773856682,0.0109616704285145,0.0001552681060275
0.8475763863881888,0.0128561099991202,-0.0001106279014493
0.8476763953907096,0.0124694397673011,0.0000261802997557
0.8477764043932302,0.0125690503045917,0.0001157443984994
0.8478764133957509,0.0126216597855091,0.0000669605433359
0.8479764223982716,0.0127793503925204,-0.0000880799998413
0.8480764314007924,0.0137224001809955,-0.0003391391073819
0.8481764404033130,0.0131198195740581,-0.0002511423081160
0.8482764494058338,0.0130849201232195,-0.0003788470930886
0.8483764584083544,0.0136336395516992,-0.0006454070098698
0.8484764674108752,0.0140616204589605,-0.0002376158954576
0.8485764764133958,0.0135093899443746,0.0000568951400055
0.8486764854159166,0.0125669101253152,0.0000079467017713
0.8487764944184373,0.0137372203171253,0.0001015153029584
0.8488765034209580,0.0139947403222322,0.0002214270061813
0.8489765124234786,0.0145524395629764,0.0000292140193778
0.8490765214259994,0.0142497299239039,-0.0000981215780484
0.8491765304285201,0.0152850598096848,-0.0003273957991041
0.8492765394310408,0.0144652202725410,-0.0001659400004428
0.8493765484335616,0.0139545202255249,-0.0002121728030033
0.8494765574360822,0.0150582399219275,-0.0002278899046360
0.8495765664386030,0.0147003596648574,-0.0001758474973030
0.8496765754411236,0.0167599506676197,-0.0002971449866891
0.8497765844436443,0.0156097896397114,-0.0002793702005874
0.8498765934461651,0.0169511605054140,-0.0006608876865357
0.8499766024486858,0.0159450005739927,-0.0004705543979071
0.8500766114512064,0.0157304294407368,-0.0005149060743861
0.8501766204537272,0.0163311101496220,-0.0004823700874113
0.8502766294562478,0.0156160099431872,-0.0004035643942188
0.8503766384587685,0.0160503797233105,-0.0000010510869970
0.8504766474612893,0.0173985101282597,-0.0001391865953337
0.8505766564638100,0.0185322891920805,-0.0000585521083849
0.8506766654663307,0.0179887395352125,0.0000044871990212
0.8507766744688514,0.0165097005665302,0.0002536989923101
0.8508766834713721,0.0167194604873657,0.0002356219047215
0.8509766924738928,0.0162982493638992,0.0003113039128948
0.8510767014764136,0.0164995491504669,0.0003867660125252
0.8511767104789342,0.0164761394262314,0.0000168582901097
0.8512767194814550,0.0161646697670221,0.0000439362083853
0.8513767284839756,0.0167963597923517,-0.0000766408193158
0.8514767374864963,0.0177838094532490,-0.0001958139037015
0.8515767464890170,0.0182289797812700,-0.0002526291937102
0.8516767554915378,0.0179873108863831,-0.0003542630001903
0.8517767644940584,0.0193284191191196,-0.0000929817324504
0.8518767734965792,0.0176852494478226,0.0001352649996988
0.8519767824990998,0.0183868091553450,0.0001027074977173
0.8520767915016206,0.0174009203910828,0.0004296720144339
0.8521768005041412,0.0179565008729696,0.0001224769948749
0.8522768095066620,0.0170225407928228,0.0004903950029984
0.8523768185091827,0.0164666697382927,0.0003160611959174
0.8524768275117034,0.0186257604509592,0.0001205809967360
0.8525768365142240,0.0178385097533464,0.0004198673996143
0.8526768455167448,0.0176588706672192,0.0002412509929854
0.8527768545192655,0.0185291003435850,0.0002518587862141
0.8528768635217862,0.0176685694605112,0.0000465744997200
0.8529768725243070,0.0175649691373110,-0.0000879720391822
0.8530768815268276,0.0169142503291368,-0.0001034775996231
0.8531768905293484,0.0183352008461952,-0.0005405111005530
0.8532768995318690,0.0184214003384113,-0.0003978470049333
0.8533769085343897,0.0189309101551771,-0.0006825670134276
0.8534769175369105,0.0189428701996803,-0.0001106291965698
0.8535769265394312,0.0182517003268003,-0.0001464220986236
0.8536769355419518,0.0177257601171732,0.0001323122996837
0.8537769445444726,0.0174222793430090,0.0002463688142598
0.8538769535469932,0.0183121897280216,0.0001465183013352
0.8539769625495139,0.0171138308942318,0.0003881661104970
0.8540769715520347,0.0166379306465387,0.0001028010010486
0.8541769805545554,0.0177687890827656,0.0001598061062396
0.8542769895570761,0.0177785102277994,0.0001446467067581
0.8543769985595968,0.0184380002319813,0.0000914577904041
0.8544770075621175,0.0175499692559242,0.0002217617002316
0.8545770165646382,0.0183346904814243,0.0000898010403034
0.8546770255671590,0.0178959295153618,0.0001483467058279
0.8547770345696796,0.0173397697508335,0.0001804644998629
0.8548770435722004,0.0171133801341057,0.0000857508566696
0.8549770525747210,0.0176534596830606,-0.0002196588029619
0.8550770615772417,0.0192536208778620,-0.0001519975048723
0.8551770705797624,0.0181469395756721,-0.0001234766968992
0.8552770795822832,0.0175543706864119,0.0003055976121686
0.8553770885848039,0.0173970200121403,0.0002123557933373
0.8554770975873246,0.0161612108349800,0.0004150514141656
0.8555771065898452,0.0177330095320940,0.0001420733024133
0.8556771155923660,0.0170990806072950,0.0000359523401130
0.8557771245948866,0.0179121699184179,0.0002811028971337
0.8558771335974074,0.0171283092349768,0.0001241821009899
0.8559771425999281,0.0172723494470119,0.0000567169299757
0.8560771516024488,0.0172577891498804,-0.0000900891391211
0.8561771606049695,0.0150803802534938,0.0000825445968076
0.8562771696074902,0.0159441698342562,-0.0000702106772223
0.8563771786100109,0.0162515304982662,-0.0001781574974302
0.8564771876125317,0.0170063506811857,-0.0002301432978129
0.8565771966150524,0.0160554107278585,-0.0002042381966021
0.8566772056175730,0.0157046299427748,-0.0004105913103558
0.8567772146200938,0.0175941493362188,-0.0003476229903754
0.8568772236226144,0.0175388492643833,-0.0003115638974123
0.8569772326251351,0.0178970694541931,-0.0002520786074456
0.8570772416276559,0.0167091097682714,-0.0001461352949264
0.8571772506301766,0.0148216104134917,0.0002633839903865
0.8572772596326972,0.0154211996123195,0.0004946383996867
0.8573772686352180,0.0157780107110739,0.0001079599023797
0.8574772776377386,0.0172019004821777,0.0000982656711130
0.8575772866402595,0.0158554892987013,0.0000784018920967
0.8576772956427801,0.0155172096565366,0.0002769152051769
0.8577773046453008,0.0160102993249893,0.0001263726007892
0.8578773136478216,0.0160921607166529,-0.0000183305292012
0.8579773226503422,0.0165840797126293,-0.0000538619788131
0.8580773316528629,0.0161134507507086,-0.0000256779603660
0.8581773406553836,0.0167895406484604,-0.0000469636288472
0.8582773496579044,0.0162238292396069,-0.0000232577604038
0.8583773586604250,0.0170615892857313,0.0000447574202553
0.8584773676629458,0.0164217296987772,0.0000835360697238
0.8585773766654664,0.0162117592990398,0.0002256551961182
0.8586773856679872,0.0168155208230019,0.0003655336913653
0.8587773946705078,0.0160169191658497,0.0002959879930131
0.8588774036730286,0.0169674400240183,0.0001589165040059
0.8589774126755493,0.0162108801305294,0.0003986560041085
0.8590774216780700,0.0172229204326868,0.0005586664774455
0.8591774306805906,0.0158396903425455,0.0006493470282294
0.8592774396831114,0.0162594690918922,0.0002880085085053
0.8593774486856320,0.0151783898472786,0.0002011533943005
0.8594774576881528,0.0153041295707226,-0.0000086758036559
0.8595774666906736,0.0160596407949924,-0.0000670750232530
0.8596774756931942,0.0155218504369259,-0.0002142473967979
0.8597774846957150,0.0157268997281790,-0.0003883368917741
0.8598774936982356,0.0152973895892501,-0.0004609682073351
0.8599775027007563,0.0146543104201555,-0.0007822631741874
0.8600775117032771,0.0131856799125671,-0.0005025676800869
0.8601775207057978,0.0118960598483682,-0.0006383035797626
0.8602775297083184,0.0098970104008913,-0.0001871801941888
0.8603775387108392,0.0110685499384999,-0.0004900546045974
0.8604775477133598,0.0108761796727777,-0.0005265771178529
0.8605775567158805,0.0105601698160172,-0.0007950643193908
0.8606775657184013,0.0112241497263312,-0.0009107798105106
0.8607775747209220,0.0108778998255730,-0.0012057319981977
0.8608775837234426,0.0108357500284910,-0.0011627379572019
0.8609775927259634,0.0098064746707678,-0.0011257859878242
0.8610776017284840,0.0106262899935246,-0.0009295404888690
0.8611776107310049,0.0115239303559065,-0.0007690946804360
0.8612776197335255,0.0137347299605608,-0.0016407750081271
0.8613776287360462,0.0144701600074768,-0.0023215000983328
0.8614776377385670,0.0139077696949244,-0.0029872660525143
0.8615776467410876,0.0107545498758554,-0.0026602731086314
0.8616776557436083,0.0049622901715338,-0.0025268630124629
0.8617776647461290,0.0012357319938019,-0.0056982617825270
0.8618776737486498,0.0849970430135727,0.0849969983100891
0.8619776827511704,0.0849970728158951,0.0849971696734428
0.8620776917536912,0.0849971175193787,0.0849969610571861
0.8621777007562118,0.0849970281124115,0.0849687978625298
0.8622777097587326,0.0849971771240234,0.0849575474858284
0.8623777187612532,0.0849971026182175,0.0849538668990135
0.8624777277637740,0.0849971398711205,0.0849493294954300
0.8625777367662947,0.0849972963333130,0.0849433466792107
0.8626777457688154,0.0849991515278816,0.0849433466792107
0.8627777547713360,0.0849988907575607,0.0849433466792107
0.8628777637738568,0.0849988237023354,0.0849433466792107
0.8629777727763774,0.0849982425570488,0.0849433466792107
0.8630777817788982,0.0849979966878891,0.0849433466792107
0.8631777907814190,0.0849978104233742,0.0849447771906853
0.8632777997839396,0.0849975571036339,0.0849958434700966
0.8633778087864604,0.0849973484873772,0.0849624872207642
0.8634778177889810,0.0849974006414413,0.0849956572055817
0.8635778267915017,0.0849973335862160,0.0849954709410667
0.8636778357940225,0.0849972292780876,0.0849631577730179
0.8637778447965432,0.0849973112344742,0.0849661305546761
0.8638778537990638,0.0849971771240234,0.0849609524011612
0.8639778628015846,0.0849971026182175,0.0849598571658134
0.8640778718041052,0.0849971175193787,0.0849663615226746
0.8641778808066259,0.0849971398711205,0.0849675089120865
0.8642778898091467,0.0849971473217010,0.0849631428718567
0.8643778988116674,0.0849970430135727,0.0849606916308403
0.8644779078141881,0.0849969834089279,0.0849619805812836
0.8645779168167088,0.0849969834089279,0.0849616378545761
0.8646779258192294,0.0849969834089279,0.0849961116909981
0.8647779348217502,0.0849969834089279,0.0849616304039955
0.8648779438242710,0.0849969685077667,0.0849613621830940
0.8649779528267916,0.0849970206618309,0.0849615409970284
0.8650779618293124,0.0849969685077667,0.0849611982703209
0.8651779708318330,0.0849970430135727,0.0849611014127731
0.8652779798343537,0.0849970430135727,0.0849612504243851
0.8653779888368744,0.0849969908595085,0.0849605426192284
0.8654779978393952,0.0849970206618309,0.0849602296948433
0.8655780068419159,0.0849970877170563,0.0849607735872269
0.8656780158444366,0.0849970430135727,0.0849599316716194
0.8657780248469572,0.0849971100687981,0.0849599167704582
0.8658780338494780,0.0849970430135727,0.0849606469273567
0.8659780428519986,0.0849970728158951,0.0849600434303284
0.8660780518545194,0.0849971175193787,0.0849600434303284
0.8661780608570401,0.0849971100687981,0.0849600732326508
0.8662780698595608,0.0849971175193787,0.0849602594971657
0.8663780788620814,0.0849971771240234,0.0849597826600075
0.8664780878646022,0.0849971175193787,0.0849593877792358
0.8665780968671229,0.0849971622228622,0.0849594175815582
0.8666781058696437,0.0849972292780876,0.0849594324827194
0.8667781148721644,0.0849971473217010,0.0849594399333000
0.8668781238746850,0.0849971771240234,0.0849590077996254
0.8669781328772058,0.0849972069263458,0.0849598124623299
0.8670781418797264,0.0849972367286682,0.0849593430757523
0.8671781508822471,0.0849972069263458,0.0849959179759026
0.8672781598847679,0.0849971771240234,0.0849629119038582
0.8673781688872886,0.0849972590804100,0.0849662199616432
0.8674781778898092,0.0849972590804100,0.0849667713046074
0.8675781868923300,0.0849971771240234,0.0849612131714821
0.8676781958948506,0.0849972963333130,0.0849960073828697
0.8677782048973715,0.0849971473217010,0.0849607735872269
0.8678782138998921,0.0849972665309906,0.0849959626793861
0.8679782229024128,0.0849973112344742,0.0849959701299667
0.8680782319049335,0.0849972069263458,0.0849959179759026
0.8681782409074542,0.0849972069263458,0.0849960967898369
0.8682782499099748,0.0849972963333130,0.0849959999322891
0.8683782589124956,0.0849972367286682,0.0849961936473846
0.8684782679150164,0.0849972069263458,0.0849624127149582
0.8685782769175370,0.0849972590804100,0.0849617496132851
0.8686782859200578,0.0849972516298294,0.0849624872207642
0.8687782949225784,0.0849972292780876,0.0849637165665627
0.8688783039250992,0.0849972665309906,0.0849633365869522
0.8689783129276198,0.0849972367286682,0.0849629864096642
0.8690783219301406,0.0849972367286682,0.0849647372961044
0.8691783309326613,0.0849972292780876,0.0849636867642403
0.8692783399351820,0.0849972367286682,0.0849650874733925
0.8693783489377026,0.0849972665309906,0.0849657729268074
0.8694783579402234,0.0849972218275070,0.0849652215838432
0.8695783669427440,0.0849972367286682,0.0849657431244850
0.8696783759452648,0.0849972367286682,0.0849659070372581
0.8697783849477855,0.0849972069263458,0.0849659070372581
0.8698783939503062,0.0849972367286682,0.0849662125110626
0.8699784029528270,0.0849972367286682,0.0849664807319641
0.8700784119553476,0.0849972292780876,0.0849664583802223
0.8701784209578683,0.0849972367286682,0.0849966630339622
0.8702784299603891,0.0849972516298294,0.0849668830633163
0.8703784389629098,0.0849972367286682,0.0849670767784119
0.8704784479654304,0.0849972367286682,0.0849672704935074
0.8705784569679512,0.0849972367286682,0.0849671885371208
0.8706784659704718,0.0849972516298294,0.0849673897027969
0.8707784749729925,0.0849972367286682,0.0849677771329880
0.8708784839755133,0.0849972292780876,0.0849677473306656
0.8709784929780340,0.0849972292780876,0.0849677100777626
0.8710785019805546,0.0849972218275070,0.0849677100777626
0.8711785109830754,0.0849972292780876,0.0849681273102760
0.8712785199855960,0.0849972292780876,0.0849681198596954
0.8713785289881169,0.0849972367286682,0.0849683135747910
0.8714785379906375,0.0849972218275070,0.0849682688713074
0.8715785469931582,0.0849972367286682,0.0849683135747910
0.8716785559956789,0.0849972367286682,0.0849683135747910
0.8717785649981996,0.0849972069263458,0.0849684178829193
0.8718785740007203,0.0849972292780876,0.0849687084555626
0.8719785830032410,0.0849972292780876,0.0849689319729805
0.8720785920057618,0.0849972218275070,0.0849688127636909
0.8721786010082824,0.0849972218275070,0.0849688425660133
0.8722786100108032,0.0849972218275070,0.0849690809845924
0.8723786190133238,0.0849972069263458,0.0849691629409790
0.8724786280158446,0.0849972069263458,0.0849692001938820
0.8725786370183652,0.0849972069263458,0.0849692597985268
0.8726786460208860,0.0849972069263458,0.0849692970514297
0.8727786550234067,0.0849972069263458,0.0849694386124611
0.8728786640259274,0.0849972069263458,0.0849693864583969
0.8729786730284480,0.0849972069263458,0.0849694311618805
0.8730786820309688,0.0849972069263458,0.0849694311618805
0.8731786910334894,0.0849972069263458,0.0849694386124611
0.8732787000360102,0.0849972069263458,0.0849696174263954
0.8733787090385309,0.0849972069263458,0.0849694907665253
0.8734787180410516,0.0849972069263458,0.0849695205688477
0.8735787270435724,0.0849972069263458,0.0849695727229118
0.8736787360460930,0.0849972069263458,0.0849696397781372
0.8737787450486137,0.0849971994757652,0.0849696770310402
0.8738787540511345,0.0849972069263458,0.0849696099758148
0.8739787630536552,0.0849972069263458,0.0849697366356850
0.8740787720561758,0.0849971994757652,0.0849696695804596
0.8741787810586966,0.0849971994757652,0.0849696770310402
0.8742787900612172,0.0849971994757652,0.0849698036909103
0.8743787990637379,0.0849972069263458,0.0849697664380074
0.8744788080662587,0.0849972069263458,0.0849699974060059
0.8745788170687794,0.0849972069263458,0.0849698930978775
0.8746788260713001,0.0849971994757652,0.0849698632955551
0.8747788350738208,0.0849971994757652,0.0849698036909103
0.8748788440763414,0.0849972069263458,0.0849698707461357
0.8749788530788623,0.0849972069263458,0.0849700272083282
0.8750788620813829,0.0849971994757652,0.0849699378013611
0.8751788710839036,0.0849971994757652,0.0849699229001999
0.8752788800864244,0.0849971994757652,0.0849699825048447
0.8753788890889450,0.0849971994757652,0.0849700868129730
0.8754788980914657,0.0849971920251846,0.0849700719118118
0.8755789070939864,0.0849971994757652,0.0849700495600700
0.8756789160965072,0.0849971994757652,0.0849700495600700
0.8757789250990279,0.0849972069263458,0.0849701166152954
0.8758789341015486,0.0849971994757652,0.0849701166152954
0.8759789431040692,0.0849971994757652,0.0849701464176178
0.8760789521065900,0.0849971994757652,0.0849700868129730
0.8761789611091106,0.0849971994757652,0.0849701985716820
0.8762789701116314,0.0849971994757652,0.0849702134728432
0.8763789791141521,0.0849971994757652,0.0849702805280685
0.8764789881166728,0.0849971994757652,0.0849702134728432
0.8765789971191934,0.0849971994757652,0.0849703177809715
0.8766790061217142,0.0849971994757652,0.0849702805280685
0.8767790151242348,0.0849971994757652,0.0849703103303909
0.8768790241267557,0.0849972069263458,0.0849703624844551
0.8769790331292764,0.0849971994757652,0.0849703773856163
0.8770790421317970,0.0849971920251846,0.0849704220890999
0.8771790511343178,0.0849972069263458,0.0849725380539894
0.8772790601368384,0.0849972814321518,0.0849745869636536
0.8773790691393591,0.0849973186850548,0.0849743336439133
0.8774790781418799,0.0849973410367966,0.0849741324782372
0.8775790871444006,0.0849973633885384,0.0849741920828819
0.8776790961469212,0.0849973782896996,0.0849742591381073
0.8777791051494420,0.0849973931908607,0.0849744528532028
0.8778791141519626,0.0849974006414413,0.0849745273590088
0.8779791231544835,0.0849974229931831,0.0849747583270073
0.8780791321570041,0.0849974229931831,0.0849750190973282
0.8781791411595248,0.0849974304437637,0.0849751532077789
0.8782791501620455,0.0849974229931831,0.0849748402833939
0.8783791591645662,0.0849974229931831,0.0849752873182297
0.8784791681670868,0.0849974229931831,0.0849750936031342
0.8785791771696077,0.0849973931908607,0.0849749296903610
0.8786791861721283,0.0849973708391190,0.0849741473793983
0.8787791951746490,0.0849973484873772,0.0849744006991386
0.8788792041771698,0.0849973335862160,0.0849741026759148
0.8789792131796904,0.0849973112344742,0.0849738493561745
0.8790792221822112,0.0849972888827324,0.0849727466702461
0.8791792311847318,0.0849972665309906,0.0849734097719193
0.8792792401872526,0.0849972665309906,0.0849733278155327
0.8793792491897733,0.0849972590804100,0.0849731266498566
0.8794792581922940,0.0849972367286682,0.0849722772836685
0.8795792671948146,0.0849972292780876,0.0849726125597954
0.8796792761973354,0.0849972292780876,0.0849727615714073
0.8797792851998560,0.0849972218275070,0.0849726796150208
0.8798792942023768,0.0849972069263458,0.0849721282720566
0.8799793032048975,0.0849972069263458,0.0849722921848297
0.8800793122074182,0.0849972069263458,0.0849723666906357
0.8801793212099388,0.0849971994757652,0.0849722996354103
0.8802793302124596,0.0849971994757652,0.0849720463156700
0.8803793392149802,0.0849971920251846,0.0849721133708954
0.8804793482175011,0.0849971920251846,0.0849721133708954
0.8805793572200218,0.0849971771240234,0.0849720314145088
0.8806793662225424,0.0849971771240234,0.0849719867110252
0.8807793752250632,0.0849971771240234,0.0849719569087029
0.8808793842275838,0.0849971771240234,0.0849719420075417
0.8809793932301045,0.0849971771240234,0.0849719122052193
0.8810794022326253,0.0849971771240234,0.0849718526005745
0.8811794112351460,0.0849971771240234,0.0849718526005745
0.8812794202376666,0.0849971771240234,0.0849718526005745
0.8813794292401874,0.0849971771240234,0.0849718227982521
0.8814794382427080,0.0849971696734428,0.0849718227982521
0.8815794472452289,0.0849971696734428,0.0849717780947685
0.8816794562477495,0.0849971696734428,0.0849718078970909
0.8817794652502702,0.0849971696734428,0.0849718004465103
0.8818794742527909,0.0849971696734428,0.0849717631936073
0.8819794832553116,0.0849971696734428,0.0849717184901237
0.8820794922578322,0.0849971696734428,0.0849717780947685
0.8821795012603530,0.0849971696734428,0.0849717408418655
0.8822795102628738,0.0849971696734428,0.0849717184901237
0.8823795192653944,0.0849971696734428,0.0849716886878014
0.8824795282679152,0.0849971696734428,0.0849717184901237
0.8825795372704358,0.0849971696734428,0.0849717035889626
0.8826795462729566,0.0849971696734428,0.0849717035889626
0.8827795552754772,0.0849971696734428,0.0849716886878014
0.8828795642779980,0.0849971696734428,0.0849716812372208
0.8829795732805187,0.0849971696734428,0.0849716886878014
0.8830795822830394,0.0849971696734428,0.0849716812372208
0.8831795912855600,0.0849971696734428,0.0849716812372208
0.8832796002880808,0.0849971696734428,0.0849716812372208
0.8833796092906014,0.0849971696734428,0.0849716886878014
0.8834796182931222,0.0849971696734428,0.0849716812372208
0.8835796272956429,0.0849971696734428,0.0849716812372208
0.8836796362981636,0.0849971696734428,0.0849716812372208
0.8837796453006843,0.0849971696734428,0.0849716663360596
0.8838796543032050,0.0849971696734428,0.0849716812372208
0.8839796633057257,0.0849971696734428,0.0849716663360596
0.8840796723082465,0.0849971696734428,0.0849716663360596
0.8841796813107672,0.0849971696734428,0.0849716663360596
0.8842796903132878,0.0849971696734428,0.0849716663360596
0.8843796993158086,0.0849971696734428,0.0849716812372208
0.8844797083183292,0.0849971696734428,0.0849716663360596
0.8845797173208499,0.0849971696734428,0.0849716663360596
0.8846797263233707,0.0849971696734428,0.0849716812372208
0.8847797353258914,0.0849971696734428,0.0849716663360596
0.8848797443284121,0.0849971696734428,0.0849716812372208
0.8849797533309328,0.0849971696734428,0.0849716812372208
0.8850797623334534,0.0849971696734428,0.0849716812372208
0.8851797713359743,0.0849971696734428,0.0849716812372208
0.8852797803384949,0.0849971696734428,0.0849716663360596
0.8853797893410156,0.0849971696734428,0.0849716812372208
0.8854797983435363,0.0849971696734428,0.0849716812372208
0.8855798073460570,0.0849971696734428,0.0849716663360596
0.8856798163485776,0.0849971696734428,0.0849716663360596
0.8857798253510984,0.0849971696734428,0.0849716812372208
0.8858798343536192,0.0849971696734428,0.0849716663360596
0.8859798433561399,0.0849971696734428,0.0849716812372208
0.8860798523586606,0.0849971696734428,0.0849716812372208
0.8861798613611812,0.0849971696734428,0.0849716812372208
0.8862798703637020,0.0849971696734428,0.0849716812372208
0.8863798793662226,0.0849971696734428,0.0849716812372208
0.8864798883687434,0.0849971696734428,0.0849716663360596
0.8865798973712641,0.0849971696734428,0.0849716663360596
0.8866799063737848,0.0849971696734428,0.0849716812372208
0.8867799153763054,0.0849971696734428,0.0849716812372208
0.8868799243788262,0.0849971696734428,0.0849716812372208
0.8869799333813468,0.0849971696734428,0.0849716812372208
0.8870799423838677,0.0849971696734428,0.0849716812372208
0.8871799513863883,0.0849971696734428,0.0849716663360596
0.8872799603889090,0.0849971696734428,0.0849716663360596
0.8873799693914297,0.0849971696734428,0.0849716812372208
0.8874799783939504,0.0849971696734428,0.0849716663360596
0.8875799873964711,0.0849971696734428,0.0849716663360596
0.8876799963989919,0.0849971696734428,0.0849716663360596
0.8877800054015126,0.0849971696734428,0.0849716812372208
0.8878800144040332,0.0849971696734428,0.0849716812372208
0.8879800234065540,0.0849971696734428,0.0849716663360596
0.8880800324090746,0.0849971696734428,0.0849716663360596
0.8881800414115955,0.0849971696734428,0.0849716663360596
0.8882800504141161,0.0849971696734428,0.0849971696734428
0.8883800594166368,0.0849971696734428,0.0849971696734428
0.8884800684191575,0.0849971696734428,0.0849716663360596
0.8885800774216782,0.0849971696734428,0.0849716663360596
0.8886800864241988,0.0849971696734428,0.0849716663360596
0.8887800954267197,0.0849971696734428,0.0849716812372208
0.8888801044292403,0.0849971696734428,0.0849716663360596
0.8889801134317610,0.0849971696734428,0.0849716663360596
0.8890801224342817,0.0849971696734428,0.0849716663360596
0.8891801314368024,0.0849971696734428,0.0849716663360596
0.8892801404393231,0.0849971696734428,0.0849716663360596
0.8893801494418438,0.0849971696734428,0.0849716812372208
0.8894801584443646,0.0849971696734428,0.0849716663360596
0.8895801674468853,0.0849971696734428,0.0849716663360596
0.8896801764494060,0.0849971696734428,0.0849716663360596
0.8897801854519266,0.0849971696734428,0.0849716663360596
0.8898801944544474,0.0849971696734428,0.0849716663360596
0.8899802034569680,0.0849971696734428,0.0849716812372208
0.8900802124594888,0.0849971696734428,0.0849716812372208
0.8901802214620095,0.0849971696734428,0.0849971696734428
0.8902802304645302,0.0849971696734428,0.0849716812372208
0.8903802394670508,0.0849971696734428,0.0849716812372208
0.8904802484695716,0.0849971696734428,0.0849716663360596
0.8905802574720922,0.0849971696734428,0.0849716663360596
0.8906802664746131,0.0849971696734428,0.0849716663360596
0.8907802754771337,0.0849971696734428,0.0849716663360596
0.8908802844796544,0.0849971696734428,0.0849716663360596
0.8909802934821752,0.0849971696734428,0.0849716812372208
0.8910803024846958,0.0849971696734428,0.0849716663360596
0.8911803114872165,0.0849971696734428,0.0849716812372208
0.8912803204897373,0.0849971696734428,0.0849716663360596
0.8913803294922580,0.0849971696734428,0.0849716663360596
0.8914803384947786,0.0849971696734428,0.0849716812372208
0.8915803474972994,0.0849971696734428,0.0849716812372208
0.8916803564998200,0.0849971696734428,0.0849716812372208
0.8917803655023409,0.0849971696734428,0.0849716812372208
0.8918803745048615,0.0849971696734428,0.0849716812372208
0.8919803835073822,0.0849971696734428,0.0849716812372208
0.8920803925099029,0.0849971696734428,0.0849716663360596
0.8921804015124236,0.0849971696734428,0.0849716663360596
0.8922804105149442,0.0849971696734428,0.0849716663360596
0.8923804195174651,0.0849971696734428,0.0849716663360596
0.8924804285199857,0.0849971696734428,0.0849716812372208
0.8925804375225064,0.0849971696734428,0.0849716663360596
0.8926804465250272,0.0849971696734428,0.0849716663360596
0.8927804555275478,0.0849971696734428,0.0849716663360596
0.8928804645300686,0.0849971696734428,0.0849716663360596
0.8929804735325892,0.0849971696734428,0.0849716663360596
0.8930804825351100,0.0849971696734428,0.0849716663360596
0.8931804915376307,0.0849971696734428,0.0849716812372208
0.8932805005401514,0.0849971696734428,0.0849716812372208
0.8933805095426720,0.0849971696734428,0.0849716812372208
0.8934805185451928,0.0849971696734428,0.0849716812372208
0.8935805275477134,0.0849971696734428,0.0849716812372208
0.8936805365502342,0.0849971696734428,0.0849716663360596
0.8937805455527549,0.0849971696734428,0.0849716812372208
0.8938805545552756,0.0849971696734428,0.0849716663360596
0.8939805635577963,0.0849971696734428,0.0849716663360596
0.8940805725603170,0.0849971696734428,0.0849716812372208
0.8941805815628376,0.0849971696734428,0.0849716663360596
0.8942805905653585,0.0849971696734428,0.0849716663360596
0.8943805995678791,0.0849971696734428,0.0849716663360596
0.8944806085703998,0.0849971696734428,0.0849716663360596
0.8945806175729206,0.0849971696734428,0.0849716812372208
0.8946806265754412,0.0849971696734428,0.0849716663360596
0.8947806355779619,0.0849971696734428,0.0849716663360596
0.8948806445804827,0.0849971696734428,0.0849716812372208
0.8949806535830034,0.0849971696734428,0.0849716663360596
0.8950806625855241,0.0849971696734428,0.0849716812372208
0.8951806715880448,0.0849971696734428,0.0849716812372208
0.8952806805905654,0.0849971696734428,0.0849716663360596
0.8953806895930863,0.0849971696734428,0.0849716663360596
0.8954806985956069,0.0849971696734428,0.0849716663360596
0.8955807075981276,0.0849971696734428,0.0849716663360596
0.8956807166006483,0.0849971696734428,0.0849716663360596
0.8957807256031690,0.0849971696734428,0.0849716663360596
0.8958807346056896,0.0849971696734428,0.0849716663360596
0.8959807436082105,0.0849971696734428,0.0849716663360596
0.8960807526107311,0.0849971696734428,0.0849716663360596
0.8961807616132519,0.0849971696734428,0.0849716663360596
0.8962807706157726,0.0849971696734428,0.0849716663360596
0.8963807796182932,0.0849971696734428,0.0849716663360596
0.8964807886208140,0.0849971696734428,0.0849716812372208
0.8965807976233346,0.0849971696734428,0.0849716812372208
0.8966808066258554,0.0849971696734428,0.0849716663360596
0.8967808156283761,0.0849971696734428,0.0849716812372208
0.8968808246308968,0.0849971696734428,0.0849716663360596
0.8969808336334174,0.0849971696734428,0.0849716663360596
0.8970808426359382,0.0849971696734428,0.0849716812372208
0.8971808516384588,0.0849971696734428,0.0849716663360596
0.8972808606409797,0.0849971696734428,0.0849716663360596
0.8973808696435003,0.0849971696734428,0.0849716812372208
0.8974808786460210,0.0849971696734428,0.0849716663360596
0.8975808876485417,0.0849971696734428,0.0849716812372208
0.8976808966510624,0.0849971696734428,0.0849716663360596
0.8977809056535830,0.0849971696734428,0.0849716663360596
0.8978809146561039,0.0849971696734428,0.0849716663360596
0.8979809236586246,0.0849971696734428,0.0849716663360596
0.8980809326611452,0.0849971696734428,0.0849716663360596
0.8981809416636660,0.0849971696734428,0.0849716812372208
0.8982809506661866,0.0849971696734428,0.0849716812372208
0.8983809596687073,0.0849971696734428,0.0849716812372208
0.8984809686712281,0.0849971696734428,0.0849716812372208
0.8985809776737488,0.0849971696734428,0.0849716663360596
0.8986809866762695,0.0849971696734428,0.0849716663360596
0.8987809956787902,0.0849971696734428,0.0849716663360596
0.8988810046813108,0.0849971696734428,0.0849716663360596
0.8989810136838317,0.0849971696734428,0.0849716663360596
0.8990810226863523,0.0849971696734428,0.0849716812372208
0.8991810316888730,0.0849971696734428,0.0849716812372208
0.8992810406913937,0.0849971696734428,0.0849716663360596
0.8993810496939144,0.0849971696734428,0.0849716812372208
0.8994810586964350,0.0849971696734428,0.0849716812372208
0.8995810676989558,0.0849971696734428,0.0849716663360596
0.8996810767014766,0.0849971696734428,0.0849716663360596
0.8997810857039973,0.0849971696734428,0.0849716663360596
0.8998810947065180,0.0849971696734428,0.0849716663360596
0.8999811037090386,0.0849971696734428,0.0849716812372208
0.9000811127115594,0.0849971696734428,0.0849716812372208
0.9001811217140800,0.0849971696734428,0.0849716812372208
0.9002811307166008,0.0849971696734428,0.0849716663360596
0.9003811397191215,0.0849971696734428,0.0849716663360596
0.9004811487216422,0.0849971696734428,0.0849716663360596
0.9005811577241628,0.0849971696734428,0.0849716663360596
0.9006811667266836,0.0849971696734428,0.0849716663360596
0.9007811757292042,0.0849971696734428,0.0849716663360596
0.9008811847317251,0.0849971696734428,0.0849716663360596
0.9009811937342457,0.0849971696734428,0.0849716663360596
0.9010812027367664,0.0849971696734428,0.0849716663360596
0.9011812117392871,0.0849971696734428,0.0849716812372208
0.9012812207418078,0.0849971696734428,0.0849716812372208
0.9013812297443284,0.0849971696734428,0.0849716663360596
0.9014812387468493,0.0849971696734428,0.0849716812372208
0.9015812477493700,0.0849971696734428,0.0849716812372208
0.9016812567518906,0.0849971696734428,0.0849716812372208
0.9017812657544114,0.0849971696734428,0.0849716812372208
0.9018812747569320,0.0849971696734428,0.0849716663360596
0.9019812837594529,0.0849971696734428,0.0849716663360596
0.9020812927619735,0.0849971696734428,0.0849716812372208
0.9021813017644942,0.0849971696734428,0.0849716812372208
0.9022813107670149,0.0849971696734428,0.0849716663360596
0.9023813197695356,0.0849971696734428,0.0849716812372208
0.9024813287720562,0.0849971696734428,0.0849716663360596
0.9025813377745771,0.0849971696734428,0.0849716812372208
0.9026813467770977,0.0849971696734428,0.0849716663360596
0.9027813557796184,0.0849971696734428,0.0849716812372208
0.9028813647821391,0.0849971696734428,0.0849716663360596
0.9029813737846598,0.0849971696734428,0.0849716812372208
0.9030813827871806,0.0849971696734428,0.0849716812372208
0.9031813917897012,0.0849971696734428,0.0849716663360596
0.9032814007922220,0.0849971696734428,0.0849716812372208
0.9033814097947427,0.0849971696734428,0.0849716812372208
0.9034814187972634,0.0849971696734428,0.0849716812372208
0.9035814277997840,0.0849971696734428,0.0849716812372208
0.9036814368023048,0.0849971696734428,0.0849716663360596
0.9037814458048254,0.0849971696734428,0.0849716663360596
0.9038814548073462,0.0849971696734428,0.0849716812372208
0.9039814638098669,0.0849971696734428,0.0849716812372208
0.9040814728123876,0.0849971696734428,0.0849716812372208
0.9041814818149083,0.0849971696734428,0.0849716812372208
0.9042814908174290,0.0849971696734428,0.0849716812372208
0.9043814998199496,0.0849971696734428,0.0849716812372208
0.9044815088224705,0.0849971696734428,0.0849716812372208
0.9045815178249911,0.0849971696734428,0.0849716663360596
0.9046815268275118,0.0849971696734428,0.0849716663360596
0.9047815358300325,0.0849971696734428,0.0849716663360596
0.9048815448325532,0.0849971696734428,0.0849716812372208
0.9049815538350739,0.0849971696734428,0.0849716812372208
0.9050815628375947,0.0849971696734428,0.0849716812372208
0.9051815718401154,0.0849971696734428,0.0849716812372208
0.9052815808426361,0.0849971696734428,0.0849716812372208
0.9053815898451568,0.0849971696734428,0.0849716663360596
0.9054815988476774,0.0849971696734428,0.0849716663360596
0.9055816078501983,0.0849971696734428,0.0849716663360596
0.9056816168527189,0.0849971696734428,0.0849716663360596
0.9057816258552396,0.0849971696734428,0.0849716663360596
0.9058816348577603,0.0849971696734428,0.0849716812372208
0.9059816438602810,0.0849971696734428,0.0849716663360596
0.9060816528628016,0.0849971696734428,0.0849716663360596
0.9061816618653225,0.0849971696734428,0.0849716663360596
0.9062816708678431,0.0849971696734428,0.0849716663360596
0.9063816798703639,0.0849971696734428,0.0849716663360596
0.9064816888728845,0.0849971696734428,0.0849716663360596
0.9065816978754052,0.0849971696734428,0.0849716812372208
0.9066817068779260,0.0849971696734428,0.0849716663360596
0.9067817158804466,0.0849971696734428,0.0849716812372208
0.9068817248829674,0.0849971696734428,0.0849716663360596
0.9069817338854881,0.0849971696734428,0.0849716812372208
0.9070817428880088,0.0849971696734428,0.0849716812372208
0.9071817518905294,0.0849971696734428,0.0849716663360596
0.9072817608930502,0.0849971696734428,0.0849716663360596
0.9073817698955708,0.0849971696734428,0.0849716663360596
0.9074817788980917,0.0849971696734428,0.0849716663360596
0.9075817879006123,0.0849971696734428,0.0849716812372208
0.9076817969031330,0.0849971696734428,0.0849716663360596
0.9077818059056537,0.0849971696734428,0.0849716663360596
0.9078818149081744,0.0849971696734428,0.0849716812372208
0.9079818239106950,0.0849971696734428,0.0849716663360596
0.9080818329132159,0.0849971696734428,0.0849716663360596
0.9081818419157365,0.0849971696734428,0.0849716812372208
0.9082818509182572,0.0849971696734428,0.0849716812372208
0.9083818599207780,0.0849971696734428,0.0849716663360596
0.9084818689232986,0.0849971696734428,0.0849716812372208
0.9085818779258193,0.0849971696734428,0.0849716812372208
0.9086818869283401,0.0849971696734428,0.0849716663360596
0.9087818959308608,0.0849971696734428,0.0849716663360596
0.9088819049333815,0.0849971696734428,0.0849716812372208
0.9089819139359022,0.0849971696734428,0.0849716812372208
0.9090819229384228,0.0849971696734428,0.0849716663360596
0.9091819319409437,0.0849971696734428,0.0849716812372208
0.9092819409434643,0.0849971696734428,0.0849716663360596
0.9093819499459850,0.0849971696734428,0.0849716663360596
0.9094819589485057,0.0849971696734428,0.0849716663360596
0.9095819679510264,0.0849971696734428,0.0849716663360596
0.9096819769535470,0.0849971696734428,0.0849716663360596
0.9097819859560679,0.0849971696734428,0.0849716663360596
0.9098819949585885,0.0849971696734428,0.0849716663360596
0.9099820039611093,0.0849971696734428,0.0849716812372208
0.9100820129636300,0.0849971696734428,0.0849716663360596
0.9101820219661506,0.0849971696734428,0.0849716812372208
0.9102820309686714,0.0849971696734428,0.0849716812372208
0.9103820399711920,0.0849971696734428,0.0849716663360596
0.9104820489737128,0.0849971696734428,0.0849716812372208
0.9105820579762335,0.0849971696734428,0.0849716663360596
0.9106820669787542,0.0849971696734428,0.0849716663360596
0.9107820759812748,0.0849971696734428,0.0849716663360596
0.9108820849837956,0.0849971696734428,0.0849716663360596
0.9109820939863162,0.0849971696734428,0.0849716812372208
0.9110821029888371,0.0849971696734428,0.0849716663360596
0.9111821119913577,0.0849971696734428,0.0849716663360596
0.9112821209938784,0.0849971696734428,0.0849716663360596
0.9113821299963991,0.0849971696734428,0.0849716663360596
0.9114821389989198,0.0849971696734428,0.0849716663360596
0.9115821480014404,0.0849971696734428,0.0849716663360596
0.9116821570039613,0.0849971696734428,0.0849716812372208
0.9117821660064819,0.0849971696734428,0.0849716812372208
0.9118821750090026,0.0849971696734428,0.0849716812372208
0.9119821840115234,0.0849971696734428,0.0849716812372208
0.9120821930140440,0.0849971696734428,0.0849716663360596
0.9121822020165649,0.0849971696734428,0.0849716663360596
0.9122822110190855,0.0849971696734428,0.0849716663360596
0.9123822200216062,0.0849971696734428,0.0849716663360596
0.9124822290241269,0.0849971696734428,0.0849716663360596
0.9125822380266476,0.0849971696734428,0.0849716663360596
0.9126822470291682,0.0849971696734428,0.0849716663360596
0.9127822560316891,0.0849971696734428,0.0849716663360596
0.9128822650342097,0.0849971696734428,0.0849716812372208
0.9129822740367304,0.0849971696734428,0.0849716663360596
0.9130822830392511,0.0849971696734428,0.0849716663360596
0.9131822920417718,0.0849971696734428,0.0849716812372208
0.9132823010442925,0.0849971696734428,0.0849716812372208
0.9133823100468133,0.0849971696734428,0.0849716812372208
0.9134823190493339,0.0849971696734428,0.0849716812372208
0.9135823280518547,0.0849971696734428,0.0849716663360596
0.9136823370543754,0.0849971696734428,0.0849716663360596
0.9137823460568960,0.0849971696734428,0.0849716812372208
0.9138823550594168,0.0849971696734428,0.0849716663360596
0.9139823640619374,0.0849971696734428,0.0849716812372208
0.9140823730644582,0.0849971696734428,0.0849716663360596
0.9141823820669789,0.0849971696734428,0.0849716663360596
0.9142823910694996,0.0849971696734428,0.0849716663360596
0.9143824000720203,0.0849971696734428,0.0849716812372208
0.9144824090745410,0.0849971696734428,0.0849716663360596
0.9145824180770616,0.0849971696734428,0.0849716663360596
0.9146824270795825,0.0849971696734428,0.0849716663360596
0.9147824360821031,0.0849971696734428,0.0849716663360596
0.9148824450846238,0.0849971696734428,0.0849716812372208
0.9149824540871445,0.0849971696734428,0.0849716663360596
0.9150824630896652,0.0849971696734428,0.0849716663360596
0.9151824720921858,0.0849971696734428,0.0849716663360596
0.9152824810947067,0.0849971696734428,0.0849716812372208
0.9153824900972274,0.0849971696734428,0.0849716812372208
0.9154824990997481,0.0849971696734428,0.0849716663360596
0.9155825081022688,0.0849971696734428,0.0849716663360596
0.9156825171047894,0.0849971696734428,0.0849716663360596
0.9157825261073103,0.0849971696734428,0.0849716663360596
0.9158825351098309,0.0849971696734428,0.0849716663360596
0.9159825441123516,0.0849971696734428,0.0849716663360596
0.9160825531148723,0.0849971696734428,0.0849716663360596
0.9161825621173930,0.0849971696734428,0.0849716663360596
0.9162825711199136,0.0849971696734428,0.0849716663360596
0.9163825801224345,0.0849971696734428,0.0849716663360596
0.9164825891249551,0.0849971696734428,0.0849716812372208
0.9165825981274759,0.0849971696734428,0.0849716812372208
0.9166826071299965,0.0849971696734428,0.0849716812372208
0.9167826161325172,0.0849971696734428,0.0849716812372208
0.9168826251350379,0.0849971696734428,0.0849716812372208
0.9169826341375586,0.0849971696734428,0.0849716663360596
0.9170826431400794,0.0849971696734428,0.0849716663360596
0.9171826521426001,0.0849971696734428,0.0849716663360596
0.9172826611451208,0.0849971696734428,0.0849716663360596
0.9173826701476414,0.0849971696734428,0.0849716663360596
0.9174826791501622,0.0849971696734428,0.0849716812372208
0.9175826881526828,0.0849971696734428,0.0849716663360596
0.9176826971552036,0.0849971696734428,0.0849716663360596
0.9177827061577243,0.0849971696734428,0.0849716663360596
0.9178827151602450,0.0849971696734428,0.0849716812372208
0.9179827241627657,0.0849971696734428,0.0849716663360596
0.9180827331652864,0.0849971696734428,0.0849716663360596
0.9181827421678070,0.0849971696734428,0.0849716663360596
0.9182827511703279,0.0849971696734428,0.0849716812372208
0.9183827601728485,0.0849971696734428,0.0849716812372208
0.9184827691753692,0.0849971696734428,0.0849716812372208
0.9185827781778899,0.0849971696734428,0.0849716663360596
0.9186827871804106,0.0849971696734428,0.0849716812372208
0.9187827961829312,0.0849971696734428,0.0849716812372208
0.9188828051854521,0.0849971696734428,0.0849716812372208
0.9189828141879728,0.0849971696734428,0.0849716812372208
0.9190828231904935,0.0849971696734428,0.0849716812372208
0.9191828321930142,0.0849971696734428,0.0849716663360596
0.9192828411955348,0.0849971696734428,0.0849716812372208
0.9193828501980557,0.0849971696734428,0.0849716812372208
0.9194828592005763,0.0849971696734428,0.0849716663360596
0.9195828682030970,0.0849971696734428,0.0849716663360596
0.9196828772056177,0.0849971696734428,0.0849716663360596
0.9197828862081384,0.0849971696734428,0.0849716812372208
0.9198828952106590,0.0849971696734428,0.0849716663360596
0.9199829042131799,0.0849971696734428,0.0849716812372208
0.9200829132157005,0.0849971696734428,0.0849716812372208
0.9201829222182213,0.0849971696734428,0.0849716812372208
0.9202829312207419,0.0849971696734428,0.0849716812372208
0.9203829402232626,0.0849971696734428,0.0849716812372208
0.9204829492257833,0.0849971696734428,0.0849716663360596
0.9205829582283040,0.0849971696734428,0.0849716812372208
0.9206829672308248,0.0849971696734428,0.0849716663360596
0.9207829762333455,0.0849971696734428,0.0849716812372208
0.9208829852358662,0.0849971696734428,0.0849716663360596
0.9209829942383868,0.0849971696734428,0.0849716663360596
0.9210830032409076,0.0849971696734428,0.0849716812372208
0.9211830122434282,0.0849971696734428,0.0849716812372208
0.9212830212459491,0.0849971696734428,0.0849716663360596
0.9213830302484697,0.0849971696734428,0.0849716812372208
0.9214830392509904,0.0849971696734428,0.0849716812372208
0.9215830482535111,0.0849971696734428,0.0849716812372208
0.9216830572560318,0.0849971696734428,0.0849716812372208
0.9217830662585524,0.0849971696734428,0.0849716812372208
0.9218830752610733,0.0849971696734428,0.0849716812372208
0.9219830842635939,0.0849971696734428,0.0849716663360596
0.9220830932661146,0.0849971696734428,0.0849716663360596
0.9221831022686353,0.0849971696734428,0.0849716663360596
0.9222831112711560,0.0849971696734428,0.0849716663360596
0.9223831202736769,0.0849971696734428,0.0849716812372208
0.9224831292761975,0.0849971696734428,0.0849716812372208
0.9225831382787182,0.0849971696734428,0.0849716663360596
0.9226831472812389,0.0849971696734428,0.0849716663360596
0.9227831562837596,0.0849971696734428,0.0849716812372208
0.9228831652862802,0.0849971696734428,0.0849716663360596
0.9229831742888011,0.0849971696734428,0.0849716812372208
0.9230831832913217,0.0849971696734428,0.0849716663360596
0.9231831922938424,0.0849971696734428,0.0849716812372208
0.9232832012963631,0.0849971696734428,0.0849716812372208
0.9233832102988838,0.0849971696734428,0.0849716812372208
0.9234832193014045,0.0849971696734428,0.0849716812372208
0.9235832283039253,0.0849971696734428,0.0849716812372208
0.9236832373064459,0.0849971696734428,0.0849716812372208
0.9237832463089667,0.0849971696734428,0.0849716663360596
0.9238832553114873,0.0849971696734428,0.0849716812372208
0.9239832643140080,0.0849971696734428,0.0849716812372208
0.9240832733165288,0.0849971696734428,0.0849716663360596
0.9241832823190494,0.0849971696734428,0.0849716663360596
0.9242832913215702,0.0849971696734428,0.0849716663360596
0.9243833003240909,0.0849971696734428,0.0849716663360596
0.9244833093266116,0.0849971696734428,0.0849716663360596
0.9245833183291323,0.0849971696734428,0.0849716663360596
0.9246833273316530,0.0849971696734428,0.0849716663360596
0.9247833363341736,0.0849971696734428,0.0849716663360596
0.9248833453366945,0.0849971696734428,0.0849716812372208
0.9249833543392151,0.0849971696734428,0.0849716812372208
0.9250833633417358,0.0849971696734428,0.0849716812372208
0.9251833723442565,0.0849971696734428,0.0849716663360596
0.9252833813467772,0.0849971696734428,0.0849716663360596
0.9253833903492978,0.0849971696734428,0.0849716663360596
0.9254833993518187,0.0849971696734428,0.0849716663360596
0.9255834083543393,0.0849971696734428,0.0849716663360596
0.9256834173568601,0.0849971696734428,0.0849716663360596
0.9257834263593808,0.0849971696734428,0.0849716812372208
0.9258834353619014,0.0849971696734428,0.0849716663360596
0.9259834443644223,0.0849971696734428,0.0849716663360596
0.9260834533669429,0.0849971696734428,0.0849716663360596
0.9261834623694636,0.0849971696734428,0.0849716663360596
0.9262834713719843,0.0849971696734428,0.0849716663360596
0.9263834803745050,0.0849971696734428,0.0849716663360596
0.9264834893770256,0.0849971696734428,0.0849716663360596
0.9265834983795465,0.0849971696734428,0.0849716663360596
0.9266835073820671,0.0849971696734428,0.0849716812372208
0.9267835163845878,0.0849971696734428,0.0849716812372208
0.9268835253871085,0.0849971696734428,0.0849716812372208
0.9269835343896292,0.0849971696734428,0.0849716663360596
0.9270835433921499,0.0849971696734428,0.0849716663360596
0.9271835523946707,0.0849971696734428,0.0849716663360596
0.9272835613971913,0.0849971696734428,0.0849716663360596
0.9273835703997121,0.0849971696734428,0.0849716663360596
0.9274835794022327,0.0849971696734428,0.0849716663360596
0.9275835884047534,0.0849971696734428,0.0849716663360596
0.9276835974072742,0.0849971696734428,0.0849716663360596
0.9277836064097948,0.0849971696734428,0.0849716663360596
0.9278836154123156,0.0849971696734428,0.0849716663360596
0.9279836244148363,0.0849971696734428,0.0849716663360596
0.9280836334173570,0.0849971696734428,0.0849716663360596
0.9281836424198777,0.0849971696734428,0.0849716663360596
0.9282836514223984,0.0849971696734428,0.0849716812372208
0.9283836604249190,0.0849971696734428,0.0849716663360596
0.9284836694274399,0.0849971696734428,0.0849716812372208
0.9285836784299605,0.0849971696734428,0.0849716663360596
0.9286836874324812,0.0849971696734428,0.0849716663360596
0.9287836964350019,0.0849971696734428,0.0849716663360596
0.9288837054375226,0.0849971696734428,0.0849716663360596
0.9289837144400432,0.0849971696734428,0.0849716663360596
0.9290837234425641,0.0849971696734428,0.0849716663360596
0.9291837324450847,0.0849971696734428,0.0849716663360596
0.9292837414476055,0.0849971696734428,0.0849716663360596
0.9293837504501262,0.0849971696734428,0.0849716663360596
0.9294837594526468,0.0849971696734428,0.0849716663360596
0.9295837684551677,0.0849971696734428,0.0849716663360596
0.9296837774576883,0.0849971696734428,0.0849716812372208
0.9297837864602090,0.0849971696734428,0.0849716663360596
0.9298837954627297,0.0849971696734428,0.0849716663360596
0.9299838044652504,0.0849971696734428,0.0849716812372208
0.9300838134677710,0.0849971696734428,0.0849716663360596
0.9301838224702919,0.0849971696734428,0.0849716812372208
0.9302838314728125,0.0849971696734428,0.0849716663360596
0.9303838404753333,0.0849971696734428,0.0849716663360596
0.9304838494778539,0.0849971696734428,0.0849716663360596
0.9305838584803746,0.0849971696734428,0.0849716663360596
0.9306838674828953,0.0849971696734428,0.0849716663360596
0.9307838764854161,0.0849971696734428,0.0849716663360596
0.9308838854879367,0.0849971696734428,0.0849716663360596
0.9309838944904575,0.0849971696734428,0.0849716663360596
0.9310839034929782,0.0849971696734428,0.0849716663360596
0.9311839124954988,0.0849971696734428,0.0849716663360596
0.9312839214980196,0.0849971696734428,0.0849716663360596
0.9313839305005402,0.0849971696734428,0.0849716663360596
0.9314839395030611,0.0849971696734428,0.0849716663360596
0.9315839485055817,0.0849971696734428,0.0849716812372208
0.9316839575081024,0.0849971696734428,0.0849716663360596
0.9317839665106231,0.0849971696734428,0.0849716812372208
0.9318839755131438,0.0849971696734428,0.0849716663360596
0.9319839845156644,0.0849971696734428,0.0849716663360596
0.9320839935181853,0.0849971696734428,0.0849716663360596
0.9321840025207059,0.0849971696734428,0.0849716663360596
0.9322840115232266,0.0849971696734428,0.0849716663360596
0.9323840205257473,0.0849971696734428,0.0849716663360596
0.9324840295282680,0.0849971696734428,0.0849716663360596
0.9325840385307888,0.0849971696734428,0.0849716663360596
0.9326840475333095,0.0849971696734428,0.0849716663360596
0.9327840565358302,0.0849971696734428,0.0849716663360596
0.9328840655383509,0.0849971696734428,0.0849716663360596
0.9329840745408716,0.0849971696734428,0.0849716663360596
0.9330840835433922,0.0849971696734428,0.0849716663360596
0.9331840925459131,0.0849971696734428,0.0849716812372208
0.9332841015484337,0.0849971696734428,0.0849716812372208
0.9333841105509544,0.0849971696734428,0.0849716812372208
0.9334841195534751,0.0849971696734428,0.0849716812372208
0.9335841285559958,0.0849971696734428,0.0849716663360596
0.9336841375585165,0.0849971696734428,0.0849716663360596
0.9337841465610373,0.0849971696734428,0.0849716812372208
0.9338841555635579,0.0849971696734428,0.0849716663360596
0.9339841645660787,0.0849971696734428,0.0849716663360596
0.9340841735685993,0.0849971696734428,0.0849716663360596
0.9341841825711200,0.0849971696734428,0.0849716663360596
0.9342841915736407,0.0849971696734428,0.0849716663360596
0.9343842005761614,0.0849971696734428,0.0849716663360596
0.9344842095786821,0.0849971696734428,0.0849716663360596
0.9345842185812029,0.0849971696734428,0.0849716663360596
0.9346842275837236,0.0849971696734428,0.0849716663360596
0.9347842365862443,0.0849971696734428,0.0849716663360596
0.9348842455887650,0.0849971696734428,0.0849716812372208
0.9349842545912856,0.0849971696734428,0.0849716663360596
0.9350842635938065,0.0849971696734428,0.0849716812372208
0.9351842725963271,0.0849971696734428,0.0849716812372208
0.9352842815988478,0.0849971696734428,0.0849716812372208
0.9353842906013685,0.0849971696734428,0.0849716663360596
0.9354842996038892,0.0849971696734428,0.0849716663360596
0.9355843086064098,0.0849971696734428,0.0849716663360596
0.9356843176089307,0.0849971696734428,0.0849716663360596
0.9357843266114513,0.0849971696734428,0.0849716812372208
0.9358843356139721,0.0849971696734428,0.0849716663360596
0.9359843446164927,0.0849971696734428,0.0849716663360596
0.9360843536190134,0.0849971696734428,0.0849716663360596
0.9361843626215343,0.0849971696734428,0.0849716663360596
0.9362843716240549,0.0849971696734428,0.0849716663360596
0.9363843806265756,0.0849971696734428,0.0849716663360596
0.9364843896290963,0.0849971696734428,0.0849716663360596
0.9365843986316170,0.0849971696734428,0.0849716812372208
0.9366844076341376,0.0849971696734428,0.0849716812372208
0.9367844166366585,0.0849971696734428,0.0849716812372208
0.9368844256391791,0.0849971696734428,0.0849716663360596
0.9369844346416998,0.0849971696734428,0.0849716663360596
0.9370844436442205,0.0849971696734428,0.0849716663360596
0.9371844526467412,0.0849971696734428,0.0849716663360596
0.9372844616492619,0.0849971696734428,0.0849716663360596
0.9373844706517827,0.0849971696734428,0.0849716663360596
0.9374844796543033,0.0849971696734428,0.0849716663360596
0.9375844886568241,0.0849971696734428,0.0849716663360596
0.9376844976593447,0.0849971696734428,0.0849716663360596
0.9377845066618654,0.0849971696734428,0.0849716663360596
0.9378845156643861,0.0849971696734428,0.0849716663360596
0.9379845246669068,0.0849971696734428,0.0849716663360596
0.9380845336694276,0.0849971696734428,0.0849716663360596
0.9381845426719483,0.0849971696734428,0.0849716663360596
0.9382845516744690,0.0849971696734428,0.0849716663360596
0.9383845606769897,0.0849971696734428,0.0849716812372208
0.9384845696795104,0.0849971696734428,0.0849716812372208
0.9385845786820310,0.0849971696734428,0.0849716663360596
0.9386845876845519,0.0849971696734428,0.0849716663360596
0.9387845966870725,0.0849971696734428,0.0849716663360596
0.9388846056895932,0.0849971696734428,0.0849716812372208
0.9389846146921139,0.0849971696734428,0.0849716663360596
0.9390846236946346,0.0849971696734428,0.0849716812372208
0.9391846326971552,0.0849971696734428,0.0849716663360596
0.9392846416996761,0.0849971696734428,0.0849716812372208
0.9393846507021967,0.0849971696734428,0.0849716663360596
0.9394846597047175,0.0849971696734428,0.0849716663360596
0.9395846687072381,0.0849971696734428,0.0849716663360596
0.9396846777097588,0.0849971696734428,0.0849716663360596
0.9397846867122797,0.0849971696734428,0.0849716663360596
0.9398846957148003,0.0849971696734428,0.0849716812372208
0.9399847047173210,0.0849971696734428,0.0849716812372208
0.9400847137198417,0.0849971696734428,0.0849716812372208
0.9401847227223624,0.0849971696734428,0.0849716812372208
0.9402847317248830,0.0849971696734428,0.0849716663360596
0.9403847407274039,0.0849971696734428,0.0849716812372208
0.9404847497299245,0.0849971696734428,0.0849716663360596
0.9405847587324453,0.0849971696734428,0.0849716663360596
0.9406847677349659,0.0849971696734428,0.0849716663360596
0.9407847767374866,0.0849971696734428,0.0849716663360596
0.9408847857400073,0.0849971696734428,0.0849716812372208
0.9409847947425281,0.0849971696734428,0.0849716663360596
0.9410848037450487,0.0849971696734428,0.0849716663360596
0.9411848127475695,0.0849971696734428,0.0849716663360596
0.9412848217500901,0.0849971696734428,0.0849716663360596
0.9413848307526108,0.0849971696734428,0.0849716663360596
0.9414848397551316,0.0849971696734428,0.0849716663360596
0.9415848487576522,0.0849971696734428,0.0849716663360596
0.9416848577601731,0.0849971696734428,0.0849716663360596
0.9417848667626937,0.0849971696734428,0.0849716812372208
0.9418848757652144,0.0849971696734428,0.0849716812372208
0.9419848847677351,0.0849971696734428,0.0849716663360596
0.9420848937702558,0.0849971696734428,0.0849716812372208
0.9421849027727764,0.0849971696734428,0.0849716663360596
0.9422849117752973,0.0849971696734428,0.0849716663360596
0.9423849207778179,0.0849971696734428,0.0849716663360596
0.9424849297803386,0.0849971696734428,0.0849716812372208
0.9425849387828593,0.0849971696734428,0.0849716663360596
0.9426849477853800,0.0849971696734428,0.0849716663360596
0.9427849567879008,0.0849971696734428,0.0849716812372208
0.9428849657904215,0.0849971696734428,0.0849716812372208
0.9429849747929421,0.0849971696734428,0.0849716663360596
0.9430849837954629,0.0849971696734428,0.0849716812372208
0.9431849927979836,0.0849971696734428,0.0849716812372208
0.9432850018005042,0.0849971696734428,0.0849716812372208
0.9433850108030251,0.0849971696734428,0.0849716812372208
0.9434850198055457,0.0849971696734428,0.0849716812372208
0.9435850288080664,0.0849971696734428,0.0849716812372208
0.9436850378105871,0.0849971696734428,0.0849716663360596
0.9437850468131078,0.0849971696734428,0.0849716663360596
0.9438850558156285,0.0849971696734428,0.0849716812372208
0.9439850648181493,0.0849971696734428,0.0849716663360596
0.9440850738206699,0.0849971696734428,0.0849716663360596
0.9441850828231907,0.0849971696734428,0.0849716663360596
0.9442850918257113,0.0849971696734428,0.0849716663360596
0.9443851008282320,0.0849971696734428,0.0849716663360596
0.9444851098307527,0.0849971696734428,0.0849716663360596
0.9445851188332735,0.0849971696734428,0.0849716663360596
0.9446851278357941,0.0849971696734428,0.0849716663360596
0.9447851368383149,0.0849971696734428,0.0849716663360596
0.9448851458408355,0.0849971696734428,0.0849716812372208
0.9449851548433563,0.0849971696734428,0.0849716663360596
0.9450851638458770,0.0849971696734428,0.0849716812372208
0.9451851728483976,0.0849971696734428,0.0849716812372208
0.9452851818509185,0.0849971696734428,0.0849716663360596
0.9453851908534391,0.0849971696734428,0.0849716663360596
0.9454851998559598,0.0849971696734428,0.0849716663360596
0.9455852088584805,0.0849971696734428,0.0849716663360596
0.9456852178610012,0.0849971696734428,0.0849716663360596
0.9457852268635218,0.0849971696734428,0.0849716663360596
0.9458852358660427,0.0849971696734428,0.0849716663360596
0.9459852448685633,0.0849971696734428,0.0849716663360596
0.9460852538710840,0.0849971696734428,0.0849716663360596
0.9461852628736047,0.0849971696734428,0.0849716663360596
0.9462852718761254,0.0849971696734428,0.0849716663360596
0.9463852808786462,0.0849971696734428,0.0849716663360596
0.9464852898811669,0.0849971696734428,0.0849716663360596
0.9465852988836875,0.0849971696734428,0.0849716812372208
0.9466853078862083,0.0849971696734428,0.0849716663360596
0.9467853168887290,0.0849971696734428,0.0849716812372208
0.9468853258912496,0.0849971696734428,0.0849716812372208
0.9469853348937705,0.0849971696734428,0.0849716663360596
0.9470853438962911,0.0849971696734428,0.0849716812372208
0.9471853528988118,0.0849971696734428,0.0849716812372208
0.9472853619013325,0.0849971696734428,0.0849716663360596
0.9473853709038532,0.0849971696734428,0.0849716812372208
0.9474853799063739,0.0849971696734428,0.0849716812372208
0.9475853889088947,0.0849971696734428,0.0849716663360596
0.9476853979114153,0.0849971696734428,0.0849716812372208
0.9477854069139361,0.0849971696734428,0.0849716663360596
0.9478854159164567,0.0849971696734428,0.0849716663360596
0.9479854249189774,0.0849971696734428,0.0849716663360596
0.9480854339214981,0.0849971696734428,0.0849716663360596
0.9481854429240189,0.0849971696734428,0.0849716663360596
0.9482854519265395,0.0849971696734428,0.0849716812372208
0.9483854609290603,0.0849971696734428,0.0849716812372208
0.9484854699315810,0.0849971696734428,0.0849716812372208
0.9485854789341017,0.0849971696734428,0.0849716663360596
0.9486854879366224,0.0849971696734428,0.0849716663360596
0.9487854969391430,0.0849971696734428,0.0849716663360596
0.9488855059416639,0.0849971696734428,0.0849716663360596
0.9489855149441845,0.0849971696734428,0.0849716663360596
0.9490855239467052,0.0849971696734428,0.0849716812372208
0.9491855329492259,0.0849971696734428,0.0849716663360596
0.9492855419517466,0.0849971696734428,0.0849716663360596
0.9493855509542672,0.0849971696734428,0.0849716663360596
0.9494855599567881,0.0849971696734428,0.0849716663360596
0.9495855689593087,0.0849971696734428,0.0849716663360596
0.9496855779618295,0.0849971696734428,0.0849716812372208
0.9497855869643501,0.0849971696734428,0.0849716663360596
0.9498855959668708,0.0849971696734428,0.0849716663360596
0.9499856049693916,0.0849971696734428,0.0849716812372208
0.9500856139719123,0.0849971696734428,0.0849716812372208
0.9501856229744330,0.0849971696734428,0.0849716812372208
0.9502856319769537,0.0849971696734428,0.0849716812372208
0.9503856409794744,0.0849971696734428,0.0849716663360596
0.9504856499819950,0.0849971696734428,0.0849716663360596
0.9505856589845159,0.0849971696734428,0.0849716663360596
0.9506856679870365,0.0849971696734428,0.0849716663360596
0.9507856769895573,0.0849971696734428,0.0849716663360596
0.9508856859920779,0.0849971696734428,0.0849716663360596
0.9509856949945986,0.0849971696734428,0.0849716663360596
0.9510857039971193,0.0849971696734428,0.0849716663360596
0.9511857129996401,0.0849971696734428,0.0849716663360596
0.9512857220021607,0.0849971696734428,0.0849716663360596
0.9513857310046815,0.0849971696734428,0.0849716663360596
0.9514857400072021,0.0849971696734428,0.0849716812372208
0.9515857490097228,0.0849971696734428,0.0849716812372208
0.9516857580122435,0.0849971696734428,0.0849716663360596
0.9517857670147643,0.0849971696734428,0.0849716812372208
0.9518857760172851,0.0849971696734428,0.0849716812372208
0.9519857850198057,0.0849971696734428,0.0849716812372208
0.9520857940223264,0.0849971696734428,0.0849716663360596
0.9521858030248471,0.0849971696734428,0.0849716663360596
0.9522858120273678,0.0849971696734428,0.0849716663360596
0.9523858210298884,0.0849971696734428,0.0849716663360596
0.9524858300324093,0.0849971696734428,0.0849716812372208
0.9525858390349299,0.0849971696734428,0.0849716663360596
0.9526858480374506,0.0849971696734428,0.0849716663360596
0.9527858570399713,0.0849971696734428,0.0849716663360596
0.9528858660424920,0.0849971696734428,0.0849716663360596
0.9529858750450128,0.0849971696734428,0.0849716663360596
0.9530858840475335,0.0849971696734428,0.0849716663360596
0.9531858930500541,0.0849971696734428,0.0849716812372208
0.9532859020525749,0.0849971696734428,0.0849716812372208
0.9533859110550955,0.0849971696734428,0.0849716812372208
0.9534859200576162,0.0849971696734428,0.0849716812372208
0.9535859290601369,0.0849971696734428,0.0849716812372208
0.9536859380626577,0.0849971696734428,0.0849716812372208
0.9537859470651784,0.0849971696734428,0.0849716663360596
0.9538859560676991,0.0849971696734428,0.0849716663360596
0.9539859650702198,0.0849971696734428,0.0849716663360596
0.9540859740727405,0.0849971696734428,0.0849716663360596
0.9541859830752613,0.0849971696734428,0.0849716663360596
0.9542859920777819,0.0849971696734428,0.0849716663360596
0.9543860010803027,0.0849971696734428,0.0849716663360596
0.9544860100828233,0.0849971696734428,0.0849716663360596
0.9545860190853440,0.0849971696734428,0.0849716663360596
0.9546860280878647,0.0849971696734428,0.0849716812372208
0.9547860370903855,0.0849971696734428,0.0849716663360596
0.9548860460929061,0.0849971696734428,0.0849716812372208
0.9549860550954269,0.0849971696734428,0.0849716663360596
0.9550860640979475,0.0849971696734428,0.0849716812372208
0.9551860731004682,0.0849971696734428,0.0849716812372208
0.9552860821029889,0.0849971696734428,0.0849716663360596
0.9553860911055096,0.0849971696734428,0.0849716812372208
0.9554861001080305,0.0849971696734428,0.0849716663360596
0.9555861091105511,0.0849971696734428,0.0849716812372208
0.9556861181130718,0.0849971696734428,0.0849716663360596
0.9557861271155925,0.0849971696734428,0.0849716663360596
0.9558861361181132,0.0849971696734428,0.0849716812372208
0.9559861451206338,0.0849971696734428,0.0849716663360596
0.9560861541231547,0.0849971696734428,0.0849716663360596
0.9561861631256753,0.0849971696734428,0.0849716663360596
0.9562861721281960,0.0849971696734428,0.0849716812372208
0.9563861811307167,0.0849971696734428,0.0849716663360596
0.9564861901332374,0.0849971696734428,0.0849716663360596
0.9565861991357582,0.0849971696734428,0.0849716812372208
0.9566862081382789,0.0849971696734428,0.0849716663360596
0.9567862171407995,0.0849971696734428,0.0849716663360596
0.9568862261433203,0.0849971696734428,0.0849716663360596
0.9569862351458409,0.0849971696734428,0.0849716812372208
0.9570862441483616,0.0849971696734428,0.0849716663360596
0.9571862531508825,0.0849971696734428,0.0849716663360596
0.9572862621534031,0.0849971696734428,0.0849716663360596
0.9573862711559238,0.0849971696734428,0.0849716663360596
0.9574862801584445,0.0849971696734428,0.0849716663360596
0.9575862891609652,0.0849971696734428,0.0849716663360596
0.9576862981634859,0.0849971696734428,0.0849716663360596
0.9577863071660067,0.0849971696734428,0.0849716663360596
0.9578863161685273,0.0849971696734428,0.0849716812372208
0.9579863251710481,0.0849971696734428,0.0849716663360596
0.9580863341735687,0.0849971696734428,0.0849716663360596
0.9581863431760894,0.0849971696734428,0.0849716812372208
0.9582863521786101,0.0849971696734428,0.0849716663360596
0.9583863611811309,0.0849971696734428,0.0849716812372208
0.9584863701836515,0.0849971696734428,0.0849716812372208
0.9585863791861723,0.0849971696734428,0.0849716812372208
0.9586863881886929,0.0849971696734428,0.0849716663360596
0.9587863971912137,0.0849971696734428,0.0849716812372208
0.9588864061937344,0.0849971696734428,0.0849716663360596
0.9589864151962550,0.0849971696734428,0.0849716663360596
0.9590864241987759,0.0849971696734428,0.0849716663360596
0.9591864332012965,0.0849971696734428,0.0849716663360596
0.9592864422038172,0.0849971696734428,0.0849716812372208
0.9593864512063379,0.0849971696734428,0.0849716663360596
0.9594864602088586,0.0849971696734428,0.0849716663360596
0.9595864692113792,0.0849971696734428,0.0849716663360596
0.9596864782139001,0.0849971696734428,0.0849716663360596
0.9597864872164207,0.0849971696734428,0.0849716812372208
0.9598864962189415,0.0849971696734428,0.0849716812372208
0.9599865052214621,0.0849971696734428,0.0849716812372208
0.9600865142239828,0.0849971696734428,0.0849716812372208
0.9601865232265036,0.0849971696734428,0.0849716812372208
0.9602865322290243,0.0849971696734428,0.0849716812372208
0.9603865412315449,0.0849971696734428,0.0849716812372208
0.9604865502340657,0.0849971696734428,0.0849716663360596
0.9605865592365863,0.0849971696734428,0.0849716663360596
0.9606865682391070,0.0849971696734428,0.0849716663360596
0.9607865772416279,0.0849971696734428,0.0849716812372208
0.9608865862441485,0.0849971696734428,0.0849716663360596
0.9609865952466693,0.0849971696734428,0.0849716812372208
0.9610866042491899,0.0849971696734428,0.0849716663360596
0.9611866132517106,0.0849971696734428,0.0849716663360596
0.9612866222542313,0.0849971696734428,0.0849716663360596
0.9613866312567521,0.0849971696734428,0.0849716663360596
0.9614866402592727,0.0849971696734428,0.0849716812372208
0.9615866492617935,0.0849971696734428,0.0849716812372208
0.9616866582643141,0.0849971696734428,0.0849716812372208
0.9617866672668348,0.0849971696734428,0.0849716812372208
0.9618866762693555,0.0849971696734428,0.0849716663360596
0.9619866852718763,0.0849971696734428,0.0849716663360596
0.9620866942743970,0.0849971696734428,0.0849716663360596
0.9621867032769177,0.0849971696734428,0.0849716812372208
0.9622867122794383,0.0849971696734428,0.0849716812372208
0.9623867212819591,0.0849971696734428,0.0849716663360596
0.9624867302844798,0.0849971696734428,0.0849716663360596
0.9625867392870004,0.0849971696734428,0.0849716663360596
0.9626867482895213,0.0849971696734428,0.0849716663360596
0.9627867572920419,0.0849971696734428,0.0849716663360596
0.9628867662945626,0.0849971696734428,0.0849716663360596
0.9629867752970833,0.0849971696734428,0.0849716812372208
0.9630867842996040,0.0849971696734428,0.0849716663360596
0.9631867933021248,0.0849971696734428,0.0849716812372208
0.9632868023046455,0.0849971696734428,0.0849716812372208
0.9633868113071661,0.0849971696734428,0.0849716812372208
0.9634868203096869,0.0849971696734428,0.0849716812372208
0.9635868293122075,0.0849971696734428,0.0849716812372208
0.9636868383147282,0.0849971696734428,0.0849716812372208
0.9637868473172490,0.0849971696734428,0.0849716812372208
0.9638868563197697,0.0849971696734428,0.0849716812372208
0.9639868653222903,0.0849971696734428,0.0849716663360596
0.9640868743248111,0.0849971696734428,0.0849716812372208
0.9641868833273318,0.0849971696734428,0.0849716812372208
0.9642868923298524,0.0849971696734428,0.0849716663360596
0.9643869013323733,0.0849971696734428,0.0849716663360596
0.9644869103348939,0.0849971696734428,0.0849716663360596
0.9645869193374147,0.0849971696734428,0.0849716663360596
0.9646869283399353,0.0849971696734428,0.0849716663360596
0.9647869373424560,0.0849971696734428,0.0849716812372208
0.9648869463449767,0.0849971696734428,0.0849716812372208
0.9649869553474975,0.0849971696734428,0.0849716663360596
0.9650869643500181,0.0849971696734428,0.0849716812372208
0.9651869733525389,0.0849971696734428,0.0849716663360596
0.9652869823550595,0.0849971696734428,0.0849716663360596
0.9653869913575802,0.0849971696734428,0.0849716663360596
0.9654870003601009,0.0849971696734428,0.0849716663360596
0.9655870093626217,0.0849971696734428,0.0849716663360596
0.9656870183651424,0.0849971696734428,0.0849716663360596
0.9657870273676631,0.0849971696734428,0.0849716663360596
0.9658870363701838,0.0849971696734428,0.0849716663360596
0.9659870453727045,0.0849971696734428,0.0849716812372208
0.9660870543752252,0.0849971696734428,0.0849716663360596
0.9661870633777458,0.0849971696734428,0.0849716663360596
0.9662870723802667,0.0849971696734428,0.0849716812372208
0.9663870813827873,0.0849971696734428,0.0849716663360596
0.9664870903853080,0.0849971696734428,0.0849716663360596
0.9665870993878287,0.0849971696734428,0.0849716812372208
0.9666871083903494,0.0849971696734428,0.0849716812372208
0.9667871173928702,0.0849971696734428,0.0849716812372208
0.9668871263953909,0.0849971696734428,0.0849716663360596
0.9669871353979115,0.0849971696734428,0.0849716812372208
0.9670871444004323,0.0849971696734428,0.0849716663360596
0.9671871534029529,0.0849971696734428,0.0849716663360596
0.9672871624054736,0.0849971696734428,0.0849716663360596
0.9673871714079944,0.0849971696734428,0.0849716663360596
0.9674871804105151,0.0849971696734428,0.0849716663360596
0.9675871894130357,0.0849971696734428,0.0849716663360596
0.9676871984155565,0.0849971696734428,0.0849716663360596
0.9677872074180772,0.0849971696734428,0.0849716663360596
0.9678872164205979,0.0849971696734428,0.0849716663360596
0.9679872254231187,0.0849971696734428,0.0849716663360596
0.9680872344256393,0.0849971696734428,0.0849716663360596
0.9681872434281601,0.0849971696734428,0.0849716812372208
0.9682872524306807,0.0849971696734428,0.0849716663360596
0.9683872614332014,0.0849971696734428,0.0849716812372208
0.9684872704357221,0.0849971696734428,0.0849716663360596
0.9685872794382429,0.0849971696734428,0.0849716663360596
0.9686872884407635,0.0849971696734428,0.0849716663360596
0.9687872974432843,0.0849971696734428,0.0849716663360596
0.9688873064458049,0.0849971696734428,0.0849716663360596
0.9689873154483257,0.0849971696734428,0.0849716663360596
0.9690873244508463,0.0849971696734428,0.0849716663360596
0.9691873334533671,0.0849971696734428,0.0849716663360596
0.9692873424558879,0.0849971696734428,0.0849716663360596
0.9693873514584085,0.0849971696734428,0.0849716663360596
0.9694873604609292,0.0849971696734428,0.0849716663360596
0.9695873694634499,0.0849971696734428,0.0849716663360596
0.9696873784659706,0.0849971696734428,0.0849716663360596
0.9697873874684912,0.0849971696734428,0.0849716663360596
0.9698873964710121,0.0849971696734428,0.0849716663360596
0.9699874054735327,0.0849971696734428,0.0849716812372208
0.9700874144760535,0.0849971696734428,0.0849716812372208
0.9701874234785741,0.0849971696734428,0.0849716812372208
0.9702874324810948,0.0849971696734428,0.0849716663360596
0.9703874414836156,0.0849971696734428,0.0849716663360596
0.9704874504861363,0.0849971696734428,0.0849716663360596
0.9705874594886569,0.0849971696734428,0.0849716663360596
0.9706874684911777,0.0849971696734428,0.0849716663360596
0.9707874774936983,0.0849971696734428,0.0849716663360596
0.9708874864962190,0.0849971696734428,0.0849716663360596
0.9709874954987397,0.0849971696734428,0.0849716663360596
0.9710875045012605,0.0849971696734428,0.0849716663360596
0.9711875135037813,0.0849971696734428,0.0849716663360596
0.9712875225063019,0.0849971696734428,0.0849716663360596
0.9713875315088226,0.0849971696734428,0.0849716663360596
0.9714875405113433,0.0849971696734428,0.0849716812372208
0.9715875495138641,0.0849971696734428,0.0849716663360596
0.9716875585163847,0.0849971696734428,0.0849716812372208
0.9717875675189055,0.0849971696734428,0.0849716812372208
0.9718875765214261,0.0849971696734428,0.0849716663360596
0.9719875855239468,0.0849971696734428,0.0849716663360596
0.9720875945264675,0.0849971696734428,0.0849716663360596
0.9721876035289883,0.0849971696734428,0.0849716663360596
0.9722876125315090,0.0849971696734428,0.0849716663360596
0.9723876215340297,0.0849971696734428,0.0849716663360596
0.9724876305365503,0.0849971696734428,0.0849716663360596
0.9725876395390711,0.0849971696734428,0.0849716663360596
0.9726876485415917,0.0849971696734428,0.0849716663360596
0.9727876575441124,0.0849971696734428,0.0849716663360596
0.9728876665466333,0.0849971696734428,0.0849716663360596
0.9729876755491539,0.0849971696734428,0.0849716663360596
0.9730876845516746,0.0849971696734428,0.0849716663360596
0.9731876935541953,0.0849971696734428,0.0849716812372208
0.9732877025567160,0.0849971696734428,0.0849716663360596
0.9733877115592368,0.0849971696734428,0.0849716812372208
0.9734877205617575,0.0849971696734428,0.0849716663360596
0.9735877295642781,0.0849971696734428,0.0849716812372208
0.9736877385667989,0.0849971696734428,0.0849716663360596
0.9737877475693195,0.0849971696734428,0.0849716663360596
0.9738877565718402,0.0849971696734428,0.0849716663360596
0.9739877655743610,0.0849971696734428,0.0849716663360596
0.9740877745768817,0.0849971696734428,0.0849716663360596
0.9741877835794023,0.0849971696734428,0.0849716663360596
0.9742877925819231,0.0849971696734428,0.0849716663360596
0.9743878015844437,0.0849971696734428,0.0849716812372208
0.9744878105869644,0.0849971696734428,0.0849716663360596
0.9745878195894853,0.0849971696734428,0.0849716663360596
0.9746878285920059,0.0849971696734428,0.0849716663360596
0.9747878375945267,0.0849971696734428,0.0849716812372208
0.9748878465970473,0.0849971696734428,0.0849716812372208
0.9749878555995680,0.0849971696734428,0.0849716812372208
0.9750878646020887,0.0849971696734428,0.0849716812372208
0.9751878736046095,0.0849971696734428,0.0849716663360596
0.9752878826071301,0.0849971696734428,0.0849716663360596
0.9753878916096509,0.0849971696734428,0.0849716812372208
0.9754879006121715,0.0849971696734428,0.0849716812372208
0.9755879096146922,0.0849971696734428,0.0849716663360596
0.9756879186172129,0.0849971696734428,0.0849716812372208
0.9757879276197337,0.0849971696734428,0.0849716663360596
0.9758879366222544,0.0849971696734428,0.0849716663360596
0.9759879456247751,0.0849971696734428,0.0849716812372208
0.9760879546272957,0.0849971696734428,0.0849716663360596
0.9761879636298165,0.0849971696734428,0.0849716663360596
0.9762879726323372,0.0849971696734428,0.0849716663360596
0.9763879816348578,0.0849971696734428,0.0849716663360596
0.9764879906373787,0.0849971696734428,0.0849716663360596
0.9765879996398993,0.0849971696734428,0.0849716812372208
0.9766880086424200,0.0849971696734428,0.0849716663360596
0.9767880176449407,0.0849971696734428,0.0849716812372208
0.9768880266474614,0.0849971696734428,0.0849716663360596
0.9769880356499822,0.0849971696734428,0.0849716812372208
0.9770880446525029,0.0849971696734428,0.0849716663360596
0.9771880536550235,0.0849971696734428,0.0849716812372208
0.9772880626575443,0.0849971696734428,0.0849716663360596
0.9773880716600649,0.0849971696734428,0.0849716663360596
0.9774880806625856,0.0849971696734428,0.0849716663360596
0.9775880896651064,0.0849971696734428,0.0849716663360596
0.9776880986676271,0.0849971696734428,0.0849716663360596
0.9777881076701477,0.0849971696734428,0.0849716663360596
0.9778881166726685,0.0849971696734428,0.0849716663360596
0.9779881256751891,0.0849971696734428,0.0849716663360596
0.9780881346777099,0.0849971696734428,0.0849716663360596
0.9781881436802307,0.0849971696734428,0.0849716812372208
0.9782881526827513,0.0849971696734428,0.0849716663360596
0.9783881616852721,0.0849971696734428,0.0849716812372208
0.9784881706877927,0.0849971696734428,0.0849716812372208
0.9785881796903134,0.0849971696734428,0.0849716663360596
0.9786881886928341,0.0849971696734428,0.0849716663360596
0.9787881976953549,0.0849971696734428,0.0849716812372208
0.9788882066978755,0.0849971696734428,0.0849716812372208
0.9789882157003963,0.0849971696734428,0.0849716663360596
0.9790882247029169,0.0849971696734428,0.0849716663360596
0.9791882337054377,0.0849971696734428,0.0849716663360596
0.9792882427079583,0.0849971696734428,0.0849716812372208
0.9793882517104791,0.0849971696734428,0.0849716663360596
0.9794882607129998,0.0849971696734428,0.0849716663360596
0.9795882697155205,0.0849971696734428,0.0849716663360596
0.9796882787180411,0.0849971696734428,0.0849716663360596
0.9797882877205619,0.0849971696734428,0.0849716663360596
0.9798882967230826,0.0849971696734428,0.0849716812372208
0.9799883057256032,0.0849971696734428,0.0849716812372208
0.9800883147281241,0.0849971696734428,0.0849716812372208
0.9801883237306447,0.0849971696734428,0.0849716812372208
0.9802883327331655,0.0849971696734428,0.0849716663360596
0.9803883417356861,0.0849971696734428,0.0849716663360596
0.9804883507382068,0.0849971696734428,0.0849716812372208
0.9805883597407276,0.0849971696734428,0.0849716663360596
0.9806883687432483,0.0849971696734428,0.0849716663360596
0.9807883777457689,0.0849971696734428,0.0849716812372208
0.9808883867482897,0.0849971696734428,0.0849716663360596
0.9809883957508103,0.0849971696734428,0.0849716663360596
0.9810884047533310,0.0849971696734428,0.0849716663360596
0.9811884137558518,0.0849971696734428,0.0849716663360596
0.9812884227583725,0.0849971696734428,0.0849716812372208
0.9813884317608932,0.0849971696734428,0.0849716663360596
0.9814884407634139,0.0849971696734428,0.0849716812372208
0.9815884497659346,0.0849971696734428,0.0849716812372208
0.9816884587684553,0.0849971696734428,0.0849716812372208
0.9817884677709761,0.0849971696734428,0.0849716812372208
0.9818884767734967,0.0849971696734428,0.0849716812372208
0.9819884857760175,0.0849971696734428,0.0849716663360596
0.9820884947785381,0.0849971696734428,0.0849716812372208
0.9821885037810588,0.0849971696734428,0.0849716812372208
0.9822885127835795,0.0849971696734428,0.0849716663360596
0.9823885217861003,0.0849971696734428,0.0849716663360596
0.9824885307886210,0.0849971696734428,0.0849716663360596
0.9825885397911417,0.0849971696734428,0.0849716663360596
0.9826885487936623,0.0849971696734428,0.0849716812372208
0.9827885577961831,0.0849971696734428,0.0849716663360596
0.9828885667987037,0.0849971696734428,0.0849716663360596
0.9829885758012245,0.0849971696734428,0.0849716663360596
0.9830885848037452,0.0849971696734428,0.0849716663360596
0.9831885938062659,0.0849971696734428,0.0849716812372208
0.9832886028087866,0.0849971696734428,0.0849716812372208
0.9833886118113073,0.0849971696734428,0.0849716812372208
0.9834886208138280,0.0849971696734428,0.0849716663360596
0.9835886298163486,0.0849971696734428,0.0849716812372208
0.9836886388188695,0.0849971696734428,0.0849716663360596
0.9837886478213901,0.0849971696734428,0.0849716663360596
0.9838886568239109,0.0849971696734428,0.0849716663360596
0.9839886658264315,0.0849971696734428,0.0849716663360596
0.9840886748289522,0.0849971696734428,0.0849716663360596
0.9841886838314730,0.0849971696734428,0.0849716663360596
0.9842886928339937,0.0849971696734428,0.0849716663360596
0.9843887018365143,0.0849971696734428,0.0849716663360596
0.9844887108390351,0.0849971696734428,0.0849716663360596
0.9845887198415557,0.0849971696734428,0.0849716663360596
0.9846887288440764,0.0849971696734428,0.0849716663360596
0.9847887378465972,0.0849971696734428,0.0849716812372208
0.9848887468491179,0.0849971696734428,0.0849716812372208
0.9849887558516387,0.0849971696734428,0.0849716812372208
0.9850887648541593,0.0849971696734428,0.0849716812372208
0.9851887738566800,0.0849971696734428,0.0849716812372208
0.9852887828592007,0.0849971696734428,0.0849716812372208
0.9853887918617215,0.0849971696734428,0.0849716812372208
0.9854888008642421,0.0849971696734428,0.0849716663360596
0.9855888098667629,0.0849971696734428,0.0849716812372208
0.9856888188692835,0.0849971696734428,0.0849716663360596
0.9857888278718042,0.0849971696734428,0.0849716663360596
0.9858888368743249,0.0849971696734428,0.0849716663360596
0.9859888458768457,0.0849971696734428,0.0849716663360596
0.9860888548793664,0.0849971696734428,0.0849716663360596
0.9861888638818871,0.0849971696734428,0.0849716663360596
0.9862888728844077,0.0849971696734428,0.0849716663360596
0.9863888818869285,0.0849971696734428,0.0849716663360596
0.9864888908894491,0.0849971696734428,0.0849716812372208
0.9865888998919699,0.0849971696734428,0.0849716812372208
0.9866889088944906,0.0849971696734428,0.0849716812372208
0.9867889178970113,0.0849971696734428,0.0849716812372208
0.9868889268995320,0.0849971696734428,0.0849716812372208
0.9869889359020527,0.0849971696734428,0.0849716812372208
0.9870889449045734,0.0849971696734428,0.0849716663360596
0.9871889539070942,0.0849971696734428,0.0849716663360596
0.9872889629096149,0.0849971696734428,0.0849716812372208
0.9873889719121355,0.0849971696734428,0.0849716663360596
0.9874889809146563,0.0849971696734428,0.0849716663360596
0.9875889899171769,0.0849971696734428,0.0849716663360596
0.9876889989196976,0.0849971696734428,0.0849716812372208
0.9877890079222184,0.0849971696734428,0.0849716663360596
0.9878890169247391,0.0849971696734428,0.0849716663360596
0.9879890259272597,0.0849971696734428,0.0849716663360596
0.9880890349297805,0.0849971696734428,0.0849716663360596
0.9881890439323011,0.0849971696734428,0.0849716812372208
0.9882890529348219,0.0849971696734428,0.0849716812372208
0.9883890619373426,0.0849971696734428,0.0849716812372208
0.9884890709398633,0.0849971696734428,0.0849716663360596
0.9885890799423841,0.0849971696734428,0.0849716663360596
0.9886890889449047,0.0849971696734428,0.0849716663360596
0.9887890979474254,0.0849971696734428,0.0849716663360596
0.9888891069499461,0.0849971696734428,0.0849716663360596
0.9889891159524669,0.0849971696734428,0.0849716663360596
0.9890891249549875,0.0849971696734428,0.0849716663360596
0.9891891339575083,0.0849971696734428,0.0849716663360596
0.9892891429600289,0.0849971696734428,0.0849716663360596
0.9893891519625497,0.0849971696734428,0.0849716663360596
0.9894891609650703,0.0849971696734428,0.0849716663360596
0.9895891699675911,0.0849971696734428,0.0849716663360596
0.9896891789701118,0.0849971696734428,0.0849716663360596
0.9897891879726325,0.0849971696734428,0.0849716663360596
0.9898891969751531,0.0849971696734428,0.0849716663360596
0.9899892059776739,0.0849971696734428,0.0849716663360596
0.9900892149801945,0.0849971696734428,0.0849716812372208
0.9901892239827152,0.0849971696734428,0.0849716812372208
0.9902892329852361,0.0849971696734428,0.0849716812372208
0.9903892419877567,0.0849971696734428,0.0849716663360596
0.9904892509902775,0.0849971696734428,0.0849716812372208
0.9905892599927981,0.0849971696734428,0.0849716663360596
0.9906892689953188,0.0849971696734428,0.0849716663360596
0.9907892779978396,0.0849971696734428,0.0849716663360596
0.9908892870003603,0.0849971696734428,0.0849716663360596
0.9909892960028809,0.0849971696734428,0.0849716663360596
0.9910893050054017,0.0849971696734428,0.0849716663360596
0.9911893140079223,0.0849971696734428,0.0849716663360596
0.9912893230104430,0.0849971696734428,0.0849716663360596
0.9913893320129638,0.0849971696734428,0.0849716663360596
0.9914893410154845,0.0849971696734428,0.0849716812372208
0.9915893500180052,0.0849971696734428,0.0849716663360596
0.9916893590205259,0.0849971696734428,0.0849716812372208
0.9917893680230465,0.0849971696734428,0.0849716663360596
0.9918893770255673,0.0849971696734428,0.0849716663360596
0.9919893860280881,0.0849971696734428,0.0849716663360596
0.9920893950306087,0.0849971696734428,0.0849716663360596
0.9921894040331295,0.0849971696734428,0.0849716663360596
0.9922894130356501,0.0849971696734428,0.0849716663360596
0.9923894220381708,0.0849971696734428,0.0849716663360596
0.9924894310406915,0.0849971696734428,0.0849716663360596
0.9925894400432123,0.0849971696734428,0.0849716812372208
0.9926894490457329,0.0849971696734428,0.0849716663360596
0.9927894580482537,0.0849971696734428,0.0849716663360596
0.9928894670507743,0.0849971696734428,0.0849716663360596
0.9929894760532951,0.0849971696734428,0.0849716663360596
0.9930894850558157,0.0849971696734428,0.0849716663360596
0.9931894940583365,0.0849971696734428,0.0849716812372208
0.9932895030608572,0.0849971696734428,0.0849716663360596
0.9933895120633779,0.0849971696734428,0.0849716812372208
0.9934895210658985,0.0849971696734428,0.0849716663360596
0.9935895300684193,0.0849971696734428,0.0849716663360596
0.9936895390709399,0.0849971696734428,0.0849716663360596
0.9937895480734606,0.0849971696734428,0.0849716663360596
0.9938895570759815,0.0849971696734428,0.0849716663360596
0.9939895660785021,0.0849971696734428,0.0849716663360596
0.9940895750810229,0.0849971696734428,0.0849716663360596
0.9941895840835435,0.0849971696734428,0.0849716663360596
0.9942895930860642,0.0849971696734428,0.0849716663360596
0.9943896020885850,0.0849971696734428,0.0849716663360596
0.9944896110911057,0.0849971696734428,0.0849716663360596
0.9945896200936263,0.0849971696734428,0.0849716663360596
0.9946896290961471,0.0849971696734428,0.0849716663360596
0.9947896380986677,0.0849971696734428,0.0849716663360596
0.9948896471011884,0.0849971696734428,0.0849716812372208
0.9949896561037092,0.0849971696734428,0.0849716663360596
0.9950896651062299,0.0849971696734428,0.0849716812372208
0.9951896741087506,0.0849971696734428,0.0849716663360596
0.9952896831112713,0.0849971696734428,0.0849716663360596
0.9953896921137919,0.0849971696734428,0.0849716663360596
0.9954897011163127,0.0849971696734428,0.0849716663360596
0.9955897101188335,0.0849971696734428,0.0849716812372208
0.9956897191213541,0.0849971696734428,0.0849716663360596
0.9957897281238749,0.0849971696734428,0.0849716812372208
0.9958897371263955,0.0849971696734428,0.0849716663360596
0.9959897461289162,0.0849971696734428,0.0849716663360596
0.9960897551314369,0.0849971696734428,0.0849716663360596
0.9961897641339577,0.0849971696734428,0.0849716663360596
0.9962897731364784,0.0849971696734428,0.0849716663360596
0.9963897821389991,0.0849971696734428,0.0849716663360596
0.9964897911415197,0.0849971696734428,0.0849716812372208
0.9965898001440405,0.0849971696734428,0.0849716812372208
0.9966898091465611,0.0849971696734428,0.0849716663360596
0.9967898181490819,0.0849971696734428,0.0849716812372208
0.9968898271516026,0.0849971696734428,0.0849716663360596
0.9969898361541233,0.0849971696734428,0.0849716663360596
0.9970898451566439,0.0849971696734428,0.0849716663360596
0.9971898541591647,0.0849971696734428,0.0849716663360596
0.9972898631616854,0.0849971696734428,0.0849716812372208
0.9973898721642062,0.0849971696734428,0.0849716663360596
0.9974898811667269,0.0849971696734428,0.0849716663360596
0.9975898901692475,0.0849971696734428,0.0849716663360596
0.9976898991717683,0.0849971696734428,0.0849716663360596
0.9977899081742889,0.0849971696734428,0.0849716663360596
0.9978899171768096,0.0849971696734428,0.0849716663360596
0.9979899261793304,0.0849971696734428,0.0849716663360596
0.9980899351818511,0.0849971696734428,0.0849716663360596
0.9981899441843717,0.0849971696734428,0.0849716812372208
0.9982899531868925,0.0849971696734428,0.0849716812372208
0.9983899621894131,0.0849971696734428,0.0849716812372208
0.9984899711919339,0.0849971696734428,0.0849716663360596
0.9985899801944546,0.0849971696734428,0.0849716812372208
0.9986899891969753,0.0849971696734428,0.0849716663360596
0.9987899981994960,0.0849971696734428,0.0849716663360596
0.9988900072020167,0.0849971696734428,0.0849716663360596
0.9989900162045374,0.0849971696734428,0.0849716663360596
0.9990900252070581,0.0849971696734428,0.0849716663360596
0.9991900342095789,0.0849971696734428,0.0849716663360596
0.9992900432120995,0.0849971696734428,0.0849716663360596
0.9993900522146203,0.0849971696734428,0.0849716663360596
0.9994900612171409,0.0849971696734428,0.0849716812372208
0.9995900702196617,0.0849971696734428,0.0849716663360596
0.9996900792221823,0.0849971696734428,0.0849716663360596
0.9997900882247031,0.0849971696734428,0.0849716812372208
0.9998900972272238,0.0849971696734428,0.0849716812372208
0.9999901062297445,0.0849971696734428,0.0849716812372208
1.0000901152322652,0.0849971696734428,0.0849716812372208
1.0001901242347859,0.0849971696734428,0.0849716812372208
1.0002901332373066,0.0849971696734428,0.0849716812372208
1.0003901422398271,0.0849971696734428,0.0849716812372208
1.0004901512423481,0.0849971696734428,0.0849716663360596
1.0005901602448686,0.0849971696734428,0.0849716663360596
1.0006901692473895,0.0849971696734428,0.0849716663360596
1.0007901782499102,0.0849971696734428,0.0849716663360596
1.0008901872524307,0.0849971696734428,0.0849716663360596
1.0009901962549517,0.0849971696734428,0.0849716663360596
1.0010902052574722,0.0849971696734428,0.0849716663360596
1.0011902142599929,0.0849971696734428,0.0849716663360596
1.0012902232625136,0.0849971696734428,0.0849716663360596
1.0013902322650343,0.0849971696734428,0.0849716663360596
1.0014902412675550,0.0849971696734428,0.0849716812372208
1.0015902502700758,0.0849971696734428,0.0849716663360596
1.0016902592725965,0.0849971696734428,0.0849716812372208
1.0017902682751172,0.0849971696734428,0.0849716812372208
1.0018902772776379,0.0849971696734428,0.0849716812372208
1.0019902862801586,0.0849971696734428,0.0849716663360596
1.0020902952826793,0.0849971696734428,0.0849716663360596
1.0021903042852001,0.0849971696734428,0.0849716663360596
1.0022903132877206,0.0849971696734428,0.0849716663360596
1.0023903222902415,0.0849971696734428,0.0849716812372208
1.0024903312927622,0.0849971696734428,0.0849716663360596
1.0025903402952827,0.0849971696734428,0.0849716663360596
1.0026903492978037,0.0849971696734428,0.0849716812372208
1.0027903583003241,0.0849971696734428,0.0849716812372208
1.0028903673028449,0.0849971696734428,0.0849716663360596
1.0029903763053656,0.0849971696734428,0.0849716663360596
1.0030903853078863,0.0849971696734428,0.0849716663360596
1.0031903943104070,0.0849971696734428,0.0849716812372208
1.0032904033129277,0.0849971696734428,0.0849716663360596
1.0033904123154485,0.0849971696734428,0.0849716812372208
1.0034904213179692,0.0849971696734428,0.0849716812372208
1.0035904303204899,0.0849971696734428,0.0849716663360596
1.0036904393230106,0.0849971696734428,0.0849716663360596
1.0037904483255313,0.0849971696734428,0.0849716663360596
1.0038904573280520,0.0849971696734428,0.0849716663360596
1.0039904663305725,0.0849971696734428,0.0849716812372208
1.0040904753330935,0.0849971696734428,0.0849716663360596
1.0041904843356142,0.0849971696734428,0.0849716663360596
1.0042904933381349,0.0849971696734428,0.0849716663360596
1.0043905023406556,0.0849971696734428,0.0849716812372208
1.0044905113431761,0.0849971696734428,0.0849716663360596
1.0045905203456971,0.0849971696734428,0.0849716663360596
1.0046905293482176,0.0849971696734428,0.0849716812372208
1.0047905383507383,0.0849971696734428,0.0849716812372208
1.0048905473532590,0.0849971696734428,0.0849716812372208
1.0049905563557797,0.0849971696734428,0.0849716812372208
1.0050905653583004,0.0849971696734428,0.0849716663360596
1.0051905743608212,0.0849971696734428,0.0849716812372208
1.0052905833633419,0.0849971696734428,0.0849716812372208
1.0053905923658626,0.0849971696734428,0.0849716812372208
1.0054906013683833,0.0849971696734428,0.0849716663360596
1.0055906103709040,0.0849971696734428,0.0849716663360596
1.0056906193734247,0.0849971696734428,0.0849716663360596
1.0057906283759455,0.0849971696734428,0.0849716663360596
1.0058906373784660,0.0849971696734428,0.0849716663360596
1.0059906463809869,0.0849971696734428,0.0849716812372208
1.0060906553835076,0.0849971696734428,0.0849716663360596
1.0061906643860281,0.0849971696734428,0.0849716663360596
1.0062906733885491,0.0849971696734428,0.0849716663360596
1.0063906823910695,0.0849971696734428,0.0849716663360596
1.0064906913935905,0.0849971696734428,0.0849716812372208
1.0065907003961110,0.0849971696734428,0.0849716812372208
1.0066907093986317,0.0849971696734428,0.0849716812372208
1.0067907184011524,0.0849971696734428,0.0849716812372208
1.0068907274036731,0.0849971696734428,0.0849716812372208
1.0069907364061939,0.0849971696734428,0.0849716663360596
1.0070907454087146,0.0849971696734428,0.0849716663360596
1.0071907544112353,0.0849971696734428,0.0849716663360596
1.0072907634137560,0.0849971696734428,0.0849716663360596
1.0073907724162767,0.0849971696734428,0.0849716663360596
1.0074907814187974,0.0849971696734428,0.0849716663360596
1.0075907904213182,0.0849971696734428,0.0849716663360596
1.0076907994238389,0.0849971696734428,0.0849716663360596
1.0077908084263596,0.0849971696734428,0.0849716663360596
1.0078908174288803,0.0849971696734428,0.0849716663360596
1.0079908264314010,0.0849971696734428,0.0849716812372208
1.0080908354339215,0.0849971696734428,0.0849716663360596
1.0081908444364425,0.0849971696734428,0.0849716812372208
1.0082908534389630,0.0849971696734428,0.0849716812372208
1.0083908624414837,0.0849971696734428,0.0849716812372208
1.0084908714440044,0.0849971696734428,0.0849716663360596
1.0085908804465251,0.0849971696734428,0.0849716663360596
1.0086908894490458,0.0849971696734428,0.0849716663360596
1.0087908984515666,0.0849971696734428,0.0849716663360596
1.0088909074540873,0.0849971696734428,0.0849716663360596
1.0089909164566080,0.0849971696734428,0.0849716663360596
1.0090909254591287,0.0849971696734428,0.0849716663360596
1.0091909344616494,0.0849971696734428,0.0849716663360596
1.0092909434641701,0.0849971696734428,0.0849716663360596
1.0093909524666909,0.0849971696734428,0.0849716663360596
1.0094909614692116,0.0849971696734428,0.0849716663360596
1.0095909704717323,0.0849971696734428,0.0849716663360596
1.0096909794742530,0.0849971696734428,0.0849716663360596
1.0097909884767737,0.0849971696734428,0.0849716663360596
1.0098909974792944,0.0849971696734428,0.0849716812372208
1.0099910064818149,0.0849971696734428,0.0849716812372208
1.0100910154843359,0.0849971696734428,0.0849716812372208
1.0101910244868564,0.0849971696734428,0.0849716812372208
1.0102910334893771,0.0849971696734428,0.0849716663360596
1.0103910424918978,0.0849971696734428,0.0849716812372208
1.0104910514944185,0.0849971696734428,0.0849716663360596
1.0105910604969393,0.0849971696734428,0.0849716663360596
1.0106910694994600,0.0849971696734428,0.0849716663360596
1.0107910785019807,0.0849971696734428,0.0849716663360596
1.0108910875045014,0.0849971696734428,0.0849716663360596
1.0109910965070221,0.0849971696734428,0.0849716663360596
1.0110911055095428,0.0849971696734428,0.0849716663360596
1.0111911145120636,0.0849971696734428,0.0849716663360596
1.0112911235145843,0.0849971696734428,0.0849716663360596
1.0113911325171050,0.0849971696734428,0.0849716663360596
1.0114911415196257,0.0849971696734428,0.0849716663360596
1.0115911505221464,0.0849971696734428,0.0849716663360596
1.0116911595246669,0.0849971696734428,0.0849716812372208
1.0117911685271879,0.0849971696734428,0.0849716663360596
1.0118911775297084,0.0849971696734428,0.0849716663360596
1.0119911865322291,0.0849971696734428,0.0849716663360596
1.0120911955347498,0.0849971696734428,0.0849716663360596
1.0121912045372705,0.0849971696734428,0.0849716663360596
1.0122912135397912,0.0849971696734428,0.0849716663360596
1.0123912225423120,0.0849971696734428,0.0849716663360596
1.0124912315448327,0.0849971696734428,0.0849716663360596
1.0125912405473534,0.0849971696734428,0.0849716663360596
1.0126912495498741,0.0849971696734428,0.0849716663360596
1.0127912585523948,0.0849971696734428,0.0849716663360596
1.0128912675549155,0.0849971696734428,0.0849716663360596
1.0129912765574363,0.0849971696734428,0.0849716663360596
1.0130912855599570,0.0849971696734428,0.0849716663360596
1.0131912945624777,0.0849971696734428,0.0849716663360596
1.0132913035649984,0.0849971696734428,0.0849716663360596
1.0133913125675191,0.0849971696734428,0.0849716812372208
1.0134913215700398,0.0849971696734428,0.0849716812372208
1.0135913305725603,0.0849971696734428,0.0849716663360596
1.0136913395750813,0.0849971696734428,0.0849716663360596
1.0137913485776018,0.0849971696734428,0.0849716663360596
1.0138913575801225,0.0849971696734428,0.0849716663360596
1.0139913665826432,0.0849971696734428,0.0849716663360596
1.0140913755851639,0.0849971696734428,0.0849716663360596
1.0141913845876847,0.0849971696734428,0.0849716663360596
1.0142913935902054,0.0849971696734428,0.0849716663360596
1.0143914025927261,0.0849971696734428,0.0849716663360596
1.0144914115952468,0.0849971696734428,0.0849716663360596
1.0145914205977675,0.0849971696734428,0.0849716663360596
1.0146914296002882,0.0849971696734428,0.0849716663360596
1.0147914386028090,0.0849971696734428,0.0849716663360596
1.0148914476053297,0.0849971696734428,0.0849716812372208
1.0149914566078504,0.0849971696734428,0.0849716663360596
1.0150914656103711,0.0849971696734428,0.0849716663360596
1.0151914746128918,0.0849971696734428,0.0849716812372208
1.0152914836154123,0.0849971696734428,0.0849716663360596
1.0153914926179333,0.0849971696734428,0.0849716663360596
1.0154915016204538,0.0849971696734428,0.0849716663360596
1.0155915106229747,0.0849971696734428,0.0849716663360596
1.0156915196254952,0.0849971696734428,0.0849716663360596
1.0157915286280159,0.0849971696734428,0.0849716663360596
1.0158915376305366,0.0849971696734428,0.0849716663360596
1.0159915466330574,0.0849971696734428,0.0849716663360596
1.0160915556355781,0.0849971696734428,0.0849716663360596
1.0161915646380988,0.0849971696734428,0.0849716663360596
1.0162915736406195,0.0849971696734428,0.0849716663360596
1.0163915826431402,0.0849971696734428,0.0849716663360596
1.0164915916456609,0.0849971696734428,0.0849716812372208
1.0165916006481817,0.0849971696734428,0.0849716663360596
1.0166916096507024,0.0849971696734428,0.0849716663360596
1.0167916186532231,0.0849971696734428,0.0849716812372208
1.0168916276557438,0.0849971696734428,0.0849716812372208
1.0169916366582645,0.0849971696734428,0.0849716663360596
1.0170916456607852,0.0849971696734428,0.0849716663360596
1.0171916546633057,0.0849971696734428,0.0849716663360596
1.0172916636658267,0.0849971696734428,0.0849716663360596
1.0173916726683472,0.0849971696734428,0.0849716663360596
1.0174916816708679,0.0849971696734428,0.0849716663360596
1.0175916906733886,0.0849971696734428,0.0849716663360596
1.0176916996759093,0.0849971696734428,0.0849716663360596
1.0177917086784301,0.0849971696734428,0.0849716663360596
1.0178917176809508,0.0849971696734428,0.0849716663360596
1.0179917266834715,0.0849971696734428,0.0849716663360596
1.0180917356859922,0.0849971696734428,0.0849716663360596
1.0181917446885129,0.0849971696734428,0.0849716663360596
1.0182917536910336,0.0849971696734428,0.0849716663360596
1.0183917626935544,0.0849971696734428,0.0849716812372208
1.0184917716960751,0.0849971696734428,0.0849716663360596
1.0185917806985958,0.0849971696734428,0.0849716663360596
1.0186917897011165,0.0849971696734428,0.0849716663360596
1.0187917987036372,0.0849971696734428,0.0849716663360596
1.0188918077061579,0.0849971696734428,0.0849716663360596
1.0189918167086787,0.0849971696734428,0.0849716663360596
1.0190918257111992,0.0849971696734428,0.0849716663360596
1.0191918347137201,0.0849971696734428,0.0849716663360596
1.0192918437162406,0.0849971696734428,0.0849716812372208
1.0193918527187613,0.0849971696734428,0.0849716663360596
1.0194918617212820,0.0849971696734428,0.0849716812372208
1.0195918707238028,0.0849971696734428,0.0849716812372208
1.0196918797263235,0.0849971696734428,0.0849716663360596
1.0197918887288442,0.0849971696734428,0.0849716663360596
1.0198918977313649,0.0849971696734428,0.0849716812372208
1.0199919067338856,0.0849971696734428,0.0849716663360596
1.0200919157364063,0.0849971696734428,0.0849716812372208
1.0201919247389271,0.0849971696734428,0.0849716812372208
1.0202919337414478,0.0849971696734428,0.0849716663360596
1.0203919427439685,0.0849971696734428,0.0849716812372208
1.0204919517464892,0.0849971696734428,0.0849716812372208
1.0205919607490099,0.0849971696734428,0.0849716663360596
1.0206919697515306,0.0849971696734428,0.0849716812372208
1.0207919787540511,0.0849971696734428,0.0849716663360596
1.0208919877565721,0.0849971696734428,0.0849716663360596
1.0209919967590926,0.0849971696734428,0.0849716663360596
1.0210920057616133,0.0849971696734428,0.0849716663360596
1.0211920147641340,0.0849971696734428,0.0849716812372208
1.0212920237666547,0.0849971696734428,0.0849716663360596
1.0213920327691755,0.0849971696734428,0.0849716812372208
1.0214920417716962,0.0849971696734428,0.0849716812372208
1.0215920507742169,0.0849971696734428,0.0849716812372208
1.0216920597767376,0.0849971696734428,0.0849716812372208
1.0217920687792583,0.0849971696734428,0.0849716812372208
1.0218920777817790,0.0849971696734428,0.0849716812372208
1.0219920867842998,0.0849971696734428,0.0849716663360596
1.0220920957868205,0.0849971696734428,0.0849716812372208
1.0221921047893412,0.0849971696734428,0.0849716812372208
1.0222921137918619,0.0849971696734428,0.0849716812372208
1.0223921227943826,0.0849971696734428,0.0849716663360596
1.0224921317969033,0.0849971696734428,0.0849716663360596
1.0225921407994241,0.0849971696734428,0.0849716663360596
1.0226921498019446,0.0849971696734428,0.0849716812372208
1.0227921588044655,0.0849971696734428,0.0849716663360596
1.0228921678069860,0.0849971696734428,0.0849716812372208
1.0229921768095067,0.0849971696734428,0.0849716663360596
1.0230921858120274,0.0849971696734428,0.0849716812372208
1.0231921948145482,0.0849971696734428,0.0849716812372208
1.0232922038170689,0.0849971696734428,0.0849716812372208
1.0233922128195896,0.0849971696734428,0.0849716812372208
1.0234922218221105,0.0849971696734428,0.0849716812372208
1.0235922308246310,0.0849971696734428,0.0849716812372208
1.0236922398271517,0.0849971696734428,0.0849716812372208
1.0237922488296725,0.0849971696734428,0.0849716663360596
1.0238922578321932,0.0849971696734428,0.0849716663360596
1.0239922668347139,0.0849971696734428,0.0849716663360596
1.0240922758372346,0.0849971696734428,0.0849716663360596
1.0241922848397553,0.0849971696734428,0.0849716812372208
1.0242922938422760,0.0849971696734428,0.0849716812372208
1.0243923028447965,0.0849971696734428,0.0849716812372208
1.0244923118473173,0.0849971696734428,0.0849716812372208
1.0245923208498382,0.0849971696734428,0.0849716663360596
1.0246923298523589,0.0849971696734428,0.0849716663360596
1.0247923388548794,0.0849971696734428,0.0849716812372208
1.0248923478574001,0.0849971696734428,0.0849716812372208
1.0249923568599209,0.0849971696734428,0.0849716812372208
1.0250923658624418,0.0849971696734428,0.0849716663360596
1.0251923748649625,0.0849971696734428,0.0849716663360596
1.0252923838674830,0.0849971696734428,0.0849716663360596
1.0253923928700037,0.0849971696734428,0.0849716663360596
1.0254924018725244,0.0849971696734428,0.0849716663360596
1.0255924108750452,0.0849971696734428,0.0849716663360596
1.0256924198775659,0.0849971696734428,0.0849716663360596
1.0257924288800866,0.0849971696734428,0.0849716663360596
1.0258924378826073,0.0849971696734428,0.0849716663360596
1.0259924468851280,0.0849971696734428,0.0849716663360596
1.0260924558876485,0.0849971696734428,0.0849716663360596
1.0261924648901692,0.0849971696734428,0.0849716663360596
1.0262924738926902,0.0849971696734428,0.0849716812372208
1.0263924828952109,0.0849971696734428,0.0849716663360596
1.0264924918977314,0.0849971696734428,0.0849716812372208
1.0265925009002521,0.0849971696734428,0.0849716812372208
1.0266925099027728,0.0849971696734428,0.0849716812372208
1.0267925189052938,0.0849971696734428,0.0849716812372208
1.0268925279078145,0.0849971696734428,0.0849716812372208
1.0269925369103350,0.0849971696734428,0.0849716812372208
1.0270925459128557,0.0849971696734428,0.0849716812372208
1.0271925549153764,0.0849971696734428,0.0849716663360596
1.0272925639178971,0.0849971696734428,0.0849716812372208
1.0273925729204179,0.0849971696734428,0.0849716663360596
1.0274925819229386,0.0849971696734428,0.0849716812372208
1.0275925909254593,0.0849971696734428,0.0849716812372208
1.0276925999279800,0.0849971696734428,0.0849716663360596
1.0277926089305005,0.0849971696734428,0.0849716663360596
1.0278926179330214,0.0849971696734428,0.0849716663360596
1.0279926269355422,0.0849971696734428,0.0849716663360596
1.0280926359380629,0.0849971696734428,0.0849716663360596
1.0281926449405834,0.0849971696734428,0.0849716812372208
1.0282926539431041,0.0849971696734428,0.0849716812372208
1.0283926629456248,0.0849971696734428,0.0849716812372208
1.0284926719481458,0.0849971696734428,0.0849716812372208
1.0285926809506665,0.0849971696734428,0.0849716812372208
1.0286926899531870,0.0849971696734428,0.0849716663360596
1.0287926989557077,0.0849971696734428,0.0849716663360596
1.0288927079582284,0.0849971696734428,0.0849716663360596
1.0289927169607493,0.0849971696734428,0.0849716663360596
1.0290927259632698,0.0849971696734428,0.0849716663360596
1.0291927349657906,0.0849971696734428,0.0849716663360596
1.0292927439683113,0.0849971696734428,0.0849716663360596
1.0293927529708320,0.0849971696734428,0.0849716663360596
1.0294927619733525,0.0849971696734428,0.0849716663360596
1.0295927709758734,0.0849971696734428,0.0849716663360596
1.0296927799783941,0.0849971696734428,0.0849716663360596
1.0297927889809149,0.0849971696734428,0.0849716663360596
1.0298927979834354,0.0849971696734428,0.0849716812372208
1.0299928069859561,0.0849971696734428,0.0849716663360596
1.0300928159884770,0.0849971696734428,0.0849716812372208
1.0301928249909977,0.0849971696734428,0.0849716812372208
1.0302928339935185,0.0849971696734428,0.0849716663360596
1.0303928429960389,0.0849971696734428,0.0849716663360596
1.0304928519985597,0.0849971696734428,0.0849716663360596
1.0305928610010804,0.0849971696734428,0.0849716663360596
1.0306928700036013,0.0849971696734428,0.0849716663360596
1.0307928790061218,0.0849971696734428,0.0849716663360596
1.0308928880086425,0.0849971696734428,0.0849716663360596
1.0309928970111633,0.0849971696734428,0.0849716663360596
1.0310929060136840,0.0849971696734428,0.0849716663360596
1.0311929150162047,0.0849971696734428,0.0849716663360596
1.0312929240187254,0.0849971696734428,0.0849716663360596
1.0313929330212461,0.0849971696734428,0.0849716663360596
1.0314929420237668,0.0849971696734428,0.0849716663360596
1.0315929510262873,0.0849971696734428,0.0849716663360596
1.0316929600288081,0.0849971696734428,0.0849716812372208
1.0317929690313290,0.0849971696734428,0.0849716663360596
1.0318929780338497,0.0849971696734428,0.0849716663360596
1.0319929870363702,0.0849971696734428,0.0849716663360596
1.0320929960388909,0.0849971696734428,0.0849716663360596
1.0321930050414116,0.0849971696734428,0.0849716663360596
1.0322930140439326,0.0849971696734428,0.0849716663360596
1.0323930230464533,0.0849971696734428,0.0849716663360596
1.0324930320489738,0.0849971696734428,0.0849716663360596
1.0325930410514945,0.0849971696734428,0.0849716663360596
1.0326930500540152,0.0849971696734428,0.0849716663360596
1.0327930590565360,0.0849971696734428,0.0849716663360596
1.0328930680590567,0.0849971696734428,0.0849716663360596
1.0329930770615774,0.0849971696734428,0.0849716663360596
1.0330930860640981,0.0849971696734428,0.0849716663360596
1.0331930950666188,0.0849971696734428,0.0849716812372208
1.0332931040691393,0.0849971696734428,0.0849716812372208
1.0333931130716603,0.0849971696734428,0.0849716812372208
1.0334931220741810,0.0849971696734428,0.0849716663360596
1.0335931310767017,0.0849971696734428,0.0849716663360596
1.0336931400792222,0.0849971696734428,0.0849716663360596
1.0337931490817429,0.0849971696734428,0.0849716663360596
1.0338931580842636,0.0849971696734428,0.0849716663360596
1.0339931670867846,0.0849971696734428,0.0849716663360596
1.0340931760893053,0.0849971696734428,0.0849716663360596
1.0341931850918258,0.0849971696734428,0.0849716663360596
1.0342931940943465,0.0849971696734428,0.0849716663360596
1.0343932030968672,0.0849971696734428,0.0849716663360596
1.0344932120993882,0.0849971696734428,0.0849716663360596
1.0345932211019087,0.0849971696734428,0.0849716663360596
1.0346932301044294,0.0849971696734428,0.0849716663360596
1.0347932391069501,0.0849971696734428,0.0849716812372208
1.0348932481094708,0.0849971696734428,0.0849716663360596
1.0349932571119913,0.0849971696734428,0.0849716812372208
1.0350932661145122,0.0849971696734428,0.0849716663360596
1.0351932751170330,0.0849971696734428,0.0849716663360596
1.0352932841195537,0.0849971696734428,0.0849716663360596
1.0353932931220742,0.0849971696734428,0.0849716663360596
1.0354933021245949,0.0849971696734428,0.0849716663360596
1.0355933111271158,0.0849971696734428,0.0849716663360596
1.0356933201296366,0.0849971696734428,0.0849716663360596
1.0357933291321573,0.0849971696734428,0.0849716663360596
1.0358933381346778,0.0849971696734428,0.0849716663360596
1.0359933471371985,0.0849971696734428,0.0849716663360596
1.0360933561397192,0.0849971696734428,0.0849716663360596
1.0361933651422401,0.0849971696734428,0.0849716663360596
1.0362933741447606,0.0849971696734428,0.0849716663360596
1.0363933831472814,0.0849971696734428,0.0849716663360596
1.0364933921498021,0.0849971696734428,0.0849716812372208
1.0365934011523228,0.0849971696734428,0.0849716812372208
1.0366934101548435,0.0849971696734428,0.0849716663360596
1.0367934191573642,0.0849971696734428,0.0849716812372208
1.0368934281598849,0.0849971696734428,0.0849716812372208
1.0369934371624057,0.0849971696734428,0.0849716663360596
1.0370934461649262,0.0849971696734428,0.0849716663360596
1.0371934551674469,0.0849971696734428,0.0849716663360596
1.0372934641699678,0.0849971696734428,0.0849716663360596
1.0373934731724885,0.0849971696734428,0.0849716663360596
1.0374934821750093,0.0849971696734428,0.0849716663360596
1.0375934911775297,0.0849971696734428,0.0849716663360596
1.0376935001800505,0.0849971696734428,0.0849716663360596
1.0377935091825714,0.0849971696734428,0.0849716663360596
1.0378935181850921,0.0849971696734428,0.0849716663360596
1.0379935271876126,0.0849971696734428,0.0849716663360596
1.0380935361901333,0.0849971696734428,0.0849716663360596
1.0381935451926541,0.0849971696734428,0.0849716663360596
1.0382935541951748,0.0849971696734428,0.0849716663360596
1.0383935631976955,0.0849971696734428,0.0849716812372208
1.0384935722002162,0.0849971696734428,0.0849716663360596
1.0385935812027369,0.0849971696734428,0.0849716663360596
1.0386935902052576,0.0849971696734428,0.0849716663360596
1.0387935992077781,0.0849971696734428,0.0849716812372208
1.0388936082102991,0.0849971696734428,0.0849716663360596
1.0389936172128198,0.0849971696734428,0.0849716663360596
1.0390936262153405,0.0849971696734428,0.0849716663360596
1.0391936352178612,0.0849971696734428,0.0849716663360596
1.0392936442203817,0.0849971696734428,0.0849716663360596
1.0393936532229024,0.0849971696734428,0.0849716663360596
1.0394936622254234,0.0849971696734428,0.0849716663360596
1.0395936712279441,0.0849971696734428,0.0849716663360596
1.0396936802304646,0.0849971696734428,0.0849716812372208
1.0397936892329853,0.0849971696734428,0.0849716812372208
1.0398936982355060,0.0849971696734428,0.0849716812372208
1.0399937072380270,0.0849971696734428,0.0849716812372208
1.0400937162405475,0.0849971696734428,0.0849716812372208
1.0401937252430682,0.0849971696734428,0.0849716812372208
1.0402937342455889,0.0849971696734428,0.0849716663360596
1.0403937432481096,0.0849971696734428,0.0849716663360596
1.0404937522506301,0.0849971696734428,0.0849716663360596
1.0405937612531511,0.0849971696734428,0.0849716663360596
1.0406937702556718,0.0849971696734428,0.0849716812372208
1.0407937792581925,0.0849971696734428,0.0849716663360596
1.0408937882607132,0.0849971696734428,0.0849716812372208
1.0409937972632337,0.0849971696734428,0.0849716663360596
1.0410938062657547,0.0849971696734428,0.0849716663360596
1.0411938152682754,0.0849971696734428,0.0849716663360596
1.0412938242707961,0.0849971696734428,0.0849716812372208
1.0413938332733166,0.0849971696734428,0.0849716812372208
1.0414938422758373,0.0849971696734428,0.0849716812372208
1.0415938512783580,0.0849971696734428,0.0849716812372208
1.0416938602808790,0.0849971696734428,0.0849716812372208
1.0417938692833995,0.0849971696734428,0.0849716663360596
1.0418938782859202,0.0849971696734428,0.0849716663360596
1.0419938872884409,0.0849971696734428,0.0849716812372208
1.0420938962909616,0.0849971696734428,0.0849716663360596
1.0421939052934823,0.0849971696734428,0.0849716663360596
1.0422939142960030,0.0849971696734428,0.0849716812372208
1.0423939232985238,0.0849971696734428,0.0849716663360596
1.0424939323010445,0.0849971696734428,0.0849716663360596
1.0425939413035652,0.0849971696734428,0.0849716663360596
1.0426939503060857,0.0849971696734428,0.0849716663360596
1.0427939593086066,0.0849971696734428,0.0849716812372208
1.0428939683111274,0.0849971696734428,0.0849716663360596
1.0429939773136481,0.0849971696734428,0.0849716663360596
1.0430939863161686,0.0849971696734428,0.0849716663360596
1.0431939953186893,0.0849971696734428,0.0849716812372208
1.0432940043212102,0.0849971696734428,0.0849716812372208
1.0433940133237309,0.0849971696734428,0.0849716812372208
1.0434940223262514,0.0849971696734428,0.0849716812372208
1.0435940313287722,0.0849971696734428,0.0849716663360596
1.0436940403312929,0.0849971696734428,0.0849716663360596
1.0437940493338136,0.0849971696734428,0.0849716663360596
1.0438940583363343,0.0849971696734428,0.0849716663360596
1.0439940673388550,0.0849971696734428,0.0849716663360596
1.0440940763413757,0.0849971696734428,0.0849716812372208
1.0441940853438965,0.0849971696734428,0.0849716663360596
1.0442940943464172,0.0849971696734428,0.0849716663360596
1.0443941033489377,0.0849971696734428,0.0849716663360596
1.0444941123514586,0.0849971696734428,0.0849716663360596
1.0445941213539793,0.0849971696734428,0.0849716812372208
1.0446941303565001,0.0849971696734428,0.0849716663360596
1.0447941393590205,0.0849971696734428,0.0849716812372208
1.0448941483615413,0.0849971696734428,0.0849716812372208
1.0449941573640622,0.0849971696734428,0.0849716812372208
1.0450941663665829,0.0849971696734428,0.0849716812372208
1.0451941753691034,0.0849971696734428,0.0849716663360596
1.0452941843716241,0.0849971696734428,0.0849716663360596
1.0453941933741449,0.0849971696734428,0.0849716812372208
1.0454942023766656,0.0849971696734428,0.0849716812372208
1.0455942113791863,0.0849971696734428,0.0849716812372208
1.0456942203817070,0.0849971696734428,0.0849716663360596
1.0457942293842277,0.0849971696734428,0.0849716812372208
1.0458942383867484,0.0849971696734428,0.0849716812372208
1.0459942473892689,0.0849971696734428,0.0849716663360596
1.0460942563917899,0.0849971696734428,0.0849716812372208
1.0461942653943106,0.0849971696734428,0.0849716812372208
1.0462942743968313,0.0849971696734428,0.0849716812372208
1.0463942833993520,0.0849971696734428,0.0849716663360596
1.0464942924018725,0.0849971696734428,0.0849716812372208
1.0465943014043932,0.0849971696734428,0.0849716812372208
1.0466943104069142,0.0849971696734428,0.0849716812372208
1.0467943194094349,0.0849971696734428,0.0849716812372208
1.0468943284119554,0.0849971696734428,0.0849716812372208
1.0469943374144761,0.0849971696734428,0.0849716663360596
1.0470943464169968,0.0849971696734428,0.0849716663360596
1.0471943554195178,0.0849971696734428,0.0849716812372208
1.0472943644220383,0.0849971696734428,0.0849716663360596
1.0473943734245590,0.0849971696734428,0.0849716812372208
1.0474943824270797,0.0849971696734428,0.0849716663360596
1.0475943914296004,0.0849971696734428,0.0849716663360596
1.0476944004321209,0.0849971696734428,0.0849716663360596
1.0477944094346419,0.0849971696734428,0.0849716663360596
1.0478944184371626,0.0849971696734428,0.0849716663360596
1.0479944274396833,0.0849971696734428,0.0849716812372208
1.0480944364422040,0.0849971696734428,0.0849716663360596
1.0481944454447245,0.0849971696734428,0.0849716812372208
1.0482944544472454,0.0849971696734428,0.0849716663360596
1.0483944634497662,0.0849971696734428,0.0849716812372208
1.0484944724522869,0.0849971696734428,0.0849716663360596
1.0485944814548074,0.0849971696734428,0.0849716663360596
1.0486944904573281,0.0849971696734428,0.0849716663360596
1.0487944994598488,0.0849971696734428,0.0849716663360596
1.0488945084623698,0.0849971696734428,0.0849716663360596
1.0489945174648903,0.0849971696734428,0.0849716663360596
1.0490945264674110,0.0849971696734428,0.0849716663360596
1.0491945354699317,0.0849971696734428,0.0849716663360596
1.0492945444724524,0.0849971696734428,0.0849716663360596
1.0493945534749733,0.0849971696734428,0.0849716663360596
1.0494945624774938,0.0849971696734428,0.0849716663360596
1.0495945714800146,0.0849971696734428,0.0849716663360596
1.0496945804825353,0.0849971696734428,0.0849716663360596
1.0497945894850560,0.0849971696734428,0.0849716663360596
1.0498945984875765,0.0849971696734428,0.0849716663360596
1.0499946074900974,0.0849971696734428,0.0849716663360596
1.0500946164926181,0.0849971696734428,0.0849716812372208
1.0501946254951389,0.0849971696734428,0.0849716812372208
1.0502946344976594,0.0849971696734428,0.0849716663360596
1.0503946435001801,0.0849971696734428,0.0849716663360596
1.0504946525027010,0.0849971696734428,0.0849716663360596
1.0505946615052217,0.0849971696734428,0.0849716663360596
1.0506946705077422,0.0849971696734428,0.0849716663360596
1.0507946795102630,0.0849971696734428,0.0849716663360596
1.0508946885127837,0.0849971696734428,0.0849716663360596
1.0509946975153044,0.0849971696734428,0.0849716663360596
1.0510947065178251,0.0849971696734428,0.0849716812372208
1.0511947155203458,0.0849971696734428,0.0849716663360596
1.0512947245228665,0.0849971696734428,0.0849716663360596
1.0513947335253873,0.0849971696734428,0.0849716663360596
1.0514947425279080,0.0849971696734428,0.0849716663360596
1.0515947515304287,0.0849971696734428,0.0849716663360596
1.0516947605329494,0.0849971696734428,0.0849716812372208
1.0517947695354701,0.0849971696734428,0.0849716812372208
1.0518947785379908,0.0849971696734428,0.0849716812372208
1.0519947875405113,0.0849971696734428,0.0849716663360596
1.0520947965430321,0.0849971696734428,0.0849716663360596
1.0521948055455530,0.0849971696734428,0.0849716663360596
1.0522948145480737,0.0849971696734428,0.0849716663360596
1.0523948235505942,0.0849971696734428,0.0849716663360596
1.0524948325531149,0.0849971696734428,0.0849716663360596
1.0525948415556357,0.0849971696734428,0.0849716663360596
1.0526948505581566,0.0849971696734428,0.0849716663360596
1.0527948595606771,0.0849971696734428,0.0849716663360596
1.0528948685631978,0.0849971696734428,0.0849716663360596
1.0529948775657185,0.0849971696734428,0.0849716663360596
1.0530948865682392,0.0849971696734428,0.0849716663360596
1.0531948955707600,0.0849971696734428,0.0849716663360596
1.0532949045732807,0.0849971696734428,0.0849716812372208
1.0533949135758014,0.0849971696734428,0.0849716812372208
1.0534949225783221,0.0849971696734428,0.0849716663360596
1.0535949315808428,0.0849971696734428,0.0849716663360596
1.0536949405833633,0.0849971696734428,0.0849716812372208
1.0537949495858843,0.0849971696734428,0.0849716812372208
1.0538949585884050,0.0849971696734428,0.0849716663360596
1.0539949675909257,0.0849971696734428,0.0849716663360596
1.0540949765934462,0.0849971696734428,0.0849716663360596
1.0541949855959669,0.0849971696734428,0.0849716663360596
1.0542949945984876,0.0849971696734428,0.0849716663360596
1.0543950036010086,0.0849971696734428,0.0849716663360596
1.0544950126035291,0.0849971696734428,0.0849716812372208
1.0545950216060498,0.0849971696734428,0.0849716812372208
1.0546950306085705,0.0849971696734428,0.0849716812372208
1.0547950396110912,0.0849971696734428,0.0849716812372208
1.0548950486136122,0.0849971696734428,0.0849716812372208
1.0549950576161327,0.0849971696734428,0.0849716812372208
1.0550950666186534,0.0849971696734428,0.0849716663360596
1.0551950756211741,0.0849971696734428,0.0849716812372208
1.0552950846236948,0.0849971696734428,0.0849716663360596
1.0553950936262153,0.0849971696734428,0.0849716663360596
1.0554951026287362,0.0849971696734428,0.0849716663360596
1.0555951116312570,0.0849971696734428,0.0849716663360596
1.0556951206337777,0.0849971696734428,0.0849716663360596
1.0557951296362982,0.0849971696734428,0.0849716663360596
1.0558951386388189,0.0849971696734428,0.0849716663360596
1.0559951476413398,0.0849971696734428,0.0849716663360596
1.0560951566438606,0.0849971696734428,0.0849716663360596
1.0561951656463811,0.0849971696734428,0.0849716663360596
1.0562951746489018,0.0849971696734428,0.0849716663360596
1.0563951836514225,0.0849971696734428,0.0849716663360596
1.0564951926539432,0.0849971696734428,0.0849716812372208
1.0565952016564641,0.0849971696734428,0.0849716812372208
1.0566952106589846,0.0849971696734428,0.0849716812372208
1.0567952196615054,0.0849971696734428,0.0849716812372208
1.0568952286640261,0.0849971696734428,0.0849716812372208
1.0569952376665468,0.0849971696734428,0.0849716812372208
1.0570952466690675,0.0849971696734428,0.0849716663360596
1.0571952556715882,0.0849971696734428,0.0849716663360596
1.0572952646741089,0.0849971696734428,0.0849716663360596
1.0573952736766297,0.0849971696734428,0.0849716663360596
1.0574952826791502,0.0849971696734428,0.0849716812372208
1.0575952916816709,0.0849971696734428,0.0849716663360596
1.0576953006841918,0.0849971696734428,0.0849716663360596
1.0577953096867125,0.0849971696734428,0.0849716663360596
1.0578953186892330,0.0849971696734428,0.0849716663360596
1.0579953276917538,0.0849971696734428,0.0849716663360596
1.0580953366942745,0.0849971696734428,0.0849716812372208
1.0581953456967954,0.0849971696734428,0.0849716812372208
1.0582953546993161,0.0849971696734428,0.0849716812372208
1.0583953637018366,0.0849971696734428,0.0849716663360596
1.0584953727043573,0.0849971696734428,0.0849716812372208
1.0585953817068781,0.0849971696734428,0.0849716663360596
1.0586953907093988,0.0849971696734428,0.0849716663360596
1.0587953997119195,0.0849971696734428,0.0849716663360596
1.0588954087144402,0.0849971696734428,0.0849716663360596
1.0589954177169609,0.0849971696734428,0.0849716663360596
1.0590954267194816,0.0849971696734428,0.0849716812372208
1.0591954357220021,0.0849971696734428,0.0849716663360596
1.0592954447245231,0.0849971696734428,0.0849716663360596
1.0593954537270438,0.0849971696734428,0.0849716812372208
1.0594954627295645,0.0849971696734428,0.0849716663360596
1.0595954717320850,0.0849971696734428,0.0849716663360596
1.0596954807346057,0.0849971696734428,0.0849716663360596
1.0597954897371265,0.0849971696734428,0.0849716663360596
1.0598954987396474,0.0849971696734428,0.0849716812372208
1.0599955077421681,0.0849971696734428,0.0849716812372208
1.0600955167446886,0.0849971696734428,0.0849716812372208
1.0601955257472093,0.0849971696734428,0.0849716812372208
1.0602955347497300,0.0849971696734428,0.0849716663360596
1.0603955437522510,0.0849971696734428,0.0849716663360596
1.0604955527547715,0.0849971696734428,0.0849716812372208
1.0605955617572922,0.0849971696734428,0.0849716663360596
1.0606955707598129,0.0849971696734428,0.0849716663360596
1.0607955797623336,0.0849971696734428,0.0849716663360596
1.0608955887648541,0.0849971696734428,0.0849716663360596
1.0609955977673751,0.0849971696734428,0.0849716812372208
1.0610956067698958,0.0849971696734428,0.0849716663360596
1.0611956157724165,0.0849971696734428,0.0849716663360596
1.0612956247749370,0.0849971696734428,0.0849716663360596
1.0613956337774577,0.0849971696734428,0.0849716812372208
1.0614956427799787,0.0849971696734428,0.0849716812372208
1.0615956517824994,0.0849971696734428,0.0849716812372208
1.0616956607850201,0.0849971696734428,0.0849716812372208
1.0617956697875406,0.0849971696734428,0.0849716812372208
1.0618956787900613,0.0849971696734428,0.0849716812372208
1.0619956877925820,0.0849971696734428,0.0849716663360596
1.0620956967951030,0.0849971696734428,0.0849716663360596
1.0621957057976235,0.0849971696734428,0.0849716812372208
1.0622957148001442,0.0849971696734428,0.0849716812372208
1.0623957238026649,0.0849971696734428,0.0849716663360596
1.0624957328051856,0.0849971696734428,0.0849716663360596
1.0625957418077063,0.0849971696734428,0.0849716663360596
1.0626957508102270,0.0849971696734428,0.0849716663360596
1.0627957598127478,0.0849971696734428,0.0849716812372208
1.0628957688152685,0.0849971696734428,0.0849716663360596
1.0629957778177890,0.0849971696734428,0.0849716812372208
1.0630957868203097,0.0849971696734428,0.0849716812372208
1.0631957958228306,0.0849971696734428,0.0849716812372208
1.0632958048253514,0.0849971696734428,0.0849716812372208
1.0633958138278721,0.0849971696734428,0.0849716812372208
1.0634958228303926,0.0849971696734428,0.0849716812372208
1.0635958318329133,0.0849971696734428,0.0849716812372208
1.0636958408354340,0.0849971696734428,0.0849716663360596
1.0637958498379549,0.0849971696734428,0.0849716663360596
1.0638958588404754,0.0849971696734428,0.0849716663360596
1.0639958678429962,0.0849971696734428,0.0849716663360596
1.0640958768455169,0.0849971696734428,0.0849716663360596
1.0641958858480376,0.0849971696734428,0.0849716663360596
1.0642958948505583,0.0849971696734428,0.0849716812372208
1.0643959038530790,0.0849971696734428,0.0849716663360596
1.0644959128555997,0.0849971696734428,0.0849716663360596
1.0645959218581205,0.0849971696734428,0.0849716812372208
1.0646959308606410,0.0849971696734428,0.0849716663360596
1.0647959398631617,0.0849971696734428,0.0849716812372208
1.0648959488656826,0.0849971696734428,0.0849716663360596
1.0649959578682033,0.0849971696734428,0.0849716812372208
1.0650959668707238,0.0849971696734428,0.0849716812372208
1.0651959758732445,0.0849971696734428,0.0849716663360596
1.0652959848757653,0.0849971696734428,0.0849716663360596
1.0653959938782862,0.0849971696734428,0.0849716663360596
1.0654960028808069,0.0849971696734428,0.0849716663360596
1.0655960118833274,0.0849971696734428,0.0849716812372208
1.0656960208858481,0.0849971696734428,0.0849716663360596
1.0657960298883689,0.0849971696734428,0.0849716663360596
1.0658960388908896,0.0849971696734428,0.0849716663360596
1.0659960478934103,0.0849971696734428,0.0849716663360596
1.0660960568959310,0.0849971696734428,0.0849716663360596
1.0661960658984517,0.0849971696734428,0.0849716663360596
1.0662960749009724,0.0849971696734428,0.0849716663360596
1.0663960839034929,0.0849971696734428,0.0849716663360596
1.0664960929060139,0.0849971696734428,0.0849716812372208
1.0665961019085346,0.0849971696734428,0.0849716663360596
1.0666961109110553,0.0849971696734428,0.0849716812372208
1.0667961199135758,0.0849971696734428,0.0849716812372208
1.0668961289160965,0.0849971696734428,0.0849716663360596
1.0669961379186172,0.0849971696734428,0.0849716812372208
1.0670961469211382,0.0849971696734428,0.0849716663360596
1.0671961559236589,0.0849971696734428,0.0849716663360596
1.0672961649261794,0.0849971696734428,0.0849716663360596
1.0673961739287001,0.0849971696734428,0.0849716663360596
1.0674961829312208,0.0849971696734428,0.0849716663360596
1.0675961919337418,0.0849971696734428,0.0849716663360596
1.0676962009362623,0.0849971696734428,0.0849716663360596
1.0677962099387830,0.0849971696734428,0.0849716663360596
1.0678962189413037,0.0849971696734428,0.0849716663360596
1.0679962279438244,0.0849971696734428,0.0849716663360596
1.0680962369463449,0.0849971696734428,0.0849716663360596
1.0681962459488659,0.0849971696734428,0.0849716812372208
1.0682962549513866,0.0849971696734428,0.0849716812372208
1.0683962639539073,0.0849971696734428,0.0849716812372208
1.0684962729564278,0.0849971696734428,0.0849716663360596
1.0685962819589485,0.0849971696734428,0.0849716663360596
1.0686962909614695,0.0849971696734428,0.0849716663360596
1.0687962999639902,0.0849971696734428,0.0849716663360596
1.0688963089665109,0.0849971696734428,0.0849716663360596
1.0689963179690314,0.0849971696734428,0.0849716663360596
1.0690963269715521,0.0849971696734428,0.0849716663360596
1.0691963359740728,0.0849971696734428,0.0849716663360596
1.0692963449765938,0.0849971696734428,0.0849716663360596
1.0693963539791143,0.0849971696734428,0.0849716663360596
1.0694963629816350,0.0849971696734428,0.0849716663360596
1.0695963719841557,0.0849971696734428,0.0849716663360596
1.0696963809866764,0.0849971696734428,0.0849716663360596
1.0697963899891971,0.0849971696734428,0.0849716663360596
1.0698963989917178,0.0849971696734428,0.0849716812372208
1.0699964079942386,0.0849971696734428,0.0849716663360596
1.0700964169967593,0.0849971696734428,0.0849716812372208
1.0701964259992798,0.0849971696734428,0.0849716663360596
1.0702964350018005,0.0849971696734428,0.0849716663360596
1.0703964440043214,0.0849971696734428,0.0849716663360596
1.0704964530068422,0.0849971696734428,0.0849716663360596
1.0705964620093629,0.0849971696734428,0.0849716663360596
1.0706964710118834,0.0849971696734428,0.0849716663360596
1.0707964800144041,0.0849971696734428,0.0849716663360596
1.0708964890169250,0.0849971696734428,0.0849716663360596
1.0709964980194457,0.0849971696734428,0.0849716663360596
1.0710965070219662,0.0849971696734428,0.0849716663360596
1.0711965160244870,0.0849971696734428,0.0849716663360596
1.0712965250270077,0.0849971696734428,0.0849716663360596
1.0713965340295284,0.0849971696734428,0.0849716812372208
1.0714965430320491,0.0849971696734428,0.0849716663360596
1.0715965520345698,0.0849971696734428,0.0849716812372208
1.0716965610370905,0.0849971696734428,0.0849716812372208
1.0717965700396113,0.0849971696734428,0.0849716663360596
1.0718965790421318,0.0849971696734428,0.0849716663360596
1.0719965880446527,0.0849971696734428,0.0849716663360596
1.0720965970471734,0.0849971696734428,0.0849716663360596
1.0721966060496941,0.0849971696734428,0.0849716663360596
1.0722966150522149,0.0849971696734428,0.0849716663360596
1.0723966240547353,0.0849971696734428,0.0849716663360596
1.0724966330572561,0.0849971696734428,0.0849716663360596
1.0725966420597770,0.0849971696734428,0.0849716663360596
1.0726966510622977,0.0849971696734428,0.0849716663360596
1.0727966600648182,0.0849971696734428,0.0849716663360596
1.0728966690673389,0.0849971696734428,0.0849716663360596
1.0729966780698597,0.0849971696734428,0.0849716663360596
1.0730966870723806,0.0849971696734428,0.0849716812372208
1.0731966960749011,0.0849971696734428,0.0849716663360596
1.0732967050774218,0.0849971696734428,0.0849716812372208
1.0733967140799425,0.0849971696734428,0.0849716812372208
1.0734967230824632,0.0849971696734428,0.0849716663360596
1.0735967320849837,0.0849971696734428,0.0849716663360596
1.0736967410875047,0.0849971696734428,0.0849716663360596
1.0737967500900254,0.0849971696734428,0.0849716663360596
1.0738967590925461,0.0849971696734428,0.0849716812372208
1.0739967680950668,0.0849971696734428,0.0849716663360596
1.0740967770975873,0.0849971696734428,0.0849716663360596
1.0741967861001083,0.0849971696734428,0.0849716663360596
1.0742967951026290,0.0849971696734428,0.0849716663360596
1.0743968041051497,0.0849971696734428,0.0849716663360596
1.0744968131076702,0.0849971696734428,0.0849716663360596
1.0745968221101909,0.0849971696734428,0.0849716663360596
1.0746968311127116,0.0849971696734428,0.0849716663360596
1.0747968401152326,0.0849971696734428,0.0849716812372208
1.0748968491177531,0.0849971696734428,0.0849716663360596
1.0749968581202738,0.0849971696734428,0.0849716663360596
1.0750968671227945,0.0849971696734428,0.0849716663360596
1.0751968761253152,0.0849971696734428,0.0849716663360596
1.0752968851278359,0.0849971696734428,0.0849716663360596
1.0753968941303567,0.0849971696734428,0.0849716663360596
1.0754969031328774,0.0849971696734428,0.0849716663360596
1.0755969121353981,0.0849971696734428,0.0849716663360596
1.0756969211379188,0.0849971696734428,0.0849716663360596
1.0757969301404393,0.0849971696734428,0.0849716663360596
1.0758969391429603,0.0849971696734428,0.0849716663360596
1.0759969481454810,0.0849971696734428,0.0849716663360596
1.0760969571480017,0.0849971696734428,0.0849716663360596
1.0761969661505222,0.0849971696734428,0.0849716663360596
1.0762969751530429,0.0849971696734428,0.0849716663360596
1.0763969841555638,0.0849971696734428,0.0849716663360596
1.0764969931580846,0.0849971696734428,0.0849716812372208
1.0765970021606051,0.0849971696734428,0.0849716812372208
1.0766970111631258,0.0849971696734428,0.0849716812372208
1.0767970201656465,0.0849971696734428,0.0849716812372208
1.0768970291681672,0.0849971696734428,0.0849716663360596
1.0769970381706879,0.0849971696734428,0.0849716663360596
1.0770970471732086,0.0849971696734428,0.0849716663360596
1.0771970561757294,0.0849971696734428,0.0849716663360596
1.0772970651782501,0.0849971696734428,0.0849716663360596
1.0773970741807708,0.0849971696734428,0.0849716663360596
1.0774970831832915,0.0849971696734428,0.0849716663360596
1.0775970921858122,0.0849971696734428,0.0849716663360596
1.0776971011883330,0.0849971696734428,0.0849716663360596
1.0777971101908537,0.0849971696734428,0.0849716663360596
1.0778971191933742,0.0849971696734428,0.0849716663360596
1.0779971281958949,0.0849971696734428,0.0849716812372208
1.0780971371984158,0.0849971696734428,0.0849716812372208
1.0781971462009365,0.0849971696734428,0.0849716812372208
1.0782971552034570,0.0849971696734428,0.0849716812372208
1.0783971642059778,0.0849971696734428,0.0849716812372208
1.0784971732084985,0.0849971696734428,0.0849716812372208
1.0785971822110194,0.0849971696734428,0.0849716663360596
1.0786971912135399,0.0849971696734428,0.0849716663360596
1.0787972002160606,0.0849971696734428,0.0849716663360596
1.0788972092185813,0.0849971696734428,0.0849716663360596
1.0789972182211021,0.0849971696734428,0.0849716812372208
1.0790972272236226,0.0849971696734428,0.0849716663360596
1.0791972362261435,0.0849971696734428,0.0849716812372208
1.0792972452286642,0.0849971696734428,0.0849716663360596
1.0793972542311849,0.0849971696734428,0.0849716663360596
1.0794972632337057,0.0849971696734428,0.0849716663360596
1.0795972722362261,0.0849971696734428,0.0849716663360596
1.0796972812387471,0.0849971696734428,0.0849716663360596
1.0797972902412678,0.0849971696734428,0.0849716812372208
1.0798972992437885,0.0849971696734428,0.0849716812372208
1.0799973082463090,0.0849971696734428,0.0849716812372208
1.0800973172488297,0.0849971696734428,0.0849716812372208
1.0801973262513505,0.0849971696734428,0.0849716812372208
1.0802973352538714,0.0849971696734428,0.0849716812372208
1.0803973442563919,0.0849971696734428,0.0849716812372208
1.0804973532589126,0.0849971696734428,0.0849716812372208
1.0805973622614333,0.0849971696734428,0.0849716812372208
1.0806973712639540,0.0849971696734428,0.0849716663360596
1.0807973802664750,0.0849971696734428,0.0849716663360596
1.0808973892689955,0.0849971696734428,0.0849716663360596
1.0809973982715162,0.0849971696734428,0.0849716663360596
1.0810974072740369,0.0849971696734428,0.0849716663360596
1.0811974162765576,0.0849971696734428,0.0849716812372208
1.0812974252790781,0.0849971696734428,0.0849716663360596
1.0813974342815991,0.0849971696734428,0.0849716812372208
1.0814974432841198,0.0849971696734428,0.0849716812372208
1.0815974522866405,0.0849971696734428,0.0849716812372208
1.0816974612891610,0.0849971696734428,0.0849716812372208
1.0817974702916817,0.0849971696734428,0.0849716812372208
1.0818974792942027,0.0849971696734428,0.0849716663360596
1.0819974882967234,0.0849971696734428,0.0849716663360596
1.0820974972992439,0.0849971696734428,0.0849716663360596
1.0821975063017646,0.0849971696734428,0.0849716663360596
1.0822975153042853,0.0849971696734428,0.0849716663360596
1.0823975243068060,0.0849971696734428,0.0849716663360596
1.0824975333093270,0.0849971696734428,0.0849716663360596
1.0825975423118475,0.0849971696734428,0.0849716663360596
1.0826975513143682,0.0849971696734428,0.0849716663360596
1.0827975603168889,0.0849971696734428,0.0849716663360596
1.0828975693194096,0.0849971696734428,0.0849716663360596
1.0829975783219301,0.0849971696734428,0.0849716663360596
1.0830975873244510,0.0849971696734428,0.0849716812372208
1.0831975963269718,0.0849971696734428,0.0849716812372208
1.0832976053294925,0.0849971696734428,0.0849716812372208
1.0833976143320130,0.0849971696734428,0.0849716812372208
1.0834976233345337,0.0849971696734428,0.0849716663360596
1.0835976323370546,0.0849971696734428,0.0849716663360596
1.0836976413395754,0.0849971696734428,0.0849716812372208
1.0837976503420959,0.0849971696734428,0.0849716663360596
1.0838976593446166,0.0849971696734428,0.0849716812372208
1.0839976683471373,0.0849971696734428,0.0849716663360596
1.0840976773496580,0.0849971696734428,0.0849716663360596
1.0841976863521787,0.0849971696734428,0.0849716812372208
1.0842976953546994,0.0849971696734428,0.0849716812372208
1.0843977043572202,0.0849971696734428,0.0849716663360596
1.0844977133597409,0.0849971696734428,0.0849716663360596
1.0845977223622616,0.0849971696734428,0.0849716812372208
1.0846977313647823,0.0849971696734428,0.0849716812372208
1.0847977403673030,0.0849971696734428,0.0849716812372208
1.0848977493698237,0.0849971696734428,0.0849716663360596
1.0849977583723445,0.0849971696734428,0.0849716812372208
1.0850977673748650,0.0849971696734428,0.0849716812372208
1.0851977763773857,0.0849971696734428,0.0849716812372208
1.0852977853799066,0.0849971696734428,0.0849716812372208
1.0853977943824273,0.0849971696734428,0.0849716663360596
1.0854978033849478,0.0849971696734428,0.0849716812372208
1.0855978123874686,0.0849971696734428,0.0849716663360596
1.0856978213899893,0.0849971696734428,0.0849716812372208
1.0857978303925102,0.0849971696734428,0.0849716663360596
1.0858978393950307,0.0849971696734428,0.0849716663360596
1.0859978483975514,0.0849971696734428,0.0849716812372208
1.0860978574000721,0.0849971696734428,0.0849716663360596
1.0861978664025929,0.0849971696734428,0.0849716812372208
1.0862978754051136,0.0849971696734428,0.0849716812372208
1.0863978844076343,0.0849971696734428,0.0849716663360596
1.0864978934101550,0.0849971696734428,0.0849716812372208
1.0865979024126757,0.0849971696734428,0.0849716812372208
1.0866979114151964,0.0849971696734428,0.0849716812372208
1.0867979204177169,0.0849971696734428,0.0849716812372208
1.0868979294202379,0.0849971696734428,0.0849716663360596
1.0869979384227586,0.0849971696734428,0.0849716663360596
1.0870979474252793,0.0849971696734428,0.0849716812372208
1.0871979564277998,0.0849971696734428,0.0849716812372208
1.0872979654303205,0.0849971696734428,0.0849716663360596
1.0873979744328413,0.0849971696734428,0.0849716663360596
1.0874979834353622,0.0849971696734428,0.0849716812372208
1.0875979924378827,0.0849971696734428,0.0849716663360596
1.0876980014404034,0.0849971696734428,0.0849716812372208
1.0877980104429241,0.0849971696734428,0.0849716663360596
1.0878980194454448,0.0849971696734428,0.0849716663360596
1.0879980284479658,0.0849971696734428,0.0849716663360596
1.0880980374504863,0.0849971696734428,0.0849716663360596
1.0881980464530070,0.0849971696734428,0.0849716663360596
1.0882980554555277,0.0849971696734428,0.0849716812372208
1.0883980644580484,0.0849971696734428,0.0849716663360596
1.0884980734605689,0.0849971696734428,0.0849716663360596
1.0885980824630899,0.0849971696734428,0.0849716663360596
1.0886980914656106,0.0849971696734428,0.0849716663360596
1.0887981004681313,0.0849971696734428,0.0849716663360596
1.0888981094706518,0.0849971696734428,0.0849716663360596
1.0889981184731725,0.0849971696734428,0.0849716663360596
1.0890981274756935,0.0849971696734428,0.0849716663360596
1.0891981364782142,0.0849971696734428,0.0849716663360596
1.0892981454807347,0.0849971696734428,0.0849716663360596
1.0893981544832554,0.0849971696734428,0.0849716663360596
1.0894981634857761,0.0849971696734428,0.0849716663360596
1.0895981724882968,0.0849971696734428,0.0849716663360596
1.0896981814908178,0.0849971696734428,0.0849716663360596
1.0897981904933383,0.0849971696734428,0.0849716663360596
1.0898981994958590,0.0849971696734428,0.0849716663360596
1.0899982084983797,0.0849971696734428,0.0849716663360596
1.0900982175009004,0.0849971696734428,0.0849716812372208
1.0901982265034211,0.0849971696734428,0.0849716663360596
1.0902982355059418,0.0849971696734428,0.0849716663360596
1.0903982445084626,0.0849971696734428,0.0849716663360596
1.0904982535109833,0.0849971696734428,0.0849716812372208
1.0905982625135038,0.0849971696734428,0.0849716663360596
1.0906982715160245,0.0849971696734428,0.0849716812372208
1.0907982805185454,0.0849971696734428,0.0849716663360596
1.0908982895210662,0.0849971696734428,0.0849716663360596
1.0909982985235867,0.0849971696734428,0.0849716663360596
1.0910983075261074,0.0849971696734428,0.0849716663360596
1.0911983165286281,0.0849971696734428,0.0849716663360596
1.0912983255311490,0.0849971696734428,0.0849716663360596
1.0913983345336697,0.0849971696734428,0.0849716663360596
1.0914983435361902,0.0849971696734428,0.0849716812372208
1.0915983525387110,0.0849971696734428,0.0849716663360596
1.0916983615412317,0.0849971696734428,0.0849716663360596
1.0917983705437524,0.0849971696734428,0.0849716663360596
1.0918983795462731,0.0849971696734428,0.0849716812372208
1.0919983885487938,0.0849971696734428,0.0849971696734428
1.0920983975513145,0.0849971696734428,0.0849716663360596
1.0921984065538353,0.0849971696734428,0.0849716812372208
1.0922984155563558,0.0849971696734428,0.0849716663360596
1.0923984245588767,0.0849971696734428,0.0849716663360596
1.0924984335613974,0.0849971696734428,0.0849716663360596
1.0925984425639181,0.0849971696734428,0.0849716812372208
1.0926984515664386,0.0849971696734428,0.0849716663360596
1.0927984605689594,0.0849971696734428,0.0849716663360596
1.0928984695714801,0.0849971696734428,0.0849716663360596
1.0929984785740010,0.0849971696734428,0.0849716663360596
1.0930984875765217,0.0849971696734428,0.0849716812372208
1.0931984965790422,0.0849971696734428,0.0849716663360596
1.0932985055815629,0.0849971696734428,0.0849716663360596
1.0933985145840837,0.0849971696734428,0.0849716663360596
1.0934985235866046,0.0849971696734428,0.0849716663360596
1.0935985325891251,0.0849971696734428,0.0849716663360596
1.0936985415916458,0.0849971696734428,0.0849716663360596
1.0937985505941665,0.0849971696734428,0.0849716663360596
1.0938985595966872,0.0849971696734428,0.0849716663360596
1.0939985685992077,0.0849971696734428,0.0849716663360596
1.0940985776017287,0.0849971696734428,0.0849716663360596
1.0941985866042494,0.0849971696734428,0.0849716663360596
1.0942985956067701,0.0849971696734428,0.0849716663360596
1.0943986046092906,0.0849971696734428,0.0849716663360596
1.0944986136118113,0.0849971696734428,0.0849716663360596
1.0945986226143323,0.0849971696734428,0.0849716663360596
1.0946986316168530,0.0849971696734428,0.0849716663360596
1.0947986406193737,0.0849971696734428,0.0849716663360596
1.0948986496218942,0.0849971696734428,0.0849716663360596
1.0949986586244149,0.0849971696734428,0.0849716663360596
1.0950986676269356,0.0849971696734428,0.0849716663360596
1.0951986766294566,0.0849971696734428,0.0849716663360596
1.0952986856319771,0.0849971696734428,0.0849716663360596
1.0953986946344978,0.0849971696734428,0.0849716663360596
1.0954987036370185,0.0849971696734428,0.0849716663360596
1.0955987126395392,0.0849971696734428,0.0849716663360596
1.0956987216420599,0.0849971696734428,0.0849716663360596
1.0957987306445807,0.0849971696734428,0.0849716812372208
1.0958987396471014,0.0849971696734428,0.0849716812372208
1.0959987486496221,0.0849971696734428,0.0849716663360596
1.0960987576521426,0.0849971696734428,0.0849716663360596
1.0961987666546633,0.0849971696734428,0.0849716663360596
1.0962987756571843,0.0849971696734428,0.0849716663360596
1.0963987846597050,0.0849971696734428,0.0849716812372208
1.0964987936622257,0.0849971696734428,0.0849716812372208
1.0965988026647462,0.0849971696734428,0.0849716812372208
1.0966988116672669,0.0849971696734428,0.0849716812372208
1.0967988206697878,0.0849971696734428,0.0849716812372208
1.0968988296723086,0.0849971696734428,0.0849716663360596
1.0969988386748291,0.0849971696734428,0.0849716663360596
1.0970988476773498,0.0849971696734428,0.0849716812372208
1.0971988566798705,0.0849971696734428,0.0849716663360596
1.0972988656823912,0.0849971696734428,0.0849716663360596
1.0973988746849119,0.0849971696734428,0.0849716812372208
1.0974988836874326,0.0849971696734428,0.0849716663360596
1.0975988926899534,0.0849971696734428,0.0849716663360596
1.0976989016924741,0.0849971696734428,0.0849716663360596
1.0977989106949946,0.0849971696734428,0.0849716663360596
1.0978989196975155,0.0849971696734428,0.0849716663360596
1.0979989287000362,0.0849971696734428,0.0849716812372208
1.0980989377025570,0.0849971696734428,0.0849716663360596
1.0981989467050775,0.0849971696734428,0.0849716663360596
1.0982989557075982,0.0849971696734428,0.0849716663360596
1.0983989647101189,0.0849971696734428,0.0849716663360596
1.0984989737126398,0.0849971696734428,0.0849716663360596
1.0985989827151605,0.0849971696734428,0.0849716812372208
1.0986989917176810,0.0849971696734428,0.0849716663360596
1.0987990007202018,0.0849971696734428,0.0849716663360596
1.0988990097227225,0.0849971696734428,0.0849716663360596
1.0989990187252434,0.0849971696734428,0.0849716663360596
1.0990990277277639,0.0849971696734428,0.0849716812372208
1.0991990367302846,0.0849971696734428,0.0849716812372208
1.0992990457328053,0.0849971696734428,0.0849716663360596
1.0993990547353261,0.0849971696734428,0.0849716812372208
1.0994990637378466,0.0849971696734428,0.0849716812372208
1.0995990727403675,0.0849971696734428,0.0849716812372208
1.0996990817428882,0.0849971696734428,0.0849716812372208
1.0997990907454089,0.0849971696734428,0.0849716812372208
1.0998990997479294,0.0849971696734428,0.0849716663360596
1.0999991087504501,0.0849971696734428,0.0849716812372208
1.1000991177529711,0.0849971696734428,0.0849716663360596
1.1001991267554918,0.0849971696734428,0.0849716812372208
1.1002991357580125,0.0849971696734428,0.0849716812372208
1.1003991447605330,0.0849971696734428,0.0849716812372208
1.1004991537630537,0.0849971696734428,0.0849716812372208
1.1005991627655745,0.0849971696734428,0.0849716812372208
1.1006991717680954,0.0849971696734428,0.0849716812372208
1.1007991807706159,0.0849971696734428,0.0849716663360596
1.1008991897731366,0.0849971696734428,0.0849716663360596
1.1009991987756573,0.0849971696734428,0.0849716812372208
1.1010992077781780,0.0849971696734428,0.0849716812372208
1.1011992167806985,0.0849971696734428,0.0849716812372208
1.1012992257832195,0.0849971696734428,0.0849716812372208
1.1013992347857402,0.0849971696734428,0.0849716812372208
1.1014992437882609,0.0849971696734428,0.0849716812372208
1.1015992527907814,0.0849971696734428,0.0849716812372208
1.1016992617933021,0.0849971696734428,0.0849716812372208
1.1017992707958231,0.0849971696734428,0.0849716812372208
1.1018992797983438,0.0849971696734428,0.0849716812372208
1.1019992888008645,0.0849971696734428,0.0849716812372208
1.1020992978033850,0.0849971696734428,0.0849716812372208
1.1021993068059057,0.0849971696734428,0.0849716812372208
1.1022993158084264,0.0849971696734428,0.0849716812372208
1.1023993248109474,0.0849971696734428,0.0849716812372208
1.1024993338134679,0.0849971696734428,0.0849716663360596
1.1025993428159886,0.0849971696734428,0.0849716812372208
1.1026993518185093,0.0849971696734428,0.0849716812372208
1.1027993608210300,0.0849971696734428,0.0849716663360596
1.1028993698235507,0.0849971696734428,0.0849716812372208
1.1029993788260715,0.0849971696734428,0.0849716812372208
1.1030993878285922,0.0849971696734428,0.0849716663360596
1.1031993968311129,0.0849971696734428,0.0849716812372208
1.1032994058336334,0.0849971696734428,0.0849716812372208
1.1033994148361541,0.0849971696734428,0.0849716663360596
1.1034994238386751,0.0849971696734428,0.0849716812372208
1.1035994328411958,0.0849971696734428,0.0849716812372208
1.1036994418437165,0.0849971696734428,0.0849716663360596
1.1037994508462370,0.0849971696734428,0.0849716812372208
1.1038994598487577,0.0849971696734428,0.0849716812372208
1.1039994688512786,0.0849971696734428,0.0849716812372208
1.1040994778537994,0.0849971696734428,0.0849716812372208
1.1041994868563199,0.0849971696734428,0.0849716812372208
1.1042994958588406,0.0849971696734428,0.0849716812372208
1.1043995048613613,0.0849971696734428,0.0849716812372208
1.1044995138638820,0.0849971696734428,0.0849716812372208
1.1045995228664027,0.0849971696734428,0.0849716812372208
1.1046995318689234,0.0849971696734428,0.0849716663360596
1.1047995408714442,0.0849971696734428,0.0849716812372208
1.1048995498739649,0.0849971696734428,0.0849716812372208
1.1049995588764854,0.0849971696734428,0.0849716812372208
1.1050995678790063,0.0849971696734428,0.0849716812372208
1.1051995768815270,0.0849971696734428,0.0849716812372208
1.1052995858840478,0.0849971696734428,0.0849716812372208
1.1053995948865685,0.0849971696734428,0.0849716812372208
1.1054996038890890,0.0849971696734428,0.0849716812372208
1.1055996128916097,0.0849971696734428,0.0849716812372208
1.1056996218941306,0.0849971696734428,0.0849716812372208
1.1057996308966513,0.0849971696734428,0.0849716812372208
1.1058996398991718,0.0849971696734428,0.0849716812372208
1.1059996489016926,0.0849971696734428,0.0849716812372208
1.1060996579042133,0.0849971696734428,0.0849716812372208
1.1061996669067342,0.0849971696734428,0.0849716812372208
1.1062996759092547,0.0849971696734428,0.0849716812372208
1.1063996849117754,0.0849971696734428,0.0849716812372208
1.1064996939142961,0.0849971696734428,0.0849716812372208
1.1065997029168169,0.0849971696734428,0.0849716812372208
1.1066997119193374,0.0849971696734428,0.0849716812372208
1.1067997209218583,0.0849971696734428,0.0849716812372208
1.1068997299243790,0.0849971696734428,0.0849716812372208
1.1069997389268997,0.0849971696734428,0.0849716663360596
1.1070997479294205,0.0849971696734428,0.0849716812372208
1.1071997569319409,0.0849971696734428,0.0849716812372208
1.1072997659344619,0.0849971696734428,0.0849716812372208
1.1073997749369826,0.0849971696734428,0.0849716812372208
1.1074997839395033,0.0849971696734428,0.0849716812372208
1.1075997929420238,0.0849971696734428,0.0849716663360596
1.1076998019445445,0.0849971696734428,0.0849716663360596
1.1077998109470653,0.0849971696734428,0.0849716663360596
1.1078998199495862,0.0849971696734428,0.0849716663360596
1.1079998289521067,0.0849971696734428,0.0849716663360596
1.1080998379546274,0.0849971696734428,0.0849716663360596
1.1081998469571481,0.0849971696734428,0.0849716812372208
1.1082998559596688,0.0849971696734428,0.0849716663360596
1.1083998649621896,0.0849971696734428,0.0849716663360596
1.1084998739647103,0.0849971696734428,0.0849716812372208
1.1085998829672310,0.0849971696734428,0.0849716812372208
1.1086998919697517,0.0849971696734428,0.0849716663360596
1.1087999009722724,0.0849971696734428,0.0849716812372208
1.1088999099747929,0.0849971696734428,0.0849716812372208
1.1089999189773139,0.0849971696734428,0.0849716812372208
1.1090999279798346,0.0849971696734428,0.0849716812372208
1.1091999369823553,0.0849971696734428,0.0849716663360596
1.1092999459848758,0.0849971696734428,0.0849716663360596
1.1093999549873965,0.0849971696734428,0.0849716663360596
1.1094999639899175,0.0849971696734428,0.0849716663360596
1.1095999729924382,0.0849971696734428,0.0849716812372208
1.1096999819949587,0.0849971696734428,0.0849716663360596
1.1097999909974794,0.0849971696734428,0.0849716663360596
1.1099000000000001,0.0849971696734428,0.0849716663360596
