Shot,C1,C2,C3,C4,RMSE_R,R2_R,RMSE_Z,R2_Z
45754,-0.0004495752981881,0.4524626663152174,-0.0003936509758456,0.0044130677347006,0.009984846,0.06845,0.008210119,0.623674
45967,-0.0001456091855905,0.4592179021876571,9.355225580886382e-07,0.0077719630166374,0.01304936,0.01247,0.01335584,-0.062651
46241,-0.0002726278070585,0.4589171325630652,0.0002171099201744,0.0038978081866704,0.008690624,0.269666,0.007847797,0.045727
53071,-4.20797340092901e-05,0.4592135735145164,-9.542764798839255e-06,0.000311883817019,0.01563062,0.003533,0.01683712,-6.5e-05
53099,-0.0002245662604144768,0.4669484437836337,-0.0015697819545458765,-0.02444271964131985,0.0338544,-0.040556,0.02950485,0.049583
53105,-2.8780994803860867e-03,5.9517393854002898e-01,-4.3187735503390147e-04,1.2819612093170065e-03,3.574893e-02,-0.133645,2.328684e-02,-0.095292
