Shot,C1,C2,C3,C4,RMSE_R,R2_R,RMSE_Z,R2_Z
45754,-0.0004345191259268,0.452922558163841,-0.0003928496124038,0.0044703592906464,0.009957982,0.073455,0.008199331,0.624662
45967,-0.000140948900202,0.4590928009402553,-5.717970379812847e-06,0.0079081373746474,0.01305307,0.011908,0.01327301,-0.049512
46241,-0.0002736105110092,0.4589129671929396,0.0002092376002738,0.0038790151168892,0.008690703,0.269653,0.007844229,0.046595
53099,-0.000257352783858,0.4686161750387644,-0.0014946219846486,-0.0240736272244231,0.03367357,-0.02947,0.02930099,0.062671
53071,-5.960814646773384e-05,0.45973835752535225,-1.5211753265094331e-05,0.0004903673412635408,0.01561607,0.005387,0.01684148,-0.000583
53105,-2.8261295923207941e-03,5.9291546346979751e-01,-4.2301200492666737e-04,6.1161957123661442e-04,3.543193e-02,-0.113629,2.310829e-02,-0.078559
