Shot,C1,C2,C3,C4,RMSE_R,R2_R,RMSE_Z,R2_Z
45754,-0.0003251740240247,0.4558408584802954,-0.0003994158873041,0.0047538395611194,0.1222045,-0.023543,0.3400117,-0.038284
45967,-0.000370898648304,0.4640499697832665,0.0004127281747772,0.0148086856280583,0.1978129,-0.118143,0.2772418,-0.124987
46241,-0.0002724362981286,0.4589173588531952,0.0002130219345756,0.0038334322467919,0.1105107,0.000901,0.05459203,-0.005197
53071,0.0033167788623402,0.240974703333953,-0.0009027869974044,0.0285956082224788,4.05083,-0.000178,1.270726,3e-06
53099,0.0014516031480153427,0.46719815365692896,0.0007709054407409958,-0.033976854540594105,0.3421594,-0.089626,0.1657503,-0.075707
53105,-1.6624719098185040e-03,5.5080922023933743e-01,-4.6860822044238003e-04,2.9548235924225764e-03,2.098668e-01,-0.100729,5.309197e-02,0.019088
