Shot,C1,C2,C3,C4,RMSE_R,R2_R,RMSE_Z,R2_Z
45754,-0.0003165696793489,0.4561643392485148,-0.0003988835760804,0.004803484653488,0.1100145,-0.022924,0.2950998,-0.037171
45967,-0.0004007179392551,0.4648973594304559,0.0004209324667251,0.0154981151668213,0.163794,-0.13087,0.2311692,-0.136568
46241,-0.0002731569795593,0.4589305928652321,0.0002062261596119,0.0038400019693225,0.06442367,0.004403,0.03934643,-0.001102
53071,0.0034181304132684,0.2351862225010843,-0.0009159020361991,0.0290218328579943,3.896488,-0.000242,1.171125,0.000148
53099,0.001703517977694308,0.4583560769368773,0.0007799243885839686,-0.0339034867297808,0.3168262,-0.080027,0.1515159,-0.064447
53105,-1.5230226437083104e-03,5.4514865662863843e-01,-4.5301489209611438e-04,2.3021289110983566e-03,1.938876e-01,-0.098284,4.893301e-02,0.017300
